k,delta_chi2,chi2_null,chi2_cos,C,a,b,A,phi
0.05,0.020271005608171955,0.03204779534800304,0.011776789739831085,-10.355191894337509,10.387641515248106,0.2600416447530378,10.390895914516314,-0.025028524816063248
0.052476238119059535,0.020271005231411784,0.03204779534800304,0.011776790116591256,-9.398783083540934,9.431233430304701,0.24779883842877126,9.434488236318048,-0.026268233338284323
0.054952476238119066,0.02027100478133107,0.03204779534800304,0.011776790566671969,-8.5687292240425,8.601180331644628,0.23666068655172978,8.604435564174418,-0.027507967700658525
0.05742871435717859,0.020271004250768037,0.03204779534800304,0.011776791097235003,-7.843714621437755,7.876166524850305,0.2264842969109786,7.8794222036847215,-0.028747729174309473
0.05990495247623812,0.020271003631869774,0.03204779534800304,0.011776791716133266,-7.206735964879158,7.239188699060378,0.217150403751603,7.242444844004887,-0.029987519036458247
0.062381190595297654,0.02027100291954272,0.03204779534800304,0.01177679242846032,-6.644096241346688,6.676549841240956,0.20855867863239297,6.679806472122341,-0.031227338582822523
0.06485742871435718,0.020271002100974926,0.03204779534800304,0.011776793247028114,-6.1446622036338,6.1771167041692365,0.2006241148843877,6.180373840828705,-0.032467189091600096
0.06733366683341671,0.020271001167979377,0.03204779534800304,0.011776794180023663,-5.6993093623868845,5.731764798475979,0.19327421076434348,5.735022460775106,-0.03370707186562946
0.06980990495247624,0.020271000112414027,0.03204779534800304,0.011776795235589013,-5.300502248991194,5.332958655530291,0.18644675145763934,5.336216863352216,-0.0349469882181307
0.07228614307153577,0.02027099892410766,0.03204779534800304,0.01177679642389538,-4.941973549815941,4.974430961684021,0.18008804705356596,4.97768973493248,-0.03618693946486312
0.0747623811905953,0.02027099759154864,0.03204779534800304,0.011776797756454401,-4.618476363998127,4.65093481605598,0.1741515207846831,4.654194174655081,-0.037426926926262934
0.07723861930965484,0.020270996106279575,0.03204779534800304,0.011776799241723465,-4.3255911421397,4.3580506692302095,0.1685965689564295,4.361310633128734,-0.038666951946070734
0.07971485742871437,0.020270994455961602,0.03204779534800304,0.011776800892041438,-4.059573929777741,4.092034566724308,0.1633876329859998,4.095295155892841,-0.039907015862995325
0.0821910955477739,0.020270992629724073,0.03204779534800304,0.011776802718278967,-3.8172361246460866,3.849697906252345,0.15849343958606,3.8529591406859627,-0.041147120033378906
0.08466733366683342,0.02027099061629237,0.03204779534800304,0.01177680473171067,-3.595848478313229,3.6283114393624487,0.1538863740517069,3.631573339081449,-0.0423872658237818
0.08714357178589295,0.020270988403656414,0.03204779534800304,0.011776806944346626,-3.3930639149434114,3.425528090197659,0.14954196044662993,3.4287906752479715,-0.04362745460977206
0.08961980990495248,0.020270985979387972,0.03204779534800304,0.011776809368615068,-3.2068550666393065,3.2393204908388356,0.1454384279838461,3.2425837812927467,-0.044867687777524756
0.09209604802401201,0.02027098333085558,0.03204779534800304,0.011776812017147462,-3.0354634034333827,3.067930111295908,0.14155634735789846,3.071194127253019,-0.04610796672526116
0.09457228614307155,0.02027098044495148,0.03204779534800304,0.01177681490305156,-2.877357561834522,2.909825588054588,0.1378783241955981,2.9130903496424914,-0.04734829286224266
0.09704852426213106,0.02027097730854792,0.03204779534800304,0.011776818039455121,-2.731199019266974,2.7636683985152786,0.13438873945765728,2.766933925890718,-0.04858866761154578
0.0995247623811906,0.02027097390739084,0.03204779534800304,0.0117768214406122,-2.595813670333598,2.628284437256177,0.13107352855160492,2.6315507506050473,-0.04982909240439325
0.10200100050025013,0.0202709702279298,0.03204779534800304,0.01177682512007324,-2.470168174095221,2.502640363312942,0.12791999269683618,2.505907482852209,-0.05106956869054459
0.10447723861930966,0.020270966255317175,0.03204779534800304,0.011776829092685865,-2.353350177124689,2.3858238232324,0.12491663701600864,2.3890917692099345,-0.052310097927568376
0.10695347673836919,0.020270961974887106,0.03204779534800304,0.011776833373115934,-2.2445517046684955,2.2770268422343705,0.12205303120566846,2.2802956349303307,-0.05355068158947537
0.10942971485742872,0.02027095737133557,0.03204779534800304,0.011776837976667471,-2.143055151766376,2.1755318153311762,0.1193196890671624,2.178801475058535,-0.054791321162379406
0.11190595297648825,0.02027095242901063,0.03204779534800304,0.011776842918992409,-2.0482214200235767,2.0806996440999335,0.11670796405866746,2.0839701912053132,-0.05603201814649548
0.11438219109554779,0.020270947131944644,0.03204779534800304,0.011776848216058396,-1.959479832261433,1.9919596513331257,0.11420995840819348,1.9952311061976726,-0.057272774056722715
0.11685842921460732,0.020270941463977957,0.03204779534800304,0.011776853884025083,-1.8763195269956476,1.908800975516911,0.1118184437840628,1.912073358557302,-0.05851359042384441
0.11933466733366684,0.020270935408339772,0.03204779534800304,0.011776859939663268,-1.7982820895830933,1.8307652019778473,0.10952679182980907,1.8340385336468583,-0.05975446879216634
0.12181090545272637,0.020270928947781774,0.03204779534800304,0.011776866400221266,-1.724955221201558,1.7574400318626076,0.10732891318429783,1.7607143326498385,-0.06099541072070051
0.1242871435717859,0.02027092206502396,0.03204779534800304,0.011776873282979081,-1.6559672818741404,1.6884538251625223,0.10521920379778482,1.691729115595577,-0.06223641778649096
0.12676338169084544,0.020270914742257645,0.03204779534800304,0.011776880605745395,-1.5909825721195574,1.6234708823637547,0.10319249752036574,1.6267471830089146,-0.06347749158170021
0.12923961980990495,0.020270906961189238,0.03204779534800304,0.011776888386813802,-1.5296972413485221,1.562187352843658,0.10124402415203537,1.5654646843066033,-0.06471863371417973
0.1317158579289645,0.02027089870325133,0.03204779534800304,0.011776896644751709,-1.471835729586779,1.5043276765938884,0.09936937222813125,1.5076060595206493,-0.06595984580935896
0.134192096048024,0.020270889949522225,0.03204779534800304,0.011776905398480815,-1.4171476644701375,1.4496414812153837,0.09756445591910401,1.4529209362932047,-0.06720112951002762
0.13666833416708357,0.020270880680696997,0.03204779534800304,0.011776914667306043,-1.3654051481791,1.3979008688530037,0.09582548552977466,1.401181416811185,-0.06844248647650564
0.13914457228614308,0.02027087087701044,0.03204779534800304,0.0117769244709926,-1.3164003792883001,1.3488980380449291,0.09414894114775052,1.3521796996555975,-0.06968391838645865
0.1416208104052026,0.02027086051838315,0.03204779534800304,0.01177693482961989,-1.2699435631322036,1.3024431940883794,0.09253154906042482,1.3057259901674094,-0.07092542693632116
0.14409704852426214,0.020270849584355283,0.03204779534800304,0.011776945763647757,-1.22586107131783,1.2583627085523315,0.09097026059979152,1.2616466599602099,-0.07216701384124558
0.14657328664332167,0.020270838054093514,0.03204779534800304,0.011776957293909526,-1.183993817034528,1.2164974945872924,0.0894622331327688,1.2197826222299861,-0.07340868083545753
0.1490495247623812,0.020270825906323772,0.03204779534800304,0.011776969441679268,-1.1441958177069917,1.176701569578265,0.08800481294538742,1.1799878944080338,-0.07465042967217304
0.15152576288144073,0.020270813119395454,0.03204779534800304,0.011776982228607586,-1.1063329207226253,1.1388407808721546,0.08659551980727409,1.1421283238884283,-0.07589226212442274
0.15400200100050027,0.02027079967134444,0.03204779534800304,0.011776995676658599,-1.0702816714153158,1.1027916737615087,0.08523203302547189,1.1060804560118422,-0.07713417998603442
0.1564782391195598,0.02027078553975138,0.03204779534800304,0.011777009808251662,-1.0359283054191923,1.068440483838284,0.08391217881877844,1.0717305264191652,-0.07837618507080323
0.15895447723861933,0.02027077070181148,0.03204779534800304,0.011777024646191559,-1.0031678500584835,1.0356822383836697,0.0826339188758487,1.0389735624414072,-0.07961827921345756
0.16143071535767883,0.020270755134384297,0.03204779534800304,0.011777040213618743,-0.9719033214732002,1.0044199534937928,0.08139533996605364,1.007712580225464,-0.0808604642705393
0.1639069534767384,0.020270738813861246,0.03204779534800304,0.011777056534141794,-0.9420450059845118,0.97456391544506,0.08019464448899427,0.9778578660993235,-0.08210274211958472
0.1663831915957979,0.020270721716313327,0.03204779534800304,0.011777073631689713,-0.9135098157880934,0.9460310363875166,0.07903014187252722,0.9493263322655864,-0.08334511466087503
0.16885942971485746,0.020270703817338028,0.03204779534800304,0.011777091530665012,-0.8862207102686765,0.9187442756593596,0.0779002407228111,0.9220409381158264,-0.08458758381643151
0.17133566783391696,0.020270685092231972,0.03204779534800304,0.011777110255771068,-0.8601061754582142,0.8926321192451434,0.07680344166018349,0.8959301696889804,-0.08583015153202003
0.17381190595297652,0.020270665515823356,0.03204779534800304,0.011777129832179684,-0.8350997550036068,0.8676281107434365,0.07573833076220038,0.8709275706388387,-0.08707281977600964
0.17628814407203602,0.020270645062558414,0.03204779534800304,0.011777150285444626,-0.8111396269448008,0.8436704281449536,0.07470357356312074,0.8469713190122732,-0.08831559054057912
0.17876438219109558,0.02027062370651743,0.03204779534800304,0.01177717164148561,-0.788168221236762,0.8207015013545131,0.07369790955106059,0.8240038447712171,-0.08955846584229706
0.1812406203101551,0.020270601421325685,0.03204779534800304,0.011777193926677355,-0.766131873590723,0.798667666032248,0.0727201471147263,0.8019714836337922,-0.09080144772168293
0.18371685842921465,0.020270578180246496,0.03204779534800304,0.011777217167756544,-0.7449805117659158,0.7775188498853609,0.07176915890141777,0.7808241633661649,-0.0920445382445218
0.18619309654827415,0.02027055395611458,0.03204779534800304,0.01177724139188846,-0.7246673708582154,0.7572082879567414,0.07084387754318788,0.7605151190711027,-0.09328773950163906
0.18866933466733365,0.020270528721387765,0.03204779534800304,0.011777266626615275,-0.7051487345807654,0.737692263905589,0.06994329172122549,0.7410006344686579,-0.0945310536098491
0.19114557278639321,0.020270502448107228,0.03204779534800304,0.011777292899895812,-0.6863836998461217,0.7189298745895432,0.06906644253487104,0.7222398064782631,-0.09577448271198659
0.19362181090545272,0.020270475107873775,0.03204779534800304,0.011777320240129265,-0.6683339622887798,0.7008828155871836,0.06821242014947948,0.7041943307412146,-0.09701802897708021
0.19609804902451228,0.020270446671929575,0.03204779534800304,0.011777348676073465,-0.6509636206314808,0.6835151855643602,0.06738036069968933,0.6868283059870945,-0.0982616946016574
0.19857428714357178,0.020270417111070756,0.03204779534800304,0.011777378236932284,-0.6342389980103813,0.6667933075993231,0.06656944342211613,0.6701080553588173,-0.09950548180925324
0.20105052526263134,0.020270386395685194,0.03204779534800304,0.011777408952317846,-0.6181284786166192,0.6506855658242836,0.06577888800161324,0.654001963054238,-0.10074939285125874
0.20352676338169085,0.020270354495751243,0.03204779534800304,0.011777440852251797,-0.6026023581625073,0.6351622558916077,0.06500795211072308,0.6384803247923512,-0.10199343000734833
0.2060030015007504,0.020270321380833917,0.03204779534800304,0.011777473967169123,-0.5876327068535407,0.6201954479457981,0.06425592912659217,0.6235152107852788,-0.10323759558591289
0.2084792396198099,0.020270287020090913,0.03204779534800304,0.011777508327912127,-0.5731932436853886,0.6057588609204858,0.06352214601067985,0.6090803400352753,-0.10448189192456984
0.21095547773886947,0.02027025138222266,0.03204779534800304,0.01177754396578038,-0.5592592210053877,0.5918277470998965,0.06280596133709637,0.5951509648961479,-0.10572632139003306
0.21343171585792897,0.02027021443555175,0.03204779534800304,0.011777580912451291,-0.5458073184013306,0.5783787860076459,0.06210676345985555,0.5817037649621469,-0.10697088637952717
0.21590795397698853,0.02027017614794516,0.03204779534800304,0.01177761920005788,-0.5328155450513887,0.5653899867566334,0.061423968804237616,0.5687167494177836,-0.10821558932031655
0.21838419209604804,0.020270136486871152,0.03204779534800304,0.011777658861131888,-0.5202631497874353,0.5528405981123661,0.060757020276094864,0.5561691671012233,-0.10946043267086353
0.2208604302151076,0.020270095419353994,0.03204779534800304,0.011777699928649046,-0.5081305381716703,0.5407110255695597,0.06010538577690394,0.5440414235808478,-0.11070541892075766
0.2233366683341671,0.02027005291199181,0.03204779534800304,0.011777742436011231,-0.49639919597625015,0.5289827548317603,0.05946855681837648,0.5323150046349048,-0.11195055059141548
0.22581290645322666,0.02027000893095927,0.03204779534800304,0.01177778641704377,-0.48505161850335643,0.5176382811314055,0.05884604722800857,0.5209724055715783,-0.11319583023656193
0.22828914457228616,0.02026996344199286,0.03204779534800304,0.011777831906010179,-0.4740712452418907,0.5066610438864938,0.05823739193873989,0.5099970658856559,-0.1144412604425933
0.23076538269134567,0.020269916410399758,0.03204779534800304,0.011777878937603282,-0.4634423994066448,0.49603536623975186,0.05764214585673311,0.49937330879771064,-0.11568684382912252
0.23324162081040523,0.020269867801047933,0.03204779534800304,0.011777927546955107,-0.4531502319459313,0.4857463990662474,0.057059882801117845,0.4890862852617147,-0.11693258304937669
0.23571785892946473,0.0202698175783754,0.03204779534800304,0.011777977769627641,-0.4431806696456335,0.4757800690774239,0.05649019451076409,0.47912192206909315,-0.11817848079081329
0.2381940970485243,0.02026976570637088,0.03204779534800304,0.01177802964163216,-0.4335203669887009,0.466123030680585,0.05593268971267562,0.4694668737081969,-0.1194245397753599
0.2406703351675838,0.020269712148586427,0.03204779534800304,0.011778083199416613,-0.4241566614653025,0.45676262128902856,0.05538699324828189,0.4601084776744607,-0.12067076276010902
0.24314657328664335,0.02026965686812984,0.03204779534800304,0.0117781384798732,-0.4150775320515323,0.44768681980074376,0.05485274525285211,0.45103471294910097,-0.12191715253769386
0.24562281140570286,0.020269599827665772,0.03204779534800304,0.011778195520337268,-0.4062715606038563,0.43888420799284056,0.054329600384685484,0.4422341613935569,-0.12316371193684976
0.24809904952476242,0.02026954098941109,0.03204779534800304,0.01177825435859195,-0.3977278959369437,0.43034393459936116,0.053817227100384946,0.43369597182730857,-0.12441044382287711
0.2505752876438219,0.020269480315129533,0.03204779534800304,0.011778315032873507,-0.38943622037392545,0.42205568186153397,0.05331530697306386,0.4254098265781321,-0.1256573510980486
0.2530515257628815,0.02026941776613906,0.03204779534800304,0.01177837758186398,-0.3813867185772488,0.41400963435860305,0.05282353405077628,0.41736591031295034,-0.1269044367022877
0.255527763881941,0.02026935330330233,0.03204779534800304,0.011778442044700708,-0.37357004848282394,0.4061964499419617,0.05234161425203754,0.4095548809719666,-0.12815170361356062
0.25800400200100054,0.020269286887020344,0.03204779534800304,0.011778508460982696,-0.3659773141775804,0.39860723261269504,0.05186926479617959,0.4019678426462089,-0.12939915484829712
0.26048024012006005,0.02026921847724895,0.03204779534800304,0.01177857687075409,-0.3586000405741372,0.3912335071962336,0.05140621366647341,0.39459632025221486,-0.13064679346220798
0.2629564782391196,0.020269148033470557,0.03204779534800304,0.011778647314532483,-0.35143014974530407,0.38406719567683445,0.050952199103089624,0.38743223586649156,-0.13189462255040144
0.2654327163581791,0.02026907551471608,0.03204779534800304,0.01177871983328696,-0.3444599387985321,0.3771005950720203,0.05050696912497471,0.38046788659999015,-0.13314264524826505
0.2679089544772386,0.020269000879546858,0.03204779534800304,0.011778794468456182,-0.3376820591738432,0.3703263567304882,0.05007028107783107,0.3736959238960064,-0.13439086473175924
0.2703851925962982,0.02026892408605757,0.03204779534800304,0.011778871261945469,-0.3310894972634906,0.3637374669517559,0.04964190120714679,0.3671093341498413,-0.1356392842180205
0.2728614307153577,0.02026884509188175,0.03204779534800304,0.01177895025612129,-0.3246755562572352,0.357327228831418,0.04922160425450711,0.3607014205540753,-0.13688790696602315
0.27533766883441724,0.020268763854171683,0.03204779534800304,0.011779031493831357,-0.3184338391245065,0.35108924524329077,0.048809173075423706,0.35446578608070234,-0.13813673627683332
0.27781390695347674,0.020268680329612897,0.03204779534800304,0.011779115018390143,-0.3123582326547254,0.34501740287971727,0.04840439827796006,0.34839631752146366,-0.1393857754944265
0.2802901450725363,0.02026859447441358,0.03204779534800304,0.011779200873589461,-0.30644289247939227,0.3391058572736372,0.048007077880251936,0.342487170509917,-0.14063502800609354
0.2827663831915958,0.020268506244307965,0.03204779534800304,0.011779289103695075,-0.3006822290087421,0.33334901873522216,0.04761701698617632,0.3367327554580892,-0.14188449724310365
0.28524262131065536,0.02026841559454271,0.03204779534800304,0.011779379753460328,-0.29507089421871413,0.32774153913882875,0.04723402747773103,0.33112772434342536,-0.1431341866810614
0.28771885942971487,0.020268322479889994,0.03204779534800304,0.011779472868113046,-0.28960376923132025,0.3222782995033472,0.04685792772357439,0.3256669582891652,-0.14438409984073486
0.2901950975487744,0.02026822685463215,0.03204779534800304,0.01177956849337089,-0.2842759526328179,0.3169543983103541,0.04648854230220806,0.320345555882492,-0.1456342402884111
0.29267133566783393,0.02026812867256491,0.03204779534800304,0.01177966667543813,-0.27908274948133327,0.31176514051171755,0.0461257017393884,0.31515882218215313,-0.14688461163655525
0.2951475737868935,0.020268027886998184,0.03204779534800304,0.011779767461004856,-0.27401966095726016,0.3067060271799763,0.04576924225873957,0.31010225836885413,-0.1481352175444522
0.297623811905953,0.02026792445074522,0.03204779534800304,0.011779870897257821,-0.26908237461357265,0.30177274575863156,0.04541900554469985,0.3051715519955508,-0.149386061718634
0.3001000500250125,0.020267818316127013,0.03204779534800304,0.011779977031876027,-0.26426675518737164,0.29696116087367297,0.045074838517362936,0.30036256779899495,-0.15063714791361313
0.30257628814407206,0.020267709434966964,0.03204779534800304,0.011780085913036076,-0.25956883593534485,0.29226730566901893,0.044736593118262835,0.29567133903518067,-0.15188847993239657
0.30505252626313156,0.02026759775859023,0.03204779534800304,0.01178019758941281,-0.2549848104597012,0.28768737363243135,0.04440412610665434,0.29109405930527305,-0.15314006162713337
0.3075287643821911,0.020267483237818178,0.03204779534800304,0.011780312110184862,-0.2505110249928376,0.2832177108801577,0.04407729886558598,0.28662707484025784,-0.15439189689966562
0.3100050025012506,0.0202673658229676,0.03204779534800304,0.01178042952503544,-0.24614397111178066,0.2788548088713546,0.043755977217311726,0.2822668772153786,-0.15564398970217175
0.3124812406203102,0.02026724546385033,0.03204779534800304,0.01178054988415271,-0.24188027885516183,0.2745952975250401,0.04344003124747914,0.2780100964671018,-0.15689634403781108
0.3149574787393697,0.020267122109765588,0.03204779534800304,0.011780673238237453,-0.23771671021733665,0.27043593871419036,0.043129335137555624,0.2738534945872207,-0.15814896396126568
0.31743371685842925,0.020266995709501058,0.03204779534800304,0.011780799638501982,-0.23365015299656855,0.26637362011390175,0.04282376700516999,0.2697939593710325,-0.15940185357942946
0.31990995497748875,0.02026686621132942,0.03204779534800304,0.01178092913667362,-0.22967761497512407,0.2624053493814641,0.042523208751826636,0.26582849859742214,-0.16065501705201218
0.3223861930965483,0.020266733563007084,0.03204779534800304,0.011781061784995956,-0.2257962184111526,0.2585282486482161,0.04222754591767225,0.2619542345207326,-0.16190845859222971
0.3248624312156078,0.020266597711766976,0.03204779534800304,0.011781197636236064,-0.2220031948231741,0.2547395493040102,0.04193666754283776,0.2581683986552358,-0.1631621824673435
0.3273386693346673,0.02026645860432148,0.03204779534800304,0.01178133674368156,-0.21829588004992928,0.2510365870570408,0.041650466035166867,0.2544683268349792,-0.16441619299941063
0.3298149074537269,0.020266316186855093,0.03204779534800304,0.011781479161147947,-0.21467170956867676,0.24741679725211474,0.04136883704382699,0.2508514545320652,-0.16567049456587724
0.3322911455727864,0.020266170405025697,0.03204779534800304,0.011781624942977343,-0.21112821405695015,0.24387771043238649,0.04109167933862923,0.24731531241840177,-0.16692509160029603
0.33476738369184594,0.020266021203957905,0.03204779534800304,0.011781774144045135,-0.20766301518310493,0.24041694812988001,0.04081889469464345,0.24385752215623327,-0.1681799885929129
0.33724362181090545,0.02026586852824236,0.03204779534800304,0.011781926819760681,-0.20427382161257224,0.23703221887171633,0.04055038778195941,0.24047579240438427,-0.16943519009140995
0.339719859929965,0.020265712321933513,0.03204779534800304,0.011782083026069527,-0.20095842521706997,0.23372131438930144,0.04028606606023555,0.2371679150274597,-0.17069070070156175
0.3421960980490245,0.020265552528543757,0.03204779534800304,0.011782242819459283,-0.1977146974750944,0.23048210601879127,0.04002583967781653,0.233931761496321,-0.17194652508788497
0.34467233616808407,0.020265389091045534,0.03204779534800304,0.011782406256957506,-0.1945405860529228,0.2273125412820689,0.039769621375254666,0.23076527946908174,-0.17320266797441816
0.3471485742871436,0.02026522195186345,0.03204779534800304,0.011782573396139591,-0.1914341115555256,0.2242106406376297,0.0395173263928843,0.22766648954200105,-0.1744591341453256
0.34962481240620313,0.020265051052874156,0.03204779534800304,0.011782744295128884,-0.18839336443814236,0.22117449439213155,0.039268872382386244,0.2246334821610509,-0.17571592844565553
0.35210105052526264,0.02026487633540232,0.03204779534800304,0.011782919012600718,-0.1854165020692793,0.21820225976336577,0.03902417932205113,0.2216644146848992,-0.176973055782023
0.3545772886443222,0.020264697740218312,0.03204779534800304,0.011783097607784728,-0.18250174593682433,0.2152921580863439,0.03878316943561355,0.21875750859101226,-0.17823052112335105
0.3570535267633817,0.020264515207534608,0.03204779534800304,0.011783280140468432,-0.17964737898928618,0.21244247215451023,0.03854576711444743,0.21591104681688028,-0.17948832950157093
0.35952976488244126,0.020264328677004326,0.03204779534800304,0.011783466670998714,-0.17685174310482843,0.20965154368874667,0.03831189884300157,0.21312337122903915,-0.1807464860123969
0.36200600300150076,0.02026413808771481,0.03204779534800304,0.011783657260288231,-0.1741132366809684,0.2069177709270444,0.03808149312724948,0.21039288021275238,-0.18200499581598045
0.3644822411205603,0.020263943378188994,0.03204779534800304,0.011783851969814046,-0.171430312338669,0.2042396063285663,0.03785448042612474,0.2077180263760938,-0.18326386413775692
0.36695847923961983,0.020263744486378757,0.03204779534800304,0.011784050861624283,-0.16880147473435758,0.20161555438563716,0.03763079308566561,0.20509731436194867,-0.18452309626911503
0.36943471735867933,0.02026354134966366,0.03204779534800304,0.011784253998339381,-0.16622527847435875,0.19904416953814696,0.0374103652758519,0.20252929876243403,-0.18578269756819019
0.3719109554777389,0.020263333904846716,0.03204779534800304,0.011784461443156324,-0.16370032612615726,0.19652405418478353,0.03719313292994736,0.20001258213014617,-0.18704267346061856
0.3743871935967984,0.020263122088153406,0.03204779534800304,0.011784673259849634,-0.16122526632147788,0.19405385678608245,0.0369790336862674,0.19754581308122804,-0.18830302944034127
0.37686343171585795,0.020262905835225276,0.03204779534800304,0.011784889512777764,-0.1587987919462424,0.19163227005435357,0.03676800683220907,0.1951276844853084,-0.18956377107032396
0.37933966983491746,0.020262685081119572,0.03204779534800304,0.011785110266883468,-0.1564196384130621,0.18925802922614154,0.036559993250515094,0.19275693173798125,-0.19082490398339852
0.381815907953977,0.020262459760304437,0.03204779534800304,0.011785335587698603,-0.15408658201182351,0.18692991041278195,0.036354935367596763,0.1904323311113762,-0.1920864338830182
0.3842921460730365,0.02026222980665629,0.03204779534800304,0.01178556554134675,-0.15179843833447887,0.1846467290251581,0.036152777103876155,0.18815269817893315,-0.19334836654408255
0.3867683841920961,0.02026199515345713,0.03204779534800304,0.01178580019454591,-0.14955406077019417,0.18240733826881722,0.03595346382603179,0.18591688631053527,-0.19461070781375517
0.3892446223111556,0.020261755733390004,0.03204779534800304,0.011786039614613036,-0.14735233906726708,0.18021062770585666,0.03575694230105275,0.18372378523441021,-0.19587346361223965
0.39172086043021515,0.020261511478535978,0.03204779534800304,0.011786283869467062,-0.14519219795851357,0.17805552188027612,0.03556316065205439,0.18157231966250065,-0.1971366399336262
0.39419709854927465,0.020261262320373098,0.03204779534800304,0.011786533027629942,-0.14307259584692733,0.17594097900360461,0.03537206831576714,0.17946144797611027,-0.1984002428467628
0.3966733366683342,0.020261008189769038,0.03204779534800304,0.011786787158234002,-0.1409925235485046,0.17386598969769052,0.035183616001577045,0.1773901609687072,-0.1996642784960073
0.3991495747873937,0.02026074901698117,0.03204779534800304,0.011787046331021869,-0.13895100308960445,0.17182957579202796,0.03499775565214372,0.17535748064327178,-0.2009287531021516
0.4016258129064533,0.020260484731651547,0.03204779534800304,0.011787310616351493,-0.1369470865559761,0.16983078917274902,0.03481444040543938,0.1733624590613049,-0.20219367296323862
0.4041020510255128,0.020260215262804596,0.03204779534800304,0.011787580085198444,-0.13497985499104742,0.16786871068087722,0.034633624558204484,0.17140417724110088,-0.2034590444554522
0.40657828914457234,0.02025994053884273,0.03204779534800304,0.011787854809160309,-0.13304841734100636,0.1659424490573731,0.034455263530722924,0.1694817441028102,-0.20472487403396009
0.40905452726363184,0.020259660487542637,0.03204779534800304,0.011788134860460403,-0.1311519094444646,0.16405113993276121,0.03427931383288485,0.16759429545808477,-0.20599116823379102
0.41153076538269134,0.020259375036053535,0.03204779534800304,0.011788420311949505,-0.1292894930645711,0.16219394485920785,0.03410573303148806,0.1657409930421768,-0.20725793367076534
0.4140070035017509,0.020259084110891834,0.03204779534800304,0.011788711237111206,-0.12746035496147912,0.16037005038295044,0.03393447971868632,0.1639210235863844,-0.2085251770423354
0.4164832416208104,0.0202587876379397,0.03204779534800304,0.011789007710063339,-0.12566370600335802,0.15857866715527208,0.033765513481594844,0.1621335979290484,-0.20979290512854765
0.41895947973986997,0.020258485542439017,0.03204779534800304,0.011789309805564023,-0.12389878031401363,0.15681902908008294,0.03359879487294115,0.16037795016315015,-0.2110611247928956
0.42143571785892947,0.020258177748990438,0.03204779534800304,0.011789617599012602,-0.12216483445552884,0.15509039249652393,0.03343428538278395,0.15865333681893767,-0.2123298429832931
0.42391195597798903,0.020257864181547635,0.03204779534800304,0.011789931166455405,-0.12046114664417312,0.15339203539483504,0.03327194741119627,0.15695903607981201,-0.21359906673296478
0.42638819409704853,0.02025754476341557,0.03204779534800304,0.01179025058458747,-0.11878701599813546,0.15172325666405123,0.03311174424192162,0.15529434703004483,-0.2148688031614123
0.4288644322161081,0.020257219417245897,0.03204779534800304,0.011790575930757143,-0.11714176181555178,0.15008337536998748,0.03295364001693174,0.15365858893278334,-0.21613905947535328
0.4313406703351676,0.02025688806503353,0.03204779534800304,0.011790907282969509,-0.11552472288146637,0.1484717300621611,0.03279759971186352,0.15205110053699336,-0.21740984296967275
0.43381690845422716,0.020256550628113233,0.03204779534800304,0.011791244719889807,-0.11393525680240907,0.14688767810832767,0.0326435891122992,0.15047123941201623,-0.21868116102838975
0.43629314657328666,0.020256207027156085,0.03204779534800304,0.011791588320846955,-0.11237273936733744,0.14533059505538112,0.032491574790857014,0.14891838130849067,-0.21995302112564336
0.4387693846923462,0.020255857182165816,0.03204779534800304,0.011791938165837224,-0.11083656393374558,0.14379987401542124,0.032341524085053364,0.14739191954444147,-0.2212254308266664
0.4412456228114057,0.020255501012474673,0.03204779534800304,0.011792294335528367,-0.1093261408378241,0.14229492507587005,0.03219340507591245,0.14589126441541747,-0.22249839778877673
0.4437218609304653,0.020255138436740327,0.03204779534800304,0.011792656911262713,-0.10784089682760115,0.14081517473257085,0.032047186567294605,0.14441584262761287,-0.22377192976238214
0.4461980990495248,0.020254769372942284,0.03204779534800304,0.011793025975060756,-0.10638027451804624,0.13936006534484743,0.03190283806591482,0.14296509675294922,-0.22504603459200245
0.4486743371685843,0.02025439373837767,0.03204779534800304,0.01179340160962537,-0.10494373186715625,0.13792905461154611,0.03176032976201748,0.14153848470513933,-0.2263207202172756
0.45115057528764385,0.020254011449657695,0.03204779534800304,0.011793783898345345,-0.10353074167212228,0.13652161506715818,0.0316196325106918,0.14013547923583275,-0.22759599467398783
0.45362681340670336,0.020253622422704724,0.03204779534800304,0.011794172925298316,-0.10214079108470944,0.1351372335971538,0.03148071781380682,0.13875556744997386,-0.22887186609514365
0.4561030515257629,0.020253226572746644,0.03204779534800304,0.011794568775256396,-0.1007733811449667,0.13377541097164644,0.03134355780251441,0.13739825033948744,-0.2301483427119571
0.4585792896448224,0.020252823814315597,0.03204779534800304,0.011794971533687443,-0.09942802633257139,0.13243566139669036,0.031208125220351712,0.136063042334603,-0.2314254328549879
0.461055527763882,0.020252414061242292,0.03204779534800304,0.011795381286760748,-0.09810425413493823,0.13111751208234348,0.031074393406855264,0.13474947087193886,-0.23270314495514322
0.4635317658829415,0.02025199722665323,0.03204779534800304,0.011795798121349808,-0.09680160463147919,0.12982050282687854,0.030942336281726338,0.13345707597873938,-0.23398148754480333
0.46600800400200104,0.020251573222966293,0.03204779534800304,0.011796222125036747,-0.09551963009325953,0.12854418561639178,0.03081192832948551,0.13218540987250724,-0.2352604692588827
0.46848424212106055,0.020251141961887598,0.03204779534800304,0.011796653386115442,-0.09425789459744716,0.12728812423920297,0.0306831445846258,0.13093403657542915,-0.23654009883595303
0.4709604802401201,0.020250703354407082,0.03204779534800304,0.011797091993595958,-0.09301597365589884,0.12605189391439248,0.030555960617224973,0.12970253154293734,-0.2378203851193321
0.4734367183591796,0.020250257310795085,0.03204779534800304,0.011797538037207955,-0.09179345385732268,0.12483508093391377,0.030430352519018253,0.1284904813058482,-0.23910133705822198
0.47591295647823917,0.02024980374059848,0.03204779534800304,0.011797991607404561,-0.09058993252243377,0.12363728231769816,0.030306296889901566,0.12729748312549252,-0.24038296370883422
0.4783891945972987,0.02024934255263672,0.03204779534800304,0.011798452795366319,-0.0894050173715733,0.12245810548122305,0.030183770824855433,0.12612314466131005,-0.2416652742355305
0.48086543271635823,0.02024887365499814,0.03204779534800304,0.0117989216930049,-0.08823832620428093,0.12129716791503206,0.030062751901274304,0.12496708365039594,-0.24294827791197757
0.48334167083541774,0.020248396955035813,0.03204779534800304,0.011799398392967227,-0.08708948659032617,0.12015409687571402,0.029943218166684396,0.12382892759850636,-0.24423198412230684
0.48581790895447724,0.02024791235936407,0.03204779534800304,0.01179988298863897,-0.08595813557174001,0.11902852908788164,0.029825148126839618,0.1227083134820645,-0.2455164023622914
0.4882941470735368,0.020247419773854233,0.03204779534800304,0.011800375574148807,-0.0848439193753934,0.11792011045669598,0.02970852073417829,0.12160488746071221,-0.24680154224052836
0.4907703851925963,0.020246919103631123,0.03204779534800304,0.011800876244371917,-0.0837464931357079,0.11682849579052257,0.029593315376632262,0.12051830459999414,-0.24808741347963909
0.49324662331165586,0.020246410253069117,0.03204779534800304,0.011801385094933923,-0.08266552062708199,0.11575334853330302,0.02947951186677189,0.11944822860375733,-0.24937402591747587
0.49572286143071537,0.020245893125787794,0.03204779534800304,0.011801902222215246,-0.08160067400564941,0.11469434050625704,0.029367090431274917,0.11839433155588115,-0.25066138950832806
0.4981990995497749,0.020245367624648746,0.03204779534800304,0.011802427723354294,-0.08055163356000938,0.1136511516585566,0.029256031700716417,0.1173562936709811,-0.25194951432417273
0.5006753376688344,0.020244833651750966,0.03204779534800304,0.011802961696252074,-0.07951808747055403,0.11262346982659603,0.029146316699653507,0.11633380305370701,-0.2532384105558906
0.503151575787894,0.020244291108427702,0.03204779534800304,0.011803504239575338,-0.0784997315770797,0.11161099050154558,0.029037926837012507,0.11532655546632696,-0.2545280885145423
0.5056278139069535,0.020243739895241853,0.03204779534800304,0.011804055452761187,-0.07749626915433391,0.11061341660483989,0.028930843896750408,0.11433425410424476,-0.25581855863261016
0.508104052026013,0.02024317991198261,0.03204779534800304,0.011804615436020429,-0.07650741069521286,0.10963045827131601,0.028825050028798246,0.1133566093791689,-0.25710983146529687
0.5105802901450726,0.020242611057660988,0.03204779534800304,0.011805184290342052,-0.07553287370128983,0.10866183263968227,0.028720527740259322,0.11239333870961092,-0.2584019176917832
0.5130565282641322,0.02024203323050658,0.03204779534800304,0.011805762117496461,-0.07457238248041745,0.10770726365005961,0.028617259886872887,0.11144416631845866,-0.2596948281165556
0.5155327663831917,0.020241446327963025,0.03204779534800304,0.011806349020040015,-0.07362566795110786,0.10676648184830026,0.02851522966471566,0.11050882303732544,-0.26098857367069656
0.5180090045022512,0.02024085024668437,0.03204779534800304,0.011806945101318671,-0.07269246745344952,0.10583922419684288,0.02841442060214633,0.10958704611743694,-0.26228316541321156
0.5204852426213107,0.0202402448825312,0.03204779534800304,0.011807550465471842,-0.07177252456630762,0.10492523389184953,0.028314816551980704,0.10867857904680044,-0.26357861453236997
0.5229614807403703,0.020239630130566677,0.03204779534800304,0.011808165217436363,-0.07086558893056621,0.10402426018638479,0.0282164016838876,0.10778317137341606,-0.26487493234704584
0.5254377188594298,0.02023900588505265,0.03204779534800304,0.01180878946295039,-0.06997141607819128,0.10313605821941395,0.028119160477001623,0.10690057853430782,-0.2661721303080788
0.5279139569784893,0.020238372039445722,0.03204779534800304,0.011809423308557318,-0.06908976726689219,0.10226038885039958,0.028023077712743885,0.10603056169015332,-0.2674702199996459
0.5303901950975488,0.020237728486393176,0.03204779534800304,0.011810066861609864,-0.0682204093201732,0.10139701849928726,0.027928138467842825,0.1051728875653027,-0.2687692131406362
0.5328664332166083,0.020237075117729486,0.03204779534800304,0.011810720230273554,-0.0673631144725823,0.10054571899168765,0.027834328107553832,0.10432732829299513,-0.2700691215860585
0.5353426713356679,0.020236411824472226,0.03204779534800304,0.011811383523530814,-0.06651766021995476,0.09970626740905238,0.027741632279064912,0.1034936612655689,-0.27136995732845076
0.5378189094547274,0.020235738496817805,0.03204779534800304,0.011812056851185235,-0.06568382917447134,0.09887844594366414,0.02765003690508265,0.10267166898948582,-0.2726717324992834
0.5402951475737869,0.020235055024138304,0.03204779534800304,0.011812740323864736,-0.06486140892436344,0.09806204175827304,0.027559528177600975,0.1018611389450033,-0.2739744593704138
0.5427713856928464,0.02023436129497725,0.03204779534800304,0.01181343405302579,-0.0640501918980837,0.0972568468501971,0.02747009255183619,0.10106186345031018,-0.2752781503555239
0.5452476238119061,0.020233657197045393,0.03204779534800304,0.011814138150957647,-0.06324997523278456,0.09646265791972991,0.027381716740327675,0.10027363952997005,-0.2765828180115735
0.5477238619309656,0.020232942617217656,0.03204779534800304,0.011814852730785384,-0.06246056064695729,0.09567927624270867,0.02729438770720323,0.0994962687875263,-0.2778884750402863
0.5502001000500251,0.02023221744152875,0.03204779534800304,0.011815577906474289,-0.06168175431706795,0.09490650754707743,0.0272080926625953,0.09872955728210188,-0.2791951342896285
0.5526763381690847,0.020231481555169486,0.03204779534800304,0.011816313792833554,-0.06091336675805717,0.0941441618933139,0.02712281905720909,0.09797331540886325,-0.280502808755305
0.5551525762881442,0.020230734842482792,0.03204779534800304,0.011817060505520248,-0.060155212707563285,0.09339205355857842,0.027038554577036314,0.09722735778320706,-0.28181151158226925
0.5576288144072037,0.020229977186960343,0.03204779534800304,0.011817818161042697,-0.05940711101374026,0.09265000092445702,0.02695528713821274,0.09649150312854177,-0.28312125606626265
0.5601050525262632,0.020229208471238505,0.03204779534800304,0.011818586876764535,-0.058668884526534654,0.09191782636816288,0.02687300488200814,0.0957655741675273,-0.28443205565533863
0.5625812906453228,0.020228428577094528,0.03204779534800304,0.011819366770908512,-0.05794035999230966,0.09119535615708337,0.026791696169951654,0.09504939751666122,-0.2857439239514197
0.5650575287643823,0.02022763738544304,0.03204779534800304,0.011820157962560002,-0.05722136795169552,0.09048242034655331,0.026711349579085886,0.09434280358409164,-0.28705687471186575
0.5675337668834418,0.02022683477633218,0.03204779534800304,0.011820960571670858,-0.0565117426405516,0.08977885268073847,0.026631953897344157,0.09364562647054056,-0.28837092185105084
0.5700100050025013,0.020226020628939717,0.03204779534800304,0.011821774719063323,-0.05581132189393481,0.08908449049652468,0.026553498119048766,0.09295770387323324,-0.2896860794419526
0.5724862431215608,0.02022519482156995,0.03204779534800304,0.01182260052643309,-0.05511994705297367,0.08839917463031197,0.026475971440528892,0.09227887699273378,-0.2910023617177697
0.5749624812406204,0.02022435723164946,0.03204779534800304,0.011823438116353582,-0.05443746287453882,0.0877227493276037,0.0263993632558481,0.0916089904425751,-0.29231978307353157
0.5774387193596799,0.02022350773572373,0.03204779534800304,0.01182428761227931,-0.05376371744362403,0.08705506215530583,0.026323663152644755,0.09094789216160025,-0.2936383580677357
0.5799149574787394,0.020222646209453646,0.03204779534800304,0.011825149138549394,-0.05309856208834132,0.08639596391663877,0.026248860908079402,0.09029543332891674,-0.29495810142400175
0.582391195597799,0.020221772527611932,0.03204779534800304,0.011826022820391108,-0.05244185129744036,0.08574530856857307,0.026174946484885206,0.08965146828137516,-0.2962790280327352
0.5848674337168586,0.020220886564079325,0.03204779534800304,0.011826908783923715,-0.051793442640265835,0.08510295314170224,0.02610191002751701,0.08901585443348482,-0.2976011529527901
0.5873436718359181,0.020219988191841412,0.03204779534800304,0.011827807156161628,-0.051153196689078015,0.08446875766247708,0.02602974185840211,0.08838845219969253,-0.29892449141317534
0.5898199099549776,0.020219077282985002,0.03204779534800304,0.011828718065018038,-0.050520976943648294,0.08384258507771455,0.025958432474283158,0.0877691249189356,-0.3002490588147577
0.5922961480740371,0.020218153708694658,0.03204779534800304,0.011829641639308382,-0.04989664975805752,0.08322430118130897,0.02588797254265253,0.0871577387813977,-0.301574870731973
0.5947723861930967,0.020217217339249513,0.03204779534800304,0.011830578008753527,-0.049280084269627544,0.08261377454307407,0.02581835289827874,0.08655416275739679,-0.30290194291457356
0.5972486243121562,0.02021626804401962,0.03204779534800304,0.01183152730398342,-0.048671152329907194,0.08201087643964,0.025749564539815986,0.08595826852832744,-0.30423029128936363
0.5997248624312157,0.020215305691462782,0.03204779534800304,0.011832489656540258,-0.04806972843765325,0.08141548078734318,0.025681598626500837,0.0853699304195976,-0.3055599319619719
0.6022011005502752,0.020214330149121353,0.03204779534800304,0.011833465198881687,-0.04747568967373622,0.08082746407704072,0.02561444647492956,0.08478902533548985,-0.3068908812186288
0.6046773386693347,0.020213341283618826,0.03204779534800304,0.011834454064384214,-0.04688891563790833,0.08024670531078557,0.02554809955591416,0.08421543269588397,-0.3082231555279556
0.6071535767883943,0.0202123389606568,0.03204779534800304,0.01183545638734624,-0.04630928838737487,0.07967308594030435,0.02548254949141658,0.08364903437478294,-0.3095567715427745
0.6096298149074538,0.02021132304501179,0.03204779534800304,0.01183647230299125,-0.04573669237710919,0.07910648980721761,0.025417788051557276,0.08308971464058179,-0.3108917461019297
0.6121060530265133,0.020210293400532004,0.03204779534800304,0.011837501947471036,-0.045171014401854614,0.07854680308494583,0.025353807151696453,0.0825373600980227,-0.3122280962321253
0.6145822911455728,0.020209249890134624,0.03204779534800304,0.011838545457868416,-0.044612143539761485,0.07799391422225001,0.025290598849587148,0.08199185963178558,-0.3135658391497819
0.6170585292646324,0.020208192375802386,0.03204779534800304,0.011839602972200654,-0.04405997109760158,0.07744771388834816,0.025228155342594004,0.08145310435165433,-0.31490499226288954
0.619534767383692,0.020207120718581016,0.03204779534800304,0.011840674629422024,-0.04351439055751799,0.07690809491956627,0.025166468964983278,0.08092098753921928,-0.31624557317290763
0.6220110055027515,0.020206034778576243,0.03204779534800304,0.011841760569426797,-0.04297529752525315,0.0763749522674663,0.025105532185274206,0.08039540459605632,-0.3175875996766538
0.624487243621811,0.020204934414950866,0.03204779534800304,0.011842860933052174,-0.04244258967981249,0.07584818294840912,0.025045337603654343,0.0798762529933419,-0.3189310897682144
0.6269634817408706,0.02020381948592208,0.03204779534800304,0.011843975862080958,-0.04191616672451839,0.0753276859945064,0.024985877949456288,0.07936343222285741,-0.3202760616408695
0.6294397198599301,0.02020268984875885,0.03204779534800304,0.01184510549924419,-0.041395930339411635,0.07481336240591846,0.02492714607869575,0.07885684374934068,-0.3216225336890504
0.6319159579789896,0.020201545359779305,0.03204779534800304,0.011846249988223735,-0.040881784134953414,0.07430511510445276,0.02486913497166405,0.07835639096413781,-0.32297052451027863
0.6343921960980491,0.02020038587434797,0.03204779534800304,0.01184740947365507,-0.04037363360699384,0.07380284888842635,0.024811837730580245,0.07786197914012037,-0.32432005290715277
0.6368684342171087,0.02019921124687352,0.03204779534800304,0.01184858410112952,-0.039871386092962716,0.07330647038875074,0.024755247577296198,0.07737351538782516,-0.32567113788933055
0.6393446723361682,0.020198021330806178,0.03204779534800304,0.011849774017196862,-0.039374950729247196,0.07281588802620172,0.02469935785105526,0.07689090861277965,-0.3270237986755309
0.6418209104552277,0.020196815978635638,0.03204779534800304,0.011850979369367402,-0.03888423840972019,0.07233101196983927,0.024644162006304315,0.07641406947397844,-0.32837805469556364
0.6442971485742872,0.020195595041888458,0.03204779534800304,0.011852200306114582,-0.038399161745380314,0.07185175409653766,0.024589653610552986,0.07594291034346984,-0.32973392559234727
0.6467733866933467,0.020194358371126236,0.03204779534800304,0.011853436976876804,-0.03791963502507612,0.07137802795159869,0.02453582634228589,0.07547734526702707,-0.33109143122397566
0.6492496248124063,0.02019310581594322,0.03204779534800304,0.011854689532059821,-0.03744557417727473,0.07090974871040824,0.02448267398891959,0.07501728992586285,-0.3324505916657744
0.6517258629314658,0.020191837224964537,0.03204779534800304,0.011855958123038503,-0.0369768967328474,0.07044683314110894,0.024430190444807064,0.07456266159936076,-0.3338114272123806
0.6542021010505253,0.020190552445844164,0.03204779534800304,0.011857242902158876,-0.03651352178884027,0.06998919956825622,0.024378369709287792,0.07411337912879103,-0.33517395837984415
0.6566783391695848,0.02018925132526306,0.03204779534800304,0.011858544022739979,-0.03605536997319969,0.06953676783742835,0.02432720588478087,0.0736693628819805,-0.3365382059077344
0.6591545772886445,0.020187933708927547,0.03204779534800304,0.011859861639075493,-0.03560236341042564,0.0690894592807629,0.024276693174922183,0.07323053471891018,-0.33790419076127404
0.661630815407704,0.020186599441567595,0.03204779534800304,0.011861195906435446,-0.035154425688122264,0.06864719668338994,0.02422682588274156,0.07279681795820954,-0.3392719341334721
0.6641070535267635,0.02018524836693536,0.03204779534800304,0.01186254698106768,-0.034711481824422644,0.06820990425073725,0.024177598408882325,0.07236813734452431,-0.3406414574472914
0.666583291645823,0.020183880327803674,0.03204779534800304,0.011863915020199366,-0.03427345823625808,0.06777750757667987,0.024129005249858657,0.07194441901672849,-0.3420127823578149
0.6690595297648826,0.020182495165964816,0.03204779534800304,0.011865300182038224,-0.0338402827084504,0.0673499336125108,0.024081040996352637,0.07152559047695888,-0.3433859307544383
0.6715357678839421,0.020181092722229267,0.03204779534800304,0.011866702625773773,-0.033411884363600555,0.06692711063670707,0.024033700331548134,0.07111158056044518,-0.3447609247630745
0.6740120060030016,0.020179672836424516,0.03204779534800304,0.011868122511578524,-0.032988193632750504,0.066508968225468,0.02398697802950061,0.07070231940611324,-0.3461377867483683
0.6764882441220611,0.020178235347394314,0.03204779534800304,0.011869560000608726,-0.03256914222679814,0.06609543722400493,0.02394086895354392,0.07029773842794049,-0.34751653931593945
0.6789644822411207,0.020176780092997514,0.03204779534800304,0.011871015255005526,-0.032154663108639084,0.06568644971855722,0.023895368054729582,0.06989777028703804,-0.3488972053146232
0.6814407203601802,0.02017530691010763,0.03204779534800304,0.011872488437895411,-0.03174469046601903,0.06528193900911694,0.02385047037030185,0.06950234886444277,-0.3502798078387462
0.6839169584792397,0.020173815634612024,0.03204779534800304,0.011873979713391016,-0.03133915968507168,0.06488183958283844,0.023806171022203462,0.06911140923459441,-0.35166437023039754
0.6863931965982992,0.02017230610141152,0.03204779534800304,0.011875489246591521,-0.030938007324526125,0.06448608708811578,0.023762465215614988,0.06872488763948155,-0.35305091608173245
0.6888694347173587,0.02017077814442003,0.03204779534800304,0.011877017203583012,-0.03054117109056171,0.06409461830930689,0.023719348237523925,0.06834272146343506,-0.3544394692372768
0.6913456728364183,0.020169231596564398,0.03204779534800304,0.011878563751438642,-0.030148589812294388,0.0637073711420873,0.023676815455325316,0.06796484920855184,-0.3558300537962609
0.6938219109554778,0.020167666289784236,0.03204779534800304,0.011880129058218804,-0.02976020341787334,0.06332428456941391,0.023634862315450096,0.06759121047072908,-0.35722269411494906
0.6962981490745374,0.0201660820550321,0.03204779534800304,0.011881713292970941,-0.029375952911174487,0.06294529863808329,0.023593484342024178,0.0672217459162943,-0.35861741480900716
0.6987743871935969,0.020164478722273744,0.03204779534800304,0.011883316625729296,-0.02899578034907084,0.0625703544358664,0.023552677135554347,0.0668563972592123,-0.36001424075587135
0.7012506253126565,0.020162856120488418,0.03204779534800304,0.011884939227514622,-0.028619628819264064,0.062199394069203176,0.023512436371640882,0.06649510723885246,-0.36141319709712666
0.703726863431716,0.020161214077669413,0.03204779534800304,0.011886581270333627,-0.028247442418663057,0.061832360641442534,0.023472757799717907,0.06613781959830267,-0.36281430924091373
0.7062031015507755,0.020159552420824928,0.03204779534800304,0.011888242927178112,-0.027879166232292488,0.06146919823161157,0.023433637241819044,0.06578447906321314,-0.364217602864343
0.708679339669835,0.020157870975978702,0.03204779534800304,0.011889924372024338,-0.02751474631271696,0.06110985187369876,0.02339507059136796,0.06543503132115468,-0.3656231039159227
0.7111555777888946,0.020156169568171255,0.03204779534800304,0.011891625779831785,-0.02715412965996711,0.06075426753643812,0.023357053811993933,0.06508942300147912,-0.3670308386180034
0.7136318159079541,0.02015444802146104,0.03204779534800304,0.011893347326542,-0.026797264201952994,0.06040239210357933,0.023319582936371104,0.06474760165566623,-0.36844083346923673
0.7161080540270136,0.0201527061589258,0.03204779534800304,0.011895089189077241,-0.026444098775351137,0.060054173354630376,0.02328265406508069,0.06440951573814396,-0.36985311524704473
0.7185842921460731,0.02015094380266423,0.03204779534800304,0.011896851545338809,-0.02609458310695362,0.05970955994606078,0.02324626336549673,0.06407511458757027,-0.3712677110101112
0.7210605302651327,0.020149160773797685,0.03204779534800304,0.011898634574205355,-0.025748667795464395,0.05936850139295112,0.02321040707069287,0.06374434840856175,-0.3726846481008767
0.7235367683841922,0.020147356892472226,0.03204779534800304,0.011900438455530814,-0.02540630429373261,0.05903094805107816,0.023175081478371554,0.0634171682538589,-0.3741039541480557
0.7260130065032517,0.020145531977860703,0.03204779534800304,0.011902263370142337,-0.02506744489140967,0.058696851099422465,0.023140282949813646,0.06309352600691459,-0.3755256570691623
0.7284892446223112,0.020143685848165102,0.03204779534800304,0.011904109499837938,-0.02473204269801891,0.058366162523087524,0.02310600790884855,0.06277337436489486,-0.37694978507305066
0.7309654827413707,0.020141818320619245,0.03204779534800304,0.011905977027383795,-0.024400051626427548,0.05803883509661992,0.023072252840844704,0.062456666822081584,-0.3783763666624709
0.7334417208604304,0.020139929211491554,0.03204779534800304,0.011907866136511486,-0.024071426376708623,0.05771482236771815,0.02303901429171903,0.062143357653664744,-0.37980543063663635
0.7359179589794899,0.020138018336087894,0.03204779534800304,0.011909777011915146,-0.023746122420382914,0.0573940786413205,0.02300628886696476,0.06183340189991416,-0.3812370060937967
0.7383941970985494,0.020136085508755026,0.03204779534800304,0.011911709839248014,-0.02342409598503215,0.05707655896406244,0.022974073230699256,0.061526755350722245,-0.38267112243384166
0.7408704352176089,0.020134130542883964,0.03204779534800304,0.011913664805119076,-0.023105304039270903,0.056762219109092286,0.022942364104728077,0.061223374530505234,-0.38410780936089756
0.7433466733366685,0.020132153250913633,0.03204779534800304,0.011915642097089407,-0.02278970427806966,0.05645101556123623,0.022911158267627237,0.06092321668345491,-0.3855470968859456
0.745822911455728,0.02013015344433493,0.03204779534800304,0.011917641903668109,-0.022477255108419532,0.05614290550250406,0.022880452553842807,0.06062623975913196,-0.3869890153294541
0.7482991495747875,0.020128130933694793,0.03204779534800304,0.011919664414308247,-0.02216791563532836,0.055837846797925,0.0228502438528064,0.060332402398390036,-0.3884335953240178
0.750775387693847,0.020126085528600686,0.03204779534800304,0.011921709819402354,-0.02186164564814063,0.055535797981706575,0.022820529108067027,0.06004166391962384,-0.3898808678170068
0.7532516258129066,0.020124017037725334,0.03204779534800304,0.011923778310277706,-0.021558405607172815,0.055236718243706975,0.022791305316439144,0.059753984305331624,-0.39133086407323703
0.7557278639319661,0.0201219252688116,0.03204779534800304,0.01192587007919144,-0.021258156630654553,0.05494056741621293,0.022762569527165193,0.05946932418898391,-0.3927836156776387
0.7582041020510256,0.02011981002867775,0.03204779534800304,0.01192798531932529,-0.020960860481968917,0.05464730596101504,0.022734318841093403,0.05918764484219054,-0.39423915453794156
0.7606803401700851,0.02011767112322293,0.03204779534800304,0.011930124224780111,-0.020666479557183988,0.05435689495677334,0.022706550409870525,0.05890890816215899,-0.3956975128873752
0.7631565782891447,0.020115508357433063,0.03204779534800304,0.011932286990569977,-0.020374976872867153,0.05406929608666464,0.022679261435148024,0.058633076659435165,-0.39715872328737084
0.7656328164082042,0.020113321535386728,0.03204779534800304,0.011934473812616312,-0.02008631605417568,0.05378447162630491,0.022652449167802163,0.058360113445920056,-0.39862281863027543
0.7681090545272637,0.020111110460261684,0.03204779534800304,0.011936684887741356,-0.019800461323216296,0.05350238443193964,0.02262611090716774,0.058089982223155416,-0.40008983214207794
0.7705852926463232,0.02010887493434153,0.03204779534800304,0.01193892041366151,-0.019517377487666854,0.05322299792889504,0.02260024400028488,0.057822647270871115,-0.4015597973851456
0.7730615307653828,0.02010661475902255,0.03204779534800304,0.011941180588980489,-0.019237029929652698,0.0529462761002832,0.022574845841157695,0.05755807343578705,-0.40303274826095853
0.7755377688844424,0.02010432973482118,0.03204779534800304,0.01194346561318186,-0.01895938459487271,0.052672183475955536,0.02254991387002658,0.057296226120664706,-0.40450871901286917
0.7780140070035019,0.020102019661381483,0.03204779534800304,0.011945775686621557,-0.01868440798196689,0.052400685121697044,0.022525445572651178,0.05703707127359988,-0.4059877442288525
0.7804902451225614,0.020099684337483156,0.03204779534800304,0.011948111010519884,-0.018412067132120822,0.052131746628656106,0.022501438479606076,0.05678057537755226,-0.40746985884427894
0.7829664832416209,0.0200973235610498,0.03204779534800304,0.01195047178695324,-0.01814232961890003,0.05186533410300354,0.02247789016558696,0.056526705440104796,-0.4089550981446807
0.7854427213606805,0.020094937129157536,0.03204779534800304,0.011952858218845504,-0.01787516353830913,0.051601414155815165,0.02245479824872864,0.05627542898344773,-0.4104434977685379
0.78791895947974,0.020092524838043926,0.03204779534800304,0.011955270509959114,-0.017610537499069236,0.05133995389317197,0.022432160389932707,0.05602671403458077,-0.4119350937100553
0.7903951975987995,0.02009008648311739,0.03204779534800304,0.01195770886488565,-0.017348420613109566,0.05108092090647318,0.022409974292206994,0.055780529115729505,-0.41342992232196385
0.792871435717859,0.02008762185896681,0.03204779534800304,0.01196017348903623,-0.01708878248626604,0.050824283262955836,0.02238823770001367,0.05553684323496868,-0.41492802031830717
0.7953476738369186,0.02008513075937163,0.03204779534800304,0.011962664588631409,-0.016831593209183482,0.05057000949641664,0.022366948398628447,0.05529562587704906,-0.416429424777251
0.7978239119559781,0.02008261297731232,0.03204779534800304,0.011965182370690719,-0.016576823348415204,0.05031806859813072,0.02234610421350851,0.05505684699442179,-0.41793417314388376
0.8003001500750376,0.020080068304981123,0.03204779534800304,0.011967727043021917,-0.016324443937715045,0.05006843000796184,0.022325703009669684,0.054820476998455124,-0.41944230323302373
0.8027763881940971,0.02007749653379336,0.03204779534800304,0.01197029881420968,-0.01607442646951851,0.04982106360566078,0.022305742691073466,0.05458648675084039,-0.42095385323203754
0.8052526263131566,0.020074897454399058,0.03204779534800304,0.011972897893603982,-0.015826742886606085,0.0495759397023455,0.022286221200021543,0.05435484755518027,-0.42246886170364717
0.8077288644322163,0.02007227085669488,0.03204779534800304,0.011975524491308159,-0.015581365573946427,0.04933302903215994,0.022267136516559663,0.05412553114875678,-0.42398736758874966
0.8102051025512758,0.020069616529836718,0.03204779534800304,0.011978178818166322,-0.015338267350713738,0.049092302744106586,0.022248486657889588,0.05389850969447398,-0.4255094102092372
0.8126813406703353,0.0200669342622525,0.03204779534800304,0.011980861085750541,-0.01509742146247504,0.04885373239404836,0.02223026967778838,0.05367375577297053,-0.427035029270809
0.8151575787893948,0.020064223841655498,0.03204779534800304,0.011983571506347542,-0.014858801573544151,0.04861728993687621,0.022212483666036183,0.0534512423748991,-0.42856426486579474
0.8176338169084544,0.020061485055058167,0.03204779534800304,0.011986310292944873,-0.014622381759497186,0.048382947718837985,0.022195126747850798,0.05323094289336768,-0.4300971574759675
0.8201100550275139,0.020058717688786275,0.03204779534800304,0.011989077659216765,-0.01438813649984663,0.04815067847002491,0.022178197083330044,0.0530128311165396,-0.43163374797536447
0.8225862931465734,0.020055921528493635,0.03204779534800304,0.011991873819509405,-0.014156040670869206,0.047920455297011756,0.022161692866900524,0.05279688122038774,-0.43317407763309634
0.8250625312656329,0.020053096359177257,0.03204779534800304,0.011994698988825783,-0.013926069538584667,0.047692251675647085,0.022145612326773527,0.05258306776159989,-0.43471818811616053
0.8275387693846925,0.020050241965192967,0.03204779534800304,0.011997553382810073,-0.0136981987518814,0.04746604144399005,0.022129953724407327,0.052371365670631415,-0.43626612149224797
0.830015007503752,0.020047358130271455,0.03204779534800304,0.012000437217731585,-0.01347240433578533,0.047241798795389894,0.02211471535397563,0.05216175024490136,-0.4378179202325454
0.8324912456228115,0.020044444637535054,0.03204779534800304,0.012003350710467986,-0.013248662684868929,0.047019498271705505,0.022099895541842326,0.051954197142129524,-0.439373627214533
0.834967483741871,0.020041501269514667,0.03204779534800304,0.012006294078488373,-0.013026950556796608,0.04679911475666071,0.022085492646041774,0.051748682373809904,-0.4409332857247745
0.8374437218609306,0.02003852780816755,0.03204779534800304,0.01200926753983549,-0.01280724506600394,0.04658062346933313,0.022071505055765245,0.05154518229881876,-0.44249693946170615
0.8399199599799901,0.020035524034895405,0.03204779534800304,0.012012271313107635,-0.012589523677506358,0.04636399995777268,0.02205793119085201,0.051343673617152745,-0.44406463253840583
0.8423961980990496,0.020032489730563097,0.03204779534800304,0.012015305617439943,-0.012373764200835663,0.04614922009274711,0.022044769501286577,0.0511441333637952,-0.4456364094853696
0.8448724362181091,0.020029424675517868,0.03204779534800304,0.012018370672485172,-0.012159944784099826,0.04593626006161136,0.02203201846669982,0.05094653890270656,-0.4472123152532597
0.8473486743371687,0.020026328649609185,0.03204779534800304,0.012021466698393855,-0.011948043908164776,0.04572509636229825,0.02201967659587615,0.050750867920937436,-0.44879239521566083
0.8498249124562283,0.020023201432209047,0.03204779534800304,0.012024593915793993,-0.011738040380953767,0.045515705797427135,0.022007742426264257,0.05055709842285981,-0.45037669517181
0.8523011505752878,0.020020042802232907,0.03204779534800304,0.012027752545770133,-0.011529913331862734,0.04530806546852834,0.021996214523492996,0.05036520872451513,-0.45196526134932363
0.8547773886943473,0.020016852538161274,0.03204779534800304,0.012030942809841766,-0.011323642206287992,0.04510215277038041,0.021985091480890912,0.05017517744807561,-0.4535581404069021
0.8572536268134068,0.020013630418061694,0.03204779534800304,0.012034164929941346,-0.011119206760264424,0.04489794538545755,0.0219743719190102,0.049986983516416686,-0.45515537943702683
0.8597298649324664,0.02001037621961157,0.03204779534800304,0.012037419128391472,-0.010916587055211154,0.044695421278485144,0.02196405448515445,0.049800606147798,-0.45675702596863826
0.8622061030515259,0.02000708972012141,0.03204779534800304,0.012040705627881631,-0.010715763452782183,0.04449455869110042,0.021954137852909904,0.049616024850650337,-0.4583631279697962
0.8646823411705854,0.02000377069655885,0.03204779534800304,0.01204402465144419,-0.01051671660981966,0.04429533613661612,0.0219446207216803,0.04943321941846607,-0.4599737338503237
0.8671585792896449,0.020000418925573107,0.03204779534800304,0.012047376422429933,-0.010319427473407373,0.044097732394884855,0.021935501816224875,0.04925216992479095,-0.4615888924644274
0.8696348174087045,0.01999703418352035,0.03204779534800304,0.012050761164482691,-0.010123877276022231,0.04390172650726199,0.021926779886199788,0.04907285671831513,-0.4632086531133036
0.872111055527764,0.019993616246489498,0.03204779534800304,0.012054179101513542,-0.009930047530781177,0.04370729777166457,0.021918453705702064,0.048895260418060554,-0.46483306554771486
0.8745872936468235,0.019990164890328774,0.03204779534800304,0.012057630457674266,-0.009737920026781827,0.04351442573772449,0.021910522072816855,0.04871936190866352,-0.4664621799705518
0.877063531765883,0.019986679890672945,0.03204779534800304,0.012061115457330095,-0.009547476824533918,0.043323090202033496,0.021902983809166658,0.048545142335749185,-0.4680960470393606
0.8795397698849426,0.01998316102297117,0.03204779534800304,0.01206463432503187,-0.00935870025148022,0.04313327120347832,0.021895837759463344,0.048372583101396936,-0.4697347178688501
0.8820160080040021,0.019979608062515697,0.03204779534800304,0.012068187285487343,-0.009171572897604622,0.042944949018663935,0.02188908279106258,0.04820166585969448,-0.4713782440333725
0.8844922461230617,0.01997602078447106,0.03204779534800304,0.012071774563531978,-0.00898607761112495,0.04275810415742254,0.021882717793519902,0.04803237251237781,-0.47302667756937045
0.8869684842421212,0.01997239896390424,0.03204779534800304,0.0120753963840988,-0.008802197494269361,0.042572717358407335,0.02187674167814923,0.047864685204556695,-0.4746800709777984
0.8894447223611807,0.01996874237581526,0.03204779534800304,0.012079052972187782,-0.008619915899133555,0.04238876958476815,0.021871153377582647,0.04769858632052223,-0.47633847722650785
0.8919209604802403,0.019965050795168842,0.03204779534800304,0.012082744552834198,-0.00843921642361769,0.04220624201990828,0.021865951845332167,0.047534058479636015,-0.4780019497526005
0.8943971985992998,0.01996132399692652,0.03204779534800304,0.01208647135107652,-0.008260082907440723,0.04202511606331987,0.02186113605535283,0.047371084532298324,-0.4796705424647485
0.8968734367183593,0.01995756175607971,0.03204779534800304,0.012090233591923329,-0.00808249942823048,0.041845373326496814,0.021856705001607,0.047209647555993925,-0.4813443097454732
0.8993496748374188,0.019953763847683485,0.03204779534800304,0.012094031500319555,-0.007906450297687967,0.04166699562892322,0.021852657697630028,0.04704973085141397,-0.48302330645339114
0.9018259129564784,0.019949930046891134,0.03204779534800304,0.012097865301111906,-0.0077319200578237785,0.04148996499413603,0.021848993176096572,0.04689131793865201,-0.4847075879254121
0.9043021510755379,0.019946060128989536,0.03204779534800304,0.012101735219013504,-0.0075588934772656815,0.04131426364586016,0.021845710488388254,0.04673439255347307,-0.4863972099789051
0.9067783891945974,0.019942153869435212,0.03204779534800304,0.012105641478567828,-0.007387355547634682,0.04113987400421449,0.02184280870416131,0.0465789386436534,-0.48809222891380966
0.9092546273136569,0.019938211043891454,0.03204779534800304,0.012109584304111586,-0.007217291479989189,0.04096677868198782,0.02184028691091543,0.046424940365390625,-0.48979270151470883
0.9117308654327165,0.019934231428266,0.03204779534800304,0.01211356391973704,-0.007048686701334911,0.04079496048098272,0.0218381442135626,0.04627238207978166,-0.4914986850528516
0.914207103551776,0.019930214798749728,0.03204779534800304,0.012117580549253312,-0.006881526851199437,0.04062440238842621,0.021836379733996478,0.046121248349367795,-0.493210237288129
0.9166833416708355,0.019926160931856136,0.03204779534800304,0.012121634416146904,-0.006715797778269571,0.04045508757344608,0.021834992610661463,0.045971523934745,-0.4949274164709906
0.919159579789895,0.019922069604461676,0.03204779534800304,0.012125725743541364,-0.006551485537090545,0.04028699938361111,0.0218339819981221,0.04582319379123854,-0.4966502813443158
0.9216358179089545,0.01991794059384693,0.03204779534800304,0.012129854754156112,-0.006388576384825441,0.04012012134153437,0.021833347066632217,0.045676243065640366,-0.4983788911452268
0.9241120560280142,0.019913773677738764,0.03204779534800304,0.012134021670264276,-0.006227056778073294,0.03995443714153813,0.021833087001703614,0.04553065709300801,-0.5001133056068412
0.9265882941470737,0.019909568634353236,0.03204779534800304,0.012138226713649804,-0.006066913369744801,0.03978993064637924,0.021833201003674318,0.04538642139352381,-0.5018535849599645
0.9290645322661332,0.019905325242439504,0.03204779534800304,0.012142470105563536,-0.005908133005994295,0.03962658588403371,0.021833688287276408,0.04524352166941308,-0.5035997899347257
0.9315407703851927,0.019901043281324627,0.03204779534800304,0.012146752066678413,-0.0057507027232065605,0.03946438704453975,0.021834548081202918,0.04510194380192054,-0.5053519817621402
0.9340170085042523,0.01989672253095928,0.03204779534800304,0.012151072817043761,-0.0055946097450373985,0.039303318476897504,0.02183577962767397,0.04496167384834304,-0.5071102221756125
0.9364932466233118,0.019892362771964343,0.03204779534800304,0.012155432576038697,-0.0054398414795067,0.03914336468602515,0.021837382182001937,0.044822698039118265,-0.5088745734123654
0.9389694847423713,0.019887963785678496,0.03204779534800304,0.012159831562324544,-0.005286385516142604,0.03898451032976966,0.02183935501215526,0.044685002774967675,-0.5106450982147972
0.9414457228614308,0.019883525354206788,0.03204779534800304,0.012164269993796252,-0.005134229623175998,0.03882674021597184,0.021841697398321328,0.044548574624093215,-0.5124218598317668
0.9439219609804904,0.0198790472604701,0.03204779534800304,0.01216874808753294,-0.004983361744784022,0.038670039299584125,0.02184440863246789,0.044413400319426324,-0.5142049220198034
0.9463981990995499,0.01987452928825561,0.03204779534800304,0.012173266059747431,-0.004833769998381029,0.03851439267984056,0.02184748801790254,0.044279466755928205,-0.515994349044226
0.9488744372186094,0.01986997122226819,0.03204779534800304,0.01217782412573485,-0.0046854426719568874,0.03835978559747777,0.021850934868831287,0.04414676098794078,-0.5177902056801976
0.9513506753376689,0.01986537284818291,0.03204779534800304,0.012182422499820132,-0.004538368221460505,0.03820620343200639,0.021854748509914694,0.044015270226586994,-0.5195925572136774
0.9538269134567285,0.019860733952698387,0.03204779534800304,0.012187061395304653,-0.004392535268228328,0.0380536316990316,0.021858928275822576,0.04388498183721965,-0.5214014694422976
0.956303151575788,0.01985605432359127,0.03204779534800304,0.01219174102441177,-0.004247932596456293,0.037902056047622416,0.02186347351078643,0.04375588333691791,-0.5232170086761422
0.9587793896948476,0.019851333749771657,0.03204779534800304,0.012196461598231383,-0.004104549150714539,0.03775146225772859,0.021868383568149886,0.043627962392030574,-0.525039241738435
0.961255627813907,0.019846572021339562,0.03204779534800304,0.012201223326663478,-0.003962374033503633,0.0376018362376444,0.02187365780991677,0.04350120681576501,-0.5268682359661296
0.9637318659329666,0.019841768929642414,0.03204779534800304,0.012206026418360626,-0.003821396502851761,0.03745316402151873,0.021879295606297103,0.04337560456582152,-0.5287040592104042
0.9662081040520262,0.019836924267333616,0.03204779534800304,0.012210871080669424,-0.0036816059699513373,0.037305431766910514,0.02188529633525016,0.04325114374207149,-0.5305467798370448
0.9686843421710857,0.01983203782843212,0.03204779534800304,0.012215757519570922,-0.0035429919968348106,0.037158625752388895,0.021891659382025423,0.043127812584279314,-0.5323964667267317
0.9711605802901452,0.019827109408382993,0.03204779534800304,0.012220685939620047,-0.003405544294088118,0.037012732375177305,0.021898384138700426,0.04300559946986653,-0.5342531892752107
0.9736368184092047,0.019822138804119274,0.03204779534800304,0.012225656543883766,-0.0032692527186015037,0.036867738148841166,0.021905470003716183,0.042884492911718426,-0.5361170173933557
0.9761130565282643,0.01981712581412457,0.03204779534800304,0.012230669533878469,-0.0031341072713562423,0.036723629701017994,0.021912916381409277,0.042764481556031124,-0.5379880215071114
0.9785892946473238,0.019812070238497004,0.03204779534800304,0.012235725109506036,-0.0030000980952470894,0.036580393771189754,0.021920722681541376,0.04264555418019961,-0.5398662725573226
0.9810655327663833,0.019806971879014087,0.03204779534800304,0.012240823468988953,-0.0028672154729388957,0.03643801720849667,0.021928888318825196,0.04252769969074518,-0.5417518419994336
0.9835417708854428,0.019801830539198734,0.03204779534800304,0.012245964808804306,-0.002735449824757211,0.03629648696959183,0.021937412712447535,0.042410907121281954,-0.5436448018030675
0.9860180090045024,0.01979664602438634,0.03204779534800304,0.012251149323616699,-0.0026047917066117665,0.03615579011653627,0.02194629528558887,0.04229516563052191,-0.5455452244514728
0.9884942471235619,0.019791418141793006,0.03204779534800304,0.012256377206210034,-0.002475231807952151,0.036015913814733694,0.021955535464939568,0.0421804645003175,-0.5474531829408372
0.9909704852426214,0.01978614670058477,0.03204779534800304,0.012261648647418272,-0.0023467609497547356,0.03587684533090456,0.021965132680212458,0.042066793133741315,-0.5493687507794629
0.9934467233616809,0.019780831511948024,0.03204779534800304,0.012266963836055016,-0.0022193700825404823,0.03573857203109886,0.021975086363651967,0.041954141053202415,-0.5512920019868027
0.9959229614807406,0.019775472389161015,0.03204779534800304,0.012272322958842025,-0.0020930502844225185,0.03560108137874719,0.021985395949539403,0.041842497898598306,-0.5532230110923497
0.9983991995998001,0.019770069147666436,0.03204779534800304,0.012277726200336604,-0.0019677927591829495,0.03546436093274971,0.021996060873694483,0.04173185342550241,-0.555161853134377
1.0008754377188596,0.01976462160514514,0.03204779534800304,0.012283173742857902,-0.0018435888343783288,0.035328398345602266,0.022007080572973133,0.04162219750338615,-0.5571086036585304
1.003351675837919,0.019759129581590942,0.03204779534800304,0.012288665766412098,-0.0017204299594726193,0.03519318136155965,0.022018454484760926,0.041513520113875164,-0.5590633387162528
1.0058279139569786,0.0197535928993866,0.03204779534800304,0.01229420244861644,-0.001598307703997763,0.03505869781483522,0.022030182046463058,0.04140581134903934,-0.5610261348630621
1.008304152076038,0.019748011383380816,0.03204779534800304,0.012299783964622224,-0.0014772137557402523,0.034924935627836766,0.022042262694989538,0.04129906140971571,-0.5629970691566479
1.0107803901950976,0.019742384860966425,0.03204779534800304,0.012305410487036615,-0.0013571399189539176,0.034791882809438,0.022054695866236727,0.041193260603864156,-0.564976219154812
1.013256628314157,0.0197367131621597,0.03204779534800304,0.012311082185843342,-0.001238078112597729,0.03465952745328552,0.022067480994564327,0.041088399344955145,-0.5669636629132266
1.0157328664332166,0.01973099611968065,0.03204779534800304,0.012316799228322389,-0.0011200203685981982,0.034527857736140755,0.02208061751226799,0.040984468150389,-0.568959478983016
1.0182091045522763,0.01972523356903463,0.03204779534800304,0.01232256177896841,-0.0010029588301358212,0.03439686191625661,0.02209410484904774,0.04088145763994649,-0.5709637464081583
1.0206853426713358,0.019719425348594822,0.03204779534800304,0.012328369999408218,-0.0008868857499548521,0.034266528331788566,0.022107942431471645,0.04077935853426992,-0.5729765447226933
1.0231615807903953,0.01971357129968607,0.03204779534800304,0.01233422404831697,-0.0007717934886957373,0.034136845399239786,0.02212212968243509,0.04067816165337458,-0.5749979539477436
1.0256378189094548,0.019707671266669537,0.03204779534800304,0.012340124081333503,-0.0006576745132500228,0.034007801611940044,0.02213666602061549,0.04057785791518996,-0.5770280545883371
1.0281140570285143,0.019701725097028718,0.03204779534800304,0.012346070250974322,-0.0005445213951366995,0.03387938553855825,0.022151550859922313,0.04047843833413037,-0.5790669276300282
1.0305902951475738,0.01969573264145634,0.03204779534800304,0.0123520627065467,-0.00043232680889967665,0.03375158582164822,0.022166783608942257,0.04037989401969446,-0.5811146545353086
1.0330665332666333,0.01968969375394248,0.03204779534800304,0.012358101594060561,-0.0003210835305258661,0.033624391176227494,0.02218236367037995,0.040282216175093415,-0.5831713172398131
1.0355427713856928,0.019683608291863598,0.03204779534800304,0.012364187056139442,-0.0002107844358831719,0.03349779038838886,0.022198290440493526,0.04018539609590707,-0.5852369981483025
1.0380190095047526,0.019677476116072855,0.03204779534800304,0.012370319231930185,-0.00010142249917814185,0.033371772313944725,0.02221456330852574,0.040089425168768206,-0.5873117801304311
1.040495247623812,0.01967129709099126,0.03204779534800304,0.01237649825701178,7.009208567554381e-06,0.03324632587710367,0.02223118165612986,0.03999429487007388,-0.5893957465162807
1.0429714857428716,0.01966507108469996,0.03204779534800304,0.012382724263303078,0.00011451752102211929,0.03312144006917923,0.022248144856790858,0.03989999676472394,-0.5914889810916695
1.045447723861931,0.019658797969033616,0.03204779534800304,0.012388997378969424,0.0002211091780305388,0.03299710394733087,0.022265452275241678,0.03980652250488635,-0.5935915680932194
1.0479239619809906,0.019652477619674626,0.03204779534800304,0.012395317728328414,0.0003267908270841724,0.03287330663333662,0.02228310326687438,0.03971386382878857,-0.595703592203183
1.05040020010005,0.019646109916248593,0.03204779534800304,0.012401685431754447,0.000431569024773093,0.03275003731239765,0.02230109717714655,0.03962201255953529,-0.5978251385440213
1.0528764382191096,0.019639694742420517,0.03204779534800304,0.012408100605582523,0.0005354502382220253,0.03262728523197428,0.02231943334098246,0.03953096060395151,-0.5999562926727283
1.0553526763381693,0.019633231985992143,0.03204779534800304,0.012414563362010897,0.0006384408465100258,0.03250503970065339,0.022338111082169567,0.039440699951451164,-0.6020971405749024
1.0578289144572288,0.019626721539000233,0.03204779534800304,0.012421073809002807,0.0007405471420746136,0.0323832900870475,0.022357129712749585,0.03935122267293075,-0.6042477686585412
1.0603051525762883,0.019620163297815667,0.03204779534800304,0.012427632050187373,0.0008417753321005323,0.032262025818724595,0.022376488532405033,0.0392625209196876,-0.6064082637475826
1.0627813906953478,0.01961355716324362,0.03204779534800304,0.01243423818475942,0.0009421315398938611,0.03214123638116952,0.022396186827840316,0.03917458692236261,-0.6085787130751545
1.0652576288144073,0.019606903040624492,0.03204779534800304,0.012440892307378548,0.0010416218062414516,0.032020911316776195,0.0224162238721583,0.03908741298990719,-0.6107592042765574
1.0677338669334668,0.019600200839935786,0.03204779534800304,0.012447594508067254,0.0011402520907567056,0.03190104022387082,0.022436598924231516,0.03900099150857387,-0.6129498253819495
1.0702101050525263,0.01959345047589485,0.03204779534800304,0.01245434487210819,0.0012380282732115302,0.0317816127557662,0.022457311228068648,0.03891531494093063,-0.6151506648087438
1.0726863431715858,0.019586651868062323,0.03204779534800304,0.012461143479940717,0.001334956154855146,0.031662618619846546,0.022478360012176065,0.03883037582489834,-0.6173618113537076
1.0751625812906456,0.019579804940946566,0.03204779534800304,0.012467990407056474,0.0014310414597201084,0.03154404757668349,0.0224997444889145,0.03874616677281134,-0.6195833541847554
1.077638819409705,0.019572909624108688,0.03204779534800304,0.012474885723894352,0.0015262898359158991,0.031425889439182654,0.022521463853850766,0.03866268047050073,-0.6218153828324299
1.0801150575287646,0.019565965852268385,0.03204779534800304,0.012481829495734655,0.0016207068569103356,0.03130813407176094,0.022543517285104873,0.03857990967639998,-0.6240579871810716
1.082591295647824,0.0195589735654105,0.03204779534800304,0.01248882178259254,0.0017142980227993695,0.031190771389554586,0.02256590394269231,0.03849784722067291,-0.6263112574596635
1.0850675337668836,0.019551932708892265,0.03204779534800304,0.012495862639110775,0.0018070687615655123,0.031073791357658094,0.022588622967861592,0.03841648600436369,-0.6285752842323432
1.087543771885943,0.01954484323355106,0.03204779534800304,0.01250295211445198,0.001899024430325082,0.030957183990393457,0.022611673482427343,0.03833581899856818,-0.6308501583885898
1.0900200100050026,0.01953770509581297,0.03204779534800304,0.012510090252190069,0.0019901703165649733,0.030840939350610542,0.022635054588098707,0.03825583924362719,-0.6331359711330603
1.092496248124062,0.019530518257801815,0.03204779534800304,0.012517277090201225,0.0020805116393688462,0.03072504754901786,0.02265876536580344,0.03817653984834066,-0.6354328139750869
1.0949724862431216,0.019523282687448615,0.03204779534800304,0.012524512660554425,0.0021700535506333565,0.03060949874354411,0.022682804875007533,0.03809791398920279,-0.6377407787178189
1.0974487243621813,0.019515998358601745,0.03204779534800304,0.012531796989401295,0.002258801136274682,0.030494283138730604,0.022707172153030617,0.03801995490965815,-0.640059957447004
1.0999249624812408,0.01950866525113733,0.03204779534800304,0.012539130096865709,0.002346759417425409,0.030379390985154263,0.02273186621435715,0.03794265591937792,-0.6423904425194064
1.1024012006003003,0.01950128335107022,0.03204779534800304,0.01254651199693282,0.002433933351622522,0.030264812578881525,0.022756886049943706,0.03786601039355675,-0.644732326550855
1.1048774387193598,0.019493852650665163,0.03204779534800304,0.012553942697337877,0.0025203278339862665,0.030150538260952996,0.022782230626522102,0.03779001177222934,-0.6470857024039112
1.1073536768384193,0.019486373148548414,0.03204779534800304,0.012561422199454626,0.002605947698390572,0.03003655841689904,0.022807898885898948,0.03771465355960703,-0.6494506631751561
1.1098299149574788,0.019478844849819522,0.03204779534800304,0.012568950498183518,0.0026907977186250796,0.029922863476286244,0.02283388974425135,0.03763992932343381,-0.6518273021820851
1.1123061530765384,0.019471267766163345,0.03204779534800304,0.012576527581839695,0.002774882609549025,0.029809443912294734,0.02286020209141926,0.03756583269436171,-0.6542157129496118
1.1147823911955979,0.0194636419159622,0.03204779534800304,0.012584153432040841,0.002858207028237497,0.029696290241326657,0.022886834790194224,0.037492357365345244,-0.6566159891961628
1.1172586293146576,0.01945596732440816,0.03204779534800304,0.012591828023594879,0.0029407755751198576,0.029583393022645583,0.022913786675605227,0.037419497091054806,-0.6590282248193736
1.119734867433717,0.019448244023615377,0.03204779534800304,0.012599551324387663,0.0030225927951109694,0.029470742858047138,0.022941056554201245,0.03734724568730867,-0.6614525138813615
1.1222111055527766,0.019440472052732256,0.03204779534800304,0.012607323295270784,0.0031036631787353004,0.029358330391560536,0.022968643203331036,0.03727559703052323,-0.6638889505935873
1.124687343671836,0.019432651458053802,0.03204779534800304,0.012615143889949238,0.003183991163244016,0.029246146309181726,0.022996545370420354,0.03720454505718173,-0.6663376293012846
1.1271635817908956,0.019424782293133554,0.03204779534800304,0.012623013054869486,0.0032635811337255374,0.029134181338637453,0.023024761772246435,0.03713408376332061,-0.6687986444674592
1.129639819909955,0.019416864618895503,0.03204779534800304,0.012630930729107537,0.003342437424209345,0.02902242624918081,0.023053291094210688,0.037064207204033826,-0.671272090656458
1.1321160580290146,0.01940889850374563,0.03204779534800304,0.01263889684425741,0.003420564318763822,0.02891087185141824,0.02308213198960874,0.036994909492994395,-0.6737580625170803
1.134592296148074,0.019400884023683125,0.03204779534800304,0.012646911324319915,0.003497966052587646,0.028799508997167843,0.02311128307889922,0.036926184801993354,-0.6762566547652555
1.1370685342671336,0.01939282126241118,0.03204779534800304,0.01265497408559186,0.00357464681309542,0.02868832857934931,0.023140742948970658,0.03685802736049565,-0.6787679621662573
1.1395447723861933,0.019384710311447298,0.03204779534800304,0.012663085036555742,0.0036506107409974946,0.02857732153190533,0.02317051015240717,0.03679043145521269,-0.6812920795164616
1.1420210105052528,0.019376551270233022,0.03204779534800304,0.012671244077770018,0.003725861931374126,0.028466478829754744,0.023200583206753,0.03672339142969157,-0.6838291016246363
1.1444972486243123,0.01936834424624302,0.03204779534800304,0.012679451101760018,0.003800404434744168,0.028355791488777173,0.023230960593776426,0.03665690168392033,-0.6863791232927661
1.1469734867433719,0.01936008935509346,0.03204779534800304,0.012687705992909581,0.0038742422581284908,0.028245250565829574,0.02326164075873297,0.03659095667394941,-0.6889422392963955
1.1494497248624314,0.019351786720649515,0.03204779534800304,0.012696008627353525,0.003947379366108105,0.028134847158794423,0.023292622109628475,0.03652555091152871,-0.6915185443644959
1.1519259629814909,0.01934343647513201,0.03204779534800304,0.012704358872871031,0.004019819681877233,0.028024572406659662,0.023323903016482288,0.03646067896376015,-0.6941081331588459
1.1544022011005504,0.019335038759223173,0.03204779534800304,0.012712756588779867,0.004091567088291477,0.027914417489630743,0.023355481810590717,0.03639633545276552,-0.6967111002529188
1.1568784392196099,0.01932659372217108,0.03204779534800304,0.01272120162583196,0.004162625428911,0.02780437362927411,0.02338735678379135,0.036332515055369136,-0.6993275401102823
1.1593546773386694,0.01931810152189322,0.03204779534800304,0.01272969382610982,0.004232998509039061,0.02769443208869302,0.023419526187728308,0.03626921250279529,-0.7019575470624918
1.161830915457729,0.019309562325078595,0.03204779534800304,0.012738233022924445,0.004302690096755775,0.027584584172734954,0.02345198823311891,0.036206422580379954,-0.704601215286485
1.1643071535767886,0.019300976307288567,0.03204779534800304,0.012746819040714473,0.004371703923947283,0.027474821228231125,0.023484741089022147,0.03614414012729677,-0.7072586387814692
1.166783391695848,0.0192923436530562,0.03204779534800304,0.01275545169494684,0.004440043687330426,0.0273651346442678,0.023517782882109164,0.03608236003629658,-0.7099299113452961
1.1692596298149076,0.019283664555984133,0.03204779534800304,0.012764130792018907,0.0045077130494728685,0.027255515852489632,0.023551111695936378,0.03602107725346071,-0.7126151265503251
1.1717358679339671,0.019274939218840652,0.03204779534800304,0.012772856129162388,0.0045747156398088205,0.027145956327434814,0.023584725570221267,0.03596028677796726,-0.7153143777187647
1.1742121060530266,0.019266167853654256,0.03204779534800304,0.012781627494348784,0.004641055055650302,0.027036447586902213,0.02361862250012176,0.03589998366187049,-0.7180277578974998
1.1766883441720861,0.019257350681806035,0.03204779534800304,0.012790444666197005,0.004706734863194157,0.026926981192350225,0.023652800435518942,0.03584016300989252,-0.7207553598323888
1.1791645822911456,0.01924848793412041,0.03204779534800304,0.012799307413882629,0.004771758598524554,0.026817548749327597,0.023687257280304207,0.03578081997922751,-0.7234972759420394
1.1816408204102054,0.019239579850953502,0.03204779534800304,0.012808215497049538,0.004836129768611261,0.02670814190793578,0.023721990891670774,0.0357219497793576,-0.7262535982910563
1.1841170585292649,0.01923062668227953,0.03204779534800304,0.012817168665723511,0.00489985185230348,0.026598752363323222,0.023756999079410264,0.0356635476718805,-0.7290244185627556
1.1865932966483244,0.0192216286877748,0.03204779534800304,0.01282616666022824,0.0049629283013193585,0.026489371856211023,0.023792279605214798,0.035605608970348264,-0.7318098280313536
1.1890695347673839,0.019212586136899266,0.03204779534800304,0.012835209211103774,0.005025362541231213,0.026379992173450276,0.0238278301819848,0.035548129040116914,-0.7346099175336152
1.1915457728864434,0.01920349930897556,0.03204779534800304,0.01284429603902748,0.005087157972446094,0.02627060514861067,0.02386364847314352,0.03549110329820664,-0.7374247774399774
1.1940220110055029,0.019194368493265418,0.03204779534800304,0.012853426854737622,0.005148317971182115,0.026161202662600434,0.023899732091958212,0.03543452721317203,-0.7402544976251338
1.1964982491245624,0.019185193989043284,0.03204779534800304,0.012862601358959756,0.005208845890440173,0.026051776644317508,0.02393607860086879,0.03537839630498217,-0.7430991674380838
1.1989744872436219,0.019175976105666945,0.03204779534800304,0.012871819242336095,0.005268745060971105,0.02594231907133146,0.023972685510824376,0.03532270614490992,-0.7459588756716535
1.2014507253626814,0.019166715162645287,0.03204779534800304,0.012881080185357753,0.005328018792238189,0.025832821970596498,0.024009550280628268,0.035267452355430357,-0.7488337105314773
1.203926963481741,0.019157411489702732,0.03204779534800304,0.012890383858300308,0.00538667037337486,0.02572327741919483,0.024046670316291985,0.03521263061012762,-0.7517237596044557
1.2064032016008006,0.019148065426840555,0.03204779534800304,0.012899729921162485,0.005444703074137731,0.02561367754511077,0.02408404297039854,0.035158236633609986,-0.7546291098266714
1.2088794397198601,0.01913867732439466,0.03204779534800304,0.01290911802360838,0.0055021201458545655,0.02550401452803473,0.02412166554147602,0.03510426620143253,-0.7575498474507872
1.2113556778389196,0.019129247543089856,0.03204779534800304,0.012918547804913184,0.005558924822367186,0.0253942806001973,0.024159535273381716,0.0350507151400272,-0.7604860580129161
1.2138319159579791,0.019119776454090503,0.03204779534800304,0.012928018893912537,0.005615120320969254,0.025284468047233062,0.024197649354697377,0.03499757932663967,-0.763437826298965
1.2163081540770386,0.019110264439047276,0.03204779534800304,0.012937530908955764,0.005670709843338735,0.025174569209073707,0.024236004918136267,0.03494485468927246,-0.7664052363104635
1.2187843921960981,0.01910071189014009,0.03204779534800304,0.01294708345786295,0.005725696576464915,0.025064576480870376,0.024274599039962555,0.03489253720663419,-0.7693883712298747
1.2212606303151576,0.019091119210116848,0.03204779534800304,0.012956676137886192,0.0057800836935696966,0.024954482313944676,0.0243134287394237,0.03484062290809411,-0.7723873133853979
1.2237368684342174,0.019081486812328005,0.03204779534800304,0.012966308535675035,0.005833874355023189,0.024844279216768034,0.024352490978196348,0.03478910787364152,-0.7754021442152685
1.2262131065532769,0.019071815120756876,0.03204779534800304,0.012975980227246164,0.005887071709253346,0.024733959755969433,0.02439178265984642,0.034737988233849985,-0.7784329442315521
1.2286893446723364,0.019062104570045323,0.03204779534800304,0.012985690777957717,0.005939678893649377,0.024623516557370412,0.024431300629303928,0.03468726016984509,-0.7814797929834517
1.2311655827913959,0.019052355605514923,0.03204779534800304,0.012995439742488117,0.005991699035458833,0.024512942307047522,0.02447104167235331,0.03463691991327596,-0.7845427690201295
1.2336418209104554,0.019042568683183346,0.03204779534800304,0.013005226664819694,0.006043135252678081,0.024402229752421557,0.024511002515139765,0.03458696374628967,-0.7876219498530475
1.2361180590295149,0.0190327442697758,0.03204779534800304,0.01301505107822724,0.006093990654936087,0.024291371703373043,0.024551179823692183,0.034537388001507914,-0.7907174119178395
1.2385942971485744,0.01902288284273152,0.03204779534800304,0.013024912505271519,0.006144268344371017,0.024180361033383557,0.024591570203463614,0.03448818906200576,-0.7938292305357275
1.241070535267634,0.019012984890205024,0.03204779534800304,0.013034810457798016,0.00619397141649972,0.024069190680702422,0.024632170198889504,0.034439363361291574,-0.7969574798744796
1.2435467733866934,0.019003050911062094,0.03204779534800304,0.013044744436940946,0.00624310296107961,0.023957853649538084,0.02467297629296474,0.034390907383287886,-0.800102232908935
1.2460230115057531,0.018993081414870244,0.03204779534800304,0.013054713933132796,0.00629166606296276,0.023846343011273585,0.02471398490683989,0.03434281766231225,-0.8032635613810982
1.2484992496248126,0.0189830769218837,0.03204779534800304,0.01306471842611934,0.006339663802942033,0.023734651905705867,0.024755192399437395,0.03429509078305801,-0.8064415357598121
1.2509754877438721,0.01897303796302261,0.03204779534800304,0.013074757384980429,0.006387099258588758,0.023622773542307674,0.02479659506708854,0.03424772338057395,-0.8096362252000359
1.2534517258629316,0.018962965079846385,0.03204779534800304,0.013084830268156655,0.006433975505081877,0.023510701201511993,0.024838189143191504,0.03420071214024254,-0.8128476975017241
1.2559279639819911,0.018952858824521062,0.03204779534800304,0.013094936523481978,0.006480295616028137,0.023398428236017933,0.02487997079789154,0.03415405379775609,-0.8160760190683355
1.2584042021010506,0.018942719759780544,0.03204779534800304,0.013105075588222496,0.006526062664273025,0.023285948072117518,0.024921936137783682,0.03410774513909006,-0.8193212548649778
1.2608804402201101,0.018932548458881593,0.03204779534800304,0.013115246889121447,0.006571279722702196,0.02317325421104259,0.024964081205638804,0.03406178300047329,-0.8225834683762085
1.2633566783391696,0.01892234550555247,0.03204779534800304,0.013125449842450568,0.006615949865033027,0.023060340230331097,0.025006401980153675,0.03401616426835425,-0.8258627215635089
1.2658329164582294,0.018912111493934906,0.03204779534800304,0.013135683854068134,0.006660076166595839,0.022947199785211668,0.02504889437572557,0.033970885879362554,-0.8291590748224484
1.2683091545772889,0.01890184702851969,0.03204779534800304,0.01314594831948335,0.006703661705104776,0.022833826610006318,0.025091554242252262,0.0339259448202658,-0.8324725869395521
1.2707853926963484,0.018891552724075222,0.03204779534800304,0.013156242623927818,0.006746709561417586,0.022720214519549434,0.025134377364957928,0.03388133812792013,-0.8358033150489048
1.2732616308154079,0.01888122920556943,0.03204779534800304,0.013166566142433611,0.006789222820284211,0.02260635741062312,0.02517735946424578,0.03383706288921486,-0.839151314588497
1.2757378689344674,0.018870877108084393,0.03204779534800304,0.013176918239918647,0.006831204571083825,0.022492249263407264,0.025220496195577674,0.03379311624100968,-0.842516639256339
1.278214107053527,0.018860497076724173,0.03204779534800304,0.013187298271278868,0.006872657908549568,0.022377884142943595,0.025263783149382255,0.03374949537006468,-0.8458993409663801
1.2806903451725864,0.018850089766515116,0.03204779534800304,0.013197705581487924,0.006913585933481382,0.02226325620061307,0.025307215850990824,0.03370619751296158,-0.8492994698042198
1.283166583291646,0.018839655842298984,0.03204779534800304,0.013208139505704056,0.006953991753445545,0.02214835967562482,0.02535078976060326,0.033663219956016545,-0.8527170739826835
1.2856428214107054,0.018829195978618537,0.03204779534800304,0.013218599369384503,0.006993878483461441,0.022033188896516377,0.025394500273283098,0.03362056003518305,-0.8561521997972429
1.2881190595297651,0.018818710859595612,0.03204779534800304,0.013229084488407428,0.007033249246674521,0.021917738282663544,0.02543834271898349,0.03357821513594485,-0.8596048915813389
1.2905952976488246,0.018808201178801578,0.03204779534800304,0.013239594169201462,0.007072107175015423,0.021802002345799227,0.02548231236260398,0.033536182693198024,-0.863075191661613
1.2930715357678841,0.018797667639119872,0.03204779534800304,0.013250127708883168,0.007110455409844637,0.02168597569153951,0.025526404404079054,0.033494460191121594,-0.8665631403130926
1.2955477738869436,0.01878711095260091,0.03204779534800304,0.01326068439540213,0.007148297102582423,0.021569653020916513,0.0255706139784988,0.03345304516303607,-0.8700687757143423
1.2980240120060031,0.018776531840308898,0.03204779534800304,0.013271263507694142,0.007185635415323539,0.021453029131916202,0.025614936156262466,0.03341193519124936,-0.8735921339026241
1.3005002501250627,0.01876593103216071,0.03204779534800304,0.013281864315842329,0.007222473521436269,0.02133609892102031,0.0256593659432653,0.03337112790688932,-0.8771332487290894
1.3029764882441222,0.018755309266756687,0.03204779534800304,0.013292486081246353,0.007258814606145426,0.02121885738475081,0.025703898281119394,0.03333062098972244,-0.880692151814043
1.3054527263631817,0.018744667291203207,0.03204779534800304,0.013303128056799833,0.007294661867098961,0.02110129962121602,0.02574852804740875,0.033290412167958,-0.8842688725022968
1.3079289644822414,0.018734005860927112,0.03204779534800304,0.013313789487075928,0.0073300185149175415,0.020983420831656593,0.025793250055979485,0.0332504992180371,-0.8878634378186671
1.310405202601301,0.018723325739481763,0.03204779534800304,0.013324469608521277,0.007364887773726897,0.020865216321990405,0.02583805905726518,0.03321087996440591,-0.8914758724236292
1.3128814407203604,0.018712627698344846,0.03204779534800304,0.013335167649658194,0.007399272881672308,0.020746681504354676,0.025882949738648433,0.033171552279272876,-0.8951061985691865
1.31535767883942,0.01870191251670772,0.03204779534800304,0.01334588283129532,0.007433177091415029,0.020627811898644186,0.025927916724858422,0.033132514082348775,-0.8987544360549689
1.3178339169584794,0.018691180981256335,0.03204779534800304,0.013356614366746705,0.007466603670609971,0.020508603134043995,0.02597295457840536,0.033093763340569585,-0.9024206021846136
1.320310155077539,0.018680433885943804,0.03204779534800304,0.013367361462059236,0.007499555902364465,0.020389050950555352,0.026018057800052057,0.03305529806780135,-0.9061047117224584
1.3227863931965984,0.01866967203175426,0.03204779534800304,0.01337812331624878,0.007532037085677347,0.02026915120051296,0.02606322082932304,0.0330171163245265,-0.9098067768505963
1.325262631315658,0.01865889622645847,0.03204779534800304,0.013388899121544569,0.007564050535858428,0.02014889985009283,0.026108438045051453,0.03297921621751131,-0.9135268071263126
1.3277388694347174,0.018648107284360674,0.03204779534800304,0.013399688063642366,0.007595599584927386,0.02002829298080832,0.026153703765964237,0.032941595899453745,-0.9172648094399709
1.3302151075537771,0.018637306026037068,0.03204779534800304,0.013410489321965972,0.007626687581992107,0.01990732679099362,0.02619901225130573,0.03290425356861146,-0.9210207879733644
1.3326913456728366,0.018626493278065676,0.03204779534800304,0.013421302069937364,0.007657317893605757,0.019785997597272596,0.026244357701500045,0.032867187468409303,-0.924794744158594
1.3351675837918962,0.01861566987274772,0.03204779534800304,0.01343212547525532,0.007687493904102385,0.01966430183601164,0.02628973425885248,0.03283039588702598,-0.9285866766375079
1.3376438219109557,0.018604836647820526,0.03204779534800304,0.013442958700182514,0.007717219015910524,0.019542236064754973,0.026335136008290107,0.03279387715695947,-0.9323965812217467
1.3401200600300152,0.018593994446161874,0.03204779534800304,0.013453800901841166,0.007746496649844483,0.01941979696364079,0.026380556978141637,0.0327576296545707,-0.9362244508534371
1.3425962981490747,0.018583144115486006,0.03204779534800304,0.013464651232517034,0.0077753302453728215,0.01929698133679642,0.026425991140957037,0.03272165179960525,-0.9400702755665902
1.3450725362681342,0.018572286508031163,0.03204779534800304,0.013475508839971877,0.00780372326086381,0.019173786113711292,0.02647143241436651,0.03268594205469259,-0.9439340424492325
1.3475487743871937,0.018561422480238843,0.03204779534800304,0.013486372867764197,0.00783167917380736,0.01905020835058572,0.026516874661979363,0.03265049892482271,-0.9478157356063324
1.3500250125062534,0.01855055289242468,0.03204779534800304,0.01349724245557836,0.007859201481013003,0.018926245231653843,0.026562311694322573,0.03261532095679952,-0.9517153361235641
1.352501250625313,0.01853967860844128,0.03204779534800304,0.01350811673956176,0.007886293698783894,0.018801894070479684,0.026607737269819,0.032580406738671235,-0.9556328220319436
1.3549774887443724,0.018528800495332735,0.03204779534800304,0.013518994852670305,0.007912959363066034,0.018677152311223633,0.026653145095805467,0.03254575489913708,-0.9595681682734125
1.357453726863432,0.018517919422981283,0.03204779534800304,0.013529875925021757,0.00793920202957277,0.018552017529878718,0.026698528829590396,0.03251136410693031,-0.9635213466673898
1.3599299649824914,0.018507036263745856,0.03204779534800304,0.013540759084257184,0.007965025273884055,0.018426487435474388,0.026743882079550897,0.03247723307017732,-0.9674923258783553
1.362406203101551,0.018496151892092957,0.03204779534800304,0.013551643455910083,0.007990432691520246,0.018300559871246447,0.026789198406269286,0.03244336053573268,-0.9714810713845095
1.3648824412206104,0.0184852671842197,0.03204779534800304,0.013562528163783338,0.00801542789799007,0.01817423281577124,0.026834471323708867,0.03240974528849016,-0.9754875454475644
1.36735867933967,0.018474383017669394,0.03204779534800304,0.013573412330333646,0.00804001452881261,0.01804750438406282,0.026879694300428428,0.032376386150669303,-0.9795117070837023
1.3698349174587294,0.018463500270939508,0.03204779534800304,0.013584295077063532,0.00806419623951287,0.017920372828630925,0.02692486076083562,0.032343281981077915,-0.9835535120357692
1.3723111555777892,0.018452619823082564,0.03204779534800304,0.013595175524920476,0.00808797670559098,0.017792836540498833,0.026969964086478483,0.03231043167435015,-0.9876129127467324
1.3747873936968487,0.018441742553299688,0.03204779534800304,0.013606052794703352,0.008111359622464348,0.01766489405017872,0.027014997617375084,0.03227783416016045,-0.9916898583344715
1.3772636318159082,0.018430869340527383,0.03204779534800304,0.013616926007475657,0.008134348705383106,0.017536544028603593,0.02705995465338064,0.03224548840241327,-0.995784294567936
1.3797398699349677,0.01842000106301735,0.03204779534800304,0.01362779428498569,0.008156947689318125,0.017407785288013615,0.027104828455591774,0.032213393398408695,-0.9998961638447317
1.3822161080540272,0.018409138597909814,0.03204779534800304,0.013638656750093226,0.008179160328821912,0.01727861678279588,0.027149612247787325,0.032181548177984215,-1.004025405170169
1.3846923461730867,0.01839828282080045,0.03204779534800304,0.01364951252720259,0.008200990397861818,0.017149037610275458,0.027194299217905366,0.032149951802632776,-1.0081719541378413
1.3871685842921462,0.018387434605301105,0.03204779534800304,0.013660360742701935,0.008222441689625774,0.017019047011456716,0.027238882519555516,0.0321186033645973,-1.0123357429117632
1.3896448224112057,0.01837659482259449,0.03204779534800304,0.013671200525408551,0.008243518016300126,0.016888644371712933,0.027283355273566238,0.0320875019859419,-1.0165167002101299
1.3921210605302654,0.018365764340983297,0.03204779534800304,0.013682031007019743,0.008264223208819841,0.016757829221423277,0.02732771056956626,0.03205664681760042,-1.0207147512907335
1.394597298649325,0.01835494402543364,0.03204779534800304,0.0136928513225694,0.008284561116590632,0.01662660123655517,0.027371941467599418,0.03202603703840215,-1.0249298179380937
1.3970735367683844,0.018344134737113372,0.03204779534800304,0.013703660610889668,0.008304535607183298,0.01649496023919097,0.02741604099977218,0.031995671854075515,-1.0291618184523377
1.399549774887444,0.018333337332925363,0.03204779534800304,0.013714458015077678,0.008324150566000018,0.016362906197997497,0.02746000217193305,0.03196555049623004,-1.0334106676398833
1.4020260130065034,0.018322552665036074,0.03204779534800304,0.013725242682966966,0.008343409895912798,0.01623043922863701,0.02750381796538291,0.031935672221317005,-1.0376762768059624
1.404502251125563,0.018311781580399672,0.03204779534800304,0.013736013767603368,0.008362317516873888,0.016097559594118432,0.02754748133861553,0.031906036309569466,-1.041958553749032
1.4069784892446224,0.018301024920278026,0.03204779534800304,0.013746770427725014,0.008380877365498455,0.015964267705087458,0.027590985229087102,0.03187664206392199,-1.0462574027571108
1.409454727363682,0.018290283519756825,0.03204779534800304,0.013757511828246215,0.008399093394619422,0.015830564120054468,0.027634322555014017,0.031847488808911015,-1.0505727246060859
1.4119309654827414,0.018279558207258108,0.03204779534800304,0.013768237140744932,0.008416969572814587,0.01569644954555882,0.027677486217197643,0.031818575889556076,-1.0549044165600279
1.4144072036018012,0.01826884980404967,0.03204779534800304,0.01377894554395337,0.008434509883906368,0.015561924836268863,0.027720469100875222,0.03178990267022313,-1.0592523723735463
1.4168834417208607,0.018258159123751408,0.03204779534800304,0.013789636224251632,0.008451718326433998,0.015426990995016023,0.027763264077595478,0.03176146853347006,-1.0636164822962313
1.4193596798399202,0.018247486971839196,0.03204779534800304,0.013800308376163844,0.008468598913098624,0.015291649172762378,0.027805864007118167,0.03173327287887579,-1.0679966330792123
1.4218359179589797,0.018236834145146465,0.03204779534800304,0.013810961202856575,0.008485155670181418,0.015155900668500616,0.027848261739335932,0.03170531512185329,-1.0723927079838635
1.4243121560780392,0.018226201431363852,0.03204779534800304,0.013821593916639188,0.008501392636934928,0.015019746929085392,0.02789045011621746,0.03167759469244761,-1.0768045867926932
1.4267883941970987,0.018215589608537447,0.03204779534800304,0.013832205739465593,0.008517313864948002,0.01488318954899547,0.02793242197377073,0.031650111034119896,-1.081232145822443
1.4292646323161582,0.018204999444565637,0.03204779534800304,0.013842795903437403,0.008532923417484517,0.014746230270025487,0.02797417014402465,0.031622863602517974,-1.0856752579394273
1.4317408704352177,0.018194431696695296,0.03204779534800304,0.013853363651307744,0.008548225368796292,0.014608870980907086,0.028015687457028145,0.03159585186423486,-1.0901337925771364
1.4342171085542774,0.018183887111017486,0.03204779534800304,0.013863908236985554,0.008563223803410479,0.014471113716858323,0.028056966742865043,0.031569075295555936,-1.094607615756129
1.436693346673337,0.018173366421963072,0.03204779534800304,0.013874428926039968,0.008577922815391895,0.014332960659061169,0.028098000833683304,0.03154253338119598,-1.0990965901062322
1.4391695847923964,0.018162870351798675,0.03204779534800304,0.013884924996204365,0.008592326507580622,0.014194414134066087,0.028138782565737347,0.031516225613027,-1.1036005748910773
1.441645822911456,0.018152399610123306,0.03204779534800304,0.013895395737879734,0.008606438990805296,0.014055476613123744,0.028179304781441688,0.031490151488798065,-1.1081194260349772
1.4441220610305154,0.018141954893366157,0.03204779534800304,0.013905840454636883,0.008620264383072767,0.013916150711443304,0.028219560331434503,0.031464310510848255,-1.1126529961521627
1.446598299149575,0.0181315368842858,0.03204779534800304,0.013916258463717239,0.008633806808734235,0.013776439187376657,0.028259542076649553,0.03143870218481376,-1.117201134578401
1.4490745372686344,0.018121146251471428,0.03204779534800304,0.013926649096531612,0.008647070397628815,0.013636344941529075,0.028299242890394864,0.031413326018330655,-1.1217636874049866
1.451550775387694,0.018110783648846253,0.03204779534800304,0.013937011699156787,0.008660059284204713,0.013495871015795285,0.02833865566043651,0.03138818151973404,-1.1263404975151323
1.4540270135067535,0.018100449715173713,0.03204779534800304,0.013947345632829327,0.00867277760661879,0.013355020592321616,0.02837777329108585,0.03136326819675526,-1.1309314046227485
1.4565032516258132,0.0180901450735668,0.03204779534800304,0.01395765027443624,0.008685229505815146,0.013213796992393848,0.028416588705288664,0.03133858555521828,-1.1355362453136209
1.4589794897448727,0.01807987033100091,0.03204779534800304,0.013967925017002131,0.008697419124583135,0.013072203675250879,0.028455094846714338,0.03131413309773642,-1.140154853088982
1.4614557278639322,0.0180696260778306,0.03204779534800304,0.013978169270172439,0.008709350606595695,0.012930244236824397,0.02849328468184353,0.0312899103224108,-1.1447870584114799
1.4639319659829917,0.018059412887310874,0.03204779534800304,0.013988382460692166,0.008721028095428577,0.012787922408404925,0.028531151202052553,0.03126591672153192,-1.149432688753523
1.4664082041020512,0.018049231315123017,0.03204779534800304,0.013998564032880023,0.008732455733561136,0.01264524205523437,0.02856868742569265,0.031242151780285513,-1.1540915686480064
1.4688844422211107,0.018039081898905875,0.03204779534800304,0.014008713449097165,0.008743637661359462,0.012502207175025568,0.028605886400162664,0.03121861497546411,-1.1587635197414003
1.4713606803401702,0.018028965157792547,0.03204779534800304,0.014018830190210493,0.008754578016042604,0.012358821896409317,0.028642741203973004,0.031195305774185632,-1.1634483608491843
1.4738369184592297,0.018018881591953265,0.03204779534800304,0.014028913756049775,0.008765280930632686,0.012215090477309613,0.02867924494879945,0.031172223632620413,-1.168145908013607
1.4763131565782894,0.01800883168214454,0.03204779534800304,0.014038963665858498,0.008775750532889565,0.012071017303247309,0.0287153907815248,0.031149367994727842,-1.1728559745637614
1.478789394697349,0.017998815889265406,0.03204779534800304,0.014048979458737634,0.008785990944231058,0.011926606885573544,0.028751171886266857,0.031126738291004277,-1.1775783711779344
1.4812656328164084,0.017988834653920576,0.03204779534800304,0.014058960694082464,0.008796006278639424,0.01178186385963315,0.028786581486390562,0.03110433393724311,-1.1823129059482185
1.483741870935468,0.017978888395991637,0.03204779534800304,0.014068906952011403,0.008805800641555013,0.011636792982859486,0.028821612846503048,0.031082154333308964,-1.1870593844473423
1.4862181090545274,0.017968977514216,0.03204779534800304,0.01407881783378704,0.008815378128757951,0.011491399132801235,0.028856259274429343,0.03106019886192673,-1.1918176097976974
1.488694347173587,0.017959102385774438,0.03204779534800304,0.014088692962228602,0.008824742825238732,0.011345687305082569,0.028890514123167226,0.031038466887487157,-1.1965873827425146
1.4911705852926465,0.01794926336588744,0.03204779534800304,0.014098531982115602,0.008833898804058668,0.011199662611297526,0.02892437079281952,0.031016957754870265,-1.2013685017191622
1.493646823411706,0.017939460787420803,0.03204779534800304,0.014108334560582237,0.008842850125201104,0.011053330276840126,0.028957822732501914,0.03099567078828776,-1.2061607629345101
1.4961230615307655,0.017929694960500793,0.03204779534800304,0.014118100387502247,0.008851600834414284,0.010906695638671273,0.028990863442224707,0.03097460529014586,-1.2109639604423248
1.4985992996498252,0.017919966172139312,0.03204779534800304,0.014127829175863728,0.00886015496204693,0.010759764143023959,0.029023486474746757,0.03095376053992975,-1.2157778862226445
1.5010755377688847,0.01791027468586937,0.03204779534800304,0.014137520662133671,0.008868516521877416,0.010612541343048294,0.029055685437399822,0.03093313579311088,-1.2206023302630762
1.5035517758879442,0.017900620741391277,0.03204779534800304,0.014147174606611763,0.008876689509937495,0.010465032896397539,0.029087453993881893,0.030912730280078436,-1.2254370806419763
1.5060280140070037,0.017891004554229845,0.03204779534800304,0.014156790793773195,0.008884677903331703,0.010317244562757337,0.029118785866017495,0.03089254320509605,-1.230281923613438
1.5085042521260632,0.01788142631540303,0.03204779534800304,0.014166369032600011,0.008892485659053217,0.010169182201319193,0.02914967483548376,0.030872573745285025,-1.2351366436940443
1.5109804902451227,0.0178718861911022,0.03204779534800304,0.01417590915690084,0.008900116712797394,0.010020851768200388,0.029180114745500252,0.03085282104963509,-1.2400010237513137
1.5134567283641822,0.017862384322384482,0.03204779534800304,0.014185411025618558,0.00890757497777385,0.00987225931381198,0.029210099502481365,0.03083328423804395,-1.2448748450937765
1.5159329664832417,0.017852920824877494,0.03204779534800304,0.014194874523125546,0.008914864343518177,0.009723410980176744,0.02923962307764948,0.030813962400386512,-1.2497578875626167
1.5184092046023012,0.01784349578849658,0.03204779534800304,0.014204299559506459,0.008921988674704196,0.009574312998198959,0.029268679508607544,0.030794854595614908,-1.2546499296248113
1.520885442721361,0.017834109277175197,0.03204779534800304,0.014213686070827843,0.008928951809958011,0.009424971684888265,0.029297262900869633,0.0307759598508904,-1.259550748467688
1.5233616808404205,0.017824761328608222,0.03204779534800304,0.014223034019394818,0.008935757560674558,0.00927539344053939,0.029325367429347843,0.03075727716074777,-1.2644601200948362
1.52583791895948,0.017815451954009055,0.03204779534800304,0.014232343393993985,0.008942409709837937,0.009125584745869926,0.02935298733979457,0.030738805486293614,-1.2693778194232934
1.5283141570785395,0.017806181137880153,0.03204779534800304,0.014241614210122888,0.008948912010846442,0.008975552159118449,0.029380116950198338,0.030720543754438782,-1.274303620381925
1.530790395197599,0.01779694883779777,0.03204779534800304,0.014250846510205271,0.008955268186343353,0.008825302313105174,0.029406750652132264,0.030702490857166313,-1.2792372960109175
1.5332666333166585,0.01778775498421072,0.03204779534800304,0.01426004036379232,0.008961481927054354,0.008674841912257147,0.029432882912053822,0.030684645650835257,-1.284178618562317
1.535742871435718,0.01777859948025376,0.03204779534800304,0.01426919586774928,0.008967556890632816,0.008524177729600704,0.029458508272554685,0.03066700695552133,-1.2891273596015111
1.5382191095547775,0.017769482201575305,0.03204779534800304,0.014278313146427735,0.008973496700513808,0.008373316603723294,0.02948362135355935,0.03064957355439467,-1.294083290109579
1.5406953476738372,0.017760402996180237,0.03204779534800304,0.014287392351822803,0.008979304944777812,0.00822226543570703,0.02950821685347186,0.030632344193135843,-1.2990461805864295
1.5431715857928967,0.017751361684287554,0.03204779534800304,0.014296433663715486,0.008984985175025207,0.008071031186036581,0.02953228955026925,0.03061531757939018,-1.3040158011546297
1.5456478239119562,0.017742358058203178,0.03204779534800304,0.014305437289799862,0.008990540905262467,0.007919620871483728,0.029555834302540787,0.030598492382261047,-1.3089919216638402
1.5481240620310157,0.017733391882208023,0.03204779534800304,0.014314403465795017,0.008995975610801014,0.007768041561971117,0.029578846050472226,0.030581867231842582,-1.3139743117957698
1.5506003001500752,0.017724462892461598,0.03204779534800304,0.014323332455541442,0.009001292727169647,0.007616300377417668,0.029601319816774115,0.03056544071879214,-1.3189627411695612
1.5530765382691347,0.01771557079692105,0.03204779534800304,0.01433222455108199,0.009006495649041659,0.007464404484568391,0.029623250707553384,0.030549211393942836,-1.3239569794475068
1.5555527763881942,0.017706715275275897,0.03204779534800304,0.014341080072727143,0.009011587729177272,0.007312361093810846,0.029644633913127445,0.030533177767956356,-1.3289567964410183
1.5580290145072537,0.017697895978898457,0.03204779534800304,0.014349899369104583,0.009016572277382572,0.00716017745598107,0.02966546470878017,0.030517338311016266,-1.3339619622167493
1.5605052526263132,0.017689112530810146,0.03204779534800304,0.014358682817192894,0.00902145255948562,0.007007860859161457,0.02968573845545909,0.030501691452561937,-1.3389722472027819
1.562981490745373,0.017680364525663614,0.03204779534800304,0.014367430822339426,0.009026231796330789,0.006855418625473236,0.02970545060041335,0.030486235581063188,-1.3439874222947847
1.5654577288644325,0.017671651529740734,0.03204779534800304,0.014376143818262306,0.009030913162792021,0.006702858107866135,0.02972459667777172,0.03047096904383555,-1.3490072589620514
1.567933966983492,0.017662973080966662,0.03204779534800304,0.014384822267036378,0.009035499786805923,0.006550186686907754,0.029743172309060623,0.030455890146896286,-1.3540315293533314
1.5704102051025515,0.017654328688939718,0.03204779534800304,0.014393466659063322,0.009039994748425435,0.0063974117675753145,0.029761173203661357,0.030440997154860778,-1.3590600064023592
1.572886443221611,0.017645717834977287,0.03204779534800304,0.014402077513025753,0.009044401078894964,0.006244540776052522,0.029778595159206618,0.030426288290879427,-1.3640924639329868
1.5753626813406705,0.017637139972177644,0.03204779534800304,0.014410655375825396,0.009048721759747613,0.006091581156533844,0.02979543406191584,0.030411761736614553,-1.3691286767638402
1.57783891945973,0.01762859452549769,0.03204779534800304,0.014419200822505349,0.00905295972192534,0.005938540368038976,0.029811685886869374,0.030397415632257212,-1.3741684208124048
1.5803151575787895,0.01762008089184653,0.03204779534800304,0.01442771445615651,0.009057117844922675,0.005785425881240057,0.02982734669822125,0.03038324807658346,-1.3792114731984502
1.5827913956978492,0.017611598440194935,0.03204779534800304,0.014436196907808105,0.009061198955954773,0.005632245175304071,0.029842412649350714,0.030369257127049774,-1.384257612346713
1.5852676338169087,0.017603146511700314,0.03204779534800304,0.014444648836302726,0.009065205829150333,0.005479005734753104,0.029856879982952212,0.030355440799926955,-1.389306618088745
1.5877438719359682,0.01759472441984767,0.03204779534800304,0.01445307092815537,0.00906914118477014,0.005325715046344701,0.029870745031064516,0.030341797070472406,-1.3943582717638543
1.5902201100550277,0.01758633145060575,0.03204779534800304,0.01446146389739729,0.00907300768845175,0.005172380595975176,0.02988400421503847,0.03032832387313973,-1.399412356319039
1.5926963481740872,0.017577966862598885,0.03204779534800304,0.014469828485404155,0.009076807950480893,0.00501900986560792,0.029896654045444206,0.0303150191018255,-1.4044686564078512
1.5951725862931467,0.017569629887293898,0.03204779534800304,0.014478165460709142,0.009080544525090179,0.004865610330229392,0.02990869112191766,0.030301880610152092,-1.409526958488097
1.5976488244122062,0.01756131972920244,0.03204779534800304,0.0144864756188006,0.009084219909785541,0.004712189454834932,0.02992011213294724,0.030288906211786423,-1.4145870509183065
1.6001250625312657,0.017553035566098014,0.03204779534800304,0.014494759781905026,0.009087836544701034,0.004558754691447034,0.029930913855600455,0.030276093680793197,-1.4196487240528866
1.6026013006503252,0.01754477654924812,0.03204779534800304,0.01450301879875492,0.009091396811982243,0.004405313476167888,0.029941093155191726,0.030263440752022485,-1.4247117703358976
1.605077538769385,0.01753654180366086,0.03204779534800304,0.01451125354434218,0.00909490303519892,0.00425187322626898,0.029950646984891242,0.0302509451215303,-1.4297759843933666
1.6075537768884445,0.017528330428346072,0.03204779534800304,0.014519464919656968,0.009098357478787086,0.0040984413373195035,0.029959572385276,0.03023860444703164,-1.43484116312408
1.610030015007504,0.017520141496590817,0.03204779534800304,0.014527653851412223,0.009101762347521051,0.003945025180355854,0.029967866483823435,0.030226416348384896,-1.4399071057887882
1.6125062531265635,0.017511974056248745,0.03204779534800304,0.014535821291754295,0.009105119786015635,0.003791632099094442,0.029975526494348422,0.030214378408106753,-1.4449736140977474
1.614982491245623,0.01750382713004343,0.03204779534800304,0.01454396821795961,0.009108431878258867,0.003638269407189591,0.02998254971638446,0.030202488171916526,-1.4500404922965524
1.6174587293646825,0.017495699715885278,0.03204779534800304,0.014552095632117762,0.00911170064717547,0.0034849443855386724,0.029988933534509987,0.030190743149309113,-1.4551075472501895
1.619934967483742,0.017487590787201683,0.03204779534800304,0.014560204560801357,0.009114928054221351,0.0033316642796364,0.02999467541762038,0.030179140814155157,-1.4601745885252562
1.6224112056028015,0.017479499293280472,0.03204779534800304,0.014568296054722568,0.009118115999009229,0.003178436296979891,0.029999772918147174,0.03016767860532785,-1.4652414284703001
1.6248874437218612,0.01747142415962601,0.03204779534800304,0.01457637118837703,0.009121266318965718,0.0030252676045266565,0.030004223671224853,0.030156353927354815,-1.4703078822942164
1.6273636818409207,0.017463364288328034,0.03204779534800304,0.014584431059675006,0.009124380789019775,0.0028721653262068704,0.030008025393806825,0.03014516415109429,-1.4753737681426644
1.6298399199599802,0.017455318558442554,0.03204779534800304,0.014592476789560486,0.009127461121322848,0.0027191365404918145,0.030011175883731183,0.03013410661443418,-1.4804389071724524
1.6323161580790397,0.01744728582638509,0.03204779534800304,0.014600509521617951,0.00913050896500068,0.002566188278019997,0.030013673018737946,0.030123178623013298,-1.485503123623851
1.6347923961980992,0.017439264926335327,0.03204779534800304,0.014608530421667713,0.009133525905936767,0.0024133275192823656,0.03001551475543847,0.030112377450963086,-1.4905662448907997
1.6372686343171587,0.017431254670653356,0.03204779534800304,0.014616540677349684,0.009136513466587616,0.002260561192368333,0.030016699128238514,0.030101700341669015,-1.4956281015889576
1.6397448724362182,0.017423253850306977,0.03204779534800304,0.014624541497696063,0.009139473105829635,0.002107896170773547,0.030017224248216248,0.030091144508550407,-1.5006885276215851
1.6422211105552778,0.017415261235309842,0.03204779534800304,0.014632534112693198,0.009142406218837797,0.001955339271271229,0.030017088301956433,0.03008070713585745,-1.5057473602432039
1.6446973486743373,0.017407275575170005,0.03204779534800304,0.014640519772833035,0.009145314136995736,0.0018028972518477683,0.0300162895503421,0.03007038537948419,-1.5108044401210274
1.647173586793397,0.01739929559934881,0.03204779534800304,0.014648499748654231,0.009148198127837471,0.0016505768097041405,0.03001482632730526,0.03006017636779648,-1.515859611394125
1.6496498249124565,0.017391320017729413,0.03204779534800304,0.014656475330273627,0.009151059395020351,0.0014983845793240095,0.03001269703853785,0.030050077202473453,-1.520912721730302
1.652126063031516,0.017383347521095063,0.03204779534800304,0.014664447826907977,0.009153899078329319,0.001346327130609523,0.030009900160164606,0.0300400849593616,-1.5259636223806825
1.6546023011505755,0.017375376781616353,0.03204779534800304,0.014672418566386687,0.009156718253712028,0.00119441096708577,0.030006434237379035,0.030030196689340007,-1.531012168231969
1.657078539269635,0.017367406453347528,0.03204779534800304,0.014680388894655512,0.009159517933344893,0.0010426425241747723,0.030002297883044333,0.030020409419195867,-1.5360582178563769
1.6595547773886945,0.01735943517273118,0.03204779534800304,0.01468836017527186,0.009162299065729572,0.0008910281675396133,0.029997489776260464,0.030010720152508837,-1.5411016335592276
1.662031015507754,0.017351461559111235,0.03204779534800304,0.014696333788891805,0.009165062535819828,0.0007395741914996686,0.029992008660899183,0.030001125870543325,-1.5461422814241956
1.6645072536268135,0.017343484215253727,0.03204779534800304,0.014704311132749313,0.009167809165178304,0.000588286817517181,0.02998585334410835,0.029991623533147358,-1.5511800313562092
1.6669834917458732,0.017335501727875135,0.03204779534800304,0.014712293620127905,0.009170539712163084,0.0004371721927561355,0.029979022694787392,0.029982210079657182,-1.5562147571219942
1.6694597298649327,0.01732751266817791,0.03204779534800304,0.014720282679825131,0.009173254872143575,0.00028623638871361386,0.029971515642035217,0.029972882429806204,-1.5612463363882718
1.6719359679839922,0.01731951559239279,0.03204779534800304,0.014728279755610248,0.009175955277745328,0.00013548539992394755,0.029963331173572437,0.02996363748463745,-1.5662746507576155
1.6744122061030517,0.0173115090423277,0.03204779534800304,0.01473628630567534,0.009178641499123652,-1.5074857263610696e-05,0.029954468334139377,0.029954472127418304,-1.5712995858019598
1.6768884442221113,0.01730349154592278,0.03204779534800304,0.01474430380208026,0.009181314044265296,-0.00016543854583399818,0.029944926223871602,0.029945383224556685,-1.5763210310937907
1.6793646823411708,0.01729546161781128,0.03204779534800304,0.01475233373019176,0.009183973359318084,-0.00031559990918160084,0.029934703996654544,0.029936367626517434,-1.5813388802350121
1.6818409204602303,0.0172874177598859,0.03204779534800304,0.01476037758811714,0.009186619828947888,-0.0004655532721118535,0.029923800858458846,0.029927422168738095,-1.5863530308835128
1.6843171585792898,0.01727935846187041,0.03204779534800304,0.014768436886132628,0.009189253776722592,-0.0006152930417690633,0.029912216065658265,0.029918543672543187,-1.5913633847774462
1.6867933966983493,0.01727128220189611,0.03204779534800304,0.01477651314610693,0.009191875465522498,-0.0007648137084905362,0.02989994892333156,0.029909728946055848,-1.5963698477572446
1.689269634817409,0.017263187447082672,0.03204779534800304,0.014784607900920368,0.00919448509797682,-0.0009141098465870216,0.029886998783550105,0.029900974785106133,-1.6013723297853855
1.6917458729364685,0.017255072654123425,0.03204779534800304,0.014792722693879615,0.009197082816925583,-0.0010631761150498077,0.02987336504365299,0.029892277974135073,-1.6063707449639344
1.694222111055528,0.017246936269874294,0.03204779534800304,0.014800859078128746,0.00919966870590663,-0.0012120072581847051,0.02985904714451102,0.029883635287093573,-1.6113650115498959
1.6966983491745875,0.0172387767319466,0.03204779534800304,0.014809018616056439,0.009202242789667116,-0.001360598106173035,0.029844044568781675,0.029875043488335692,-1.616355051968384
1.699174587293647,0.017230592469302815,0.03204779534800304,0.014817202878700225,0.009204805034698905,-0.0015089435755602648,0.029828356839156026,0.029866499333504933,-1.62134079282366
1.7016508254127065,0.017222381902855553,0.03204779534800304,0.014825413445147487,0.009207355349797445,-0.0016570386696725817,0.02981198351659998,0.02985799957041361,-1.6263221649080535
1.704127063531766,0.01721414344606911,0.03204779534800304,0.01483365190193393,0.009209893586643503,-0.0018048784789619372,0.029794924198590866,0.029849540939913894,-1.6312991032088076
1.7066033016508255,0.01720587550556338,0.03204779534800304,0.014841919842439662,0.009212419540407192,-0.0019524581812801565,0.029777178517351337,0.029841120176760418,-1.6362715469128777
1.7090795397698852,0.017197576481719913,0.03204779534800304,0.014850218866283127,0.009214932950373803,-0.0020997730420826586,0.029758746138082024,0.029832734010463553,-1.6412394394097218
1.7115557778889448,0.0171892447692898,0.03204779534800304,0.014858550578713239,0.00921743350059074,-0.0022468184145625235,0.029739626757194573,0.029824379166132873,-1.646202728292117
1.7140320160080043,0.01718087875800302,0.03204779534800304,0.014866916590000018,0.009219920820535106,-0.002393589739715675,0.029719820100546603,0.029816052365310302,-1.6511613653550437
1.7165082541270638,0.017172476833179125,0.03204779534800304,0.014875318514823915,0.00922239448580128,-0.0025400825463378057,0.029699325921680193,0.02980775032679244,-1.6561153065926706
1.7189844922461233,0.01716403737633885,0.03204779534800304,0.014883757971664191,0.009224854018807882,-0.002686292450954042,0.02967814400006528,0.02979946976744156,-1.6610645121934897
1.7214607303651828,0.017155558765816637,0.03204779534800304,0.014892236582186403,0.009227298889523651,-0.0028322151576821034,0.02965627413934979,0.02979120740298505,-1.6660089465336327
1.7239369684842423,0.017147039377373434,0.03204779534800304,0.014900755970629606,0.009229728516211467,-0.00297784645802995,0.02963371616561749,0.029782959948802618,-1.67094857816842
1.7264132066033018,0.017138477584809995,0.03204779534800304,0.014909317763193045,0.009232142266190069,-0.0031231822306288853,0.029610469925655653,0.029774724120701337,-1.6758833798221797
1.7288894447223613,0.017129871760579916,0.03204779534800304,0.014917923587423124,0.009234539456612753,-0.003268218440903063,0.029586535285233296,0.02976649663567773,-1.6808133283763833
1.731365682841421,0.017121220276402754,0.03204779534800304,0.014926575071600286,0.009236919355262593,-0.0034129511406765485,0.029561912127392058,0.029758274212667222,-1.6857384048561432
1.7338419209604805,0.01711252150387657,0.03204779534800304,0.014935273844126469,0.009239281181363468,-0.0035573764677188117,0.02953660035075069,0.029750053573280255,-1.6906585944151098
1.73631815907954,0.01710377381508979,0.03204779534800304,0.01494402153291325,0.009241624106406266,-0.003701490645230238,0.02951059986782461,0.029741831442525134,-1.6955738863188323
1.7387943971985995,0.017094975583232308,0.03204779534800304,0.014952819764770732,0.009243947254989867,-0.0038452899812681483,0.029483910603361942,0.02973360454951737,-1.7004842739266026
1.741270635317659,0.017086125183205493,0.03204779534800304,0.014961670164797547,0.009246249705676082,-0.003988770868115154,0.029456532492697366,0.029725369628175524,-1.7053897546718548
1.7437468734367185,0.017077220992230982,0.03204779534800304,0.014970574355772058,0.009248530491858132,-0.0041319297815906675,0.029428465480124955,0.02971712341790339,-1.7102903300411476
1.746223111555778,0.01706826139045796,0.03204779534800304,0.014979533957545081,0.009250788602641974,-0.0042747632803069886,0.029399709517291258,0.029708862664258408,-1.7151860055517893
1.7486993496748375,0.017059244761568955,0.03204779534800304,0.014988550586434085,0.009253022983739933,-0.004417268004871239,0.02937026456161006,0.029700584119606587,-1.7200767907281447
1.7511755877938973,0.017050169493383772,0.03204779534800304,0.014997625854619268,0.009255232538376127,-0.0045594406770343675,0.02934013057469977,0.029692284543763686,-1.7249626990766727
1.7536518259129568,0.017041033978461503,0.03204779534800304,0.015006761369541537,0.00925741612820297,-0.004701278098788669,0.02930930752084469,0.029683960704622845,-1.7298437480597455
1.7561280640320163,0.01703183661470044,0.03204779534800304,0.015015958733302599,0.009259572574228339,-0.004842777151415059,0.02927779536548137,0.02967560937876879,-1.7347199590682896
1.7586043021510758,0.017022575805935684,0.03204779534800304,0.015025219542067356,0.009261700657752716,-0.004983934794481585,0.029245594073710975,0.029667227352078634,-1.739591357393302
1.7610805402701353,0.01701324996253451,0.03204779534800304,0.015034545385468528,0.009263799121315974,-0.005124748064794423,0.029212703608839135,0.02965881142030977,-1.74445797219628
1.7635567783891948,0.017003857501989038,0.03204779534800304,0.015043937846014002,0.009265866669652918,-0.005265214075302871,0.029179123930943678,0.02965035838967444,-1.7493198364786202
1.7660330165082543,0.01699439684950633,0.03204779534800304,0.015053398498496712,0.00926790197065739,-0.005405330013959753,0.029144854995471925,0.02964186507740191,-1.754176987050023
1.7685092546273138,0.016984866438595665,0.03204779534800304,0.015062928909407376,0.009269903656354227,-0.005545093142538577,0.029109896751868012,0.029633328312287908,-1.7590294644959568
1.7709854927463733,0.016975264711653004,0.03204779534800304,0.015072530636350036,0.009271870323878596,-0.0056845007954090115,0.02907424914223156,0.02962474493523207,-1.763877313144218
1.773461730865433,0.01696559012054232,0.03204779534800304,0.015082205227460722,0.009273800536462203,-0.005823550378271984,0.029037912100008306,0.02961611179976333,-1.7687205810306381
1.7759379689844925,0.016955841127173927,0.03204779534800304,0.015091954220829113,0.009275692824425892,-0.005962239366855977,0.029000885548713832,0.02960742577255385,-1.7735593198639759
1.778414207103552,0.01694601620407957,0.03204779534800304,0.01510177914392347,0.009277545686178128,-0.006100565305576011,0.02896316940069099,0.029598683733921695,-1.7783935849900445
1.7808904452226115,0.016936113834984192,0.03204779534800304,0.015111681513018848,0.009279357589218894,-0.006238525806156583,0.028924763555902105,0.029589882578322683,-1.7832234353551075
1.783366683341671,0.01692613251537429,0.03204779534800304,0.015121662832628752,0.009281126971148482,-0.006376118546220326,0.028885667900756393,0.029581019214831715,-1.7880489334685943
1.7858429214607305,0.01691607075306298,0.03204779534800304,0.015131724594940062,0.009282852240680907,-0.006513341267843558,0.02884588230697391,0.02957209056761433,-1.792870145365165
1.78831915957979,0.016905927068751256,0.03204779534800304,0.015141868279251784,0.009284531778661202,-0.006650191776080449,0.028805406630485978,0.029563093576388342,-1.7976871405661774
1.7907953976988495,0.016895699996585866,0.03204779534800304,0.015152095351417174,0.009286163939086428,-0.006786667937457135,0.028764240710373496,0.029554025196876596,-1.8024999920405855
1.793271635817909,0.01688538808471344,0.03204779534800304,0.015162407263289601,0.009287747050129828,-0.006922767678437298,0.0287223843678434,0.029544882401251003,-1.8073087761653117
1.7957478739369688,0.016874989895830837,0.03204779534800304,0.015172805452172203,0.00928927941516777,-0.007058488983860698,0.028679837405243956,0.029535662178568355,-1.812113572685131
1.7982241120560283,0.016864504007731793,0.03204779534800304,0.015183291340271247,0.009290759313809016,-0.007193829895356,0.028636599605119547,0.02952636153519852,-1.8169144646720992
1.8007003501750878,0.016853929013849703,0.03204779534800304,0.015193866334153337,0.009292185002926065,-0.0073287885097296215,0.028592670729305544,0.02951697749524553,-1.8217115384845683
1.8031765882941473,0.0168432635237964,0.03204779534800304,0.01520453182420664,0.009293554717687924,-0.007463362977331754,0.028548050518063483,0.0295075071009618,-1.8265048837258187
1.8056528264132068,0.016832506163897285,0.03204779534800304,0.015215289184105755,0.009294866672594304,-0.007597551500401163,0.02850273868925774,0.0294979474131567,-1.8312945932023372
1.8081290645322663,0.01682165557772217,0.03204779534800304,0.01522613977028087,0.009296119062510535,-0.0077313523313902125,0.028456734937573266,0.0294882955115991,-1.8360807628817863
1.8106053026513258,0.016810710426612398,0.03204779534800304,0.015237084921390642,0.009297310063703108,-0.007864763771271457,0.02841003893377569,0.029478548495415348,-1.8408634918506812
1.8130815407703853,0.016799669390203695,0.03204779534800304,0.015248125957799345,0.009298437834875314,-0.007997784167827288,0.02836265032401349,0.02946870348348246,-1.845642882271819
1.815557778889445,0.016788531166945148,0.03204779534800304,0.015259264181057892,0.009299500518202851,-0.008130411913924048,0.028314568729163193,0.029458757614817775,-1.8504190393414783
1.8180340170085045,0.016777294474613964,0.03204779534800304,0.015270500873389076,0.009300496240368853,-0.008262645445771905,0.028265793744217536,0.02944870804896511,-1.8551920712464245
1.820510255127564,0.016765958050826184,0.03204779534800304,0.015281837297176856,0.009301423113598353,-0.008394483241172012,0.028216324937717197,0.02943855196637836,-1.8599620891207438
1.8229864932466235,0.016754520653543232,0.03204779534800304,0.015293274694459808,0.009302279236691465,-0.008525923817752249,0.028166161851226196,0.029428286568802895,-1.8647292070025385
1.825462731365683,0.016742981061574302,0.03204779534800304,0.015304814286428738,0.009303062696055464,-0.008656965731192817,0.02811530399885144,0.02941790907965552,-1.869493541790497
1.8279389694847425,0.016731338075074608,0.03204779534800304,0.015316457272928432,0.009303771566735161,-0.00878760757344324,0.02806375086680648,0.029407416744403416,-1.8742552132003758
1.830415207603802,0.01671959051603933,0.03204779534800304,0.015328204831963711,0.009304403913441377,-0.008917847970931854,0.028011501913019717,0.029396806830942722,-1.8790143437214084
1.8328914457228616,0.016707737228793464,0.03204779534800304,0.015340058119209576,0.009304957791577424,-0.009047685582769307,0.02795855656678746,0.029386076629977432,-1.8837710585726632
1.835367683841921,0.016695777080477463,0.03204779534800304,0.015352018267525577,0.009305431248263172,-0.009177119098947192,0.02790491422847182,0.029375223455399117,-1.8885254856593725
1.8378439219609808,0.01668370896152844,0.03204779534800304,0.015364086386474601,0.00930582232335651,-0.009306147238533232,0.02785057426924344,0.029364244644667848,-1.8932777555292555
1.8403201600800403,0.016671531786157337,0.03204779534800304,0.015376263561845703,0.009306129050472029,-0.009434768747864202,0.027795536030869622,0.02935313755919538,-1.898028001328846
1.8427963981990998,0.01665924449282174,0.03204779534800304,0.015388550855181302,0.009306349457996771,-0.009562982398737764,0.0277397988255476,0.02934189958473071,-1.9027763587598465
1.8452726363181593,0.016646846044694307,0.03204779534800304,0.015400949303308733,0.009306481570102533,-0.009690786986604666,0.027683361935782965,0.029330528131748728,-1.9075229660355295
1.8477488744372188,0.01663433543012706,0.03204779534800304,0.015413459917875981,0.009306523407755006,-0.009818181328762285,0.027626224614313702,0.029319020635842675,-1.9122679638371902
1.8502251125562783,0.016621711663111233,0.03204779534800304,0.015426083684891807,0.009306472989719096,-0.009945164262550796,0.027568386084079428,0.02930737455812072,-1.9170114952706752
1.8527013506753378,0.016608973783732855,0.03204779534800304,0.015438821564270185,0.009306328333560605,-0.010071734643553158,0.02750984553823612,0.029295587385607388,-1.921753705822991
1.8551775887943973,0.016596120858623935,0.03204779534800304,0.015451674489379105,0.009306087456643856,-0.010197891343800081,0.02745060214021616,0.029283656631650234,-1.9264947433190152
1.857653826913457,0.0165831519814093,0.03204779534800304,0.015464643366593742,0.009305748377125196,-0.010323633249981024,0.02739065502383372,0.029271579836332395,-1.9312347578783076
1.8601300650325165,0.016570066273148998,0.03204779534800304,0.015477729074854042,0.009305309114942237,-0.010448959261662448,0.02733000329343544,0.029259354566891483,-1.9359739018720417
1.862606303151576,0.01655686288277637,0.03204779534800304,0.015490932465226669,0.00930476769279865,-0.010573868289514409,0.027268646024096285,0.029246978418145362,-1.9407123298800633
1.8650825412706356,0.016543540987531632,0.03204779534800304,0.015504254360471408,0.009304122137144367,-0.010698359253546473,0.027206582261860523,0.029234449012925268,-1.945450198648076
1.867558779389695,0.016530099793390894,0.03204779534800304,0.015517695554612146,0.009303370479150988,-0.010822431081354191,0.027143811024027506,0.029221764002516658,-1.9501876670449736
1.8700350175087546,0.016516538535490878,0.03204779534800304,0.015531256812512162,0.009302510755682433,-0.010946082706376968,0.027080331299482514,0.029208921067108543,-1.9549248960203116
1.872511255627814,0.016502856478548978,0.03204779534800304,0.015544938869454062,0.009301541010260532,-0.011069313066168531,0.027016142049072114,0.02919591791625144,-1.95966204856193
1.8749874937468736,0.016489052917278774,0.03204779534800304,0.015558742430724266,0.009300459294025464,-0.011192121100681003,0.026951242206023962,0.029182752289324532,-1.9643992896537323
1.877463731865933,0.016475127176800934,0.03204779534800304,0.015572668171202106,0.009299263666691012,-0.011314505750563322,0.02688563067641093,0.029169421956012413,-1.9691367862336153
1.8799399699849928,0.016461078613049553,0.03204779534800304,0.015586716734953487,0.009297952197494415,-0.011436465955475433,0.026819306339659305,0.029155924716791928,-1.9738747071515623
1.8824162081040523,0.016446906613173738,0.03204779534800304,0.015600888734829302,0.009296522966140796,-0.011558000652418642,0.026752268049100792,0.029142258403429357,-1.9786132231278866
1.8848924462231118,0.016432610595934455,0.03204779534800304,0.015615184752068585,0.009294974063741945,-0.0116791087740836,0.026684514632567963,0.029128420879488304,-1.9833525067116413
1.8873686843421713,0.016418190012096663,0.03204779534800304,0.015629605335906377,0.009293303593749452,-0.011799789247216511,0.02661604489303316,0.029114410040848894,-1.9880927322391806
1.8898449224612308,0.0164036443448165,0.03204779534800304,0.01564415100318654,0.009291509672882007,-0.01192004099100457,0.026546857609290164,0.02910022381623819,-1.9928340757928793
1.8923211605802903,0.016388973110023727,0.03204779534800304,0.015658822237979313,0.009289590432046881,-0.012039862915481406,0.026476951536678797,0.029085860167772624,-1.997576715159998
1.8947973986993498,0.016374175856799032,0.03204779534800304,0.015673619491204008,0.009287544017255324,-0.01215925391995365,0.026406325407851566,0.029071317091512304,-2.002320829791705
1.8972736368184093,0.016359252167746474,0.03204779534800304,0.015688543180256566,0.009285368590531914,-0.012278212891449182,0.026334977933582533,0.0290565926180278,-2.0070666007622338
1.899749874937469,0.016344201659360725,0.03204779534800304,0.015703593688642315,0.009283062330817736,-0.012396738703188036,0.026262907803617695,0.029041684812979487,-2.011814210728184
1.9022261130565286,0.016329023982389133,0.03204779534800304,0.015718771365613907,0.009280623434867179,-0.012514830213076828,0.026190113687566553,0.02902659177770965,-2.0165638438879503
1.904702351175588,0.016313718822188645,0.03204779534800304,0.015734076525814395,0.009278050118138509,-0.012632486262227295,0.02611659423583469,0.029011311649847805,-2.021315685941276
1.9071785892946476,0.016298285899077235,0.03204779534800304,0.015749509448925805,0.009275340615677832,-0.012749705673499983,0.0260423480805966,0.02899584260392912,-2.026069924048926
1.909654827413707,0.016282724968680006,0.03204779534800304,0.015765070379323034,0.009272493182996482,-0.012866487250073694,0.02596737383680851,0.028980182852026245,-2.030826746792465
1.9121310655327666,0.016267035822269734,0.03204779534800304,0.015780759525733306,0.009269506096941896,-0.012982829774041346,0.02589167010326091,0.028964330644394826,-2.035586344134133
1.914607303651826,0.016251218287101767,0.03204779534800304,0.015796577060901273,0.00926637765656153,-0.013098732005033281,0.025815235463669872,0.02894828427013252,-2.0403489073768126
1.9170835417708856,0.01623527222674325,0.03204779534800304,0.01581252312125979,0.009263106183960043,-0.0132141926788684,0.0257380684878072,0.028932042057851937,-2.0451146291240696
1.919559779889945,0.01621919754139644,0.03204779534800304,0.0158285978066066,0.009259690025149491,-0.013329210506233992,0.02566016773266848,0.028915602376367314,-2.0498837032402615
1.9220360180090048,0.01620299416821608,0.03204779534800304,0.01584480117978696,0.009256127550892414,-0.013443784171395017,0.025581531743678672,0.02889896363539514,-2.0546563248107015
1.9245122561280643,0.01618666208162076,0.03204779534800304,0.01586113326638228,0.009252417157537867,-0.013557912330933184,0.025502159055934927,0.028882124286268726,-2.059432690101852
1.9269884942471238,0.016170201293597974,0.03204779534800304,0.015877594054405066,0.009248557267850059,-0.013671593612516977,0.02542204819548551,0.02886508282266661,-2.064212996521562
1.9294647323661833,0.016153611854002933,0.03204779534800304,0.015894183494000107,0.009244546331829723,-0.013784826613702764,0.025341197680644904,0.02884783778135496,-2.068997442579303
1.9319409704852428,0.016136893850850792,0.03204779534800304,0.015910901497152248,0.00924038282752794,-0.013897609900767858,0.025259606023344004,0.028830387742943685,-2.073786227846407
1.9344172086043023,0.016120047410602474,0.03204779534800304,0.015927747937400566,0.009236065261852429,-0.014009942007576178,0.025177271730515198,0.028812731332656532,-2.0785795529162856
1.9368934467233618,0.01610307269844345,0.03204779534800304,0.01594472264955959,0.00923159217136606,-0.014121821434476944,0.02509419330551121,0.02879486722111453,-2.083377619364616
1.9393696848424213,0.016085969918555865,0.03204779534800304,0.015961825429447175,0.009226962123077578,-0.014233246647237088,0.025010369249557646,0.02877679412513327,-2.0881806297094774
1.941845922961481,0.01606873931438344,0.03204779534800304,0.0159790560336196,0.0092221737152244,-0.014344216076007858,0.024925798063238108,0.028758510808533304,-2.0929887873714135
1.9443221610805406,0.016051381168889236,0.03204779534800304,0.015996414179113804,0.009217225578047269,-0.014454728114326288,0.02484047824801147,0.02874001608296394,-2.0978022966334167
1.9467983991996,0.01603389580480592,0.03204779534800304,0.01601389954319712,0.009212116374556762,-0.014564781118151855,0.024754408307760496,0.028721308808739802,-2.102621362600801
1.9492746373186596,0.016016283584878558,0.03204779534800304,0.016031511763124482,0.009206844801291397,-0.014674373404939088,0.024667586750371038,0.02870238789569022,-2.107446191160959
1.951750875437719,0.015998544912099667,0.03204779534800304,0.016049250435903373,0.009201409589067365,-0.014783503252746393,0.024580012089341442,0.02868325230402115,-2.112276988942969
1.9542271135567786,0.015980680229936203,0.03204779534800304,0.016067115118066837,0.00919580950371945,-0.01489216889938175,0.024491682845420734,0.02866390104518904,-2.1171139632770473
1.956703351675838,0.01596269002254861,0.03204779534800304,0.01608510532545443,0.009190043346833399,-0.01500036854158561,0.024402597548275593,0.028644333182786735,-2.1219573221538126
1.9591795897948976,0.015944574815001444,0.03204779534800304,0.016103220533001596,0.00918410995646917,-0.01510810033425159,0.024312754738184714,0.02862454783344073,-2.1268072741833497
1.961655827913957,0.01592633517346552,0.03204779534800304,0.01612146017453752,0.009178008207875211,-0.015215362389685268,0.024222152967760074,0.028604544167719525,-2.1316640285540527
1.9641320660330168,0.01590797170541141,0.03204779534800304,0.01613982364259163,0.009171737014193432,-0.015322152776901656,0.024130790803694232,0.02858432141105276,-2.136527794991216
1.9666083041520763,0.015889485059793946,0.03204779534800304,0.016158310288209094,0.009165295327154793,-0.015428469520961479,0.024038666828532743,0.028563878844660398,-2.1413987837153643
1.9690845422711358,0.015870875927227676,0.03204779534800304,0.016176919420775364,0.009158682137765248,-0.015534310602347133,0.02394577964247083,0.02854321580649183,-2.146277205400292
1.9715607803901953,0.015852145040152955,0.03204779534800304,0.016195650307850085,0.00915189647698198,-0.015639673956378084,0.023852127865173593,0.028522331692174142,-2.1511632711307875
1.9740370185092548,0.015833293172992504,0.03204779534800304,0.016214502175010536,0.009144937416379617,-0.015744557472666655,0.02375771013761863,0.028501225955969163,-2.15605719236003
1.9765132566283143,0.01581432114229822,0.03204779534800304,0.01623347420570482,0.009137804068806326,-0.01584895899461415,0.023662525123960335,0.028479898111738653,-2.1609591808666218
1.9789894947473738,0.015795229806887898,0.03204779534800304,0.016252565541115142,0.009130495589029527,-0.01595287631894778,0.02356657151341477,0.02845834773391697,-2.165869448711245
1.9814657328664333,0.015776020067971925,0.03204779534800304,0.016271775280031115,0.009123011174371167,-0.016056307195298807,0.023469848022164452,0.02843657445849097,-2.1707882081929104
1.983941970985493,0.015756692869269326,0.03204779534800304,0.016291102478733714,0.009115350065332043,-0.016159249325822016,0.023372353395281615,0.028414577983985813,-2.175715671804783
1.9864182091045526,0.015737249197113286,0.03204779534800304,0.016310546150889754,0.009107511546205371,-0.016261700364856916,0.0232740864086695,0.028392358072456783,-2.1806520521895503
1.988894447223612,0.015717690080545587,0.03204779534800304,0.016330105267457453,0.00909949494567898,-0.01636365791863092,0.02317504587102009,0.028369914550485657,-2.1855975620943187
1.9913706853426716,0.015698016591400132,0.03204779534800304,0.016349778756602908,0.009091299637426234,-0.01646511954500477,0.023075230625787882,0.028347247310181584,-2.1905524143250084
1.993846923461731,0.015678229844374843,0.03204779534800304,0.016369565503628197,0.009082925040685232,-0.016566082753260353,0.02297463955317807,0.028324356310185133,-2.195516821700223
1.9963231615807906,0.015658330997092032,0.03204779534800304,0.016389464350911008,0.009074370620826153,-0.016666545003931225,0.02287327157214842,0.028301241576675008,-2.2004909970045716
1.99879939969985,0.01563832125014691,0.03204779534800304,0.01640947409785613,0.009065635889906496,-0.016766503708676005,0.02277112564242369,0.028277903204376592,-2.2054751529414145
2.0012756378189094,0.015618201847143926,0.03204779534800304,0.016429593500859114,0.009056720407213939,-0.0168659562301948,0.02266820076652139,0.028254341357571364,-2.2104695020850165
2.003751875937969,0.015597974074720765,0.03204779534800304,0.016449821273282275,0.009047623779796609,-0.01696489988218888,0.02256449599178785,0.028230556271106353,-2.215474256832072
2.006228114057029,0.015577639262559707,0.03204779534800304,0.016470156085443333,0.009038345662980458,-0.01706333192936365,0.02246001041244347,0.028206548251402723,-2.220489629352586
2.008704352176088,0.015557198783386177,0.03204779534800304,0.016490596564616863,0.00902888576087354,-0.01716124958747508,0.022354743171635928,0.028182317677462525,-2.225515831540081
2.011180590295148,0.01553665405295411,0.03204779534800304,0.01651114129504893,0.009019243826856878,-0.017258650023419926,0.022248693463500113,0.02815786500187266,-2.2305530749611147
2.013656828414207,0.015516006530018032,0.03204779534800304,0.016531788817985008,0.00900941966406168,-0.01735553035536929,0.02214186053522387,0.028133190751805048,-2.235601570804067
2.016133066533267,0.015495257716291504,0.03204779534800304,0.016552537631711536,0.008999413125832622,-0.017451887652946287,0.022034243689117897,0.02810829553001197,-2.240661529827197
2.018609304652326,0.015474409156391727,0.03204779534800304,0.016573386191611313,0.008989224116176916,-0.01754771893744715,0.021925842284689055,0.028083180015815515,-2.2457331623059162
2.021085542771386,0.015453462437770061,0.03204779534800304,0.01659433291023298,0.008978852590198908,-0.017643021182106502,0.021816655740715393,0.02805784496609012,-2.2508166779792864
2.023561780890445,0.015432419190628231,0.03204779534800304,0.01661537615737481,0.008968298554519874,-0.017737791312406128,0.021706683537322025,0.028032291216236987,-2.2559122859956893
2.026038019009505,0.015411281087819903,0.03204779534800304,0.016636514260183137,0.00895756206768278,-0.017832026206427848,0.021595925218056193,0.028006519681149332,-2.261020194857668
2.0285142571285646,0.015390049844737543,0.03204779534800304,0.016657745503265497,0.008946643240541684,-0.017925722695249904,0.02148438039196064,0.02798053135616728,-2.2661406123659034
2.030990495247624,0.015368727219184159,0.03204779534800304,0.01667906812881888,0.008935542236635478,-0.018018877563387294,0.02137204873564356,0.027954327318021187,-2.2712737455623087
2.0334667333666836,0.01534731501122976,0.03204779534800304,0.01670048033677328,0.008924259272545716,-0.0181114875492756,0.021258929995344095,0.027927908725762226,-2.2764198006722247
2.035942971485743,0.015325815063052424,0.03204779534800304,0.016721980284950616,0.008912794618238197,-0.018203549345798382,0.021145023988992023,0.027901276821679054,-2.2815789830456796
2.0384192096048026,0.015304229258763489,0.03204779534800304,0.01674356608923955,0.008901148597388046,-0.018295059600858046,0.021030330608260057,0.027874432932199142,-2.286751497097714
2.040895447723862,0.015282559524216872,0.03204779534800304,0.016765235823786168,0.008889321587687854,-0.01838601491798983,0.02091484982060765,0.027847378468773616,-2.2919375462477305
2.0433716858429216,0.015260807826802246,0.03204779534800304,0.016786987521200794,0.00887731402113881,-0.018476411857019096,0.02079858167131473,0.02782011492874436,-2.2971373328578664
2.045847923961981,0.015238976175221835,0.03204779534800304,0.016808819172781205,0.008865126384324348,-0.018566246934761305,0.02068152628550427,0.027792643896191987,-2.3023510581703515
2.0483241620810406,0.015217066619250538,0.03204779534800304,0.016830728728752502,0.008852759218666009,-0.01865551662576481,0.02056368387015171,0.027764967042763166,-2.307578922243856
2.0508004002001,0.015195081249479443,0.03204779534800304,0.016852714098523597,0.00884021312066133,-0.01874421736309593,0.0204450547160807,0.02773708612847645,-2.312821123888784
2.0532766383191596,0.015173022197042231,0.03204779534800304,0.01687477315096081,0.008827488742103365,-0.0188323455391664,0.020325639199942697,0.02770900300250458,-2.3180778606015298
2.055752876438219,0.015150891633324504,0.03204779534800304,0.016896903714678536,0.008814586790281527,-0.01891989750660242,0.020205437786180024,0.02768071960393248,-2.3233493284976405
2.0582291145572786,0.015128691769655707,0.03204779534800304,0.016919103578347333,0.008801508028163542,-0.019006869579155455,0.020084451028969993,0.027652237962489022,-2.3286357222439165
2.0607053526763384,0.015106424856983703,0.03204779534800304,0.016941370491019337,0.008788253274558157,-0.01909325803265409,0.019962679574149586,0.027623560199251634,-2.333937234989393
2.0631815907953976,0.015084093185531493,0.03204779534800304,0.016963702162471547,0.008774823404258265,-0.019179059105996734,0.019840124161118366,0.027594688527321866,-2.3392540582952206
2.0656578289144574,0.015061699084436213,0.03204779534800304,0.016986096263566827,0.00876121934816426,-0.0192642690021848,0.0197167856247187,0.027565625252470735,-2.344586382063426
2.0681340670335167,0.015039244921370206,0.03204779534800304,0.017008550426632834,0.008747442093387252,-0.01934888388939572,0.019592664897091827,0.027536372773752385,-2.3499343944645283
2.0706103051525764,0.015016733102143909,0.03204779534800304,0.01703106224585913,0.008733492683331876,-0.019432899902095676,0.019467763009507876,0.027506933584084455,-2.355298281864031
2.0730865432716357,0.014994166070290589,0.03204779534800304,0.01705362927771245,0.008719372217758443,-0.019516313142191162,0.019342081094169024,0.027477310270793868,-2.3606782287477497
2.0755627813906954,0.01497154630663267,0.03204779534800304,0.01707624904137037,0.008705081852824113,-0.019599119680219258,0.01921562038598361,0.027447505516126354,-2.366074417645999
2.0780390195097547,0.014948876328829689,0.03204779534800304,0.01709891901917335,0.008690622801102884,-0.01968131555657575,0.019088382224310398,0.027417522097718455,-2.3714870290566132
2.0805152576288144,0.014926158690907635,0.03204779534800304,0.017121636657095405,0.008675996331583977,-0.019762896782780804,0.018960368054670863,0.027387362889030247,-2.3769162413668163
2.082991495747874,0.014903395982769761,0.03204779534800304,0.01714439936523328,0.008661203769648636,-0.019843859342781354,0.01883157943042884,0.02735703085973771,-2.3823622307739183
2.0854677338669334,0.014880590829688612,0.03204779534800304,0.017167204518314428,0.008646246497024782,-0.0199241991942897,0.018702018014435218,0.02732652907608271,-2.3878251712048595
2.087943971985993,0.014857745891779309,0.03204779534800304,0.01719004945622373,0.008631125951719474,-0.020003912270157763,0.01857168558063673,0.027295860701179557,-2.393305234234601
2.0904202101050524,0.014834863863454124,0.03204779534800304,0.017212931484548916,0.008615843627928913,-0.020082994479786023,0.018440584015647507,0.027265028995276535,-2.398802589003349
2.092896448224112,0.014811947472858123,0.03204779534800304,0.017235847875144917,0.008600401075925652,-0.020161441710566812,0.01830871532028134,0.02723403731597076,-2.404317402132648
2.0953726863431714,0.014788999481286012,0.03204779534800304,0.01725879586671703,0.008584799901922964,-0.020239249829360803,0.01817608161104403,0.02720288911837517,-2.4098498376403215
2.097848924462231,0.014766022682580086,0.03204779534800304,0.017281772665422954,0.008569041767915992,-0.02031641468400636,0.01804268512158359,0.027171587955235946,-2.4154000568543
2.100325162581291,0.014743019902509355,0.03204779534800304,0.017304775445493685,0.00855312839149958,-0.02039293210486053,0.017908528204097548,0.027140137476999053,-2.4209682183253234
2.10280140070035,0.014719993998129836,0.03204779534800304,0.017327801349873204,0.008537061545662555,-0.02046879790637121,0.017773613330695555,0.027108541431824496,-2.426554477738551
2.10527763881941,0.014696947857126066,0.03204779534800304,0.017350847490876974,0.008520843058558322,-0.020544007888679477,0.017637943094716033,0.027076803665546743,-2.4321589878240917
2.107753876938469,0.014673884397133775,0.03204779534800304,0.017373910950869265,0.008504474813251514,-0.020618557839250977,0.01750152021199556,0.027044928121579968,-2.437781898266466
2.110230115057529,0.014650806565044066,0.03204779534800304,0.017396988782958974,0.008487958747440683,-0.020692443534536073,0.017364347522089534,0.027012918840766925,-2.4434233556130383
2.112706353176588,0.014627717336288808,0.03204779534800304,0.017420078011714232,0.008471296853156701,-0.020765660741657033,0.017226427989442846,0.026980779961169692,-2.449083503181432
2.115182591295648,0.014604619714107665,0.03204779534800304,0.017443175633895375,0.008454491176436934,-0.020838205220122023,0.017087764704509203,0.02694851571780144,-2.4547624809659627
2.117658829414707,0.014581516728796644,0.03204779534800304,0.017466278619206396,0.008437543816974919,-0.020910072723564252,0.016948360884817885,0.026916130442297435,-2.460460425543112
2.120135067533767,0.014558411436938472,0.03204779534800304,0.017489383911064568,0.008420456927745536,-0.02098125900150588,0.016808219875986574,0.026883628562524475,-2.466177469976091
2.1226113056528266,0.014535306920614818,0.03204779534800304,0.01751248842738822,0.008403232714605555,-0.021051759801145094,0.016667345152679185,0.026851014602127177,-2.4719137437185075
2.125087543771886,0.014512206286600556,0.03204779534800304,0.017535589061402485,0.008385873435869402,-0.021121570869165617,0.01652574031950716,0.02681829318000999,-2.477669372517202
2.1275637818909456,0.014489112665540274,0.03204779534800304,0.017558682682462766,0.008368381401860275,-0.021190687953567492,0.0163834091118734,0.026785469009753905,-2.4834444783142775
2.130040020010005,0.014466029211107248,0.03204779534800304,0.017581766136895792,0.008350758974436375,-0.021259106805517812,0.016240355396757597,0.026752546898966598,-2.4892391791483672
2.1325162581290646,0.014442959099144979,0.03204779534800304,0.01760483624885806,0.008333008566492299,-0.021326823181220644,0.01609658317344142,0.0267195317485649,-2.495053589055213
2.134992496248124,0.014419905526791676,0.03204779534800304,0.017627889821211364,0.00831513264143564,-0.021393832843804465,0.01595209657417334,0.026686428551988734,-2.50088781796757
2.1374687343671837,0.014396871711587798,0.03204779534800304,0.017650923636415242,0.00829713371263868,-0.021460131565226394,0.015806899864770962,0.02665324239434524,-2.5067419716145314
2.139944972486243,0.014373860890567042,0.03204779534800304,0.017673934457435998,0.008279014342865298,-0.021525715128191708,0.015660997445160835,0.026619978451482555,-2.5126161514203025
2.1424212106053027,0.014350876319330873,0.03204779534800304,0.017696919028672167,0.008260777143673096,-0.021590579328087417,0.015514393849853942,0.026586641988991796,-2.518510454402505
2.1448974487243624,0.014327921271107213,0.03204779534800304,0.017719874076895827,0.008242424774790787,-0.021654719974928842,0.015367093748356653,0.026553238361137127,-2.524424973070069
2.1473736868434217,0.014304999035793246,0.03204779534800304,0.017742796312209794,0.00822395994347098,-0.02171813289531761,0.015219101945515606,0.026519773009712463,-2.530359795320784
2.1498499249624814,0.014282112918982827,0.03204779534800304,0.017765682429020213,0.008205385403818337,-0.021780813934409993,0.015070423381795948,0.026486251462824455,-2.5363150043385874
2.1523261630815407,0.014259266240979056,0.03204779534800304,0.017788529107023984,0.008186703956093383,-0.02184275895789425,0.01492106313349231,0.026452679333601216,-2.542290678490657
2.1548024012006004,0.014236462335791907,0.03204779534800304,0.017811333012211134,0.008167918445991957,-0.021903963853975385,0.01477102641287125,0.026419062318825782,-2.5482868912243997
2.1572786393196597,0.01421370455012183,0.03204779534800304,0.01783409079788121,0.008149031763900534,-0.02196442453536634,0.014620318568244974,0.02638540619749432,-2.554303710964409
2.1597548774387194,0.014190996242329272,0.03204779534800304,0.017856799105673768,0.008130046844127556,-0.022024136941283978,0.014468945083975115,0.026351716829298186,-2.560341201009494
2.1622311155577787,0.014168340781390919,0.03204779534800304,0.01787945456661212,0.008110966664111003,-0.022083097039448486,0.01431691158040656,0.026318000153029826,-2.5663994194298514
2.1647073536768384,0.014145741545842729,0.03204779534800304,0.01790205380216031,0.008091794243602374,-0.022141300828084947,0.014164223813730052,0.026284262184911956,-2.5724784189644976
2.167183591795898,0.014123201922710563,0.03204779534800304,0.017924593425292477,0.008072532643827304,-0.022198744337925548,0.014010887675773671,0.026250509016850096,-2.5785782469190437
2.1696598299149574,0.014100725306428613,0.03204779534800304,0.017947070041574427,0.008053184966623177,-0.022255423634210913,0.013856909193722382,0.026216746814608054,-2.5846989450639213
2.172136068034017,0.01407831509774625,0.03204779534800304,0.01796948025025679,0.00803375435355378,-0.022311334818689448,0.013702294529765022,0.026182981815906538,-2.5908405495331746
2.1746123061530764,0.014055974702623732,0.03204779534800304,0.017991820645379308,0.008014243985001607,-0.022366474031612727,0.01354704998066914,0.026149220328444866,-2.5970030907239035
2.177088544272136,0.01403370753111734,0.03204779534800304,0.0180140878168857,0.007994657079237785,-0.022420837453726104,0.013391181977282306,0.02611546872784591,-2.603186593196509
2.1795647823911954,0.014011516996254414,0.03204779534800304,0.018036278351748626,0.007974996891470285,-0.022474421308252373,0.013234697083960698,0.026081733455524503,-2.6093910755758123
2.182041020510255,0.013989406512898886,0.03204779534800304,0.018058388835104154,0.007955266712870461,-0.022527221862867774,0.013077601997923783,0.026048021016479697,-2.61561655045322
2.184517258629315,0.013967379496607858,0.03204779534800304,0.018080415851395183,0.007935469869578556,-0.022579235431668173,0.012919903548535873,0.02601433797701124,-2.6218630242900054
2.186993496748374,0.013945439362479738,0.03204779534800304,0.018102355985523302,0.007915609721688418,-0.022630458377124366,0.012761608696513858,0.025980690962360806,-2.6281304973218726
2.189469734867434,0.013923589523994622,0.03204779534800304,0.018124205824008418,0.007895689662211845,-0.02268088711202502,0.012602724533061094,0.0259470866542786,-2.6344189634649267
2.191945972986493,0.01390183339184746,0.03204779534800304,0.01814596195615558,0.007875713116023104,-0.022730518101405434,0.012443258278928187,0.02591353178851611,-2.640728410223153
2.194422211105553,0.013880174372774615,0.03204779534800304,0.018167620975228425,0.007855683538783919,-0.022779347864461126,0.012283217283399681,0.025880033152245734,-2.647058818597596
2.196898449224612,0.013858615868374467,0.03204779534800304,0.018189179479628573,0.007835604415849564,-0.022827372976444323,0.012122609023207992,0.025846597581408358,-2.653410162997315
2.199374687343672,0.01383716127392267,0.03204779534800304,0.01821063407408037,0.00781547926115641,-0.02287459007054226,0.011961441101373713,0.025813231957989742,-2.659782411152318
2.201850925462731,0.013815813977182817,0.03204779534800304,0.018231981370820223,0.007795311616091569,-0.022920995839735586,0.011799721245973645,0.025779943207227162,-2.666175524028566
2.204327163581791,0.013794577357212887,0.03204779534800304,0.018253217990790153,0.007775105048345061,-0.022966587038635466,0.01163745730883587,0.025746738294747086,-2.672589455745233
2.2068034017008507,0.013773454783168548,0.03204779534800304,0.01827434056483449,0.007754863150745107,-0.023011360485298043,0.011474657264163276,0.025713624223635826,-2.6790241534943444
2.20927963981991,0.013752449613103651,0.03204779534800304,0.01829534573489939,0.007734589540077135,-0.023055313063014657,0.011311329207085245,0.025680608031444153,-2.6854795574629584
2.2117558779389697,0.01373156519276875,0.03204779534800304,0.01831623015523429,0.007714287855886994,-0.023098441722076663,0.011147481352138382,0.025647696787127784,-2.691955600758045
2.214232116058029,0.01371080485440835,0.03204779534800304,0.01833699049359469,0.007693961759269136,-0.023140743481513026,0.010983122031677157,0.02561489758792527,-2.698452209334192
2.2167083541770887,0.01369017191555753,0.03204779534800304,0.01835762343244551,0.0076736149316401926,-0.023182215430799756,0.01081825969421443,0.025582217556175124,-2.704969301924332
2.219184592296148,0.01366966967783867,0.03204779534800304,0.01837812567016437,0.007653251073498778,-0.023222854731539466,0.010652902902693528,0.025549663836074266,-2.7115067899736025
2.2216608304152077,0.013649301425758986,0.03204779534800304,0.018398493922244054,0.007632873903171997,-0.023262658619109873,0.01048706033269169,0.025517243590379473,-2.718064577576539
2.224137068534267,0.01362907042550968,0.03204779534800304,0.01841872492249336,0.007612487155549463,-0.023301624404279887,0.01032074077055669,0.02548496399705448,-2.724642561417719
2.2266133066533267,0.01360897992376717,0.03204779534800304,0.01843881542423587,0.007592094580805417,-0.023339749474791806,0.010153953111476759,0.025452832245864365,-2.731240630716042
2.2290895447723864,0.013589033146497554,0.03204779534800304,0.018458762201505486,0.007571699943109722,-0.023377031296908615,0.009986706357485537,0.025420855534920277,-2.7378586671727807
2.2315657828914457,0.013569233297764556,0.03204779534800304,0.018478562050238484,0.007551307019328345,-0.023413467416924825,0.009819009615402444,0.025389041067176328,-2.744496544923582
2.2340420210105054,0.013549583558541987,0.03204779534800304,0.018498211789461053,0.007530919597714135,-0.023449055462639784,0.009650872094709929,0.025357396046881617,-2.7511541304945575
2.2365182591295647,0.013530087085531516,0.03204779534800304,0.018517708262471524,0.0075105414765886565,-0.02348379314479219,0.009482303105369055,0.02532592767599008,-2.7578312827626092
2.2389944972486244,0.01351074700998614,0.03204779534800304,0.0185370483380169,0.00749017646301566,-0.023517678258454668,0.009313312055573801,0.02529464315053066,-2.764527852920178
2.2414707353676837,0.01349156643654044,0.03204779534800304,0.0185562289114626,0.0074698283714672,-0.023550708684387068,0.009143908449446521,0.025263549656941005,-2.7712436844445185
2.2439469734867434,0.013472548442048135,0.03204779534800304,0.018575246905954905,0.007449501022482909,-0.023582882390347646,0.008974101884674682,0.025232654368367406,-2.777978613071691
2.2464232116058027,0.013453696074427805,0.03204779534800304,0.018594099273575235,0.007429198241323437,-0.02361419743236073,0.008803902050091555,0.02520196444093433,-2.7847324667753823
2.2488994497248624,0.013435012351517353,0.03204779534800304,0.018612782996485687,0.007408923856618649,-0.023644651955940066,0.008633318723201064,0.025171487009986407,-2.7915050657507314
2.251375687843922,0.013416500259938138,0.03204779534800304,0.0186312950880649,0.007388681699011537,-0.023674244197266627,0.008462361767649465,0.025141229186306464,-2.7982962224032595
2.2538519259629815,0.013398162753969243,0.03204779534800304,0.018649632594033797,0.007368475599798541,-0.023702972484319983,0.008291041130644562,0.025111198052312638,-2.8051057413430773
2.256328164082041,0.013380002754432851,0.03204779534800304,0.01866779259357019,0.007348309389567107,-0.023730835237962305,0.008119366840324447,0.02508140065823824,-2.81193341938448
2.2588044022011005,0.013362023147591273,0.03204779534800304,0.018685772200411767,0.007328186896831366,-0.023757830972973976,0.007947349003077616,0.025051844018297742,-2.818779045551054
2.26128064032016,0.013344226784056328,0.03204779534800304,0.018703568563946713,0.0073081119466666435,-0.02378395829904007,0.007774997800815621,0.025022535106842488,-2.8256424010864354
2.2637568784392195,0.013326616477711849,0.03204779534800304,0.01872117887029119,0.00728808835934374,-0.023809215921686683,0.007602323488200784,0.0249934808545098,-2.8325232594708054
2.266233116558279,0.013309195004650026,0.03204779534800304,0.018738600343353014,0.007268119948963668,-0.023833602643166633,0.007429336389829861,0.024964688144369234,-2.839421386443273
2.2687093546773385,0.013291965102122116,0.03204779534800304,0.018755830245880924,0.007248210522093844,-0.02385711736329336,0.007256046897376602,0.02493616380806964,-2.8463365400302023
2.271185592796398,0.01327492946750427,0.03204779534800304,0.01877286588049877,0.00722836387640639,-0.023879759080222697,0.007082465466693875,0.02490791462199093,-2.8532684705796267
2.273661830915458,0.013258090757279212,0.03204779534800304,0.01878970459072383,0.007208583799319518,-0.023901526891181576,0.006908602614878474,0.024879947303404436,-2.860216920801801
2.276138069034517,0.013241451586034306,0.03204779534800304,0.018806343761968734,0.0071888740666427465,-0.023922419993143304,0.006734468917299751,0.024852268506645805,-2.867181625815996
2.278614307153577,0.013225014525476645,0.03204779534800304,0.018822780822526395,0.007169238441226767,-0.023942437683448586,0.006560075004594232,0.024824884819304217,-2.8741623132036143
2.281090545272636,0.013208782103465839,0.03204779534800304,0.0188390132445372,0.007149680671618867,-0.023961579360371885,0.006385431559628798,0.024797802758432116,-2.8811587030676606
2.283566783391696,0.013192756803065118,0.03204779534800304,0.018855038544937922,0.007130204490724629,-0.023979844523632755,0.006210549314433517,0.024771028766779356,-2.888170508098675
2.2860430215107552,0.013176941061611276,0.03204779534800304,0.018870854286391764,0.007110813614476822,-0.023997232774851482,0.006035439047107385,0.024744569209055843,-2.8951974336471213
2.288519259629815,0.01316133726980406,0.03204779534800304,0.01888645807819898,0.007091511740512183,-0.02401374381794885,0.005860111578697825,0.02471843036822656,-2.902239177802326
2.2909954977488747,0.013145947770815576,0.03204779534800304,0.018901847577187464,0.00707230254685704,-0.02402937745948957,0.005684577770057421,0.02469261844184323,-2.909295431477943
2.293471735867934,0.013130774859420304,0.03204779534800304,0.018917020488582736,0.007053189690622426,-0.02404413360896917,0.005508848518678888,0.024667139538416514,-2.91636587850401
2.2959479739869937,0.013115820781146141,0.03204779534800304,0.0189319745668569,0.007034176806709598,-0.024058012279044146,0.005332934755511137,0.024641999673832835,-2.92345019572558
2.298424212106053,0.013101087731447095,0.03204779534800304,0.018946707616555945,0.007015267506526663,-0.024071013585704994,0.005156847441758597,0.02461720476781973,-2.930548053107931
2.3009004502251127,0.013086577854897988,0.03204779534800304,0.018961217493105052,0.006996465376717124,-0.024083137748392224,0.004980597565665563,0.024592760640463857,-2.937659113848352
2.303376688344172,0.013072293244411889,0.03204779534800304,0.01897550210359115,0.0069777739779011295,-0.024094385090055147,0.004804196139288543,0.02456867300878553,-2.944783034494467
2.3058529264632317,0.013058235940480393,0.03204779534800304,0.018989559407522647,0.006959196843430104,-0.02410475603715341,0.004627654195257926,0.024544947483373682,-2.951919465069087
2.308329164582291,0.013044407930437547,0.03204779534800304,0.019003387417565493,0.006940737478155612,-0.024114251119601367,0.004450982783532208,0.02452158956508521,-2.9590680492015147
2.3108054027013507,0.013030811147747436,0.03204779534800304,0.019016984200255604,0.006922399357213034,-0.024122870970655134,0.004274192968146009,0.024498604641812253,-2.966228424265283
2.3132816408204104,0.013017447471316307,0.03204779534800304,0.019030347876686733,0.00690418592482097,-0.02413061632674282,0.004097295823955174,0.024475997985321612,-2.973400221522219
2.3157578789394697,0.013004318724829145,0.03204779534800304,0.019043476623173895,0.006886100593096871,-0.024137488027237718,0.003920302433380337,0.024453774748169493,-2.980583066272792
2.3182341170585294,0.012991426676111334,0.03204779534800304,0.019056368671891706,0.006868146740889689,-0.02414348701417488,0.0037432238831515315,0.02443193996069545,-2.987776578012636
2.3207103551775887,0.012978773036515689,0.03204779534800304,0.01906902231148735,0.0068503277126302645,-0.0241486143319113,0.0035660712610564695,0.024410498528099026,-2.99498037059514
2.3231865932966485,0.012966359460335083,0.03204779534800304,0.019081435887667957,0.0068326468171999305,-0.02415287112672998,0.0033888556526939,0.024389455227602403,-3.002194052400014
2.3256628314157077,0.012954187544241089,0.03204779534800304,0.01909360780376195,0.006815107326818216,-0.024156258646388307,0.003211588138235208,0.024368814705702513,-3.0094172265076784
2.3281390695347675,0.012942258826748779,0.03204779534800304,0.01910553652125426,0.006797712475949997,-0.024158778239611055,0.0030342797891955518,0.02434858147551568,-3.0166494908793724
2.3306153076538267,0.012930574787707969,0.03204779534800304,0.01911722056029507,0.00678046546023296,-0.024160431355528485,0.0028569416652176874,0.024328759914218005,-3.0238904385427974
2.3330915457728865,0.012919136847821207,0.03204779534800304,0.019128658500181833,0.006763369435425728,-0.024161219543060154,0.0026795848108696406,0.024309354260584448,-3.0311396577831786
2.335567783891946,0.012907946368188605,0.03204779534800304,0.019139848979814435,0.006746427516377419,-0.024161144450244827,0.002502220252459472,0.024290368612629468,-3.03839673233953
2.3380440220110055,0.012897004649879723,0.03204779534800304,0.019150790698123317,0.006729642776019011,-0.024160207823517167,0.0023248589948683457,0.0242718069253519,-3.0456612416059854
2.340520260130065,0.012886312933532644,0.03204779534800304,0.019161482414470396,0.0067130182443771265,-0.024158411506931775,0.0021475120184044688,0.024253673008586666,-3.052932760837982
2.3429964982491245,0.012875872398980429,0.03204779534800304,0.01917192294902261,0.006696556907610746,-0.02415575744133535,0.001970190275680218,0.02423597052496584,-3.0602108613630885
2.345472736368184,0.012865684164904998,0.03204779534800304,0.019182111183098042,0.006680261707071275,-0.024152247663487565,0.001792904688513789,0.02421870298799123,-3.067495110796299
2.3479489744872435,0.012855749288518521,0.03204779534800304,0.01919204605948452,0.006664135538386469,-0.02414788430513153,0.0016156661448583614,0.024201873760220698,-3.0747850732595357
2.350425212606303,0.012846068765272431,0.03204779534800304,0.01920172658273061,0.0066481812505686435,-0.02414266959201454,0.0014384854957597698,0.024185486051570157,-3.0820803096051654
2.3529014507253625,0.012836643528594014,0.03204779534800304,0.019211151819409026,0.006632401645147572,-0.024136605842860034,0.0012613735523456832,0.0241695429177331,-3.0893803776432627
2.3553776888444222,0.012827474449650704,0.03204779534800304,0.019220320898352336,0.006616799475328476,-0.024129695468291544,0.0010843410828471844,0.024154047258719183,-3.0966848323724063
2.357853926963482,0.012818562337141987,0.03204779534800304,0.019229233010861053,0.006601377445175496,-0.0241219409697097,0.000907398809655668,0.02413900181751358,-3.1039932262137206
2.3603301650825412,0.012809907937118881,0.03204779534800304,0.01923788741088416,0.006586138208820919,-0.024113344938122984,0.0007305574064160494,0.024124409178858053,-3.1113051092479367
2.362806403201601,0.01280151193283096,0.03204779534800304,0.01924628341517208,0.00657108436970057,-0.02410391005293345,0.0005538274951585361,0.02411027176815516,-3.118620029455186
2.3652826413206602,0.0127933749446009,0.03204779534800304,0.01925442040340214,0.006556218479815632,-0.024093639080678356,0.0003772196434709339,0.024096591850496445,-3.1259375329572485
2.36775887943972,0.012785497529726384,0.03204779534800304,0.019262297818276656,0.006541543039021132,-0.02408253487372865,0.00020074436171248992,0.024083371529815257,-3.1332571642620093
2.3702351175587792,0.012777880182409204,0.03204779534800304,0.019269915165593836,0.006527060494341416,-0.024070600368945545,2.4412100271882942e-05,0.024070612748164952,-3.140578466509795
2.372711355677839,0.012770523333711571,0.03204779534800304,0.01927727201429147,0.006512773239312788,-0.02405783858629609,-0.00015176675312990502,0.024058317285122678,3.1352843254582363
2.3751875937968987,0.012763427351539267,0.03204779534800304,0.019284367996463773,0.006498683613353528,-0.024044252627429097,-0.0003277818760894359,0.02404648675731912,3.1279610561324644
2.377663831915958,0.012756592540651725,0.03204779534800304,0.019291202807351315,0.006484793901161473,-0.02402984567421243,-0.000503623014122487,0.024035122618094124,3.1206374921619995
2.3801400700350177,0.01275001914269848,0.03204779534800304,0.01929777620530456,0.006471106332139312,-0.024014620987232744,-0.0006792799832158422,0.02402422615727793,3.1133140933852643
2.382616308154077,0.012743707336282085,0.03204779534800304,0.019304088011720955,0.006457623079847737,-0.023998581904259166,-0.000854742672327389,0.024013798501097923,3.1059913197580924
2.3850925462731367,0.012737657237047159,0.03204779534800304,0.01931013811095588,0.006444346261486536,-0.023981731838671888,-0.0010300010458340258,0.024003840612210125,3.0986696311020685
2.387568784392196,0.012731868897795165,0.03204779534800304,0.019315926450207875,0.0064312779374037345,-0.023964074277857014,-0.0012050451459249233,0.02399435328985479,3.091349486853057
2.3900450225112557,0.012726342308624794,0.03204779534800304,0.019321453039378246,0.006418420110632804,-0.02394561278156885,-0.001379865094940104,0.023985337170135165,3.084031345810157
2.392521260630315,0.012721077397097668,0.03204779534800304,0.019326717950905372,0.006405774726458073,-0.023926350980261114,-0.0015544510976518416,0.023976792726418457,3.076715665885436
2.3949974987493747,0.012716074028428899,0.03204779534800304,0.01933172131957414,0.00639334367200818,-0.02390629257338808,-0.0017287934434890395,0.023968720269857562,3.069402903854693
2.3974737368684345,0.012711332005702267,0.03204779534800304,0.019336463342300773,0.006381128775877747,-0.023885441327677115,-0.0019028825087022616,0.023961119950032195,3.062093515109577
2.3999499749874937,0.012706851070109784,0.03204779534800304,0.019340944277893256,0.006369131807777127,-0.023863801075374093,-0.002076708758469294,0.023953991755708042,3.054787953411333
2.4024262131065535,0.012702630901214998,0.03204779534800304,0.019345164446788042,0.0063573544782101945,-0.02384137571246263,-0.002250262748939893,0.02394733551571175,3.047486670646462
2.4049024512256127,0.012698671117239851,0.03204779534800304,0.01934912423076319,0.006345798438180084,-0.02381816919685876,-0.002423535129218572,0.02394115089992016,3.0401901165845953
2.4073786893446725,0.012694971275374771,0.03204779534800304,0.01935282407262827,0.006334465278922846,-0.023794185546582435,-0.002596516643285206,0.023935437420361666,3.032898738638831
2.4098549274637318,0.012691530872111313,0.03204779534800304,0.019356264475891727,0.006323356531668814,-0.023769428837906968,-0.002769198131851804,0.023930194432427308,3.0256129816288393
2.4123311655827915,0.012688349343597256,0.03204779534800304,0.019359446004405784,0.006312473667431583,-0.023743903203488053,-0.002941570534155643,0.023925421136189493,3.0183332875469677
2.4148074037018508,0.012685426066013337,0.03204779534800304,0.019362369281989703,0.006301818096824436,-0.023717612830473394,-0.003113624889687101,0.023921116577825443,3.0110600953276365
2.4172836418209105,0.012682760355971656,0.03204779534800304,0.019365034992031384,0.006291391169904043,-0.023690561958594758,-0.003285352339852597,0.02391727965114327,3.0037938406202476
2.41975987993997,0.01268035147093479,0.03204779534800304,0.01936744387706825,0.006281194176041172,-0.023662754878243358,-0.0034567441295710504,0.023913909099207386,2.9965349555658802
2.4222361180590295,0.012678198609655564,0.03204779534800304,0.019369596738347476,0.00627122834381832,-0.023634195928530288,-0.003627791608804135,0.0239110035160607,2.989283868577987
2.4247123561780892,0.012676300912636648,0.03204779534800304,0.019371494435366392,0.006261494840953817,-0.023604889495333042,-0.0037984862340196663,0.023908561348540427,2.9820410041273195
2.4271885942971485,0.012674657462609814,0.03204779534800304,0.019373137885393226,0.006251994774252402,-0.02357484000932992,-0.003968819569587292,0.023906580898184537,2.9748067825313296
2.4296648324162082,0.012673267285034095,0.03204779534800304,0.019374528062968945,0.006242729189581735,-0.023544051944023144,-0.004138783289107061,0.02390506032322554,2.9675816197482074
2.4321410705352675,0.012672129348612476,0.03204779534800304,0.019375665999390564,0.00623369907187475,-0.02351252981375251,-0.004308369176669526,0.023903997640668324,2.9603659271758085
2.4346173086543272,0.012671242565826562,0.03204779534800304,0.019376552782176478,0.006224905345157447,-0.023480278171700623,-0.004477569128048252,0.023903390728448787,2.9531601114556096
2.4370935467733865,0.012670605793488724,0.03204779534800304,0.019377189554514316,0.006216348872601777,-0.02344730160789117,-0.004646375151823548,0.02390323732766964,2.9459645742819185
2.4395697848924462,0.012670217833311133,0.03204779534800304,0.019377577514691907,0.006208030456603367,-0.023413604747181467,-0.0048147793704382755,0.023903535044909916,2.9387797122164616
2.442046023011506,0.012670077432491218,0.03204779534800304,0.019377717915511822,0.0061999508388836085,-0.023379192247250765,-0.004982774021184835,0.02390428135460476,2.9316059165085475
2.4445222611305653,0.012670183284313012,0.03204779534800304,0.019377612063690028,0.006192110700615858,-0.023344068796585387,-0.005150351457124008,0.023905473601491582,2.9244435729209215
2.446998499249625,0.01267053402876371,0.03204779534800304,0.01937726131923933,0.006184510662575275,-0.023308239112462145,-0.005317504147935443,0.02390710900311915,2.917293061561458
2.4494747373686843,0.012671128253165125,0.03204779534800304,0.019376667094837915,0.0061771512853119465,-0.0232717079389313,-0.005484224680699687,0.023909184652415767,2.9101547567208246
2.451950975487744,0.012671964492819248,0.03204779534800304,0.019375830855183792,0.0061700330693468634,-0.023234480044800172,-0.005650505760612535,0.023911697520312792,2.903029026716204
2.4544272136068033,0.012673041231667563,0.03204779534800304,0.019374754116335477,0.006163156455390354,-0.023196560221618954,-0.005816340211631094,0.023914644458419856,2.8959162337412114
2.456903451725863,0.012674356902963403,0.03204779534800304,0.019373438445039637,0.006156521824582499,-0.02315795328166951,-0.00598172097705281,0.023918022201747813,2.888816733722049
2.4593796898449227,0.012675909889956871,0.03204779534800304,0.01937188545804617,0.006150129498755127,-0.023118664055958783,-0.00614664112002678,0.023921827371475714,2.881730876180025
2.461855927963982,0.01267769852659183,0.03204779534800304,0.01937009682141121,0.00614397974071492,-0.02307869739221783,-0.006311093823998469,0.023926056477758167,2.874659004100465
2.4643321660830417,0.012679721098214237,0.03204779534800304,0.019368074249788803,0.006138072754547155,-0.023038058152907492,-0.006475072393088041,0.023930705922568983,2.8676014538080867
2.466808404202101,0.01268197584229144,0.03204779534800304,0.0193658195057116,0.006132408685939616,-0.022996751213232212,-0.006638570252402386,0.02393577200257763,2.8605585548488857
2.4692846423211607,0.012684460949141788,0.03204779534800304,0.019363334398861252,0.006126987622526226,-0.02295478145916274,-0.006801580948282031,0.023941250912054585,2.853530629878547
2.47176088044022,0.012687174562674004,0.03204779534800304,0.019360620785329036,0.006121809594249847,-0.02291215378546911,-0.006964098148482807,0.023947138745801934,2.8465179945574284
2.4742371185592797,0.012690114781135828,0.03204779534800304,0.01935768056686721,0.006116874573743838,-0.022868873093764824,-0.007126115642293483,0.023953431502105507,2.8395209574520908
2.476713356678339,0.012693279657871353,0.03204779534800304,0.019354515690131687,0.00611218247673181,-0.022824944290563375,-0.007287627340589365,0.023960125085704942,2.8325398199434204
2.4791895947973988,0.012696667202086488,0.03204779534800304,0.019351128145916552,0.006107733162445073,-0.02278037228534809,-0.007448627275823196,0.023967215310778025,2.825574876141283
2.4816658329164585,0.012700275379622022,0.03204779534800304,0.019347519968381018,0.00610352643405733,-0.02273516198865634,-0.007609109601953393,0.023974697903935797,2.8186264128057323
2.4841420710355178,0.012704102113733788,0.03204779534800304,0.019343693234269252,0.006099562039136009,-0.022689318310179046,-0.007769068594310937,0.02398256850722488,2.811694709274711
2.4866183091545775,0.012708145285879394,0.03204779534800304,0.019339650062123646,0.006095839670109818,-0.022642846156876544,-0.007928498649405494,0.02399082268113379,2.8047800373982157
2.4890945472736368,0.01271240273651094,0.03204779534800304,0.0193353926114921,0.006092358964751915,-0.022595750431111693,-0.008087394284671211,0.02399945590759959,2.7978826614788868
2.4915707853926965,0.012716872265873227,0.03204779534800304,0.019330923082129813,0.006089119506678224,-0.02254803602880099,-0.00824575013815388,0.024008463593011783,2.7910028382189322
2.494047023511756,0.012721551634807062,0.03204779534800304,0.019326243713195978,0.006086120825860369,-0.022499707837584947,-0.00840356096813927,0.02401784107121028,2.784140816673367
2.4965232616308155,0.0127264385655569,0.03204779534800304,0.01932135678244614,0.006083362399152651,-0.022450770735018038,-0.008560821652724662,0.024027583606474077,2.7772968382094336
2.498999499749875,0.012731530742582653,0.03204779534800304,0.019316264605420387,0.006080843650832647,-0.022401229586779724,-0.008717527189333454,0.024037686396497965,2.77047113647218
2.5014757378689345,0.012736825813374923,0.03204779534800304,0.019310969534628117,0.006078563953154791,-0.02235108924490665,-0.008873672694174745,0.02404814457535392,2.7636639373560508
2.5039519759879942,0.012742321389273191,0.03204779534800304,0.01930547395872985,0.006076522626916469,-0.02230035454604735,-0.009029253401648025,0.02405895321643457,2.75687545898244
2.5064282141070535,0.012748015046286747,0.03204779534800304,0.019299780301716293,0.006074718942036133,-0.022249030309739935,-0.009184264663694751,0.024070107335375936,2.7501059116830615
2.5089044522261132,0.012753904325917477,0.03204779534800304,0.019293891022085563,0.006073152118142826,-0.02219712133671339,-0.009338701949097347,0.024081601892956613,2.7433554979890498
2.5113806903451725,0.012759986735984587,0.03204779534800304,0.019287808612018453,0.006071821325176715,-0.0221446324072137,-0.009492560842726674,0.024093431797971143,2.7366244126256767
2.5138569284642323,0.012766259751450147,0.03204779534800304,0.019281535596552893,0.006070725683999983,-0.022091568279354604,-0.00964583704473954,0.024105591910074643,2.729912842512534
2.5163331665832915,0.012772720815245765,0.03204779534800304,0.019275074532757275,0.006069864267017688,-0.022037933687494567,-0.009798526369726565,0.0241180770425968,2.723220966769097
2.5188094047023513,0.012779367339099283,0.03204779534800304,0.019268428008903757,0.006069236098807996,-0.02198373334063974,-0.00995062474581238,0.02413088196532255,2.716548956725491
2.5212856428214105,0.012786196704361603,0.03204779534800304,0.019261598643641437,0.006068840156761322,-0.021928971920874226,-0.0101021282137084,0.024144001407237648,2.7098969759383658
2.5237618809404703,0.012793206262832927,0.03204779534800304,0.019254589085170113,0.006068675371727859,-0.021873654081817573,-0.010253032925720187,0.024157430059236783,2.7032651802117034
2.52623811905953,0.012800393337588076,0.03204779534800304,0.019247402010414964,0.00606874062867302,-0.021817784447110522,-0.010403335144709676,0.024171162576792398,2.6966537176224477
2.5287143571785893,0.012807755223800621,0.03204779534800304,0.01924004012420242,0.0060690347673402634,-0.021761367608929216,-0.01055303124301416,0.024185193582582438,2.69006272855078
2.531190595297649,0.012815289189565343,0.03204779534800304,0.019232506158437697,0.006069556582920863,-0.02170440812652841,-0.010702117701322955,0.0241995176690752,2.683492345714903
2.5336668334167083,0.01282299247671866,0.03204779534800304,0.01922480287128438,0.006070304826730096,-0.021646910524814336,-0.010850591107512502,0.024214129401069682,2.676942694210199
2.536143071535768,0.012830862301656702,0.03204779534800304,0.01921693304634634,0.006071278206889438,-0.02158887929294726,-0.010998448155441947,0.024229023318189928,2.670413891552571
2.5386193096548273,0.012838895856150723,0.03204779534800304,0.019208899491852317,0.006072475389014186,-0.021530318882974575,-0.011145685643709519,0.024244193937331966,2.6639060477258485
2.541095547773887,0.012847090308159441,0.03204779534800304,0.0192007050398436,0.006073894996906218,-0.021471233708494433,-0.011292300474371615,0.024259635755061966,2.657419265233079
2.5435717858929467,0.012855442802638107,0.03204779534800304,0.019192352545364933,0.006075535613251265,-0.021411628143350566,-0.011438289651625242,0.024275343249964543,2.6509536391515574
2.546048024012006,0.012863950462343815,0.03204779534800304,0.019183844885659225,0.0060773957803203615,-0.02135150652035838,-0.011583650280455441,0.024291310884939944,2.644509257191432
2.5485242621310658,0.012872610388636956,0.03204779534800304,0.019175184959366084,0.006079474000674995,-0.021290873130062723,-0.011728379565248708,0.024307533109449223,2.638086199757727
2.551000500250125,0.012881419662278456,0.03204779534800304,0.019166375685724584,0.006081768737875557,-0.021229732219527838,-0.01187247480837347,0.024324004361706588,2.6316845400156414
2.5534767383691848,0.01289037534422248,0.03204779534800304,0.01915742000378056,0.006084278417192615,-0.021168087991159226,-0.012015933408729381,0.024340719070817904,2.625304343958926
2.555952976488244,0.012899474476404344,0.03204779534800304,0.019148320871598696,0.006087001426320654,-0.02110594460155821,-0.012158752860265753,0.024357671658864783,2.6189456704812404
2.5584292146073038,0.012908714082523566,0.03204779534800304,0.019139081265479474,0.0060899361160938826,-0.021043306160409097,-0.01230093075047142,0.024374856542933844,2.6126085714502705
2.560905452726363,0.012918091168821526,0.03204779534800304,0.019129704179181514,0.00609308080120366,-0.020980176729399225,-0.012442464758836104,0.024392268137090146,2.6062930917845124
2.5633816908454228,0.012927602724853778,0.03204779534800304,0.019120192623149262,0.0060964337609172095,-0.02091656032117197,-0.012583352655285603,0.024409900854294942,2.5999992695325123
2.5658579289644825,0.012937245724256634,0.03204779534800304,0.019110549623746406,0.0060999932397972165,-0.020852460898313135,-0.012723592298590946,0.02442774910826704,2.593727135954463
2.568334167083542,0.012947017125507922,0.03204779534800304,0.01910077822249512,0.006103757448421971,-0.020787882372370454,-0.012863181634753487,0.02444580731528762,2.587476715605972
2.5708104052026015,0.01295691387268166,0.03204779534800304,0.01909088147532138,0.006107724564105677,-0.020722828602906657,-0.013002118695366903,0.024464069895948543,2.5812480264238586
2.573286643321661,0.012966932896196492,0.03204779534800304,0.019080862451806548,0.006111892731618577,-0.020657303396586012,-0.013140401595956901,0.024482531276843713,2.5750410798138583
2.5757628814407205,0.012977071113557774,0.03204779534800304,0.019070724234445266,0.006116260063906597,-0.020591310506294508,-0.013278028534300457,0.024501185892203906,2.5688558807400588
2.57823911955978,0.012987325430092983,0.03204779534800304,0.019060469917910057,0.0061208246428101284,-0.02052485363029364,-0.013414997788725111,0.02452002818547478,2.5626924278159544
2.5807153576788395,0.012997692739680617,0.03204779534800304,0.019050102608322423,0.006125584519781676,-0.02045793641140787,-0.013551307716390085,0.02453905261083853,2.556550713396958
2.583191595797899,0.013008169925472077,0.03204779534800304,0.019039625422530963,0.006130537716602072,-0.02039056243624595,-0.013686956751549621,0.0245582536346792,2.5504307236742685
2.5856678339169585,0.01301875386060674,0.03204779534800304,0.0190290414873963,0.006135682226094914,-0.020322735234455748,-0.013821943403800652,0.02457762573699212,2.544332438769914
2.5881440720360183,0.01302944140891988,0.03204779534800304,0.01901835393908316,0.006141016012838981,-0.020254458278012977,-0.013956266256314773,0.02459716341273763,2.538255832832902
2.5906203101550775,0.013040229425643462,0.03204779534800304,0.019007565922359578,0.006146537013878328,-0.020185734980543428,-0.014089923964056707,0.024616861173139725,2.532200874136295
2.5930965482741373,0.013051114758099717,0.03204779534800304,0.018996680589903323,0.0061522431394298496,-0.020116568696678997,-0.014222915251989711,0.024636713546930054,2.526167525175125
2.5955727863931966,0.013062094246387303,0.03204779534800304,0.018985701101615737,0.0061581322735879615,-0.020046962721447213,-0.014355238913269019,0.024656715081537675,2.5201557427650267
2.5980490245122563,0.013073164724060178,0.03204779534800304,0.018974630623942862,0.006164202275026273,-0.01997692028969429,-0.01448689380742489,0.024676860344225417,2.5141654781414475
2.6005252626313156,0.013084323018798884,0.03204779534800304,0.018963472329204156,0.006170450977695887,-0.019906444575541665,-0.014617878858535608,0.02469714392317327,2.508196677059365
2.6030015007503753,0.013095565953074467,0.03204779534800304,0.018952229394928573,0.006176876191520256,-0.019835538691875782,-0.014748193053392276,0.024717560428509717,2.5022492798933587
2.6054777388694346,0.013106890344804726,0.03204779534800304,0.018940905003198314,0.006183475703086234,-0.019764205689871254,-0.01487783543965561,0.02473810449329155,2.4963232217379754
2.6079539769884943,0.013118293008002973,0.03204779534800304,0.018929502340000067,0.006190247276331211,-0.01969244855854695,-0.015006805124006555,0.024758770774433194,2.4904184325082483
2.610430215107554,0.013129770753419121,0.03204779534800304,0.01891802459458392,0.006197188653226117,-0.01962027022435532,-0.015135101270290973,0.024779553953586157,2.484534837040311
2.6129064532266133,0.013141320389173212,0.03204779534800304,0.018906474958829828,0.006204297554454109,-0.019547673550804348,-0.015262723097660033,0.02480044873796966,2.478672355191976
2.615382691345673,0.01315293872138134,0.03204779534800304,0.0188948566266217,0.006211571680084764,-0.01947466133811232,-0.015389669878706961,0.024821449861153297,2.472830901943216
2.6178589294647323,0.01316462255477386,0.03204779534800304,0.01888317279322918,0.006219008710243611,-0.019401236322895168,-0.015515940937600978,0.024842552083792616,2.467010387496455
2.620335167583792,0.013176368693306195,0.03204779534800304,0.018871426654696846,0.006226606305776883,-0.019327401177886127,-0.015641535648219844,0.024863750194318763,2.4612107173765754
2.6228114057028513,0.013188173940761824,0.03204779534800304,0.018859621407241216,0.006234362108911288,-0.019253158511687664,-0.01576645343228132,0.02488503900958298,2.455431792530581
2.625287643821911,0.013200035101347936,0.03204779534800304,0.018847760246655104,0.006242273743908716,-0.01917851086855537,-0.015890693757475125,0.02490641337545724,2.4496735094268245
2.6277638819409703,0.013211948980283418,0.03204779534800304,0.018835846367719622,0.006250338817715729,-0.0191034607282138,-0.0160142561355956,0.024927868167391856,2.443935760153744
2.63024012006003,0.013223912384379519,0.03204779534800304,0.01882388296362352,0.0062585549206077475,-0.019028010505703855,-0.01613714012067671,0.02494939829093139,2.43821843251802
2.6327163581790898,0.01323592212261291,0.03204779534800304,0.01881187322539013,0.006266919626827768,-0.01895216255126164,-0.016259345307129462,0.024970998682189643,2.4325214101421127
2.635192596298149,0.013247975006691608,0.03204779534800304,0.018799820341311432,0.006275430495219561,-0.018875919150228626,-0.01638087132788329,0.024992664308285277,2.4268445725611008
2.637668834417209,0.013260067851613398,0.03204779534800304,0.018787727496389642,0.006284085069855319,-0.018799282522992736,-0.016501717852531843,0.025014390167738817,2.4211877953187675
2.640145072536268,0.01327219747621718,0.03204779534800304,0.01877559787178586,0.006292880880657482,-0.018722254824960344,-0.016621884585484,0.025036171290832424,2.415550950062891
2.642621310655328,0.013284360703727092,0.03204779534800304,0.018763434644275948,0.006301815444014917,-0.018644838146558703,-0.01674137126412129,0.025058002739933534,2.4099339046396655
2.645097548774387,0.013296554362289572,0.03204779534800304,0.018751240985713468,0.006310886263393193,-0.018567034513269017,-0.016860177656961836,0.025079879609783574,2.4043365231872382
2.647573786893447,0.013308775285503473,0.03204779534800304,0.018739020062499567,0.006320090829938981,-0.018488845885689227,-0.016978303561832542,0.025101797027752875,2.398758666228275
2.6500500250125065,0.013321020312943271,0.03204779534800304,0.01872677503505977,0.006329426623078542,-0.018410274159627163,-0.017095748804049137,0.02512375015406305,2.3932001907615614
2.652526263131566,0.01333328629067549,0.03204779534800304,0.01871450905732755,0.0063388911111102175,-0.01833132116622297,-0.017212513234605972,0.025145734181978064,2.3876609503525543
2.6550025012506255,0.013345570071768467,0.03204779534800304,0.018702225276234573,0.0063484817517909286,-0.018251988672101125,-0.017328596728375514,0.0251677443379651,2.3821407952228806
2.657478739369685,0.013357868516795494,0.03204779534800304,0.018689926831207546,0.006358195992916648,-0.018172278379551716,-0.017443999182318426,0.025189775881826512,2.3766395723387417
2.6599549774887445,0.013370178494331534,0.03204779534800304,0.018677616853671506,0.006368031272896805,-0.018092191926740383,-0.01755872051370529,0.02521182410680403,2.3711571254981787
2.662431215607804,0.013382496881443585,0.03204779534800304,0.018665298466559455,0.006377985021322645,-0.01801173088794729,-0.017672760658350085,0.02523388433965649,2.3656932954172
2.6649074537268636,0.013394820564174827,0.03204779534800304,0.018652974783828213,0.006388054659529558,-0.01793089677383422,-0.01778611956885672,0.025255951940712243,2.3602479198147126
2.667383691845923,0.013407146438022582,0.03204779534800304,0.01864064890998046,0.006398237601153295,-0.01784969103174013,-0.017898797212878563,0.02527802230389738,2.354820833496271
2.6698599299649826,0.013419471408410474,0.03204779534800304,0.018628323939592566,0.006408531252680186,-0.017768115046004385,-0.018010793571392538,0.025300090856741248,2.349411868436581
2.6723361680840423,0.013431792391154537,0.03204779534800304,0.018616002956848503,0.00641893301399131,-0.01768617013831797,-0.018122108636987367,0.02532215306036006,2.3440208538607905
2.6748124062031016,0.013444106312923743,0.03204779534800304,0.018603689035079297,0.006429440278900645,-0.017603857568101913,-0.018232742412167456,0.025344204409420094,2.33864761632451
2.6772886443221613,0.013456410111694895,0.03204779534800304,0.018591385236308145,0.006440050435687262,-0.017521178532912914,-0.018342694907672694,0.025366240432081577,2.333291979792564
2.6797648824412206,0.013468700737202098,0.03204779534800304,0.018579094610800942,0.006450760867621568,-0.017438134168876154,-0.01845196614081443,0.025388256689924345,2.3279537657164817
2.6822411205602803,0.013480975151380921,0.03204779534800304,0.01856682019662212,0.006461568953485637,-0.017354725551144385,-0.01856055613382905,0.025410248777856602,2.32263279311068
2.6847173586793396,0.013493230328807351,0.03204779534800304,0.01855456501919569,0.006472472068087655,-0.017270953694383865,-0.018668464912248668,0.025432212324007743,2.3173288786273702
2.6871935967983993,0.013505463257131835,0.03204779534800304,0.018542332090871205,0.006483467582770621,-0.017186819553286135,-0.018775692503290514,0.025454142989606587,2.3120418366301543
2.6896698349174586,0.013517670937508303,0.03204779534800304,0.018530124410494737,0.006494552865915206,-0.017102324023105988,-0.018882238934264724,0.025476036468845987,2.3067714792663283
2.6921460730365183,0.013529850385018569,0.03204779534800304,0.01851794496298447,0.006505725283436986,-0.01701746794022488,-0.018988104231001716,0.02549788848873504,2.3015176165378737
2.694622311155578,0.013541998629092097,0.03204779534800304,0.018505796718910943,0.006516982199277974,-0.016932252082739963,-0.019093288416299183,0.025519694808939942,2.296280056371153
2.6970985492746373,0.01355411271392135,0.03204779534800304,0.01849368263408169,0.006528320975892652,-0.016846677171078232,-0.01919779150838952,0.025541451221614667,2.2910586046853054
2.699574787393697,0.013566189698872775,0.03204779534800304,0.018481605649130265,0.006539738974728435,-0.016760743868635446,-0.01930161351942817,0.02556315355122237,2.2858530654593334
2.7020510255127563,0.013578226658893761,0.03204779534800304,0.01846956868910928,0.006551233556700771,-0.01667445278244004,-0.019404754454003137,0.025584797654348897,2.280663240797911
2.704527263631816,0.013590220684915479,0.03204779534800304,0.01845757466308756,0.0065628020826628535,-0.016587804463841112,-0.01950721430766653,0.025606379419509055,2.2754889309958948
2.7070035017508753,0.013602168884251906,0.03204779534800304,0.018445626463751134,0.006574441913870115,-0.016500799409220945,-0.019608993065488124,0.025627894766946963,2.2703299346015635
2.709479739869935,0.0136140683809952,0.03204779534800304,0.01843372696700784,0.006586150412439509,-0.0164134380607311,-0.019710090700632125,0.02564933964843152,2.265186048478576
2.7119559779889943,0.013625916316407381,0.03204779534800304,0.01842187903159566,0.006597924941803701,-0.016325720807052534,-0.01981050717295659,0.02567071004704764,2.260057067866686
2.714432216108054,0.013637709849308736,0.03204779534800304,0.018410085498694304,0.006609762867160306,-0.016237647984178906,-0.019910242427637122,0.025692001976984794,2.2549427864411844
2.716908454227114,0.013649446156462783,0.03204779534800304,0.018398349191540257,0.0066216615559161664,-0.016149219876223253,-0.020009296393814054,0.025713211483323204,2.249842996371129
2.719384692346173,0.01366112243295825,0.03204779534800304,0.01838667291504479,0.006633618378126855,-0.016060436716247524,-0.020107668983264677,0.025734334641819203,2.2447574883763313
2.721860930465233,0.01367273589258796,0.03204779534800304,0.01837505945541508,0.006645630706931447,-0.015971298687114804,-0.020205360089100198,0.025755367558690328,2.239686051783139
2.724337168584292,0.01368428376822485,0.03204779534800304,0.01836351157977819,0.006657695918982696,-0.01588180592236414,-0.020302369584487976,0.025776306370401156,2.2346284745790275
2.726813406703352,0.013695763312195318,0.03204779534800304,0.018352032035807722,0.0066698113948726896,-0.0157919585071074,-0.02039869732139976,0.025797147243450846,2.2295845434660055
2.729289644822411,0.01370717179664993,0.03204779534800304,0.01834062355135311,0.0066819745195540875,-0.01570175647894831,-0.020494343129385886,0.025817886374163195,2.2245540439128635
2.731765882941471,0.01371850651393168,0.03204779534800304,0.01832928883407136,0.00669418268275707,-0.015611199828923015,-0.020589306814376228,0.025838519988480094,2.2195367602062697
2.7342421210605306,0.013729764776941857,0.03204779534800304,0.018318030571061183,0.0067064332794020635,-0.015520288502462322,-0.02068358815750789,0.02585904434175913,2.214532475500745
2.73671835917959,0.013740943919503798,0.03204779534800304,0.018306851428499242,0.006718723710008388,-0.015429022400375091,-0.020777186913980374,0.02587945571857634,2.2095409718675305
2.7391945972986496,0.013752041296724481,0.03204779534800304,0.01829575405127856,0.006731051381098939,-0.015337401379852598,-0.02087010281193847,0.025899750432534795,2.204562030342351
2.741670835417709,0.013763054285354123,0.03204779534800304,0.018284741062648917,0.006743413705600906,-0.015245425255493774,-0.020962335551382973,0.025919924826079684,2.1995954309721313
2.7441470735367686,0.013773980284143995,0.03204779534800304,0.018273815063859045,0.0067558081032428165,-0.015153093800350795,-0.02105388480311017,0.02593997527032096,2.19464095286064
2.746623311655828,0.013784816714202359,0.03204779534800304,0.01826297863380068,0.006768232000947821,-0.015060406746995166,-0.021144750207679638,0.02595989816486393,2.189698374213127
2.7490995497748876,0.01379556101934895,0.03204779534800304,0.01825223432865409,0.0067806828332235,-0.014967363788603482,-0.021234931374411705,0.02597968993764886,2.184767472379929
2.751575787893947,0.013806210666467734,0.03204779534800304,0.018241584681535306,0.006793158042548136,-0.014873964580063357,-0.02132442788041383,0.02599934704479999,2.1798480238991123
2.7540520260130066,0.013816763145858328,0.03204779534800304,0.018231032202144712,0.006805655079753706,-0.014780208739098523,-0.021413239269637136,0.026018865970484847,2.1749398045381367
2.7565282641320663,0.013827215971586034,0.03204779534800304,0.018220579376417006,0.006818171404405559,-0.014686095847413372,-0.021501365051962873,0.02603824322678438,2.1700425893345816
2.7590045022511256,0.013837566681830633,0.03204779534800304,0.018210228666172407,0.006830704485179041,-0.014591625451856511,-0.021588804702319355,0.0260574753535747,2.165156152635958
2.7614807403701853,0.013847812839234003,0.03204779534800304,0.018199982508769037,0.006843251800232998,-0.014496797065602878,-0.021675557659829762,0.026076558918420905,2.160280268138614
2.7639569784892446,0.013857952031246637,0.03204779534800304,0.018189843316756403,0.006855810837580405,-0.014401610169354663,-0.021761623326990717,0.026095490516483612,2.1554147089257816
2.7664332166083043,0.01386798187047315,0.03204779534800304,0.01817981347752989,0.006868379095456154,-0.01430606421256007,-0.021847001068882637,0.026114266770438932,2.150559247504755
2.7689094547273636,0.013877899995016828,0.03204779534800304,0.01816989535298621,0.00688095408268206,-0.014210158614650413,-0.021931690212411325,0.026132884330412172,2.1457136558432643
2.7713856928464233,0.013887704068823323,0.03204779534800304,0.018160091279179717,0.006893533319029315,-0.014113892766294512,-0.022015690045581928,0.026151339873926073,2.140877705405026
2.7738619309654826,0.013897391782023455,0.03204779534800304,0.018150403565979585,0.0069061143355783295,-0.014017266030670888,-0.022098999816804764,0.026169630105863876,2.1360511671845326
2.7763381690845423,0.013906960851275345,0.03204779534800304,0.018140834496727695,0.006918694675076172,-0.013920277744756704,-0.022181618734234056,0.026187751758447918,2.1312338117410703
2.778814407203602,0.013916409020105741,0.03204779534800304,0.0181313863278973,0.006931271892291646,-0.01382292722063391,-0.02226354596513918,0.026205701591234053,2.1264254092320227
2.7812906453226613,0.013925734059250686,0.03204779534800304,0.018122061288752354,0.006943843554368065,-0.013725213746811623,-0.02234478063530917,0.02622347639112241,2.1216257294454524
2.783766883441721,0.013934933766995544,0.03204779534800304,0.018112861581007497,0.006956407241173928,-0.01362713658956497,-0.022425321828490583,0.02624107297238504,2.1168345418320094
2.7862431215607804,0.013944005969514402,0.03204779534800304,0.01810378937848864,0.006968960545651411,-0.01352869499428987,-0.022505168585858833,0.02625848817671061,2.1120516155361804
2.78871935967984,0.013952948521208909,0.03204779534800304,0.01809484682679413,0.006981501074162922,-0.013429888186873367,-0.02258431990552366,0.026275718873266875,2.107276719426895
2.7911955977988994,0.013961759305046485,0.03204779534800304,0.018086036042956555,0.006994026446835654,-0.013330715375079454,-0.022662774742068445,0.026292761958780886,2.1025096221275366
2.793671835917959,0.013970436232897971,0.03204779534800304,0.01807735911510507,0.007006534297904342,-0.013231175749949768,-0.022740532006124112,0.026309614357637665,2.097750092045348
2.7961480740370184,0.013978977245874772,0.03204779534800304,0.018068818102128268,0.007019022276052177,-0.013131268487219192,-0.022817590563977516,0.026326273021997467,2.092997897400295
2.798624312156078,0.013987380314665374,0.03204779534800304,0.018060415033337666,0.007031488044750041,-0.01303099274874558,-0.022893949237214817,0.02634273493193197,2.088252806253374
2.801100550275138,0.013995643439871284,0.03204779534800304,0.018052151908131756,0.007043929282594038,-0.012930347683953748,-0.0229696068023997,0.026358997095579612,2.08351458653442
2.803576788394197,0.014003764652342411,0.03204779534800304,0.01804403069566063,0.007056343683641485,-0.012829332431293035,-0.023044561990787117,0.026375056549320562,2.0787830060694135
2.806053026513257,0.01401174201351178,0.03204779534800304,0.01803605333449126,0.007068728957745331,-0.012727946119708131,-0.02311881348807241,0.02639091035797121,2.074057832607327
2.808529264632316,0.014019573615729638,0.03204779534800304,0.018028221732273402,0.007081082830887082,-0.012626187870123096,-0.023192359934176166,0.026406555614998776,2.0693388338465293
2.811005502751376,0.014027257582596892,0.03204779534800304,0.018020537765406148,0.007093403045508338,-0.012524056796937702,-0.02326519992306506,0.02642198944275597,2.0646257774607637
2.813481740870435,0.014034792069297683,0.03204779534800304,0.018013003278705357,0.0071056873608408636,-0.012421552009536272,-0.023337332002608572,0.02643720899273584,2.0599184311247445
2.815957978989495,0.014042175262931358,0.03204779534800304,0.018005620085071682,0.0071179335532353906,-0.012318672613808047,-0.02340875467447235,0.02645221144584731,2.055216562539364
2.8184342171085546,0.014049405382843438,0.03204779534800304,0.0179983899651596,0.007130139416489033,-0.012215417713679297,-0.023479466394047684,0.026466994012711086,2.050519939456567
2.820910455227614,0.014056480680955753,0.03204779534800304,0.017991314667047287,0.007142302762171459,-0.0121117864126562,-0.023549465570417805,0.026481553933976325,2.0458283297038893
2.8233866933466736,0.01406339944209557,0.03204779534800304,0.01798439590590747,0.007154421419949814,-0.012007777815378389,-0.023618750566360973,0.026495888480658092,2.041141501208695
2.825862931465733,0.014070159984323621,0.03204779534800304,0.01797763536367942,0.007166493237912366,-0.0119033910291828,-0.023687319698390386,0.026509994954495613,2.036459222022142
2.8283391695847926,0.01407676065926098,0.03204779534800304,0.01797103468874206,0.007178516082890964,-0.011798625165677017,-0.02375517123683127,0.026523870688331345,2.031781260342877
2.830815407703852,0.01408319985241471,0.03204779534800304,0.01796459549558833,0.0071904878407822925,-0.01169347934232211,-0.02382230340593514,0.026537513046511026,2.0271073845405096
2.8332916458229116,0.014089475983502086,0.03204779534800304,0.017958319364500954,0.007202406416867919,-0.01158795268402411,-0.023888714384031427,0.026550919425304496,2.022437363178864
2.835767883941971,0.01409558750677339,0.03204779534800304,0.01795220784122965,0.007214269736133141,-0.011482044324733988,-0.023954402303716482,0.026564087253347395,2.0177709650390465
2.8382441220610306,0.014101532911333023,0.03204779534800304,0.017946262436670017,0.007226075743584639,-0.011375753409055264,-0.02401936525208016,0.02657701399210356,2.013107959142341
2.8407203601800903,0.014107310721458998,0.03204779534800304,0.017940484626544042,0.007237822404566909,-0.01126907909385922,-0.024083601270970048,0.026589697136348227,2.0084481147729636
2.8431965982991496,0.014112919496920506,0.03204779534800304,0.017934875851082534,0.007249507705077514,-0.0111620205499068,-0.02414710835729338,0.026602134214671752,2.0037912015006873
2.8456728364182093,0.014118357833293398,0.03204779534800304,0.017929437514709642,0.007261129652081034,-0.011054576963476748,-0.024209884463356715,0.026614322790003725,1.9991369892033632
2.8481490745372686,0.014123624362273674,0.03204779534800304,0.017924170985729366,0.00727268627382179,-0.01094674753799979,-0.024271927497243447,0.026626260460157505,1.994485248089368
2.8506253126563283,0.014128717751988519,0.03204779534800304,0.01791907759601452,0.0072841756201352794,-0.010838531495697721,-0.024333235323229233,0.026637944858394807,1.9898357487199765
2.8531015507753876,0.014133636707304859,0.03204779534800304,0.01791415864069818,0.00729559576275823,-0.010729928079227473,-0.02439380576223515,0.026649373654010163,1.98518826203171
2.8555777888944474,0.014138379970135381,0.03204779534800304,0.01790941537786766,0.007306944795637353,-0.010620936553328991,-0.02445363659231904,0.026660544552935234,1.9805425593586492
2.8580540270135066,0.014142946319741508,0.03204779534800304,0.017904849028261532,0.007318220835236593,-0.010511556206476825,-0.02451272554920437,0.026671455298362293,1.9758984124547616
2.8605302651325664,0.014147334573033552,0.03204779534800304,0.017900460774969488,0.007329422020842994,-0.010401786352534472,-0.024571070326847362,0.026682103671387142,1.9712555935162386
2.863006503251626,0.014151543584867532,0.03204779534800304,0.017896251763135508,0.007340546514870962,-0.010291626332411149,-0.024628668578041742,0.026692487491670743,1.9666138752038815
2.8654827413706854,0.014155572248338556,0.03204779534800304,0.017892223099664484,0.007351592503164958,-0.010181075515720076,-0.024685517915061315,0.026702604618119335,1.9619730306655434
2.867958979489745,0.014159419495070623,0.03204779534800304,0.017888375852932417,0.007362558195300552,-0.010070133302437815,-0.02474161591034038,0.02671245294958281,1.9573328335586504
2.8704352176088044,0.014163084295502552,0.03204779534800304,0.017884711052500488,0.007373441824883675,-0.009958799124564056,-0.024796960097191723,0.026722030425570892,1.952693058072825
2.872911455727864,0.01416656565916985,0.03204779534800304,0.01788122968883319,0.0073842416498481256,-0.009847072447780918,-0.024851547970562198,0.02673133502698659,1.9480534789526234
2.8753876938469234,0.014169862634982218,0.03204779534800304,0.017877932713020822,0.007394955952751105,-0.009734952773111476,-0.02490537698782572,0.02674036477687673,1.9434138715204161
2.877863931965983,0.0141729743114966,0.03204779534800304,0.01787482103650644,0.0074055830410667736,-0.009622439638576267,-0.02495844456961366,0.026749117741198893,1.93877401169941
2.8803401700850424,0.014175899817185415,0.03204779534800304,0.017871895530817625,0.00741612124747772,-0.009509532620847786,-0.02501074810068232,0.026757592029604465,1.9341336760368613
2.882816408204102,0.014178638320699741,0.03204779534800304,0.0178691570273033,0.007426568930164195,-0.009396231336901463,-0.025062284930817406,0.026765785796237073,1.929492641727462
2.885292646323162,0.014181189031127226,0.03204779534800304,0.017866606316875814,0.007436924473091086,-0.00928253544566308,-0.02511305237577533,0.026773697240546113,1.9248506866369486
2.887768884442221,0.014183551198244517,0.03204779534800304,0.017864244149758523,0.007447186286292384,-0.00916844464965139,-0.025163047718261108,0.02678132460811464,1.9202075893259276
2.890245122561281,0.014185724112763733,0.03204779534800304,0.017862071235239307,0.007457352806153162,-0.00905395869661528,-0.025212268208942533,0.02678866619150102,1.9155631290739443
2.89272136068034,0.014187707106573043,0.03204779534800304,0.017860088241429997,0.007467422495688882,-0.008939077381165098,-0.025260711067500552,0.026795720331093963,1.9109170859038194
2.8951975987994,0.014189499552970726,0.03204779534800304,0.017858295795032314,0.00747739384482183,-0.00882380054639655,-0.025308373483715414,0.026802485415979942,1.9062692406062456
2.897673836918459,0.014191100866892684,0.03204779534800304,0.017856694481110356,0.007487265370654682,-0.008708128085507336,-0.025355252618588293,0.02680895988482265,1.901619374764696
2.900150075037519,0.01419251050513301,0.03204779534800304,0.01785528484287003,0.007497035617740932,-0.008592059943404775,-0.025401345605498265,0.026815142226753654,1.896967270780619
2.9026263131565786,0.014193727966557327,0.03204779534800304,0.017854067381445713,0.0075067031583521075,-0.008475596118304344,-0.02544664955139398,0.0268210309822735,1.8923127118989735
2.905102551275638,0.014194752792308654,0.03204779534800304,0.017853042555694386,0.007516266592741607,-0.008358736663317861,-0.025491161538019984,0.02682662474416272,1.8876554822340914
2.9075787893946976,0.014195584566005403,0.03204779534800304,0.017852210781997637,0.007525724549404959,-0.008241481688030468,-0.025534878623177028,0.026831922158401637,1.8829953667958939
2.910055027513757,0.014196222913931342,0.03204779534800304,0.0178515724340717,0.007535075685336411,-0.008123831360065944,-0.025577797842016137,0.026836921925098567,1.878332151516482
2.9125312656328166,0.014196667505217087,0.03204779534800304,0.017851127842785953,0.007544318686281649,-0.008005785906638887,-0.02561991620836596,0.026841622799425348,1.8736656232770956
2.915007503751876,0.014196918052012876,0.03204779534800304,0.017850877295990164,0.007553452266986411,-0.007887345616093482,-0.025661230716092772,0.02684602359255933,1.8689955699354814
2.9174837418709356,0.014196974309652374,0.03204779534800304,0.017850821038350666,0.007562475171440989,-0.007768510839427427,-0.02570173834049301,0.026850123172631253,1.8643217803536534
2.919959979989995,0.014196836076807037,0.03204779534800304,0.017850959271196003,0.0075713861731202155,-0.0076492819918006025,-0.025741436039717354,0.026853920465677715,1.8596440444260873
2.9224362181090546,0.014196503195630854,0.03204779534800304,0.017851292152372186,0.00758018407521895,-0.007529659554027105,-0.0257803207562262,0.026857414456597624,1.8549621531083362
2.9249124562281144,0.014195975551895168,0.03204779534800304,0.017851819796107872,0.007588867710882761,-0.007409644074050244,-0.025818389418275783,0.026860604190111638,1.8502758984461007
2.9273886943471736,0.01419525307511305,0.03204779534800304,0.01785254227288999,0.007597435943433628,-0.007289236168399079,-0.025855638941434313,0.026863488771723447,1.8455850736047494
2.9298649324662334,0.014194335738653266,0.03204779534800304,0.017853459609349774,0.007605887666590538,-0.00716843652362582,-0.02589206623012774,0.026866067368682266,1.8408894728993035
2.9323411705852926,0.01419322355984308,0.03204779534800304,0.01785457178815996,0.007614221804684661,-0.0070472458977233424,-0.02592766817921409,0.026868339210945086,1.8361888918249099
2.9348174087043524,0.01419191660006,0.03204779534800304,0.01785587874794304,0.007622437312869015,-0.006925665121521321,-0.025962441675586215,0.026870303592138156,1.8314831270877885
2.9372936468234117,0.014190414964811791,0.03204779534800304,0.01785738038319125,0.007630533177322324,-0.006803695100060749,-0.025996383599801703,0.026871959870516136,1.8267719766366908
2.9397698849424714,0.014188718803804672,0.03204779534800304,0.01785907654419837,0.007638508415446964,-0.006681336813945164,-0.026029490827739733,0.026873307469918284,1.8220552396948493
2.9422461230615307,0.014186828310999315,0.03204779534800304,0.017860967037003725,0.0076463620760606425,-0.006558591320668324,-0.02606176023228373,0.026874345880720366,1.8173327167924578
2.9447223611805904,0.014184743724654246,0.03204779534800304,0.017863051623348794,0.007654093239581774,-0.006435459755916719,-0.02609318868502926,0.02687507466078118,1.812604209799658
2.94719859929965,0.014182465327356415,0.03204779534800304,0.017865330020646625,0.007661701018208175,-0.006311943334846621,-0.026123773058016216,0.02687549343638268,1.807869521960073
2.9496748374187094,0.014179993446038687,0.03204779534800304,0.017867801901964353,0.007669184556088973,-0.006188043353334133,-0.02615351022548459,0.026875601903162464,1.8031284579248636
2.952151075537769,0.014177328451983731,0.03204779534800304,0.01787046689601931,0.007676543029489457,-0.006063761189197541,-0.026182397065652816,0.026875399827037433,1.798380823787334
2.9546273136568284,0.014174470760814222,0.03204779534800304,0.017873324587188818,0.007683775646948661,-0.005939098303391218,-0.026210430462517895,0.026874887045117615,1.7936264271180866
2.957103551775888,0.014171420832468966,0.03204779534800304,0.017876374515534074,0.0076908816494294955,-0.005814056241169641,-0.026237607307676377,0.026874063466608776,1.788865077000727
2.9595797898949474,0.014168179171164579,0.03204779534800304,0.01787961617683846,0.007697860310461121,-0.005688636633221107,-0.02626392450216512,0.026872929073702676,1.7840965840681327
2.962056028014007,0.014164746325342571,0.03204779534800304,0.01788304902266047,0.007704710936273455,-0.0055628411967696256,-0.02628937895832108,0.026871483922453792,1.779320760539272
2.9645322661330664,0.014161122887601432,0.03204779534800304,0.01788667246040161,0.0077114328659235,-0.005436671736644781,-0.0263139676016589,0.026869728143641247,1.7745374202566033
2.967008504252126,0.014157309494613402,0.03204779534800304,0.017890485853389638,0.007718025471413295,-0.005310130146317695,-0.02633768737276535,0.026867661943614583,1.7697463787240209
2.969484742371186,0.01415330682702589,0.03204779534800304,0.01789448852097715,0.0077244881577993195,-0.005183218408903238,-0.026360535229209666,0.02686528560512241,1.7649474531453893
2.971960980490245,0.014149115609346917,0.03204779534800304,0.017898679738656123,0.007730820363293049,-0.005055938598126588,-0.02638250814746854,0.02686259948812233,1.7601404624636303
2.974437218609305,0.0141447366098146,0.03204779534800304,0.01790305873818844,0.007737021559352496,-0.00492829287925376,-0.026403603124864762,0.026859604030571103,1.7553252274003817
2.976913456728364,0.014140170640250294,0.03204779534800304,0.017907624707752746,0.0077430912507645226,-0.004800283509985334,-0.026423817181518303,0.02685629974919365,1.7505015704962315
2.979389694847424,0.01413541855589516,0.03204779534800304,0.01791237679210788,0.007749028975717677,-0.004671912841311886,-0.026443147362308787,0.026852687240229666,1.7456693161515042
2.981865932966483,0.014130481255229938,0.03204779534800304,0.017917314092773102,0.007754834305865353,-0.0045431833183309945,-0.026461590738848087,0.026848767180156555,1.7408282906676233
2.984342171085543,0.014125359679777658,0.03204779534800304,0.01792243566822538,0.0077605068463790705,-0.004414097481024264,-0.02647914441146181,0.0268445403263873,1.73597832228902
2.986818409204602,0.01412005481388915,0.03204779534800304,0.01792774053411389,0.007766046235991673,-0.004284657964994211,-0.02649580551117861,0.02684000751794215,1.731119241245609
2.989294647323662,0.014114567684510984,0.03204779534800304,0.017933227663492056,0.007771452147030198,-0.004154867502159436,-0.02651157120172587,0.026835169676092622,1.7262508797958025
2.9917708854427216,0.01410889936093581,0.03204779534800304,0.01793889598706723,0.007776724285438275,-0.00402472892140803,-0.026526438681530616,0.026830027804976685,1.7213730722700766
2.994247123561781,0.0141030509545348,0.03204779534800304,0.01794474439346824,0.007781862390787797,-0.0038942451492078606,-0.026540405185724338,0.026824582992183724,1.7164856551150696
2.9967233616808406,0.014097023618472086,0.03204779534800304,0.017950771729530954,0.00778686623627974,-0.0037634192101731164,-0.026553467988150482,0.02681883640930815,1.711588466938202
2.9991995997999,0.01409081854740088,0.03204779534800304,0.01795697680060216,0.007791735628733834,-0.00363225422758666,-0.026565624403373067,0.02681278931247012,1.7066813485528285
3.0016758379189596,0.014084436977141294,0.03204779534800304,0.017963358370861746,0.007796470408567021,-0.0035007534238768708,-0.02657687178868531,0.02680644304280228,1.7017641430238826
3.004152076038019,0.01407788018433967,0.03204779534800304,0.01796991516366337,0.007801070449760443,-0.0033689201210489925,-0.02658720754611687,0.02679979902690135,1.6968366957140306
3.0066283141570787,0.014071149486109179,0.03204779534800304,0.01797664586189386,0.007805535659814792,-0.003236757741069517,-0.026596629124438165,0.026792858777242974,1.691898854330298
3.0091045522761384,0.014064246239651725,0.03204779534800304,0.017983549108351315,0.007809865979693919,-0.0031042698062038222,-0.02660513402116058,0.02678562389255895,1.6869504689711787
3.0115807903951977,0.014057171841860922,0.03204779534800304,0.01799062350614212,0.0078140613837564,-0.0029714599393055605,-0.026612719784530954,0.026778096058175292,1.681991392174188
3.0140570285142574,0.01404992772890612,0.03204779534800304,0.01799786761909692,0.007818121879675075,-0.002838331864057802,-0.026619384015519103,0.026770277046310142,1.6770214789638611
3.0165332666333167,0.014042515375797475,0.03204779534800304,0.018005279972205565,0.007822047508344296,-0.0027048894051653256,-0.02662512436979692,0.02676216871633032,1.6720405869001778
3.0190095047523764,0.014034936295931777,0.03204779534800304,0.018012859052071263,0.007825838343774757,-0.002571136488497034,-0.026629938559707425,0.026753773014965072,1.6670485761273814
3.0214857428714357,0.014027192040619273,0.03204779534800304,0.018020603307383767,0.007829494492975793,-0.0024370771411786874,-0.02663382435622259,0.026745091976476194,1.6620453094231957
3.0239619809904954,0.01401928419859124,0.03204779534800304,0.0180285111494118,0.00783301609582506,-0.002302715491634824,-0.02663677959088835,0.02673612772278329,1.6570306522483924
3.0264382191095547,0.014011214395488442,0.03204779534800304,0.0180365809525146,0.007836403324925358,-0.002168055769580013,-0.026638802157755232,0.026726882463542843,1.6520044727967156
3.0289144572286144,0.014002984293330273,0.03204779534800304,0.018044811054672767,0.007839656385448604,-0.0020331023059583985,-0.026639890015293315,0.026717358496180302,1.6469666420451086
3.031390695347674,0.013994595589964937,0.03204779534800304,0.018053199758038103,0.00784277551496683,-0.001897859532831907,-0.026640041188290022,0.02670755820587404,1.641917033804252
3.0338669334667334,0.01398605001850033,0.03204779534800304,0.01806174532950271,0.007845760983270042,-0.0017623319832161602,-0.026639253769729136,0.02669748406549004,1.6368555247693612
3.036343171585793,0.013977349346715948,0.03204779534800304,0.018070446001287092,0.007848613092170952,-0.001626524290863957,-0.026637525922649685,0.02668713863546642,1.6317819945712229
3.0388194097048524,0.01396849537645578,0.03204779534800304,0.01807929997154726,0.007851332175296452,-0.001490441189996492,-0.026634855881983287,0.026676524563646928,1.626696325827456
3.041295647823912,0.013959489943002251,0.03204779534800304,0.01808830540500079,0.007853918597865772,-0.0013540875149813075,-0.026631241956368207,0.026665644585062154,1.6215984041939429
3.0437718859429714,0.0139503349144314,0.03204779534800304,0.01809746043357164,0.007856372756455286,-0.001217468199957719,-0.026626682529939015,0.026654501521657985,1.616488118416426
3.046248124062031,0.013941032190949415,0.03204779534800304,0.018106763157053625,0.007858695078749915,-0.0010805882784086368,-0.026621176064090212,0.026643098281970208,1.6113653603822111
3.0487243621810904,0.0139315837042105,0.03204779534800304,0.01811621164379254,0.007860886023281095,-0.0009434528826796048,-0.02661472109921223,0.02663143786074438,1.6062300251719694
3.05120060030015,0.013921991416616552,0.03204779534800304,0.018125803931386488,0.00786294607915127,-0.0008060672434441838,-0.026607316256398728,0.026619523338500515,1.6010820111115784
3.05367683841921,0.013912257320598462,0.03204779534800304,0.018135538027404578,0.007864875765744938,-0.0006684366891163808,-0.026598960239123327,0.026607357881041484,1.5959212198239883
3.056153076538269,0.013902383437879563,0.03204779534800304,0.018145411910123477,0.007866675632426205,-0.000530566645209671,-0.026589651834884754,0.026594944738904783,1.590747556281057
3.058629314657329,0.013892371818721189,0.03204779534800304,0.01815542352928185,0.007868346258222914,-0.00039246263364279936,-0.026579389916818713,0.026582287246756816,1.5855609288553216
3.061105552776388,0.013882224541150755,0.03204779534800304,0.018165570806852285,0.007869888251497292,-0.0002541302719928345,-0.026568173445275154,0.026569388822729193,1.5803612493716754
3.063581790895448,0.013871943710172509,0.03204779534800304,0.01817585163783053,0.007871302249603251,-0.00011557527269501038,-0.026556001469359766,0.026556252967696637,1.5751484331588854
3.066058029014507,0.01386153145696125,0.03204779534800304,0.01818626389104179,0.007872588918530293,2.3196557809673952e-05,-0.02654287312843796,0.02654288326449574,1.5699223991009361
3.068534267133567,0.01385098993803938,0.03204779534800304,0.01819680540996366,0.007873748952534156,0.00016217931997961586,-0.02652878765360041,0.026529283377084475,1.5646830696881229
3.071010505252626,0.013840321334437418,0.03204779534800304,0.018207474013565622,0.007874783073754207,0.0003013670221294132,-0.026513744369088557,0.026515457049641863,1.5594303710678814
3.073486743371686,0.013829527850838554,0.03204779534800304,0.018218267497164486,0.007875692031817757,0.00044075358143870567,-0.026497742693678942,0.02650140810560765,1.5541642330952778
3.0759629814907457,0.013818611714707309,0.03204779534800304,0.01822918363329573,0.007876476603431227,0.0005803328250120207,-0.026480782142024966,0.02648714044666156,1.5488845893831311
3.078439219609805,0.013807575175402938,0.03204779534800304,0.018240220172600102,0.007877137591958523,0.0007200984909895881,-0.026462862325955107,0.026472658051642256,1.5435913773517052
3.0809154577288647,0.013796420503277698,0.03204779534800304,0.018251374844725343,0.007877675826986464,0.0008600442297085264,-0.026443982955726003,0.026457964975405465,1.5382845382779224
3.083391695847924,0.013785149988760584,0.03204779534800304,0.018262645359242456,0.007878092163877616,0.0010001636049135343,-0.026424143841229562,0.026443065347621555,1.5329640173440569
3.0858679339669837,0.013773765941426881,0.03204779534800304,0.01827402940657616,0.007878387483310567,0.0011404500950171169,-0.026403344893152852,0.026427963371512483,1.5276297636858318
3.088344172086043,0.013762270689053883,0.03204779534800304,0.018285524658949157,0.007878562690807821,0.0012808970944079602,-0.026381586124089564,0.02641266332252804,1.5222817304398932
3.0908204102051027,0.013750666576663354,0.03204779534800304,0.018297128771339686,0.007878618716251506,0.00142149791480749,-0.0263588676496021,0.0263971695469617,1.5169198747905783
3.0932966483241624,0.013738955965551115,0.03204779534800304,0.018308839382451925,0.007878556513387026,0.0015622457866732303,-0.026335189689233172,0.02638148646050619,1.5115441580159426
3.0957728864432217,0.013727141232304257,0.03204779534800304,0.018320654115698783,0.007878377059314934,0.0017031338606486477,-0.02631055256746601,0.0263656185467491,1.5061545455329752
3.0982491245622814,0.013715224767806546,0.03204779534800304,0.018332570580196494,0.007878081353971157,0.0018441552090585093,-0.02628495671463208,0.026349570355608833,1.5007510069419452
3.1007253626813407,0.013703208976232346,0.03204779534800304,0.018344586371770694,0.007877670419595806,0.001985302827448648,-0.026258402667765492,0.026333346501711277,1.4953335160698276
3.1032016008004004,0.013691096274029847,0.03204779534800304,0.018356699073973193,0.007877145300190878,0.0021265696361696717,-0.026230891071403206,0.026316951662707807,1.4899020510127354
3.1056778389194597,0.013678889088893961,0.03204779534800304,0.01836890625910908,0.007876507060966983,0.0022679484820031124,-0.026202422678330263,0.026300390577535086,1.4844565941773125
3.1081540770385194,0.013666589858729414,0.03204779534800304,0.018381205489273626,0.007875756787779405,0.0024094321398296474,-0.02617299835026902,0.026283668044617157,1.4789971323210005
3.1106303151575787,0.013654201030604805,0.03204779534800304,0.018393594317398235,0.007874895586553823,0.0025510133143375616,-0.026142619058512045,0.026266788920010848,1.4735236565911534
3.1131065532766384,0.013641725059697955,0.03204779534800304,0.018406070288305085,0.007873924582701811,0.0026926846417712697,-0.026111285884497508,0.026249758115494886,1.4680361625628922
3.115582791395698,0.013629164408233405,0.03204779534800304,0.018418630939769635,0.007872844920526624,0.0028344386917177914,-0.026079000020326894,0.026232580596603855,1.4625346502756804
3.1180590295147574,0.013616521544412417,0.03204779534800304,0.018431273803590623,0.00787165776261935,0.002976267968930895,-0.026045762769224084,0.026215261380607736,1.4570191242685189
3.120535267633817,0.013603798941336266,0.03204779534800304,0.018443996406666774,0.007870364289245901,0.0031181649151911578,-0.026011575545935355,0.026197805534438016,1.4514895936137164
3.1230115057528764,0.013590999075923461,0.03204779534800304,0.01845679627207958,0.00786896569772511,0.0032601219112006917,-0.02597643987707005,0.026180218172561623,1.445946071949172
3.125487743871936,0.013578124427821338,0.03204779534800304,0.018469670920181702,0.007867463201798215,0.0034021312785117797,-0.025940357401380967,0.026162504454803417,1.4403885775090817
3.1279639819909955,0.013565177478312936,0.03204779534800304,0.018482617869690104,0.007865858030990183,0.003544185281487259,-0.025903329869984684,0.026144669584118894,1.4348171331530406
3.130440220110055,0.01355216070921958,0.03204779534800304,0.01849563463878346,0.007864151429963094,0.0036862761292922146,-0.025865359146520897,0.026126718804317963,1.429231766393435
3.1329164582291145,0.013539076601800072,0.03204779534800304,0.018508718746202968,0.00786234465786211,0.003828395977914743,-0.025826447207251087,0.026108657397741486,1.4236325094210962
3.135392696348174,0.013525927635646869,0.03204779534800304,0.01852186771235617,0.007860438987654199,0.003970536932215148,-0.02578659614109568,0.026090490682891633,1.4180193991291192
3.137868934467234,0.013512716287580197,0.03204779534800304,0.018535079060422843,0.007858435705460154,0.00411269104800144,-0.025745808149610007,0.026072224012017774,1.412392477134809
3.140345172586293,0.013499445030540656,0.03204779534800304,0.018548350317462384,0.007856336109880246,0.004254850334130095,-0.02570408554689878,0.02605386276865943,1.406751789799673
3.142821410705353,0.013486116332480952,0.03204779534800304,0.018561679015522088,0.007854141511313842,0.00439700675463064,-0.02566143075946885,0.02603541236514762,1.4010973882473936
3.145297648824412,0.013472732655257676,0.03204779534800304,0.018575062692745364,0.007851853231273525,0.004539152230851869,-0.02561784632602072,0.02601687824006679,1.3954293283797452
3.147773886943472,0.013459296453523457,0.03204779534800304,0.018588498894479583,0.007849472601693937,0.004681278643629195,-0.025573334897178217,0.025998265855678375,1.389747670890349
3.150250125062531,0.013445810173620593,0.03204779534800304,0.018601985174382447,0.007847000964235979,0.004823377835470475,-0.02552789923515707,0.025979580695308396,1.3840524812762522
3.152726363181591,0.013432276252476567,0.03204779534800304,0.018615519095526473,0.007844439669586574,0.004965441612759648,-0.025481542213372108,0.025960828260700577,1.3783438298472304
3.1552026013006502,0.013418697116502308,0.03204779534800304,0.018629098231500732,0.007841790076754614,0.005107461747975792,-0.0254342668159836,0.025942014069337032,1.3726217917327876
3.15767883941971,0.01340507518049375,0.03204779534800304,0.01864272016750929,0.007839053552363341,0.0052494299819267325,-0.025386076137382706,0.025923143651728334,1.3668864468867639
3.1601550775387697,0.013391412846537647,0.03204779534800304,0.018656382501465393,0.007836231469939746,0.00539133802599476,-0.025336973381616824,0.025904222548675276,1.3611378800895302
3.162631315657829,0.013377712502922069,0.03204779534800304,0.01867008284508097,0.007833325209201387,0.005533177564393492,-0.025286961861754796,0.025885256308504058,1.355376180947683
3.1651075537768887,0.013363976523052386,0.03204779534800304,0.018683818824950654,0.007830336155340971,0.005674940256433957,-0.025236044999192592,0.025866250484277157,1.3496014438911998
3.167583791895948,0.013350207264373554,0.03204779534800304,0.018697588083629486,0.007827265698309325,0.005816617738797922,-0.025184226322900145,0.025847210630982123,1.3438137681680158
3.1700600300150077,0.013336407067299213,0.03204779534800304,0.018711388280703827,0.007824115232097039,0.005958201627817448,-0.025131509468609554,0.025828142302700325,1.3380132578359425
3.172536268134067,0.013322578254148364,0.03204779534800304,0.018725217093854676,0.00782088615401537,0.006099683521758221,-0.02507789817794564,0.025809051049758065,1.3322000217519177
3.1750125062531267,0.013308723128090356,0.03204779534800304,0.018739072219912684,0.007817579863976746,0.006241055003105744,-0.025023396297499202,0.0257899424158622,1.326374173558504
3.1774887443721864,0.013294843972098798,0.03204779534800304,0.018752951375904242,0.00781419776377542,0.006382307640851978,-0.024968007777843956,0.02577082193522267,1.3205358316676274
3.1799649824912457,0.013280943047915009,0.03204779534800304,0.01876685230008803,0.007810741256368634,0.006523432992781284,-0.02491173667249765,0.02575169512966422,1.3146851192414897
3.1824412206103054,0.013267022595021945,0.03204779534800304,0.018780772752981095,0.0078072117451589325,0.006664422607753734,-0.024854587136828653,0.02573256750572992,1.308822164170632
3.1849174587293647,0.013253084829628836,0.03204779534800304,0.018794710518374204,0.007803610633277797,0.006805268027984028,-0.024796563426908242,0.025713444551778455,1.3029470990491094
3.1873936968484244,0.013239131943667541,0.03204779534800304,0.0188086634043355,0.007799939322871333,0.006945960791314736,-0.024737669898310048,0.025694331735078003,1.2970600611467382
3.1898699349674837,0.013225166103801138,0.03204779534800304,0.018822629244201902,0.007796199214388331,0.007086492433481497,-0.024677911004857545,0.02567523449889912,1.2911611923784074
3.1923461730865434,0.01321118945044529,0.03204779534800304,0.01883660589755775,0.007792391705871136,0.007226854490369482,-0.02461729129732022,0.02565615825960877,1.2852506392703922
3.1948224112056027,0.013197204096803139,0.03204779534800304,0.0188505912511999,0.007788518192249862,0.007367038500258365,-0.02455581542206007,0.025637108403768396,1.2793285529236897
3.1972986493246625,0.013183212127914245,0.03204779534800304,0.018864583220088795,0.007784580064640344,0.007507036006055312,-0.02449348811962904,0.02561809028523828,1.2733950889743155
3.199774887443722,0.013169215599718245,0.03204779534800304,0.018878579748284795,0.00778057870964627,0.007646838557513298,-0.024430314223318907,0.025599109222290726,1.2674504075505808
3.2022511255627815,0.013155216538133702,0.03204779534800304,0.01889257880986934,0.007776515508665956,0.007786437713433988,-0.02436629865766455,0.025580170494734635,1.2614946732273093
3.204727363681841,0.013141216938152817,0.03204779534800304,0.018906578409850223,0.0077723918372042105,0.007925825043853306,-0.024301446436901956,0.02556127934105386,1.2555280549769945
3.2072036018009005,0.013127218762952534,0.03204779534800304,0.018920576585050506,0.0077682090641897,0.008064992132207734,-0.024235762663382402,0.025542440955562042,1.2495507261179077
3.20967983991996,0.013113223943022487,0.03204779534800304,0.018934571404980553,0.007763968551298238,0.008203930577480756,-0.02416925252594365,0.02552366048557607,1.2435628642591168
3.2121560780390195,0.01309923437531044,0.03204779534800304,0.0189485609726926,0.007759671652282426,0.00834263199632679,-0.024101921298240063,0.02550494302861101,1.237564651242463
3.214632316158079,0.013085251922385702,0.03204779534800304,0.01896254342561734,0.00775531971230813,0.008481088025172213,-0.024033774337032663,0.02548629362959882,1.2315562730814613
3.2171085542771385,0.01307127841162093,0.03204779534800304,0.01897651693638211,0.007750914067298057,0.008619290322291091,-0.023964817080440674,0.025467717278133153,1.2255379198971663
3.219584792396198,0.013057315634392837,0.03204779534800304,0.018990479713610203,0.007746456043282987,0.008757230569855008,-0.023895055046155855,0.025449218905742893,1.2195097858509876
3.222061030515258,0.013043365345302378,0.03204779534800304,0.019004430002700662,0.007741946955760963,0.00889490047595484,-0.02382449382962141,0.02543080338319673,1.2134720690745038
3.224537268634317,0.013029429261414628,0.03204779534800304,0.019018366086588412,0.007737388109064851,0.00903229177659377,-0.023753139102176565,0.02541247551784109,1.2074249715962688
3.227013506753377,0.013015509061518965,0.03204779534800304,0.019032286286484075,0.007732780795738661,0.009169396237649912,-0.02368099660916856,0.025394240050973786,1.2013686992656476
3.2294897448724362,0.013001606385409946,0.03204779534800304,0.019046188962593094,0.007728126295923015,0.009306205656806996,-0.023608072168033744,0.025376101655255796,1.1953034616737277
3.231965982991496,0.012987722833189164,0.03204779534800304,0.019060072514813876,0.0077234258767500934,0.009442711865452553,-0.023534371666349023,0.0253580649321633,1.189229472071305
3.2344422211105552,0.012973859964588504,0.03204779534800304,0.019073935383414536,0.007718680791748386,0.009578906730541624,-0.02345990105985535,0.025340134409482084,1.1831469472840186
3.236918459229615,0.012960019298315178,0.03204779534800304,0.019087776049687862,0.007713892280257694,0.009714782156425406,-0.023384666370455057,0.025322314538846823,1.177056107624652
3.2393946973486742,0.012946202311418915,0.03204779534800304,0.019101593036584125,0.007709061566854657,0.009850330086643233,-0.02330867368418444,0.025304609693327047,1.1709571768026663
3.241870935467734,0.012932410438681409,0.03204779534800304,0.01911538490932163,0.007704189860789056,0.009985542505677354,-0.023231929149163163,0.025287024165061935,1.1648503818309925
3.2443471735867937,0.01291864507202859,0.03204779534800304,0.01912915027597445,0.007699278355431389,0.010120411440668654,-0.0231544389735225,0.02526956216294605,1.1587359529301746
3.246823411705853,0.012904907559965813,0.03204779534800304,0.019142887788037227,0.007694328227731834,0.010254928963093234,-0.023076209423313603,0.02525222781036786,1.152614123429879
3.2492996498249127,0.012891199207036248,0.03204779534800304,0.019156596140966792,0.00768934063769101,0.010389087190398195,-0.022997246820397724,0.02523502514300291,1.146485129667868
3.251775887943972,0.012877521273302744,0.03204779534800304,0.019170274074700296,0.007684316727842808,0.01052287828759588,-0.022917557540320103,0.025217958106663586,1.1403492108864912
3.2542521260630317,0.012863874973853367,0.03204779534800304,0.019183920374149673,0.007679257622749504,0.010656294468816004,-0.022837148010168964,0.02520103055520712,1.1342066091267604
3.256728364182091,0.012850261478330738,0.03204779534800304,0.019197533869672302,0.00767416442850946,0.010789327998814241,-0.022756024706421546,0.02518424624850354,1.1280575691200996
3.2592046023011507,0.012836681910485506,0.03204779534800304,0.019211113437517535,0.0076690382322776845,0.010921971194437292,-0.022674194152778614,0.025167608850465272,1.1219023381778235
3.26168084042021,0.012823137347753873,0.03204779534800304,0.019224658000249167,0.007663880101799438,0.01105421642604271,-0.022591662917989377,0.025151121927139728,1.1157411660784609
3.2641570785392697,0.012809628820859537,0.03204779534800304,0.019238166527143503,0.007658691084957113,0.011186056118873902,-0.022508437613668133,0.02513478894486657,1.1095743049529685
3.2666333166583295,0.012796157313439981,0.03204779534800304,0.01925163803456306,0.0076534722093306445,0.011317482754388593,-0.022424524892104718,0.02511861326850086,1.1034020091679637
3.2691095547773887,0.012782723761697388,0.03204779534800304,0.01926507158630565,0.007648224481771658,0.011448488871540988,-0.022339931444070146,0.025102598159703546,1.097224535207042
3.2715857928964485,0.012769329054074005,0.03204779534800304,0.019278466293929035,0.00764294888799142,0.011579067068016721,-0.022254663996618976,0.025086746775300265,1.0910421415502782
3.2740620310155077,0.012755974030952279,0.03204779534800304,0.01929182131705076,0.007637646392162963,0.011709210001419995,-0.022168729310890516,0.025071062165709902,1.0848550885520294
3.2765382691345675,0.012742659484379585,0.03204779534800304,0.019305135863623455,0.007632317936537388,0.011838910390412835,-0.022082134179909917,0.025055547273443675,1.0786636383171113
3.2790145072536268,0.01272938615781772,0.03204779534800304,0.01931840919018532,0.007626964441074581,0.011968161015805638,-0.021994885426391244,0.025040204931675934,1.0724680545754828
3.2814907453726865,0.01271615474591704,0.03204779534800304,0.019331640602086,0.007621586803088455,0.012096954721599098,-0.021906989900543752,0.025025037862887334,1.066268602555516
3.283966983491746,0.012702965894315254,0.03204779534800304,0.019344829453687786,0.007616185896906841,0.012225284415976825,-0.0218184544778832,0.025010048677581324,1.0600655488559863
3.2864432216108055,0.012689820199460928,0.03204779534800304,0.019357975148542112,0.007610762573546177,0.012353143072248605,-0.021729286057049713,0.024995239873074608,1.0538591613168813
3.288919459729865,0.012676718208461432,0.03204779534800304,0.019371077139541608,0.007605317660401057,0.012480523729744246,-0.0216394915576335,0.0249806138323621,1.0476497088891348
3.2913956978489245,0.01266366041895552,0.03204779534800304,0.01938413492904752,0.007599851960948755,0.01260741949465741,-0.02154907791801042,0.024966172823057044,1.0414374615034236
3.293871935967984,0.012650647279010184,0.03204779534800304,0.019397148068992856,0.0075943662544687915,0.012733823540839906,-0.021458052093188285,0.02495191899640648,1.0352226899381163
3.2963481740870435,0.012637679187041867,0.03204779534800304,0.019410116160961173,0.007588861295777623,0.012859729110545757,-0.021366421052666014,0.02493785438638271,1.02900566568652
3.2988244122061032,0.01262475649176182,0.03204779534800304,0.01942303885624122,0.007583337814978503,0.012985129515125794,-0.02127419177830644,0.024923980908850663,1.022786660823513
3.3013006503251625,0.012611879492145508,0.03204779534800304,0.019435915855857532,0.007577796517226568,0.013110018135671895,-0.021181371262224892,0.02491030036081164,1.016565947871722
3.3037768884442222,0.012599048437425764,0.03204779534800304,0.019448746910577276,0.007572238082509136,0.013234388423611966,-0.021087966504694074,0.02489681441972313,1.01034379966732
3.306253126563282,0.012586263527109773,0.03204779534800304,0.019461531820893267,0.0075666631654413025,0.01335823390125476,-0.020993984512067604,0.024883524642895075,1.0041204892256164
3.3087293646823412,0.012573524911019443,0.03204779534800304,0.019474270436983597,0.0075610723950768274,0.0134815481622856,-0.020899432294722697,0.024870432466962133,0.9978962896065177
3.311205602801401,0.012560832689355091,0.03204779534800304,0.01948696265864795,0.007555466374734236,0.013604324872212794,-0.02080431686502363,0.024857539207431903,0.9916714737799991
3.3136818409204603,0.012548186912782203,0.03204779534800304,0.019499608435220837,0.0075498456818382425,0.013726557768764802,-0.020708645235307476,0.02484484605830876,0.9854463144917264
3.31615807903952,0.012535587582541068,0.03204779534800304,0.019512207765461972,0.007544210867776394,0.01384824066223907,-0.020612424415892942,0.02483235409179305,0.9792210841289131
3.3186343171585793,0.012523034650578878,0.03204779534800304,0.019524760697424162,0.007538562457770884,0.013969367435802207,-0.02051566141311369,0.024820064258054875,0.9729960545865688
3.321110555277639,0.01251052801970435,0.03204779534800304,0.01953726732829869,0.007532900950765579,0.014089932045742513,-0.0204183632273774,0.024807977385082395,0.9667714971342345
3.3235867933966983,0.01249806754376423,0.03204779534800304,0.01954972780423881,0.007527226819328091,0.014209928521674641,-0.020320536851251562,0.024796094178603515,0.9605476822833469
3.326063031515758,0.012485653027841652,0.03204779534800304,0.019562142320161388,0.007521540509566926,0.014329350966697508,-0.020222189267577094,0.02478441522208069,0.954324879655327
3.3285392696348177,0.01247328422847608,0.03204779534800304,0.01957451111952696,0.007515842441063605,0.014448193557505429,-0.020123327447611097,0.02477294097677786,0.9481033578505343
3.331015507753877,0.012460960853904211,0.03204779534800304,0.01958683449409883,0.0075101330068195965,0.014566450544453317,-0.02002395834919927,0.024761671781898566,0.9418833843181821
3.3334917458729367,0.012448682564322001,0.03204779534800304,0.01959911278368104,0.007504412573218119,0.014684116251576528,-0.019924088914979522,0.024750607854794673,0.9356652252273379
3.335967983991996,0.012436448972167044,0.03204779534800304,0.019611346375835996,0.007498681480000575,0.014801185076565603,-0.01982372607061738,0.024739749291244312,0.9294491453391293
3.3384442221110557,0.012424259642421276,0.03204779534800304,0.019623535705581764,0.007492940040257566,0.014917651490697204,-0.019722876723074143,0.02472909606579829,0.9232354078802413
3.340920460230115,0.012412114092933503,0.03204779534800304,0.019635681255069537,0.0074871885404343645,0.015033510038721117,-0.019621547758908824,0.024718648032193598,0.9170242744178452
3.3433966983491747,0.012400011794761537,0.03204779534800304,0.019647783553241503,0.007481427240350707,0.015148755338704894,-0.019519746042614486,0.024708404923833183,0.910816004736031
3.345872936468234,0.01238795217253337,0.03204779534800304,0.01965984317546967,0.007475656373234795,0.015263382081835962,-0.01941747841498997,0.024698366354330252,0.9046108567138808
3.3483491745872938,0.01237593460482728,0.03204779534800304,0.01967186074317576,0.007469876145771309,0.015377385032182906,-0.019314751691547512,0.024688531818116286,0.8984090862052457
3.3508254127063535,0.012363958424570356,0.03204779534800304,0.019683836923432684,0.0074640867381633525,0.01549075902641586,-0.01921157266095729,0.02467890069111114,0.8922109469203614
3.3533016508254128,0.012352022919455013,0.03204779534800304,0.019695772428548027,0.007458288304208117,0.015603498973487392,-0.019107948083529343,0.024669472231453896,0.8860166903093697
3.3557778889444725,0.012340127332373295,0.03204779534800304,0.019707668015629745,0.007452480971386137,0.01571559985427467,-0.01900388468973341,0.02466024558029303,0.8798265654478397
3.3582541270635318,0.012328270861868433,0.03204779534800304,0.019719524486134607,0.007446664840963939,0.015827056721183366,-0.018899389178757702,0.02465121976263445,0.8736408189243978
3.3607303651825915,0.012316452662603328,0.03204779534800304,0.01973134268539971,0.007440839988109928,0.015937864697714865,-0.0187944682171066,0.02464239368824579,0.8674596947305169
3.3632066033016508,0.012304671845845511,0.03204779534800304,0.01974312350215753,0.007435006462023339,0.016048018977996917,-0.018689128437238328,0.02463376615261539,0.8612834341525802
3.3656828414207105,0.012292927479968331,0.03204779534800304,0.01975486786803471,0.007429164286076019,0.016157514826279515,-0.01858337643624262,0.024625335837964522,0.8551122756662637
3.3681590795397702,0.01228121859096775,0.03204779534800304,0.01976657675703529,0.007423313457966903,0.01626634757639611,-0.0184772187745592,0.024617101314310965,0.8489464548333395
3.3706353176588295,0.012269544162994583,0.03204779534800304,0.019778251185008457,0.0074174539498889835,0.01637451263119184,-0.018370661974737256,0.024609061040582563,0.8427862042009487
3.3731115557778892,0.01225790313890154,0.03204779534800304,0.0197898922091015,0.007411585708708482,0.01648200546191941,-0.018263712520236165,0.02460121336577878,0.8366317532034124
3.3755877938969485,0.012246294420804885,0.03204779534800304,0.019801500927198155,0.007405708656156174,0.016588821607603513,-0.018156376854268252,0.024593556530178817,0.8304833280666596
3.3780640320160082,0.012234716870660148,0.03204779534800304,0.019813078477342892,0.007399822689030503,0.01669495667437529,-0.018048661378683245,0.02458608866659437,0.8243411517152986
3.3805402701350675,0.012223169310851614,0.03204779534800304,0.019824626037151426,0.007393927679412404,0.01680040633477728,-0.017940572452895327,0.024578807801665464,0.8182054436824194
3.3830165082541273,0.012211650524794997,0.03204779534800304,0.019836144823208043,0.007388023474891459,0.01690516632704047,-0.017832116392852253,0.02457171185719735,0.8120764200221388
3.3854927463731865,0.012200159257553148,0.03204779534800304,0.019847636090449892,0.007382109898803375,0.01700923245433397,-0.017723299470047568,0.02456479865153705,0.8059542932249731
3.3879689844922463,0.012188694216464166,0.03204779534800304,0.019859101131538874,0.007376186750478359,0.017112600583988887,-0.017614127910575293,0.024558065900987486,0.7998392721360431
3.390445222611306,0.012177254071781614,0.03204779534800304,0.019870541276221426,0.00737025380550029,0.01721526664669701,-0.017504607894227673,0.024551511221257566,0.7937315618761736
3.3929214607303653,0.012165837457326426,0.03204779534800304,0.019881957890676615,0.00736431081597641,0.01731722663568579,-0.01739474555363588,0.024545132128946476,0.7876313637659039
3.395397698849425,0.012154442971150124,0.03204779534800304,0.019893352376852916,0.007358357510817356,0.017418476605870474,-0.017284546973453666,0.024538926043060304,0.7815388752524444
3.3978739369684843,0.012143069176208904,0.03204779534800304,0.019904726171794136,0.0073523935960272,0.01751901267298451,-0.017174018189584143,0.024532890286559365,0.7754542898396037
3.400350175087544,0.012131714601048154,0.03204779534800304,0.019916080746954886,0.007346418755003383,0.017618831012689396,-0.01706316518844945,0.024527022087934336,0.7693777970207032
3.4028264132066033,0.012120377740497203,0.03204779534800304,0.019927417607505837,0.007340432648846231,0.017717927859665035,-0.01695199390630348,0.024521318582809624,0.7633095822144974
3.405302651325663,0.012109057056373669,0.03204779534800304,0.01993873829162937,0.007334434916677864,0.017816299506681805,-0.016840510228587315,0.024515776815572134,0.757249826704106
3.4077788894447223,0.01209775097819716,0.03204779534800304,0.01995004436980588,0.0073284251759702,0.017913942303655138,-0.016728719989327533,0.024510393741023657,0.7511987075789784
3.410255127563782,0.012086457903911926,0.03204779534800304,0.019961337444091114,0.007322403022881906,0.018010852656684256,-0.01661662897057691,0.0245051662260554,0.7451563976798741
3.4127313656828417,0.012075176200618109,0.03204779534800304,0.01997261914738493,0.007316368032603985,0.018107027027075586,-0.016504242901897753,0.024500091051342814,0.7391230655468832
3.415207603801901,0.012063904205311081,0.03204779534800304,0.01998389114269196,0.007310319759713803,0.01820246193035233,-0.01639156745988727,0.02449516491305909,0.7330988753704649
3.4176838419209608,0.012052640225628696,0.03204779534800304,0.019995155122374344,0.007304257738537285,0.018297153935251356,-0.016278608267744823,0.0244903844246058,0.7270839869454949
3.42016008004002,0.012041382540605959,0.03204779534800304,0.02000641280739708,0.007298181483519109,0.018391099662708032,-0.016165370894881192,0.02448574611835897,0.7210785556283369
3.4226363181590798,0.012030129401436794,0.03204779534800304,0.020017665946566246,0.007292090489600578,0.018484295784830802,-0.016051860856568862,0.02448124644742913,0.7150827322968822
3.425112556278139,0.012018879032242517,0.03204779534800304,0.020028916315760523,0.007285984232604989,0.018576739023865873,-0.015938083613633726,0.024476881787433652,0.7090966633135812
3.4275887943971988,0.012007629630846773,0.03204779534800304,0.020040165717156267,0.007279862169630271,0.01866842615115373,-0.015824044572187362,0.02447264843828009,0.7031204904914116
3.430065032516258,0.011996379369556422,0.03204779534800304,0.02005141597844662,0.007273723739448618,0.018759353986078097,-0.015709749083399845,0.024468542625958874,0.6971543510627818
3.4325412706353178,0.011985126395948183,0.03204779534800304,0.020062668952054857,0.007267568362912901,0.018849519395008726,-0.015595202443312414,0.024464560504343986,0.6911983776513255
3.4350175087543775,0.01197386883366068,0.03204779534800304,0.02007392651434236,0.00726139544336969,0.018938919290238818,-0.015480409892690039,0.024460698157000253,0.6852526982465741
3.437493746873437,0.011962604783191447,0.03204779534800304,0.020085190564811593,0.00725520436707852,0.019027550628918408,-0.015365376616912924,0.024456951598995892,0.6793174361814531
3.4399699849924965,0.011951332322698707,0.03204779534800304,0.020096463025304333,0.007248994503637314,0.019115410411984578,-0.015250107745906783,0.024453316778718884,0.6733927101125773
3.442446223111556,0.01194004950880756,0.03204779534800304,0.02010774583919548,0.007242765206413674,0.01920249568308951,-0.015134608354111654,0.02444978957969613,0.6674786340033138
3.4449224612306155,0.011928754377420248,0.03204779534800304,0.020119040970582792,0.0072365158129817945,0.019288803527527616,-0.015018883460488195,0.024446365822413923,0.6615753171095493
3.447398699349675,0.011917444944530217,0.03204779534800304,0.020130350403472823,0.007230245645564818,0.019374331071162442,-0.01490293802856157,0.02444304126613865,0.6556828639681438
3.4498749374687345,0.011906119207039673,0.03204779534800304,0.020141676140963367,0.00722395401148241,0.019459075479354798,-0.014786776966501857,0.024439811610736634,0.6498013743879951
3.4523511755877943,0.011894775143580345,0.03204779534800304,0.020153020204422695,0.007217640203603286,0.019543033955892512,-0.014670405127240948,0.024436672498491796,0.6439309434436993
3.4548274137068535,0.011883410715337148,0.03204779534800304,0.020164384632665892,0.007211303500802565,0.01962620374192338,-0.014553827308625034,0.024433619515920418,0.6380716614717281
3.4573036518259133,0.011872023866874543,0.03204779534800304,0.020175771481128497,0.0072049431684236415,0.019708582114891977,-0.014437048253602175,0.02443064819558166,0.6322236140690822
3.4597798899449725,0.011860612526965176,0.03204779534800304,0.020187182821037864,0.007198558458744392,0.019790166387481163,-0.014320072650444599,0.02442775401788303,0.6263868820943753
3.4622561280640323,0.011849174609420657,0.03204779534800304,0.020198620738582383,0.007192148611447596,0.019870953906559564,-0.014202905133004772,0.024424932412879838,0.6205615416712748
3.4647323661830915,0.011837708013924225,0.03204779534800304,0.020210087334078815,0.007185712854095212,0.019950942052135646,-0.014085550281005058,0.024422178762067814,0.6147476641942619
3.4672086043021513,0.011826210626864925,0.03204779534800304,0.020221584721138115,0.0071792504026064055,0.02003012823631955,-0.013968012620359842,0.024419488400167957,0.6089453163366308
3.4696848424212106,0.01181468032217314,0.03204779534800304,0.0202331150258299,0.007172760461739147,0.020108509902293237,-0.013850296623530092,0.024416856616902884,0.6031545600606953
3.4721610805402703,0.011803114962157281,0.03204779534800304,0.02024468038584576,0.007166242225575089,0.020186084523290317,-0.013732406709909092,0.024414278658763958,0.5973754526301088
3.47463731865933,0.011791512398341218,0.03204779534800304,0.020256282949661822,0.007159694878007597,0.02026284960158585,-0.013614347246239281,0.024411749730768397,0.5916080466242705
3.4771135567783893,0.011779870472302466,0.03204779534800304,0.020267924875700574,0.007153117593232743,0.020338802667497425,-0.013496122547059118,0.02440926499820586,0.5858523899547292
3.479589794897449,0.011768187016510667,0.03204779534800304,0.020279608331492373,0.007146509536243009,0.020413941278398212,-0.013377736875179373,0.02440681958837375,0.5801085258835277
3.4820660330165083,0.011756459855166362,0.03204779534800304,0.02029133549283668,0.0071398698633235985,0.020488263017742578,-0.013259194442188555,0.024404408592300735,0.5743764930434407
3.484542271135568,0.011744686805039602,0.03204779534800304,0.02030310854296344,0.007133197722551081,0.020561765494105492,-0.013140499408986074,0.024402027066458037,0.5686563254600099
3.4870185092546273,0.01173286567630849,0.03204779534800304,0.02031492967169455,0.007126492254294278,0.02063444634023602,-0.013021655886343351,0.024399670034457845,0.5629480525753509
3.489494747373687,0.011720994273397102,0.03204779534800304,0.020326801074605938,0.007119752591717136,0.020706303212126083,-0.012902667935491201,0.024397332488738512,0.5572516992736254
3.4919709854927463,0.011709070395812947,0.03204779534800304,0.020338724952190093,0.007112977861283438,0.020777333788094956,-0.012783539568733737,0.02439500939223622,0.551567285908152
3.494447223611806,0.011697091838983473,0.03204779534800304,0.020350703509019567,0.007106167183263195,0.0208475357678904,-0.01266427475008727,0.024392695680042573,0.5458948283300571
3.4969234617308658,0.011685056395091643,0.03204779534800304,0.020362738952911397,0.007099319672240534,0.020916906871806966,-0.012544877395944185,0.024390386261047954,0.5402343379184315
3.499399699849925,0.011672961853910226,0.03204779534800304,0.020374833494092814,0.0070924344376228545,0.020985444839822277,-0.012425351375760521,0.024388076019570246,0.5345858216119002
3.5018759379689848,0.011660806003634807,0.03204779534800304,0.020386989344368233,0.0070855105841512245,0.021053147430752032,-0.012305700512766827,0.02438575981696881,0.5289492819415562
3.504352176088044,0.01164858663171521,0.03204779534800304,0.02039920871628783,0.007078547212411702,0.021120012421424146,-0.01218592858470172,0.024383432493243453,0.5233247170651971
3.506828414207104,0.011636301525685185,0.03204779534800304,0.020411493822317855,0.0070715434193475086,0.02118603760587293,-0.01206603932456688,0.02438108886861816,0.5177121208027804
3.509304652326163,0.011623948473990248,0.03204779534800304,0.02042384687401279,0.007064498298771876,0.02125122079455369,-0.011946036421403499,0.02437872374510959,0.5121114826730626
3.511780890445223,0.011611525266813468,0.03204779534800304,0.020436270081189572,0.0070574109418813855,0.021315559813578577,-0.011825923521088655,0.0243763319080801,0.506522787931327
3.514257128564282,0.011599029696899084,0.03204779534800304,0.020448765651103956,0.007050280437769693,0.021379052503974004,-0.011705704227151715,0.02437390812777538,0.5009460176081706
3.516733366683342,0.011586459560373692,0.03204779534800304,0.020461335787629348,0.007043105873941422,0.021441696720960454,-0.011585382101609218,0.02437144716084651,0.4953811485492571
3.5192096048024015,0.011573812657565057,0.03204779534800304,0.020473982690437983,0.007035886336826136,0.021503490333255024,-0.01146496066581824,0.02436894375185662,0.48982815345600117
3.521685842921461,0.011561086793818155,0.03204779534800304,0.020486708554184885,0.007028620912292206,0.0215644312223973,-0.011344443401346946,0.02436639263477193,0.48428700092710497
3.5241620810405205,0.011548279780308507,0.03204779534800304,0.020499515567694533,0.00702130868616041,0.021624517282099114,-0.011223833750861889,0.024363788534437533,0.4787576555008954
3.52663831915958,0.011535389434852585,0.03204779534800304,0.020512405913150455,0.0070139487447172,0.02168374641761857,-0.011103135119031446,0.02436112616803779,0.47324007769841075
3.5291145572786395,0.011522413582715083,0.03204779534800304,0.020525381765287957,0.007006540175227361,0.021742116545158858,-0.010982350873444164,0.024358400246541446,0.4677342240671594
3.531590795397699,0.011509350057413076,0.03204779534800304,0.020538445290589964,0.006999082066446074,0.02179962559129233,-0.010861484345541975,0.02435560547613179,0.4622400472255195
3.5340670335167585,0.011496196701516768,0.03204779534800304,0.02055159864648627,0.006991573509130105,0.0218562714924102,-0.010740538831566874,0.02435273655962177,0.4567574959076995
3.536543271635818,0.011482951367446856,0.03204779534800304,0.020564843980556184,0.006984013596548086,0.021912052194198305,-0.010619517593520962,0.024349788197854452,0.4512865150092291
3.5390195097548776,0.011469611918268223,0.03204779534800304,0.020578183429734817,0.006976401424989669,0.021966965651139404,-0.010498423860138502,0.024346755091088912,0.4458270456329015
3.5414957478739373,0.011456176228479952,0.03204779534800304,0.020591619119523088,0.006968736094273478,0.022021009826042135,-0.010377260827869947,0.024343631940371764,0.44037902513514515
3.5439719859929966,0.01144264218480151,0.03204779534800304,0.02060515316320153,0.006961016708253723,0.022074182689597294,-0.010256031661876644,0.02434041344889468,0.4349423871727478
3.5464482241120563,0.011429007686954935,0.03204779534800304,0.020618787661048105,0.006953242375325284,0.022126482219961656,-0.010134739497035736,0.024337094323338096,0.4295170617498933
3.5489244622311156,0.011415270648442971,0.03204779534800304,0.02063252469956007,0.006945412208927202,0.022177906402369434,-0.010013387438954757,0.02433366927520131,0.4241029752654749
3.5514007003501753,0.01140142899732293,0.03204779534800304,0.02064636635068011,0.0069375253280444076,0.022228453228772052,-0.009891978564994729,0.024330133022119338,0.41870005056061377
3.5538769384692346,0.011387480676976307,0.03204779534800304,0.020660314671026733,0.0069295808577075815,0.022278120697506204,-0.009770515925301631,0.02432648028916693,0.4133082069663632
3.5563531765882943,0.01137342364687385,0.03204779534800304,0.02067437170112919,0.006921577929490993,0.022326906812990627,-0.009649002543844903,0.024322705810149756,0.40792736035152877
3.558829414707354,0.011359255883336153,0.03204779534800304,0.020688539464666887,0.006913515682008195,0.022374809585451714,-0.009527441419463024,0.024318804328883472,0.4025574231705891
3.5613056528264133,0.011344975380289491,0.03204779534800304,0.02070281996771355,0.006905393261405496,0.022421827030678285,-0.0094058355269148,0.024314770600460698,0.39719830451165145
3.563781890945473,0.011330580150016839,0.03204779534800304,0.0207172151979862,0.006897209821852986,0.022467957169805673,-0.009284187817935965,0.024310599392506405,0.39184991014441084
3.5662581290645323,0.011316068223904074,0.03204779534800304,0.020731727124098966,0.006888964526033106,0.02251319802912931,-0.009162501222300657,0.024306285486422087,0.3865121425680852
3.568734367183592,0.011301437653180993,0.03204779534800304,0.020746357694822047,0.006880656545626531,0.022557547639947967,-0.00904077864888651,0.024301823678618942,0.3811849010592668
3.5712106053026513,0.011286686509657189,0.03204779534800304,0.02076110883834585,0.006872285061795314,0.022601004038436744,-0.008919022986743293,0.024297208781740534,0.3758680817196767
3.573686843421711,0.011271812886452737,0.03204779534800304,0.020775982461550303,0.00686384926566314,0.022643565265550156,-0.00879723710616392,0.024292435625875325,0.37056157752376667
3.5761630815407703,0.011256814898723367,0.03204779534800304,0.020790980449279673,0.006855348358792571,0.02268522936695511,-0.008675423859757633,0.024287499059759417,0.36526527836615547
3.57863931965983,0.01124169068438017,0.03204779534800304,0.02080610466362287,0.006846781553659136,0.022725994392994147,-0.008553586083524196,0.02428239395196981,0.3599790711088467
3.58111555777889,0.011226438404803585,0.03204779534800304,0.020821356943199455,0.006838148074122202,0.022765858398678753,-0.008431726597929026,0.024277115192108713,0.35470283962822136
3.583591795897949,0.011211056245551701,0.03204779534800304,0.02083673910245134,0.006829447155892407,0.022804819443713067,-0.00830984820897801,0.024271657691979108,0.34943646486175006
3.586068034017009,0.01119554241706254,0.03204779534800304,0.0208522529309405,0.006820678046995634,0.02284287559254786,-0.008187953709291745,0.024266016386752135,0.34417982485441395
3.588544272136068,0.011179895155350447,0.03204779534800304,0.020867900192652594,0.0068118400082333615,0.022880024914464746,-0.008066045879178668,0.02426018623612652,0.3389327948048115
3.591020510255128,0.011164112722696212,0.03204779534800304,0.020883682625306828,0.0068029323136392025,0.022916265483690884,-0.007944127487705878,0.024254162225480522,0.33369524711090137
3.593496748374187,0.011148193408330929,0.03204779534800304,0.02089960193967211,0.006793954250931629,0.022951595379543728,-0.007822201293767756,0.024247939367016632,0.3284670514153914
3.595972986493247,0.011132135529113494,0.03204779534800304,0.020915659818889546,0.00678490512196267,0.02298601268660635,-0.007700270047151093,0.024241512700899675,0.32324807465071653
3.598449224612306,0.011115937430201471,0.03204779534800304,0.02093185791780157,0.006775784243162484,0.02301951549493267,-0.007578336489596715,0.024234877296388325,0.3180381810836166
3.600925462731366,0.011099597485715332,0.03204779534800304,0.020948197862287708,0.006766590945979688,0.023052101900283072,-0.007456403355856338,0.02422802825296066,0.3128372323592608
3.6034017008504255,0.01108311409939582,0.03204779534800304,0.02096468124860722,0.006757324577317304,0.02308377000438988,-0.007334473374744762,0.024220960701433994,0.307645087544933
3.605877938969485,0.01106648570525439,0.03204779534800304,0.02098130964274865,0.006747984499964214,0.023114517915252826,-0.007212549270186206,0.024213669805079267,0.302461603173233
3.6083541770885446,0.011049710768216536,0.03204779534800304,0.020998084579786504,0.006738570093021987,0.023144343747464442,-0.00709063376225447,0.024206150760730617,0.2972866332847883
3.610830415207604,0.011032787784757803,0.03204779534800304,0.021015007563245237,0.006729080752326953,0.023173245622564877,-0.006968729568206473,0.024198398799889994,0.2921200294704698
3.6133066533266636,0.011015715283532526,0.03204779534800304,0.021032080064470514,0.00671951589086738,0.023201221669426494,-0.006846839403508113,0.024190409189827625,0.28696164091307147
3.615782891445723,0.010998491825994883,0.03204779534800304,0.021049303522008157,0.006709874939195689,0.023228270024667513,-0.006724965982852511,0.024182177234678245,0.28181131442847446
3.6182591295647826,0.010981116007012345,0.03204779534800304,0.021066679340990695,0.006700157345835483,0.023254388833094997,-0.006603112021169425,0.02417369827653364,0.2766688945062494
3.620735367683842,0.010963586455471228,0.03204779534800304,0.021084208892531812,0.006690362577683328,0.0232795762481766,-0.006481280234625896,0.024164967696531696,0.2715342233497163
3.6232116058029016,0.010945901834874247,0.03204779534800304,0.021101893513128793,0.006680490120405162,0.023303830432541067,-0.006359473341616921,0.024155980915942194,0.26640714091542395
3.6256878439219613,0.010928060843929922,0.03204779534800304,0.021119734504073118,0.006670539478827156,0.02332714955850713,-0.006237694063746312,0.024146733397249726,0.2612874849520676
3.6281640820410206,0.010910062217133601,0.03204779534800304,0.02113773313086944,0.006660510177320931,0.023349531808640533,-0.00611594512679658,0.024137220645233843,0.2561750910388134
3.6306403201600803,0.010891904725340018,0.03204779534800304,0.021155890622663022,0.006650401760182967,0.023370975376338927,-0.005994229261687543,0.0241274382080467,0.25106979262303086
3.6331165582791396,0.010873587176327214,0.03204779534800304,0.021174208171675826,0.006640213792008135,0.023391478466444397,-0.005872549205423428,0.02411738167828861,0.24597142105743874
3.6355927963981993,0.010855108415351589,0.03204779534800304,0.02119268693265145,0.0066299458580571565,0.023411039295883125,-0.005750907702027333,0.024107046694081403,0.24087980563663713
3.6380690345172586,0.010836467325693912,0.03204779534800304,0.02121132802230913,0.006619597564617856,0.023429656094331973,-0.005629307503463183,0.02409642894013995,0.23579477363304419
3.6405452726363183,0.010817662829196273,0.03204779534800304,0.021230132518806767,0.006609168539360133,0.023447327104911708,-0.005507751370544035,0.02408552414884212,0.23071615033221063
3.643021510755378,0.01079869388678955,0.03204779534800304,0.02124910146121349,0.006598658431684473,0.023464050584906266,-0.005386242073826939,0.02407432810129711,0.22564375906753736
3.6454977488744373,0.010779559499011385,0.03204779534800304,0.021268235848991655,0.006588066913063854,0.023479824806507853,-0.005264782394493198,0.024062836628412437,0.22057742125436822
3.647973986993497,0.010760258706514488,0.03204779534800304,0.021287536641488553,0.006577393677378948,0.02349464805758748,-0.0051433751252138735,0.024051045611959743,0.21551695642346907
3.6504502251125563,0.010740790590564937,0.03204779534800304,0.021307004757438103,0.0065666384412464565,0.023508518642490307,-0.005022023071000234,0.024038950985639386,0.21046218225390245
3.652926463231616,0.010721154273530504,0.03204779534800304,0.021326641074472536,0.006555800944340457,0.023521434882855616,-0.004900729050038166,0.024026548736144043,0.20541291460527603
3.6554027013506754,0.010701348919358596,0.03204779534800304,0.021346446428644444,0.006544880949706611,0.023533395118460795,-0.004779495894506646,0.024013834904221362,0.20036896754938982
3.657878939469735,0.010681373734043757,0.03204779534800304,0.021366421613959283,0.0065338782440691025,0.023544397708088843,-0.004658326451379325,0.024000805585735648,0.19533015340126494
3.6603551775887944,0.010661227966084569,0.03204779534800304,0.02138656738191847,0.006522792638130189,0.023554441030419013,-0.004537223583209321,0.02398745693272877,0.19029628274957788
3.662831415707854,0.010640910906929556,0.03204779534800304,0.021406884441073484,0.006511623966862173,0.023563523484940035,-0.004416190168896066,0.023973785154480193,0.1852671644864756
3.665307653826914,0.010620421891412189,0.03204779534800304,0.02142737345659085,0.0065003720897917425,0.02357164349288533,-0.004295229104434646,0.023959786518566183,0.18024260583681118
3.667783891945973,0.010599760298174499,0.03204779534800304,0.02144803504982854,0.0064890368912764364,0.023578799498189768,-0.004174343303646438,0.023945457351918168,0.17522241238677322
3.670260130065033,0.010578925550079284,0.03204779534800304,0.021468869797923756,0.006477618280773194,0.02358498996846736,-0.004053535698891035,0.023930794041880223,0.17020638811193145
3.672736368184092,0.010557917114610686,0.03204779534800304,0.021489878233392355,0.006466116193098802,0.02359021339600935,-0.003932809241759117,0.023915793037265664,0.16519433540470732
3.675212606303152,0.010536734504262846,0.03204779534800304,0.021511060843740194,0.006454530588682102,0.023594468298802063,-0.0038121669037455164,0.023900450849412617,0.16018605510126194
3.677688844422211,0.010515377276916538,0.03204779534800304,0.021532418071086502,0.0064428614538078275,0.023597753221563954,-0.0036916116769025818,0.023884764053238527,0.15518134650782908
3.680165082541271,0.010493845036203445,0.03204779534800304,0.021553950311799595,0.0064311088008519365,0.023600066736801185,-0.003571146574472878,0.02386872928829348,0.15018000742647766
3.68264132066033,0.010472137431858104,0.03204779534800304,0.021575657916144936,0.00641927266850833,0.023601407445881194,-0.0034507746315015735,0.023852343259812253,0.14518183418034103
3.68511755877939,0.01045025416005697,0.03204779534800304,0.02159754118794607,0.00640735312200673,0.023601773980123468,-0.0033304989054273406,0.023835602739764854,0.14018662163829004
3.6875937968984496,0.01042819496374476,0.03204779534800304,0.02161960038425828,0.006395350253321712,0.02360116500190698,-0.0032103224766522557,0.02381850456790555,0.13519416323909295
3.690070035017509,0.010405959632947569,0.03204779534800304,0.02164183571505547,0.006383264181372654,0.02359957920579353,-0.0030902484490897197,0.023801045652820044,0.13020425101504696
3.6925462731365686,0.010383548005072692,0.03204779534800304,0.02166424734293035,0.006371095052214483,0.0235970153196663,-0.002970279950690283,0.023783222972970645,0.12521667561510041
3.695022511255628,0.010360959965195038,0.03204779534800304,0.021686835382808002,0.006358843039219186,0.023593472105883043,-0.0028504201339453828,0.023765033577739427,0.1202312263274905
3.6974987493746876,0.010338195446329607,0.03204779534800304,0.021709599901673433,0.006346508343247783,0.02358894836244291,-0.0027306721763680057,0.023746474588468673,0.11524769110188089
3.699974987493747,0.010315254429690182,0.03204779534800304,0.021732540918312858,0.0063340911928127875,0.023583442924166444,-0.0026110392809507808,0.023727543199498855,0.11026585657104418
3.7024512256128066,0.010292136944933881,0.03204779534800304,0.02175565840306916,0.0063215918442309305,0.023576954663887977,-0.002491524676600425,0.023708236679203663,0.10528550807206852
3.704927463731866,0.010268843070391241,0.03204779534800304,0.0217789522776118,0.006309010581766089,0.023569482493659383,-0.0023721316185490835,0.02368855237102167,0.10030642966713761
3.7074037018509256,0.010245372933281847,0.03204779534800304,0.021802422414721193,0.006296347717762217,0.023561025365964796,-0.0022528633887414495,0.023668487694484586,0.09532840416386025
3.7098799399699853,0.01022172670991519,0.03204779534800304,0.02182606863808785,0.006283603592766232,0.023551582274945228,-0.002133723296198285,0.02364804014624158,0.09035121313520104
3.7123561780890446,0.010197904625876511,0.03204779534800304,0.02184989072212653,0.006270778575640691,0.023541152257632408,-0.0020147146773553753,0.02362720730107946,0.0853746369389965
3.7148324162081043,0.010173906956197538,0.03204779534800304,0.021873888391805502,0.00625787306366612,0.023529734395191015,-0.0018958408963780733,0.02360598681293825,0.08039845473708726
3.7173086543271636,0.01014973402551183,0.03204779534800304,0.02189806132249121,0.0062448874826329616,0.023517327814168452,-0.0017771053454512758,0.02358437641592189,0.0754224445140847
3.7197848924462233,0.01012538620819458,0.03204779534800304,0.02192240913980846,0.006231822286922904,0.023503931687751358,-0.0016585114450442617,0.02356237392530356,0.07044638309577211
3.7222611305652826,0.01010086392848672,0.03204779534800304,0.02194693141951632,0.0062186779595796195,0.023489545237028075,-0.0015400626441508126,0.023539977238525467,0.0654700461671826
3.7247373686843424,0.010076167660602972,0.03204779534800304,0.021971627687400068,0.006205455012368657,0.02347416773225598,-0.0014217624205035968,0.023517184336192206,0.060493208290335256
3.727213606803402,0.010051297928823935,0.03204779534800304,0.021996497419179105,0.006192153985826518,0.023457798494133198,-0.001303614280763669,0.023493993283057877,0.055515642921688924
3.7296898449224614,0.010026255307571716,0.03204779534800304,0.022021540040431324,0.006178775449298705,0.02344043689507342,-0.0011856217606840086,0.023470402229005937,0.05053712242929296
3.732166083041521,0.010001040421469171,0.03204779534800304,0.02204675492653387,0.006165320000966707,0.02342208236048328,-0.0010677884252474938,0.02344640941002171,0.04555741810967452
3.7346423211605804,0.009975653945382485,0.03204779534800304,0.022072141402620555,0.006151788267863804,0.023402734370041166,-0.0009501178687792279,0.02342201314915692,0.04057630020448331
3.73711855927964,0.0099500966044469,0.03204779534800304,0.02209769874355614,0.006138180905879608,0.023382392458976754,-0.0008326137150326417,0.023397211857485785,0.03559353791689206
3.7395947973986994,0.00992436917407543,0.03204779534800304,0.02212342617392761,0.006124498599753212,0.023361056219350116,-0.000715279617249944,0.023372004035052064,0.03060889942780097
3.742071035517759,0.009898472479950467,0.03204779534800304,0.022149322868052573,0.00611074206305492,0.023338725301329813,-0.0005981192581961305,0.023346388271806788,0.025622151911834683
3.7445472736368184,0.009872407397998079,0.03204779534800304,0.02217538795000496,0.006096912038156451,0.023315399414468814,-0.00048113635016719305,0.02332036324853592,0.020633061553182556
3.747023511755878,0.009846174854344796,0.03204779534800304,0.022201620493658245,0.006083009296189504,0.023291078328977366,-0.0003643346349718247,0.02329392773777748,0.015641393561274513
3.749499749874938,0.00981977582525682,0.03204779534800304,0.02222801952274622,0.006069034636992669,0.02326576187699188,-0.000247717883887165,0.023267080604727496,0.01064691218633802
3.751975987993997,0.009793211337061562,0.03204779534800304,0.022254584010941478,0.0060549888890466,0.023239449953839135,-0.00013128989758818535,0.023239820808134526,0.005649380734841002
3.754452226113057,0.009766482466051177,0.03204779534800304,0.022281312881951863,0.0060408729093973535,0.023212142519294376,-1.5054506050717845e-05,0.0232121474011817,0.0006485615848429853
3.756928464232116,0.009739590338368194,0.03204779534800304,0.022308205009634846,0.006026687583567858,0.023183839598832884,0.00010098443157147228,0.023184059532356093,-0.004355783798707203
3.759404702351176,0.009712536129873016,0.03204779534800304,0.022335259218130024,0.006012433825457484,0.023154541284873743,0.00021682302709612276,0.02315555644630467,-0.009363894848729399
3.761880940470235,0.009685321065993166,0.03204779534800304,0.022362474282009874,0.005998112577229616,0.023124247738014993,0.0003324573634877503,0.023126637484676166,-0.014376011880776068
3.764357178589295,0.009657946421554216,0.03204779534800304,0.022389848926448824,0.0059837248091872165,0.023092959188259182,0.00044788349505939717,0.023097302086948397,-0.019392376077808762
3.766833416708354,0.00963041352059233,0.03204779534800304,0.02241738182741071,0.0059692715196363565,0.02306067593622844,0.0005630974476999984,0.02306754979124033,-0.024413229474929923
3.769309654827414,0.009602723736148212,0.03204779534800304,0.022445071611854828,0.005954753734737625,0.02302739835436802,0.0006780952191280808,0.023037380235108228,-0.02943881494408074
3.7717858929464736,0.009574878490042557,0.03204779534800304,0.022472916857960483,0.005940172508345453,0.02299312688813747,0.0007928727791709218,0.02300679315632538,-0.034469376178647426
3.774262131065533,0.009546879252632756,0.03204779534800304,0.022500916095370284,0.005925528921835326,0.022957862057188423,0.0009074260700696331,0.022975788393644597,-0.03950515767797663
3.7767383691845926,0.009518727542550946,0.03204779534800304,0.022529067805452094,0.00591082408391877,0.02292160445652813,0.001021751006809876,0.02294436588754301,-0.04454640473176802
3.779214607303652,0.009490424926423269,0.03204779534800304,0.02255737042157977,0.005896059130446305,0.02288435475766774,0.0011358434774776357,0.02291252568094837,-0.04959336340430023
3.7816908454227116,0.009461973018570217,0.03204779534800304,0.022585822329432823,0.005881235224198114,0.02284611370975432,0.0012496993436406701,0.02288026791994622,-0.05464628051849872
3.784167083541771,0.009433373480688338,0.03204779534800304,0.022614421867314702,0.005866353554662687,0.022806882140686057,0.0013633144407546225,0.02284759285446751,-0.05970540363978235
3.7866433216608306,0.009404628021512821,0.03204779534800304,0.02264316732649022,0.0058514153378032095,0.022766660958209103,0.0014766845785942604,0.02281450083895549,-0.06477098105969228
3.78911955977989,0.009375738396461379,0.03204779534800304,0.02267205695154166,0.005836421815811926,0.022725451150995772,0.001589805541709113,0.022780992333011837,-0.06984326177925232
3.7915957978989496,0.00934670640725916,0.03204779534800304,0.02270108894074388,0.005821374256852351,0.02268325378970276,0.0017026730899036904,0.02274706790202084,-0.07492249549205249
3.7940720360180094,0.009317533901544758,0.03204779534800304,0.02273026144645828,0.005806273954789432,0.022640070028008618,0.0018152829587416066,0.022712728217751204,-0.08000893256700872
3.7965482741370686,0.009288222772457451,0.03204779534800304,0.02275957257554559,0.005791122228907713,0.02259590110362976,0.001927630860073748,0.02267797405893492,-0.08510282403078774
3.7990245122561284,0.009258774958205464,0.03204779534800304,0.022789020389797576,0.00577592042361746,0.02255074833931369,0.0020397124825899692,0.02264280631182214,-0.09020442154985925
3.8015007503751876,0.009229192441615578,0.03204779534800304,0.022818602906387462,0.0057606699081489444,0.02250461314380911,0.002151523492393884,0.022607225970711853,-0.09531397741213876
3.8039769884942474,0.009199477249663877,0.03204779534800304,0.022848318098339163,0.005745372076234767,0.022457497012811557,0.0022630595336009147,0.02257123413845734,-0.10043174450821403
3.8064532266133067,0.009169631452987943,0.03204779534800304,0.022878163895015097,0.005730028345780505,0.022409401529884174,0.002374316228958551,0.022534832026946,-0.10555797631209182
3.8089294647323664,0.009139657165380267,0.03204779534800304,0.022908138182622773,0.005714640158523507,0.02236032836735223,0.002485289180489307,0.02249802095755256,-0.11069292686147358
3.811405702851426,0.009109556543263342,0.03204779534800304,0.022938238804739698,0.005699208979680159,0.022310279287171227,0.00259597397015512,0.02246080236156546,-0.1158368507374868
3.8138819409704854,0.009079331785146187,0.03204779534800304,0.022968463562856853,0.0056837362975815575,0.02225925614176721,0.0027063661605435706,0.022423177780585352,-0.12099000304387686
3.816358179089545,0.009048985131062615,0.03204779534800304,0.022998810216940425,0.005668223623297731,0.02220726087484869,0.002816461295575152,0.022385148866895174,-0.12615263938561008
3.8188344172086044,0.009018518861991304,0.03204779534800304,0.023029276486011736,0.005652672490250539,0.022154295522189584,0.0029262549012309875,0.022346717383801312,-0.1313250158468462
3.821310655327664,0.008987935299257871,0.03204779534800304,0.02305986004874517,0.005637084453815342,0.022100362212382076,0.00303574248630119,0.022307885205944997,-0.13650738896827724
3.8237868934467234,0.008957236803918925,0.03204779534800304,0.023090558544084115,0.005621461090911563,0.02204546316755895,0.00314491954315262,0.022268654319583425,-0.14170001572376198
3.826263131565783,0.008926425776128465,0.03204779534800304,0.023121369571874575,0.005605803999582259,0.021989600704084344,0.0032537815485163767,0.022229026822839823,-0.14690315349626015
3.8287393696848424,0.0088955046544867,0.03204779534800304,0.02315229069351634,0.00559011479856289,0.021932777233212675,0.0033623239642938075,0.022189004925922132,-0.15211706005299647
3.831215607803902,0.00886447591537139,0.03204779534800304,0.02318331943263165,0.005574395126839335,0.021874995261714433,0.003470542238381219,0.022148590951309225,-0.15734199351985362
3.833691845922962,0.008833342072252174,0.03204779534800304,0.023214453275750866,0.005558646643195461,0.021816257392468886,0.003578431805512171,0.02210778733390464,-0.16257821235492767
3.836168084042021,0.008802105674987674,0.03204779534800304,0.023245689673015366,0.0055428710257502,0.02175656632502231,0.003685988088117311,0.022066596621156544,-0.167825975321237
3.838644322161081,0.008770769309106068,0.03204779534800304,0.02327702603889697,0.005527069971484495,0.021695924856111732,0.0037932064972010845,0.022025021473144026,-0.1730855414585381
3.84112056028014,0.008739335595068981,0.03204779534800304,0.02330845975293406,0.005511245195758185,0.02163433588015324,0.003900082433234427,0.021983064662628584,-0.1783571700542006
3.8435967983992,0.008707807187519144,0.03204779534800304,0.023339988160483896,0.005495398431817012,0.021571802389694254,0.0040066112870635944,0.021940729075070504,-0.1836411206131357
3.846073036518259,0.008676186774512096,0.03204779534800304,0.023371608573490944,0.005479531430290022,0.021508327475829588,0.00411278844083373,0.021898017708609642,-0.18893765282670255
3.848549274637319,0.008644477076731993,0.03204779534800304,0.023403318271271047,0.005463645958677419,0.021443914328580067,0.004218609268927365,0.02185493367400966,-0.19424702654059536
3.851025512756378,0.008612680846692145,0.03204779534800304,0.023435114501310896,0.005447743800829271,0.021378566237234085,0.004324069138916541,0.021811480194565788,-0.19956950172163468
3.853501750875438,0.008580800867920166,0.03204779534800304,0.023466994480082874,0.00543182675641504,0.021312286590650695,0.004429163412528666,0.02176766060597491,-0.20490533842346517
3.8559779889944976,0.00854883995412848,0.03204779534800304,0.02349895539387456,0.005415896640384417,0.02124507887752458,0.004533887446624736,0.021723478356168068,-0.2102547967510821
3.858454227113557,0.008516800948370144,0.03204779534800304,0.023530994399632896,0.005399955282419459,0.021176946686611874,0.004638236594189962,0.02167893700510439,-0.21561813682418252
3.8609304652326166,0.008484686722180487,0.03204779534800304,0.023563108625822553,0.005384004526378407,0.02110789370691673,0.004742206205335806,0.02163404022452626,-0.22099561873928483
3.863406703351676,0.00845250017470496,0.03204779534800304,0.02359529517329808,0.005368046229731404,0.021037923727838293,0.0048457916283126965,0.021588791797675175,-0.2263875025305746
3.8658829414707356,0.008420244231813374,0.03204779534800304,0.023627551116189666,0.0053520822629882624,0.02096704063927746,0.0049489882105331565,0.02154319561896769,-0.2317940481294572
3.868359179589795,0.00838792184520111,0.03204779534800304,0.02365987350280193,0.005336114509118722,0.020895248431703463,0.005051791299604234,0.021497255693631295,-0.23721551532275525
3.8708354177088546,0.008355535991477453,0.03204779534800304,0.023692259356525587,0.005320144862965238,0.020822551196179626,0.005154196244368922,0.0214509761372994,-0.2426521637095324
3.873311655827914,0.008323089671241658,0.03204779534800304,0.023724705676761382,0.005304175230648772,0.02074895312434836,0.005256198395955539,0.021404361175565392,-0.248104252656485
3.8757878939469737,0.00829058590814695,0.03204779534800304,0.02375720943985609,0.005288207528967691,0.020674458508374852,0.0053577931088348435,0.021357415143495047,-0.25357204125188626
3.8782641320660334,0.008258027747953062,0.03204779534800304,0.02378976760004998,0.005272243684790198,0.02059907174084967,0.005458975741883585,0.021310142485097206,-0.2590557882580141
3.8807403701850927,0.008225418257567542,0.03204779534800304,0.023822377090435498,0.005256285634440449,0.020522797314649528,0.005559741659454389,0.021262547752751985,-0.26455575206205445
3.8832166083041524,0.008192760524076356,0.03204779534800304,0.023855034823926684,0.00524033532307875,0.02044563982275657,0.005660086232450909,0.021214635606596442,-0.27007219062542204
3.8856928464232117,0.008160057653764326,0.03204779534800304,0.023887737694238714,0.005224394704076081,0.02036760395803604,0.005760004839407474,0.021166410813867404,-0.27560536143145553
3.8881690845422714,0.008127312771125574,0.03204779534800304,0.023920482576877466,0.005208465738383239,0.020288694512971772,0.005859492867572957,0.021117878248200724,-0.28115552143147565
3.8906453226613307,0.008094529017864782,0.03204779534800304,0.023953266330138258,0.00519255039389495,0.020208916379360155,0.005958545713997487,0.021069042888887213,-0.28672292698912877
3.8931215607803904,0.00806170955188941,0.03204779534800304,0.02398608579611363,0.005176650644809222,0.020128274547961907,0.006057158786622027,0.02101990982008447,-0.29230783382302056
3.8955977988994497,0.008028857546293563,0.03204779534800304,0.024018937801709477,0.0051607684709822615,0.0200467741081122,0.006155327505369318,0.020970484229984623,-0.2979104969475604
3.8980740370185094,0.007995976188333923,0.03204779534800304,0.024051819159669117,0.005144905857279296,0.01996442024728882,0.006253047303236191,0.020920771409937665,-0.303531170612017
3.900550275137569,0.00796306867839823,0.03204779534800304,0.02408472666960481,0.005129064792921597,0.019881218250638745,0.006350313627385904,0.020870776753530145,-0.30917010823771673
3.9030265132566284,0.007930138228966772,0.03204779534800304,0.024117657119036268,0.005113247270830063,0.019797173500462888,0.006447121940240181,0.020820505755618817,-0.31482756235337195
3.905502751375688,0.007897188063567515,0.03204779534800304,0.024150607284435525,0.00509745528696564,0.019712291475659564,0.006543467720570127,0.02076996401131942,-0.3205037845284951
3.9079789894947474,0.00786422141572523,0.03204779534800304,0.02418357393227781,0.005081690839666998,0.019626577751126608,0.006639346464585052,0.020719157214950032,-0.3261990253048546
3.910455227613807,0.00783124152790524,0.03204779534800304,0.0242165538200978,0.0050659559289857,0.019540037997122322,0.006734753687018916,0.020668091158928998,-0.3319135341259609
3.9129314657328664,0.007798251650452288,0.03204779534800304,0.02424954369755075,0.005050252556019305,0.019452677978585794,0.0068296849222131886,0.020616771732627368,-0.3376475592645225
3.915407703851926,0.007765255040525023,0.03204779534800304,0.024282540307478017,0.005034582722242655,0.019364503554416414,0.0069241357251958275,0.020565204921175452,-0.3434013477478669
3.917883941970986,0.007732254961026683,0.03204779534800304,0.024315540386976357,0.005018948428837764,0.019275520676713367,0.007018101672755314,0.020513396804223708,-0.3491751452812724
3.920360180090045,0.007699254679532495,0.03204779534800304,0.024348540668470545,0.005003351676022616,0.019185735389975117,0.007111578364509201,0.020461353554657596,-0.354969196169194
3.922836418209105,0.00766625746721427,0.03204779534800304,0.02438153788078877,0.004987794462379213,0.019095153830259278,0.007204561423966596,0.02040908143726643,-0.3607837432343609
3.925312656328164,0.007633266597762915,0.03204779534800304,0.024414528750240125,0.004972278784181269,0.01900378222430357,0.007297046499583405,0.020356586807366277,-0.36661902773469285
3.927788894447224,0.007600285346309209,0.03204779534800304,0.02444751000169383,0.004956806634721842,0.018911626888607893,0.007389029265810232,0.02030387610937668,-0.37247528927804274
3.930265132566283,0.007567316988343467,0.03204779534800304,0.024480478359659573,0.004941380003641295,0.018818694228478216,0.0074805054241317065,0.020250955875351247,-0.3783527657347142
3.932741370685343,0.007534364798634733,0.03204779534800304,0.024513430549368307,0.0049260008762559235,0.018724990737032706,0.00757147070409703,0.020197832723462195,-0.3842516931477552
3.935217608804402,0.007501432050149959,0.03204779534800304,0.02454636329785308,0.004910671232887602,0.0186305229941708,0.007661920864340534,0.020144513356438864,-0.39017230564097927
3.937693846923462,0.007468522012973711,0.03204779534800304,0.02457927333502933,0.0048953930481948,0.01853529766550533,0.0077518516935921504,0.020091004559960032,-0.39611483532473174
3.9401700850425216,0.007435637953229043,0.03204779534800304,0.024612157394773997,0.004880168290505314,0.018439321501258793,0.007841259011676626,0.020037313201000394,-0.4020795121993506
3.942646323161581,0.007402783132000046,0.03204779534800304,0.024645012216002994,0.004864998921151083,0.018342601335124102,0.0079301386705011,0.019983446226131102,-0.4080665640563279
3.9451225612806406,0.0073699608042566075,0.03204779534800304,0.024677834543746432,0.0048498868938053824,0.018245144083090335,0.008018486555030478,0.019929410659774435,-0.4140762163771646
3.9475987993997,0.0073371742177820165,0.03204779534800304,0.024710621130221024,0.004834834153822871,0.018146956742234578,0.008106298584249563,0.019875213602412917,-0.42010869222988356
3.9500750375187597,0.007304426612103853,0.03204779534800304,0.024743368735899187,0.004819842637582622,0.018048046389480026,0.00819357071211186,0.01982086222875282,-0.4261642121632304
3.952551275637819,0.007271721217428868,0.03204779534800304,0.02477607413057417,0.004804914271834734,0.017948420180321504,0.008280298928473984,0.01976636378584234,-0.4322429940985276
3.9550275137568787,0.007239061253582209,0.03204779534800304,0.02480873409442083,0.0047900509730506476,0.0178480853475188,0.00836647926001538,0.019711725591144546,-0.43834525321920426
3.957503751875938,0.007206449928951746,0.03204779534800304,0.024841345419051294,0.0047752546467776545,0.01774704919975889,0.008452107771142543,0.01965695503056541,-0.44447120185798694
3.9599799899949977,0.00717389043943787,0.03204779534800304,0.02487390490856517,0.004760527186997812,0.01764531912028748,0.008537180564877424,0.019602059556437016,-0.45062104938177794
3.9624562281140574,0.0071413859674094166,0.03204779534800304,0.024906409380593623,0.004745870475491723,0.017542902565511036,0.008621693783729139,0.01954704668545628,-0.45679500207420753
3.9649324662331167,0.007108939680666261,0.03204779534800304,0.02493885566733678,0.004731286381207414,0.01743980706357005,0.008705643610548706,0.01949192399657959,-0.4629932630158897
3.9674087043521764,0.007076554731408908,0.03204779534800304,0.024971240616594132,0.0047167767596346475,0.01733604021288392,0.008789026269366269,0.01943669912887316,-0.4692160319624066
3.9698849424712357,0.0070442342552159976,0.03204779534800304,0.025003561092787042,0.004702343452185058,0.017231609680669314,0.00887183802620996,0.01938137977932019,-0.4754635052200079
3.9723611805902954,0.007011981370029792,0.03204779534800304,0.025035813977973248,0.004687988285578311,0.017126523201431744,0.008954075189906449,0.019325973700584354,-0.4817358755191017
3.9748374187093547,0.006979799175150556,0.03204779534800304,0.025067996172852484,0.004673713071234748,0.01702078857543224,0.009035734112862182,0.019270488698730655,-0.48803333188551973
3.9773136568284144,0.006947690750240064,0.03204779534800304,0.025100104597762976,0.00465951960467465,0.01691441366712941,0.009116811191825171,0.019214932630903573,-0.4943560595096246
3.9797898949474737,0.006915659154334907,0.03204779534800304,0.025132136193668133,0.0046454096649245925,0.01680740640359824,0.009197302868626734,0.01915931340296318,-0.5007042396132795
3.9822661330665334,0.0068837074248699545,0.03204779534800304,0.025164087923133086,0.004631385013931027,0.016699774772926203,0.009277205630902875,0.019103638967079502,-0.5070780493147412
3.984742371185593,0.006851838576712607,0.03204779534800304,0.025195956771290433,0.004617447395981542,0.01659152682258813,0.009356516012794636,0.01904791731928569,-0.5134776614915031
3.9872186093046524,0.006820055601208255,0.03204779534800304,0.025227739746794785,0.004603598537133944,0.016482670657800503,0.009435230595627415,0.018992156496990577,-0.5199032446411685
3.989694847423712,0.006788361465237265,0.03204779534800304,0.025259433882765775,0.004589840144653507,0.016373214439856003,0.009513346008568563,0.01893636457645069,-0.5263549627404056
3.9921710855427714,0.006756759110284279,0.03204779534800304,0.02529103623771876,0.004576173906458682,0.016263166384440007,0.009590858929262931,0.018880549670202983,-0.5328329751020333
3.994647323661831,0.006725251451519962,0.03204779534800304,0.025322543896483078,0.00456260149057547,0.01615253475992925,0.009667766084446264,0.018824719924458163,-0.5393374362303446
3.9971235617808905,0.0066938413768958815,0.03204779534800304,0.02535395397110716,0.004549124544600796,0.016041327885674448,0.00974406425053572,0.018768883516455764,-0.5458684956747034
3.99959979989995,0.006662531746252712,0.03204779534800304,0.02538526360175033,0.004535744695175021,0.015929554130267042,0.009819750254197747,0.01871304865178105,-0.5524262978815496
4.00207603801901,0.006631325390442436,0.03204779534800304,0.025416469957560604,0.004522463547463975,0.01581722190979217,0.009894820972892404,0.018657223561644988,-0.5590109820448467
4.004552276138069,0.006600225110464812,0.03204779534800304,0.025447570237538228,0.004509282684650647,0.01570433968606809,0.00996927333539443,0.018601416500127605,-0.5656226819551137
4.007028514257129,0.006569233676618467,0.03204779534800304,0.025478561671384573,0.004496203667436793,0.01559091596487333,0.010043104322290535,0.018545635741385433,-0.5722615258471309
4.009504752376189,0.006538353827667192,0.03204779534800304,0.025509441520335848,0.004483228033554712,0.015476959294163099,0.0101163109664526,0.01848988957682416,-0.5789276362464106
4.011980990495248,0.006507588270021555,0.03204779534800304,0.025540207077981485,0.0044703572972893246,0.015362478262275188,0.010188890353486949,0.01843418631223676,-0.5856211298145909
4.014457228614307,0.006476939676936501,0.03204779534800304,0.02557085567106654,0.004457592949010887,0.015247481496127315,0.010260839622159108,0.018378534264908482,-0.5923421171938335
4.016933466733367,0.006446410687724974,0.03204779534800304,0.025601384660278066,0.0044449364547183975,0.015131977659406305,0.01033215596479413,0.018322941760689042,-0.5990907028503895
4.019409704852427,0.006416003906988224,0.03204779534800304,0.025631791441014816,0.004432389255594026,0.015015975450750804,0.010402836627652207,0.018267417131033418,-0.6058669849174448
4.021885942971486,0.006385721903862829,0.03204779534800304,0.02566207344414021,0.004419952767568584,0.014899483601927829,0.010472878911279692,0.018211968710011645,-0.6126710550374294
4.024362181090546,0.00635556721128494,0.03204779534800304,0.0256922281367181,0.004407628380898391,0.014782510876005015,0.010542280170835104,0.018156604831289072,-0.6195029982039003
4.026838419209605,0.0063255423252720835,0.03204779534800304,0.025722253022730956,0.004395417459753574,0.014665066065519402,0.010611037816390148,0.018101333825077934,-0.6263628926031779
4.029314657328665,0.006295649704222563,0.03204779534800304,0.025752145643780477,0.0043833213418179775,0.014547157990643296,0.010679149313205984,0.018046164015061067,-0.6332508094559269
4.031790895447724,0.006265891768233025,0.03204779534800304,0.025781903579770015,0.004371341337900866,0.014428795497349118,0.010746612181984153,0.017991103715289187,-0.640166812858814
4.034267133566784,0.0062362708984343256,0.03204779534800304,0.025811524449568714,0.004359478731560559,0.014309987455573795,0.010813423999092657,0.017936161227052806,-0.6471109596264577
4.036743371685843,0.006206789436345915,0.03204779534800304,0.025841005911657125,0.0043477347787400904,0.01419074275738394,0.010879582396766776,0.01788134483572984,-0.654083299133842
4.039219609804903,0.006177449683249004,0.03204779534800304,0.025870345664754036,0.004336110707415014,0.014071070315142533,0.010945085063285134,0.0178266628076102,-0.661083873159422
4.041695847923962,0.006148253899578796,0.03204779534800304,0.025899541448424244,0.004324607717253517,0.013950979059678745,0.011009929743120438,0.0177721233866987,-0.6681127157290824
4.044172086043022,0.006119204304335907,0.03204779534800304,0.025928591043667133,0.004313226979288914,0.013830477938461419,0.011074114237065537,0.01771773479149763,-0.6751698529612026
4.046648324162081,0.006090303074517276,0.03204779534800304,0.025957492273485764,0.004301969635604599,0.013709575913777697,0.01113763640233435,0.01766350521177031,-0.6822553029130113
4.049124562281141,0.006061552344566526,0.03204779534800304,0.025986243003436514,0.004290836799031556,0.013588281960917017,0.011200494152638366,0.017609442805286857,-0.6893690754285112
4.0516008004002,0.006032954205844262,0.03204779534800304,0.026014841142158778,0.004279829552858526,0.01346660506636255,0.011262685458238187,0.017555555694554116,-0.6965111719881422
4.05407703851926,0.006004510706118179,0.03204779534800304,0.02604328464188486,0.004268948950554859,0.01334455422599024,0.01132420834597074,0.017501851963530813,-0.7036815855604742
4.056553276638319,0.005976223849073335,0.03204779534800304,0.026071571498929705,0.004258196015506161,0.013222138443276975,0.011385060899251974,0.017448339654329837,-0.7108803004561426
4.059029514757379,0.005948095593842465,0.03204779534800304,0.026099699754160575,0.004247571740762704,0.01309936672751813,0.011445241258055596,0.017395026763908906,-0.7181072921843231
4.061505752876438,0.005920127854556707,0.03204779534800304,0.026127667493446333,0.004237077088800736,0.012976248092056358,0.011504747618867587,0.01734192124075172,-0.7253625273119509
4.063981990995498,0.005892322499916697,0.03204779534800304,0.026155472848086343,0.004226712991296658,0.012852791552521918,0.011563578234617065,0.01728903098154111,-0.7326459633259895
4.0664582291145575,0.005864681352784153,0.03204779534800304,0.026183113995218887,0.004216480348914137,0.012729006125085762,0.01162173141458347,0.017236363827825958,-0.7399575484989964
4.068934467233617,0.005837206189793928,0.03204779534800304,0.026210589158209112,0.004206380031104094,0.012604900824725854,0.011679205524280572,0.017183927562683693,-0.7472972217582895
4.071410705352677,0.005809898740986752,0.03204779534800304,0.026237896607016288,0.004196412875917679,0.012480484663508274,0.011735998985317332,0.017131729907380478,-0.7546649125589577
4.073886943471736,0.00578276068946262,0.03204779534800304,0.02626503465854042,0.004186579689832153,0.012355766648883604,0.011792110275235855,0.01707977851803083,-0.7620605407610119
4.0763631815907955,0.005755793671054766,0.03204779534800304,0.026292001676948274,0.004176881247589703,0.012230755781999095,0.01184753792732715,0.017028080982258675,-0.769484016510997
4.078839419709855,0.005728999274024399,0.03204779534800304,0.02631879607397864,0.004167318292049137,0.012105461056028227,0.011902280530424381,0.016976644815862033,-0.776935240128296
4.081315657828915,0.005702379038776132,0.03204779534800304,0.026345416309226908,0.00415789153405049,0.011979891454517864,0.011956336728674436,0.016925477459483366,-0.7844141019964678
4.083791895947974,0.0056759344575940465,0.03204779534800304,0.026371860890408994,0.004148601652292459,0.011854055949754083,0.012009705221287813,0.0168745862752877,-0.7919204824598834
4.0862681340670335,0.005649666974398428,0.03204779534800304,0.026398128373604612,0.00413944929322263,0.011727963501147113,0.012062384762267517,0.016823978543650798,-0.799454251725991
4.088744372186094,0.0056235779845231065,0.03204779534800304,0.026424217363479933,0.004130435070940466,0.01160162305363657,0.012114374160116992,0.016773661459859673,-0.8070152697734686
4.091220610305153,0.005597668834513438,0.03204779534800304,0.026450126513489602,0.004121559567113003,0.011475043536117663,0.012165672277527502,0.016723642130827752,-0.8146033862665693
4.093696848424212,0.005571940821944642,0.03204779534800304,0.0264758545260584,0.004112823330903145,0.011348233859888384,0.01221627803104576,0.016673927571826876,-0.8222184404760006
4.0961730865432715,0.005546395195260737,0.03204779534800304,0.026501400152742303,0.004104226878910548,0.011221202917119446,0.012266190390721611,0.01662452470323892,-0.8298602612065623
4.098649324662332,0.005521033153633684,0.03204779534800304,0.026526762194369356,0.004095770695124963,0.011093959579346705,0.012315408379736612,0.016575440347329096,-0.8375286667318929
4.101125562781391,0.005495855846842909,0.03204779534800304,0.02655193950116013,0.004087455230891988,0.01096651269598744,0.012363931074013705,0.016526681225043804,-0.8452234647365744
4.10360180090045,0.005470864375174821,0.03204779534800304,0.02657693097282822,0.004079280904891101,0.010838871092880203,0.012411757601808623,0.016478253952835177,-0.8529444522659287
4.1060780390195095,0.005446059789342442,0.03204779534800304,0.0266017355586606,0.00407124810312591,0.010711043570849775,0.01245888714328328,0.01643016503951533,-0.8606914156837396
4.10855427713857,0.005421443090424909,0.03204779534800304,0.02662635225757813,0.004063357178926499,0.010583038904297178,0.012505318930061675,0.016382420883142592,-0.8684641306382045
4.111030515257629,0.005397015229826732,0.03204779534800304,0.026650780118176308,0.004055608452963747,0.010454865839815688,0.012551052244768745,0.016335027767942715,-0.8762623620363698
4.113506753376688,0.005372777109256582,0.03204779534800304,0.02667501823874646,0.0040480022132755224,0.010326533094832679,0.012596086420552838,0.016287991861267313,-0.8840858640273507
4.115982991495748,0.005348729580725568,0.03204779534800304,0.02669906576727747,0.004040538715304609,0.010198049356278655,0.012640420840591938,0.01624131921059267,-0.8919343799945368
4.118459229614808,0.0053248734465647755,0.03204779534800304,0.026722921901438264,0.00403321818194826,0.01006942327928351,0.01268405493758437,0.01619501574056151,-0.8998076425570606
4.120935467733867,0.005301209459461841,0.03204779534800304,0.0267465858885412,0.00402604080361923,0.009940663485900126,0.012726988193224547,0.016149087250070363,-0.9077053735807807
4.123411705852926,0.005277738322516417,0.03204779534800304,0.026770057025486623,0.0040190067383181075,0.009811778563856401,0.012769220137663993,0.016103539409405485,-0.9156272841989661
4.125887943971986,0.0052544606893143685,0.03204779534800304,0.02679333465868867,0.004012116111716909,0.009682777065335544,0.012810750348958469,0.016058377757430155,-0.9235730748429319
4.128364182091046,0.005231377164020397,0.03204779534800304,0.026816418183982643,0.0040053690172536524,0.009553667505785547,0.012851578452501313,0.01601360769882598,-0.9315424352827877
4.130840420210105,0.005208488301488928,0.03204779534800304,0.026839307046514112,0.003998765516237854,0.009424458362757192,0.012891704120444162,0.015969234501391136,-0.9395350446785575
4.133316658329165,0.005185794607393043,0.03204779534800304,0.026862000740609997,0.003992305637966747,0.00929515807477219,0.01293112707110479,0.01592526329339838,-0.9475505716417545
4.1357928964482245,0.005163296538371227,0.03204779534800304,0.026884498809631813,0.00398598937985207,0.009165775040220875,0.012969847068363195,0.015881699061015647,-0.9555886743076314
4.138269134567284,0.005140994502191645,0.03204779534800304,0.026906800845811395,0.003979816707557252,0.00903631761628969,0.01300786392104632,0.0158385466457919,-0.9636490004182472
4.140745372686343,0.005118888857933757,0.03204779534800304,0.026928906490069283,0.003973787555144821,0.008906794117919326,0.013045177482301738,0.015795810742211196,-0.9717311874164356
4.143221610805403,0.005096979916186961,0.03204779534800304,0.02695081543181608,0.003967901825233886,0.00877721281679306,0.01308178764896112,0.015753495895317587,-0.9798348625508269
4.1456978489244625,0.005075267939266104,0.03204779534800304,0.026972527408736936,0.003962159389167496,0.008647581940356091,0.013117694360893857,0.015711606498413817,-0.9879596429919748
4.148174087043522,0.0050537531414434275,0.03204779534800304,0.026994042206559613,0.00395656008718965,0.00851790967086521,0.013152897600351508,0.015670146790836118,-0.9961051359597066
4.150650325162582,0.005032435689196844,0.03204779534800304,0.027015359658806196,0.0039511037286318945,0.008388204144469898,0.013187397391303505,0.01562912085580825,-1.0042709388616917
4.153126563281641,0.005011315701474204,0.03204779534800304,0.027036479646528836,0.0039457900921091955,0.00825847345032449,0.013221193798764692,0.015588532618377152,-1.0124566394432841
4.1556028014007005,0.004990393249973184,0.03204779534800304,0.027057402098029856,0.003940618925724961,0.008128725629731092,0.013254286928115389,0.015548385843432676,-1.0206618159486758
4.15807903951976,0.004969668359436682,0.03204779534800304,0.027078126988566358,0.003935589947285015,0.007998968675314267,0.01328667692441428,0.015508684133814248,-1.0288860372932829
4.16055527763882,0.004949141007963256,0.03204779534800304,0.027098654340039784,0.003930702844520322,0.007869210530226656,0.013318363971704938,0.015469430928506655,-1.037128863247393
4.163031515757879,0.004928811127332483,0.03204779534800304,0.027118984220670557,0.003925957275318281,0.007739459087386295,0.013349348292316317,0.015430629500927526,-1.0453898446309606
4.1655077538769385,0.004908678603344718,0.03204779534800304,0.027139116744658322,0.003921352867962361,0.007609722188744679,0.013379630146157962,0.015392282957308575,-1.0536685235195324
4.167983991995998,0.004888743276175132,0.03204779534800304,0.027159052071827908,0.003916889221379904,0.007480007624586606,0.013409209830010243,0.015354394235173105,-1.0619644334611302
4.170460230115058,0.004869004940741748,0.03204779534800304,0.027178790407261292,0.003912565905397918,0.007350323132861114,0.01343808767681049,0.01531696610191193,-1.07027709970401
4.172936468234117,0.004849463347086927,0.03204779534800304,0.027198332000916113,0.0039083824610066055,0.007220676398543665,0.013466264054935166,0.015280001153459524,-1.0786060394351196
4.1754127063531765,0.00483011820077224,0.03204779534800304,0.0272176771472308,0.0039043384006304475,0.007091075053029101,0.013493739367479015,0.015243501813072501,-1.0869507620291146
4.177888944472237,0.004810969163286324,0.03204779534800304,0.027236826184716716,0.0039004332084066873,0.006961526673555997,0.013520514051531516,0.015207470330212476,-1.0953107693076856
4.180365182591296,0.004792015852465373,0.03204779534800304,0.027255779495537667,0.0038966663404709266,0.006832038782661779,0.013546588577451038,0.015171908779534683,-1.1036855558089955
4.182841420710355,0.00477325784292593,0.03204779534800304,0.02727453750507711,0.0038930372252496967,0.006702618847668208,0.013571963448137669,0.015136819059984234,-1.1120746090670137
4.1853176588294145,0.004754694666509813,0.03204779534800304,0.027293100681493227,0.0038895452637597804,0.006573274280197817,0.01359663919830478,0.01510220289400153,-1.120477409900413
4.187793896948475,0.0047363258127406105,0.03204779534800304,0.02731146953526243,0.0038861898299140645,0.0064440124357204535,0.01362061639375009,0.015068061826838034,-1.1288934327107898
4.190270135067534,0.004718150729291694,0.03204779534800304,0.027329644618711346,0.003882970270833769,0.00631484061313017,0.01364389563062673,0.015034397225983933,-1.1373221457898606
4.192746373186593,0.00470016882246516,0.03204779534800304,0.02734762652553788,0.003879885907166774,0.0061857660543516565,0.013666477534714798,0.015001210280708471,-1.1457630116353337
4.195222611305653,0.004682379457681591,0.03204779534800304,0.02736541589032145,0.0038769360334119135,0.006056795943976677,0.013688362760693884,0.014968502001714247,-1.1542154872750547
4.197698849424713,0.00466478195998022,0.03204779534800304,0.02738301338802282,0.003874119918249,0.005927937408929946,0.013709551991417065,0.014936273220906168,-1.1626790245990686
4.200175087543772,0.0046473756145291555,0.03204779534800304,0.027400419733473885,0.0038714368048743775,0.005799197518163738,0.013730045937187001,0.014904524591275689,-1.1711530706992221
4.202651325662831,0.0046301596671453615,0.03204779534800304,0.02741763568085768,0.0038688859113418144,0.00567058328238175,0.013749845335034372,0.014873256586900996,-1.1796370682158424
4.2051275637818915,0.004613133324824152,0.03204779534800304,0.027434662023178888,0.0038664664309085387,0.005542101653791242,0.01376895094799945,0.014842469503063517,-1.188130455691095
4.207603801900951,0.004596295756277773,0.03204779534800304,0.027451499591725267,0.0038641775323861927,0.005413759525883671,0.013787363564416927,0.01481216345648088,-1.1966326679285348
4.21008004002001,0.004579646092482747,0.03204779534800304,0.027468149255520293,0.0038620183604965493,0.005285563733242674,0.013805083997204863,0.014782338385656447,-1.2051431363584335
4.212556278139069,0.0045631834272357764,0.03204779534800304,0.027484611920767264,0.0038599880362317784,0.005157521051380076,0.013822113083157892,0.014752994051345416,-1.2136612894083323
4.2150325162581295,0.004546906817717751,0.03204779534800304,0.02750088853028529,0.0038580856572190264,0.005029638196598694,0.013838451682245257,0.014724130037137038,-1.222186552878376
4.217508754377189,0.004530815285065708,0.03204779534800304,0.027516980062937332,0.003856310298089224,0.004901921825882223,0.013854100676914219,0.014695745750152847,-1.2307183503208798
4.219984992496248,0.004514907814952188,0.03204779534800304,0.027532887533050852,0.003854661010849807,0.004774378536810996,0.013869060971399158,0.014667840421859956,-1.2392561034236542
4.222461230615308,0.00449918335817194,0.03204779534800304,0.0275486119898311,0.00385313682526124,0.004647014867504113,0.013883333491036785,0.014640413108998938,-1.2477992323965013
4.2249374687343675,0.00448364083123555,0.03204779534800304,0.02756415451676749,0.0038517367492171663,0.0045198372965871226,0.013896919181588026,0.014613462694625433,-1.2563471563603688
4.227413706853427,0.004468279116969558,0.03204779534800304,0.027579516231033482,0.0038504597691279238,0.004392852243184315,0.013909819008566865,0.0145869878892641,-1.264899293738644
4.229889944972486,0.004453097065123032,0.03204779534800304,0.02759469828288001,0.0038493048503073324,0.004266066066936262,0.013922033956576589,0.014560987232174081,-1.2734550626499699
4.232366183091546,0.004438093492980064,0.03204779534800304,0.027609701855022976,0.0038482709373625188,0.004139485068041125,0.013933565028653904,0.014535459092724334,-1.2820138813020896
4.2348424212106055,0.004423267185978012,0.03204779534800304,0.027624528162025028,0.0038473569545866126,0.00401311548732014,0.013944413245621132,0.014510401671877414,-1.2905751683861026
4.237318659329665,0.004408616898331136,0.03204779534800304,0.027639178449671904,0.0038465618063541628,0.003886963506305799,0.01395457964544717,0.014485813003779992,-1.2991383434706425
4.239794897448725,0.004394141353659349,0.03204779534800304,0.02765365399434369,0.003845884377519061,0.003761035247353273,0.013964065282617262,0.014461690957458273,-1.3077028273953424
4.242271135567784,0.0043798392456218735,0.03204779534800304,0.027667956102381167,0.003845323533814867,0.0036353367737741705,0.013972871227512174,0.014438033238616413,-1.3162680426630613
4.2447473736868435,0.004365709238555317,0.03204779534800304,0.027682086109447723,0.0038448781222572602,0.003509874089991625,0.013980998565796965,0.014414837391535547,-1.3248334138303466
4.247223611805903,0.004351749968116138,0.03204779534800304,0.027696045379886902,0.0038445469715485945,0.0033846531417171793,0.013988448397819889,0.0143921008010716,-1.3333983678955212
4.249699849924963,0.004337960041927005,0.03204779534800304,0.027709835306076035,0.003844328892484271,0.0032596798161481804,0.013995221838021588,0.014369820694749125,-1.3419623346839007
4.252176088044022,0.004324338040226951,0.03204779534800304,0.02772345730777609,0.00384422267836086,0.0031349599421856803,0.014001320014354956,0.014347994144948816,-1.3505247472295687
4.2546523261630815,0.0043108825165248735,0.03204779534800304,0.027736912831478167,0.003844227105385729,0.003010499290671679,0.01400674406771606,0.014326618071186016,-1.3590850421532288
4.257128564282142,0.004297591998256307,0.03204779534800304,0.027750203349746733,0.0038443409330881383,0.002886303574645953,0.014011495151386362,0.014305689242477538,-1.367642660035564
4.259604802401201,0.0042844649874430145,0.03204779534800304,0.027763330360560026,0.0038445629047315234,0.002762378449621608,0.014015574430486465,0.014285204279793828,-1.3761970457856167
4.26208104052026,0.0042714999613552955,0.03204779534800304,0.027776295386647745,0.0038448917477269307,0.0026387295138782657,0.014018983081441904,0.01426515965859361,-1.384747649003742
4.2645572786393195,0.004258695373176635,0.03204779534800304,0.027789099974826405,0.0038453261740473907,0.002515362308773429,0.014021722291460944,0.014245551711437883,-1.3932939243385762
4.26703351675838,0.004246049652670544,0.03204779534800304,0.027801745695332496,0.0038458648806431305,0.0023922823190705104,0.014023793258024986,0.014226376630680226,-1.401835331837628
4.269509754877439,0.0042335612068492845,0.03204779534800304,0.027814234141153756,0.003846506549857442,0.0022694949732837274,0.014025197188391549,0.01420763047123011,-1.4103713372909945
4.271985992996498,0.004221228420644187,0.03204779534800304,0.027826566927358853,0.0038472498498431356,0.0021470056440383773,0.014025935299110231,0.014189309153385836,-1.4189014125678396
4.274462231115558,0.004209049657577471,0.03204779534800304,0.02783874569042557,0.003848093434979368,0.0020248196484470684,0.01402600881555192,0.014171408465734007,-1.427425035945144
4.276938469234618,0.0041970232604351745,0.03204779534800304,0.027850772087567865,0.0038490359462887967,0.0019029422485004235,0.014025418971451353,0.01415392406811183,-1.4359416924284059
4.279414707353677,0.004185147551941097,0.03204779534800304,0.027862647796061943,0.0038500760118548756,0.0017813786514723742,0.014024167008463321,0.014136851494628943,-1.4444508740638706
4.281890945472736,0.004173420835431364,0.03204779534800304,0.027874374512571676,0.003851212247239179,0.0016601340103386264,0.014022254175732775,0.014120186156745183,-1.452952080242005
4.2843671835917965,0.004161841395529581,0.03204779534800304,0.02788595395247346,0.0038524432558986717,0.0015392134242088252,0.014019681729478897,0.014103923346400782,-1.4614448179918091
4.286843421710856,0.00415040749882227,0.03204779534800304,0.02789738784918077,0.0038537676296027633,0.001418621938771118,0.014016450932593504,0.014088058239195494,-1.4699286022657148
4.289319659829915,0.004139117394534271,0.03204779534800304,0.02790867795346877,0.003855183948850051,0.0012983645467484683,0.014012563054253751,0.014072585897612797,-1.4784029562147931
4.291795897948974,0.0041279693152041184,0.03204779534800304,0.02791982603279892,0.0038566907832846427,0.0011784461883668565,0.014008019369549532,0.014057501274285955,-1.4868674114539642
4.2942721360680345,0.004116961477359005,0.03204779534800304,0.027930833870644035,0.003858286692111935,0.0010588717518339882,0.014002821159125534,0.014042799215301976,-1.4953215083170266
4.296748374187094,0.004106092082189226,0.03204779534800304,0.027941703265813814,0.003859970224513789,0.0009396460738287434,0.013996969708838276,0.014028474463540148,-1.503764796101244
4.299224612306153,0.00409535931622184,0.03204779534800304,0.0279524360317812,0.0038617399200629203,0.0008207739399999018,0.013990466309428077,0.014014521662041307,-1.512196833301357
4.301700850425213,0.004084761351993423,0.03204779534800304,0.027963033996009617,0.003863594309136493,0.0007022600854744193,0.013983312256206304,0.014000935357404518,-1.5206171878328008
4.3041770885442725,0.004074296348721716,0.03204779534800304,0.027973498999281324,0.0038655319133287396,0.0005841091953744399,0.013975508848757827,0.013987710003207435,-1.5290254372440055
4.306653326663332,0.004063962452975876,0.03204779534800304,0.027983832895027164,0.0038675512458625815,0.00046632590534198266,0.013967057390658897,0.013974839963446893,-1.5374211689176915
4.309129564782391,0.004053757799345328,0.03204779534800304,0.027994037548657712,0.0038696508120001066,0.000348914802071573,0.013957959189210542,0.01396231951599632,-1.545803980261014
4.311605802901451,0.004043680511106887,0.03204779534800304,0.028004114836896153,0.003871829109451856,0.00023188042384967873,0.013948215555187536,0.01395014285607643,-1.5541734788845218
4.3140820410205105,0.004033728700890055,0.03204779534800304,0.028014066647112985,0.003874084628784789,0.00011522726110083372,0.013937827802603033,0.013938304099735909,-1.5625292827698543
4.31655827913957,0.004023900471340311,0.03204779534800304,0.02802389487666273,0.003876415853828892,-1.0402430608014428e-06,0.013926797248489008,0.013926797287338774,-1.5708710204261964
4.31903451725863,0.004014193915780204,0.03204779534800304,0.028033601432222836,0.003878821262082315,-0.00011691769227407104,0.013915125212692427,0.013915616387055053,-1.5791983310354296
4.321510755377689,0.004004607118868134,0.03204779534800304,0.028043188229134906,0.003881299325114961,-0.0002324007363686358,0.013902813017687362,0.013904755298351779,-1.5875108645860183
4.3239869934967485,0.0039951381572546005,0.03204779534800304,0.02805265719074844,0.003883848508970477,-0.0003474850707988721,0.013889861988402984,0.01389420785548101,-1.5958082819957056
4.326463231615808,0.003985785100235811,0.03204779534800304,0.02806201024776723,0.003886467274566542,-0.000462166436073553,0.01387627345206747,0.01388396783096192,-1.60409025522301
4.328939469734868,0.003976546010404508,0.03204779534800304,0.028071249337598532,0.003889154078093389,-0.0005764406171825704,0.013862048738067963,0.013874028939054057,-1.6123564673676594
4.331415707853927,0.003967418944297807,0.03204779534800304,0.028080376403705233,0.003891907371410507,-0.0006903034430205935,0.013847189177826482,0.01386438483921883,-1.6206066127600067
4.3338919459729865,0.003958401953041955,0.03204779534800304,0.028089393394961085,0.003894725602441434,-0.0008037507858089944,0.013831696104691803,0.013855029139566433,-1.6288403970396088
4.336368184092046,0.003949493082993874,0.03204779534800304,0.028098302265009166,0.003897607215566606,-0.0009167785605155719,0.013815570853847433,0.013845955400285662,-1.6370575372230236
4.338844422211106,0.003940690376379261,0.03204779534800304,0.02810710497162378,0.0039005506520141385,-0.0010293827242733589,0.013798814762235443,0.01383715713705381,-1.6452577617610342
4.341320660330165,0.0039319918719272935,0.03204779534800304,0.028115803476075747,0.0039035543502485706,-0.0011415592757984191,0.013781429168496442,0.013828627824424445,-1.6534408105854186
4.343796898449225,0.003923395605501534,0.03204779534800304,0.028124399742501506,0.003906616746357413,-0.0012533042548078315,0.01376341541292532,0.013820360899190356,-1.661606435145498
4.346273136568285,0.003914899610727225,0.03204779534800304,0.028132895737275815,0.00390973627443553,-0.0013646137414375548,0.013744774837443042,0.013812349763719697,-1.6697543984345948
4.348749374687344,0.0039065019196145925,0.03204779534800304,0.028141293428388447,0.003912911366967234,-0.0014754838556610122,0.013725508785584272,0.013804587789262935,-1.677884475006637
4.351225612806403,0.0038982005631781197,0.03204779534800304,0.02814959478482492,0.003916140455206075,-0.001585910756709238,0.01370561860250072,0.01379706831922854,-1.6859964509831489
4.353701850925463,0.0038899935720517545,0.03204779534800304,0.028157801775951286,0.00391942196955227,-0.0016958906424922654,0.013685105634980415,0.013789784672425654,-1.6940901240508017
4.356178089044523,0.0038818789770997883,0.03204779534800304,0.02816591637090325,0.003922754339927701,-0.0018054197490228667,0.013663971231482473,0.013782730146271545,-1.7021653034498136
4.358654327163582,0.0038738548100234055,0.03204779534800304,0.028173940537979635,0.00392613599614845,-0.0019144943498426291,0.01364221674218765,0.013775898019962415,-1.7102218099534066
4.361130565282641,0.003865919103962695,0.03204779534800304,0.028181876244040345,0.003929565368294814,-0.0020231107554514296,0.013619843519064227,0.01376928155760565,-1.7182594758386283
4.3636068034017015,0.0038580698940941204,0.03204779534800304,0.02818972545390892,0.003933040887078789,-0.002131265312739969,0.013596852915949482,0.013762874011312192,-1.7262781448487436
4.366083041520761,0.0038503052182232676,0.03204779534800304,0.028197490129779772,0.00393656098420889,-0.0022389544044261705,0.013573246288646411,0.013756668624247403,-1.734277672147495
4.36855927963982,0.00384262311737274,0.03204779534800304,0.0282051722306303,0.003940124092752375,-0.002346174448496276,0.013549024995035613,0.013750658633639211,-1.7422579242655363
4.371035517758879,0.0038350216363651733,0.03204779534800304,0.028212773711637867,0.003943728647494737,-0.002452921897650102,0.013524190395202336,0.013744837273742257,-1.7502187790392558
4.3735117558779395,0.0038274988244012507,0.03204779534800304,0.02822029652360179,0.0039473730852964874,-0.0025591932387517965,0.013498743851578484,0.013739197778756984,-1.7581601255423374
4.375987993996999,0.003820052735632542,0.03204779534800304,0.028227742612370498,0.003951055845447145,-0.0026649849922857584,0.0134726867290994,0.0137337333857025,-1.766081864010299
4.378464232116058,0.003812681429729174,0.03204779534800304,0.028235113918273866,0.003954775370016416,-0.002770293711818789,0.013446020395375388,0.013728437337242489,-1.773983905758346
4.380940470235117,0.0038053829724421333,0.03204779534800304,0.028242412375560907,0.003958530104202506,-0.0028751159834682505,0.013418746220877666,0.0137233028844631,-1.7818661730927905
4.3834167083541775,0.0037981554361602304,0.03204779534800304,0.02824963991184281,0.003962318496677579,-0.0029794484253768874,0.013390865579138883,0.01371832328960239,-1.7897285992163456
4.385892946473237,0.003790996900461495,0.03204779534800304,0.028256798447541545,0.003966138999930225,-0.0030832876871946225,0.01336237984696767,0.013713491828730336,-1.7975711281275926
4.388369184592296,0.0037839054526590116,0.03204779534800304,0.02826388989534403,0.00396999007060501,-0.0031866304495679035,0.013333290404677288,0.013708801794379142,-1.805393714514922
4.390845422711356,0.0037768791883410306,0.03204779534800304,0.02827091615966201,0.003973870169839008,-0.0032894734236364673,0.013303598636328136,0.013704246498123218,-1.8131963236452109
4.3933216608304155,0.0037699162119053664,0.03204779534800304,0.028277879136097674,0.003977777763595278,-0.0033918133505381498,0.013273305929983983,0.013699819273108562,-1.8209789312475446
4.395797898949475,0.0037630146370878637,0.03204779534800304,0.028284780710915176,0.003981711322993291,-0.003493647000922303,0.01324241367798154,0.013695513476531137,-1.8287415233922903
4.398274137068534,0.003756172587484955,0.03204779534800304,0.028291622760518085,0.003985669324636249,-0.0035949711744716,0.013210923277213432,0.01369132249206414,-1.8364840963657643
4.400750375187594,0.0037493881970701616,0.03204779534800304,0.02829840715093288,0.003989650250935235,-0.0036957826994329364,0.013178836129424165,0.013687239732233944,-1.8442066565408064
4.4032266133066535,0.0037426596107044685,0.03204779534800304,0.02830513573729857,0.003993652590430201,-0.0037960784321574696,0.013146153641518941,0.01368325864074464,-1.85190922024352
4.405702851425713,0.00373598498464053,0.03204779534800304,0.02831181036336251,0.00399767483810778,-0.003895855256650543,0.013112877225885123,0.013679372694751335,-1.8595918136164784
4.408179089544773,0.003729362487020528,0.03204779534800304,0.028318432860982512,0.004001715495715806,-0.003995110084131127,0.013079008300726046,0.013675575407082039,-1.8672544724786264
4.410655327663832,0.003722790298367716,0.03204779534800304,0.028325005049635324,0.004005773072074571,-0.00409383985260139,0.013044548290407054,0.013671860328408456,-1.874897242182157
4.413131565782892,0.0037162666120714727,0.03204779534800304,0.028331528735931567,0.004009846083384805,-0.004192041526426941,0.013009498625813343,0.01366822104936583,-1.8825201774666447
4.415607803901951,0.0037097896348658316,0.03204779534800304,0.02833800571313721,0.004013933053532278,-0.004289712095927386,0.012973860744719555,0.01366465120262207,-1.8901233423106414
4.418084042021011,0.00370335758730142,0.03204779534800304,0.02834443776070162,0.004018032514389054,-0.004386848576977918,0.01293763609217072,0.013661144464896477,-1.897706809781013
4.42056028014007,0.003696968704210695,0.03204779534800304,0.028350826643792345,0.004022143006111303,-0.004483448010621819,0.012900826120874414,0.01365769455892847,-1.905270661880229
4.42303651825913,0.0036906212351663845,0.03204779534800304,0.028357174112836656,0.004026263077433734,-0.004579507462694677,0.012863432291603652,0.013654295255396662,-1.9128149893918827
4.42551275637819,0.0036843134449331127,0.03204779534800304,0.028363481903069927,0.004030391285960495,-0.004675024023459765,0.012825456073610459,0.01365094037478874,-1.9203398917246055
4.427988994497249,0.0036780436139121075,0.03204779534800304,0.028369751734090932,0.0040345261984525965,-0.004769994807255165,0.012786898945049844,0.013647623789222725,-1.9278454767546211
4.430465232616308,0.0036718100385788738,0.03204779534800304,0.028375985309424166,0.004038666391111806,-0.004864416952153224,0.012747762393413574,0.01364433942422003,-1.9353318606671834
4.432941470735368,0.003665611031913818,0.03204779534800304,0.028382184316089222,0.004042810449860948,-0.004958287619631667,0.012708047915973875,0.013641081260430956,-1.942799167797032
4.435417708854428,0.0036594449238256943,0.03204779534800304,0.028388350424177346,0.004046956970620618,-0.005051603994257317,0.012667757020236453,0.01363784333531319,-1.9502475304681193
4.437893946973487,0.0036533100615678757,0.03204779534800304,0.028394485286435164,0.00405110455958224,-0.005144363283381959,0.012626891224402775,0.013634619744763996,-1.9576770888327513
4.440370185092546,0.0036472048101472247,0.03204779534800304,0.028400590537855815,0.004055251833477466,-0.0052365627168512695,0.012585452057840906,0.013631404644706599,-1.9650879907103809
4.442846423211606,0.0036411275527256926,0.03204779534800304,0.028406667795277347,0.0040593974198438725,-0.005328199546726066,0.012543441061565125,0.01362819225263167,-1.972480391426153
4.445322661330666,0.003635076691014403,0.03204779534800304,0.028412718656988637,0.004063539957286894,-0.005419271047016708,0.012500859788723567,0.013624976849094438,-1.9798544536494247
4.447798899449725,0.003629050645660225,0.03204779534800304,0.028418744702342815,0.004067678095737995,-0.005509774513430282,0.012457709805093762,0.013621752779168148,-1.9872103472323772
4.450275137568784,0.0036230478566247337,0.03204779534800304,0.028424747491378306,0.004071810496709023,-0.005599707263131212,0.012413992689585599,0.013618514453854692,-1.9945482490489121
4.4527513756878445,0.003617066783555535,0.03204779534800304,0.028430728564447505,0.004075935833542733,-0.005689066634514893,0.012369710034751598,0.013615256351453137,-2.001868342833927
4.455227613806904,0.0036111059061498044,0.03204779534800304,0.028436689441853236,0.004080052791659385,-0.005777849986994537,0.012324863447303996,0.013611973018886826,-2.0091708190231214
4.457703851925963,0.003605163724510016,0.03204779534800304,0.028442631623493024,0.004084160068799477,-0.005866054700801796,0.012279454548638193,0.01360865907298989,-2.01645587459349
4.460180090045022,0.003599238759491811,0.03204779534800304,0.02844855658851123,0.004088256375262463,-0.005953678176800508,0.012233484975362485,0.013605309201753934,-2.0237237129045704
4.4626563281640825,0.003593329553043853,0.03204779534800304,0.028454465794959187,0.004092340434141527,-0.006040717836314137,0.012186956379833504,0.013601918165535635,-2.0309745435405904
4.465132566283142,0.0035874346685397067,0.03204779534800304,0.028460360679463333,0.004096410981554281,-0.006127171120966713,0.012139870430697152,0.013598480798226086,-2.038208582153606
4.467608804402201,0.0035815526911015527,0.03204779534800304,0.028466242656901487,0.004100466766869433,-0.0062130354925375945,0.01209222881343447,0.013594992008382599,-2.045426050307748
4.470085042521261,0.0035756822279157767,0.03204779534800304,0.028472113120087263,0.004104506552929307,-0.006298308432829705,0.012044033230912278,0.013591446780323757,-2.0526271753246386
4.4725612806403205,0.0035698219085402993,0.03204779534800304,0.02847797343946274,0.004108529116268238,-0.006382987443551426,0.0119952854039382,0.01358784017518855,-2.0598121901300654
4.47503751875938,0.003563970385203563,0.03204779534800304,0.028483824962799477,0.004112533247326771,-0.006467070046212456,0.011945987071819417,0.013584167331960212,-2.0669813331020315
4.477513756878439,0.0035581263330951747,0.03204779534800304,0.028489669014907865,0.004116517750661646,-0.006550553782033111,0.011896139992925193,0.013580423468455706,-2.07413484792019
4.479989994997499,0.003552288450648068,0.03204779534800304,0.028495506897354972,0.004120481445151487,-0.00663343621186739,0.011845745945252489,0.013576603882281435,-2.081272983416769
4.482466233116559,0.0035464554598121645,0.03204779534800304,0.028501339888190876,0.004124423164198204,-0.0067157149161396505,0.011794806726994386,0.013572703951755988,-2.0883959934290273
4.484942471235618,0.003540626106319441,0.03204779534800304,0.0285071692416836,0.004128341755924055,-0.0067973874947951885,0.011743324157110855,0.013568719136800696,-2.095504136653314
4.487418709354677,0.0035347991599402988,0.03204779534800304,0.02851299618806274,0.0041322360833642765,-0.006878451567264066,0.011691300075901582,0.013564644979798543,-2.1025976765007437
4.489894947473737,0.0035289734147313165,0.03204779534800304,0.028518821933271724,0.004136105024655348,-0.006958904772438748,0.011638736345580445,0.0135604771064224,-2.1096768809545567
4.492371185592797,0.0035231476892741004,0.03204779534800304,0.02852464765872894,0.004139947473218705,-0.007038744768665014,0.011585634850851166,0.013556211226432932,-2.1167420224291766
4.494847423711856,0.0035173208269053576,0.03204779534800304,0.028530474521097682,0.0041437623379400055,-0.007117969233746616,0.011531997499483733,0.013551843134447154,-2.1237933776310305
4.497323661830916,0.003511491695938021,0.03204779534800304,0.02853630365206502,0.004147548543343796,-0.0071965758649629764,0.011477826222891277,0.013547368710678034,-2.1308312274211096
4.499799899949975,0.003505659189873441,0.03204779534800304,0.0285421361581296,0.004151305029763597,-0.007274562379100212,0.011423122976707093,0.013542783921646009,-2.137855856679312
4.502276138069035,0.003499822227604466,0.03204779534800304,0.028547973120398574,0.004155030753507344,-0.007351926512495534,0.011367889741360953,0.013538084820862746,-2.1448675541706077
4.504752376188094,0.0034939797536094955,0.03204779534800304,0.028553815594393545,0.004158724687018136,-0.007428666021094391,0.011312128522654934,0.013533267549488028,-2.151866612412979
4.507228614307154,0.003488130738137342,0.03204779534800304,0.028559664609865698,0.004162385819030263,-0.007504778680520771,0.011255841352337837,0.013528328336960098,-2.158853327547194
4.509704852426213,0.0034822741773828936,0.03204779534800304,0.028565521170620146,0.004166013154720463,-0.007580262286160137,0.011199030288678144,0.013523263501600203,-2.165827999208379
4.512181090545273,0.0034764090936534736,0.03204779534800304,0.028571386254349566,0.004169605715854362,-0.007655114653255253,0.011141697417034739,0.013518069451191685,-2.172790930399419
4.514657328664333,0.003470534535525902,0.03204779534800304,0.028577260812477138,0.004173162540928074,-0.007729333617014333,0.011083844850425358,0.013512742683534258,-2.1797424273661474
4.517133566783392,0.003464649577994184,0.03204779534800304,0.028583145770008856,0.004176682685304868,-0.007802917032731569,0.0110254747300922,0.013507279786973915,-2.186682799474326
4.519609804902451,0.003458753322607727,0.03204779534800304,0.028589042025395313,0.004180165221346942,-0.007875862775920069,0.010966589226064085,0.013501677440908896,-2.193612359088426
4.522086043021511,0.003452844897600102,0.03204779534800304,0.028594950450402938,0.004183609238542175,-0.00794816874245658,0.010907190537715121,0.013495932416272175,-2.2005314214521454
4.524562281140571,0.0034469234580082643,0.03204779534800304,0.028600871889994776,0.00418701384362588,-0.008019832848738206,0.010847280894319224,0.013490041575990907,-2.2074403045706807
4.52703851925963,0.0034409881857822046,0.03204779534800304,0.028606807162220835,0.004190378160697463,-0.0080908530318506,0.010786862555600182,0.013484001875423162,-2.214339329094705
4.529514757378689,0.0034350382898849473,0.03204779534800304,0.028612757058118093,0.004193701331332024,-0.008161227249747958,0.01072593781227668,0.013477810362772406,-2.221228818206056
4.5319909954977495,0.003429073006382906,0.03204779534800304,0.028618722341620134,0.00419698251468675,-0.008230953481443891,0.01066450898660213,0.01347146417947993,-2.2281090975050644
4.534467233616809,0.0034230915985265335,0.03204779534800304,0.028624703749476507,0.0042002208876021725,-0.008300029727213465,0.010602578432898848,0.01346496056059575,-2.23498049489951
4.536943471735868,0.003417093356821173,0.03204779534800304,0.028630701991181867,0.004203415644698153,-0.008368454008806104,0.010540148538085858,0.013458296835128003,-2.2418433404951896
4.539419709854927,0.0034110775990882115,0.03204779534800304,0.02863671774891483,0.004206565998464652,-0.008436224369668989,0.010477221722200414,0.01345147042637143,-2.2486979664880233
4.5418959479739875,0.0034050436705163126,0.03204779534800304,0.028642751677486727,0.004209671179347138,-0.00850333887518078,0.01041380043891243,0.013444478852214892,-2.2555447070576844
4.544372186093047,0.0033989909437029016,0.03204779534800304,0.02864880440430014,0.004212730435826702,-0.00856979561289538,0.01034988717603172,0.013437319725428385,-2.2623838982626996
4.546848424212106,0.003392918818685659,0.03204779534800304,0.02865487652931738,0.004215743034494747,-0.008635592692795605,0.010285484456007328,0.01342999075392955,-2.269215877936991
4.549324662331165,0.003386826722964205,0.03204779534800304,0.028660968625038835,0.004218708260122317,-0.008700728247556334,0.010220594836418859,0.013422489741030035,-2.2760409855877985
4.551800900450226,0.003380714111511803,0.03204779534800304,0.028667081236491237,0.004221625415723924,-0.008765200432816953,0.01015522091045929,0.013414814585661784,-2.2828595622949406
4.554277138569285,0.0033745804667771086,0.03204779534800304,0.02867321488122593,0.00422449382261591,-0.008829007427462666,0.010089365307408936,0.013406963282583343,-2.2896719506113588
4.556753376688344,0.0033684252986759707,0.03204779534800304,0.02867937004932707,0.004227312820469311,-0.008892147433914817,0.010023030693099882,0.013398933922566383,-2.296478494464934
4.559229614807404,0.003362248144573223,0.03204779534800304,0.028685547203429817,0.00423008176735714,-0.00895461867842929,0.009956219770371049,0.013390724692562462,-2.303279539061456
4.561705852926464,0.0033560485692545154,0.03204779534800304,0.028691746778748525,0.004232800039796105,-0.009016419411403142,0.009888935279513154,0.013382333875850179,-2.3100754307887477
4.564182091045523,0.0033498261648880825,0.03204779534800304,0.028697969183114957,0.004235467032782726,-0.00907754790768914,0.009821179998703078,0.013373759852162624,-2.3168665171218805
4.566658329164582,0.003343580550976555,0.03204779534800304,0.028704214797026485,0.004238082159823799,-0.009138002466917601,0.009752956744427685,0.013365001097795301,-2.323653146529407
4.569134567283642,0.0033373113742987404,0.03204779534800304,0.0287104839737043,0.004240644852961212,-0.009197781413825537,0.009684268371896395,0.013356056185694463,-2.3304356683805727
4.571610805402702,0.003331018308841374,0.03204779534800304,0.028716777039161666,0.004243154562791059,-0.009256883098592456,0.00961511777544239,0.01334692378552582,-2.337214432853436
4.574087043521761,0.0033247010557208925,0.03204779534800304,0.028723094292282147,0.004245610758477064,-0.009315305897182966,0.009545507888911725,0.013337602663723632,-2.3439897908438745
4.576563281640821,0.003318359343095198,0.03204779534800304,0.028729436004907842,0.004248012927758231,-0.009373048211695248,0.009475441686040552,0.013328091683520133,-2.350762093875364
4.57903951975988,0.0033119929260654185,0.03204779534800304,0.02873580242193762,0.004250360576950796,-0.009430108470715412,0.009404922180819725,0.013318389804955155,-2.3575316940095123
4.58151575787894,0.003305601586567758,0.03204779534800304,0.028742193761435282,0.00425265323094437,-0.009486485129677558,0.009333952427846442,0.013308496084866011,-2.364298943757295
4.583991995997999,0.00329918513325533,0.03204779534800304,0.02874861021474771,0.004254890433192295,-0.009542176671228633,0.009262535522662936,0.013298409676857331,-2.3710641959908907
4.586468234117059,0.003292743401370115,0.03204779534800304,0.028755051946632925,0.004257071745696217,-0.009597181605598283,0.009190674602081447,0.013288129831250859,-2.3778278038561074
4.588944472236118,0.003286276252605032,0.03204779534800304,0.028761519095398008,0.004259196748984839,-0.009651498470972948,0.009118372844495733,0.013277655895015143,-2.3845901206852935
4.591420710355178,0.003279783574956105,0.03204779534800304,0.028768011773046935,0.004261265042086841,-0.009705125833874197,0.009045633470178073,0.013266987311674725,-2.3913514999107264
4.593896948474238,0.0032732652825648544,0.03204779534800304,0.028774530065438186,0.004263276242497971,-0.009758062289540535,0.00897245974156218,0.013256123621198889,-2.3981122949783646
4.596373186593297,0.003266721315550874,0.03204779534800304,0.028781074032452166,0.0042652299861422995,-0.009810306462312547,0.00889885496351146,0.013245064459869716,-2.404872859261934
4.598849424712356,0.003260151639834709,0.03204779534800304,0.02878764370816833,0.004267125927327644,-0.009861857006021107,0.008824822483572125,0.013233809560129225,-2.4116335459772964
4.601325662831416,0.0032535562469510095,0.03204779534800304,0.02879423910105203,0.004268963738695113,-0.009912712604377965,0.008750365692211189,0.01322235875040533,-2.418394708097017
4.603801900950476,0.003246935153852097,0.03204779534800304,0.028800860194150943,0.004270743111162866,-0.009962871971368605,0.008675488023039113,0.013210711954916634,-2.4251566982650865
4.606278139069535,0.003240288402701935,0.03204779534800304,0.028807506945301105,0.00427246375386397,-0.010012333851646736,0.008600192953016644,0.013198869193455488,-2.431919868711725
4.608754377188594,0.0032336160606606067,0.03204779534800304,0.028814179287342433,0.004274125394078472,-0.010061097020930434,0.008524484002645561,0.013186830581149337,-2.4386845711682503
4.611230615307654,0.003226918219659359,0.03204779534800304,0.02882087712834368,0.004275727777159631,-0.010109160286399067,0.008448364736143483,0.013174596328199995,-2.4454511567818904
4.613706853426714,0.00322019499616627,0.03204779534800304,0.02882760035183677,0.004277270666454326,-0.010156522487090924,0.0083718387616021,0.013162166739600552,-2.4522199760305354
4.616183091545773,0.003213446530942691,0.03204779534800304,0.02883434881706035,0.0042787538432176855,-0.010203182494301088,0.008294909731128938,0.013149542214829751,-2.458991378637341
4.618659329664832,0.0032066729887903975,0.03204779534800304,0.028841122359212643,0.004280177106521915,-0.010249139211979183,0.008217581340972082,0.013136723247523402,-2.4657657134851587
4.621135567783893,0.0031998745582897115,0.03204779534800304,0.02884792078971333,0.004281540273159374,-0.010294391577126513,0.008139857331628118,0.013123710425122665,-2.4725433285307
4.623611805902952,0.003193051451528591,0.03204779534800304,0.02885474389647445,0.004282843177539915,-0.010338938560192289,0.00806174148793288,0.013110504428498898,-2.4793245707184046
4.626088044022011,0.0031862039038227687,0.03204779534800304,0.02886159144418027,0.004284085671582489,-0.010382779165468573,0.007983237639134673,0.013097106031554636,-2.486109785893967
4.62856428214107,0.00317933217342712,0.03204779534800304,0.02886846317457592,0.004285267624601092,-0.010425912431483522,0.007904349658950203,0.01308351610080061,-2.4928993187174466
4.631040520260131,0.0031724365412382736,0.03204779534800304,0.028875358806764766,0.004286388923185013,-0.010468337431392428,0.007825081465602717,0.013069735594908222,-2.4996935125759236
4.63351675837919,0.003165517310488721,0.03204779534800304,0.02888227803751432,0.004287449471073511,-0.010510053273366378,0.007745437021842573,0.013055765564237468,-2.5064927094956477
4.635992996498249,0.0031585748064323314,0.03204779534800304,0.02888922054157071,0.00428844918902486,-0.010551059100978056,0.007665420334949596,0.013041607150339663,-2.5132972500536463
4.638469234617309,0.003151609376021613,0.03204779534800304,0.028896185971981427,0.004289388014679874,-0.010591354093584237,0.007585035456717729,0.013027261585434933,-2.520107473288718
4.640945472736369,0.0031446213875767175,0.03204779534800304,0.028903173960426323,0.004290265902419929,-0.010630937466704639,0.007504286483421505,0.013012730191863933,-2.5269237166117806
4.643421710855428,0.0031376112304463306,0.03204779534800304,0.02891018411755671,0.004291082823219501,-0.01066980847239686,0.0074231775557642085,0.012998014381513559,-2.533746315715546
4.645897948974487,0.00313057931466066,0.03204779534800304,0.02891721603334238,0.004291838764493341,-0.010707966399626857,0.007341712858807934,0.012983115655216336,-2.5405756044834473
4.648374187093547,0.003123526070576574,0.03204779534800304,0.028924269277426466,0.004292533729938257,-0.010745410574634687,0.007259896621885276,0.012968035602123099,-2.547411914897802
4.650850425212607,0.0031164519485151164,0.03204779534800304,0.028931343399487924,0.004293167739369613,-0.01078214036129511,0.007177733118492776,0.012952775899048707,-2.554255576947154
4.653326663331666,0.00310935741839145,0.03204779534800304,0.02893843792961159,0.0042937408285525815,-0.010818155161472763,0.007095226666165657,0.012937338309790311,-2.5611069185327957
4.655802901450725,0.0031022429693375493,0.03204779534800304,0.02894555237866549,0.004294253049028227,-0.010853454415371486,0.007012381626334518,0.012921724684418125,-2.5679662653743787
4.658279139569785,0.0030951091093175884,0.03204779534800304,0.02895268623868545,0.004294704467934457,-0.010888037601877343,0.006929202404163367,0.012905936958538047,-2.574833940914628
4.660755377688845,0.0030879563647364175,0.03204779534800304,0.028959838983266623,0.0042950951678219496,-0.010921904238895212,0.006845693448369441,0.012889977152526126,-2.581710266223099
4.663231615807904,0.003080785280041111,0.03204779534800304,0.02896701006796193,0.004295425246465083,-0.010955053883678454,0.006761859251024324,0.012873847370734267,-2.588595559898982
4.665707853926964,0.003073596417315857,0.03204779534800304,0.028974198930687183,0.004295694816667984,-0.010987486133151318,0.006677704347336952,0.01285754980066713,-2.5954901379728934
4.668184092046023,0.0030663903558704048,0.03204779534800304,0.028981404992132635,0.00429590400606574,-0.011019200624223749,0.006593233315418299,0.012841086712129733,-2.6023943138076393
4.670660330165083,0.003059167691822122,0.03204779534800304,0.028988627656180918,0.004296052956920883,-0.011050197034098435,0.006508450776027513,0.012824460456345561,-2.6093083979979643
4.673136568284142,0.0030519290376720097,0.03204779534800304,0.02899586631033103,0.0042961418259151955,-0.011080475080569476,0.006423361392300202,0.012807673465044848,-2.616232698269211
4.675612806403202,0.0030446750218747418,0.03204779534800304,0.0290031203261283,0.004296170783936971,-0.011110034522312639,0.006337969869458327,0.012790728249522786,-2.6231675193749275
4.678089044522261,0.0030374062884029884,0.03204779534800304,0.02901038905960005,0.004296140015863772,-0.011138875159166665,0.0062522809545023025,0.012773627399667349,-2.6301131629933656
4.680565282641321,0.003030123496306228,0.03204779534800304,0.029017671851696812,0.004296049720340799,-0.011166996832405587,0.00616629943588488,0.012756373582956507,-2.6370699276229135
4.683041520760381,0.003022827319264225,0.03204779534800304,0.029024968028738815,0.00429590010955499,-0.01119439942500148,0.006080030143167512,0.012738969543424577,-2.6440381084764
4.68551775887944,0.003015518445135413,0.03204779534800304,0.029032276902867627,0.004295691409004912,-0.011221082861877549,0.005993477946658993,0.0127214181005975,-2.6510179973742978
4.687993996998499,0.003008197575500353,0.03204779534800304,0.029039597772502687,0.004295423857266542,-0.011247047110151242,0.005906647757036383,0.01270372214839668,-2.6580098826368435
4.690470235117559,0.0030008654252005468,0.03204779534800304,0.029046929922802493,0.0042950977057551135,-0.011272292179367115,0.005819544524948811,0.01268588465401143,-2.6650140489750336
4.692946473236619,0.002993522721872765,0.03204779534800304,0.029054272626130275,0.004294713218483016,-0.01129681812171907,0.005732173240603934,0.012667908656739524,-2.6720307773805407
4.695422711355678,0.002986170205479151,0.03204779534800304,0.02906162514252389,0.004294270671813984,-0.011320625032261951,0.005644538933337569,0.012649797266796,-2.679060345014538
4.697898949474737,0.0029788086278333265,0.03204779534800304,0.029068986720169714,0.004293770354213612,-0.011343713049112102,0.005556646671166206,0.01263155366408973,-2.6861030250954787
4.700375187593798,0.0029714387521226904,0.03204779534800304,0.02907635659588035,0.004293212565996312,-0.011366082353636616,0.005468501560323126,0.012613181096967812,-2.6931590867858115
4.702851425712857,0.0029640613524272094,0.03204779534800304,0.02908373399557583,0.0042925976190688634,-0.011387733170631142,0.0053801087447782545,0.012594682880927658,-2.700228795077664
4.705327663831916,0.002956677213234865,0.03204779534800304,0.029091118134768175,0.004291925836670683,-0.011408665768486087,0.005291473405741451,0.01257606239729651,-2.7073124106775586
4.707803901950975,0.0029492871289540715,0.03204779534800304,0.02909850821904897,0.004291197553110877,-0.011428880459340821,0.005202600761150273,0.012557323091878455,-2.7144101898901383
4.710280140070036,0.00294189190342322,0.03204779534800304,0.02910590344457982,0.0042904131135022795,-0.01144837759922592,0.005113496065141833,0.012538468473568806,-2.7215223845009726
4.712756378189095,0.0029344923494176826,0.03204779534800304,0.029113302998585357,0.00428957287349254,-0.011467157588192983,0.005024164607509504,0.012519502112935763,-2.728649241658461
4.715232616308154,0.0029270892881544455,0.03204779534800304,0.029120706059848595,0.004288677198992452,-0.011485220870432272,0.004934611713144084,0.01250042764076941,-2.7357910037549242
4.717708854427213,0.0029196835487946445,0.03204779534800304,0.029128111799208396,0.004287726465901568,-0.011502567934377473,0.004844842741460555,0.012481248746597909,-2.7429479083068578
4.720185092546274,0.0029122759679443173,0.03204779534800304,0.029135519380058723,0.004286721059831355,-0.011519199312797972,0.004754863085810026,0.012461969177171163,-2.7501201878344763
4.722661330665333,0.002904867389153489,0.03204779534800304,0.02914292795884955,0.004285661375825915,-0.011535115582878027,0.0046646781728776066,0.012442592734911655,-2.757308069740553
4.725137568784392,0.0028974586624139764,0.03204779534800304,0.029150336685589064,0.004284547818080468,-0.011550317366283112,0.00457429346206613,0.012423123276332817,-2.7645117761886606
4.727613806903452,0.0028900506436560607,0.03204779534800304,0.02915774470434698,0.004283380799657726,-0.011564805329213007,0.004483714444866474,0.012403564710424897,-2.771731523980847
4.730090045022512,0.002882644194244409,0.03204779534800304,0.02916515115375863,0.004282160742202317,-0.011578580182441704,0.004392946644214685,0.012383920997008533,-2.778967524434828
4.732566283141571,0.002875240180473325,0.03204779534800304,0.029172555167529715,0.004280888075653345,-0.011591642681343984,0.004301995613835782,0.012364196145056008,-2.7862199832608128
4.73504252126063,0.0028678394730617673,0.03204779534800304,0.029179955874941273,0.0042795632379553136,-0.011603993625908575,0.00421086693757545,0.012344394210980662,-2.793489100437979
4.73751875937969,0.0028604429466482645,0.03204779534800304,0.029187352401354776,0.004278186674767502,-0.011615633860737806,0.004119566228719222,0.012324519296894406,-2.800775070090748
4.73999499749875,0.0028530514792860506,0.03204779534800304,0.02919474386871699,0.004276758839171932,-0.01162656427503371,0.004028099129300049,0.012304575548833773,-2.8080780803649126
4.742471235617809,0.002845665951938664,0.03204779534800304,0.029202129396064376,0.004275280191380159,-0.011636785802570614,0.003936471309394113,0.012284567154954708,-2.815398313303753
4.744947473736869,0.002838287247976228,0.03204779534800304,0.029209508100026812,0.004273751198438912,-0.011646299421653945,0.0038446884664057254,0.012264498343696337,-2.822735944724216
4.747423711855928,0.0028309162526727813,0.03204779534800304,0.02921687909533026,0.004272172333934858,-0.011655106155065537,0.003752756324341703,0.012244373381914373,-2.83009114409327
4.749899949974988,0.0028235538527047396,0.03204779534800304,0.0292242414952983,0.0042705440776985475,-0.011663207069995164,0.003660680633074973,0.012224196572984066,-2.837464074404592
4.752376188094047,0.0028162009356509296,0.03204779534800304,0.02923159441235211,0.004268866915507738,-0.011670603277958385,0.0035684671675987505,0.012203972254873545,-2.844854892055639
4.754852426213107,0.002808858389494358,0.03204779534800304,0.029238936958508682,0.004267141338790279,-0.011677295934700863,0.0034761217272709557,0.012183704798187886,-2.852263746725298
4.757328664332166,0.0028015271021259447,0.03204779534800304,0.029246268245877095,0.004265367844326622,-0.011683286240088837,0.0033836501350497207,0.012163398604184241,-2.8596907812521923
4.759804902451226,0.0027942079608505345,0.03204779534800304,0.029253587387152506,0.004263546933952199,-0.011688575437986133,0.0032910582367199842,0.01214305810275876,-2.8671361315138344
4.762281140570286,0.0027869018518954444,0.03204779534800304,0.029260893496107596,0.004261679114259806,-0.011693164816117587,0.003198351900112125,0.012122687750405894,-2.8745999263067104
4.764757378689345,0.0027796096599217307,0.03204779534800304,0.02926818568808131,0.004259764896302081,-0.011697055705918882,0.0031055370143127327,0.012102292028150533,-2.8820822872274787
4.767233616808404,0.0027723322675384694,0.03204779534800304,0.02927546308046457,0.004257804795294335,-0.01170024948237297,0.003012619488867771,0.012081875439453715,-2.8895833285554473
4.769709854927464,0.0027650705548203577,0.03204779534800304,0.029282724793182682,0.0042557993303178054,-0.011702747563833221,0.002919605252979094,0.012061442508092782,-2.8971031571364403
4.772186093046524,0.002757825398828722,0.03204779534800304,0.029289969949174318,0.004253749024023529,-0.011704551411833113,0.002826500254694258,0.012040997776016372,-2.9046418722682623
4.774662331165583,0.0027505976731363804,0.03204779534800304,0.02929719767486666,0.004251654402336994,-0.011705662530882914,0.002733310460090484,0.01202054580117543,-2.912199565587891
4.777138569284642,0.0027433882473563882,0.03204779534800304,0.029304407100646652,0.0042495159941636825,-0.011706082468253186,0.0026400418524526494,0.012000091155330704,-2.9197763209606094
4.779614807403702,0.0027361979866751054,0.03204779534800304,0.029311597361327935,0.004247334331095721,-0.011705812813745385,0.0025467004314463984,0.011979638421837904,-2.927372214371213
4.782091045522762,0.0027290277513896642,0.03204779534800304,0.029318767596613376,0.004245109947119726,-0.011704855199449643,0.0024532922122864113,0.011959192193411246,-2.9349873138174916
4.784567283641821,0.002721878396450196,0.03204779534800304,0.029325916951552844,0.004242843378326059,-0.01170321129948989,0.002359823224900482,0.011938757069866508,-2.9426216792061615
4.78704352176088,0.002714750771006892,0.03204779534800304,0.029333044576996148,0.004240535162619587,-0.011700882829756417,0.0022662995130894787,0.011918337655844382,-2.9502753622514635
4.789519759879941,0.002707645717962323,0.03204779534800304,0.029340149630040717,0.004238185839432134,-0.011697871547626148,0.0021727271336841932,0.011897938558515458,-2.9579484063765658
4.791995997999,0.0027005640735290673,0.03204779534800304,0.029347231274473973,0.004235795949436785,-0.011694179251670673,0.002079112155699245,0.011877564385267764,-2.965640846618002
4.794472236118059,0.0026935066667929525,0.03204779534800304,0.029354288681210088,0.004233366034264123,-0.011689807781352292,0.0019854606594841635,0.011857219741377989,-2.97335270953335
4.7969484742371185,0.0026864743192821124,0.03204779534800304,0.029361321028720928,0.004230896636220644,-0.01168475901670831,0.0018917787358727683,0.011836909227667775,-2.981084013112313
4.799424712356179,0.0026794678445420453,0.03204779534800304,0.029368327503460995,0.004228388298009405,-0.011679034878023615,0.001798072485330706,0.011816637438146075,-2.988834766691437
4.801900950475238,0.002672488047716956,0.03204779534800304,0.029375307300286084,0.004225841562453118,-0.011672637325492,0.0017043480171020603,0.01179640895763913,-2.996604970872642
4.804377188594297,0.0026655357251374814,0.03204779534800304,0.02938225962286556,0.004223256972219783,-0.011665568358866197,0.0016106114483548238,0.011776228359409127,-3.0043946174458123
4.806853426713357,0.0026586116639150323,0.03204779534800304,0.029389183684088008,0.00422063506955103,-0.011657830017097012,0.0015168689033264026,0.011756100202763107,-3.0122036893156054
4.809329664832417,0.002651716641543043,0.03204779534800304,0.029396078706459997,0.004217976395993302,-0.011649424377961754,0.001423126512469277,0.011736029030653536,-3.0200321604326987
4.811805902951476,0.0026448514255051625,0.03204779534800304,0.029402943922497878,0.004215281492132009,-0.011640353557682203,0.0013293904115968848,0.011716019367271908,-3.0278799957297196
4.814282141070535,0.0026380167728906577,0.03204779534800304,0.029409778575112382,0.004212550897328788,-0.01163061971053231,0.0012356667410308134,0.01169607571563695,-3.0357471510620053
4.816758379189595,0.0026312134300172374,0.03204779534800304,0.029416581917985803,0.004209785149462023,-0.011620225028436019,0.0011419616447492292,0.011676202555179026,-3.0436335731534467
4.819234617308655,0.002624442132061401,0.03204779534800304,0.02942335321594164,0.00420698478467072,-0.011609171740555355,0.0010482812695373357,0.011656404339322305,-3.0515391995475785
4.821710855427714,0.0026177036026965098,0.03204779534800304,0.02943009174530653,0.004204150337101903,-0.011597462112869113,0.0009546317641396776,0.011636685493066267,-3.0594639585641805
4.824187093546773,0.002610998553738763,0.03204779534800304,0.029436796794264277,0.004201282338661609,-0.011585098447742396,0.0008610192784154678,0.011617050410568354,-3.0674077692615183
4.826663331665833,0.002604327684801233,0.03204779534800304,0.029443467663201807,0.004198381318769677,-0.011572083083487346,0.0007674499624967699,0.011597503452729398,-3.0753705414044736
4.829139569784893,0.00259769168295609,0.03204779534800304,0.02945010366504695,0.004195447804118368,-0.011558418393915281,0.0006739299659501954,0.011578048944783604,-3.083352175438734
4.831615807903952,0.0025910912224051605,0.03204779534800304,0.02945670412559788,0.004192482318434983,-0.011544106787880573,0.0005804654369422468,0.011558691173894856,-3.0913525624712586
4.834092046023012,0.002584526964159041,0.03204779534800304,0.029463268383844,0.004189485382248622,-0.011529150708816648,0.0004870625214090519,0.011539434386761284,-3.099371584257173
4.836568284142071,0.0025779995557247866,0.03204779534800304,0.029469795792278253,0.004186457512661103,-0.011513552634264242,0.00039372736223069,0.011520282787229755,-3.1074091131932913
4.839044522261131,0.0025715096308023683,0.03204779534800304,0.029476285717200672,0.0041833992231222385,-0.011497315075392351,0.00030046609841019963,0.011501240533922333,-3.115465012318464
4.84152076038019,0.002565057808990086,0.03204779534800304,0.029482737539012954,0.0041803110232095635,-0.011480440576512277,0.00020728486425816917,0.011482311737876658,-3.1235391353208786
4.84399699849925,0.0025586446954988865,0.03204779534800304,0.029489150652504154,0.004177193418412533,-0.011462931714584776,0.00011418978858279542,0.011463500460201939,-3.131631326552514
4.846473236618309,0.0025522708808759197,0.03204779534800304,0.02949552446712712,0.004174046909921457,-0.011444791098721116,2.1186993886165612e-05,0.011444810709752958,-3.1397414210508714
4.848949474737369,0.002545936940737216,0.03204779534800304,0.029501858407265824,0.004170871994421054,-0.011426021369677795,-7.1717404433533e-05,0.011426246440823526,3.135316062611404
4.851425712856429,0.002539643435509789,0.03204779534800304,0.02950815191249325,0.004167669163888928,-0.011406625199345809,-0.00016451729887278458,0.011407811550861945,3.1271706935714167
4.853901950975488,0.002533390910183099,0.03204779534800304,0.02951440443781994,0.004164438905398898,-0.011386605290234417,-0.0002572065906066138,0.01138950987821012,3.1190079717090575
4.856378189094547,0.0025271798940701,0.03204779534800304,0.02952061545393294,0.004161181700929368,-0.011365964374949916,-0.0003497791902653968,0.011371345199868543,3.1108280988763184
4.858854427213607,0.0025210109005778143,0.03204779534800304,0.029526784447425226,0.004157898027176772,-0.011344705215669704,-0.0004422290187038717,0.011353321229289127,3.1026312860166168
4.861330665332667,0.002514884426987666,0.03204779534800304,0.029532910921015374,0.0041545883553741735,-0.011322830603612022,-0.0005345500077623525,0.011335441614197998,3.094417753096473
4.863806903451726,0.0025088009542455075,0.03204779534800304,0.029538994393757532,0.004151253151115154,-0.01130034335850169,-0.0006267361010197412,0.011317709934450285,3.0861877290290614
4.8662831415707855,0.002502760946761485,0.03204779534800304,0.029545034401241555,0.004147892874182954,-0.011277246328032106,-0.0007187812545383681,0.011300129699918907,3.0779414515895214
4.868759379689846,0.0024967648522197933,0.03204779534800304,0.029551030495783247,0.00414450797838507,-0.011253542387324046,-0.0008106794375998662,0.011282704348419586,3.0696791673220183
4.871235617808905,0.002490813101398339,0.03204779534800304,0.0295569822466047,0.004141098911393259,-0.011229234438381395,-0.0009024246334322106,0.011265437243673945,3.0614011314384624
4.873711855927964,0.002484906107998376,0.03204779534800304,0.029562889240004664,0.004137666114589067,-0.011204325409544266,-0.0009940108399277801,0.011248331673312857,3.053107607708845
4.8761880940470235,0.002479044268484186,0.03204779534800304,0.029568751079518854,0.004134210022914955,-0.011178818254939842,-0.0010854320703517978,0.011231390846922052,3.0447988683431926
4.878664332166084,0.002473227961932778,0.03204779534800304,0.029574567386070262,0.00413073106473103,-0.01115271595393128,-0.0011766823540413254,0.011214617894131996,3.03647519386511
4.881140570285143,0.0024674575498937028,0.03204779534800304,0.029580337798109337,0.004127229661677482,-0.011126021510565071,-0.0012677557370942612,0.011198015862754084,3.0281368729769254
4.883616808404202,0.0024617333762589275,0.03204779534800304,0.029586061971744113,0.004123706228542724,-0.01109873795301697,-0.0013586462830486768,0.011181587716964946,3.0197842024164285
4.8860930465232615,0.0024560557671428652,0.03204779534800304,0.029591739580860175,0.004120161173137325,-0.011070868333037201,-0.0014493480735515774,0.011165336335541065,3.0114174868052825
4.888569284642322,0.002450425030772519,0.03204779534800304,0.02959737031723052,0.004116594896173756,-0.011042415725394984,-0.0015398552090175725,0.011149264510145454,3.003037038489114
4.891045522761381,0.0024448414573877593,0.03204779534800304,0.02960295389061528,0.004113007791151993,-0.011013383227322857,-0.0016301618092767808,0.011133374943668293,2.9946431773693787
4.89352176088044,0.0024393053191517286,0.03204779534800304,0.02960849002885131,0.004109400244250978,-0.010983773957961029,-0.0017202620142124031,0.01111767024862336,2.9862362307270387
4.8959979989995,0.0024338168700713883,0.03204779534800304,0.02961397847793165,0.004105772634226023,-0.010953591057802223,-0.001810149984387162,0.011102152945602113,2.977816533038203
4.89847423711856,0.0024283763459281814,0.03204779534800304,0.02961941900207486,0.004102125332312146,-0.010922837688137283,-0.0018998199016587634,0.011086825461787108,2.969384425781816
4.900950475237619,0.0024229839642187466,0.03204779534800304,0.029624811383784293,0.004098458702133364,-0.010891517030501738,-0.0019892659697846775,0.011071690129526421,2.960940257239484
4.903426713356678,0.0024176399241057564,0.03204779534800304,0.029630155423897284,0.0040947730996179574,-0.010859632286123905,-0.0020784824150153246,0.011056749184970809,2.952484382287661
4.905902951475738,0.0024123444063787677,0.03204779534800304,0.029635450941624272,0.004091068872919762,-0.010827186675374616,-0.002167463486676198,0.011042004766775106,2.944017162182291
4.908379189594798,0.002407097573425082,0.03204779534800304,0.029640697774577958,0.004087346362345414,-0.010794183437219029,-0.0022562034577384973,0.011027458914865416,2.9355389643361116
4.910855427713857,0.00240189956921057,0.03204779534800304,0.02964589577879247,0.004083605900287664,-0.010760625828670715,-0.0023446966253785227,0.011013113569273529,2.927050162088788
4.913331665832917,0.0023967505192704075,0.03204779534800304,0.029651044828732633,0.004079847811164665,-0.010726517124248415,-0.0024329373115254266,0.010998970569039953,2.918551134470105
4.915807903951976,0.002391650530709711,0.03204779534800304,0.02965614481729333,0.0040760724113653,-0.010691860615435811,-0.002520919863397306,0.010985031651186925,2.9100422659564438
4.918284142071036,0.0023865996922139213,0.03204779534800304,0.02966119565578912,0.004072280009200515,-0.010656659610144361,-0.002608638654026007,0.010971298449762489,2.901523946220733
4.920760380190095,0.0023815980740690135,0.03204779534800304,0.029666197273934027,0.004068470904860656,-0.01062091743217984,-0.002696088082770001,0.010957772494956993,2.892996569876191
4.923236618309155,0.002376645728191313,0.03204779534800304,0.029671149619811727,0.004064645390378804,-0.010584637420712539,-0.00278326257581577,0.010944455212292882,2.8844605362140707
4.925712856428214,0.0023717426881670126,0.03204779534800304,0.029676052659836027,0.004060803749600111,-0.010547822929751734,-0.0028701565866674043,0.01093134792188899,2.8759162489357215
4.928189094547274,0.0023668889693011265,0.03204779534800304,0.029680906378701914,0.0040569462581570605,-0.010510477327624279,-0.0029567645966247246,0.010918451837799962,2.8673641158792242
4.930665332666333,0.0023620845686759748,0.03204779534800304,0.029685710779327065,0.00405307318345071,-0.010472603996458026,-0.0030430811152495946,0.0109057680674319,2.858804548740935
4.933141570785393,0.002357329465218997,0.03204779534800304,0.029690465882784043,0.004049184784637836,-0.01043420633166999,-0.0031291006808205992,0.010893297611034688,2.8502379627922463
4.9356178089044525,0.0023526236197798853,0.03204779534800304,0.029695171728223155,0.0040452813126239775,-0.010395287741459806,-0.003214817860776119,0.010881041361271892,2.8416647765918817
4.938094047023512,0.002347966975216848,0.03204779534800304,0.029699828372786192,0.004041363010062337,-0.01035585164630837,-0.003300227252145976,0.010869000102868467,2.833085411694058
4.940570285142572,0.002343359456492007,0.03204779534800304,0.029704435891511033,0.004037430111358521,-0.010315901478482247,-0.0033853234819713764,0.010857174512336948,2.8245002923528855
4.943046523261631,0.002338800970775781,0.03204779534800304,0.02970899437722726,0.004033482842681063,-0.010275440681544,-0.003470101207713345,0.010845565157782375,2.8159098452233566
4.9455227613806905,0.002334291407560099,0.03204779534800304,0.02971350394044294,0.004029521421977691,-0.010234472709868308,-0.00355455511765004,0.010834172498786016,2.807314499059246
4.94799899949975,0.0023298306387804536,0.03204779534800304,0.029717964709222586,0.004025546058997343,-0.010193001028164764,-0.003638679931262422,0.010822996886368388,2.7987146844083677
4.95047523761881,0.0023254185189465412,0.03204779534800304,0.0297223768290565,0.004021556955317791,-0.010151029111006892,-0.0037224703996089088,0.010812038563031205,2.7901108333054987
4.952951475737869,0.002321054885281504,0.03204779534800304,0.029726740462721536,0.004017554304378928,-0.010108560442368082,-0.003805921305688626,0.010801297662878448,2.7815033789634085
4.9554277138569285,0.0023167395578695092,0.03204779534800304,0.02973105579013353,0.004013538291521586,-0.010065598515164252,-0.0038890274647939305,0.010790774211816236,2.772892755462326
4.957903951975989,0.0023124723398117164,0.03204779534800304,0.029735323008191324,0.004009509094031879,-0.010022146830803776,-0.003971783724851749,0.010780468127831342,2.764279397438291
4.960380190095048,0.002308253017390311,0.03204779534800304,0.02973954233061273,0.004005466881190998,-0.009978208898744637,-0.004054184966754061,0.01077037922134784,2.7556637397707635
4.962856428214107,0.0023040813602406562,0.03204779534800304,0.029743713987762384,0.0040014118143303894,-0.009933788236058986,-0.004136226104677922,0.010760507195661503,2.7470462172698635
4.9653326663331665,0.0022999571215312486,0.03204779534800304,0.02974783822647179,0.003997344046892263,-0.00988888836700538,-0.0042179020863946535,0.010750851647451317,2.738427264363685
4.967808904452227,0.002295880038151541,0.03204779534800304,0.0297519153098515,0.003993263724495376,-0.00984351282260879,-0.004299207893568736,0.010741412067367465,2.72980731478605
4.970285142571286,0.002291849830907293,0.03204779534800304,0.029755945517095747,0.003989170985005999,-0.009797665140248567,-0.004380138542046247,0.010732187840694971,2.721186801265121
4.972761380690345,0.002287866204723446,0.03204779534800304,0.029759929143279594,0.0039850659586140105,-0.009751348863254359,-0.00446068908213349,0.010723178248092166,2.7125661552132216
4.975237618809405,0.0022839288488543247,0.03204779534800304,0.029763866499148715,0.0039809487679140585,-0.009704567540510349,-0.004540854598865287,0.010714382466402958,2.7039458064183295
4.977713856928465,0.0022800374371010103,0.03204779534800304,0.02976775791090203,0.00397681952799169,-0.009657324726067847,-0.00462063021226349,0.010705799569541902,2.6953261827375816
4.980190095047524,0.0022761916280357557,0.03204779534800304,0.029771603719967284,0.0039726783465143765,-0.009609623978766132,-0.00470001107758616,0.01069742852945088,2.6867077097931538
4.982666333166583,0.0022723910652332827,0.03204779534800304,0.029775404282769757,0.003968525323827381,-0.009561468861862068,-0.004778992385566853,0.010689268217126178,2.678090810670963
4.985142571285643,0.0022686353775087896,0.03204779534800304,0.02977915997049425,0.003964360553054349,-0.009512862942668206,-0.0048575693626449114,0.010681317403714604,2.6694759056224915
4.987618809404703,0.0022649241791625682,0.03204779534800304,0.029782871168840472,0.0039601841202025825,-0.009463809792199825,-0.004935737271186369,0.010673574761677344,2.660863411770158
4.990095047523762,0.00226125707023098,0.03204779534800304,0.02978653827777206,0.003955996104272851,-0.00941431298483051,-0.0050134914096962606,0.010666038866019875,2.652253742816517
4.992571285642821,0.002257633636743705,0.03204779534800304,0.029790161711259335,0.0039517965773737205,-0.009364376097956886,-0.005090827113021933,0.010658708195586624,2.643647308757711
4.995047523761881,0.0022540534509870973,0.03204779534800304,0.029793741897015943,0.003947585604840266,-0.009314002711672228,-0.005167739752547907,0.010651581134418567,2.635044515601461
4.997523761880941,0.0022505160717734424,0.03204779534800304,0.029797279276229598,0.0039433632453571045,-0.00926319640844913,-0.0052442247363823895,0.010644655973172164,2.626445765089936
5.0,0.0022470210447159654,0.03204779534800304,0.029800774303287075,0.0039391295510856125,-0.009211960772831145,-0.005320277509535785,0.010637930910597797,2.6178514544278073
