null_delta_chi2,null_best_k
0.010557389141296308,1.1420210105052528
0.009475784359598546,0.05
0.009101463302048418,3.335967983991996
0.002477081820403043,2.555952976488244
0.00872318210094096,4.913331665832917
0.003984619873087465,2.442046023011506
0.0031732659187803033,3.52663831915958
0.003627825329755738,3.5761630815407703
0.015033179867235368,0.05
0.013317740542550083,4.004552276138069
0.019221694211028574,1.7982241120560283
0.008167999640530721,5.0
0.0024369758147200424,0.7383941970985494
0.002156525917010932,2.1523261630815407
0.010471611613367064,2.2909954977488747
0.006352411318851503,0.05
0.0033029178021734967,1.5753626813406705
0.009301108761742602,0.05
0.003763854271931627,3.764357178589295
0.00547034325996755,1.6694597298649327
0.007082555559564115,0.05
0.0020076703306737137,5.0
0.008387091602088566,2.4915707853926965
0.005091246647368965,3.756928464232116
0.00601049868536177,0.05
0.007444911123365705,1.1766883441720861
0.007125629928477442,1.9789894947473738
0.008500828970054781,0.8671585792896449
0.00522875767517688,3.8237868934467234
0.008587848464826325,4.415607803901951
0.004522356069384219,3.4325412706353178
0.0061955802266220675,4.034267133566784
0.014920976633170838,5.0
0.011084871209854824,0.7978239119559781
0.012644021938045244,0.05
0.020065638286325627,0.05
0.01136913575679567,1.5753626813406705
0.013290430170852671,2.4915707853926965
0.006391395594080099,2.751575787893947
0.0061341099405164,5.0
0.0031703482141013373,5.0
0.003291664518966203,4.930665332666333
0.006966964232246992,4.380940470235117
0.005554311776311896,0.05
0.011255813060843112,2.5658579289644825
0.0014145151071247725,3.2913956978489245
0.013868831778403923,0.6121060530265133
0.008763272273049821,3.8931215607803904
0.007385382195437412,0.9860180090045024
0.008613561693968937,3.5340670335167585
0.0015739833385815805,1.3797398699349677
0.0022273687156346422,4.356178089044523
0.006184319240974456,4.977713856928465
0.002727623433956855,0.05
0.01264995251663436,1.4961230615307655
0.010979378089822439,2.2216608304152077
0.005734054144385978,4.623611805902952
0.002323590500989764,1.3698349174587294
0.011204103580934974,4.992571285642821
0.005410617187606097,3.142821410705353
0.006628136425310835,0.05
0.0031734344990576313,4.378464232116058
0.00986034828886119,1.6224112056028015
0.005576562760406252,5.0
0.02078195875814677,0.05
0.01538238060000783,3.1601550775387697
0.0057798595541526665,1.6026013006503252
0.004976346154031655,5.0
0.007537530046277836,1.7709854927463733
0.0185884784740035,0.05
0.002559749489960718,0.05
0.00838451001974827,4.779614807403702
0.0035283107005171094,5.0
0.005189764547389508,2.194422211105553
0.015251407730035374,0.05
0.004234431066043973,1.3079289644822414
0.0019519158501582826,4.279414707353677
0.007781567023493641,4.928189094547274
0.013845890127316622,3.3780640320160082
0.005989671191580524,0.42391195597798903
0.008768636432909357,0.7656328164082042
0.007685016749503629,1.352501250625313
0.00708256451236515,2.635192596298149
0.013707707260334837,2.191945972986493
0.007533330652228956,1.320310155077539
0.005956855135151352,3.9649324662331167
0.009949228538450712,3.7940720360180094
0.007838704355626558,0.5922961480740371
0.009167507175648341,4.395797898949475
0.011190102553382687,0.05
0.005675033576012373,1.867558779389695
0.003966385761307881,5.0
0.007861392022042175,1.0305902951475738
0.004873834033393545,1.4441220610305154
0.01067352523575904,5.0
0.008603366435505952,5.0
0.004942251107714457,3.2765382691345675
0.004340998331764115,3.8237868934467234
0.0021458873013242633,5.0
0.004403357678867209,0.05
0.01607410690418161,4.10855427713857
0.02483939895233473,1.4391695847923964
0.008595607443948328,3.256728364182091
0.003056624416487061,2.808529264632316
0.0008017349092540801,4.925712856428214
0.01123127072609615,2.2909954977488747
0.002268945309520022,4.081315657828915
0.005419171284440097,2.6054777388694346
0.016025012002684455,1.6397448724362182
0.004583829869177589,2.7911955977988994
0.0032943569663732852,2.5881440720360183
0.01330284697057188,2.7862431215607804
0.010902103470254235,0.05
0.010581282313679732,2.714432216108054
0.012459984647304703,0.745822911455728
0.0014574041275687705,2.023561780890445
0.0029695696329654214,2.4098549274637318
0.005132265431590885,5.0
0.004717523706280896,3.605877938969485
0.008763416648243053,5.0
0.005322782804273007,2.5955727863931966
0.010322873564922792,3.5439719859929966
0.0021026244664015536,4.430465232616308
0.009551714028634702,3.922836418209105
0.005487916009011953,2.3380440220110055
0.0073663057592453784,3.536543271635818
0.002064463850692977,1.1568784392196099
0.002847794620002772,2.340520260130065
0.009945516205677338,3.57863931965983
0.007992504714294503,1.52583791895948
0.01344307446931306,4.982666333166583
0.005585504057353002,4.306653326663332
0.010647328874805309,2.7812906453226613
0.014608038353099005,0.05
0.011894799226260931,3.147773886943472
0.007200138563292421,2.724337168584292
0.00214737236585405,3.2443471735867937
0.0059963939508766995,0.05
0.005498242448961743,1.4317408704352177
0.018630496342629962,0.05
0.008276161675392246,0.37933966983491746
0.008733509625279676,2.4024262131065535
0.019380776633685717,0.05
0.0003923457171715605,5.0
0.0029553514589486934,5.0
0.007842065191639158,4.789519759879941
0.007360564499250329,1.9245122561280643
0.006976193181904566,0.05
0.008175460979702662,0.6814407203601802
0.009264343219419317,1.0627813906953478
0.00196059889318706,1.1469734867433719
0.010881707930771728,5.0
0.008786427684468807,0.05
0.00927756765031408,3.8955977988994497
0.0058590785248647664,3.586068034017009
0.004963215775183341,3.0759629814907457
0.0017662534454871148,5.0
0.008179729366498856,3.7915957978989496
0.0029451479874025993,2.7490995497748876
0.007059814971154071,4.839044522261131
0.00707807286903174,0.05
0.009966958402364598,3.84112056028014
0.004397758111006546,1.610030015007504
0.004342993413993426,5.0
0.006019747411305829,5.0
0.0016296255797015324,2.087943971985993
0.00951447441084162,3.5489244622311156
0.003368497838630989,2.9174837418709356
0.004994309672046338,0.6913456728364183
0.010903271089621358,1.746223111555778
0.015958814829583286,4.544372186093047
0.005100693091591807,2.7738619309654826
0.004034831659239402,3.7148324162081043
0.0058371232124924816,2.476713356678339
0.010458578047640922,0.05
0.007130655329063859,2.8654827413706854
0.0073597312711646615,0.05
0.009039553596730497,1.409454727363682
0.012912796424982713,0.05
0.007320353565294743,1.4441220610305154
0.01710240703178271,4.118459229614808
0.01476363965897199,5.0
0.004112708807940471,4.715232616308154
0.004898929641804599,1.36735867933967
0.005046179949511481,0.05
0.0019307632061345836,5.0
0.011913339998784522,1.0008754377188596
0.013040709960737099,4.004552276138069
0.005518361177858658,1.4738369184592297
0.012086487984105235,3.2443471735867937
0.0065838621762591,1.8601300650325165
0.0070045894293254,4.078839419709855
0.01392823683278261,0.05
0.004925420904693001,1.9789894947473738
0.0025331246177909827,3.7990245122561284
0.0027350935988585123,2.2216608304152077
0.00582106926152183,1.5506003001500752
0.00257764368503198,4.2249374687343675
0.013474773157981831,3.905502751375688
0.008459221992238725,2.645097548774387
0.011045948980163423,1.2088794397198601
0.010235898337914308,4.57903951975988
0.00708979037535698,1.4812656328164084
0.009127872821604752,5.0
0.015779779297309518,0.05
0.00425955424476257,4.115982991495748
0.003528077178222483,3.3830165082541273
0.013361472044624366,0.05
0.004103939127650613,0.05
0.018436367627081757,3.905502751375688
0.005409621399354622,5.0
0.00801686294384013,1.0999249624812408
0.007819024328501449,5.0
0.0049584313942330205,2.3009004502251127
0.003379880945881056,5.0
0.0038593701294988847,4.046648324162081
0.005055985869479501,5.0
0.0028171491016567296,3.3557778889444725
0.0018832618044014038,3.9698849424712357
0.010944389850544786,2.273661830915458
0.010035759052490711,5.0
0.006232417614391833,1.404502251125563
0.004250143892230024,0.05
0.005832510089965534,2.9298649324662334
0.009033086771229035,4.938094047023512
0.007227383944089803,4.772186093046524
0.01670460459704655,2.5881440720360183
0.017260523796007787,3.1750125062531267
0.031713404134469894,0.05
0.003631445185700015,2.4866183091545775
0.002715487785975648,1.446598299149575
0.005672238721160905,1.7610805402701353
0.003433757785065203,4.1456978489244625
0.007468963069539786,1.3376438219109557
0.010268265801380821,0.05
0.011461090490880108,3.8807403701850927
0.002836056528490699,0.05
0.0028001298651762208,2.8605302651325664
0.0013393184350871598,5.0
0.007192105329480475,3.774262131065533
0.01283212668986957,2.657478739369685
0.007502521336551257,3.3755877938969485
0.011065480148952277,4.868759379689846
0.017021977652354095,4.432941470735368
0.008160460551410662,1.3599299649824914
0.00925262136303543,1.5010755377688847
0.004455048522832246,2.107753876938469
0.010600591162487752,0.05
0.003362415695798912,3.3013006503251625
0.002333055195491117,1.5134567283641822
0.009160958221149165,3.4820660330165083
0.00765198745983213,3.952551275637819
0.013099720018684376,0.05
0.006662966362671607,4.408179089544773
0.008166548875183546,0.05
0.014569135330093852,1.0380190095047526
0.016807378462907294,0.05
0.007123365860724831,2.3974737368684345
0.012064891936264088,4.514657328664333
0.007355021649385632,4.663231615807904
0.006910379364615027,3.2913956978489245
0.010340521159618032,3.410255127563782
0.004348890361738925,1.3970735367683844
0.008320203186949239,1.9393696848424213
0.006714748784409197,3.2171085542771385
0.010950230330635122,3.8015007503751876
0.00470408576095116,0.05
0.0024278252331864647,2.9075787893946976
0.0015766670540884736,3.7197848924462233
0.009131150920118195,0.05
0.01302831765858005,1.2014507253626814
0.008310872614097707,0.05
0.011592845970862076,4.749899949974988
0.009346536337935002,0.5576288144072037
0.01246595520445544,3.26168084042021
0.010427289125115875,1.7957478739369688
0.005359415142830545,5.0
0.011412615124822834,2.3182341170585294
0.009531727487489067,4.046648324162081
0.0020358788803152214,2.6228114057028513
0.01743074132292887,2.3949974987493747
0.0071542247848333865,2.3058529264632317
0.003982852816648674,5.0
0.008682591468383086,3.7173086543271636
0.007417921850275747,4.239794897448725
0.0013394531124515385,3.873311655827914
0.00984751505298323,4.42056028014007
0.004081496706054635,1.5926963481740872
0.010609069547886749,3.4176838419209608
0.013092782518716845,1.5506003001500752
0.0007527558920483873,0.05
0.003963942632233194,3.699974987493747
0.002160936735031427,1.4292646323161582
0.009149725243976198,2.7490995497748876
0.01108044152965472,3.3235867933966983
0.014568968592678505,2.9323411705852926
0.013467923940505298,2.3231865932966485
0.0029505059584996954,5.0
0.004835685095334719,2.5980490245122563
0.011827846518778322,0.05
0.011655890152928464,0.05
0.009878603921399026,5.0
0.0031264884247466096,3.8955977988994497
0.010655199760996922,3.2443471735867937
0.002739435659762715,0.661630815407704
0.003029360895902486,5.0
0.0030577758240387526,2.097848924462231
0.010343351908857601,2.531190595297649
0.0010845333001032048,1.2881190595297651
0.005766846101819753,0.05
0.011195180362721116,2.2216608304152077
0.0038585280190148244,4.0763631815907955
0.003011563501251993,3.504352176088044
0.007550587099437608,0.05
0.012751587589793674,2.199374687343672
0.012741276293968366,2.4296648324162082
0.00681589582141405,1.1816408204102054
0.007419678527112193,1.7115557778889448
0.006633000486320706,1.1494497248624314
0.020116134482711198,2.555952976488244
0.015001209633944412,2.3207103551775887
0.009186757282369146,0.05
0.00758012775269877,1.8601300650325165
0.018003370538888404,0.05
0.011645515037280924,0.05
0.015397617294684668,3.4498749374687345
0.007740070285655931,5.0
0.014177264602983977,0.4486743371685843
0.008649665848140135,2.815957978989495
0.009014745294371684,5.0
0.004376626965547997,1.5506003001500752
0.006019657982572882,4.039219609804903
0.006600720303054912,3.620735367683842
0.011070697174201671,3.1799649824912457
0.006523270357482527,4.559229614807404
0.00780213884562838,2.035942971485743
0.006569544883410314,4.289319659829915
0.010516058622528468,3.7395947973986994
0.004861056440298182,3.766833416708354
0.013995060389735331,1.4862181090545274
0.008888584566482956,3.071010505252626
0.008026726098784347,2.3380440220110055
0.010970797244013834,0.23076538269134567
0.011930536839209346,0.05
0.00741524525842354,5.0
0.01969732890268515,1.7685092546273138
0.011511849432328025,1.8378439219609808
0.004959493250883379,0.05
0.012702073153105578,2.273661830915458
0.01186727072366836,4.120935467733867
0.01280837275308367,0.05
0.01420212107961695,4.3041770885442725
0.0033825901398818886,2.7812906453226613
0.00551585445592398,2.536143071535768
0.0027322239317528474,1.5332666333166585
0.013557529129614165,5.0
0.012533256258792813,1.451550775387694
0.002644818524114634,1.478789394697349
0.01175122047250865,1.488694347173587
0.012201411310013746,3.2121560780390195
0.006216328459606409,0.05
0.009281068394558584,2.271185592796398
0.008577305032917149,2.2687093546773385
0.002637621571099452,5.0
0.005918116498834669,4.118459229614808
0.01399496404787113,4.296748374187094
0.005609791248025048,0.05
0.015073892823378156,3.5340670335167585
0.005739226275374397,3.2715857928964485
0.01700772155617182,2.729289644822411
0.020166188597062512,3.994647323661831
0.008305804829451119,2.8803401700850424
0.008164323559202297,5.0
0.010816864263962347,1.825462731365683
0.004882761470402466,0.05
0.016649991180688578,5.0
0.008979056220326548,5.0
0.004375954830414502,3.4077788894447223
0.0033773178282132804,4.779614807403702
0.006185966146776349,1.6595547773886945
0.0039462743776698395,4.271985992996498
0.006515441943401298,4.635992996498249
0.0032872033488074576,3.821310655327664
0.0038405212129063865,3.6554027013506754
0.01085030652466469,3.9475987993997
0.0018047242776807193,1.310405202601301
0.014644368941195259,0.9265882941470737
0.003068845842863703,2.0607053526763384
0.0035449016978969794,2.8803401700850424
0.003181908487158505,0.05
0.003001626484495798,2.897673836918459
0.005316909010940701,3.3805402701350675
0.0028032294483513326,2.1795647823911954
0.006038566401785725,3.130440220110055
0.013824939255189503,1.1865932966483244
0.008829079756244224,5.0
0.007894889871573538,1.9170835417708856
0.006537554828784431,5.0
0.013553125122539159,2.4791895947973988
0.008550666961708892,3.489494747373687
0.019055643140047943,4.289319659829915
0.011835973316319887,4.271985992996498
0.025708799281026276,1.4763131565782894
0.015815423017954716,3.0858679339669837
0.01106622563150457,4.343796898449225
0.015089090342356878,1.909654827413707
0.0038027812203440883,4.801900950475238
0.003475428772604691,2.021085542771386
0.00850805458605515,4.021885942971486
0.0037724950809099322,5.0
0.012306215734137899,2.082991495747874
0.014086413358103428,0.7978239119559781
0.008295144861197638,1.3425962981490747
0.00467883309658515,4.804377188594297
0.008409766093301019,1.2361180590295149
0.011524636102374822,3.586068034017009
0.0018069604164835246,1.1989744872436219
0.006068846584615872,1.478789394697349
0.006151304612037167,3.3483491745872938
0.007700630874654266,2.3182341170585294
0.007958900326679702,4.78704352176088
0.006351156890534365,1.5654577288644325
0.002079739781576037,1.2633566783391696
0.012612327191281983,1.1890695347673839
0.0074543617125426564,3.657878939469735
0.019069080982689376,0.05
0.01234116651853575,3.4176838419209608
0.004915330735661375,2.9595797898949474
0.004172896175642253,4.653326663331666
0.004525858023578834,0.05
0.0107776991716243,0.05
0.006111426427387462,4.791995997999
0.002607678413174108,2.4296648324162082
0.0011791351907026043,0.05
0.010009676544428026,1.9864182091045526
0.008006827551988914,3.7148324162081043
0.0036906033533376653,0.28771885942971487
0.008351692671814945,4.68551775887944
0.013482871327684623,0.7705852926463232
0.009411586306639033,3.595972986493247
0.005355065195797815,5.0
0.023943989398133893,2.78871935967984
0.0170297842899466,2.8531015507753876
0.022899163663774848,3.652926463231616
0.006795658947777686,4.202651325662831
0.008981914994419374,3.3285392696348177
0.004744325738703606,2.6772886443221613
0.006301842128137121,1.5109804902451227
0.004849647246974627,5.0
0.009065087860088847,2.9249124562281144
0.015911916297164264,3.9872186093046524
0.007516223424477046,1.3797398699349677
0.0036113933612597487,3.056153076538269
0.0004851337006956391,3.816358179089545
0.012994565871604753,0.05
0.0064686887286755645,5.0
0.00822583666324811,1.1766883441720861
0.0007421965057997013,3.5192096048024015
0.00556837004059621,1.877463731865933
0.01829973978119699,4.128364182091046
0.004419717057965664,2.915007503751876
0.0017869102460272013,0.05
0.010418544811095755,3.754452226113057
0.00955401154051682,0.05
0.007005032039503992,1.0281140570285143
0.01211952959380383,3.3755877938969485
0.004303708202827446,1.8650825412706356
0.007529325882784169,1.899749874937469
0.010271382250773009,0.05
0.012702195717517392,2.003751875937969
0.0014419891606245391,0.5328664332166083
0.008756938465287453,1.899749874937469
0.005467390127926214,3.425112556278139
0.00383896110754061,0.877063531765883
0.011639447628374502,4.9554277138569285
0.0032894024441786074,5.0
0.006308471580826806,1.4342171085542774
0.008205032268540677,5.0
0.009281317410309714,4.276938469234618
0.007960208541782268,2.546048024012006
0.006859433219599288,1.2856428214107054
0.005654203786902595,1.1544022011005504
0.0025859140522246638,5.0
0.009747395050469794,5.0
0.018553968491992562,1.2905952976488246
0.005175721512172271,4.801900950475238
0.009561316256620309,4.650850425212607
0.01116685315585525,5.0
0.010727986669603166,0.05
0.0059183663479227475,4.905902951475738
0.008144338835182618,2.6054777388694346
0.00489133758471437,3.4176838419209608
0.006808213760776775,0.05
0.004271936873762372,3.831215607803902
0.00583793748014904,1.087543771885943
0.007081520590480256,1.6372686343171587
0.0032152356606628685,5.0
0.0057119416100876175,0.05
0.003528822725953243,0.05
0.007388461284733194,5.0
0.0035404162105246856,5.0
0.0033735637082591974,3.915407703851926
0.009156379759723707,0.05
0.005712684115126529,5.0
0.0067547921311403025,3.2492996498249127
0.004106827592697024,2.293471735867934
0.0036449304135770452,3.2913956978489245
0.0022734109006262437,1.5481240620310157
0.0038342813698255956,3.5563531765882943
0.002409369683571465,2.798624312156078
0.002681381780797132,3.9599799899949977
0.005683396974967704,1.689269634817409
0.0004930891695100331,4.242271135567784
0.008929880681324026,3.1799649824912457
0.018918740523893383,3.3557778889444725
0.0009583999264892867,3.430065032516258
0.007857968668443613,0.05
0.009905922140595567,2.5633816908454228
0.014602358277644181,1.825462731365683
0.010022446719842926,3.588544272136068
0.0062416116206520655,3.704927463731866
0.0026030109569229326,1.1519259629814909
0.010788477037620918,3.0908204102051027
0.009600512196662775,4.759804902451226
0.00992579314788429,0.05
0.012151680080736443,3.2171085542771385
0.009406416167493048,0.05
0.0050307349143568075,4.665707853926964
0.005427347481097938,2.6723361680840423
0.012732891628821921,2.967008504252126
0.0021647348305859487,0.05
0.013816354701713045,1.8972736368184093
0.013764893959388354,1.961655827913957
0.0023356861829286757,2.4123311655827915
0.020772071926271223,2.3603301650825412
0.0027911223266368496,1.36735867933967
0.009648632357774287,2.2588044022011005
0.00721209027801558,1.8477488744372188
0.0057788009403107465,1.6001250625312657
0.00398957951118592,2.5633816908454228
0.004525299030662823,0.8671585792896449
0.007819522090580261,2.1795647823911954
0.005835593563898768,2.915007503751876
0.003030799717458274,3.140345172586293
0.007382088732139747,2.0730865432716357
0.002056285834679955,1.951750875437719
0.00358090800015598,4.57903951975988
0.009323140514936858,4.658279139569785
0.014963311293441854,0.05
0.013552375706797563,3.4820660330165083
0.006809588742603449,2.4915707853926965
0.0030684302202037966,3.984742371185593
0.013558478726519364,5.0
0.004172874980184371,4.62856428214107
0.004222239815814058,5.0
0.006181906593097947,1.2658329164582294
0.006222271379247052,0.05
0.004908618111529234,0.05
0.004047284816941908,5.0
0.006640992286021871,4.398274137068534
0.004521514686747219,0.05
0.003549227252332657,5.0
0.004100835039654985,5.0
0.01515634523771247,4.816758379189595
0.006251095042970098,3.7098799399699853
0.014651847566441369,5.0
0.009455722117138549,1.3401200600300152
0.0031973207450605584,1.8031765882941473
0.007240136317354692,0.05
0.0019337029509528536,2.087943971985993
0.004500216121351042,4.3041770885442725
0.006420010183514929,1.4738369184592297
0.013426660067541299,2.6228114057028513
0.011902703109036128,1.614982491245623
0.007776996946180809,3.6281640820410206
0.006704070715365412,1.647173586793397
0.01300216105724989,3.514257128564282
0.012787039809453157,4.163031515757879
0.008033487678051197,4.353701850925463
0.00835842256079082,1.4664082041020512
0.016809278358046825,0.05
0.017656791562225556,0.05
0.013773409882016516,4.311605802901451
0.0036978016746783,5.0
0.007768294073500603,0.05
0.00706846636104734,3.6925462731365686
0.01836410872979781,0.708679339669835
0.004688569129946682,3.5192096048024015
0.0013765519995536796,3.848549274637319
0.00958798646506992,0.05
0.008733291984532182,4.910855427713857
0.0031165389473427757,2.271185592796398
0.01005626594889026,4.467608804402201
0.009770355191616564,3.600925462731366
0.010338234808425703,4.351225612806403
0.006374367485851587,4.125887943971986
0.017163735026718627,3.6182591295647826
0.008526151510287787,3.704927463731866
0.007427356317165637,4.190270135067534
0.01745375046324934,2.357853926963482
0.00467080770819249,2.172136068034017
0.003940593725617975,2.778814407203602
0.009951149629360556,0.05
0.00831586926262063,4.789519759879941
0.007846434820204376,2.4222361180590295
0.007158848202277461,1.4391695847923964
0.003225099700932779,1.1321160580290146
0.004046093744436943,3.331015507753877
0.005616375112301508,0.05
0.016087713374037305,0.05
0.003696784258776828,1.7709854927463733
0.0037626352557860038,3.922836418209105
0.017211290789595726,5.0
0.00704499596360289,1.562981490745373
0.005449973205542871,2.994247123561781
0.019167609747241937,1.9319409704852428
0.015147171348564317,0.05
0.004980717809479063,4.707803901950975
0.011167283282594566,1.9344172086043023
0.011967232219099448,3.863406703351676
0.01026588265369608,3.4077788894447223
0.010254431370663918,4.460180090045022
0.011133301240120241,1.825462731365683
0.004032659889426457,5.0
0.005612165884198134,4.2546523261630815
0.007211027693614522,2.625287643821911
0.01259905615256933,2.808529264632316
0.011314779208327838,5.0
0.005276318765617988,3.6405452726363183
0.0038472207807666164,2.7391945972986496
0.016295845127951056,0.05
0.004615772462979215,3.199774887443722
0.00766246015305775,2.719384692346173
0.006171626887550151,2.026038019009505
0.0032356226590987275,2.283566783391696
0.008365548869354172,2.097848924462231
0.0023396319647241703,2.3207103551775887
0.01956874097402478,2.3603301650825412
0.007522548028432108,3.5439719859929966
0.0077544791935949126,1.4144072036018012
0.00667638582768864,0.05
0.014025917294334403,3.4771135567783893
0.004652729902968951,3.9599799899949977
0.010445469154389472,1.5803151575787895
0.009992483476665148,1.3846923461730867
0.0018435419840427333,2.1523261630815407
0.008370316482039147,3.058629314657329
0.007514448589525491,2.6550025012506255
0.015509378770371743,0.05
0.0037490055955251567,5.0
0.008858739661172635,5.0
0.0029954310389816163,2.461855927963982
0.0038938128088124094,2.4816658329164585
0.004871005531096657,5.0
0.017505729450162183,0.05
0.0004935401123114525,3.3508254127063535
0.014960891094740518,2.6599549774887445
0.004612898611620696,3.9079789894947474
0.0026485825645821554,2.724337168584292
0.006014724277271184,1.857653826913457
0.004575024433666905,1.619934967483742
0.005188187401157368,3.751975987993997
0.004324822733538257,5.0
0.009555863444855248,1.1915457728864434
0.0029054310989801158,2.013656828414207
0.00794465862673377,4.395797898949475
0.010365511833981232,5.0
0.005468216582040129,1.773461730865433
0.0029458357683205677,3.5018759379689848
0.004036978135427291,2.139944972486243
0.0009374448964451776,2.107753876938469
0.006229558942046423,3.246823411705853
0.005485294843944284,1.3302151075537771
0.004175429792338092,3.0338669334667334
0.005226427069272552,2.4643321660830417
0.004120530988772589,3.494447223611806
0.01778525573975008,0.05
0.010340424389037345,0.05
0.00355100823019687,3.586068034017009
0.013100038709479303,3.05367683841921
0.007811400990393597,1.652126063031516
0.004135457241590534,1.2163081540770386
0.0060230460011731005,0.05
0.007958829250176748,0.05
0.0061541060002185954,3.147773886943472
0.006767034305180095,0.05
0.003842415408568986,5.0
0.0176543780126283,4.061505752876438
0.002902724810124671,2.5534767383691848
0.010458001792278362,1.614982491245623
0.005275347727187442,3.8609304652326166
0.011369426821101009,4.943046523261631
0.012584134897615618,0.9983991995998001
0.007659410773240984,0.49572286143071537
0.008812485721384433,3.2542521260630317
0.002954566637635811,0.05
0.012302812287500658,5.0
0.006762928782427874,4.777138569284642
0.005874574114324967,1.8848924462231118
0.006195445276242766,1.446598299149575
0.015265375723636163,2.8654827413706854
0.006081433617802681,2.57823911955978
0.0029541194013073396,5.0
0.01696476310062678,2.3553776888444222
0.007224467832284635,3.7074037018509256
0.008371578948895758,0.05
0.01827864401666455,0.40905452726363184
0.01648438251025304,2.3702351175587792
0.004261157502202552,2.6079539769884943
0.009063938678213423,0.05
0.016279787741190474,3.5489244622311156
0.01064227495022943,2.560905452726363
0.002040000684628257,4.588944472236118
0.003500724006400807,1.2311655827913959
0.011406380325192464,0.05
0.0027445974961328584,5.0
0.006036948326899237,5.0
0.00681004232688702,3.8138819409704854
0.0067324095690335095,5.0
0.005086564118689421,0.05
0.020016450164019595,2.362806403201601
0.007636418065591094,3.8138819409704854
0.0023064955675220628,4.5418959479739875
0.003274342208896157,2.4816658329164585
0.01668494164119806,2.2315657828914457
0.013028712070814658,0.7111555777888946
0.003352765432255135,0.05
0.006744478346682153,1.3896448224112057
0.002593622627906675,3.222061030515258
0.009736359119962297,5.0
0.007802363052680089,4.923236618309155
0.001291850163694555,2.8506253126563283
0.002525000087146956,3.058629314657329
0.00882596913901365,2.0508004002001
0.004184579951635681,1.5530765382691347
0.005748522084128668,5.0
0.0056998692725110656,1.0702101050525263
0.010399382651782037,0.05
0.003557144545690949,3.6281640820410206
0.004434586582476592,0.46600800400200104
0.011184834389085782,5.0
0.009528944083278326,5.0
0.010581416194341359,3.9872186093046524
0.010768001741028502,0.05
0.015637484496573754,1.0801150575287646
0.013896755354022773,3.610830415207604
0.008371923899171282,3.5761630815407703
0.021575937396900835,3.6504502251125563
0.002252034064655739,0.05
0.00721952805803374,1.2509754877438721
0.013165943573666752,1.8056528264132068
0.013696866209225167,1.835367683841921
0.023154110372468763,4.868759379689846
0.00962306247702576,3.1799649824912457
0.0037756978995885926,1.0206853426713358
0.00234623867101693,2.204327163581791
0.011534734218530823,0.05
0.002788566479986765,1.6793646823411708
0.0017779540628149737,2.003751875937969
0.011358353969263199,2.3429964982491245
0.004217983716391996,4.26703351675838
0.0020409476564725304,5.0
0.008104589689137583,3.7816908454227116
0.007972597529902689,4.8662831415707855
0.005958210568699676,5.0
0.011860806763311263,1.0182091045522763
0.01776829658104876,2.4841420710355178
0.00762579051797195,3.05120060030015
0.005264644684272443,4.670660330165083
0.009179146373099974,0.05
0.0075087577423611634,5.0
0.008756460645908543,3.4696848424212106
0.01292581804532162,1.9864182091045526
0.007099468241359513,4.606278139069535
0.005242775850872933,2.26128064032016
0.0174444356409197,0.05
0.009340368198713533,2.3380440220110055
0.005418372278334221,3.9971235617808905
0.012009167815776711,2.645097548774387
0.0016027569574594627,1.8106053026513258
0.00294500842264199,1.562981490745373
0.006043982345978846,1.310405202601301
0.006443615566895142,1.0528764382191096
0.00455754308623476,1.362406203101551
0.004023551515561802,1.6744122061030517
0.009694208579541765,3.256728364182091
0.00422138080559465,2.3479489744872435
0.0022211871728878146,5.0
0.009171464956399061,2.055752876438219
0.004266101445902962,0.05
0.004535119409822944,2.0953726863431714
0.010414382421021641,0.05
0.013979165112518406,0.05
0.0044248629573486326,4.098649324662332
0.009846410060155089,5.0
0.006288373548355833,1.9071785892946476
0.009323179139268695,4.4032266133066535
0.003702333535668574,4.10360180090045
0.010096088364647801,2.2216608304152077
0.006750523399404858,0.381815907953977
0.007923479181486115,0.834967483741871
0.003707337028408371,3.3731115557778892
0.0023247970534731183,2.003751875937969
0.007054803312287861,1.8551775887943973
0.0034607765170741045,3.1898699349674837
0.005801489519568187,1.493646823411706
0.009361621795842164,3.1007253626813407
0.005504450477645612,5.0
0.0028663630008753105,4.982666333166583
0.008984195990774074,3.925312656328164
0.014714028948027397,3.494447223611806
0.005539639060517035,0.05
0.00429532561587101,2.1275637818909456
0.0060311256362387405,1.6843171585792898
0.005518771363110603,0.05
0.022030272662749942,0.3545772886443222
0.00223732866049816,5.0
0.006929051807973888,2.4123311655827915
0.008852318159918354,1.283166583291646
0.007875256144516118,1.909654827413707
0.013691004124463058,0.8151575787893948
0.005524776580344545,3.751975987993997
0.007228582340005708,2.298424212106053
0.0020301317908838143,3.647973986993497
0.006484671360087145,1.8527013506753378
0.011499272701107767,1.4639319659829917
0.018995801348840977,1.7685092546273138
0.006232502317533986,1.610030015007504
0.009587918119309452,3.605877938969485
0.0061793696445593405,5.0
0.007416785886389096,4.742471235617809
0.0033122453865508245,2.531190595297649
0.002238422379202895,3.0437718859429714
0.0011291195976118953,3.6974987493746876
0.011972195623668067,5.0
0.0027650590820963786,4.408179089544773
0.0112551217578499,0.6096298149074538
0.010082698030614318,0.05
0.006563002808815575,3.437493746873437
0.005245813841826798,2.8555777888944474
0.0028232335394084776,3.3978739369684843
0.00655613945652872,3.246823411705853
0.006192950910040268,5.0
0.003176941261764446,2.798624312156078
0.024863383053112545,1.1692596298149076
0.008494081201314382,3.3557778889444725
0.012916203704883118,4.509704852426213
0.008768888564422248,3.521685842921461
0.008782331869371732,2.783766883441721
0.013395929255224495,5.0
0.00991863028423702,0.40905452726363184
0.0058702483887604975,5.0
0.004639909735579706,1.7189844922461233
0.021762321498014187,2.5336668334167083
0.0029225924300139983,4.299224612306153
0.0058894537350259665,3.031390695347674
0.0046865802080443275,4.9554277138569285
0.008108913949171292,4.5319909954977495
0.008512337808231782,0.05
0.001953534491095643,0.05
0.00764543186618994,4.730090045022512
0.003868222729487815,2.9546273136568284
0.0051076765499354915,4.764757378689345
0.0011589371195291631,5.0
0.012053347451637345,1.835367683841921
0.0013898428082126796,1.5926963481740872
0.0037046518721664465,3.942646323161581
0.006832495063186603,1.7066033016508255
0.006443583988591461,5.0
0.0048345790730664195,3.2790145072536268
0.010419501770938318,0.8201100550275139
0.008282386790975114,1.3425962981490747
0.0019635051080822558,4.536943471735868
0.0023889478799802993,4.925712856428214
0.002784400322338801,1.8180340170085045
0.003112660068735812,2.191945972986493
0.0032581274577704322,2.647573786893447
0.010655059075078632,0.7606803401700851
0.005272791308329958,4.836568284142071
0.003421027990381728,3.331015507753877
0.00507042503518787,2.4321410705352675
0.008275388334546108,4.645897948974487
0.009870664609897328,1.6694597298649327
0.00540238439970224,5.0
0.009869335464098315,3.2443471735867937
0.0038052227621686516,3.4176838419209608
0.007750629172371057,5.0
0.006028612996660451,0.05
0.00848549448729484,4.487418709354677
0.007958016180881738,4.554277138569285
0.0051150380889029845,1.7808904452226115
0.005851723910313439,0.05
0.0016753500888792155,3.695022511255628
0.005564641148746802,1.9467983991996
0.008646654620288477,0.4437218609304653
0.005738575056533642,1.4391695847923964
0.009376146210458687,1.9393696848424213
0.018695605530239537,0.05
0.001291710864469102,4.101125562781391
0.010537387316802899,0.05
0.00705038676540809,3.3929214607303653
0.0018933427438376504,5.0
0.004006825147283413,4.621135567783893
0.017699467023633952,1.446598299149575
0.003782701922385029,5.0
0.002772160557922669,3.6355927963981993
0.0022448852532082827,0.05
0.006203435375131731,5.0
0.012846202306188395,1.013256628314157
0.006291148507299102,4.306653326663332
0.012073098706763916,0.503151575787894
0.012690217588525121,3.9475987993997
0.004656886539673805,0.5353426713356679
0.006430844784890186,2.729289644822411
0.005830405857461474,4.710280140070036
0.006080923577158032,0.8225862931465734
0.0032432990407016485,4.00207603801901
0.006664021834069944,5.0
0.007877848176847155,3.868359179589795
0.01776908498831973,4.9554277138569285
0.01016344460742577,3.3508254127063535
0.005051554363987659,3.6034017008504255
0.0028125463852361338,2.7961480740370184
0.0076012989685671495,5.0
0.014303287728417734,0.3842921460730365
0.011474634098481498,2.7070035017508753
0.013935468100197801,4.427988994497249
0.014297681073176118,5.0
0.008327026492313955,2.3058529264632317
0.011545395655747942,4.197698849424713
0.008217225635263573,1.2113556778389196
0.016131266254534066,5.0
0.013241178631624897,1.983941970985493
0.004468627672165167,4.846473236618309
0.015460516138235236,3.7148324162081043
0.006927736387587126,1.9963231615807906
0.0059409336223804,0.05
0.006886464306973733,3.5489244622311156
0.00889834148037455,3.0190095047523764
0.0035330577455367773,1.7982241120560283
0.013263744845009175,3.766833416708354
0.01784329600548317,0.49572286143071537
0.003683682271835735,3.8089294647323664
0.007457994170391349,5.0
0.0073859394626067595,5.0
0.009732192262863051,4.447798899449725
0.007909535536548884,1.0107803901950976
0.005612357970106167,4.626088044022011
0.005469343716947794,1.4119309654827414
0.005125315209718817,2.0854677338669334
0.010064876297715332,4.101125562781391
0.02112443604121917,2.573286643321661
0.00647002204191463,1.899749874937469
0.011139649522018957,1.6174587293646825
0.01314115942747679,3.4696848424212106
0.010832420622785513,4.888569284642322
0.012160907887687394,3.137868934467234
0.0026668169691087193,4.517133566783392
0.003896968716714966,5.0
0.005245103334102982,2.2340420210105054
0.006855794427184855,4.336368184092046
0.013273205873035522,1.7808904452226115
0.003340095540077165,4.804377188594297
0.008443862557541149,4.995047523761881
0.007192491505861626,0.05
0.008079882891301543,2.4024262131065535
0.0016075510055164124,4.182841420710355
0.008850534268995888,2.863006503251626
0.006141197940197102,5.0
0.01306680895073823,3.927788894447224
0.005842954483346714,3.068534267133567
0.016288458138573325,1.1222111055527766
0.00976354639901239,0.05
0.01828937730991171,1.2534517258629316
0.011111697496952795,2.1548024012006004
0.016538307398864097,4.519609804902451
0.010705013213024958,2.184517258629315
0.004389131640437846,3.6133066533266636
0.009778356346800014,4.839044522261131
0.006246775927002658,1.5406953476738372
0.0013510586167656824,4.84152076038019
0.013259709331778287,3.915407703851926
0.0025224960293679308,0.05
0.012742271629214347,3.764357178589295
0.013313994120942363,4.665707853926964
0.008355482735253009,3.7990245122561284
0.012097219648795232,1.3425962981490747
0.016370493378143974,4.4725612806403205
0.012739240668248976,0.8968734367183593
0.00504708008378614,1.5456478239119562
0.005539001056619738,3.1180590295147574
0.003680548145059498,0.05
0.005519703438085208,3.9129314657328664
0.009943160039784182,1.3970735367683844
0.01865108679456645,0.05
0.011497788483397248,0.05
0.005867971360109012,5.0
0.004572534071742157,5.0
0.009944387145456667,4.551800900450226
0.0058329083529698456,4.128364182091046
0.0065669932964418365,3.9748374187093547
0.008094202216360542,0.9959229614807406
0.01219589374916049,0.05
0.008186578359125216,0.9538269134567285
0.0043538764944408,1.8328914457228616
0.008849372872768789,3.0091045522761384
0.013836412467390959,1.1717358679339671
0.0025987346791864763,1.7016508254127065
0.0021830915530241524,5.0
0.008136303232684772,3.868359179589795
0.003625846308261342,5.0
0.004341238451291238,3.910455227613807
0.004163671075423758,0.05
0.009695912989599889,0.05
0.0073618233556053125,2.625287643821911
0.0037002975066309646,4.940570285142572
0.010647495180227895,2.4247123561780892
0.008918360222824648,0.05
0.001340522109383853,5.0
0.012818738754849422,3.5489244622311156
0.001609928256821186,4.611230615307654
0.002795804447544785,3.4176838419209608
0.014031902060344874,0.05
0.011226055782214736,4.89352176088044
0.004342607722526232,5.0
0.01030075550101131,2.9298649324662334
0.0073525888601834455,2.6079539769884943
0.006201672274241232,3.3978739369684843
0.004514032388078432,0.05
0.00968022265549938,0.05
0.009816402472579602,2.377663831915958
0.008783914308641012,1.5827913956978492
0.008729514250961898,5.0
0.005779314931640911,5.0
0.014825332720758713,4.036743371685843
0.0018212218683977613,4.3041770885442725
0.004556888319554593,3.2492996498249127
0.003642132073998036,3.150250125062531
0.00919714590792986,3.4127313656828417
0.011503523163900645,3.4696848424212106
0.007470405483493911,0.6888694347173587
0.006771575479386054,1.919559779889945
0.008913108306507773,5.0
0.005569029933929326,2.5138569284642323
0.017281428396242207,5.0
0.01109008753753283,5.0
0.007990727520437876,1.7165082541270638
0.007639638128564788,0.05
0.01547214078780404,3.742071035517759
0.007413069641752375,1.7561280640320163
0.004970704169747597,2.2909954977488747
0.016601680957848974,0.9860180090045024
0.011757055888853882,0.6220110055027515
0.0031351479267129126,2.910055027513757
0.0050433212079122325,4.432941470735368
0.007299953799148821,1.1321160580290146
0.0072172386458132926,0.05
0.008883092531894794,1.4763131565782894
0.004905475099954315,4.0664582291145575
0.012348424752930715,2.4643321660830417
0.0037227968000089207,3.3533016508254128
0.006938479140274047,0.05
0.004164577073753117,3.0115807903951977
0.022782676222987422,4.985142571285643
0.00808681824076822,0.05
0.009069859654596668,5.0
0.003885822339622813,1.4490745372686344
0.00676821147256957,0.05
0.006075455910132366,1.835367683841921
0.010710637329919906,4.970285142571286
0.005952346946996395,5.0
0.004464185721874972,5.0
0.006371880811060826,3.5662581290645323
0.009244020478238323,2.7490995497748876
0.00752798626507914,3.99959979989995
0.010165321855100787,3.643021510755378
0.009879573501467176,0.9018259129564784
0.012289580146710652,1.8947973986993498
0.014324548378880808,3.1700600300150077
0.0013742716808617522,1.1568784392196099
0.011086627849411487,1.1271635817908956
0.02225364126653638,2.7664332166083043
0.008439844354203072,0.05
0.002970106792060799,3.0982491245622814
0.0027510630511457038,2.8184342171085546
0.006316748474123252,3.115582791395698
0.003207846268719061,5.0
0.006647981407294966,1.1841170585292649
0.009866538725955984,4.26208104052026
0.0027579650080582635,1.0603051525762883
0.0032546101623966914,3.6380690345172586
0.0042950056277303306,1.6298399199599802
0.006606914217059785,5.0
0.0077137103462821405,2.8531015507753876
0.01165185799601693,1.9294647323661833
0.013931241506698076,2.2588044022011005
0.005867570884989404,2.1572786393196597
0.0038716013589457365,5.0
0.006414935949583825,5.0
0.0047114451039955985,3.447398699349675
0.007790643875392397,4.2150325162581295
0.013464953243959916,0.05
0.00669700988590502,4.0763631815907955
0.007090053473555388,0.05
0.006148819944350917,3.6454977488744373
0.008702195001278279,0.919159579789895
0.0034962643953672864,5.0
0.005746538923875874,4.720185092546274
0.009385243753435774,3.31615807903952
0.002785965459556519,0.8498249124562283
0.01072141030086253,2.835767883941971
0.006863910856381786,2.6054777388694346
0.006721009687131935,1.3425962981490747
0.01779610179249906,0.05
0.019890587307335922,3.6925462731365686
0.005663795582164663,3.6925462731365686
0.0046878207193149085,4.3140820410205105
0.0029766281473714157,3.6974987493746876
0.0064814446150391475,4.73504252126063
0.008073555152147513,3.340920460230115
0.004746120516599998,5.0
0.005706174633677306,1.8477488744372188
0.006123105394868489,2.134992496248124
0.004699667897138007,0.05
0.01358060031526305,5.0
0.013489824054338732,1.5109804902451227
0.00904730987984561,3.0908204102051027
0.0010183482849732,1.7165082541270638
0.01433646798890268,5.0
0.011414353369251583,2.8233866933466736
0.009807015629835894,3.7767383691845926
0.011964729263774357,2.2959479739869937
0.002389082369905801,4.014457228614307
0.01574120402395146,0.6096298149074538
0.01172728630984591,3.147773886943472
0.012460662521144618,3.821310655327664
0.012977634340782626,1.99879939969985
0.010448234514264958,3.7940720360180094
0.014348263220300299,0.05
0.005308437610284662,3.7074037018509256
0.011314889575229713,0.05
0.0039260029759776716,0.7359179589794899
0.01688950936669425,2.5856678339169585
0.006971616112636067,0.05
0.009417826071510593,4.257128564282142
0.0021644468794562235,1.8898449224612308
0.010143156595212345,1.4763131565782894
0.002859461799960772,1.904702351175588
0.003380795309436503,2.9397698849424714
0.013471434620885084,0.05
0.009172154745512154,5.0
0.009634264061099879,3.3087293646823412
0.006045540506830746,3.588544272136068
0.010492617067246496,5.0
0.009588704966223022,3.3755877938969485
0.007628574757350237,1.3401200600300152
0.011329054235962213,0.05
0.006252591899228714,1.404502251125563
0.005096032290037057,5.0
0.004291090205284516,1.4589794897448727
0.010310018396493592,2.7911955977988994
0.02394412616051919,0.05
0.001774510183380644,3.2790145072536268
0.012144924727087197,2.877863931965983
0.015900825804368524,2.971960980490245
0.001498808518337405,3.761880940470235
0.016078138618538365,4.9554277138569285
0.0019609691563497317,4.744947473736869
0.0063751420949862,4.128364182091046
0.012155879392985167,0.49572286143071537
0.014813701025214294,0.914207103551776
0.007083671942638252,2.4247123561780892
0.004101400047518244,2.023561780890445
0.005283128138415374,0.05
0.018793790361554367,3.425112556278139
0.018532199033113747,3.615782891445723
0.007496270501413452,1.2930715357678841
0.011649933539394433,3.598449224612306
0.004710215166798606,3.57863931965983
0.005519042192936446,1.731365682841421
0.01190306939188629,1.3401200600300152
0.009245498392650521,2.9298649324662334
0.004892381398380344,2.73671835917959
0.0024336726715440404,0.05
0.011133584481576725,2.6129064532266133
0.008874839585521162,5.0
0.018600181009651065,5.0
0.010410175072194522,2.7862431215607804
0.006339746049105206,2.7639569784892446
0.02364699425077503,0.41895947973986997
0.014518317228423568,3.593496748374187
0.011167840877823965,2.6079539769884943
0.007386406877927701,0.6591545772886445
0.011929679755476097,1.3351675837918962
0.009764439827197699,2.808529264632316
0.01609582503487398,1.741270635317659
0.009277680049664318,0.05
0.005587239836927743,1.5852676338169087
0.016928796316626332,3.6281640820410206
0.012537326811465223,4.784567283641821
0.008125189998853581,1.8873686843421713
0.009017468441424092,3.331015507753877
0.007516857487687462,1.899749874937469
0.004076715292225017,5.0
0.017274830543617094,2.021085542771386
0.00792660596148656,2.476713356678339
0.01006352859463093,3.506828414207104
0.006232491312243481,2.8481490745372686
0.0029805530057555665,0.05
0.0007601971554316231,5.0
0.0065548598046405795,5.0
0.018530274079288714,1.9245122561280643
0.004925578583432393,4.923236618309155
0.006697862429262812,1.1098299149574788
0.001939559941991395,1.441645822911456
0.006546464811233221,1.4614557278639322
0.007088164218231094,5.0
0.011884332229351077,2.1275637818909456
0.0020660230068737795,4.638469234617309
0.013464092318318709,2.910055027513757
0.0032371985336544645,4.772186093046524
0.009417701889570473,5.0
0.012550452570264839,4.707803901950975
0.009110129604033415,4.997523761880941
0.016874757564649963,4.910855427713857
0.009920048908159201,0.05
0.005854240803029473,2.897673836918459
0.0023078810748325337,0.05
0.009941106781806403,4.784567283641821
0.009626713642039993,3.135392696348174
0.005385503623769022,4.4032266133066535
0.016280878575000893,1.134592296148074
0.0036883973323368624,3.1948224112056027
0.005956324232428825,4.4032266133066535
0.015423224429796212,3.172536268134067
0.006353884234437626,0.05
0.010616808015695492,1.1222111055527766
0.014612820467838634,0.05
0.010051241231004128,1.520885442721361
0.011456517470785868,2.887768884442221
0.009296571578590596,0.792871435717859
0.010337022485694208,1.2559279639819911
0.0066300631469855195,0.9439219609804904
0.008702274981090607,4.435417708854428
0.005293462890801265,2.9917708854427216
0.008618573473187174,5.0
0.009228076527750942,0.8225862931465734
0.010826441267115683,0.05
0.017465676485736867,5.0
0.010080384692478392,3.3557778889444725
0.007743007786438771,1.6273636818409207
0.01248691352926714,2.461855927963982
0.00504898013301823,3.3508254127063535
0.003041392253186441,1.820510255127564
0.004178494252292775,2.919959979989995
0.005094043606022974,3.083391695847924
0.005329770521930094,2.7639569784892446
0.001561719616698501,0.05
0.012526879374400446,2.47176088044022
0.01029399739790575,2.4098549274637318
0.004011704943687022,4.564182091045523
0.004810691436238607,5.0
0.005617860585867669,5.0
0.011562858599557954,1.8700350175087546
0.003505771698730037,1.5134567283641822
0.011120143914348152,3.8931215607803904
0.012453112258021995,4.871235617808905
0.008135470758930022,3.2171085542771385
0.004907824468014438,3.9723611805902954
0.0017459687997126785,3.135392696348174
0.004402547341504193,0.05
0.0028533481248966402,5.0
0.020008804617686164,4.952951475737869
0.011456865413101251,1.3425962981490747
0.02368612146576573,0.05
0.005781619540624894,2.3603301650825412
0.005233867500982828,2.451950975487744
0.004374889880545199,0.05
0.012278338320382665,1.1692596298149076
0.006727366877756283,3.68264132066033
0.01279913022888697,1.6347923961980992
0.009373210716325908,4.4626563281640825
0.014130462270547518,3.915407703851926
0.021570684034494123,0.05
0.0035960330154767295,3.8708354177088546
0.007743532177517984,3.2988244122061032
0.010939769890943349,2.7070035017508753
0.011798679474619697,0.05
0.009190098963707996,2.100325162581291
0.006584841600323438,3.6256878439219613
0.004465926337020337,2.8605302651325664
0.0035929544405014294,4.705327663831916
0.0028543980166851335,3.7296898449224614
0.009609362321145579,2.5584292146073038
0.011296686320220788,2.882816408204102
0.002093320937473324,2.2538519259629815
0.011123399935417388,5.0
0.0044787386077936656,4.366083041520761
0.005258311265751908,1.5060280140070037
0.003067396818411741,3.8609304652326166
0.00800324410523158,2.969484742371186
0.005041516621360896,1.3128814407203604
0.008167863956190041,1.0157328664332166
0.0061039514497255865,4.281890945472736
0.00680048332040481,0.05
0.011666139897964917,1.5010755377688847
0.0057978820939219855,1.619934967483742
0.010102310905674677,4.229889944972486
0.012566834763106938,4.767233616808404
0.0090515257418858,0.05
0.006529820299108022,2.4024262131065535
0.006528282789724879,2.456903451725863
0.0176670661249645,0.7359179589794899
0.018887991698538664,3.670260130065033
0.009089684799986675,4.794472236118059
0.012980651535251131,2.41975987993997
0.01096301261432256,4.331415707853927
0.011351621609091068,4.0516008004002
0.005292858471719966,4.3338919459729865
0.01729096902194216,4.390845422711356
0.012006245985593106,3.3830165082541273
0.0029063073859174823,1.7140320160080043
0.002872042364905694,3.0016758379189596
0.01348376229057241,0.05
0.024232485802675445,2.801100550275138
0.009447946235750529,4.093696848424212
0.0027680687445372637,0.05
0.009113248739671419,3.6554027013506754
0.007564819115796671,0.05
0.002572538072133271,0.666583291645823
0.019171421250172238,1.9344172086043023
0.005898838271794445,1.310405202601301
0.005344808794585043,5.0
0.007827844952848877,4.824187093546773
0.00376498065639657,1.2138319159579791
0.008619568918369958,2.2439469734867434
0.0023290281066869617,4.400750375187594
0.005752691509291349,4.977713856928465
0.012018317485411073,5.0
0.0028008149558921697,4.130840420210105
0.014427841869641689,0.05
0.015028468292370464,0.05
0.007739586341671975,0.05
0.013995030524109262,4.061505752876438
0.005979682676484924,2.919959979989995
0.006316722020771236,2.877863931965983
0.0023857224694943113,0.05
0.002469139598504963,4.2546523261630815
0.01353334511930531,2.8184342171085546
0.017056249387673597,0.05
0.009513649153600631,1.4664082041020512
0.005500830380161213,4.873711855927964
0.00938110387612652,2.47176088044022
0.007776974455256769,1.5704102051025515
0.004574258275854816,2.3132816408204104
0.009254792796347174,0.9092546273136569
0.003144092683941009,2.546048024012006
0.005526100759411193,4.987618809404703
0.005436323999363897,1.3921210605302654
0.003965811601542003,4.571610805402702
0.006714006683873709,4.26208104052026
0.0037993697420852374,0.05
0.005723807971408201,3.853501750875438
0.009212775193940342,1.3797398699349677
0.005952284894496174,0.05
0.007482779376805013,2.3999499749874937
0.009177414077134537,4.252176088044022
0.002467480023976419,2.3380440220110055
0.007282608936081035,4.343796898449225
0.019103500197424697,4.549324662331165
0.0038489131770137047,3.6281640820410206
0.008678427838749093,3.3285392696348177
0.0038441767570761426,5.0
0.008550385613059937,2.3182341170585294
0.007999924277237669,2.6054777388694346
0.010625764240069793,1.1123061530765384
0.005804525490004479,2.719384692346173
0.010312499661630795,4.1556028014007005
0.009633736435766843,3.910455227613807
0.01242203759778912,0.05
0.0051380066003512345,2.476713356678339
0.001731979918383031,1.4490745372686344
0.0045094870098398784,5.0
0.005889271659093587,4.197698849424713
0.002527458236745078,5.0
0.0037225135956517955,4.851425712856429
0.007283767789088763,4.128364182091046
0.008357307499799016,1.6347923961980992
0.0062576532151402756,2.47176088044022
0.002206963998633016,0.2802901450725363
0.011473224012978893,4.361130565282641
0.005911798664312719,4.826663331665833
0.004782022890625251,3.1081540770385194
0.01310829207922927,4.044172086043022
0.0032530596019469254,5.0
0.0058976074992923705,0.14657328664332167
0.008658213742386983,2.011180590295148
0.011432328689952725,2.196898449224612
0.002394806760549817,2.625287643821911
0.01624625362017862,0.05
0.005962866484096718,0.05
0.005013237669363582,1.4342171085542774
0.004328815313811199,4.821710855427714
0.014975804134900045,3.147773886943472
0.005813139364915107,1.988894447223612
0.006769046377665719,4.024362181090546
0.01019179619037483,4.559229614807404
0.0009999743813778883,5.0
0.013361578897575388,4.598849424712356
0.010063481650272946,5.0
0.0050846584454548455,5.0
0.007202342974095555,4.499799899949975
0.010400602922481544,4.371035517758879
0.012995436415854003,4.432941470735368
0.005357107077945733,4.683041520760381
0.00433983070234608,4.603801900950476
0.004918088032033606,1.5902201100550277
0.004664131930488771,4.84152076038019
0.010214856180934415,2.120135067533767
0.01407525170846724,3.405302651325663
0.009416924032483634,2.3850925462731367
0.009373785222075465,1.2336418209104554
0.005657834545457582,3.241870935467734
0.013313461919244804,0.24809904952476242
0.004656167198353489,5.0
0.006005119318937963,1.993846923461731
0.001740641721435357,3.811405702851426
0.011864751319932101,2.2588044022011005
0.01161325555278623,3.764357178589295
0.005721686851468677,4.029314657328665
0.016967957806778892,4.938094047023512
0.007128563511006769,2.3108054027013507
0.005658791135887464,0.05
0.013497251313500422,5.0
0.004709937631612773,5.0
0.009024512656682693,5.0
0.013050363102331944,5.0
0.007313232195260255,1.7140320160080043
0.0035538724819395365,4.695422711355678
0.007097334626308363,1.610030015007504
0.007486535929283639,1.783366683341671
0.012510608956230462,2.3132816408204104
0.02634762632825076,0.7111555777888946
0.00539720873691521,2.0780390195097547
0.014489581502675986,4.871235617808905
0.011492994729727563,2.9991995997999
0.005755586981473854,4.257128564282142
0.008048450038072495,5.0
0.0055204984660520914,3.5712106053026513
0.008836407116449146,2.2365182591295647
0.013725492696585878,0.3124812406203102
0.005829435536860175,4.648374187093547
0.0019682649479464756,3.925312656328164
0.006522057161000849,1.9542271135567786
0.008463500607296164,5.0
0.012564182370230104,5.0
0.007120402759311431,3.172536268134067
0.00565008099399282,3.7296898449224614
0.011933927031154604,3.0388194097048524
0.0032879023112658418,2.021085542771386
0.017212422857654404,0.05
0.019930593019847655,5.0
0.007320468633039326,2.7119559779889943
0.01748511034286123,3.7940720360180094
0.007653580222631615,1.446598299149575
0.014995575610275813,2.9323411705852926
0.00711802086150945,4.608754377188594
0.0027311092566047884,5.0
0.01725802714862751,1.2361180590295149
0.00543901319315121,5.0
0.009179313899951039,2.9075787893946976
0.007497611517462741,3.3879689844922463
0.008616488357147761,3.2492996498249127
0.014889848773735219,4.992571285642821
0.008686750900771756,4.4527513756878445
0.00791544296268576,4.388369184592296
0.00400840599975099,4.1655077538769385
0.01471232340583048,1.8007003501750878
0.02578365742346101,2.5064282141070535
0.005504009286855752,3.9698849424712357
0.01385088025178987,0.05
0.009237607209083766,5.0
0.007169346302248185,3.1131065532766384
0.002192363326578947,5.0
0.011886422586977773,0.05
0.0039441442089439005,1.572886443221611
0.011387579485883287,1.5555527763881942
0.006083597405703994,1.5976488244122062
0.0014064382454978541,0.8473486743371687
0.011922493542230933,0.05
0.004094739747872993,0.6913456728364183
0.006265668046412945,4.754852426213107
0.017288870374088272,0.05
0.006051443609599118,3.2913956978489245
0.012612130090835977,3.1948224112056027
0.01740128453855936,0.05
0.01805772528908206,4.3834167083541775
0.008307577171892497,3.764357178589295
0.017591975915601077,3.917883941970986
0.012037902721580201,1.0231615807903953
0.012534223321868147,0.05
0.00465608316972517,4.326463231615808
0.030629794651120555,0.05
0.004561437054920334,4.791995997999
0.003348259731097751,2.5237618809404703
0.013072809811942851,2.2290895447723864
0.0016258049425810078,4.918284142071036
0.010188502228920822,4.801900950475238
0.014978123017922167,3.4523511755877943
0.02065919999810703,1.746223111555778
0.005003902921582072,2.0681340670335167
0.0055678309520093006,0.05
0.010387578313757792,1.4243121560780392
0.006482400671659026,1.4490745372686344
0.0036136346277526946,1.1940220110055029
0.026344516207313304,1.2658329164582294
0.005994719700728644,2.392521260630315
0.008425650074610089,3.4696848424212106
0.006321011085388725,3.838644322161081
0.006401786361628525,3.6133066533266636
0.002195123096859722,5.0
0.007602989370979182,3.222061030515258
0.00450594194621428,2.3603301650825412
0.007174417335801667,1.2534517258629316
0.015917962742805894,0.05
0.00156746183156449,4.769709854927464
0.0064604787294582355,2.6698599299649826
0.010898148870153175,2.1325162581290646
0.005425017201194371,1.8527013506753378
0.00452252300192852,4.2942721360680345
0.006673406892530535,4.242271135567784
0.004597568281136985,2.716908454227114
0.005476872274234157,1.5184092046023012
0.009561253996381198,4.809329664832417
0.0017197742971136395,3.1873936968484244
0.005196820883457173,5.0
0.012134630828980676,2.746623311655828
0.004986435015336126,5.0
0.006972754250088635,5.0
0.011052668316824082,2.5708104052026015
0.005188962496752297,4.613706853426714
0.005233481785894584,3.863406703351676
0.012276452313274885,4.2546523261630815
0.005332564073037588,5.0
0.007649748288142161,5.0
0.006879102159741253,2.647573786893447
0.009598521635341278,2.640145072536268
0.003894130350052885,2.3157578789394697
0.0033209359196347335,1.825462731365683
0.007784031845144888,1.562981490745373
0.010985689534389984,3.4721610805402703
0.004119898835994597,5.0
0.016374172281713895,4.858854427213607
0.01574585418917912,1.5332666333166585
0.0033136355938055834,4.975237618809405
0.011805607528360865,4.306653326663332
0.0036534061814312013,2.283566783391696
0.009341054013754263,0.05
0.010553494144813977,3.0957728864432217
0.009309963322264914,3.214632316158079
0.00726931266240434,0.7433466733366685
0.011057913210507302,2.6228114057028513
0.006688489865747903,4.395797898949475
0.008713728201941398,2.7020510255127563
0.005391623410111325,0.05
0.0030033836515586942,1.119734867433717
0.004121435640973309,0.05
0.01647932418192556,3.2740620310155077
0.011075649711454402,0.05
0.003362468834517747,3.942646323161581
0.013999706402092062,0.05
0.005356926465329856,3.1032016008004004
0.010373328931529584,5.0
0.00796747694230078,4.611230615307654
0.006272684941772515,2.303376688344172
0.009305596816535422,4.799424712356179
0.005000155548965948,1.2633566783391696
0.01484338149313609,3.84112056028014
0.005600540696230415,5.0
0.002325446194888725,4.276938469234618
0.01782685947041661,2.7441470735367686
0.00314762252709324,4.125887943971986
0.007714749244451931,3.747023511755878
0.011911139565931511,5.0
0.009324834234202183,1.2707853926963484
0.013333571779567885,2.214232116058029
0.006943766310403651,1.2806903451725864
0.03160367061069872,0.05
0.006747956112066057,0.05
0.0027140172004099516,1.3896448224112057
0.015457699607414652,4.938094047023512
0.015138845246003972,0.6863931965982992
0.013256550018364496,3.846073036518259
0.011294755096016906,1.1469734867433719
0.004409216704075979,5.0
0.012677801212639603,1.956703351675838
0.002344147648284861,5.0
0.0014784967258531581,1.8031765882941473
0.011975832043902596,4.239794897448725
0.005588502118706609,1.914607303651826
0.006873963157142372,4.73751875937969
0.006074973290218902,0.05
0.009088157672024866,2.5658579289644825
0.008070253696403823,0.05
0.004055639806545545,1.4218359179589797
0.005822230136257198,2.3108054027013507
0.010772021141033213,0.05
0.00631450245628952,3.2592046023011507
0.004816906953504466,5.0
0.00546319287193156,4.601325662831416
0.01725448598841553,1.4391695847923964
0.009383003903180538,0.05
0.003754312204078805,1.8972736368184093
0.0030252367559290283,3.05367683841921
0.019078430610184043,4.4527513756878445
0.003431508702164493,1.1568784392196099
0.005128232658365345,5.0
0.011109215517686705,1.6744122061030517
0.003293724187235919,5.0
0.014059335774109644,5.0
0.007009466450469612,1.5530765382691347
0.007867671014883601,0.05
0.005123300305468162,2.011180590295148
0.002946805641987779,3.447398699349675
0.006115275714599661,3.4696848424212106
0.013299048515446027,4.410655327663832
0.004006794831791172,4.774662331165583
0.005221236198744317,3.836168084042021
0.011015730861968755,4.041695847923962
0.0013095643478081703,5.0
0.006903838704655628,1.3772636318159082
0.0023188347594195885,5.0
0.004509765534416024,3.8559779889944976
0.006405274973078974,3.3483491745872938
0.0033173148989396953,1.9022261130565286
0.006515232261133555,3.088344172086043
0.018642130355540833,0.05
0.0071182396813361595,4.2447473736868435
0.009737746982758824,1.6001250625312657
0.006108194831483747,3.8138819409704854
0.005595083571851317,3.957503751875938
0.005910112014655702,1.4243121560780392
0.001672620697648057,1.3723111555777892
0.011263507432935298,3.2344422211105552
0.0017224790347771385,3.779214607303652
0.002921764019708166,3.749499749874938
0.01212070668733134,3.335967983991996
0.0052579446901297455,2.5757628814407205
0.009757499470414072,4.678089044522261
0.0074157576372620645,2.52623811905953
0.011736069407052678,2.5955727863931966
0.003473295111354073,0.05
0.0046675611435020165,4.881140570285143
0.026619000936547926,0.05
0.0032162051637836045,0.05
0.009493694824277463,1.493646823411706
0.00618774084330298,4.992571285642821
0.02106613939754437,2.52623811905953
0.006986708166731664,2.5485242621310658
0.011283990178776501,4.068934467233617
0.009866713411160896,1.1222111055527766
0.011338015011665835,0.05
0.007588173616579083,4.447798899449725
0.003586365396150974,1.2385942971485744
0.011247629207701358,1.3822161080540272
0.00346005680613444,3.670260130065033
0.003117955725334229,0.9117308654327165
0.0033765954573923285,2.6896698349174586
0.004922855932019132,1.5060280140070037
0.005542830086572782,4.056553276638319
0.005552375517033574,0.05
0.006204262244845549,4.821710855427714
0.011696820835613408,5.0
0.007879028665259372,2.3974737368684345
0.0020675732531721808,2.5089044522261132
0.0016064898393945287,3.3235867933966983
0.010909498167092677,4.046648324162081
0.006160706092281226,1.8106053026513258
0.0294362378292998,3.727213606803402
0.008816757557991828,5.0
0.011760089100804505,1.4639319659829917
0.010077076283621998,3.7395947973986994
0.0057838975273295234,1.3723111555777892
0.010248453570534888,5.0
0.011382008193480175,3.172536268134067
0.023259136838421984,2.273661830915458
0.008283568677185098,0.8275387693846925
0.023937294312328113,0.05
0.004366345469061263,5.0
0.012700212748098905,5.0
0.008392043258048099,1.9913706853426716
0.0075380424948175775,1.5852676338169087
0.0037375608018046375,2.652526263131566
0.0009828009746030986,4.217508754377189
0.01137530912961196,2.4296648324162082
0.013318265278362523,0.05
0.010118663094610139,0.05
0.009976682928159404,4.57903951975988
0.011563193790170762,2.1572786393196597
0.007356601745196867,2.0582291145572786
0.003320246999886825,5.0
0.004835325679596457,3.3334917458729367
0.005058870512931607,4.059029514757379
0.00339322188028858,0.05
0.005528078657018112,5.0
0.008744701496846391,0.05
0.005494349067474494,4.133316658329165
0.011628234675852181,4.648374187093547
0.009086464088613057,4.789519759879941
0.007084742403028865,0.05
0.0052521652437084315,2.9546273136568284
0.01026175814538155,3.7990245122561284
0.0043300237226555835,2.120135067533767
0.006907893797357817,3.9599799899949977
0.004464982538444122,5.0
0.010585767426215559,0.05
0.01062710429243531,5.0
0.0016895291793024986,5.0
0.0022140208017634583,2.0780390195097547
0.004963201390944909,4.1556028014007005
0.00920588848510949,0.05
0.002555912638397495,3.147773886943472
0.010424579798113155,4.692946473236619
0.006405352900004338,0.9884942471235619
0.004991238572026546,2.9447223611805904
0.005616359315527411,4.222461230615308
0.006812989734251165,2.719384692346173
0.005622453717154086,1.2732616308154079
0.008996781703022191,4.752376188094047
0.0020301715504570245,2.2464232116058027
0.00892525183816821,0.28524262131065536
0.0036263275403081857,1.1172586293146576
0.008120443268195825,4.494847423711856
0.007047836329688348,2.3652826413206602
0.007994668694693993,0.05
0.009325078324571183,1.8824162081040523
0.005110048659143433,2.194422211105553
0.002963885334974589,5.0
0.014936754108343442,0.05
0.008531316426473243,3.2963481740870435
0.013703652503283217,2.8332916458229116
0.00934101505329337,0.05
0.007773913353241874,0.05
0.01656441084343125,3.1056778389194597
0.007604892325852805,0.05
0.0046040070042905265,2.5014757378689345
0.012181238547089746,1.6595547773886945
0.0013663440333424731,1.3549774887443724
0.005408170955863122,5.0
0.005197155172034937,0.05
0.005542054523588177,2.8283391695847926
0.02462670352301513,2.115182591295648
0.0041383958616295555,0.05
0.014543208915190495,4.618659329664832
0.008380227728922413,2.9224362181090546
0.011410581647675527,0.6145822911455728
0.01161157339856992,4.0516008004002
0.0034280217819990383,4.296748374187094
0.003071319497009395,5.0
0.006475496742927141,5.0
0.019926270303123668,0.9216358179089545
0.005909052500539955,3.925312656328164
0.019885479747362572,0.05
0.009346260490028915,3.927788894447224
0.007725786486227446,0.6319159579789896
0.018698188130756396,1.8452726363181593
0.006117122605307064,4.140745372686343
0.007746881740811215,3.704927463731866
0.00267684349080953,2.5906203101550775
0.0009679574242867223,2.3429964982491245
0.020483076799828054,2.0656578289144574
0.0025139938599779074,1.1766883441720861
0.0169754875212922,2.3974737368684345
0.004744251154827767,2.890245122561281
0.009953454808175666,4.460180090045022
0.014232058448294907,1.3500250125062534
0.00688069114475752,0.05
0.003735364733424229,1.7685092546273138
0.007633530660983087,0.05
0.015086685148887252,2.1647073536768384
0.006151402585809276,3.5340670335167585
0.002976531002337794,5.0
0.010004629570329833,3.670260130065033
0.00373391948143581,0.05
0.014663707097420903,5.0
0.00361005689173427,3.9500750375187597
0.013227672243606978,1.4713606803401702
0.003241262833323273,2.637668834417209
0.004320464109950496,1.352501250625313
0.0031129577540419395,5.0
0.010734834369778339,3.9872186093046524
0.00863442301978077,1.5926963481740872
0.004315560630208,2.451950975487744
0.013570526933184952,1.446598299149575
0.005380493204321657,2.0433716858429216
0.005692424461770151,2.196898449224612
0.006137035895963358,2.0904202101050524
0.004514510187755547,1.0801150575287646
0.01009545195914284,1.352501250625313
0.007062304717643866,5.0
0.004981661416175634,1.7685092546273138
0.007888189081414462,5.0
0.01482562286041797,2.731765882941471
0.006730277026445283,1.8650825412706356
0.005314373688486751,1.6793646823411708
0.007761619894926047,4.658279139569785
0.015475733723838182,4.4725612806403205
0.005785334091745267,0.05
0.0084082821779951,5.0
0.010731917358106732,1.4812656328164084
0.016691280158504587,2.214232116058029
0.00743851826388723,0.05
0.007732189329472547,4.326463231615808
0.0027822473867664954,2.278614307153577
0.008892519570204371,3.7173086543271636
0.003479112258036751,4.101125562781391
0.006914383138799267,3.7296898449224614
0.012781134159953994,2.900150075037519
0.003282294405972476,3.643021510755378
0.008446684067259028,4.150650325162582
0.006031214689033594,0.05
0.007684526277174378,3.3681590795397702
0.018733689406213616,3.84112056028014
0.0010238634610454794,5.0
0.007282334583351195,0.05
0.00727081493739605,5.0
0.008833265949940619,1.773461730865433
0.002026680983298959,1.1742121060530266
0.01584613855823805,5.0
0.0076161260239501136,2.971960980490245
0.00879806576045225,2.885292646323162
0.02341560842785881,1.78831915957979
0.009033419543050765,2.4692846423211607
0.014580020898054998,1.4763131565782894
0.0028008114803683842,1.8403201600800403
0.0006216381221171297,3.1032016008004004
0.01793281081859336,0.05
0.005727986303061136,1.99879939969985
0.010453433041745785,4.388369184592296
0.01173782130464781,3.6925462731365686
0.013555417058977393,3.8039769884942474
0.00723845114305062,2.134992496248124
0.0020596463169806414,2.3751875937968987
0.0025816892708661193,4.039219609804903
0.013116334307389683,4.432941470735368
0.009314802137254607,5.0
0.00506283038815044,3.831215607803902
0.005342517437529337,4.881140570285143
0.006022096027603049,3.58111555777889
0.010817040229218353,2.045847923961981
0.006067783898764799,4.962856428214107
0.014972534261982244,5.0
0.013686233994220004,3.204727363681841
0.007628673017988419,3.4672086043021513
0.015618261831804578,1.9492746373186596
0.01746051975365718,5.0
0.022357979240766872,0.05
0.011774637523884711,2.783766883441721
0.020019980338001397,4.690470235117559
0.007009612882157651,3.858454227113557
0.009413742730841751,4.0763631815907955
0.002973298019804775,4.351225612806403
0.004115833330015688,1.1420210105052528
0.010206246398719865,3.20967983991996
0.009559627702282372,4.8662831415707855
0.005332655756219454,1.3326913456728366
0.006911236996800879,1.6669834917458732
0.01127182670815935,2.645097548774387
0.0024621458558171105,0.9463981990995499
0.005609213957640705,2.115182591295648
0.006611694123718842,0.05
0.011080160216104237,1.6075537768884445
0.006849245630396683,3.004152076038019
0.011415521927165759,4.019409704852427
0.005689526120140058,3.984742371185593
0.006244074125241014,5.0
0.0023527633171650103,1.0479239619809906
0.003280089194318908,0.05
0.012070483127568962,2.919959979989995
0.011965820106195332,2.112706353176588
0.013552414476457816,1.5654577288644325
0.005796878779651779,3.593496748374187
0.0062455220439176715,1.7610805402701353
0.00348892928932569,1.4713606803401702
0.007613214781470999,5.0
0.005649943915914654,2.115182591295648
0.011404694128899814,0.26048024012006005
0.010684952624238131,2.7763381690845423
0.006216473302893141,5.0
0.0042896415926835935,4.980190095047524
0.007398344776667315,5.0
0.01335100130072605,4.489894947473737
0.004408581526525943,4.021885942971486
0.006755497709373108,1.562981490745373
0.01682683328706748,5.0
0.011208443543547428,4.794472236118059
0.015371531697061264,2.815957978989495
0.007535301292573751,0.3892446223111556
0.0155422668947834,2.0681340670335167
0.004871393447849218,4.445322661330666
0.013798891998172927,5.0
0.0066027686523289775,2.8605302651325664
0.029292226368126187,4.274462231115558
0.01239410189350039,1.4144072036018012
0.01749906343269702,4.650850425212607
0.009849426494083512,1.3351675837918962
0.0035450191534993902,1.1048774387193598
0.018398812427884943,2.6847173586793396
0.007736523580940895,5.0
0.014527983664082686,0.05
0.014261493619827613,4.014457228614307
0.0045282133880948025,4.101125562781391
0.0031375543187498467,5.0
0.014553052786596146,2.392521260630315
0.014563854432388189,4.831615807903952
0.007442025562492599,1.1643071535767886
0.008161621863180736,5.0
0.011524050178733349,1.5530765382691347
0.0067148825812011065,0.830015007503752
0.0066394754105728385,3.1700600300150077
0.005546427550798219,5.0
0.003411269837024944,3.937693846923462
0.010106592541147215,4.613706853426714
0.00964059415123783,4.068934467233617
0.021656297696314136,0.05
0.014483796380179367,1.57783891945973
0.0031461826319131164,4.371035517758879
0.003748295751017275,4.809329664832417
0.014935975806853866,4.522086043021511
0.00760487065125539,1.7239369684842423
0.01842272986090543,2.806053026513257
0.011992259714849622,1.7437468734367185
0.007507511489502121,4.492371185592797
0.008047652938064968,5.0
0.00884148270923412,5.0
0.006993291490099841,2.040895447723862
0.010054613938582903,1.4441220610305154
0.018918620096121393,4.618659329664832
0.003107474763279279,0.05
0.009113832142453149,0.05
0.004947029635056471,3.7990245122561284
0.002605319363667216,2.801100550275138
0.005888229676547743,1.6694597298649327
0.0030161183064261743,4.299224612306153
0.021789606698476877,5.0
0.00695352860966858,1.6001250625312657
0.00831119522020686,3.5439719859929966
0.004142668450406603,1.862606303151576
0.006202926820071841,0.05
0.0026272421271089363,3.219584792396198
0.0018164063481047737,5.0
0.015040601885168453,2.7862431215607804
0.005268200604267935,0.24562281140570286
0.03148833932825296,2.5980490245122563
0.009475943352528222,2.110230115057529
0.008070358550513655,0.05
0.008860198241905398,1.6224112056028015
0.0024455724001947593,5.0
0.014465259390405744,5.0
0.0035392712734782367,0.9810655327663833
0.0066202003994560304,2.3999499749874937
0.005948319682452061,5.0
0.004738106253980828,0.9488744372186094
0.005020718698728027,3.489494747373687
0.00367588099176068,3.041295647823912
0.008833750463356618,4.2051275637818915
0.005162408115084852,5.0
0.0025720137517356093,3.4696848424212106
0.005101215908134338,0.05
0.004735995558422329,4.356178089044523
0.006121501727510498,3.9797898949474737
0.0023250433554973943,4.180365182591296
0.014327018063563207,2.5534767383691848
0.007499558364041821,3.8782641320660334
0.003819162966570047,3.858454227113557
0.01019458887258256,2.994247123561781
0.0028185405596772503,5.0
0.003869460844233452,3.345872936468234
0.025025021200672376,4.608754377188594
0.00576314373164883,2.5906203101550775
0.0088716371902847,1.867558779389695
0.004521774076887572,5.0
0.002449668397051352,5.0
0.007051449250620935,3.4325412706353178
0.004550412003369295,2.721860930465233
0.011823237791044175,4.229889944972486
0.008744602797153264,4.908379189594798
0.007632703429665905,1.3747873936968487
0.014378956188803492,2.8555777888944474
0.0029074463606285628,0.05
0.009392414987836988,1.161830915457729
0.012069078846989323,3.514257128564282
0.012978090578930207,4.088744372186094
0.013145449738884547,2.726813406703352
0.013656302236412371,3.3805402701350675
0.0006163325815393278,2.813481740870435
0.004970552388449928,2.783766883441721
0.002224255663043982,0.05
0.00462918016479294,3.675212606303152
0.01518917754070511,1.2881190595297651
0.0030283720763346553,5.0
0.003053967323661713,1.872511255627814
0.010751400975185052,0.05
0.0016987611271695596,0.05
0.007579984366945507,4.997523761880941
0.004589440860473852,0.9290645322661332
0.02282756021969344,0.05
0.0039458268894943666,3.764357178589295
0.005451108680504316,1.3178339169584794
0.010871632034783411,3.004152076038019
0.003624494954893309,3.99959979989995
0.007231284629800189,3.199774887443722
0.0033535361999030427,0.05
0.008433812664039843,2.1622311155577787
0.006386437082457869,1.689269634817409
0.011385499445282658,0.05
0.008468857419509472,1.4069784892446224
0.014150240039312978,0.05
0.010877818269476286,2.741670835417709
0.005149956667254804,0.05
0.012850905225105645,3.3087293646823412
0.008997825909151429,0.05
0.014494239700790397,5.0
0.010196168028504649,3.2666333166583295
0.008955445526332581,0.05
0.027565145793438883,0.05
0.009334761745585299,3.1948224112056027
0.007211543148076906,3.311205602801401
0.005959586025610669,1.73631815907954
0.008577370198847231,4.26208104052026
0.007835808495024146,4.767233616808404
0.014688543493157936,0.05
0.011923006499745814,0.05
0.010556237824045314,0.05
0.00482670167523952,5.0
0.020082656876090114,4.014457228614307
0.007309971359680895,2.8803401700850424
0.004047837059849221,3.727213606803402
0.00983363167487225,3.8708354177088546
0.0020969341533537897,3.6331165582791396
0.006048912722988485,4.3636068034017015
0.0036875303613892185,4.962856428214107
0.005002410092307653,0.05
0.002839981809837716,3.6380690345172586
0.005750510889119195,4.534467233616809
0.011944085940215024,3.8237868934467234
0.013075213345491554,0.05
0.0037755008855504257,2.7342421210605306
0.004568030223295841,4.930665332666333
0.00542208712063659,3.2814907453726865
0.007876790476523607,3.1849174587293647
0.02177481390165524,0.745822911455728
0.005320740107050317,0.05
0.002074952943974452,1.6397448724362182
0.003854184861369528,2.177088544272136
0.004936716553788953,2.6797648824412206
0.0027885139326289526,2.2216608304152077
0.011423370716045197,2.9447223611805904
0.006237694752966441,5.0
0.007402045870802079,0.05
0.0020865379367815684,2.214232116058029
0.010113929119121949,4.943046523261631
0.013157153866556803,5.0
0.005404229196353083,0.9959229614807406
0.00828679138246069,2.4370935467733865
0.0065235995790765,1.8650825412706356
0.005590622851392474,1.610030015007504
0.004282349678316297,3.588544272136068
0.009638496897886886,3.7717858929464736
0.0004868844889411514,4.078839419709855
0.011321455158613464,0.05
0.00347194438905684,4.42303651825913
0.0035485194340921095,5.0
0.003688368187285733,2.7862431215607804
0.0037564085679438614,0.05
0.009082703405481285,5.0
0.003790388093600272,3.2715857928964485
0.0029688093142091337,1.3970735367683844
0.0011153821851825896,3.2715857928964485
0.006175976502126333,0.8374437218609306
0.008315743311805589,4.73999499749875
0.014699979519964872,0.05
0.004937722886265386,4.779614807403702
0.0018805679102177342,3.8856928464232117
0.016911795117051723,2.798624312156078
0.001956384087894919,3.586068034017009
0.008442204227676858,1.7586043021510758
0.008674384781674836,3.836168084042021
0.002770384246552751,0.6913456728364183
0.005768261111937872,1.6026013006503252
0.004465585879702243,1.899749874937469
0.019704763439956294,3.9797898949474737
0.0013825550564326022,2.4866183091545775
0.006631155817279702,3.20967983991996
0.011440120986451592,1.1593546773386694
0.004877190845233248,3.6331165582791396
0.001786131647678657,3.3037768884442222
0.010316913757452584,2.5955727863931966
0.0030519677184698,5.0
0.009036892947659823,2.2167083541770887
0.010104771658479686,3.5390195097548776
0.005402330280428538,1.4292646323161582
0.005013685933200757,3.036343171585793
0.013427450093584092,0.05
0.004849279664158761,4.5418959479739875
0.005588217903950213,1.4267883941970987
0.016003547634940857,4.202651325662831
0.005862577944356795,4.115982991495748
0.015400084795306065,1.045447723861931
0.004760504655582504,3.4721610805402703
0.009411985495708264,4.8860930465232615
0.005180163157158711,0.9810655327663833
0.010060790940739438,5.0
0.0029579422420534796,3.937693846923462
0.004489475009723604,0.05
0.00906141761895872,4.445322661330666
0.007702913427186042,0.05
0.00424830362927843,5.0
0.00795287012704906,3.605877938969485
0.014749003140950734,3.826263131565783
0.009878671650738927,1.5035517758879442
0.009606111698869435,4.73999499749875
0.002409700511266946,1.4565032516258132
0.006104093588341686,1.7090795397698852
0.0014392897666086896,1.483741870935468
0.014150127891197704,2.281090545272636
0.001646156922307844,3.9624562281140574
0.010029520930493058,0.05
0.004866676802608147,4.128364182091046
0.017584879628551223,0.05
0.0017608512087042977,2.5163331665832915
0.0028008837499180067,0.05
0.01760000433174063,3.2765382691345675
0.009161620115633096,1.7264132066033018
0.003638296284823192,2.551000500250125
0.005214342875393074,1.6125062531265635
0.012215278535365297,1.7808904452226115
0.026183567132749733,4.120935467733867
0.005709543143856563,0.39419709854927465
0.007276719464005384,2.055752876438219
0.0035397325051927664,0.914207103551776
0.008522539755396866,1.4193596798399202
0.0028575385459062574,2.910055027513757
0.0077407276477445275,4.665707853926964
0.011734681796689121,2.541095547773887
0.007347137591346142,2.5014757378689345
0.006011576959849538,1.2336418209104554
0.005115517308596815,0.05
0.00944821491467207,1.7907953976988495
0.004214195360069534,2.172136068034017
0.006393341480363454,2.003751875937969
0.006265760510730731,5.0
0.008747453896457605,0.6492496248124063
0.00798708556256486,3.1131065532766384
0.0027926317748564328,4.311605802901451
0.012484323170619496,4.975237618809405
0.01251899938872602,0.05
0.006759700607703499,4.2942721360680345
0.0077610500546355515,5.0
0.009903625228494195,5.0
0.004430999220084608,2.9496748374187094
0.003987087222256991,2.8605302651325664
0.01004457287043662,5.0
0.008977311235618499,1.3425962981490747
0.0032480651682813833,5.0
0.005835982579707008,3.759404702351176
0.009591987013445422,5.0
0.0076741609725262255,3.4771135567783893
0.005931480379330105,4.839044522261131
0.019043456774408773,0.05
0.0057915352092815925,4.73999499749875
0.016266358069680915,2.2538519259629815
0.004858666731973008,2.7342421210605306
0.005281503455468656,4.769709854927464
0.00840857853017661,5.0
0.025665129771146433,0.05
0.015882562415739744,3.568734367183592
0.014797847699961203,3.4721610805402703
0.00608862633080489,2.3603301650825412
0.007111429634845304,1.9269884942471238
0.008764982570025025,3.219584792396198
0.010839307527763353,4.621135567783893
0.009428539213968579,3.142821410705353
0.003725599978488342,1.862606303151576
0.00661769340475938,2.6550025012506255
0.006281904019563328,1.0355427713856928
0.00918271782986356,4.499799899949975
0.005577033771902183,5.0
0.012718443810066399,0.05
0.0038062237353996553,4.375987993996999
0.005750497232889035,4.237318659329665
0.015649391981624808,0.05
0.007811896624010738,3.8856928464232117
0.006183547388339233,5.0
0.0055338660126327405,5.0
0.0076712402753592035,3.9550275137568787
0.009046792849569163,2.3429964982491245
0.012962270199657705,0.28524262131065536
0.005355041954686779,2.3949974987493747
0.009506222697493266,2.2216608304152077
0.002751749259074593,0.05
0.002117738052739883,3.873311655827914
0.01153842080338828,2.201850925462731
0.015235026866516482,2.288519259629815
0.00620064255427398,0.05
0.02074320576425348,0.05
0.005934360693633983,3.140345172586293
0.007586484116931011,0.05
0.012341802665338249,3.848549274637319
0.008740947690052847,3.4597798899449725
0.007487163966414884,4.7969484742371185
0.003630526340363982,3.3731115557778892
0.014711980611332623,0.05
0.006909377080407494,1.2460230115057531
0.01703949542595072,0.05
0.008504203954580479,0.745822911455728
0.00710628791665055,2.7738619309654826
0.009538825951876724,1.899749874937469
0.0018237037357617114,4.410655327663832
0.02340599941398988,3.227013506753377
0.006634432726754222,2.196898449224612
0.011131858915545287,4.460180090045022
0.009386016103105244,0.05
0.008503918185100899,5.0
0.005196932137381129,5.0
0.006920921282804859,4.804377188594297
0.008291735426305277,2.5485242621310658
0.004974709339853667,2.298424212106053
0.0054070466432161735,1.352501250625313
0.0024406797506876104,4.680565282641321
0.010923049029424939,5.0
0.017652143860173178,3.2740620310155077
0.0062758810474057986,3.1824412206103054
0.007577327742791934,3.4573036518259133
0.010638511707728102,3.8906453226613307
0.015749631342077602,1.0429714857428716
0.009544341660037203,5.0
0.006873115880307389,2.885292646323162
0.004204093343113113,2.4296648324162082
0.0017833618210935653,5.0
0.02506890851599248,3.2072036018009005
0.003930023804479113,5.0
0.0037352458306862263,3.125487743871936
0.007278400270044311,5.0
0.012563994736230641,3.9129314657328664
0.005896412458602424,1.3772636318159082
0.010873799036490536,0.8201100550275139
0.009260131769016758,4.754852426213107
0.0029305385031647077,4.148174087043522
0.019115406143705688,0.05
0.006083024783598817,4.170460230115058
0.005977314644236689,1.8106053026513258
0.003372157493823441,5.0
0.012864527242200552,2.5064282141070535
0.008666703732898587,0.05
0.008270891888162962,0.6542021010505253
0.011196879066529553,1.6793646823411708
0.015456454300421654,3.511780890445223
0.008126246066409402,4.115982991495748
0.012638506338430167,4.180365182591296
0.001590219127022438,4.056553276638319
0.013781099376572271,2.887768884442221
0.007203352509090606,3.2864432216108055
0.0025302487237679958,2.4346173086543272
0.005021419246261538,0.9785892946473238
0.005913581911712387,1.9542271135567786
0.0019710909729511034,2.0706103051525764
0.0027494964354779217,5.0
0.004404851195465444,2.9917708854427216
0.010655617666205618,4.229889944972486
0.010987642561633489,2.7862431215607804
0.004058837515823956,2.8555777888944474
0.009339435180834355,5.0
0.002560912291729847,2.7119559779889943
0.023723530832463653,2.7911955977988994
0.004199120801454022,0.05
0.0037298242329647444,2.5163331665832915
0.007694106882422121,1.5506003001500752
0.005627966386362343,4.655802901450725
0.007221137947398523,3.9129314657328664
0.007974263992347061,2.73671835917959
0.0077624478482233444,2.6327163581790898
0.020648832977676876,2.3949974987493747
0.00208139188521423,3.42016008004002
0.005440962873875119,3.942646323161581
0.005728174768456086,4.26208104052026
0.005328322374680977,2.7689094547273636
0.013648877280709008,0.8448724362181091
0.007028681276694662,1.3475487743871937
0.0072286594918033395,1.3549774887443724
0.013534646376323102,2.288519259629815
0.014295364998355292,4.687993996998499
0.013706268241202836,1.5233616808404205
0.006519087221682818,4.167983991995998
0.010230153008363087,1.9963231615807906
0.0042530351553802595,4.269509754877439
0.003436217943449664,3.2691095547773887
0.006016085145569963,1.862606303151576
0.0035366915266772797,0.05
0.008611408727930717,5.0
0.007447563744329144,4.873711855927964
0.002291937704879461,3.345872936468234
0.0076346410925782204,0.8597298649324664
0.0082817970987622,0.05
0.0052520653880373525,2.4965232616308155
0.018532099046328125,1.941845922961481
0.010262785571876765,0.05
0.005722663536797096,0.8027763881940971
0.007442828735516854,2.3652826413206602
0.0037043282189212906,0.05
0.008543778993966397,5.0
0.0027692172669966375,4.7969484742371185
0.0054840451866122394,2.184517258629315
0.0064302650299235195,1.1048774387193598
0.0076610486774813386,3.120535267633817
0.008408936372306254,3.340920460230115
0.014924990848670938,0.05
0.005330208722587021,2.3999499749874937
0.00872643742061751,1.478789394697349
0.00383350646695986,0.05
0.0066924294216567926,1.4862181090545274
0.007599647884671115,4.011980990495248
0.004883111209985511,3.927788894447224
0.005237950959326956,1.2311655827913959
0.009880462498455853,2.8506253126563283
0.007622186493657188,2.7070035017508753
0.01876413547880424,3.2814907453726865
0.0036482937023157025,2.7911955977988994
0.012058992807775268,3.8856928464232117
0.005107068917004444,3.8138819409704854
0.012968072042596049,2.1523261630815407
0.017549038067061193,2.7911955977988994
0.009096523331815341,0.05
0.009386181983647157,3.9921710855427714
0.012499544107377622,0.05
0.015733229370949696,0.05
0.006095788456243603,4.858854427213607
0.010144256832556278,4.73504252126063
0.00487215279769581,2.4321410705352675
0.015468116931079058,1.909654827413707
0.00840511962219146,0.9216358179089545
0.006824154308127869,4.512181090545273
0.007618012507455238,4.286843421710856
0.005586405972023249,3.6083541770885446
0.004262942056349493,4.026838419209605
0.0020910773902274374,2.73671835917959
0.005612434529195853,4.722661330665333
0.012887074371642472,4.2645572786393195
0.004553052320790604,1.3648824412206104
0.00513521518861023,3.9822661330665334
0.008142665040310457,4.720185092546274
0.002801366000057773,3.5489244622311156
0.0070737820772441146,3.340920460230115
0.0015249670519399613,2.3553776888444222
0.006766859814292203,1.3723111555777892
0.009464028957631779,3.742071035517759
0.008741121399092631,0.05
0.008163466560795155,3.8658829414707356
0.004470252085668661,2.1548024012006004
0.008415228059749522,5.0
0.007000443725839731,1.7214607303651828
0.011602893798058705,4.905902951475738
0.001612256999207362,3.6256878439219613
0.0056845373743063116,4.762281140570286
0.0035915660919666748,0.05
0.011045751744071644,3.3978739369684843
0.008467346214220774,3.214632316158079
0.004562172669024242,5.0
0.006026491410087528,1.4342171085542774
0.007024185800355666,0.05
0.007915157438318221,4.665707853926964
0.003278427580234361,4.8761880940470235
0.012601166673416861,0.7260130065032517
0.007222512250463692,5.0
0.007729020747733142,3.598449224612306
0.022736186038760153,5.0
0.004608261972471418,1.4317408704352177
0.008225257070552154,3.227013506753377
0.003267646568776289,0.05
0.008326670151323094,1.1073536768384193
0.02715454708325974,0.05
0.00960747727181329,5.0
0.006296089282084194,4.8761880940470235
0.008067665409623268,4.883616808404202
0.0030567143306801103,3.952551275637819
0.011641212490126583,3.167583791895948
0.002769995226561184,5.0
0.0022180317927749035,3.68511755877939
0.011897029554991646,3.405302651325663
0.012972686942719656,5.0
0.005106307918477888,5.0
0.009524873458023927,0.05
0.00532452383565217,2.2637568784392195
0.0023147365928840175,0.05
0.013887383447082305,0.05
0.006896640139699151,5.0
0.007175017766080594,5.0
0.006507139661307761,4.247223611805903
0.024131959068645292,0.05
0.008799376463753616,0.05
0.010811086849503264,5.0
0.011489606247720642,3.917883941970986
0.007009750004146741,4.702851425712857
0.005356548194454511,2.551000500250125
0.0129537957539088,2.372711355677839
0.009913960432756608,3.4226363181590798
0.003758536523878378,2.6005252626313156
0.006665458921578701,1.5060280140070037
0.013270472806202582,4.606278139069535
0.011936152580837717,1.9121310655327666
0.006230771843579994,2.9323411705852926
0.002575245364656087,5.0
0.00395962358498074,3.3533016508254128
0.0064570827028557765,4.229889944972486
0.014295123789827231,4.309129564782391
0.013483286160241068,3.942646323161581
0.011156112490912098,0.05
0.002909138372537555,4.524562281140571
0.004647724364956751,0.05
0.003440703693163287,3.2988244122061032
0.010267241190321769,1.0206853426713358
0.015307635559243957,4.078839419709855
0.010807780127335506,1.0553526763381693
0.006522716967783296,0.872111055527764
0.01906657354508938,4.26208104052026
0.007855381515547225,1.6669834917458732
0.0019876856450023878,1.0305902951475738
0.009722405257693113,3.8039769884942474
0.022734250345687684,3.3483491745872938
0.010539610035012976,4.326463231615808
0.006365374729021711,3.8881690845422714
0.01045278977937708,3.236918459229615
0.003768351345753887,4.128364182091046
0.010174927978190883,1.4540270135067535
0.003784879039739189,1.357453726863432
0.007081704621599433,4.0763631815907955
0.007976028961651192,5.0
0.011517543402043397,2.2538519259629815
0.014858535401663299,0.05
0.008200588061330435,2.9372936468234117
0.006374256099496413,2.798624312156078
0.004744300949814387,3.219584792396198
0.008210563780471539,1.1692596298149076
0.01142537646692808,4.700375187593798
0.0004742140472296444,3.9822661330665334
0.012365366211377772,0.49324662331165586
0.01578423282970373,5.0
0.00426462315306643,1.352501250625313
0.008001966235261657,4.427988994497249
0.002082044454967097,0.05
0.007223900145941584,2.8951975987994
0.00925013132341574,1.6026013006503252
0.008488964003074917,0.7656328164082042
0.011737901074354531,3.140345172586293
0.006648171383888533,2.704527263631816
0.020104076335141198,5.0
0.006972492158619031,2.045847923961981
0.009990003311691961,2.5955727863931966
0.005152823805435733,2.9026263131565786
0.014398012267371238,2.979389694847424
0.007456775883545,0.05
0.01909504704407186,0.05
0.0071063552624686804,3.415207603801901
0.005486265677717504,5.0
0.006236251111426144,2.9348174087043524
0.005955477408709262,3.3582541270635318
0.008104623031051368,2.387568784392196
0.012850629252884667,3.9475987993997
0.012952468886443892,2.2290895447723864
0.006892646070208716,1.5035517758879442
0.005889345477914594,5.0
0.009162812077308138,2.568334167083542
0.012224186771153264,3.137868934467234
0.0065166555339821325,4.442846423211606
0.001196248907073913,0.05
0.0118198974596301,3.7940720360180094
0.003938699169935209,4.276938469234618
0.01578809848879071,1.657078539269635
0.007144153268728859,1.9319409704852428
0.0054056773771791605,1.8452726363181593
0.009550597703070957,5.0
0.0027300576352244643,5.0
0.011056582437169081,3.816358179089545
0.011231681443931378,1.3128814407203604
0.0019684340748530454,2.1473736868434217
0.0217946710725024,2.7664332166083043
0.0043601065006471235,5.0
0.010734307376983297,1.961655827913957
0.007584549627202564,0.05
0.004359776866840519,1.9591795897948976
0.005376236876442307,5.0
0.006654150308962749,1.7957478739369688
0.002471639389904974,3.425112556278139
0.008959899679407649,0.6269634817408706
0.006027287154396349,5.0
0.008682412740226408,3.283966983491746
0.005171005360894321,1.6323161580790397
0.013705792142858345,1.773461730865433
0.0074930514625886485,0.05
0.006686263030603497,5.0
0.0066622383826496,4.202651325662831
0.007254847090180552,1.0355427713856928
0.00963067522030931,5.0
0.0015515926663705742,3.251775887943972
0.002705829781851271,2.820910455227614
0.01124612976492552,3.6281640820410206
0.006510742871637089,2.003751875937969
0.011834819535418976,4.435417708854428
0.002994562824610608,1.436693346673337
0.006990684162742483,0.05
0.0074507246277717085,1.815557778889445
0.007819998703368657,4.683041520760381
0.0016890962445474875,4.650850425212607
0.007228249718043145,4.465132566283142
0.011627014993166145,3.8559779889944976
0.003646362934938155,1.2658329164582294
0.003525860908491746,3.05367683841921
0.006088030319524082,3.3384442221110557
0.0035487313989607805,5.0
0.016070574435134252,4.9356178089044525
0.00659861413717993,5.0
0.017005856753892996,4.631040520260131
0.014341879844766751,5.0
0.006145516234587187,3.8089294647323664
0.01762020058733811,3.620735367683842
0.005465242182047886,5.0
0.012353567164494109,0.05
0.004729688829817252,2.729289644822411
0.010634108851856852,3.5241620810405205
0.0061441594872270605,3.3805402701350675
0.006284894583641287,2.6970985492746373
0.0020070180825693673,4.658279139569785
0.008956642342824853,2.10280140070035
0.008708931022518435,2.6129064532266133
0.012933853031759868,4.769709854927464
0.007563033268611824,2.5287143571785893
0.006026471058630432,1.8551775887943973
0.012693916195476829,1.6867933966983493
0.012396555550233376,0.05
0.011330216118659114,0.6368684342171087
0.007878721704580968,3.2814907453726865
0.008110219790701506,4.611230615307654
0.012458278618421165,3.130440220110055
0.005495059341126984,5.0
0.007966949932756692,2.7763381690845423
0.005528552951515331,2.4148074037018508
0.007490806670449282,3.766833416708354
0.006285527416075527,1.4267883941970987
0.004448167139170817,2.456903451725863
0.019732776482740758,0.05
0.021620288880205403,0.05
0.00791283275312285,3.3929214607303653
0.011465185475657377,1.31535767883942
0.004733049660330002,4.566658329164582
0.007486485864076867,1.830415207603802
0.0045365462789837,0.05
0.0029869363239519928,1.6694597298649327
0.0062484082541584066,2.73671835917959
0.00891297618753352,0.05
0.0055005208534133765,5.0
0.005897567778457909,0.05
0.0023775300803819815,1.6843171585792898
0.0027668832549746364,2.7812906453226613
0.012630622480681211,2.298424212106053
0.007937745182000619,3.5241620810405205
0.004123506697200872,5.0
0.0049136483140805876,0.05
0.011684836488274182,3.727213606803402
0.0175398778411493,5.0
0.006569469165772654,3.4350175087543775
0.003917132180982677,4.997523761880941
0.005801623647166687,2.4544272136068033
0.008706699928409549,4.583991995997999
0.0060189121604399265,0.9315407703851927
0.012592712196725808,3.7990245122561284
0.020245000154929596,2.3702351175587792
0.004451599610882054,5.0
0.0014007861527031429,3.7173086543271636
0.013978963517009155,0.05
0.00651623615636282,4.683041520760381
0.0035441366999608565,2.6649074537268636
0.019182305354053415,1.8452726363181593
0.00931463006731998,5.0
0.010863935518981765,4.470085042521261
0.007305155271292801,1.0380190095047526
0.008500669105434969,3.749499749874938
0.007981232446719673,0.9241120560280142
0.008241711638273808,1.6174587293646825
0.0057228737630386425,1.5109804902451227
0.013870147110047998,4.78704352176088
0.013514514323341428,2.640145072536268
0.004006692918333804,4.89352176088044
0.0015485191608660825,4.111030515257629
0.00611408802562706,4.635992996498249
0.0057651242195974894,4.021885942971486
0.004178055382482865,4.809329664832417
0.010186596208738366,4.457703851925963
0.0073203135310448,4.3933216608304155
0.006719407117130899,4.011980990495248
0.0010571327391403207,4.987618809404703
0.019926488755597764,2.256328164082041
0.008725781053581079,2.0755627813906954
0.005873687998369223,0.05
0.0027234888047452666,4.489894947473737
0.004150346904234242,3.0165332666333167
0.0015901411177524916,4.52703851925963
0.00748396188177472,1.3698349174587294
0.009205170116075065,1.9913706853426716
0.004108329915529917,1.5605052526263132
0.005832899079105516,4.197698849424713
0.014493838842812148,3.9401700850425216
0.007277479550482045,1.3797398699349677
0.004983581751996813,5.0
0.006611250288601114,5.0
0.005791374504791481,4.484942471235618
0.010472596721094518,0.05
0.0076201619555541986,0.05
0.017997673579081712,4.1556028014007005
0.014499851166718425,0.05
0.001785450689022472,2.976913456728364
0.006764830585694076,2.308329164582291
0.008275979164861946,2.610430215107554
0.005342639389152748,2.1374687343671837
0.009649032629182763,1.129639819909955
0.0033099278943683336,4.276938469234618
0.009381658539460762,4.467608804402201
0.0022989053590671688,5.0
0.006362635201291558,1.773461730865433
0.009483927984961768,4.5319909954977495
0.005921528541631277,2.746623311655828
0.009870113834795406,1.3822161080540272
0.004375289272211334,0.78791895947974
0.0038435867780553037,1.919559779889945
0.00391773654701022,3.9921710855427714
0.005334813453247635,5.0
0.003810160481086809,0.6938219109554778
0.012420921815957456,0.05
0.008072859461380096,5.0
0.005332139405016818,5.0
0.007863789802318888,2.8506253126563283
0.001839979869091929,5.0
0.011963540091805967,4.128364182091046
0.0019321271976635856,3.935217608804402
0.0099304297354747,1.8007003501750878
0.008606023787045967,3.2072036018009005
0.004276822931344897,4.321510755377689
0.005241530964852623,1.7709854927463733
0.006920128659708515,2.281090545272636
0.016201720457812034,4.7969484742371185
0.014251633149657814,0.05
0.006045421934065404,0.05
0.008795169161181227,4.791995997999
0.004317531269580871,3.3533016508254128
0.011752973336127057,2.3479489744872435
0.013126307856951014,0.05
0.010096172060677068,4.891045522761381
0.005196624225065144,3.9649324662331167
0.005986885811776019,4.524562281140571
0.005710767736761463,2.7342421210605306
0.009077291954051242,5.0
0.008515736766707895,5.0
0.009660416362606353,3.7296898449224614
0.015600580148477275,2.3603301650825412
0.003366158286408197,4.571610805402702
0.006883309721577219,3.3780640320160082
0.00440558653155447,4.009504752376189
0.015079912121367743,0.05
0.014838200072783803,1.57783891945973
0.0028554802717464176,1.5506003001500752
0.008130000613952554,4.326463231615808
0.016359760661938325,0.05
0.0041180630149012035,2.546048024012006
0.01083263971768627,2.224137068534267
0.0044371614745940535,3.7098799399699853
0.015092398436984095,2.73671835917959
0.004342233569138168,4.571610805402702
0.01786040259589347,0.05
0.007870651454547982,1.1544022011005504
0.00655978565997975,1.773461730865433
0.002907082733016257,5.0
0.0055134225767414086,3.9872186093046524
0.011393730457133676,2.4098549274637318
0.004843926930326342,3.2814907453726865
0.0038098033644175244,2.201850925462731
0.0110410414710427,4.905902951475738
0.01726086409135475,3.3285392696348177
0.014556636506082236,2.801100550275138
0.0015337083143776853,1.4763131565782894
0.003379503784452509,1.0305902951475738
0.01546695108713831,0.05
0.010523073760405927,0.05
0.002773714980116866,3.4597798899449725
0.0081848317818832,3.1081540770385194
0.008740699949214475,0.05
0.008251224121256506,2.803576788394197
0.002146793110685455,5.0
0.0043098337801817516,2.6871935967983993
0.013079605463080735,3.0264382191095547
0.010072487373844127,3.756928464232116
0.0050367714405208375,4.0664582291145575
0.009957976589446749,5.0
0.011130112459418966,5.0
0.0019022077899380901,4.249699849924963
0.002005261498299299,4.10855427713857
0.0091352386857972,2.806053026513257
0.00638988194279029,3.227013506753377
0.011770641227671012,4.89352176088044
0.003769713089162366,0.5303901950975488
0.005221250978475783,4.645897948974487
0.00906353968364225,3.761880940470235
0.020870454966638724,0.05
0.012231284068931314,1.7264132066033018
0.013951282170357848,0.05
0.005712849049708174,0.05
0.007282330431298931,1.5382191095547775
0.002865515194210251,1.8328914457228616
0.009472694711744417,4.987618809404703
0.005775879840613396,5.0
0.006372866654814784,1.3128814407203604
0.005300103819740637,1.3450725362681342
0.006126928016539149,0.6740120060030016
0.0032770865022073853,3.1700600300150077
0.009301680136253085,3.1081540770385194
0.005134158157236758,2.184517258629315
0.0053946713836978966,5.0
0.014156517331998096,3.7296898449224614
0.012702436774914769,0.05
0.0030504133103936015,1.3797398699349677
0.0046752715177545145,4.621135567783893
0.010983241075760035,4.626088044022011
0.005878459143495565,4.598849424712356
0.011832001450171617,3.1329164582291145
0.004451090468226698,3.4350175087543775
0.01009335597060608,1.956703351675838
0.004429203267582504,4.675612806403202
0.0038369821209966806,5.0
0.004276404676898125,1.5530765382691347
0.008449462469021486,1.7165082541270638
0.0023250182375246994,5.0
0.007424469496564293,2.184517258629315
0.01415865070664317,0.05
0.016454442716885676,0.2629564782391196
0.003617319878814057,2.0631815907953976
0.00913531152030779,2.184517258629315
0.009662231012325842,2.3900450225112557
0.0020287844359079266,2.8654827413706854
0.005129721694091149,4.259604802401201
0.004785555267886196,0.40905452726363184
0.009920398126774747,3.1923461730865434
0.004366317617393624,2.4346173086543272
0.009644616378779211,5.0
0.0024153855493195403,5.0
0.0033262433525937107,5.0
0.003759458022949899,3.031390695347674
0.00895818110219996,4.009504752376189
0.009469046966659032,2.9075787893946976
0.006162987224067759,4.1754127063531765
0.02203437891592404,3.851025512756378
0.00641911743018346,2.4049024512256127
0.004740663651726047,2.709479739869935
0.006583954241690115,2.798624312156078
0.0066958426406778515,1.2163081540770386
0.012578218314298846,4.299224612306153
0.005073563293222144,1.0726863431715858
0.003951074689295564,3.3731115557778892
0.012758803289714307,3.115582791395698
0.005625747148741145,3.0487243621810904
0.0019383199077546084,3.400350175087544
0.00933873097605381,3.4870185092546273
0.009345360044405032,4.888569284642322
0.0017761157998657517,0.381815907953977
0.0064382337268746315,1.783366683341671
0.003732061294665509,4.26208104052026
0.00854441272023728,2.201850925462731
0.004297471367927963,0.05
0.01054861772781611,3.5291145572786395
0.002743722384947328,5.0
0.007501687613324946,4.009504752376189
0.01401583918382844,3.563781890945473
0.0020351204497387615,0.05
0.0016754855886769449,0.05
0.01213028277179122,4.492371185592797
0.004841171851980658,1.783366683341671
0.00995289943459765,4.291795897948974
0.010137598524832175,2.281090545272636
0.022894384488647737,2.0483241620810406
0.004084415589267157,5.0
0.007832651318577688,2.714432216108054
0.009125951243335248,1.1024012006003003
0.007568348790411794,0.05
0.006987969119453666,0.05
0.002897097133178067,3.680165082541271
0.011836697850950123,4.9455227613806905
0.0023693565229673044,3.6405452726363183
0.007504441699209871,2.2068034017008507
0.027883006737938525,0.05
0.00377753557993165,3.930265132566283
0.0024487877803917035,2.5287143571785893
0.004275461920081741,3.3607303651825915
0.00841937423726137,0.05
0.007257042044252336,4.571610805402702
0.005173782206035038,4.915807903951976
0.006738002752308375,1.7140320160080043
0.0067186703156663224,0.05
0.014987946492778355,1.9220360180090048
0.011019515993137663,3.3978739369684843
0.003596939393527475,4.081315657828915
0.005336618046699694,3.331015507753877
0.007729390314939272,0.05
0.01134478277692838,0.05
0.0036696705334499785,5.0
0.008856621709453054,3.6133066533266636
0.00519885403858647,4.84152076038019
0.009457117019980435,3.405302651325663
0.012128796457814651,3.670260130065033
0.002862020874154811,5.0
0.009662160220600333,1.7140320160080043
0.017930013352599056,1.0206853426713358
0.005284047405294007,1.1519259629814909
0.008291646801310677,2.5930965482741373
0.0030957606209293803,0.05
0.01031221524480845,4.702851425712857
0.011779817752067712,3.1230115057528764
0.003902266739767818,0.05
0.006038746535353967,5.0
0.0008711855318648681,3.680165082541271
0.004299851710793057,1.7982241120560283
0.004557772233814705,5.0
0.015878249934946506,1.993846923461731
0.00961024095904034,4.430465232616308
0.001990373460034535,4.36855927963982
0.002302596850845662,3.9723611805902954
0.006200831567535814,0.9043021510755379
0.005488345656055771,1.5753626813406705
0.0036257437957971095,5.0
0.0019341522341887185,3.3607303651825915
0.00432896556467309,3.5662581290645323
0.007424509507329535,1.872511255627814
0.003936749388805699,5.0
0.012697945552023637,3.4176838419209608
0.00398490736642744,5.0
0.021325516605637737,0.05
0.011681048592481744,2.6550025012506255
0.007008487501262851,4.093696848424212
0.0017403074329872675,3.8757878939469737
0.004297568407283292,5.0
0.011753269190277027,5.0
0.025430060099812454,0.05
0.005255215131719657,2.8283391695847926
0.00841478957419839,1.3846923461730867
0.005471838491758876,0.6220110055027515
0.010621057635397294,3.756928464232116
0.005396908634141731,5.0
0.0032547330166640825,1.4812656328164084
0.005952334274327495,4.9455227613806905
0.004794062917448355,4.487418709354677
0.020478272228585316,2.201850925462731
0.014024565139044765,3.6875937968984496
0.013580112816958416,0.9439219609804904
0.006510290429511942,1.0008754377188596
0.008771390033249393,2.546048024012006
0.00358033184810283,2.751575787893947
0.010505503895399684,0.05
0.007624550697741497,1.3599299649824914
0.008298541345988106,2.3603301650825412
0.00509083151214583,2.625287643821911
0.00601747710478856,4.635992996498249
0.018005580912112747,5.0
0.010391754700542585,4.715232616308154
0.006975793546321593,2.73671835917959
0.011489584829033075,2.0532766383191596
0.0072065980656716155,1.6818409204602303
0.00979233598247145,4.195222611305653
0.0059875612561664515,2.3132816408204104
0.003038007118335073,1.6966983491745875
0.004555334723173557,0.05
0.005350645988055104,2.815957978989495
0.0070212897053542195,2.182041020510255
0.0056375326076561,5.0
0.004834417046597372,5.0
0.006190763625439091,0.05
0.001396459040538034,2.73671835917959
0.019053849821240837,2.8481490745372686
0.009629956078244559,3.511780890445223
0.0009899367909337597,4.192746373186593
0.015200146591644266,2.0582291145572786
0.005482919464290435,5.0
0.014340622918090615,3.9599799899949977
0.010638332100450669,1.9368934467233618
0.01571751704585221,5.0
0.011785701890007369,3.046248124062031
0.009432006416874868,4.2843671835917965
0.0022079273603097943,0.05
0.004661739527814512,0.05
0.005208420033690736,5.0
0.0123506252609588,0.05
0.0020323154207207428,3.2765382691345675
0.009754966376935667,0.05
0.007802810203594843,3.231965982991496
0.0014833117018317188,5.0
0.005305405104653292,1.483741870935468
0.016552232384454274,4.197698849424713
0.0018390791636284792,3.5018759379689848
0.012394136381112794,2.0012756378189094
0.004879124135675282,3.863406703351676
0.00424295663363692,1.1222111055527766
0.010283392099721886,2.362806403201601
0.010289796757802658,0.05
0.011747053632382584,0.05
0.007092542607030156,4.123411705852926
0.00617341886563974,3.935217608804402
0.008186861203963496,5.0
0.009759621846829707,1.4342171085542774
0.008729554497079475,3.7866433216608306
0.007532482625905855,1.2460230115057531
0.017514777704717044,4.024362181090546
0.013045280965299097,1.5283141570785395
0.006656110159728994,4.479989994997499
0.005938391137684393,1.4812656328164084
0.012547874630444968,0.5898199099549776
0.009035649894844476,3.690070035017509
0.00442326981642166,2.5287143571785893
0.004971750332785366,2.825862931465733
0.0030828606171294237,1.2930715357678841
0.004900829625306177,2.4098549274637318
0.009354194301077465,0.05
0.0018294790893882834,5.0
0.00665068133980487,1.7536518259129568
0.010668956861398377,0.8027763881940971
0.016854158498255396,1.9245122561280643
0.009940140320488997,0.05
0.00762983084798393,3.598449224612306
0.014248229138561844,0.2802901450725363
0.011437940256015577,1.825462731365683
0.01118492789520737,1.5506003001500752
0.00699127934022515,2.256328164082041
0.016746154729595217,4.975237618809405
0.010972182205978245,0.05
0.007591759331286321,1.6323161580790397
0.01224518391371665,1.325262631315658
0.008000227840870622,0.05
0.016261244476436898,0.05
0.013861856418437346,0.8597298649324664
0.01687874693635117,0.05
0.008066066282316237,0.05
0.004931517747412739,2.7070035017508753
0.006945962419645416,2.194422211105553
0.007196353799338501,4.665707853926964
0.012118119579321733,0.05
0.006595063039568395,1.3970735367683844
0.005027361617844166,3.4721610805402703
0.004348363959489593,1.7858429214607305
0.00706710736559199,3.031390695347674
0.008921592243689588,1.2385942971485744
0.010035543266983603,4.640945472736369
0.010435485666325205,0.05
0.012533776922067294,3.1230115057528764
0.0024181614012363586,0.05
0.011150912121497075,4.752376188094047
0.006667154351399453,3.036343171585793
0.0027300469785656173,5.0
0.007110097762295042,4.903426713356678
0.0019334192741981282,0.05
0.016800658376018344,0.05
0.0034194142542798567,5.0
0.001960425055995363,2.731765882941471
0.0037591969639357223,4.611230615307654
0.004602697343178766,1.5431715857928967
0.015352067213603604,4.5418959479739875
0.006149389115283302,4.839044522261131
0.009232523133739783,0.05
0.013236158877476797,0.8498249124562283
0.004356897460418674,1.2881190595297651
0.008807769854256513,2.7441470735367686
0.01252882001695569,3.568734367183592
0.008362598353651787,3.853501750875438
0.004013290232130262,0.05
0.012210437458316847,1.0751625812906456
0.005360909799328115,5.0
0.012269755195548349,3.3384442221110557
0.0006910845677546504,5.0
0.008772686892118783,0.05
0.00391310576801681,5.0
0.006233360145166816,0.05
0.008578423216026948,4.653326663331666
0.001054745479547703,2.5435717858929467
0.004825234850066702,1.993846923461731
0.007501380505733235,1.9789894947473738
0.011288355477267475,1.3277388694347174
0.010238627083577742,4.601325662831416
0.0030141617972876678,2.055752876438219
0.015806355922121963,1.9319409704852428
0.012910981086027035,2.47176088044022
0.0059580071517494615,4.190270135067534
0.018457243811380572,5.0
0.006098688239684666,0.05
0.010199844449864985,5.0
0.0016875689572116298,5.0
0.009117633924859592,5.0
0.001210111556235155,2.266233116558279
0.003797192383418191,0.9241120560280142
0.0036286229068685227,1.7709854927463733
0.008777766256824839,5.0
0.003458155551016487,3.690070035017509
0.009345074963035646,4.034267133566784
0.011797644409178569,0.05
0.008347259469774701,2.5386193096548273
0.003902541937768192,1.7982241120560283
0.018270881957696945,2.4965232616308155
0.008181040385281071,2.541095547773887
0.0019387039054432897,1.9368934467233618
0.007842515300927388,2.2637568784392195
0.0045363029552865225,2.637668834417209
0.005257314379306849,5.0
0.009579021110897479,4.831615807903952
0.005770596590380969,5.0
0.007162022485302538,3.8832166083041524
0.009070787996578775,2.5708104052026015
0.0019544285650597085,3.8708354177088546
0.0014200364835669638,1.4812656328164084
0.009041467867795284,5.0
0.014928324423143943,2.6277638819409703
0.005446717006976784,1.7561280640320163
0.006178189642685919,2.803576788394197
0.013112425113524263,2.9422461230615307
0.014026993145192596,5.0
0.006694322478213423,1.3425962981490747
0.012867339897743267,0.05
0.006434882720966477,4.8860930465232615
0.010559304781122943,1.1692596298149076
0.010729814431440388,4.928189094547274
0.011631151915661733,4.338844422211106
0.007102101104489132,0.05
0.013483854950418803,0.05
0.009145381809479443,5.0
0.012522570935381762,5.0
0.016414297293882302,4.925712856428214
0.0027435290896773157,0.9513506753376689
0.0019558670989515275,0.05
0.004388636331729229,0.05
0.006008650915458706,4.477513756878439
0.006643922039343435,3.8237868934467234
0.015541198289473285,0.05
0.002297753454941591,5.0
0.006432461628466099,2.189469734867434
0.0058768063450131205,2.3108054027013507
0.008998894083772899,4.908379189594798
0.007560390472447637,5.0
0.014458509353354618,0.05
0.005304630113530676,3.52663831915958
0.015760411151673218,1.7189844922461233
0.002649428798253098,1.7140320160080043
0.006624900085314578,0.05
0.0069994799240255395,1.8229864932466235
0.008053825866845797,0.05
0.0077807129904715056,5.0
0.017850112311361938,0.05
0.004909420777326506,0.05
0.004997455786789881,5.0
0.005537765397381246,4.856378189094547
0.007207585773037595,3.917883941970986
0.00597787243129623,0.05
0.005596859440333911,4.94799899949975
0.01084209930723573,0.05
0.007487632621497306,2.3207103551775887
0.00811988826349376,4.517133566783392
0.0008862899010569081,4.84399699849925
0.0035685045754841466,1.8328914457228616
0.004079445680309907,4.853901950975488
0.009852276142551485,0.05
0.008133532514652889,2.2860430215107552
0.005597924068098101,5.0
0.01478964501777779,1.6001250625312657
0.0022141047313981727,3.662831415707854
0.006858016252475292,5.0
0.0054748823020530635,2.382616308154077
0.01640938534806767,0.05
0.008894166635279983,3.390445222611306
0.005853841508829824,4.9356178089044525
0.01575550467728095,5.0
0.00913942968789936,4.982666333166583
0.007688985913591018,3.1774887443721864
0.0029246496753934023,1.8452726363181593
0.028881733209578812,3.761880940470235
0.005157968385427543,5.0
0.0038099147744872774,0.05
0.003960307751541645,0.05
0.0072466147951456145,1.3970735367683844
0.0043112412853820725,3.9698849424712357
0.017318415831372225,1.7066033016508255
0.0026590533678797074,5.0
0.003986819264140726,3.2691095547773887
0.013540207921506259,2.6649074537268636
0.021783678124385572,5.0
0.004179860160599555,1.4540270135067535
0.001175107506370121,4.400750375187594
0.009950264580329785,4.3735117558779395
0.0073119171347584,4.7969484742371185
0.009389376350048474,2.4593796898449227
0.008481051430752576,2.3702351175587792
0.002798273547648056,0.8820160080040021
0.01991973681970796,4.593896948474238
0.008277606363950328,2.4866183091545775
0.021919930906003054,0.05
0.009420199658567822,2.3231865932966485
0.013723475787164735,0.05
0.009845495582610816,0.05
0.01358192692377265,1.3549774887443724
0.017754067780350137,2.204327163581791
0.006823768679930897,2.4866183091545775
0.004921912639919805,0.05
0.0072209233004904005,4.400750375187594
0.012799012066753539,1.0479239619809906
0.0034599869109202264,2.357853926963482
0.017166987219114166,0.9785892946473238
0.009854240969318535,4.207603801900951
0.0035375447056439635,1.8378439219609808
0.00394975619139061,4.8662831415707855
0.006986945894774069,4.4032266133066535
0.006989091763144176,2.4296648324162082
0.026035181227973714,0.05
0.008742654402413647,2.5435717858929467
0.0018920207404774583,1.3599299649824914
0.010010526759524435,1.4391695847923964
0.014037514940607301,4.858854427213607
0.007877082162693769,0.2208604302151076
0.008509867796933815,2.9595797898949474
0.014279446234177949,3.6034017008504255
0.012739033306904679,2.008704352176088
0.00491660881398949,0.05
0.009911756545720712,5.0
0.007731821354102955,4.678089044522261
0.01046451012952744,3.643021510755378
0.0042956227805276415,1.1395447723861933
0.0028505017593856083,1.6298399199599802
0.018406512479173423,0.05
0.0037912995525625076,5.0
0.0012990337386735856,1.2584042021010506
0.0071989653079846255,4.081315657828915
0.005688815334301357,4.039219609804903
0.007155741448492618,0.05
0.00863109011980183,0.05
0.007296773403519308,2.023561780890445
0.004843715890547773,1.704127063531766
0.002304699047285627,4.715232616308154
0.00688437441485204,2.251375687843922
0.010045737665094173,4.846473236618309
0.005762190660129375,3.147773886943472
0.008268173245185431,4.720185092546274
0.010921573419287602,4.229889944972486
0.015316953241234325,5.0
0.009044428705941944,3.4969234617308658
0.0025035622195623414,3.583591795897949
0.008991593036312126,5.0
0.008376294889390248,2.778814407203602
0.006505113503528379,0.2703851925962982
0.0027367935169671093,2.4321410705352675
0.008897130347599529,2.3182341170585294
0.0021261748095369737,3.142821410705353
0.003446615043438732,3.395397698849425
0.005688590698195328,4.700375187593798
0.003403695925502652,2.6550025012506255
0.002061720140420019,2.466808404202101
0.004555109448262505,5.0
0.006328435207784491,2.890245122561281
0.00325855089708265,2.9595797898949474
0.007634818405397335,3.3533016508254128
0.013804303405016156,0.05
0.0030956425592215953,2.36775887943972
0.006943548156629904,2.182041020510255
0.003666981325376392,1.8106053026513258
0.010574742343883115,4.611230615307654
0.0075062660830414185,3.6925462731365686
0.007835891181085838,1.9319409704852428
0.00288128013657183,1.9071785892946476
0.007374765697726084,0.05
0.02195132714177679,0.05
0.0009011422875018216,5.0
0.015159359073650687,2.5039519759879942
0.002414251848907853,3.1972986493246625
0.012725865989016358,1.36735867933967
0.008130817983415743,3.7395947973986994
0.012219537343457251,3.7222611305652826
0.006293650952975002,3.4573036518259133
0.01973277273833736,2.5386193096548273
0.007930916278002256,1.2064032016008006
0.014029871055531065,3.061105552776388
0.006445295217368495,1.6917458729364685
0.016117527196868223,3.6454977488744373
0.006951052908702585,1.451550775387694
0.005952558119985393,0.461055527763882
0.004539482493809546,1.2509754877438721
0.010988809420265915,1.2014507253626814
0.014779054256039363,0.05
0.00505432589327251,1.2014507253626814
0.004690580572923944,1.5605052526263132
0.009754638153547712,0.6814407203601802
0.014818074510015836,2.298424212106053
0.008863648102278285,1.0652576288144073
0.005367672114913083,4.42551275637819
0.004163105211815218,0.05
0.01258178393509505,2.699574787393697
0.017408500849929003,2.303376688344172
0.010935155033139896,0.05
0.017138040186818443,1.7239369684842423
0.010813620089096691,5.0
0.009560676867927692,3.05120060030015
0.001967948201439043,3.7148324162081043
0.009406436929719,1.8403201600800403
0.012726177167263597,4.871235617808905
0.006416683297405308,2.793671835917959
0.005310336749732969,4.900950475237619
0.008330695060228793,1.8106053026513258
0.0039072154235381545,0.33724362181090545
0.009760166357065503,1.9393696848424213
0.008934354569322255,3.2740620310155077
0.0053317275010435344,0.9662081040520262
0.005796735174145175,2.2488994497248624
0.003816437819978244,2.303376688344172
0.010206514018330129,4.326463231615808
0.007790715656358922,5.0
0.012412659876028118,4.442846423211606
0.005777665998550688,3.8287393696848424
0.006028166456080376,4.115982991495748
0.005008260396573622,2.3652826413206602
0.008340051596520015,4.375987993996999
0.010296844702063476,5.0
0.004937107634252626,0.05
0.01091620712815277,1.4342171085542774
0.02246994410707867,0.05
0.009596223924175952,3.6554027013506754
0.005340675920157689,1.746223111555778
0.005534104852279904,1.2361180590295149
0.007177736783786234,4.928189094547274
0.005119030286878906,3.219584792396198
0.007370753175434827,5.0
0.0032931973426526956,2.3479489744872435
0.003408564382895135,1.3500250125062534
0.006242644918102891,4.3140820410205105
0.007273524820727073,1.5382191095547775
0.014192501280603217,0.05
0.005455953499628977,3.1230115057528764
0.008281151484214093,3.932741370685343
0.006321635717628893,2.2538519259629815
0.004553486298002139,1.689269634817409
0.005769858888261349,1.278214107053527
0.00700747774991585,3.4548274137068535
0.004143308795008335,4.509704852426213
0.006877613283046785,1.5803151575787895
0.006598687442204765,3.8757878939469737
0.007386630245310596,2.0508004002001
0.016406266850263078,0.792871435717859
0.006177825712544188,1.3797398699349677
0.006211535278402694,0.05
0.013109872850063556,1.441645822911456
0.00338197754790371,5.0
0.010291317660311952,5.0
0.005415469640362276,2.021085542771386
0.011836167834907235,3.1972986493246625
0.009847080204146028,0.05
0.012277877118418913,3.99959979989995
0.008230922234204734,5.0
0.004950221578350053,2.461855927963982
0.008651975190533436,3.05120060030015
0.00828365460634467,0.05
0.013600789690091042,0.05
0.002364272361179018,2.112706353176588
0.006083674830763705,4.484942471235618
0.012872722400740132,4.819234617308655
0.004140782753738047,3.2913956978489245
0.0032396348394529983,1.5654577288644325
0.02724636616586068,0.05
0.004270861827195563,3.3582541270635318
0.00927281622027823,4.489894947473737
0.011028952684593064,0.8324912456228115
0.009186321525224736,2.2959479739869937
0.017323403778540046,0.05
0.007024036720818833,0.05
0.008837821793916345,3.3557778889444725
0.01814223823972437,0.7136318159079541
0.010457068909716233,4.972761380690345
0.004406347812530645,5.0
0.009760250728653413,4.442846423211606
0.00754595157889968,3.853501750875438
0.004670758980988399,4.039219609804903
0.0059804110779955455,2.0384192096048026
0.006257887285544814,3.063581790895448
0.009077086167614656,4.616183091545773
0.008369630930939495,1.6917458729364685
0.00820407132070055,5.0
0.020420606793968635,0.05
0.004564469686734983,1.605077538769385
0.02452099885314034,4.098649324662332
0.008196856985356993,0.05
0.007075962715492268,4.638469234617309
0.008177032637553372,4.10360180090045
0.007880915412472052,2.5188094047023513
0.006333079453478496,0.7012506253126565
0.006472533821159851,0.05
0.0068284970282887075,1.2336418209104554
0.008772062408302875,3.311205602801401
0.012868506807537802,3.400350175087544
0.007473858568762579,3.8188344172086044
0.002759565552441952,0.05
0.0026925076392400743,3.774262131065533
0.010356754026306904,1.919559779889945
0.00355510723081838,2.0285142571285646
0.0063214441420232775,4.517133566783392
0.02310378448528698,2.957103551775888
0.00526469310740392,5.0
0.00897018510935916,4.762281140570286
0.005453451677995512,3.4350175087543775
0.005830274977184982,2.6970985492746373
0.010282236663640643,3.8807403701850927
0.010167237116975925,3.754452226113057
0.007812681593391525,3.9921710855427714
0.007134190096963339,0.7854427213606805
0.003920541482766139,5.0
0.008952219596784605,3.0091045522761384
0.005093117997660837,1.4144072036018012
0.011390997224607277,0.05
0.00799612246394564,1.572886443221611
0.007950869737464228,3.306253126563282
0.013056056625657723,2.196898449224612
0.008727064453702763,2.9991995997999
0.014958385816974673,1.6075537768884445
0.0033830875133394472,1.6224112056028015
0.008445972971204196,2.2488994497248624
0.007730837961414924,0.05
0.007866621788344581,1.5976488244122062
0.013060671822813452,3.846073036518259
0.00756952328581878,3.0437718859429714
0.006116754468561095,3.9500750375187597
0.014592331639290301,3.7074037018509256
0.012428658255111483,4.507228614307154
0.007382566825063233,5.0
0.0044997823128402475,3.573686843421711
0.004845485766390545,3.058629314657329
0.012230023866100503,0.05
0.005729189486517142,0.9364932466233118
0.0028666827338512044,4.777138569284642
0.004522090839781209,2.5089044522261132
0.005867050008187477,1.99879939969985
0.014036786839482347,3.917883941970986
0.007913383859894846,4.73999499749875
0.006024082684193757,4.408179089544773
0.013494939751076726,2.006228114057029
0.00407269178252094,5.0
0.007483630967260513,4.2150325162581295
0.009200966309752395,2.642621310655328
0.005704984543145858,1.0974487243621813
0.009212276434956097,0.05
0.0047921294872722425,5.0
0.0046045825798818885,2.6921460730365183
0.003269301759741647,3.7197848924462233
0.029325865780248372,0.05
0.006081046949580969,0.05
0.004024495764012204,4.522086043021511
0.006605161854316685,1.2534517258629316
0.007981199188353577,5.0
0.020319605994322754,0.05
0.011669153486090877,5.0
0.014223747472131926,1.2163081540770386
0.008918553456916029,4.8959979989995
0.01043107382073015,0.05
0.012485026755580872,4.732566283141571
0.002176209776440549,3.125487743871936
0.0016478840095450337,2.2488994497248624
0.005371901091030584,1.0900200100050026
0.007662618986059126,2.100325162581291
0.003580571780237657,3.479589794897449
0.006813935624443851,4.925712856428214
0.004850210723342893,3.0016758379189596
0.00659162026802998,4.952951475737869
0.00844264190503162,4.021885942971486
0.005218539174776084,2.182041020510255
0.027870413162942947,0.05
0.008174515977724277,4.881140570285143
0.007243240603996448,3.479589794897449
0.0030642635713773736,5.0
0.005985688367149231,2.5485242621310658
0.01477175768560944,1.040495247623812
0.005760393260223359,1.5803151575787895
0.014713259115195693,2.699574787393697
0.0038791306033713197,1.6125062531265635
0.003918795203569525,1.0256378189094548
0.004349954655585644,5.0
0.0021237865293504965,3.5414957478739373
0.002874847490188015,3.7024512256128066
0.008223567480533253,2.721860930465233
0.013620609146991605,0.05
0.010010577636680805,2.5039519759879942
0.005921108444816581,0.05
0.005507816245234373,5.0
0.011755371477710823,0.05
0.002562086833462769,4.720185092546274
0.007192827660883527,2.1746123061530764
0.006784228576370344,0.05
0.003740509211223708,5.0
0.0068747598341541635,0.9265882941470737
0.008863516122700657,1.9789894947473738
0.0014114050651807541,1.7586043021510758
0.002924124873983719,1.2113556778389196
0.005838866286243818,1.4020260130065034
0.0027103360947116073,3.7123561780890446
0.005475628704240891,2.3182341170585294
0.0037476966943400802,3.415207603801901
0.026844864245367778,4.940570285142572
0.0010994858860521456,4.789519759879941
0.003114887235424371,0.05
0.006545564665274145,4.071410705352677
0.010023262633901,0.255527763881941
0.006190681008008264,2.082991495747874
0.007542494758358852,0.05
0.014091469128206371,0.05
0.01869609076405436,4.31655827913957
0.0037385184009667144,0.05
0.011966258668364836,0.05
0.0031016224899737058,0.05
0.007697381352102184,4.712756378189095
0.005133453098241883,5.0
0.008141110547245076,3.766833416708354
0.026011726994722678,0.05
0.0067837305326590575,4.1853176588294145
0.016749906582183394,2.976913456728364
0.005504683637179278,1.2113556778389196
0.00646634950755437,5.0
0.0029990321029155637,5.0
0.011802497115333918,1.0206853426713358
0.014356199403449212,1.5951725862931467
0.003542323382952288,3.57863931965983
0.0063950278460205845,1.5530765382691347
0.004588507476330397,1.1172586293146576
0.004659139216389843,2.293471735867934
0.008337642285118248,2.94719859929965
0.002870498391993964,2.026038019009505
0.003749322730035573,5.0
0.014028692774939691,0.05
0.0024777000796479265,3.7296898449224614
0.0028874990242615667,1.4391695847923964
0.0024766626680526593,5.0
0.014169328604902678,0.05
0.006369896809286832,4.21008004002001
0.0067121560499749655,3.0388194097048524
0.002747610863126103,4.123411705852926
0.007589222570588257,3.9475987993997
0.004477812717109418,2.0483241620810406
0.00304867914475266,0.3570535267633817
0.006273699511702091,2.806053026513257
0.014209821916795241,3.4672086043021513
0.006694145767275908,4.26208104052026
0.014253178418785942,1.203926963481741
0.008829653303813259,2.3603301650825412
0.004435729677658408,5.0
0.006727505497454128,3.9624562281140574
0.005950248870444062,0.8646823411705854
0.010693232824991863,4.653326663331666
0.00815722357447761,2.7689094547273636
0.002267179100123015,5.0
0.006174430367879638,1.8403201600800403
0.0019386078089618994,5.0
0.005738002121684543,1.013256628314157
0.01720833036721283,2.3157578789394697
0.020188582220582424,5.0
0.0010638938810889412,0.05
0.01405120031752171,1.0182091045522763
0.004018574722240202,1.9121310655327666
0.009656292796824173,4.995047523761881
0.012180977614828725,4.111030515257629
0.004877816526769468,4.492371185592797
0.0033261579783658776,2.746623311655828
0.0034151846868497315,1.3772636318159082
0.002367987190360951,1.9344172086043023
0.007546878094754732,3.120535267633817
0.008557609796898846,2.2340420210105054
0.004824203750359982,2.013656828414207
0.005716997236708599,4.683041520760381
0.0017366063054869846,2.3207103551775887
0.002929063349100147,2.392521260630315
0.011027330801213403,0.05
0.0052486040092336456,2.0483241620810406
0.011478724665182516,0.8919209604802403
0.0027329274335400403,3.665307653826914
0.011933165309595803,4.190270135067534
0.006969800774342713,4.101125562781391
0.0038719806912062005,0.05
0.009741341280932708,2.642621310655328
0.006682338743590345,3.6925462731365686
0.009305365174588687,0.05
0.0008465936997822179,2.5807153576788395
0.003691995719526643,3.410255127563782
0.0018524503217680621,3.0091045522761384
0.0035641108501276095,3.8609304652326166
0.010942959253965656,1.1271635817908956
0.01480526517027013,5.0
0.01800095749982642,4.744947473736869
0.0015005035045684567,3.4077788894447223
0.012787805951017278,5.0
0.01000781468545632,2.2959479739869937
0.005769686041508119,5.0
0.003436357247844378,3.838644322161081
0.009112671551697427,4.3140820410205105
0.007181239436408998,3.0437718859429714
0.022112528938823116,3.4870185092546273
0.004967186411453842,0.05
0.007637071242474244,5.0
0.005301249249398204,1.877463731865933
0.004104734563181653,2.8803401700850424
0.008107196576741804,4.782091045522762
0.009394646270861687,2.89272136068034
0.013940354065107144,3.846073036518259
0.0035161978679278325,0.05
0.004649234920291907,1.0330665332666333
0.007615341852769637,1.3747873936968487
0.005331692146731917,1.689269634817409
0.0029603393127071165,4.566658329164582
0.0078598326900738,1.278214107053527
0.009748379936835916,1.773461730865433
0.007836031478436672,4.673136568284142
0.005417948903687325,4.816758379189595
0.0031752720410426344,0.05
0.007135386749795296,2.4172836418209105
0.01559734897626426,0.6740120060030016
0.003966452774326695,1.57783891945973
0.0034687561009909065,2.125087543771886
0.008359003413854892,4.891045522761381
0.00822963514008973,4.353701850925463
0.0025027364409020703,2.4148074037018508
0.012436042385954395,2.6550025012506255
0.005005457435430301,1.5506003001500752
0.0045006812524677545,3.8039769884942474
0.005357979116675182,1.3921210605302654
0.0070150257188876936,0.05
0.0024835266157096636,3.667783891945973
0.005363991376363092,0.05
0.004748829001720897,2.4172836418209105
0.0038302952877558305,5.0
0.010664057763840398,5.0
0.008540070079395376,1.6768884442221113
0.00805868076391994,0.05
0.008442125702666045,0.05
0.008481022762440067,5.0
0.005708549167818357,4.7969484742371185
0.01545679815096064,0.05
0.009545566724105947,3.1329164582291145
0.001778807439532376,4.42056028014007
0.005244625791904503,5.0
0.008715595422649616,2.377663831915958
0.006325014555467648,4.212556278139069
0.004013873873059445,1.4119309654827414
0.00894117138561041,0.05
0.004778959070694436,1.1147823911955979
0.019353183357466552,4.400750375187594
0.005689871050476289,1.161830915457729
0.01156853241746894,5.0
0.005734294786156731,2.5658579289644825
0.004163744181837535,4.631040520260131
0.012553632765126742,0.05
0.00890486583498687,2.806053026513257
0.005435322278920171,2.8506253126563283
0.004447737264678758,3.58111555777889
0.004139063687900846,1.9368934467233618
0.0033954543731682177,5.0
0.005609939487091563,3.3755877938969485
0.007913458175876464,2.885292646323162
0.012967830607246912,0.05
0.00884466767714858,0.05
0.004159147795528895,3.1750125062531267
0.009199153994174543,1.619934967483742
0.012655225308970827,4.0664582291145575
0.002431355750001661,0.05
0.01399889038807145,4.356178089044523
0.010807922043798449,2.5485242621310658
0.024130848000541785,0.05
0.02687364575405221,0.05
0.006439120393444443,1.3054527263631817
0.010240739543278018,3.8188344172086044
0.0030349642860609746,5.0
0.013773491168526601,3.868359179589795
0.006167678934352161,2.8506253126563283
0.005821230718007449,4.408179089544773
0.007902332928244951,3.670260130065033
0.013557553644760717,4.613706853426714
0.003272374915823245,2.1597548774387194
0.014468330776584326,3.58111555777889
0.01756032020247897,0.05
0.017617013732682624,3.677688844422211
0.007852234152163684,1.8898449224612308
0.007353715211979861,3.2666333166583295
0.0016924439592650997,2.0953726863431714
0.009643433013184072,4.47503751875938
0.02261886607868395,0.7606803401700851
0.015385569557978387,1.1865932966483244
0.00566907541924723,0.05
0.00808211427429327,4.202651325662831
0.005205142108490601,2.2959479739869937
0.006751648336092382,2.3207103551775887
0.014211297194199224,0.05
0.001427674597056429,5.0
0.006967554490718918,4.3636068034017015
0.0067913682045470936,4.5418959479739875
0.007797759423247272,4.2843671835917965
0.008302692899642555,3.514257128564282
0.007354373287638605,2.4172836418209105
0.011262958843816784,1.5332666333166585
0.0034806947519510634,1.8527013506753378
0.0032016943609814233,1.605077538769385
0.010818387959690368,1.9740370185092548
0.005017479653474426,3.5241620810405205
0.005018888302745647,1.8056528264132068
0.004501726998936459,4.762281140570286
0.004789091075844548,5.0
0.006979813035641422,1.3599299649824914
0.0068560097061148365,2.3949974987493747
0.0052888766395872006,3.7965482741370686
0.006078156951041622,2.5014757378689345
0.006203476642746036,3.241870935467734
0.017484708007911666,3.657878939469735
0.004878177427432823,3.425112556278139
0.008978895885542584,0.05
0.0020671700069415863,4.170460230115058
0.003917871826961274,0.15152576288144073
0.0024626687660491003,4.1754127063531765
0.0014752114332580585,4.62856428214107
0.004251476939969946,3.046248124062031
0.001985106270105237,0.05
0.005355278103349334,4.871235617808905
0.015144720400145015,0.05
0.004210640781503683,1.241070535267634
0.00456631528586833,4.091220610305153
0.007712802279562336,0.834967483741871
0.004584874164815456,0.05
0.0078408209690176,1.5555527763881942
0.00554619466906843,5.0
0.008642170376042528,5.0
0.0016101668714086914,2.887768884442221
0.0032628269807585195,5.0
0.008728459840110364,2.984342171085543
0.006173258682187668,3.620735367683842
0.0081355119420334,5.0
0.00987512742949153,5.0
0.00263123054576659,3.9649324662331167
0.010537610390223419,1.7016508254127065
0.004521343768691101,4.286843421710856
0.013484146152721525,1.8279389694847425
0.011220620608392358,3.9723611805902954
0.0027746583803101715,0.9117308654327165
0.009885457819080554,2.5336668334167083
0.004595545314027741,4.700375187593798
0.0029384502506500376,3.145297648824412
0.0066078164650406335,1.9443221610805406
0.0015834380945864562,2.7020510255127563
0.015854946085346294,4.514657328664333
0.0020553701219910778,3.504352176088044
0.004919301690473631,4.465132566283142
0.0038124018370314858,4.140745372686343
0.005954059257030651,2.3330915457728865
0.007551266042192528,0.5799149574787394
0.004180515421262104,5.0
0.0065688020143836595,1.6273636818409207
0.010733861672687174,5.0
0.00468609576402914,1.4267883941970987
0.010977283524167991,1.7288894447223613
0.004325343706436127,4.328939469734868
0.0038451631327502886,2.6970985492746373
0.012270654739533052,1.0281140570285143
0.0018518636003327718,0.05
0.016641912026977505,2.357853926963482
0.013021165012505831,1.0726863431715858
0.009403258085879385,3.8287393696848424
0.010478841963348043,0.05
0.012820339557851841,2.3429964982491245
0.01115510869476656,1.2534517258629316
0.008133073345009595,2.182041020510255
0.0044043306000994265,3.680165082541271
0.013918557745017178,1.694222111055528
0.007072292556373094,1.8081290645322663
0.013030190719109283,2.667383691845923
0.0020785886199967823,3.8931215607803904
0.0060494707309909634,2.256328164082041
0.007104706602568907,2.8753876938469234
0.006931056331581045,5.0
0.0025163251094722297,4.514657328664333
0.005187648457912891,2.308329164582291
0.0045492636126166774,2.2464232116058027
0.01083339691433597,2.979389694847424
0.012038168779119729,3.2691095547773887
0.005880571785907611,4.554277138569285
0.0047571716546257956,3.8435967983992
0.011369997479894624,1.2460230115057531
0.007175236473040872,5.0
0.01203555920974933,2.897673836918459
0.013159779123485635,5.0
0.0066211290888082,3.004152076038019
0.00784109110291769,2.877863931965983
0.005662001700781981,4.2645572786393195
0.004013128031804536,0.05
0.008033788810890868,4.653326663331666
0.013197369654975935,4.068934467233617
0.008078430365703708,5.0
0.016747276016605236,0.05
0.013707638123748436,0.05
0.014308878942029313,0.381815907953977
0.01428673615815148,3.8931215607803904
0.009243116229196796,3.675212606303152
0.0019269502084344192,3.041295647823912
0.010109966807221954,2.6599549774887445
0.004845184184139095,3.335967983991996
0.005139402228888007,4.036743371685843
0.020782972365754535,2.461855927963982
0.010307245438487413,4.943046523261631
0.006234257701334803,2.5138569284642323
0.01846777991528667,2.7911955977988994
0.008373039607722677,1.7709854927463733
0.008058001634617853,0.05
0.014032930914585101,0.05
0.007430546548921481,2.0532766383191596
0.012031264176874612,5.0
0.010160297228674363,2.1226113056528266
0.00833906278879186,5.0
0.006894847588282335,1.6496498249124565
0.0023052982391224136,5.0
0.004964316299136157,3.7296898449224614
0.005603025139934249,0.05
0.005404677817596973,1.399549774887444
0.009691052531657043,0.05
0.008082564536097174,0.05
0.012121164273545204,3.0289144572286144
0.010671691203419577,4.742471235617809
0.005531913343698014,0.3248624312156078
0.010875485068608484,1.4218359179589797
0.001287329412478104,3.900550275137569
0.001548245969608425,2.546048024012006
0.01681986281468139,3.3013006503251625
0.0033775040162277586,0.7408704352176089
0.007188928927805066,1.5605052526263132
0.01047563029240943,4.400750375187594
0.009067606436539477,3.7197848924462233
0.007467641340107356,4.58151575787894
0.017351462914398652,1.8130815407703853
0.0066567331017291925,0.05
0.012785611292793472,4.799424712356179
0.006127840447789176,3.8138819409704854
0.005759399474802487,4.021885942971486
0.010122580048282329,5.0
0.021679644835353055,5.0
0.003476184806709748,1.694222111055528
0.005759225394256544,2.5386193096548273
0.0068437015690188535,5.0
0.0038152992950354486,2.256328164082041
0.008349175613074078,0.7111555777888946
0.00970786100255587,0.05
0.004072482990142706,2.1448974487243624
0.006735855306907151,3.764357178589295
0.0185922750609456,4.826663331665833
0.008153788856268038,5.0
0.009480999416351658,0.05
0.008207318494671309,1.8229864932466235
0.005161552499665142,4.678089044522261
0.005485606368812061,5.0
0.005673752610345993,2.8951975987994
0.009143606084964166,2.2909954977488747
0.011681816559413152,3.4275887943971988
0.008799796292914788,1.815557778889445
0.002958848808668535,2.7911955977988994
0.009067471761336862,4.645897948974487
0.002625059926410732,4.430465232616308
0.012409249032403043,1.9319409704852428
0.008076777945562927,5.0
0.01276401859799272,1.8106053026513258
0.002186701599271562,5.0
0.016030028000512522,0.05
0.0019580037825157603,0.9662081040520262
0.01269635178909348,0.05
0.0009806794621339682,0.05
0.013380623425217501,2.10280140070035
0.005611665482382691,2.1746123061530764
0.004671796215853688,0.05
0.0042983867748517465,5.0
0.0029344350108954434,1.0578289144572288
0.01452399984110718,1.6224112056028015
0.0027931234152450274,0.05
0.014497120208333478,0.05
0.0057780418476474915,2.189469734867434
0.005492231262305955,2.5856678339169585
0.0022326188663824853,3.150250125062531
0.010104872756897615,3.52663831915958
0.0032983947071897265,3.2963481740870435
0.011068462879020954,0.05
0.012716180036475844,0.05
0.008264234808739779,0.05
0.006013734460762657,2.035942971485743
0.02197399494610583,2.4073786893446725
0.01320904215604543,2.642621310655328
0.011433306897280775,3.670260130065033
0.009558698802254108,5.0
0.0025199032257903625,5.0
0.0041864443694744555,5.0
0.00965912117462954,5.0
0.0030478141567743117,1.0801150575287646
0.008258322899296615,2.971960980490245
0.003860300427433752,1.8007003501750878
0.0031867720587763146,0.05
0.00340884957842192,3.873311655827914
0.003827964937721584,3.3780640320160082
0.01716769684807759,3.222061030515258
0.021379284559697655,0.05
0.02232153369167831,0.05
0.008537540743586841,2.0854677338669334
0.0023929980540237997,3.3483491745872938
0.0061742150820769184,1.040495247623812
0.018933585102385617,1.8650825412706356
0.009874310908783546,5.0
0.007831475082206676,4.554277138569285
0.009426533334409327,0.05
0.006038137833550963,5.0
0.008074978796775975,0.05
0.0043254341496777385,3.3830165082541273
0.019383315021888614,2.6649074537268636
0.007590151558223693,1.5976488244122062
0.0043705423976102,0.05
0.03292056001895685,0.5724862431215608
0.00625061146070581,1.8873686843421713
0.006169621288881752,5.0
0.008758978260369463,1.241070535267634
0.013116768647703121,4.591420710355178
0.006451962480761644,5.0
0.006308835735551313,2.0755627813906954
0.004692368388549431,1.4862181090545274
0.0077238362175292286,4.150650325162582
0.006955108854244281,0.7111555777888946
0.0071641087989993135,2.030990495247624
0.006901466544361606,0.05
0.006487668517526621,2.1597548774387194
0.002375486589215367,5.0
0.002280486429711903,1.830415207603802
0.00678273178612776,0.05
0.007436394133077666,2.214232116058029
0.007386596300147791,5.0
0.0068080012334390955,5.0
0.006202211250474057,2.3801400700350177
0.003296442442980149,2.647573786893447
0.012802608757789553,1.3648824412206104
0.005715291392468909,4.507228614307154
0.0033364399020284347,3.932741370685343
0.011732982902313352,3.3755877938969485
0.005564082168415224,3.0091045522761384
0.009575176350872516,1.7536518259129568
0.00702692768567921,0.05
0.003658132605087676,1.0578289144572288
0.008707868257296886,2.0607053526763384
0.0032343180378550246,3.8980740370185094
0.006916415406347118,4.3636068034017015
0.007027518515641429,4.1060780390195095
0.007269566294110061,4.507228614307154
0.01664369462603578,5.0
0.00589019743921515,0.05
0.0045391731168926,5.0
0.006648231055631684,4.1754127063531765
0.008636419254518676,5.0
0.010096442299733936,2.3207103551775887
0.004445334999877079,3.5613056528264133
0.005252838698680214,3.0908204102051027
0.018033613348764604,3.7148324162081043
0.01267163101510859,0.503151575787894
0.008527273477528213,3.0289144572286144
0.008176356056373457,4.442846423211606
0.005684322029685718,1.4317408704352177
0.00678853453590942,5.0
0.008008025004815608,1.8106053026513258
0.004140629374349933,1.2286893446723364
0.016123825053947945,5.0
0.0029776023216975325,3.7816908454227116
0.0035465988125070597,2.3429964982491245
0.008841784142997994,3.9921710855427714
0.003489500929799931,2.9372936468234117
0.013916574440399607,4.232366183091546
0.007322275965499989,1.9220360180090048
0.008171461747679118,4.839044522261131
0.0013431257148490555,3.727213606803402
0.0038854067936693604,5.0
0.003896095818667969,0.05
0.012615635912580851,2.798624312156078
0.007416589495923553,3.9401700850425216
0.005428693474698369,5.0
0.010140654643421891,1.7709854927463733
0.002057170139451281,5.0
0.014436796729854054,0.9043021510755379
0.011984219345738789,1.4317408704352177
0.007991530135584679,0.05
0.013604788544730073,0.05
0.003516481259800072,4.923236618309155
0.004434695141951342,4.544372186093047
0.005194242505910468,2.5485242621310658
0.01060346359507014,3.4771135567783893
0.004066814985880768,5.0
0.006137830373803735,0.05
0.005179961291661851,2.89272136068034
0.004717506101027724,1.6744122061030517
0.004079847958158599,3.8138819409704854
0.009358058482595598,4.10360180090045
0.016403055540771004,4.081315657828915
0.0031112008542837077,4.016933466733367
0.029289295654848557,0.6715357678839421
0.011735608146017013,0.05
0.01284834647856127,5.0
0.008785228045011029,4.202651325662831
0.006882653399255548,4.081315657828915
0.004014225949808228,5.0
0.009165910600977614,4.910855427713857
0.004602508559430202,2.1746123061530764
0.00930327314523871,0.05
0.009208722643044016,1.9467983991996
0.008050102395733491,1.614982491245623
0.016266538754774094,1.4985992996498252
0.003607384004537348,4.534467233616809
0.005921514134550124,3.05367683841921
0.005831086771284896,0.05
0.003411564191199784,4.678089044522261
0.01024181764618827,0.05
0.0037592199986621264,5.0
0.001385384582500121,2.652526263131566
0.010205569447237238,0.6418209104552277
0.00743868018335718,2.6871935967983993
0.01355169982318924,1.941845922961481
0.008579538117179542,4.413131565782892
0.015062169307817022,0.05
0.00945858322540339,0.05
0.005760593568299152,2.7614807403701853
0.003097253086003837,0.05
0.009773719088917998,2.863006503251626
0.00803604891224989,2.5534767383691848
0.006116872068375551,1.6917458729364685
0.0032135685043645362,5.0
0.008627811529356468,2.5633816908454228
0.012905538763102867,2.092896448224112
0.00204849239779787,3.6034017008504255
0.007003344560593303,2.4791895947973988
0.016652076415523416,1.815557778889445
0.009185679770779817,3.447398699349675
0.007194786960706856,2.652526263131566
0.020416064941117196,4.871235617808905
0.0020596865818888477,5.0
0.014570291419899253,0.919159579789895
0.01145536358857746,1.9542271135567786
0.008339513767637294,0.05
0.008434097559553128,3.846073036518259
0.005325074389095269,0.05
0.006205732987184465,3.853501750875438
0.005805033938841769,2.662431215607804
0.002596786917519224,1.446598299149575
0.009101157453933806,3.6603551775887944
0.011403189294025326,4.923236618309155
0.010437605467560111,1.441645822911456
0.00781190504074547,4.952951475737869
0.001895845993440018,0.48086543271635823
0.0025849217289034,3.836168084042021
0.003371693958702446,3.8015007503751876
0.0031759146499446486,5.0
0.009255213128685352,4.192746373186593
0.005077912779491045,0.05
0.008647468850975788,3.2171085542771385
0.012564206445622894,5.0
0.01010174037158039,1.404502251125563
0.008073661590765321,1.241070535267634
0.007147018164009311,2.714432216108054
0.00986116773152599,1.6917458729364685
0.0033376767668721885,2.7119559779889943
0.0050658544150070095,0.666583291645823
0.0016157044105682417,2.815957978989495
0.014778182562683956,0.05
0.006916437409520283,4.504752376188094
0.006681350711495282,5.0
0.00860854259473487,2.288519259629815
0.00798227320899815,2.0681340670335167
0.001217637253182427,1.914607303651826
0.014498519164346108,5.0
0.005822659025611368,2.3231865932966485
0.00785087609181491,3.742071035517759
0.008256622858083283,1.4292646323161582
0.0041827352304239646,1.3921210605302654
0.002668284613478067,0.05
0.010235282012228668,4.039219609804903
0.009976687424730062,2.729289644822411
0.00891244964500986,1.3822161080540272
0.01244057029955617,0.6814407203601802
0.003992856053562546,0.05
0.023507728558117932,0.05
0.014864680750182553,4.113506753376688
0.016805297224890603,2.4073786893446725
0.014016566173693797,3.8658829414707356
0.00881289205885824,3.3830165082541273
0.0023357951186017967,5.0
0.008725093900728988,4.695422711355678
0.009849693182797034,3.3607303651825915
0.008043062685384822,4.2249374687343675
0.004702481114216506,3.848549274637319
0.007096085907828634,3.2393946973486742
0.007478944657226649,3.0908204102051027
0.017859197890938483,1.2138319159579791
0.00722000106032851,0.05
0.0015550376364780183,2.7119559779889943
0.00458159025712733,3.2592046023011507
0.011924985641050559,3.905502751375688
0.011162482690885614,0.05
0.008913923648490238,2.0755627813906954
0.005151401563706887,0.05
0.004289107069869708,4.791995997999
0.01242943146267319,3.0115807903951977
0.0028810596008345957,1.5827913956978492
0.004280488048161016,2.8233866933466736
0.006309839949596448,5.0
0.005562904798824347,4.281890945472736
0.006987082183834752,0.05
0.005131371253710271,1.4763131565782894
0.016167447283017902,1.689269634817409
0.0034649868204526812,1.614982491245623
0.0066447859028773565,4.2348424212106055
0.019928605899779905,0.05
0.02447932756023024,3.0214857428714357
0.00321394479830623,3.2790145072536268
0.013344471706880412,0.05
0.012700932751810903,4.791995997999
0.0049328156573412996,1.0999249624812408
0.0051561414700656005,5.0
0.007264711470787805,5.0
0.008713600310178878,3.142821410705353
0.013799837437156834,0.4041020510255128
0.009464656884349304,2.3850925462731367
0.007265589580210827,1.9765132566283143
0.016357642996535193,3.9773136568284144
0.0032156171562215674,2.6970985492746373
0.0032309634993871877,0.05
0.00800007125107513,3.9475987993997
0.011077496791324165,2.962056028014007
0.007072460627191954,4.938094047023512
0.011542877072370984,2.6550025012506255
0.008378766135982846,3.84112056028014
0.004990505913401305,2.3281390695347675
0.00988495055771172,4.4527513756878445
0.007834073585302768,4.2645572786393195
0.00771815215088794,4.747423711855928
0.005498915719896302,4.128364182091046
0.01401799780013252,2.637668834417209
0.010227076042820915,0.05
0.008071750120459964,2.3330915457728865
0.005397145428764308,1.9814657328664333
0.0027944651359758377,3.521685842921461
0.004631005022211532,3.326063031515758
0.01046220690302245,4.202651325662831
0.0030586560447053573,1.352501250625313
0.009848065103645887,2.9645322661330664
0.00474027501754367,3.52663831915958
0.014680571164665028,4.715232616308154
0.0047374068378461184,4.692946473236619
0.007079587521524197,0.3421960980490245
0.005172840831723403,2.266233116558279
0.011813258089840462,1.2930715357678841
0.005334592899751599,4.789519759879941
0.004885280237576797,1.7214607303651828
0.0020558663437279592,5.0
0.010185702328594101,2.1746123061530764
0.00752293424360044,5.0
0.0045864519915548435,0.05
0.014292293005725945,2.7664332166083043
0.005635691897105666,1.4812656328164084
0.005915308059032627,3.7173086543271636
0.004284729434905404,1.9467983991996
0.007869961110986243,1.9245122561280643
0.010023786442783594,4.8959979989995
0.00567553964561017,3.395397698849425
0.003987032450377431,2.251375687843922
0.004560136417781746,3.0487243621810904
0.00937226186232723,4.338844422211106
0.007472324097383742,3.15767883941971
0.011285613212786184,2.7540520260130066
0.007854419442389543,1.7264132066033018
0.0022008470013203524,1.983941970985493
0.011226227200135018,4.101125562781391
0.0069864196195826705,1.8873686843421713
0.01388325507997721,0.8696348174087045
0.013467373479504191,5.0
0.013404614321176032,1.4614557278639322
0.0036287933069922493,3.9674087043521764
0.023056764979810934,4.111030515257629
0.006154961403046645,4.566658329164582
0.007633148975105503,0.05
0.002160035645562164,0.05
0.012752726285826993,0.05
0.01424521324749748,1.0231615807903953
0.01153187416172683,3.7866433216608306
0.0029794715821838957,3.410255127563782
0.0013875327000297394,0.05
0.01268201767988291,2.981865932966483
0.007241193869056181,0.05
0.005065157038596668,1.6075537768884445
0.004187525768519412,4.026838419209605
0.0024471632774436397,3.8039769884942474
0.007329901107103409,5.0
0.016423873973768995,2.1597548774387194
0.008609288997571983,3.0388194097048524
0.01596673556684676,2.2588044022011005
0.0019306103212956421,4.385892946473237
0.004789193209141042,0.05
0.005643730290633343,1.5580290145072537
0.008156994290534222,2.8332916458229116
0.004466348652837369,0.9860180090045024
0.01076518909933917,3.836168084042021
0.012618667618959127,3.4275887943971988
0.013206172276305772,1.5530765382691347
0.010641331731100545,1.134592296148074
0.009057147474173882,2.731765882941471
0.009031481718080013,2.830815407703852
0.02210797862176432,3.756928464232116
0.0029356371035472034,1.2014507253626814
0.01073989806562748,1.8947973986993498
0.012825200036250158,0.05
0.007985875560792423,5.0
0.009199188131052666,4.120935467733867
0.0025202976195540724,5.0
0.00528165200862743,2.26128064032016
0.006424873553035379,2.0656578289144574
0.01664411395275954,4.10360180090045
0.009998569203192212,2.7490995497748876
0.012402649275495212,0.05
0.009263563783369663,5.0
0.0035698194977839062,0.05
0.0071599947750886905,2.5188094047023513
0.006779171996572866,3.52663831915958
0.006679461340896253,2.9249124562281144
0.01827335295335815,1.7536518259129568
0.005916144175756526,4.346273136568285
0.015555689978900417,0.05
0.0023793681386368865,2.7689094547273636
0.00522875758239813,4.212556278139069
0.0009927522542018397,5.0
0.004853733637512465,5.0
0.011260296008409304,2.0582291145572786
0.007906145199974124,0.05
0.010291743057875662,0.05
0.012639428998345019,4.125887943971986
0.003553675956545259,5.0
0.009091207955892994,5.0
0.005550873977668819,1.0206853426713358
0.007992497585903743,4.167983991995998
0.02074909199395128,3.7148324162081043
0.010703522565248653,2.278614307153577
0.0012437958023476525,0.05
0.015997863687473184,0.05
0.004291607265340475,2.741670835417709
0.01623065492015982,0.05
0.011962826708646346,4.534467233616809
0.0061418521488423305,5.0
0.00530481626928396,1.8947973986993498
0.009319998345616878,2.278614307153577
0.010864937045417258,0.05
0.021592392800611523,0.05
0.0037666598980638233,0.05
0.007997073395449764,1.4738369184592297
0.008742702413198952,5.0
0.005629139487665594,0.05
0.00697782829075632,0.05
0.003222445433733137,1.6422211105552778
0.005588457228561147,5.0
0.010031320904892789,4.167983991995998
0.003979599737116875,1.5555527763881942
0.004257442592809052,1.4862181090545274
0.012062089190618651,1.36735867933967
0.01058234410786292,5.0
0.009077461768717314,4.083791895947974
0.0005897153956653939,3.568734367183592
0.002980899228672,5.0
0.011445571530584099,3.84112056028014
0.001535545126457205,4.470085042521261
0.013964565274880936,2.8580540270135066
0.006331655420378321,3.7098799399699853
0.006904325621852593,3.4548274137068535
0.010430167545746286,3.4548274137068535
0.004666535406219446,2.751575787893947
0.007123513239150205,1.6546023011505755
0.005794779877521215,5.0
0.013366311887237727,5.0
0.008599830172396822,0.05
0.013935569768922178,2.5212856428214105
0.010208557360747383,5.0
0.005372385051544047,1.4441220610305154
0.01384694141181067,1.124687343671836
0.010056185515093102,0.05
0.006899393494147726,2.3207103551775887
0.0056754452997115346,0.05
0.006938013413950936,3.5662581290645323
0.007875307044655153,1.9467983991996
0.012177904097702988,0.7235367683841922
0.00399689555318182,1.0206853426713358
0.0034498127702670967,3.4449224612306155
0.0038732466455801487,4.593896948474238
0.004673759456725435,5.0
0.012250903828497473,0.05
0.007900016116926062,2.451950975487744
0.02324771117486584,0.05
0.0025686002376846054,2.5633816908454228
0.0073665358019062155,3.900550275137569
0.009453695418915609,0.05
0.012993233395134751,4.670660330165083
0.002170778010840785,4.343796898449225
0.00261352762727822,4.574087043521761
0.02308656123007742,0.05
0.004929387021529209,0.05
0.00875487751735926,3.6603551775887944
0.002862590022641165,5.0
0.0036487545974994567,0.05
0.011595726236811599,3.7445472736368184
0.00739498636064749,5.0
0.012582758513675518,2.984342171085543
0.023465889708567646,4.172936468234117
0.007172007707496042,5.0
0.010817182002140338,0.05
0.005450005888709211,4.687993996998499
0.005431933597149177,3.509304652326163
0.0069087360090050315,0.6418209104552277
0.005284687687553635,5.0
0.004871842894284148,4.62856428214107
0.008838577296251454,1.2138319159579791
0.005872663561750022,3.288919459729865
0.008508868091300949,2.362806403201601
0.004994816302206349,2.4321410705352675
0.006096566646009591,1.9666083041520763
0.005466474231192314,1.2856428214107054
0.006375285841283947,3.8856928464232117
0.003982939259009971,0.8572536268134068
0.0030336492937241277,5.0
0.0029592566726680536,5.0
0.0032717735291335134,2.382616308154077
0.006796518799085452,0.05
0.0028393029852829405,5.0
0.00611852240102842,2.9645322661330664
0.008753247870526504,4.356178089044523
0.004272927428932233,2.6129064532266133
0.0034006852134204207,1.5332666333166585
0.0018852628208664152,5.0
0.018211914126208373,3.6504502251125563
0.007089392271123249,5.0
0.014340346525884257,3.227013506753377
0.0249549819173032,2.6847173586793396
0.011186645823386583,1.919559779889945
0.004552195533678333,2.994247123561781
0.014335791488758624,1.1519259629814909
0.001334492236282396,0.9018259129564784
0.0034323780019467065,2.377663831915958
0.02143154271623715,3.078439219609805
0.00680286719413916,3.058629314657329
0.005257904385443941,2.023561780890445
0.004882474628104788,2.6822411205602803
0.02156901886362792,1.1222111055527766
0.006851891453200434,2.73671835917959
0.01217385957100342,0.05
0.012182054334390624,2.546048024012006
0.0017085251935213541,2.224137068534267
0.008510771715606304,3.863406703351676
0.002746232064871304,0.9884942471235619
0.010734758497677993,5.0
0.00854193201732674,3.742071035517759
0.006744276807944899,1.7685092546273138
0.00577071815161951,1.567933966983492
0.01753405327283014,5.0
0.008450632144907086,0.78791895947974
0.006590659670837044,0.05
0.006071495755779033,5.0
0.017036289511717123,5.0
0.007858195900890666,5.0
0.01693951842597949,4.571610805402702
0.011542408975400077,1.4540270135067535
0.008953264019416415,1.793271635817909
0.005443798114736498,3.4969234617308658
0.010660033755824631,3.2344422211105552
0.011468648481890623,4.5319909954977495
0.013907912460156074,2.890245122561281
0.0023877787489276006,5.0
0.009503756726945839,4.172936468234117
0.01070980199089052,1.2930715357678841
0.009403341927128162,5.0
0.013543801374298475,0.7978239119559781
0.012159462824074915,0.05
0.004248197030469879,4.749899949974988
0.01234582243536482,5.0
0.01943221573282671,0.05
0.005605193043692294,2.6500500250125065
0.0073321111639707975,4.678089044522261
0.004980392389276687,2.035942971485743
0.011718430163009386,1.6026013006503252
0.005504618457096974,5.0
0.0052189459429497695,1.6966983491745875
0.007557058505146305,0.05
0.0052524926828853985,0.9117308654327165
0.010980914353154694,5.0
0.005239255713837224,0.05
0.0026914502943177626,3.172536268134067
0.006691158716453607,1.488694347173587
0.0025029614308731685,4.925712856428214
0.014525586462606578,3.3607303651825915
0.007299693474938168,1.4144072036018012
0.006966779388758497,1.835367683841921
0.006034995010742214,2.741670835417709
0.0015049595554704198,4.89847423711856
0.0074417082668951084,3.283966983491746
0.012688382581854396,4.702851425712857
0.007023667437363892,1.3822161080540272
0.008071291383115964,4.1357928964482245
0.009155914191630109,3.747023511755878
0.009895767031727502,2.5064282141070535
0.009385147808762963,1.983941970985493
0.004918659007320504,2.9372936468234117
0.00363181544176204,3.5662581290645323
0.00283614890394214,5.0
0.007137140488997738,2.897673836918459
0.0052208622819261835,2.251375687843922
0.0033884171160627335,3.670260130065033
0.004239337418304373,2.4247123561780892
0.00898922903476082,1.8180340170085045
0.008527353980730845,4.034267133566784
0.005571464784031602,2.134992496248124
0.009003726421470862,3.52663831915958
0.011781503450119135,1.203926963481741
0.004760177592113314,1.2286893446723364
0.0037646437560670543,1.1568784392196099
0.006699309966335762,2.751575787893947
0.011123330804928035,4.143221610805403
0.010047478622040237,2.7540520260130066
0.0029105320187531175,4.757328664332166
0.010331149687903982,5.0
0.008739110394076197,2.877863931965983
0.0145505880736835,3.779214607303652
0.00661354470200972,1.5951725862931467
0.012660682191599437,3.662831415707854
0.014183897427359926,0.05
0.0013981831677602752,4.611230615307654
0.005471568407113089,2.3009004502251127
0.0034513223080591127,3.9079789894947474
0.0045917935445128275,3.9030265132566284
0.01124081047505332,1.0256378189094548
0.002853289132399031,3.0759629814907457
0.0023436086359028482,1.7288894447223613
0.006795922014945013,5.0
0.004448011690580608,4.804377188594297
0.012883167099698702,1.451550775387694
0.008292098514308031,1.9715607803901953
0.001617338130294202,2.350425212606303
0.0022308527850453674,3.5514007003501753
0.011640664921122826,3.5390195097548776
0.004113006399712668,1.877463731865933
0.004677940749546625,3.172536268134067
0.012463933015727291,1.9344172086043023
0.0054777942729677676,4.918284142071036
0.006514490261234143,2.9224362181090546
0.0038582398317035665,0.05
0.002183384128941479,5.0
0.005601829998098884,2.801100550275138
0.00734431088449513,3.231965982991496
0.0013750942182841203,2.41975987993997
0.0016400440402409427,3.1824412206103054
0.005588339344578461,0.05
0.006665147584947628,3.1081540770385194
0.008648602918978343,4.031790895447724
0.008192452016516388,2.5906203101550775
0.0033738883439725365,2.640145072536268
0.007220408544303086,1.6694597298649327
0.007600959398745555,2.4692846423211607
0.009558291176919552,2.642621310655328
0.004207483104812421,1.2163081540770386
0.012521960653910244,4.673136568284142
0.004436656640795046,4.1754127063531765
0.011466836386312323,4.645897948974487
0.00591814736755996,4.586468234117059
0.018527740931245637,0.05
0.003881414910743508,3.4672086043021513
0.009402988920481692,4.083791895947974
0.007657933760400533,1.562981490745373
0.014640156287225384,5.0
0.006668792669224731,1.3227863931965984
0.010594012005171807,3.8559779889944976
0.002378993018783894,0.05
0.01546151974917185,4.2942721360680345
0.005112313049275695,0.05
0.012036366097001205,1.5134567283641822
0.005011033962098094,0.7309654827413707
0.011617817536268511,5.0
0.016359183580917896,5.0
0.009430268797836372,4.125887943971986
0.005891708705254295,4.697898949474737
0.004869018850812555,1.614982491245623
0.004751810799916198,2.3132816408204104
0.009150539787472087,3.442446223111556
0.01521719738808542,2.273661830915458
0.007013163171444403,0.6863931965982992
0.006740269380268969,0.05
0.004932901613842439,1.3326913456728366
0.006749324515105418,4.405702851425713
0.006926794124356567,2.783766883441721
0.011582007924792685,5.0
0.006444685925306719,4.794472236118059
0.004777727197989384,5.0
0.007614985883056827,2.9546273136568284
0.006343738724255837,1.6694597298649327
0.014200353852692575,3.598449224612306
0.004982019833315567,5.0
0.008060775577637166,3.5241620810405205
0.011219657102907982,2.5930965482741373
0.005787892869273281,4.1754127063531765
0.0065476450738668895,3.004152076038019
0.008407899505079496,2.9372936468234117
0.007287382803891948,3.0908204102051027
0.014167908959515696,3.479589794897449
0.009354779116381981,5.0
0.0016901279604266684,2.815957978989495
0.0060258045565982216,4.913331665832917
0.019905984265532396,0.05
0.004471018297440205,1.4292646323161582
0.014962227478324618,1.2905952976488246
0.0024161169413128916,3.873311655827914
0.003311062756476968,1.2633566783391696
0.004201343444722699,4.371035517758879
0.005826382672587976,3.756928464232116
0.005375653992047619,0.7656328164082042
0.005245715663984851,4.811805902951476
0.007168777296829763,1.4565032516258132
0.0029457057361865283,2.6797648824412206
0.012407048690786245,0.05
0.007365826616950059,2.0334667333666836
0.005949021754932435,3.4696848424212106
0.007436346668832555,1.4862181090545274
0.0023083621751533168,0.05
0.012051491767560096,1.6273636818409207
0.004495729460344086,5.0
0.008830146316259127,1.689269634817409
0.005240605221105907,2.5856678339169585
0.007427559805944631,2.551000500250125
0.009967054790878192,2.6797648824412206
0.005344672137773655,3.989694847423712
0.003307153248947703,5.0
0.004456158062779769,3.868359179589795
0.003801291341955143,3.2963481740870435
0.011637216604348327,4.519609804902451
0.008854435757878483,5.0
0.014728735631808001,4.42303651825913
0.009469811393781363,2.5658579289644825
0.0099711666769607,4.1060780390195095
0.011265137498664562,0.5848674337168586
0.014084218326712077,2.2637568784392195
0.006508551254308971,1.5085042521260632
0.008891738116192545,2.5930965482741373
0.009884516725724289,2.0334667333666836
0.004473583933743558,0.37686343171585795
0.008007524686005352,0.05
0.01009760105586216,4.410655327663832
0.00491345145942336,3.558829414707354
0.002161637218957485,3.3632066033016508
0.004898226997173918,5.0
0.004164621716077566,2.2439469734867434
0.004064645068093439,3.779214607303652
0.0028689638146314894,4.430465232616308
0.01117384346102359,5.0
0.005367944459028079,1.483741870935468
0.0028370806278398206,5.0
0.0021798377423902088,0.05
0.00953116754693871,2.8184342171085546
0.010905464928090296,0.78791895947974
0.008020594416374996,2.9422461230615307
0.01017766233204788,3.8188344172086044
0.013735651827936901,2.097848924462231
0.003468170922079329,4.249699849924963
0.005921235626783913,1.3822161080540272
0.004901570377917344,4.960380190095048
0.01157002665535116,4.839044522261131
0.01457936529206226,0.2629564782391196
0.004623226620710109,2.4593796898449227
0.01545654663701948,4.460180090045022
0.0053456708278001586,2.7738619309654826
0.007746887020812394,4.569134567283642
0.00421345383915657,5.0
0.0033305251173276415,3.036343171585793
0.004108565693398736,5.0
0.005136464109978783,4.0961730865432715
0.0026034940643680643,3.6083541770885446
0.015613603021649339,3.147773886943472
0.0029746519871563307,1.7759379689844925
0.011721522055850427,2.182041020510255
0.002545397792703838,4.517133566783392
0.0028421632646798978,5.0
0.004317796150148545,1.8452726363181593
0.010034824174712638,1.3326913456728366
0.0045526662498093645,1.8749874937468736
0.008277471155004372,3.8757878939469737
0.00712955799078864,1.6174587293646825
0.011352855835139244,3.2344422211105552
0.015421796417475125,1.7709854927463733
0.0035369624478312142,1.899749874937469
0.0019346022802574983,3.3656828414207105
0.006963027899488439,2.4296648324162082
0.009134159769354847,5.0
0.0034272763106650422,2.0953726863431714
0.003180726739989051,0.05
0.006263613289700959,1.4069784892446224
0.004951282811432832,0.05
0.0054045148974021726,5.0
0.007032690349795173,3.4449224612306155
0.00806183100171834,4.326463231615808
0.005783110840825889,5.0
0.004201151487106439,4.598849424712356
0.0039658593338943865,0.05
0.005594385622001083,0.05
0.008976106921727164,1.2064032016008006
0.007079278644007737,5.0
0.013353208516712282,0.2728614307153577
0.01698981545332793,1.8947973986993498
0.0029014670365273346,4.900950475237619
0.007320549192699685,4.564182091045523
0.0043465101133425,1.7660330165082543
0.008436728042482106,5.0
0.005536004941421882,4.1754127063531765
0.005515703893498855,1.5654577288644325
0.0031472739633629163,0.05
0.00746519723655481,1.1370685342671336
0.013668519805849412,4.640945472736369
0.01048720594962449,4.930665332666333
0.007270340900415291,1.5654577288644325
0.004371791816882062,1.8650825412706356
0.00669232869726321,3.15767883941971
0.010877409556516865,3.3681590795397702
0.005179078228282355,0.05
0.02647021738572572,0.05
0.004349224431330609,1.9220360180090048
0.01109001192460407,3.499399699849925
0.005063432335400242,5.0
0.007836042265219459,2.726813406703352
0.0011150689029981314,3.120535267633817
0.006832058836386205,2.4148074037018508
0.012761885782040544,3.5489244622311156
0.0035469301805318015,1.7387943971985995
0.017817443723955925,0.8399199599799901
0.01011651706308847,0.05
0.00924775434750083,2.6005252626313156
0.007572420194691912,2.5113806903451725
0.007839356252805185,4.725137568784392
0.012376778462122519,2.5856678339169585
0.001860756398927535,4.638469234617309
0.002737961236727725,0.05
0.018154848982198796,4.1060780390195095
0.00097982732680163,0.05
0.002615344285317761,3.2072036018009005
0.002379531761413922,5.0
0.0050395966778563825,4.0516008004002
0.004844515992882922,5.0
0.0038965673534716375,2.724337168584292
0.0022296152182276208,3.0487243621810904
0.00944934360399595,0.05
0.007018856968012813,3.494447223611806
0.021723108173990924,0.05
0.00833870310231008,2.724337168584292
0.011463841126240715,4.73504252126063
0.013275749739574412,1.862606303151576
0.007891445166642919,2.89272136068034
0.012967643442864711,1.478789394697349
0.0026233225593054327,2.4346173086543272
0.0069954818256764,1.9690845422711358
0.01206833266318881,4.467608804402201
0.01362036409815414,0.05
0.007065960009770257,2.387568784392196
0.007874945683680516,3.2492996498249127
0.0010654043767456406,4.972761380690345
0.005350472571359323,3.073486743371686
0.01388589710349434,4.4032266133066535
0.0023817262468597555,3.2492996498249127
0.01000763327420972,2.5807153576788395
0.008843333253519554,3.1131065532766384
0.01268160021699593,0.05
0.010251919847335825,3.6504502251125563
0.00683063118706588,0.05
0.007287531029555067,4.217508754377189
0.0025000292632396393,5.0
0.003276450669126872,3.4647323661830915
0.005221263235773571,5.0
0.008882663801238859,4.84399699849925
0.007216149648849535,1.3549774887443724
0.006822490792061764,2.877863931965983
0.00764273408879293,5.0
0.012248097074390563,2.2389944972486244
0.012580283164279504,0.05
0.005570067005160488,5.0
0.0026844636255587695,1.4119309654827414
0.008341106178532426,5.0
0.003896941490660902,0.05
0.007711068455426906,0.750775387693847
0.013921460114039691,5.0
0.008071032545859544,0.05
0.009076485514197083,0.05
0.0032725267311611295,3.7395947973986994
0.014106792257381963,3.4597798899449725
0.0021767998468709,3.8856928464232117
0.003669972014676233,2.0483241620810406
0.0038733235406010896,2.0285142571285646
0.002613190457507998,3.1923461730865434
0.0046728426094276715,3.4820660330165083
0.004527299401380365,1.087543771885943
0.015553134842769531,2.1597548774387194
0.009637528599785936,5.0
0.014980429677206482,2.967008504252126
0.010546566497593966,1.2707853926963484
0.005414391004084834,3.036343171585793
0.006149159142936331,4.616183091545773
0.009200260532613136,2.969484742371186
0.003108978842416517,2.4073786893446725
0.013093761489710358,2.134992496248124
0.006368886060021062,0.8399199599799901
0.001957919163001774,2.3999499749874937
0.015856998481202117,2.006228114057029
0.007453492794704808,0.05
0.009659994424102883,0.05
0.005253862934433515,4.328939469734868
0.00700128319634348,2.986818409204602
0.007825127893905257,5.0
0.004295067009090589,2.5906203101550775
0.003516900872268726,5.0
0.012769811728639939,1.0528764382191096
0.00438471483970683,0.05
0.0067139749025332054,0.05
0.008933863238430796,2.6030015007503753
0.01153211974625791,0.05
0.025773905652010383,0.05
0.002610751159907103,3.699974987493747
0.010367731914473509,0.05
0.0030086843820127662,2.640145072536268
0.003038951720986602,2.4172836418209105
0.002894802893181378,1.614982491245623
0.006357597852367808,2.9174837418709356
0.00972885714200028,2.952151075537769
0.009767504932168034,0.05
0.009469559038392354,3.2022511255627815
0.005971463245925429,5.0
0.0084729796402686,3.509304652326163
0.00880376201031867,1.9542271135567786
0.006909215604659,3.699974987493747
0.012866735279081137,3.2765382691345675
0.014162503806692789,4.564182091045523
0.003834109240566194,3.4127313656828417
0.004194951583181665,4.603801900950476
0.002690372463397442,2.288519259629815
0.008381548887581913,3.900550275137569
0.006911041692341059,0.05
0.01708892757449329,0.05
0.009457101547310248,0.05
0.02052076351430264,0.05
0.007858472866038614,2.657478739369685
0.004400621188315759,4.328939469734868
0.004842789876153823,0.05
0.010347721236416155,0.05
0.0034606761468844865,1.4911705852926465
0.0011642027019521661,2.7911955977988994
0.0015159277873893554,1.988894447223612
0.020951372963736323,0.05
0.0028359689948247307,3.4919709854927463
0.025479935225020137,4.494847423711856
0.0048185534700634705,3.2393946973486742
0.010791757601644449,4.455227613806904
0.017107722826163324,1.8749874937468736
0.007929782904017281,3.3632066033016508
0.007161322181415665,4.960380190095048
0.012141802515406364,4.764757378689345
0.0053489301920812,5.0
0.00571913960570071,0.05
0.007490890939020833,1.7511755877938973
0.011619868707863384,2.5188094047023513
0.01718923678849988,2.9447223611805904
0.007601101816287946,3.5489244622311156
0.008074337688316655,1.5109804902451227
0.010348110883894007,4.331415707853927
0.0030485326751924155,3.9822661330665334
0.00791655474005798,2.36775887943972
0.002522122611649996,4.207603801900951
0.028337946491049197,0.05
0.004989812278205136,5.0
0.007280398411324711,1.5035517758879442
0.002743217542695464,5.0
0.015271067893718265,0.7309654827413707
0.004111961624542165,2.4370935467733865
0.006950664928889724,0.05
0.0015403441988518299,0.9389694847423713
0.0037326269944895213,2.7441470735367686
0.006421218255891856,1.2138319159579791
0.0047077159681393685,5.0
0.007978207233516096,1.9591795897948976
0.004041294758363831,1.166783391695848
0.008515030915177725,3.511780890445223
0.021634816221461795,2.2216608304152077
0.004345199999690096,3.0932966483241624
0.010430726841937701,0.05
0.013786017357799593,4.891045522761381
0.010951390290629776,4.648374187093547
0.01182215883117714,5.0
0.0030027190565710474,3.3285392696348177
0.008812279557634063,2.910055027513757
0.007838408278819306,4.083791895947974
0.014053545845666815,3.68511755877939
0.007734670121234667,2.2637568784392195
0.008664287257354533,1.8947973986993498
0.005263868542538901,1.6966983491745875
0.006552283974398471,3.7940720360180094
0.007658321197781884,2.115182591295648
0.002513417005980567,1.2460230115057531
0.020518740156826476,1.7660330165082543
0.010765325183816475,2.097848924462231
0.011038478156727996,1.0553526763381693
0.005157810655207484,1.6174587293646825
0.006178572467052293,4.128364182091046
0.008549087524339381,5.0
0.00463753109287305,2.4222361180590295
0.006587148603657271,3.145297648824412
0.0034034452041013658,4.0763631815907955
0.008703516248502699,4.596373186593297
0.0038398994370757583,3.8064532266133067
0.009549226538504187,2.9496748374187094
0.012861396835301672,4.289319659829915
0.0004808671672616033,5.0
0.0077352993227564545,2.5757628814407205
0.0035175666162238634,1.003351675837919
0.011199246742677915,1.6496498249124565
0.006879578335807206,0.05
0.003703089537911819,3.0190095047523764
0.019860947082081727,0.05
0.003980786225401253,4.163031515757879
0.004137511298490951,5.0
0.013140070299554343,4.1655077538769385
0.005403161466924947,5.0
0.005425506251243835,2.362806403201601
0.006610841085015105,2.63024012006003
0.006086145749210556,1.605077538769385
0.008134531581946158,3.9773136568284144
0.0021047690766232557,1.704127063531766
0.015216293313197987,4.73751875937969
0.0036174951118918414,1.3723111555777892
0.011955184532793373,1.5456478239119562
0.009557155468470004,3.4597798899449725
0.004994066570092652,0.05
0.006379899033063505,1.9740370185092548
0.02007439968087152,2.994247123561781
0.009293704205331349,4.081315657828915
0.018100594168612413,0.05
0.003858278984079165,3.4176838419209608
0.0056428083256856165,3.2072036018009005
0.00922034198637172,1.3227863931965984
0.010720065458499989,5.0
0.010196511907623537,0.05
0.005124385336033821,4.442846423211606
0.003462038260419506,4.673136568284142
0.00379105249888545,2.0656578289144574
0.0028325511429928563,1.436693346673337
0.005595957612732641,0.05
0.0109286515023847,0.05
0.007549022231792803,4.8761880940470235
0.004736491921098707,1.7808904452226115
0.007036722656486055,1.7387943971985995
0.0026428297562361425,2.9348174087043524
0.003455915165902726,2.0607053526763384
0.008177964041910256,5.0
0.00453975374417262,0.05
0.005608158899759977,0.05
0.00844157322919449,4.019409704852427
0.01010609162946273,0.05
0.010767809102473498,3.4573036518259133
0.004041680151398053,2.1572786393196597
0.007415927118846075,1.983941970985493
0.006979594739810371,5.0
0.007034582708231027,3.3706353176588295
0.012801748000366528,1.5456478239119562
0.015146986998297585,4.878664332166084
0.0038657166463045983,2.610430215107554
0.007112316885266742,4.326463231615808
0.010194494949412637,0.05
0.003356058289875369,3.1056778389194597
0.005259642913898355,5.0
0.006757419880716445,3.615782891445723
0.011948207451730475,2.3702351175587792
0.0066097680570207235,3.4325412706353178
0.011057976944428866,4.774662331165583
0.01255085062696154,5.0
0.018023467758918055,3.1799649824912457
0.011128102550589491,0.05
0.005364311054434724,3.2072036018009005
0.009607751578680337,4.73504252126063
0.014162733849613689,2.5708104052026015
0.00703504915426692,0.05
0.00834153172245948,1.9715607803901953
0.0036273615382828722,2.273661830915458
0.013964910533484025,0.05
0.010995269770128102,2.4098549274637318
0.008751924780815046,3.657878939469735
0.00852154068287047,2.41975987993997
0.007033710832906603,1.2633566783391696
0.01628492018756033,1.1420210105052528
0.004527061827800154,1.5902201100550277
0.0016201365597460701,2.5881440720360183
0.006649597666759113,4.2942721360680345
0.004549098212909483,5.0
0.02004307689203224,2.751575787893947
0.0057423608130622306,0.05
0.010527163400812847,0.9785892946473238
0.0067180678667538435,0.05
0.004428129598351413,5.0
0.01346118024906752,5.0
0.010133347466103303,1.5704102051025515
0.004109855174670871,3.9971235617808905
0.0020978645741750873,5.0
0.0016739485131534101,4.881140570285143
0.003681865780982327,1.2806903451725864
0.01401988802706669,2.016133066533267
0.02142479335969162,0.5180090045022512
0.011692672624590783,0.9513506753376689
0.011924566712168579,2.5807153576788395
0.011198124956279469,1.1964982491245624
0.007229369759544552,1.8848924462231118
0.010242185540218551,1.2980240120060031
0.017641970943021126,3.754452226113057
0.008443849335633948,3.5390195097548776
0.018496792411939827,2.7342421210605306
0.007114373675355765,3.283966983491746
0.002989563813849183,1.7907953976988495
0.00803009470823482,5.0
0.006346946094548153,1.8551775887943973
0.007113220439992671,2.340520260130065
0.009196052577703624,1.8007003501750878
0.007846924548312664,4.093696848424212
0.006574599424020729,3.1972986493246625
0.0070203795017485734,4.9455227613806905
0.0028836113634415905,1.8898449224612308
0.007639828959410906,0.05
0.005514668836134232,2.704527263631816
0.004480763507646875,0.9067783891945974
0.011631979685128177,5.0
0.007182390273852153,2.8555777888944474
0.005964084516383472,2.2538519259629815
0.007877961089698168,1.689269634817409
0.015361274038547132,1.857653826913457
0.003972047442160703,3.84112056028014
0.008301382428707468,0.961255627813907
0.012904809260478711,0.05
0.01270964833321462,0.05
0.015214765563446121,3.769309654827414
0.015926271387949303,2.5708104052026015
0.012571496512477368,4.470085042521261
0.0037684520046031567,2.4049024512256127
0.007804732000766229,0.05
0.013951262161297065,3.6034017008504255
0.0033822337289009102,4.021885942971486
0.008849330844448458,1.3475487743871937
0.007555374797708479,1.6174587293646825
0.0110744983875865,3.2814907453726865
0.003015140590168705,4.8662831415707855
0.027862248009501128,0.5477238619309656
0.009185679345678849,1.4218359179589797
0.011414076285945852,3.7940720360180094
0.012100380057172955,5.0
0.00963187987354417,0.05
0.008257488727629596,2.186993496748374
0.012873320929180844,4.89352176088044
0.015395174425247099,1.2088794397198601
0.011109327299739576,5.0
0.0014141136058108267,4.73504252126063
0.009667534644343848,5.0
0.0045079424037040156,4.348749374687344
0.01928024848009676,0.5576288144072037
0.010968460044799955,2.4024262131065535
0.0050487185796456654,4.730090045022512
0.005489420245468987,1.704127063531766
0.010638286210476175,2.5856678339169585
0.006778670618756123,2.887768884442221
0.005656408652373643,4.200175087543772
0.015058420948788731,4.2942721360680345
0.012817123960953733,0.05
0.014100784582670271,3.3186343171585793
0.015626325808117167,1.610030015007504
0.006848325742175934,3.5662581290645323
0.008026122671664748,5.0
0.006857514783411234,4.73751875937969
0.004692459464395657,5.0
0.007917602511926358,4.331415707853927
0.012155772556978701,0.8473486743371687
0.0065928173384125,4.2546523261630815
0.004759256979226925,5.0
0.00838348108396425,2.7540520260130066
0.01496802796058367,2.4692846423211607
0.005153350688299564,1.4119309654827414
0.029190733002731784,0.3322911455727864
0.011002200011261745,1.3128814407203604
0.004243268956945989,3.8782641320660334
0.0035843513682912442,2.6698599299649826
0.007996825329437206,5.0
0.00645484757802213,2.6005252626313156
0.007560996388632481,3.935217608804402
0.003375711021091382,1.0182091045522763
0.011507766869529465,5.0
0.009590806183938476,3.586068034017009
0.006417299696500886,1.5852676338169087
0.006982775391449592,5.0
0.019652185468546177,0.624487243621811
0.003592306917481511,5.0
0.0073304262920581426,2.47176088044022
0.011887641754050167,4.068934467233617
0.0158981774079707,3.2814907453726865
0.00945661074876173,0.05
0.006609765584754061,3.6281640820410206
0.017826496323745528,0.05
0.0036238343517288607,4.061505752876438
0.00527228026873347,4.675612806403202
0.003606537207162544,1.409454727363682
0.009214366606820928,0.05
0.01990155255620544,2.1424212106053027
0.014973264399600915,2.9372936468234117
0.011968791435033169,3.2542521260630317
0.005191319094988718,3.7767383691845926
0.006815649238834723,3.8807403701850927
0.004953744314078828,1.4763131565782894
0.0038495458680026726,1.8229864932466235
0.012060743674858258,4.903426713356678
0.0025134284673933097,1.619934967483742
0.003975967305363329,5.0
0.005074130170794999,3.9872186093046524
0.013386672030543306,1.2757378689344674
0.004313394500663495,4.536943471735868
0.007208856142014254,1.9591795897948976
0.014368641120218524,3.0140570285142574
0.005307701930438037,1.4441220610305154
0.009473830146164534,4.680565282641321
0.00791008381227587,5.0
0.007739273606707842,3.0759629814907457
0.010861408369359726,4.992571285642821
0.00812554901661687,3.73711855927964
0.004180220726386366,2.461855927963982
0.005623812468688941,1.5382191095547775
0.002794907383930831,3.1180590295147574
0.0027842290978548415,3.5464482241120563
0.010178467297552611,3.531590795397699
0.009212285558794324,4.653326663331666
0.01117776690145287,4.276938469234618
0.010404121014407727,2.281090545272636
0.009865647177872562,4.863806903451726
0.012835292988225395,3.036343171585793
0.0051770039733052275,2.783766883441721
0.0177133208505074,0.5576288144072037
0.0037279456052709756,1.446598299149575
0.004041965182159657,4.128364182091046
0.004278481871043516,2.8951975987994
0.0036182156197046983,5.0
0.00800595632732045,5.0
0.008878069242187439,0.05
0.013244417105456416,2.724337168584292
0.004028363397172344,2.3108054027013507
0.0042753979282855875,0.05
0.013064722152616823,4.913331665832917
0.008896415815205658,2.5881440720360183
0.007337410187559623,0.05
0.01032674962356548,0.05
0.007405679792865445,0.05
0.009518064860778191,3.5439719859929966
0.007219171192023907,0.05
0.0077278011260054555,3.8287393696848424
0.00306898887703444,1.409454727363682
0.009857940621310998,3.236918459229615
0.010785122496926383,5.0
0.0035672304709004066,2.709479739869935
0.008729124744211746,1.0999249624812408
0.006042755898352417,1.5902201100550277
0.008663554805504563,1.6224112056028015
0.007537772211236998,5.0
0.005167078223717703,2.4791895947973988
0.005969211659809764,1.9666083041520763
0.010197786829265101,0.9389694847423713
0.008552983635414901,2.308329164582291
0.013609885354129693,4.663231615807904
0.006760999867447881,2.3850925462731367
0.009046828783111215,4.36855927963982
0.006177646103612426,2.2637568784392195
0.0062847456674871155,2.2216608304152077
0.012924753656171427,0.05
0.012556706422325148,5.0
0.014284120493074232,5.0
0.006048869850509023,1.3846923461730867
0.010952688566575483,3.506828414207104
0.001254923440100128,0.9934467233616809
0.0030242177312557322,4.707803901950975
0.005215993689905912,4.834092046023012
0.01020468417145156,4.351225612806403
0.019296094257604313,1.1865932966483244
0.010214996820917657,5.0
0.005752698945810181,4.467608804402201
0.00879222996325027,0.05
0.012128851473732244,1.6917458729364685
0.012317576687726511,3.036343171585793
0.007428978339607761,4.747423711855928
0.02186476052194053,2.741670835417709
0.005802877718441429,4.606278139069535
0.022471603117377295,0.05
