null_delta_chi2,null_best_k
0.004579127384568518,4.752376188094047
0.004826540037517785,2.10280140070035
0.0020009158263826904,2.276138069034517
0.004921150374525868,1.778414207103552
0.011050546458469021,3.036343171585793
0.00623806512824495,0.9761130565282643
0.005607473001696964,3.989694847423712
0.007422072761157819,3.3037768884442222
0.001320270797854045,3.499399699849925
0.002411506468077168,0.05
0.00651553725606089,3.3037768884442222
0.006138823118098057,2.957103551775888
0.008087525087955655,3.7123561780890446
0.004424228398213218,4.019409704852427
0.006789880281760183,3.073486743371686
0.0022090483361279292,2.0508004002001
0.004841588414553358,2.803576788394197
0.0028851169086990466,2.055752876438219
0.0031794050828449494,1.4589794897448727
0.0008611479024804927,1.694222111055528
0.002581249616294433,3.7197848924462233
0.0039017935068509577,1.0528764382191096
0.002750305379996293,5.0
0.008341072007123168,0.05
0.0009463153965793489,2.811005502751376
0.004167724897973714,2.8456728364182093
0.005503432372326478,4.519609804902451
0.005297120010430513,4.561705852926464
0.002308920357559939,1.2212606303151576
0.0070480793771449946,2.583191595797899
0.008703285827775492,5.0
0.008683126896070988,0.05
0.0036187495037786482,1.657078539269635
0.006965449729142349,0.05
0.005986417624305743,1.6867933966983493
0.007888152249223582,4.408179089544773
0.0032793232978418144,4.891045522761381
0.005775579524703638,3.922836418209105
0.003782978789299493,3.9129314657328664
0.0012092423629843155,3.756928464232116
0.003117261722226594,3.061105552776388
0.006133086201781393,1.436693346673337
0.011341883721614758,2.952151075537769
0.004893195437123125,5.0
0.003669703995576881,5.0
0.008209333296250891,1.4664082041020512
0.002966835929163962,2.3479489744872435
0.0072003831323215126,1.73631815907954
0.004199828183135641,4.95047523761881
0.0016441990476496748,0.05
0.002741347697853197,3.811405702851426
0.004157004245960945,4.690470235117559
0.005551705867082729,2.6698599299649826
0.0017621607012014429,3.766833416708354
0.005925826625986223,4.068934467233617
0.005636675249349618,0.05
0.0032526022334837326,5.0
0.010473740917542836,4.829139569784893
0.008857218491762214,3.514257128564282
0.004233988035348427,0.05
0.004920165396802338,0.8622061030515259
0.00320900595876919,1.3227863931965984
0.0037439619380433,1.404502251125563
0.0020391363489507403,0.05
0.0016780945099554995,2.100325162581291
0.003742557306191052,4.274462231115558
0.004642265341332295,0.05
0.003783050143502553,2.783766883441721
0.006102154896316055,3.2121560780390195
0.0006749585952340043,4.608754377188594
0.003862537524747231,3.836168084042021
0.0055064655718578825,3.9079789894947474
0.0017560143116425939,0.05
0.0005007755533753197,4.762281140570286
0.002674227839264659,3.779214607303652
0.0045246504932958675,2.647573786893447
0.0056692747274687885,0.05
0.004503267140992688,0.05
0.0020572707635497303,2.4445222611305653
0.002708332345768359,2.900150075037519
0.004582025231520327,5.0
0.003792062833498193,0.05
0.0015679093223977536,1.741270635317659
0.005050987829100059,0.05
0.007465656647021222,4.586468234117059
0.0052768076562191985,2.887768884442221
0.0016457832911152062,2.0854677338669334
0.0016307531072983703,2.5930965482741373
0.004591548781682851,5.0
0.00558791367269057,5.0
0.003669914234233969,1.7066033016508255
0.006342297973285085,3.0957728864432217
0.0051222348647770866,5.0
0.010083734849618126,0.9018259129564784
0.004247645937578343,0.05
0.004504831451538807,0.05
0.006583732480382909,2.7540520260130066
0.0042750284264075,5.0
0.0027991451159178685,3.7197848924462233
0.0071139119707518406,5.0
0.0014815359779654994,0.05
0.003383862830924414,1.0999249624812408
0.002667398452189537,3.900550275137569
0.004199512444797118,3.511780890445223
0.0018891863975609158,0.05
0.004889423197172615,3.9723611805902954
0.007157768098717602,0.05
0.006949784677168641,2.5930965482741373
0.008277679423506153,4.972761380690345
0.007259343404284899,2.4073786893446725
0.006191271219920073,4.732566283141571
0.0034139658892643754,3.9921710855427714
0.002088958676732526,5.0
0.0057144121825931996,4.660755377688845
0.002283728704937288,5.0
0.0036407364544610507,2.610430215107554
0.0033766714536402967,4.163031515757879
0.0022736017910226433,3.3805402701350675
0.004478669231258343,5.0
0.004991633200006632,4.026838419209605
0.004344801294993327,4.311605802901451
0.003305750771159799,4.839044522261131
0.005179291752655024,3.1131065532766384
0.004198261889196878,2.7639569784892446
0.0057913304875823815,4.187793896948475
0.00803401080238475,1.9963231615807906
0.0013194511372110473,0.05
0.005856653415504592,3.9822661330665334
0.003981555154415617,4.576563281640821
0.0019389820379986586,0.872111055527764
0.010285806656405053,2.6327163581790898
0.0034692132838570477,1.4441220610305154
0.0034030031554247928,1.7759379689844925
0.0037348043662515373,1.9393696848424213
0.002735778525688279,3.9773136568284144
0.007453254985499577,1.404502251125563
0.007255792621117051,1.3846923461730867
0.0030517256723808887,3.593496748374187
0.0034156991875485196,1.3302151075537771
0.003687677434091756,3.1700600300150077
0.0030108112825847078,3.4077788894447223
0.004277597191144601,1.3326913456728366
0.005072769442329386,1.7957478739369688
0.006378992357707947,1.0949724862431216
0.0019307088528063357,1.9789894947473738
0.00316392740834031,0.9364932466233118
0.0027596799943223962,5.0
0.0031326422679277856,0.36200600300150076
0.0025087247834950643,3.1180590295147574
0.0017236358965803666,4.853901950975488
0.0016743735005015983,4.252176088044022
0.00540557307913829,0.8646823411705854
0.0035660228396121943,4.437893946973487
0.0002766266630791839,2.4816658329164585
0.009569754103170187,3.066058029014507
0.006980996871364234,4.0763631815907955
0.007115487948689075,1.8081290645322663
0.006908845248751249,4.004552276138069
0.00678392376437037,1.562981490745373
0.004466146131634083,2.801100550275138
0.0063696807454363576,2.642621310655328
0.004206590379830934,1.1717358679339671
0.006912357524138914,5.0
0.007981138066785073,4.824187093546773
0.006301603373147804,1.2806903451725864
0.00612594712765617,2.357853926963482
0.0013981402455328362,4.586468234117059
0.0022195821886626804,1.4144072036018012
0.005519635121061017,1.8229864932466235
0.002943661632404719,4.16055527763882
0.002561211652220674,4.247223611805903
0.0032009095980015875,5.0
0.011451370821459292,2.729289644822411
0.0038606305146497225,5.0
0.011960661359051526,4.517133566783392
0.010643378230866044,5.0
0.002752834159422596,2.573286643321661
0.006696850434986655,2.7565282641320663
0.004944976232637715,2.276138069034517
0.0037760501392464924,3.957503751875938
0.0016843340789961525,1.9789894947473738
0.004345519545557029,4.338844422211106
0.004752338299322097,3.7148324162081043
0.002427311575806765,2.362806403201601
0.004083613662086996,3.858454227113557
0.005169048800585926,4.2843671835917965
0.00311148072691686,2.9125312656328166
0.011401258749237395,5.0
0.001307583571500355,2.0656578289144574
0.0026316567765013663,0.05
0.005575674723553227,0.05
0.004989619386371463,5.0
0.0015397958741546203,5.0
0.00641014303133447,0.05
0.0022430525669199924,3.400350175087544
0.0021370710774255494,3.6875937968984496
0.006581230101004636,2.793671835917959
0.003636992260892938,1.1915457728864434
0.0029503750785018212,3.766833416708354
0.008449380414524359,0.05
0.003400221006166486,1.9269884942471238
0.008010236757508924,3.2344422211105552
0.003362079819696495,2.9249124562281144
0.0005717501453008852,3.68511755877939
0.002270652010139526,3.6281640820410206
0.002686864926025642,1.6026013006503252
0.0018376540937840372,4.623611805902952
0.005634183583430277,2.583191595797899
0.0047507894658973746,4.806853426713357
0.00773440103439943,2.3281390695347675
0.001914495132580095,1.9591795897948976
0.0075213179076586666,4.36855927963982
0.0014452834169186718,1.7239369684842423
0.009116644934830678,4.242271135567784
0.0031118605410404704,2.362806403201601
0.005486561910726155,4.697898949474737
0.003122491953503004,4.782091045522762
0.00420893546598855,1.6719359679839922
0.001791596153825667,2.10527763881941
0.007615026771716618,2.5435717858929467
0.0032515545176453053,5.0
0.008840353626119776,1.8081290645322663
0.010416608058506277,3.917883941970986
0.0035507107304762683,3.927788894447224
0.0024261872400416287,0.05
0.00800977379329356,0.05
0.004107650023602971,4.1060780390195095
0.004622899812598634,4.10855427713857
0.0036721497924201915,3.5514007003501753
0.0039843215859287975,1.8551775887943973
0.0034080257854276277,3.5712106053026513
0.005129556617357853,0.05
0.0023063615987097483,5.0
0.004883301183553172,1.8848924462231118
0.004468808926484567,4.150650325162582
0.00646624425355246,3.677688844422211
0.0027381844781250997,4.73999499749875
0.003999066462358765,4.502276138069035
0.00408121969449287,0.05
0.004242088076256138,2.303376688344172
0.003027942830881647,5.0
0.0017018921098104836,0.05
0.005672762930631438,2.3429964982491245
0.009953428191963057,2.9422461230615307
0.0026126223398810072,3.140345172586293
0.004016296662792046,4.026838419209605
0.002102320574663176,5.0
0.007562409493805981,1.1915457728864434
0.0019313916341218498,2.9372936468234117
0.0019253678219104259,0.05
0.005393412389934682,1.5976488244122062
0.004679245470597913,5.0
0.00486313739080875,2.2538519259629815
0.0033170812924709914,3.8287393696848424
0.0025342853793395848,0.05
0.003104823822749528,0.7383941970985494
0.0026751789715596316,2.1523261630815407
0.005092913508687999,3.8782641320660334
0.00527558380360775,2.919959979989995
0.006088183629344442,0.05
0.0014137879643773416,0.6442971485742872
0.006562892523389853,2.0607053526763384
0.0023685078451738603,4.769709854927464
0.0022038568896676075,2.115182591295648
0.009046306093481497,4.328939469734868
0.00661213079443073,2.793671835917959
0.0037271514587279356,1.2757378689344674
0.0053698124030947675,2.4370935467733865
0.0066448473186109455,3.0066283141570787
0.0024080069573724286,0.5749624812406204
0.009407730007240045,1.1469734867433719
0.0039036771508150214,0.05
0.0038120678154133086,3.6925462731365686
0.0017133909214368526,2.5906203101550775
0.003867660760357182,2.1448974487243624
0.013771558132565392,0.05
0.005027633352011396,2.3999499749874937
0.008300933702684692,0.05
0.0033588413855743238,4.2249374687343675
0.005578453869484329,2.1226113056528266
0.008732153536375485,4.744947473736869
0.002990882286082429,5.0
0.006441387991573733,5.0
0.0025819471616453787,5.0
0.004532326475576665,4.923236618309155
0.0039495531548581694,0.05
0.002413525927744388,2.298424212106053
0.004962863501186791,1.6645072536268135
0.002663661986328683,1.2163081540770386
0.0037531007014223877,4.826663331665833
0.003548577782152576,2.016133066533267
0.004939040183616891,4.3041770885442725
0.0027151730550823566,2.2959479739869937
0.0015082231977868454,5.0
0.0011813909272646791,0.961255627813907
0.002986710720843784,1.241070535267634
0.0023838406668390683,0.05
0.008996081904017718,3.598449224612306
0.006722483700316383,1.647173586793397
0.005455853084607276,1.694222111055528
0.003660526470228964,4.819234617308655
0.006492069867914584,4.219984992496248
0.006121634477185223,4.259604802401201
0.0053195660076937115,5.0
0.0040232166937686845,1.203926963481741
0.002134535510591784,5.0
0.005360225929225526,0.8399199599799901
0.00677378126860196,1.8848924462231118
0.004629046032570409,2.008704352176088
0.006486311396155249,2.8481490745372686
0.004574739112839572,0.12676338169084544
0.0031746247016418705,2.9298649324662334
0.004374508496590393,3.84112056028014
0.0031820133200596915,0.05
0.004394579971617206,5.0
0.007215926693773751,3.863406703351676
0.007737027480797215,3.6355927963981993
0.004025088470679637,0.3867683841920961
0.002170902556276104,0.05
0.0023176362208756074,4.715232616308154
0.008596412378732751,3.952551275637819
0.0024958767372607812,5.0
0.007283817430334516,2.41975987993997
0.003957812885359291,3.3879689844922463
0.005595804957794402,2.018609304652326
0.005651062390176299,4.239794897448725
0.001654147959725065,0.05
0.006515078726261399,1.7486993496748375
0.0072450706914135125,3.489494747373687
0.0014103302410513052,0.05
0.013366831826113403,4.004552276138069
0.0060997260783541285,2.9447223611805904
0.001942590227245071,0.9018259129564784
0.002398302660510651,0.9662081040520262
0.0015825602790437363,2.357853926963482
0.006931101019565483,1.8700350175087546
0.008212808901214147,0.05
0.006868720298242939,4.019409704852427
0.0027686287754812855,3.1007253626813407
0.008112306196041013,1.0677338669334668
0.003306335719958073,4.2348424212106055
0.0027715537377548255,3.7346423211605804
0.0032685208678411917,0.05
0.009684679452840524,0.05
0.0021584057758068445,0.6442971485742872
0.0034525745770197028,5.0
0.0012941644838631236,2.273661830915458
0.0028122690475060885,0.05
0.00773072993424672,3.3235867933966983
0.0020488546557350315,1.4664082041020512
0.004125936269948949,5.0
0.008336224139697382,0.05
0.00308950346300909,2.7490995497748876
0.0012391848171625988,0.6492496248124063
0.001991722209510452,1.8081290645322663
0.005719046485745248,3.863406703351676
0.006708520786806654,1.399549774887444
0.004089628157476509,1.5827913956978492
0.0070312339427287054,4.4527513756878445
0.003511675956847232,2.26128064032016
0.004005058909832923,2.273661830915458
0.0029231781976479937,1.3871685842921462
0.011084486109670548,0.9884942471235619
0.0015585469950253616,0.05
0.004678224299410151,4.722661330665333
0.00348178983365241,1.399549774887444
0.004698864842404567,4.073886943471736
0.006085850577769121,5.0
0.011512843385712943,1.4069784892446224
0.007348553794004842,3.957503751875938
0.00399934729644847,0.961255627813907
0.006469509745815824,1.662031015507754
0.0037580362151572594,4.856378189094547
0.0056495367156268045,2.47176088044022
0.003324111506747114,0.7284892446223112
0.005326793480920473,3.836168084042021
0.005527635843252027,1.7957478739369688
0.00796831972982448,4.692946473236619
0.011420035560973155,2.5089044522261132
0.0055305593276802276,3.3557778889444725
0.004028014008906754,5.0
0.00355428410282025,2.2068034017008507
0.001060384556302342,2.2216608304152077
0.0059094328643716915,3.3656828414207105
0.0031506768041328556,0.05
0.008409969980738476,4.00207603801901
0.003765023719285568,0.7829664832416209
0.0027831070478405856,1.9294647323661833
0.004367137786348774,1.2163081540770386
0.004947275104439729,3.8609304652326166
0.0041672445095998,4.84152076038019
0.006501551171597723,4.881140570285143
0.003404751505758037,3.8832166083041524
0.007698030366735026,0.05
0.004371735270806101,1.9666083041520763
0.0038521638897415916,5.0
0.0019970033651916033,2.798624312156078
0.005226092823773162,4.814282141070535
0.004789908368722499,2.6772886443221613
0.003058934345957179,4.967808904452227
0.005077954906382076,2.6871935967983993
0.006743518576851487,4.3140820410205105
0.005427187199118465,5.0
0.0033274113389292967,3.241870935467734
0.0013318161100412118,4.653326663331666
0.002240525425551476,2.905102551275638
0.003297288681054396,4.47503751875938
0.003055726693488775,5.0
0.008470493559389822,3.063581790895448
0.009337713598351186,0.05
0.005400161104641969,5.0
0.004998151021523262,2.115182591295648
0.0043305917538801406,4.457703851925963
0.0027846709110695977,2.6500500250125065
0.005937033460424013,4.873711855927964
0.0054796181272625324,3.0091045522761384
0.0028039145968898754,4.853901950975488
0.0037529419834083713,4.670660330165083
0.011122146418266143,3.1279639819909955
0.0063766931509752385,1.0330665332666333
0.00985486416905676,0.05
0.004340328275589556,2.6054777388694346
0.005067645783171877,3.9773136568284144
0.0033251251438125573,3.4919709854927463
0.001756828112393867,0.05
0.0068341173600127494,4.727613806903452
0.0035383345293213686,5.0
0.004475114477702713,3.3582541270635318
0.00931470760457273,3.288919459729865
0.0028600838369665857,3.405302651325663
0.003084025031010025,0.9241120560280142
0.0031341259718620992,2.100325162581291
0.006452467236395892,3.5662581290645323
0.001776239674435097,4.044172086043022
0.002513191293498189,1.3549774887443724
0.008462361754173343,1.9245122561280643
0.00493066158324984,5.0
0.005487058512322195,2.0607053526763384
0.003276303744983812,4.78704352176088
0.0023001515763925104,2.583191595797899
0.008772232848147606,2.172136068034017
0.0029733948594954512,1.399549774887444
0.0029981979623198082,4.680565282641321
0.006506205190190732,0.05
0.005060075842288583,5.0
0.005163755914583998,2.8382441220610306
0.009701096020159804,1.7561280640320163
0.003814852758295066,3.9872186093046524
0.0028710223513978977,5.0
0.0013349811944652623,5.0
0.003064078454523153,1.9492746373186596
0.006004897348529874,1.872511255627814
0.0034738569399740057,5.0
0.002110203773957521,1.7759379689844925
0.007923712584775595,3.5761630815407703
0.006604254764862975,3.0140570285142574
0.0013564771000748113,3.833691845922962
0.0059160317517301456,4.061505752876438
0.010604315900253188,2.8580540270135066
0.004951054444616403,3.1106303151575787
0.006703234357187927,1.9170835417708856
0.006320102943831847,2.092896448224112
0.004667185501530884,4.0862681340670335
0.004450523276253525,0.05
0.0035191362555123187,2.714432216108054
0.000290188027424948,5.0
0.0028819349258058236,5.0
0.0024857510687860684,2.5930965482741373
0.004666028358404191,1.662031015507754
0.0021957890743289216,1.5456478239119562
0.005464457845515639,2.281090545272636
0.006350174702531512,1.5976488244122062
0.0027305863235736125,5.0
0.00914664793729563,4.465132566283142
0.005586292992088536,0.745822911455728
0.0038138265185041556,1.2881190595297651
0.0032876163694768104,3.3334917458729367
0.010443408974887214,0.05
0.0008744455867848305,1.8403201600800403
0.004495253388453309,4.153126563281641
0.0031545105771450324,2.714432216108054
0.00812030804213823,0.05
0.004254323159962117,4.2843671835917965
0.011551936566922601,1.1172586293146576
0.004092603769227106,0.05
0.00690669631740904,1.988894447223612
0.0018787416128269868,2.0483241620810406
0.0026960163844123378,1.7239369684842423
0.0009371470918921043,5.0
0.005631110580663318,2.219184592296148
0.004177438200600542,4.1456978489244625
0.01079988722213866,3.088344172086043
0.002039874470523881,0.05
0.0049912253194716455,3.4721610805402703
0.004674933115456019,0.05
0.0028376210609873526,3.425112556278139
0.00238402879652911,2.2959479739869937
0.004762828979795346,2.73671835917959
0.005167329642085827,1.241070535267634
0.004230465841010063,1.2683091545772889
0.00485026969378325,5.0
0.00456026640425683,2.3182341170585294
0.003120799290947787,2.303376688344172
0.00786395707681746,4.385892946473237
0.00934304707903811,2.7664332166083043
0.00807809405042579,3.3854927463731865
0.0025752242702046166,2.0582291145572786
0.0024091691013328614,4.529514757378689
0.004278872739978672,5.0
0.008034819353097043,1.2435467733866934
0.0018483658549887788,0.9860180090045024
0.008238115993949843,1.4342171085542774
0.0025796854081577003,2.10280140070035
0.009450089388290804,3.8906453226613307
0.005931252279597669,1.99879939969985
0.0037269601288073134,0.05
0.004191444898374273,3.7024512256128066
0.008013846336626405,2.476713356678339
0.004695338251558184,0.05
0.0037956442151696676,4.883616808404202
0.006175931436242663,2.9447223611805904
0.005447062736541969,2.6500500250125065
0.011203476569454723,1.4342171085542774
0.006799887442271356,4.705327663831916
0.0041531691851821595,0.05
0.00632829185475111,2.008704352176088
0.005003391476124969,2.803576788394197
0.0028285057603789285,5.0
0.002906932980660297,3.4721610805402703
0.006255120694451451,2.8506253126563283
0.008655490985070041,0.05
0.0022212932030628157,2.9224362181090546
0.004717692719210076,4.57903951975988
0.00294357626497585,4.930665332666333
0.00655250269178119,1.3747873936968487
0.002620513858335616,0.05
0.00908523933494148,1.404502251125563
0.003498062265231777,2.0582291145572786
0.005336065833427571,2.8431965982991496
0.0011132414728173418,4.923236618309155
0.01040770033705156,0.05
0.003062793425275448,5.0
0.0023924861435628136,3.994647323661831
0.0020834962200750665,2.714432216108054
0.005847203204168719,2.5435717858929467
0.004217297042290881,2.811005502751376
0.0016807831176108082,0.05
0.007522639041014131,2.357853926963482
0.0066451990107796455,4.848949474737369
0.005103966588702505,3.7866433216608306
0.010028326535495347,4.871235617808905
0.0016269684519793076,1.9963231615807906
0.006653374429358511,1.961655827913957
0.0038046326844377795,4.782091045522762
0.005266586494528498,3.6355927963981993
0.002970420504106751,4.789519759879941
0.008635022590961453,4.011980990495248
0.0012912986832890952,4.839044522261131
0.0029519415059287776,0.05
0.003235313975025092,5.0
0.0032054190858406134,1.1692596298149076
0.008885027400199585,3.8955977988994497
0.0028116606639515887,5.0
0.0031754759542872504,2.6847173586793396
0.0018044098535630673,5.0
0.00523416568295549,2.7342421210605306
0.004099872122352563,0.05
0.003188263460644658,2.097848924462231
0.006161423999574846,1.0206853426713358
0.008012416177337015,4.710280140070036
0.004200726990549367,5.0
0.006418251038207756,1.283166583291646
0.005358493139812487,4.881140570285143
0.005241991214904408,3.1230115057528764
0.007505613583560139,1.2064032016008006
0.0029813761067959133,0.05
0.001853326522807737,1.441645822911456
0.002672961546134854,4.878664332166084
0.0006097701912642431,2.139944972486243
0.0012528910996454784,1.0900200100050026
0.00507179366675508,0.961255627813907
0.006186419306388344,0.05
0.0023513862721270887,3.499399699849925
0.004537089588967251,2.721860930465233
0.005047396474023989,4.343796898449225
0.0029441755634391636,2.172136068034017
0.007047807993842345,4.380940470235117
0.006644799897367083,3.2913956978489245
0.009798192506587994,4.130840420210105
0.011140756747527153,3.595972986493247
0.003153982056273451,3.3805402701350675
0.001923203094748062,2.5930965482741373
0.0026592456720702165,1.815557778889445
0.00783938671446395,0.05
0.004533030913786082,0.4288644322161081
0.00226795799702989,0.05
0.004137412169597766,4.534467233616809
0.006753832262539387,0.8622061030515259
0.0037395117211919196,1.8551775887943973
0.007545756328660891,2.4370935467733865
0.006107827598038663,4.668184092046023
0.005581479338101325,1.6026013006503252
0.003291138559504643,5.0
0.0011522053671081112,0.05
0.005418934509027466,4.982666333166583
0.004686994897965396,5.0
0.0027312126523343985,4.915807903951976
0.0031973096539665916,3.747023511755878
0.010635283596176062,2.035942971485743
0.005001857817398238,3.251775887943972
0.0042396635106623365,5.0
0.004033130112816093,1.451550775387694
0.0007602956624247134,5.0
0.005352222440354271,1.6966983491745875
0.0027285780135092447,2.615382691345673
0.001685276731362921,2.7441470735367686
0.0029097499303286298,3.610830415207604
0.002022887925355217,4.692946473236619
0.003510523365457756,0.05
0.004049659607652106,4.405702851425713
0.005743351868266161,5.0
0.0013786800041784425,0.05
0.006366078229678433,0.05
0.0015777766801063076,3.509304652326163
0.002850039150574593,5.0
0.005274620566726958,4.551800900450226
0.0036962940659539326,0.05
0.0011820808789810913,5.0
0.0027983228910079816,3.680165082541271
0.00034706819511232806,0.05
0.001990564921010178,1.4540270135067535
0.008404270921674652,0.05
0.005749370816719321,2.357853926963482
0.005359408061645109,4.26208104052026
0.001980560275218521,2.6228114057028513
0.0045754835772971805,3.4028264132066033
0.004127489844628365,4.720185092546274
0.0033556646412260735,3.680165082541271
0.0031433476681226105,3.0289144572286144
0.007772889341315571,4.200175087543772
0.003886578261469792,2.5188094047023513
0.006315774616022708,3.2715857928964485
0.005209270150027,0.8176338169084544
0.006434184416551136,5.0
0.005704045928219392,2.0334667333666836
0.002949676455360685,3.6925462731365686
0.0033631416511838083,5.0
0.002588361046654067,5.0
0.0018905813867646226,2.4841420710355178
0.0029876157895115316,0.05
0.0025391178548654567,3.1552026013006502
0.008508823861518876,5.0
0.0016872087798428456,4.3041770885442725
0.005438176303505141,5.0
0.006121718650432338,3.3186343171585793
0.0008154320898701647,2.7664332166083043
0.007974498901061548,0.05
0.004462467629639484,1.3970735367683844
0.004498260741334699,1.4589794897448727
0.009261817371751163,3.675212606303152
0.00523972375447062,0.05
0.002997356243200272,5.0
0.009870821502020479,1.124687343671836
0.007897491516048322,2.783766883441721
0.0035808500823039033,1.862606303151576
0.007645830053638954,4.061505752876438
0.0063356175653468474,5.0
0.004020622581447517,4.618659329664832
0.0031495886893300115,4.663231615807904
0.0021854375541495163,5.0
0.00461812736548374,1.0553526763381693
0.0024250143173264113,2.2488994497248624
0.012844383024557805,0.6393446723361682
0.005252727829838627,2.7713856928464233
0.002812031248393611,4.036743371685843
0.009266468090640162,5.0
0.006893833766211693,2.885292646323162
0.002866479330388673,4.437893946973487
0.005292169206509226,3.061105552776388
0.0029611909505289913,3.8015007503751876
0.001952739914159167,5.0
0.0023879402613679393,0.05
0.01016099237208706,0.05
0.002796078042797287,1.3401200600300152
0.0022273822593811,5.0
0.003397058099042935,0.05
0.006004935337912132,4.930665332666333
0.0026322815925336404,2.8456728364182093
0.0026149656286619458,1.6174587293646825
0.0021941532218500426,3.2963481740870435
0.003994760494039622,1.9170835417708856
0.000605806713918973,0.05
0.008668017014756394,5.0
0.004125582201801821,4.219984992496248
0.0096354142955603,3.838644322161081
0.004171582465558578,0.05
0.0015763418040694796,4.915807903951976
0.004673668473422113,4.1655077538769385
0.005051113962869544,3.031390695347674
0.006075434276300189,4.410655327663832
0.008892148887364344,0.05
0.005080606089772104,0.8423961980990496
0.00373932799013197,2.387568784392196
0.009075825902708674,2.345472736368184
0.00269781828457806,3.125487743871936
0.0033013203488970536,3.140345172586293
0.0060893459482180175,2.177088544272136
0.0035848284989780863,3.9822661330665334
0.0051025745120298754,4.358654327163582
0.002127996511542607,1.6793646823411708
0.005690685735935383,0.7953476738369186
0.004969345288218158,2.610430215107554
0.003955208360508618,4.0961730865432715
0.00510979113745063,0.05
0.003860350136727045,5.0
0.007309663703071002,0.8745872936468235
0.007305107196801955,5.0
0.0012247265321816622,5.0
0.007776644556102764,3.1799649824912457
0.0018092562743937876,2.087943971985993
0.004442911643525338,0.05
0.003652629378275561,5.0
0.00727661398503069,1.530790395197599
0.011095512099038828,3.0239619809904954
0.0042944879071503544,3.4721610805402703
0.0023794570713105076,1.488694347173587
0.005330740832167551,3.172536268134067
0.004458853478045706,0.05
0.0035959559331650084,4.150650325162582
0.0053967457574333536,4.338844422211106
0.005338291019778941,4.489894947473737
0.013376412035121493,1.9591795897948976
0.0050453739363058095,3.4597798899449725
0.006631139845695369,3.5662581290645323
0.003774864523114742,2.7639569784892446
0.0027564394728970473,0.05
0.00460992783699489,1.6323161580790397
0.006847782106458644,4.031790895447724
0.002799460383266221,4.153126563281641
0.0026450666711678103,0.05
0.006122580882684629,1.3425962981490747
0.004938107137362133,5.0
0.004686917049559841,1.835367683841921
0.009979415112243983,0.05
0.0015603369460004055,0.05
0.00563324144549119,4.9356178089044525
0.003276117333455765,5.0
0.002998144811403168,0.05
0.0049111401513255715,1.2064032016008006
0.004059690312795232,3.214632316158079
0.003928389955680546,5.0
0.004200144110387383,2.1597548774387194
0.0026352889625316234,3.7915957978989496
0.002165866992520679,3.764357178589295
0.001413421280468466,3.7445472736368184
0.004474647619760248,5.0
0.003539569205150167,4.8662831415707855
0.004283107883576422,2.3231865932966485
0.00792518176644703,0.05
0.002824936206817244,3.5241620810405205
0.003500266486518279,0.05
0.0015407259938114357,1.3475487743871937
0.009081917423214729,2.6970985492746373
0.0065255102632608905,4.0961730865432715
0.002392801467284947,0.05
0.00935423514400105,5.0
0.003706800385539638,4.390845422711356
0.0059441220590048666,0.05
0.008073072658225194,2.994247123561781
0.0037979225926842303,0.05
0.005731576601476135,3.600925462731366
0.0007084604445386222,5.0
0.0006507905309937057,0.05
0.0035172554180535817,2.4841420710355178
0.0037950089212521673,5.0
0.003844059221326926,0.05
0.00588764699854312,0.05
0.002872226949683983,5.0
0.00245036941438901,2.6228114057028513
0.0028233254489302972,1.2658329164582294
0.004273492118456908,2.746623311655828
0.003894001532446359,4.720185092546274
0.006452556898897378,3.749499749874938
0.005208751236418632,3.4449224612306155
0.003074821835590144,3.9773136568284144
0.013367551346898009,1.9789894947473738
0.006501099790423903,4.8662831415707855
0.0037258823090296975,4.1060780390195095
0.001206607303982185,5.0
0.005147448943068567,3.1329164582291145
0.0024537831169599497,0.05
0.003047366251679458,1.3871685842921462
0.0021155074994486447,5.0
0.002779712182186679,4.10360180090045
0.006708743315348618,1.3128814407203604
0.0030701232269690487,3.868359179589795
0.009638789524928963,0.05
0.003066263094073554,3.5712106053026513
0.00537404291972126,0.05
0.003759146311592885,3.2814907453726865
0.0008827227907391016,4.289319659829915
0.004613906695761942,2.7738619309654826
0.002012309402748755,1.8427963981990998
0.006073572859513515,3.172536268134067
0.002286460382251908,1.5852676338169087
0.00502471129880859,4.819234617308655
0.004778845785723726,3.568734367183592
0.004586105546188032,1.161830915457729
0.003545692160882137,1.7016508254127065
0.00862139791208539,2.2538519259629815
0.0022505685650794846,4.769709854927464
0.009863963794891285,4.905902951475738
0.006897649012251303,2.9075787893946976
0.005093782772489369,3.3681590795397702
0.007754588740940954,4.10360180090045
0.005403549507847653,0.49572286143071537
0.003588027462599168,3.1007253626813407
0.00509871542381472,3.256728364182091
0.005237501091901776,2.897673836918459
0.0043986420128112255,2.0631815907953976
0.003930006427187882,0.05
0.0020755087728840105,3.4523511755877943
0.00846054363805182,3.831215607803902
0.0023642948380159026,2.2068034017008507
0.00355801676760234,4.172936468234117
0.011344866700685588,0.2679089544772386
0.0061535512157779235,1.1766883441720861
0.003329202315912952,3.920360180090045
0.0007555620394607554,4.163031515757879
0.004307246612425188,3.751975987993997
0.0035611407001381948,1.2286893446723364
0.008564839172645979,2.7763381690845423
0.0013707303316450523,4.853901950975488
0.0027089069723127343,5.0
0.0016843910536334383,0.05
0.003237769031153838,3.0264382191095547
0.0014084453514573783,3.952551275637819
0.007374678009078921,3.3632066033016508
0.004022534616603027,0.1812406203101551
0.004556000651581918,0.05
0.005018926695478439,5.0
0.0028151164892854796,4.608754377188594
0.0016362818782070174,1.4119309654827414
0.006840924803901263,1.3005002501250627
0.003666780296734194,5.0
0.005177449529841498,5.0
0.004568000388231207,1.8106053026513258
0.015084898549342234,0.12676338169084544
0.0015791135579863239,1.7486993496748375
0.004634444833157128,5.0
0.004243050707609039,3.761880940470235
0.004216074724194517,1.5406953476738372
0.0051824343452694585,1.1841170585292649
0.0058986755992356255,5.0
0.0060582326825043345,0.21343171585792897
0.002835722154144016,5.0
0.005054526141718779,2.1548024012006004
0.006715458094045293,3.47463731865933
0.0046114846341642965,1.5035517758879442
0.0016991688990245363,4.1655077538769385
0.012943789356346717,4.517133566783392
0.005737163387926569,5.0
0.004949649587142141,5.0
0.0040321649975596716,4.202651325662831
0.0012128763698957198,4.900950475237619
0.004994676916450107,2.8580540270135066
0.0025278329264134675,2.0681340670335167
0.0044258971485284515,2.4222361180590295
0.007507075202031539,2.182041020510255
0.0050334089518995415,0.4585792896448224
0.002122256949841868,5.0
0.001108426248099599,1.956703351675838
0.002933735266100558,2.9422461230615307
0.006901697689070788,1.6669834917458732
0.00452989553446638,4.0862681340670335
0.006277029163953549,0.05
0.0067314556267374995,3.6281640820410206
0.005685121308763343,2.1374687343671837
0.007674499093473938,2.9298649324662334
0.004177091245696082,1.5184092046023012
0.007651050441788761,0.05
0.008154070598233983,2.1597548774387194
0.0018500445796557977,2.0582291145572786
0.009009106011620457,4.115982991495748
0.003918256868104736,5.0
0.00554668837587749,3.8287393696848424
0.003763764354416263,5.0
0.006272635209429493,0.5576288144072037
0.001576098569680287,2.4593796898449227
0.006331541741887152,4.764757378689345
0.003354859315948415,1.1841170585292649
0.004436418557418234,0.05
0.004555835362089738,3.430065032516258
0.009851122847642849,1.0726863431715858
0.00286527457355238,2.2389944972486244
0.0070141151004394706,1.8081290645322663
0.007057672937040134,5.0
0.00615843085783363,4.603801900950476
0.011991317834558996,3.6256878439219613
0.011119509230692042,5.0
0.0030947371005645916,3.321110555277639
0.003144331881626085,5.0
0.009885351997199407,0.05
0.004271016978280508,1.7288894447223613
0.003501607978808309,0.05
0.0032717030578814435,4.574087043521761
0.011774459323540529,5.0
0.011812762362127985,4.093696848424212
0.003963153610884423,1.8328914457228616
0.002405918424089555,4.767233616808404
0.0038788588570495136,1.6174587293646825
0.005673796365201884,4.301700850425213
0.006555993110811967,2.5089044522261132
0.012365873816889729,3.600925462731366
0.001526427268015211,1.3302151075537771
0.004519291966021896,3.1106303151575787
0.0026634398862021465,1.5827913956978492
0.0032653938466402563,4.31655827913957
0.004271722504621114,0.05
0.00836039439738858,0.3322911455727864
0.004054957423771599,3.935217608804402
0.009758501978917027,1.4342171085542774
0.0022692105793500755,4.163031515757879
0.006962615801412865,3.620735367683842
0.007016277210598269,0.05
0.012880378328388634,3.4721610805402703
0.002074645805495101,1.0058279139569786
0.0013816940518046397,0.6517258629314658
0.005744031323465345,3.516733366683342
0.004302018032009386,5.0
0.003241496874120786,1.2955477738869436
0.010609599972662379,5.0
0.004989644302004041,5.0
0.005097807277070564,5.0
0.006200804422391799,0.05
0.001561893938223223,1.2361180590295149
0.0024260255520872492,4.3636068034017015
0.004896723354546675,4.0664582291145575
0.005016962391623046,2.097848924462231
0.0070649440859502435,1.904702351175588
0.006242669810128866,3.665307653826914
0.005297263321178497,2.308329164582291
0.004377525323300276,0.872111055527764
0.0033736587249006966,4.648374187093547
0.003017659127098858,4.4032266133066535
0.0018256494954012048,2.78871935967984
0.003955776868111341,2.8531015507753876
0.0045544449912585175,1.2930715357678841
0.006037264393789536,1.704127063531766
0.0044863923387726545,2.3652826413206602
0.00458820420622489,4.73999499749875
0.0028511519875029576,0.7408704352176089
0.0027982963554895393,3.927788894447224
0.00318004442753677,1.5605052526263132
0.00914418694263433,0.8052526263131566
0.0011633351143060106,3.004152076038019
0.0034623453501838666,1.5926963481740872
0.0048604704251792585,0.8473486743371687
0.004027366399757988,0.8027763881940971
0.0036444434673544787,4.858854427213607
0.001559339185933338,3.15767883941971
0.0015203731976965729,5.0
0.005235549581572942,4.237318659329665
0.010180803337490388,0.5402951475737869
0.005655326231650069,1.5085042521260632
0.0034113915454728194,1.993846923461731
0.0006037866280335022,3.5340670335167585
0.0023867874099944633,2.657478739369685
0.005479179914130661,4.15807903951976
0.0046633103534915316,2.560905452726363
0.01121503105451899,3.1824412206103054
0.00606628187269774,1.1791645822911456
0.00559633041647932,4.207603801900951
0.004343128001101655,1.9319409704852428
0.005044250112863913,4.930665332666333
0.006165870393651976,4.388369184592296
0.006490499820579143,4.059029514757379
0.002170296040176045,3.4127313656828417
0.004746582056535248,4.237318659329665
0.002715427136835473,2.1622311155577787
0.00470080926664531,2.214232116058029
0.002248980366769786,3.0487243621810904
0.007991906556632816,1.2262131065532769
0.002655652561070719,0.3966733366683342
0.0016467936108856482,0.05
0.0067908937017215065,4.153126563281641
0.0021187785095694092,4.908379189594798
0.003259879154418256,0.9290645322661332
0.002387375205050092,0.8943971985992998
0.003897436931675151,2.9075787893946976
0.008136116342149086,0.30257628814407206
0.008758718817244548,1.6125062531265635
0.005270759272093389,4.366083041520761
0.005293673773372358,4.239794897448725
0.006401170063688247,3.9451225612806406
0.010781764345390278,4.977713856928465
0.006544913573339459,3.8089294647323664
0.004957708988285792,3.747023511755878
0.007003002821771867,3.115582791395698
0.00292382304589401,0.05
0.0007802173005163338,5.0
0.0039644051106398695,0.05
0.00206295362066293,2.6896698349174586
0.0060782909303044065,4.311605802901451
0.011214808648976317,4.00207603801901
0.0006503332455703101,3.7247373686843424
0.004993750526151086,2.3974737368684345
0.0031855527808006406,1.694222111055528
0.003978023383039944,2.6550025012506255
0.0038815021822531867,3.0908204102051027
0.002429581209640777,4.680565282641321
0.0027508240145545093,1.5902201100550277
0.005471883622838285,0.05
0.004010086496843791,2.9372936468234117
0.0030716971638514307,4.975237618809405
0.0011875158215170073,1.872511255627814
0.009888243597471882,4.0862681340670335
0.002351547595725312,2.1647073536768384
0.004968353444671593,5.0
0.003763764177070139,0.05
0.002207396426543058,0.05
0.011108913693825377,3.751975987993997
0.0049587398164685145,4.2249374687343675
0.003587797722109383,3.593496748374187
0.004649293561805122,2.3182341170585294
0.0068328005236779205,1.4292646323161582
0.0035199602697003132,2.6054777388694346
0.007154559754562612,3.150250125062531
0.00809896111300383,3.0388194097048524
0.0015078942943410265,0.05
0.0019898590927066723,1.4985992996498252
0.0024547234244831004,1.6323161580790397
0.004139605762669779,2.746623311655828
0.001720314394712437,3.7767383691845926
0.0037553044057684615,5.0
0.00512315482040869,2.967008504252126
0.005387279336091587,5.0
0.0027418356828351753,0.05
0.0025056324692602563,5.0
0.003429301996115311,4.257128564282142
0.0029864218499074877,0.7631565782891447
0.0027277276005244697,3.3186343171585793
0.0035021643903936778,4.150650325162582
0.005836499071525843,0.914207103551776
0.00987539822089814,3.2765382691345675
0.0036678660460172513,2.120135067533767
0.006129386909113556,1.1444972486243123
0.003055019989243672,2.3231865932966485
0.01349925169402683,2.1275637818909456
0.0021765993595223923,1.8824162081040523
0.0035451563120467294,1.6917458729364685
0.002059315754077154,0.05
0.0027058152525838847,5.0
0.0041161960373170894,3.0858679339669837
0.0028707107674292784,5.0
0.0019240867007856502,4.78704352176088
0.005952649876789937,4.034267133566784
0.004563088178493414,4.021885942971486
0.0013471665562204624,3.415207603801901
0.004731056113956106,2.1548024012006004
0.002797249306224693,4.024362181090546
0.002705249326809784,3.3656828414207105
0.006823138176105206,1.4713606803401702
0.0016901201757533388,5.0
0.001963071058801523,1.1940220110055029
0.006996305360401321,5.0
0.0007548415450448001,5.0
0.008054440302259339,2.0433716858429216
0.0022942896761880063,3.3483491745872938
0.0034620960689263833,1.3747873936968487
0.005521994795334197,2.6327163581790898
0.0036524106942789625,2.729289644822411
0.002556958429473996,2.0508004002001
0.004692135290458338,0.05
0.002268297685346317,1.8972736368184093
0.001474667683952685,3.3334917458729367
0.002033052607452464,0.05
0.004208437001218385,0.05
0.004379961148275574,5.0
0.00154798069453424,5.0
0.004162506061778787,0.05
0.00422733090741189,3.8955977988994497
0.005583494433046066,4.1655077538769385
0.0018116487454728075,4.031790895447724
0.010627613144691007,4.435417708854428
0.005326628820712685,2.94719859929965
0.001627793721374976,1.5382191095547775
0.0002071531865999246,2.442046023011506
0.0029703287228617856,2.5807153576788395
0.0025221791311001857,1.4144072036018012
0.0029478129598308755,3.046248124062031
0.004152579965045422,2.055752876438219
0.004581399101090532,0.05
0.005882488235492873,3.246823411705853
0.005033859506747285,0.9587793896948476
0.0045754855486557985,2.4247123561780892
0.008689166278865554,1.3029764882441222
0.0069242377734279464,3.3632066033016508
0.005081944504097713,1.6347923961980992
0.007075589980647161,2.3108054027013507
0.004969874835456543,1.9319409704852428
0.0016135627427079219,5.0
0.012406771408423528,2.714432216108054
0.010164111657751076,3.588544272136068
0.0029114009649574626,5.0
0.004102849761997901,3.5514007003501753
0.0031352059658281486,4.101125562781391
0.006676335393485951,0.05
0.004908857194320861,4.670660330165083
0.0047134960349441285,0.05
0.002203844861108674,2.003751875937969
0.0032369653386171843,0.05
0.005858373850302204,5.0
0.002127726753105727,5.0
0.004894038714568859,3.9773136568284144
0.0021429463669064425,3.821310655327664
0.002204415533498441,1.6372686343171587
0.00935011813640118,4.928189094547274
0.001074097027022207,1.6224112056028015
0.0030199555985921875,3.8708354177088546
0.0058796173323721335,0.05
0.004532848275398814,3.5489244622311156
0.004437252667543988,3.7296898449224614
0.006908191828937635,3.751975987993997
0.0039258158955927935,5.0
0.004566878418228608,2.5138569284642323
0.002314587152606573,1.8898449224612308
0.0037325014805606738,0.6740120060030016
0.006858264648526145,2.1448974487243624
0.005028221206144753,4.26208104052026
0.00922004813802646,0.05
0.000803670743838289,2.3974737368684345
0.0026714484702948654,4.794472236118059
0.0039047210709764746,4.242271135567784
0.009196905010644948,3.2691095547773887
0.001609880412007346,0.05
0.0008388322310469085,5.0
0.0015412907638638201,1.166783391695848
0.0064266163186198905,4.5319909954977495
0.006037910954583961,4.586468234117059
0.0038737731069932793,1.0801150575287646
0.005637835645398902,0.31743371685842925
0.002710979402684867,2.555952976488244
0.006994400074750336,2.5633816908454228
0.012161881452285639,4.9455227613806905
0.003158702796596524,1.3178339169584794
0.00055522461361001,4.0961730865432715
0.002730027944507281,1.362406203101551
0.004318365531856619,2.647573786893447
0.003493570696543144,0.8201100550275139
0.004927707962557849,5.0
0.0016871698197297516,0.8473486743371687
0.00323588907095982,4.073886943471736
0.0043604538063595,4.247223611805903
0.006407980683360043,0.5180090045022512
0.003765524996156004,1.1964982491245624
0.001337369895821311,2.4841420710355178
0.002604342022287251,0.05
0.008253454437222758,2.251375687843922
0.00487375071568074,3.848549274637319
0.004513478543383832,3.920360180090045
0.004104933078679721,1.0652576288144073
0.001633585310946345,4.0862681340670335
0.005774859309742388,0.8572536268134068
0.00547756991369408,2.251375687843922
0.00220156579703136,0.05
0.004996945394915166,4.569134567283642
0.006091826154484663,3.6504502251125563
0.002055113503491794,3.227013506753377
0.003760159015471422,2.003751875937969
0.010790307039647055,5.0
0.010696645666852946,5.0
0.0020957487810072603,1.6397448724362182
0.002326912179402979,1.951750875437719
0.0027786760025669127,5.0
0.002903661529282127,0.05
0.00435913584590969,0.05
0.004815953101579541,4.299224612306153
0.007643472725133178,1.7264132066033018
0.004650550037407726,4.47503751875938
0.004034165837392408,4.881140570285143
0.0023125395683912184,5.0
0.006229376601097972,2.9372936468234117
0.002786696396400938,4.643421710855428
0.005749085945118495,3.3656828414207105
0.007630919668942887,4.762281140570286
0.0039060115638385948,3.9797898949474737
0.0028815290878174207,2.8555777888944474
0.005636026590159181,3.521685842921461
0.002406451777981683,1.778414207103552
0.004450011906509621,3.922836418209105
0.0026390976242100794,3.1279639819909955
0.011999792410695563,0.0821910955477739
0.007516899035885163,0.05
0.0059777990212819265,0.6467733866933467
0.0007213667437667159,2.531190595297649
0.007688799242404697,1.3425962981490747
0.002560417967893455,0.3273386693346673
0.006910867596210631,2.5856678339169585
0.002938315529533525,3.784167083541771
0.002649491110150025,1.2955477738869436
0.003631849253216385,1.3029764882441222
0.0041665312542768645,1.8130815407703853
0.004692946833443061,4.962856428214107
0.002741350325586485,0.8869684842421212
0.004122037883431594,3.5192096048024015
0.005437354399216172,2.4395697848924462
0.010044171283579078,2.6129064532266133
0.006807210344838721,0.05
0.0015865329412370482,2.9273886943471736
0.005420142260138171,1.3376438219109557
0.00590361784459404,0.05
0.0028982553532374417,2.8605302651325664
0.0021944112916481642,0.05
0.0038543073188649427,0.05
0.005737991173975207,4.390845422711356
0.007235796212451864,2.6896698349174586
0.009184542732775726,2.377663831915958
0.004355435875276502,5.0
0.0067446856839750505,1.362406203101551
0.002669273093214408,4.306653326663332
0.003375100685534836,3.1081540770385194
0.0027102410807600535,3.340920460230115
0.0028533251438170384,2.6030015007503753
0.007049907515630824,3.3483491745872938
0.009160442828711125,2.7763381690845423
0.009498768080562867,1.8452726363181593
0.008254877426265551,3.068534267133567
0.0021707446634330815,5.0
0.004854146905248824,1.9913706853426716
0.007167446552997926,1.4490745372686344
0.00391395972955208,5.0
0.005701948802842846,4.150650325162582
0.006948389331210038,0.05
0.005069501493814563,5.0
0.002243459660226578,1.1444972486243123
0.0031279426013708297,3.9971235617808905
0.007708666932617347,1.3450725362681342
0.0029288784873129914,5.0
0.009047742679427047,3.99959979989995
0.0033721676171134043,3.0214857428714357
0.007553409571242599,0.05
0.004179936104504761,3.568734367183592
0.002425783494498214,2.20927963981991
0.004653041439670984,1.8551775887943973
0.0014711532605317795,3.588544272136068
0.002918934921516715,3.1873936968484244
0.0054185284966764,3.665307653826914
0.004056990441470773,3.615782891445723
0.0020157694547533016,4.928189094547274
0.008649703971942972,0.05
0.006918047325543734,4.514657328664333
0.008495530758789033,4.3338919459729865
0.0020440869518087365,3.15767883941971
0.00415565648667672,4.249699849924963
0.0030299466353565507,2.8382441220610306
0.006467111804576257,1.1816408204102054
0.0070482018883417236,3.826263131565783
0.0010505415259066397,2.6079539769884943
0.006319593893759745,1.899749874937469
0.0038098577825495597,0.05
0.008663677778164638,0.05
0.009512890935636568,3.506828414207104
0.005502331968656737,3.3235867933966983
0.0017960437188326434,4.2843671835917965
0.004586668386029412,3.8015007503751876
0.010625950281335311,0.05
0.003093267974258851,3.5613056528264133
0.003108296398486539,0.05
0.003363443049021121,1.6125062531265635
0.0072414780941055246,4.824187093546773
0.0024653863772751694,3.395397698849425
0.008134790324449317,0.05
0.0023815142709483206,5.0
0.0029681656200174003,0.7359179589794899
0.012939077881993076,5.0
0.0036751005748592996,3.3508254127063535
0.008800087036994541,4.232366183091546
0.004802015417369861,4.692946473236619
0.0032992688809754395,4.3338919459729865
0.0023436885532093915,1.4069784892446224
0.006307164783714639,1.3797398699349677
0.0024487038472560535,2.5237618809404703
0.0019493454949548253,2.667383691845923
0.007546080035645993,0.6566783391695848
0.004246001433406865,1.8180340170085045
0.003842419329850806,4.4725612806403205
0.00431206979404343,4.306653326663332
0.003651438462697165,1.8923211605802903
0.006333156928306501,0.05
0.013255399955130007,3.42016008004002
0.005422951946575771,3.7024512256128066
0.0010479829061489573,4.232366183091546
0.007988458415565683,0.7111555777888946
0.0024744920530173145,2.3306153076538267
0.0025089193630989035,5.0
0.004528598709367185,0.05
0.007987532728668388,3.041295647823912
0.0009820318754840407,3.779214607303652
0.002142723469511325,2.5336668334167083
0.0033604303083969167,1.2930715357678841
0.001590656599487754,4.427988994497249
0.0037081176323247866,3.7123561780890446
0.005541715266435453,3.4028264132066033
0.001582149447160161,2.0780390195097547
0.0027698685697229095,2.097848924462231
0.006230393342302118,3.2443471735867937
0.003287393831272814,5.0
0.004719306185061653,0.05
0.0032880459524834427,4.207603801900951
0.0023380888996187427,1.7165082541270638
0.0018584895665428036,4.26208104052026
0.00936373666314777,3.4622561280640323
0.0057461279226374146,4.2843671835917965
0.005956298996617544,2.201850925462731
0.003459822872254985,3.199774887443722
0.002038816330276992,2.251375687843922
0.010135142406881154,0.05
0.01178049148144903,2.5906203101550775
0.005817698882686309,0.05
0.0039358909707750064,2.4222361180590295
0.00595561729706609,3.5241620810405205
0.004179411972182787,5.0
0.002113608884955938,5.0
0.00957837217961207,4.836568284142071
0.005506117865563424,0.05
0.00357040170144092,0.05
0.005912589072794114,0.05
0.002610166595498231,2.1572786393196597
0.0026427945631496974,5.0
0.008132224147532958,2.806053026513257
0.007604700874023207,4.081315657828915
0.0020773716578429136,5.0
0.0029585706430587666,3.321110555277639
0.00733184777145654,4.52703851925963
0.0013325220206055893,4.42303651825913
0.00825834299382789,4.643421710855428
0.00778692726799609,0.05
0.006035086133949617,4.128364182091046
0.00576502121786282,4.871235617808905
0.0024999270859817208,5.0
0.009434422459466449,0.5898199099549776
0.00356392751200231,0.05
0.0034713262041127305,0.05
0.008536685107225217,2.8803401700850424
0.0039501476513982,2.3900450225112557
0.004176914594493722,0.05
0.004886659383082408,2.7911955977988994
0.006935430435832508,5.0
0.005057221283378224,5.0
0.005214098739557936,2.994247123561781
0.007695389035643339,4.546848424212106
0.010019196454846398,4.153126563281641
0.004936330842789688,2.9496748374187094
0.0047927008220943895,5.0
0.005179057446549836,3.130440220110055
0.0049064844265716764,3.586068034017009
0.005091663799744819,3.831215607803902
0.0017780590236373128,5.0
0.0021813268412122847,4.997523761880941
0.004875022721238895,2.3850925462731367
0.0021455698294762723,4.073886943471736
0.0034911811942354223,3.727213606803402
0.004352153847764252,1.0702101050525263
0.003351765669643278,5.0
0.003217193220400018,4.759804902451226
0.006279882001572229,4.497323661830916
0.003825342417723948,3.764357178589295
0.005046494744686755,3.0858679339669837
0.006873778378345512,2.573286643321661
0.004459960974110937,3.499399699849925
0.0050847791185540114,3.42016008004002
0.0010688146474700164,1.2286893446723364
0.0029319060272930825,2.5930965482741373
0.005093753875696043,5.0
0.002116786467754976,4.059029514757379
0.0030243444685624267,4.975237618809405
0.0032289326180790917,4.997523761880941
0.0036385546535738153,2.820910455227614
0.0035043620809099008,3.0239619809904954
0.004486529129721736,2.266233116558279
0.007576028099526587,4.385892946473237
0.0030977153008398955,3.3186343171585793
0.000923808217912353,1.4738369184592297
0.005101405747160073,1.3772636318159082
0.009022199336911223,1.7808904452226115
0.004691020085240381,1.1494497248624314
0.005080280798658285,1.0528764382191096
0.00812526574875716,3.932741370685343
0.0027337510837816686,3.283966983491746
0.0033061363912102806,4.73999499749875
0.008645614508921734,4.957903951975989
0.0037240906929698545,5.0
0.002852064086423335,2.813481740870435
0.010354091418336375,3.8782641320660334
0.0031398479433849616,4.514657328664333
0.00569517707048682,1.7066033016508255
0.009300320222516076,4.2546523261630815
0.002393286707121918,1.3475487743871937
0.005595979608585766,1.9690845422711358
0.0017813964155662734,5.0
0.002416021565057061,5.0
0.0038971972937528257,4.868759379689846
0.003271517685015414,0.05
0.003835712840855203,0.05
0.003728170119432328,1.6347923961980992
0.00763688542266143,5.0
0.009497979709666683,1.3896448224112057
0.00304482808098315,0.05
0.0043815810477378925,2.2538519259629815
0.005457660849250472,2.4148074037018508
0.0026745037804006763,2.026038019009505
0.005989794155874695,1.1172586293146576
0.0015656448783737537,5.0
0.007174952715170019,0.05
0.003894328322052207,3.430065032516258
0.002457270965033613,4.088744372186094
0.0029382757091712744,1.2311655827913959
0.006305719387508471,3.137868934467234
0.00408055036471635,3.425112556278139
0.0031135335935814842,0.5675337668834418
0.0042160059792173445,2.872911455727864
0.00835308619154521,3.041295647823912
0.006523572285891482,5.0
0.007834772882097177,1.1024012006003003
0.005398980946792385,0.05
0.005727304195355103,1.3079289644822414
0.006833037713953612,3.256728364182091
0.0017765062324879288,0.8869684842421212
0.0019216107661836415,2.1647073536768384
0.008032515950175498,4.398274137068534
0.0035945001406945884,2.803576788394197
0.004766286504061516,2.6871935967983993
0.0033562864722620836,2.1424212106053027
0.01280638388685355,2.825862931465733
0.003790425012029877,4.824187093546773
0.004019521047470755,5.0
0.004894861752562041,4.62856428214107
0.0034363277470483775,0.6319159579789896
0.002557668674046415,1.731365682841421
0.004200783244740762,2.6871935967983993
0.0020631350863645065,5.0
0.009157948392112925,0.05
0.006448594159842204,1.1123061530765384
0.009923511833303287,0.708679339669835
0.005318608838428433,2.625287643821911
0.005623178506231688,3.15767883941971
0.004081442416965182,4.4725612806403205
0.00862826439950904,4.638469234617309
0.005749759713667847,5.0
0.0021412234021942617,1.5134567283641822
0.00554395904128923,5.0
0.005867767937895903,1.3302151075537771
0.003742989696804363,2.8580540270135066
0.007578533345362567,4.769709854927464
0.004379023487393982,5.0
0.0052230939707675755,0.05
0.0027410828228188328,1.2856428214107054
0.004021726395666093,2.2959479739869937
0.005438675929947692,4.083791895947974
0.00503774895150038,3.430065032516258
0.0019394867506973487,1.0801150575287646
0.004621113149827022,2.9125312656328166
0.005101321525141429,3.331015507753877
0.008369413853873693,3.4226363181590798
0.0052630531867501815,4.663231615807904
0.0023920407553216713,5.0
0.005910941623020416,2.1597548774387194
0.0028867043599529116,3.78911955977989
0.005688075094632546,5.0
0.00338431591718847,4.083791895947974
0.00385124545316938,1.0850675337668836
0.0046978904756567325,4.207603801900951
0.009149370268182112,0.78791895947974
0.0008898016295923669,1.99879939969985
0.004230854990195931,5.0
0.0035104350590925773,0.8324912456228115
0.0065660061843878514,4.447798899449725
0.0034789489666524967,0.05
0.005470626139513768,4.648374187093547
0.009703944524405705,0.05
0.006373320069877522,3.2393946973486742
0.0011892017136279631,4.031790895447724
0.0034429745809480897,0.05
0.006299403611090593,0.05
0.008630625244169209,5.0
0.004732927909288233,5.0
0.010558084892875574,2.89272136068034
0.003899556736157578,4.915807903951976
0.0033523034064206203,4.358654327163582
0.0023066028056610705,0.05
0.001496980969531811,0.05
0.0014596378333066318,2.9991995997999
0.003843646030087168,1.1568784392196099
0.005331400660368114,2.731765882941471
0.0033418242666079026,3.8138819409704854
0.0013142707459336614,0.6393446723361682
0.0021497753241011344,1.820510255127564
0.005802541647444932,5.0
0.0028984313615557852,0.05
0.0035287523782002173,0.05
0.0069950433100660625,3.1799649824912457
0.00446844726487132,4.539419709854927
0.010661216848218177,4.990095047523762
0.0019947666982496268,2.3751875937968987
0.008082793528305918,2.1795647823911954
0.003343887302792479,3.3087293646823412
0.0018848704346511314,1.2286893446723364
0.005130951361323244,1.0603051525762883
0.0011622612540852437,1.4664082041020512
0.004410408437294698,2.2365182591295647
0.002269216398919492,5.0
0.0016387314490243186,2.3479489744872435
0.011510842546480424,3.598449224612306
0.010645116162052548,3.863406703351676
0.004800387826140812,1.2064032016008006
0.006209302764711738,2.583191595797899
0.007812167454447433,2.3058529264632317
0.008435386732899224,0.05
0.0017009915560280593,5.0
0.0031946288287198546,2.976913456728364
0.00374080241312115,1.7808904452226115
0.004766636504894589,0.10695347673836919
0.0030751729985385376,4.517133566783392
0.0027433459472628596,5.0
0.0026744245391536817,3.326063031515758
0.002092626138427086,4.056553276638319
0.003161033996857923,3.130440220110055
0.0042208237369797535,5.0
0.003184056422414726,0.05
0.0016610817969033714,5.0
0.004454685632656344,5.0
0.002944236052671252,1.161830915457729
0.0019359325904485594,4.514657328664333
0.007745909031976882,2.4965232616308155
0.003981780938925629,5.0
0.0009557623222149064,1.3351675837918962
0.00660327988524715,2.8951975987994
0.0029965956246578024,3.078439219609805
0.0023312394766121583,0.05
0.007540649897453469,4.021885942971486
0.0022960852880106256,0.05
0.0022498324658992014,4.296748374187094
0.0023177562644975044,1.7610805402701353
0.001275701863120815,4.73751875937969
0.008591489256287478,2.573286643321661
0.006989995786766796,3.7024512256128066
0.005462115536987014,5.0
0.0017335395167055595,5.0
0.00879547864520925,2.035942971485743
0.003071311282361662,3.5192096048024015
0.0013754097296563156,0.4783891945972987
0.011541883263991626,0.29267133566783393
0.0029668388646616403,5.0
0.0031632737435762226,3.4870185092546273
0.00474600439938146,5.0
0.001682733341729692,0.05
0.004866272154888246,3.6306403201600803
0.0033635332461139783,2.387568784392196
0.007776243501389262,4.1556028014007005
0.0031128955215116508,1.9666083041520763
0.004923777172958173,4.569134567283642
0.005248788179809255,0.9414457228614308
0.007935249527061504,3.3632066033016508
0.009530257522667222,0.05
0.002693938133584886,1.0949724862431216
0.002744683210029547,1.2385942971485744
0.0011538830201116637,3.8435967983992
0.0038449136237837314,2.3009004502251127
0.0025639468453137956,5.0
0.004726308087847686,2.0681340670335167
0.009547243453340945,0.05
0.0030840094234618476,2.021085542771386
0.006630391558810567,2.8605302651325664
0.009767579131691996,1.1172586293146576
0.005881104683573675,1.6446973486743373
0.005828396787322825,1.867558779389695
0.001560243923873883,0.05
0.003237227352293523,2.78871935967984
0.005685937281420424,1.6496498249124565
0.007356009415432102,2.2588044022011005
0.0068080771685565394,1.4441220610305154
0.0009746697783987457,2.8481490745372686
0.0042529827464528325,2.885292646323162
0.004083868777701796,2.372711355677839
0.004711215342882144,1.7982241120560283
0.002357023179301962,5.0
0.004152350760226284,3.5514007003501753
0.0025384100005159532,4.665707853926964
0.009267708281254193,2.4915707853926965
0.002639434694889642,4.683041520760381
0.010015154947618649,1.2484992496248126
0.007646813305027089,5.0
0.003694750602193146,2.3801400700350177
0.0066253265790246,3.3755877938969485
0.005325562779918004,1.278214107053527
0.005644675487509514,4.0763631815907955
0.005267173407613325,2.6772886443221613
0.004234130621724418,4.0961730865432715
0.0025292084683455826,0.05
0.005023248639766255,4.380940470235117
0.002075946852334566,2.271185592796398
0.007884427857289336,4.4725612806403205
0.0036832676866203756,5.0
0.0018432278124005108,2.4593796898449227
0.0017425731044402315,1.4985992996498252
0.0026742877627259215,3.5241620810405205
0.006753093839480757,3.5563531765882943
0.004523521005186836,1.8650825412706356
0.0022487129345226398,1.320310155077539
0.001643028206265905,5.0
0.002393441440662135,1.0058279139569786
0.005139677482178945,2.387568784392196
0.0025756511743083993,0.05
0.008284320295040955,5.0
0.009721979361541816,4.73504252126063
0.006934435440701506,3.677688844422211
0.007191138902430096,3.811405702851426
0.003628940160772247,3.704927463731866
0.00554822273788072,2.0780390195097547
0.007039388489960406,3.251775887943972
0.0003521184967213778,2.2637568784392195
0.00027424931102398853,4.3140820410205105
0.00957694563420846,3.3334917458729367
0.008157883030691114,0.05
0.007269858623289813,3.400350175087544
0.0027999758874499778,3.0932966483241624
0.0035701488598674364,2.1548024012006004
0.005139911411655068,1.0305902951475738
0.0027774533915062433,1.4911705852926465
0.004219663591484263,0.05
0.0017984284811257724,2.3949974987493747
0.004843267685442708,3.2814907453726865
0.005665590295323958,2.055752876438219
0.004519422546677948,4.2843671835917965
0.001560290473886318,4.574087043521761
0.002433032352052965,4.26703351675838
0.00220819751159871,3.3433966983491747
0.006315867895537092,3.172536268134067
0.005721583655294599,0.05
0.00812421354330066,4.762281140570286
0.0021310170245797747,3.9550275137568787
0.0013196174767846902,1.5085042521260632
0.003137778417061643,2.9422461230615307
0.00682708183465236,3.3533016508254128
0.0035803697999669606,0.05
0.004583917970592252,0.05
0.005272962076122101,3.4350175087543775
0.001690137670396677,5.0
0.009292743854162545,0.3100050025012506
0.003059506314028855,5.0
0.0027731260913485337,2.5881440720360183
0.00801725301173517,4.8662831415707855
0.001270286686253154,1.6298399199599802
0.004969389757533811,5.0
0.006019635318426482,4.915807903951976
0.006781458418861276,2.7391945972986496
0.0038135146306944034,5.0
0.0074178276769140405,5.0
0.0041372945927207055,0.05
0.0015876328334013326,2.097848924462231
0.00506559707029082,0.05
0.005907340620799693,3.531590795397699
0.002272402257686164,4.764757378689345
0.009557210258715997,1.4193596798399202
0.005948145619936021,1.040495247623812
0.001709103442995366,3.9921710855427714
0.005285399274522276,3.7222611305652826
0.006811412327760551,3.68264132066033
0.0017280535808455247,0.05
0.004135152699044582,3.665307653826914
0.0029503377552986057,4.915807903951976
0.00883930511398507,0.05
0.005953812002668209,1.1791645822911456
0.010817164147789972,4.564182091045523
0.0030586517424277884,2.6723361680840423
0.005018707511757189,0.05
0.0026186753837694823,4.89847423711856
0.003421006808952673,3.3235867933966983
0.005345636859206991,3.410255127563782
0.005055868915941349,1.5951725862931467
0.005124321185094774,2.011180590295148
0.005433104863342517,2.112706353176588
0.003421074443360539,3.937693846923462
0.0008039289080068943,1.52583791895948
0.0064078021891962045,4.938094047023512
0.00944186363484819,1.278214107053527
0.007063058532239,0.8077288644322163
0.007620955908944689,3.9723611805902954
0.004644118177083503,1.5406953476738372
0.005264489224506036,0.8250625312656329
0.012382192158529752,0.8968734367183593
0.0022204863950366187,1.835367683841921
0.006580336825238391,0.05
0.003751460100869429,1.3970735367683844
0.0049914492981608695,4.487418709354677
0.0030222522930077184,4.68551775887944
0.006946896780854285,2.541095547773887
0.006628924768872904,4.938094047023512
0.002669121444534961,0.05
0.005809725195017469,4.361130565282641
0.005963836032472712,5.0
0.0012883656427209803,3.989694847423712
0.005988681763723129,0.961255627813907
0.012966743702290291,4.274462231115558
0.001807926949928207,0.05
0.006455319674076095,2.5906203101550775
0.0050583888802290256,4.839044522261131
0.0008178999278253551,4.484942471235618
0.011444233734830209,4.3933216608304155
0.0034227283308487025,3.7123561780890446
0.003502954656057152,5.0
0.004661686654427677,4.1456978489244625
0.0009963099854625977,2.0706103051525764
0.006970408429190236,2.8803401700850424
0.0012296065168535264,4.762281140570286
0.0019273568611686206,0.05
0.002421232341970357,4.489894947473737
0.008603551658196824,2.0012756378189094
0.012490703570922187,3.68511755877939
0.0027931666299571695,1.7140320160080043
0.0022715688521195362,0.05
0.004715428576545805,4.57903951975988
0.0020504957262534526,0.05
0.0020945621272545414,5.0
0.0014794012619737187,1.3896448224112057
0.009172634326982586,1.9591795897948976
0.0021818188081830225,2.7020510255127563
0.004364906897561936,5.0
0.00187595761443924,2.0607053526763384
0.0030437187590365983,0.8027763881940971
0.0038949512407645687,0.4140070035017509
0.0021160653350424247,1.409454727363682
0.008770481400938293,0.05
0.0026337961754992548,3.499399699849925
0.0063390948685909665,0.9043021510755379
0.016782531631439612,0.745822911455728
0.0032777022302179076,1.7759379689844925
0.005276087069271546,4.034267133566784
0.003134775402453188,2.793671835917959
0.004626464460414564,4.128364182091046
0.0014943702883205776,5.0
0.0030066719044641033,3.2022511255627815
0.005945094338953259,1.567933966983492
0.002935772537395305,1.699174587293647
0.0021771392790076935,0.7557278639319661
0.00902147098555654,4.635992996498249
0.002566767734766294,0.7557278639319661
0.0046189487382009425,1.5827913956978492
0.0015228597119881365,5.0
0.0035601937607794426,3.415207603801901
0.0028175266997558512,1.3896448224112057
0.005620045761073944,4.995047523761881
0.004440962214305788,5.0
0.0059855263121772195,1.3425962981490747
0.002873095754742143,1.6422211105552778
0.004944729715898356,4.492371185592797
0.0022596616103503706,1.1964982491245624
0.0017103563793977386,3.137868934467234
0.006574162266579309,1.4292646323161582
0.007963079160711095,3.8955977988994497
0.0036563440260729344,0.6492496248124063
0.004240680008896387,4.717708854427213
0.011059786665420193,0.05
0.003643833002161416,3.0437718859429714
0.0020986683559393662,2.1424212106053027
0.0024118434835376304,4.752376188094047
0.007671375602990277,0.43381690845422716
0.005776814987524435,1.9666083041520763
0.0012480401402632305,2.3974737368684345
0.0038723890080682236,4.063981990995498
0.0018904015999542736,1.4911705852926465
0.00629295348014423,3.2715857928964485
0.005151717885642525,1.320310155077539
0.0022829289349870358,4.63351675837919
0.007050221751956846,2.5287143571785893
0.002650699334965395,3.595972986493247
0.004644389838302079,4.400750375187594
0.013840863473516488,0.5749624812406204
0.005778927980981445,1.4267883941970987
0.0023046039823155506,0.05
0.003959414722783633,3.7148324162081043
0.0021740815575950825,0.8572536268134068
0.008241221536760136,3.605877938969485
0.006004643878011855,5.0
0.004194783167426039,3.400350175087544
0.003207580718290866,4.764757378689345
0.005609005787773257,4.375987993996999
0.0031715529366290462,0.05
0.0034846746804168965,3.2294897448724362
0.006692610288538549,4.479989994997499
0.00711568138385401,1.082591295647824
0.002280390740097775,4.539419709854927
0.003060118604561464,2.969484742371186
0.0026875407544494356,2.3256628314157077
0.004292637390121867,3.759404702351176
0.0016190962603133893,1.5951725862931467
0.0049619759496409704,5.0
0.002781093395044114,5.0
0.004537942041881113,3.3013006503251625
0.006560878926829501,4.9455227613806905
0.005665863429828222,0.05
0.005628669231244159,3.405302651325663
0.004631472366754149,2.189469734867434
0.006683672161562071,2.885292646323162
0.006492596008280872,3.915407703851926
0.0010830785626117431,3.3780640320160082
0.005465299826185922,4.603801900950476
0.0027414630366861467,2.2687093546773385
0.0039169168750157815,2.2414707353676837
0.006186507574658634,5.0
0.0022734975281866535,0.05
0.00681142262433302,0.9983991995998001
0.004144234578341607,3.680165082541271
0.0019399704620954722,4.705327663831916
0.0035793027283824996,4.0961730865432715
0.0014037485641226477,5.0
0.0048009443480385855,3.8138819409704854
0.00319391745816619,2.7540520260130066
0.003236381568305975,3.749499749874938
0.004283533212808638,1.436693346673337
0.008842234239644461,4.683041520760381
0.008647084199513315,2.7342421210605306
0.003844126945498176,5.0
0.0068996007446447336,0.05
0.0034397814635108506,1.1271635817908956
0.004181094202104642,2.4544272136068033
0.003288536740826034,0.05
0.0023014650839683973,3.073486743371686
0.003419730199466446,0.7557278639319661
0.003918953324756218,2.266233116558279
0.001313477066396708,3.0115807903951977
0.00525285617929136,4.257128564282142
0.0025582014329463276,4.063981990995498
0.008436698210937225,3.900550275137569
0.001571681426102263,5.0
0.005975574640733207,2.0755627813906954
0.0030305242691486198,1.2336418209104554
0.0017974480082220343,1.3128814407203604
0.00870090747722655,1.5951725862931467
0.0010098800820425788,5.0
0.00629982368277722,2.273661830915458
0.0014494995794856053,4.341320660330165
0.011026731632384254,1.0256378189094548
0.0060259825460907135,3.9698849424712357
0.0076705887241075785,4.167983991995998
0.003729263502864774,4.574087043521761
0.005413297672634543,4.10360180090045
0.003321936924291502,2.830815407703852
0.006320662215978087,0.05
0.005385609959895447,1.8502251125562783
0.0010017394122719403,5.0
0.005918249144817582,3.7816908454227116
0.002618510766131163,5.0
0.0022954628715508366,3.152726363181591
0.003708944525254415,4.824187093546773
0.0016641450449779924,0.05
0.0034674826353361526,2.8704352176088044
0.007282313181855168,1.904702351175588
0.007739081300842672,4.824187093546773
0.004431504720799291,1.8848924462231118
0.007635281765443411,0.05
0.006178729771782986,4.068934467233617
0.0028666362204277096,1.2559279639819911
0.002811665662167298,2.877863931965983
0.00511002657223341,5.0
0.008455947495201885,4.0763631815907955
0.0023086918858851654,3.9624562281140574
0.00469407607679137,2.082991495747874
0.00576432526896907,3.0066283141570787
0.004157793401601405,4.678089044522261
0.0052892305331043235,3.1180590295147574
0.005141956341609001,4.200175087543772
0.003545535364090649,5.0
0.0051574042907811465,0.05
0.006658400468243689,4.128364182091046
0.004295161714447389,0.7953476738369186
0.004026978366646873,5.0
0.004602901799498224,3.8039769884942474
0.003880686116405442,4.522086043021511
0.0038123572988568583,3.3681590795397702
0.0015104176899154512,0.05
0.010849935816232247,0.05
0.0034765710478543432,4.606278139069535
0.002974977637139921,0.05
0.0026984200319292856,3.9773136568284144
0.0066454474330240945,0.05
0.00266794857601408,2.9298649324662334
0.0035602833498564607,2.815957978989495
0.003643983202260677,3.5538769384692346
0.0028050226341789705,0.381815907953977
0.007091748632319594,1.1742121060530266
0.010025257001575447,4.0664582291145575
0.002690497349726803,4.89352176088044
0.0050913076410239524,2.872911455727864
0.002360610058359955,3.0165332666333167
0.0076602733630648165,2.097848924462231
0.0022896724894624562,5.0
0.0014141689835761723,3.484542271135568
0.009288560006334712,5.0
0.006096737273795276,1.2361180590295149
0.005141426062941899,5.0
0.008644191619627623,1.0182091045522763
0.005258031209894223,3.036343171585793
0.005333284792158825,3.994647323661831
0.005093128526160916,2.9595797898949474
0.00303407294651626,2.5212856428214105
0.007326837185337623,1.2187843921960981
0.005425699292873898,4.616183091545773
0.009891558872593513,2.082991495747874
0.0020555305467287177,1.6966983491745875
0.004593309572601949,2.3751875937968987
0.002932232369835308,0.9414457228614308
0.0008688972786761867,5.0
0.006419268991883775,3.0016758379189596
0.00878098218181568,3.430065032516258
0.0020837260289290616,0.05
0.0014144083276182717,5.0
0.0048637190892928325,0.9662081040520262
0.006649867272953552,0.05
0.0009930858183829078,5.0
0.00655353119688417,3.425112556278139
0.0018726914248463414,4.093696848424212
0.0033186592039372576,4.588944472236118
0.003923576135427306,5.0
0.011742051434471757,0.4882941470735368
0.001005282987060381,0.7730615307653828
0.003642419139094133,4.2150325162581295
0.0025728103821805043,5.0
0.003886403211655662,1.904702351175588
0.005274400281860686,2.345472736368184
0.007102207060943777,0.05
0.006966247033310856,2.9174837418709356
0.0031438321281408443,1.7214607303651828
0.001494313267836278,5.0
0.004454887395221256,0.05
0.005886431719298896,5.0
0.002308620810245174,0.05
0.007394604116279159,1.2930715357678841
0.005756552496917339,0.8671585792896449
0.00827367100485702,4.747423711855928
0.002038617509056699,4.442846423211606
0.005957543385655087,2.5089044522261132
0.0016206114871811853,1.493646823411706
0.007564482685008828,2.4321410705352675
0.00557778416777871,0.05
0.003500797397114043,3.1056778389194597
0.007563872390270281,0.05
0.007506652641017533,2.0012756378189094
0.0019100303602290133,5.0
0.003253421721715763,4.512181090545273
0.0017429593971380955,2.4915707853926965
0.003148920483780078,4.489894947473737
0.01162365401305409,3.311205602801401
0.0014172154027003794,4.754852426213107
0.0048806233600573595,4.616183091545773
0.004685436064319155,1.704127063531766
0.005023568252175158,5.0
0.0018309727539676177,1.2014507253626814
0.0007268328004154667,2.018609304652326
0.00618968274289081,5.0
0.0027366907306639043,1.6075537768884445
0.004844255087173489,3.0115807903951977
0.0015534379520675476,1.9591795897948976
0.003714540496927099,0.8027763881940971
0.005162100669016789,1.4614557278639322
0.0023734705822605062,0.05
0.00445751451015193,0.05
0.006155030623661961,4.68551775887944
0.008772731115322379,4.0516008004002
0.008845300124878719,0.05
0.004736313027193052,3.863406703351676
0.0014639772272118795,2.0483241620810406
0.0025620071775676392,4.1357928964482245
0.002525451447623908,5.0
0.00591851827859282,0.05
0.002514923788322382,0.05
0.0033278903315744,1.451550775387694
0.00508581030748928,1.3005002501250627
0.004885574789453423,3.8955977988994497
0.0031165275249832314,0.05
0.006999457108726563,4.1655077538769385
0.0033317156653739667,4.940570285142572
0.0070060819438555536,1.1271635817908956
0.001897591455018291,3.2691095547773887
0.001954440237231403,5.0
0.0016787418033765572,2.4172836418209105
0.0007209044774198758,4.524562281140571
0.004250278419984037,2.900150075037519
0.008005202434893548,5.0
0.0024522667955679256,1.9344172086043023
0.0021890611431078996,1.8551775887943973
0.00402721436241564,3.214632316158079
0.009325207780624366,4.556753376688344
0.0023229813980554584,3.2171085542771385
0.00525577622261509,5.0
0.006825223544566536,3.3334917458729367
0.0031074653257233825,1.4490745372686344
0.001795448128112706,2.7119559779889943
0.0017846833807657336,0.9389694847423713
0.007704080855454494,1.1816408204102054
0.0012470316669369388,1.0603051525762883
0.0010103692360641722,1.0801150575287646
0.004589874586929714,3.905502751375688
0.003762732313200772,0.05
0.004253908569001277,1.1271635817908956
0.0031002580591062354,0.05
0.0037894068181585153,4.891045522761381
0.009163838306786274,1.619934967483742
0.0031918746867692707,1.7387943971985995
0.005309556151638091,0.05
0.005242424312355956,4.071410705352677
0.0015929454613648891,3.4771135567783893
0.00756884783966277,2.813481740870435
0.008574905527352142,4.041695847923962
0.004965942303236236,3.2666333166583295
0.003989387419043922,0.05
0.0031588082610873383,2.466808404202101
0.0020397710380929274,5.0
0.001891837999613094,4.767233616808404
0.004405672551480631,2.652526263131566
0.002043583854663779,5.0
0.004211566085095771,0.5898199099549776
0.008181916433458912,2.9323411705852926
0.0028734090030426707,5.0
0.0020751509064023885,2.4296648324162082
0.006146578136983383,4.913331665832917
0.006547683683967742,3.15767883941971
0.004107492343499379,0.05
0.003610877467145432,4.690470235117559
0.0025118341330671104,0.05
0.006787358718576941,1.6595547773886945
0.008674439939525026,4.598849424712356
0.0045959043089151205,4.346273136568285
0.00555343922478678,0.7730615307653828
0.009214492214866352,0.05
0.004351254857294512,3.662831415707854
0.0053676532337305904,1.3747873936968487
0.0022513832882652823,3.1279639819909955
0.006252073816469847,2.5881440720360183
0.0027808773039768447,5.0
0.0032197944882421878,3.6281640820410206
0.007470718517354594,3.595972986493247
0.0048102949623867255,0.05
0.005061224376932724,0.05
0.002727225926376274,0.05
0.00183048779367765,4.3834167083541775
0.014276120767906443,0.05
0.0017307977676595115,5.0
0.004074428354096708,4.962856428214107
0.005086879492767482,0.05
0.007970618893688781,3.3607303651825915
0.003590236185133572,3.7866433216608306
0.005763349575778259,0.05
0.002029328279246352,1.5159329664832417
0.002388721595762734,2.0854677338669334
0.0050643262532678104,4.482466233116559
0.008358480813144366,0.05
0.001290018596944227,2.813481740870435
0.0020428864104762162,1.877463731865933
0.0008154762911115956,5.0
0.0026706764647413637,1.4664082041020512
0.005968622255828573,0.05
0.00418563035916273,1.73631815907954
0.005493430618937971,3.1131065532766384
0.006669262699630127,1.704127063531766
0.0036232789837876214,2.4791895947973988
0.004961566006610102,2.2315657828914457
0.0020308983190551466,4.529514757378689
0.006377292540853417,1.2163081540770386
0.008938636017080538,3.84112056028014
0.0012383488157617847,3.9030265132566284
0.00452067351325907,0.21838419209604804
0.0030347121526914794,4.031790895447724
0.00469009447293036,3.7816908454227116
0.005276006731535769,0.5526763381690847
0.005580342680372375,3.784167083541771
0.004959690587455504,5.0
0.003947489503695008,0.05
0.0017695682578452512,1.7610805402701353
0.0028327376531171178,3.484542271135568
0.003548280529949592,0.8374437218609306
0.0019743923854245587,1.36735867933967
0.0040245676913573045,2.952151075537769
0.005444622014593219,2.182041020510255
0.0026806463508821377,5.0
0.0017722945525491113,0.05
0.0018819769632191993,2.134992496248124
0.0015695580910416451,5.0
0.0034910059409603705,2.910055027513757
0.010911510227454464,0.05
0.0022105020063465236,0.05
0.0009003930755107914,2.915007503751876
0.004737252190737888,2.3380440220110055
0.008996021340030046,1.8650825412706356
0.006451499800005374,3.5414957478739373
0.006692373721818731,4.331415707853927
0.0033753437804825634,1.8700350175087546
0.0027336079812240177,0.7705852926463232
0.0033675891426062712,5.0
0.0040801275923335045,4.222461230615308
0.0037345871955286325,5.0
0.007203610423412339,4.3338919459729865
0.0023112717440425534,3.826263131565783
0.004316421125398477,4.648374187093547
0.0026448442240185055,1.614982491245623
0.010388083377139114,1.6843171585792898
0.0036050439950042687,0.05
0.004869584469584735,4.623611805902952
0.006143845496438295,0.708679339669835
0.001120759146352561,3.8832166083041524
0.0049432239169576245,2.4123311655827915
0.007632931792925776,4.923236618309155
0.003830961209876152,2.729289644822411
0.007554376221363332,0.05
0.0058861939563572205,1.9715607803901953
0.004328734642935601,2.8803401700850424
0.004216070795158705,2.9496748374187094
0.004831054807116854,5.0
0.004665033259700024,3.4548274137068535
0.004026045863420244,1.7858429214607305
0.0029957495340940665,2.2439469734867434
0.0019803012200733383,2.345472736368184
0.010374845551697546,4.611230615307654
0.004596496820555886,3.4275887943971988
0.008132435931435589,3.083391695847924
0.002913488088332472,1.867558779389695
0.001978262689409843,3.4176838419209608
0.005274994020603732,1.5654577288644325
0.00625138372171094,3.2988244122061032
0.004638344714687839,3.6405452726363183
0.00034619041086895314,4.591420710355178
0.007935831753243673,2.1226113056528266
0.007631760644055803,3.1948224112056027
0.0056534978560573435,1.662031015507754
0.0025553560191361527,1.1989744872436219
0.006856608853642664,2.971960980490245
0.0024930274656422002,2.003751875937969
0.0043657652673779745,2.3553776888444222
0.007528190310314306,2.625287643821911
0.006128304200053954,1.857653826913457
0.001386028946138776,5.0
0.009466008429761981,0.5254377188594298
0.003859198995399153,0.5972486243121562
0.004441515365588421,3.0165332666333167
0.006631647421913779,3.935217608804402
0.003356579918544801,1.5085042521260632
0.004425558148801287,4.873711855927964
0.0024753795071472476,5.0
0.005025143269631167,2.0706103051525764
0.004228439688317841,1.2237368684342174
0.0035857158364579478,1.9269884942471238
0.0025557186825879916,2.2340420210105054
0.008153076662774802,4.502276138069035
0.0016026921278776349,4.791995997999
0.00930616953932089,3.8064532266133067
0.004457797140411904,4.920760380190095
0.0017057424390498344,3.747023511755878
0.004385618716331745,3.0932966483241624
0.005108864701703415,2.813481740870435
0.0024503931565428363,4.725137568784392
0.0031562976076726507,5.0
0.005189340993678432,0.05
0.006513722994393012,3.306253126563282
0.013487091156688499,3.068534267133567
0.0030852375457383133,3.514257128564282
0.0041401677295769546,3.868359179589795
0.008026733748394858,0.05
0.005039430535060521,2.3999499749874937
0.00646660918892155,2.979389694847424
0.005348732392654619,0.05
0.009048462362937972,0.05
0.0025744532737867927,3.8832166083041524
0.0011545595443112344,1.7066033016508255
0.0029167987241255702,2.4866183091545775
0.0032403308915542953,3.4028264132066033
0.0038626254056566348,2.087943971985993
0.009040733552215477,2.0904202101050524
0.0014620542335931005,1.5406953476738372
0.005272811620515273,3.761880940470235
0.002435245068838028,5.0
0.0030143837723134934,1.9368934467233618
0.005747235655527341,4.0763631815907955
0.010589223034078644,2.4643321660830417
0.0007473282859351699,3.3013006503251625
0.007676868334115877,3.6331165582791396
0.004739577686108221,3.3136818409204603
0.0034530490974883157,2.6772886443221613
0.011464945956840972,4.167983991995998
0.0031731736413915038,0.05
0.006737556712226228,0.05
0.0026958651068700046,3.8980740370185094
0.002872338759296704,2.8951975987994
0.005545380197355926,2.2068034017008507
0.006855384913387247,4.962856428214107
0.0035365433651009526,5.0
0.0014292032948000355,2.5633816908454228
0.005143411877273026,3.858454227113557
0.006331655803869442,4.960380190095048
0.008663095029310577,3.219584792396198
0.006381363199508001,2.7911955977988994
0.0035096398691463263,3.695022511255628
0.0029579237007456155,0.05
0.008848768948327881,3.041295647823912
0.002879260446072538,3.041295647823912
0.00396088306058813,0.05
0.010537562630070337,2.8233866933466736
0.004014982635353603,4.608754377188594
0.002156576801507555,5.0
0.004962020356485054,2.172136068034017
0.005951479915888298,1.6347923961980992
0.0048065487160595145,3.900550275137569
0.00505916380883787,1.1568784392196099
0.0018003405427415853,1.3128814407203604
0.002445402165421849,1.3599299649824914
0.004009202159414825,2.645097548774387
0.004068125372820586,4.561705852926464
0.0021826437177050254,1.3326913456728366
0.006361190472052719,5.0
0.0010688102958268109,3.4127313656828417
0.0025270206439702916,4.603801900950476
0.004650360964256577,4.101125562781391
0.0025452517387918178,0.05
0.0030800170241930963,4.848949474737369
0.0021889500179288965,2.625287643821911
0.003825224355479398,1.8749874937468736
0.002200614782786721,5.0
0.008519575336296298,2.016133066533267
0.006653618998535948,3.8237868934467234
0.003490586049893621,2.0780390195097547
0.005312010525276245,0.05
0.002091265346772092,5.0
0.00863421064552903,2.055752876438219
0.004316814017554786,4.8662831415707855
0.002300355472926785,4.455227613806904
0.0074504008154898105,1.1692596298149076
0.0046520966807704275,4.995047523761881
0.008650113277108212,4.351225612806403
0.003999912170868022,5.0
0.007047272713008375,2.4222361180590295
0.005560878126243819,4.910855427713857
0.00921671328716156,1.8799399699849928
0.001946312138347818,2.751575787893947
0.006466804298816131,0.8126813406703353
0.008733651576330617,1.731365682841421
0.010291745753103477,3.246823411705853
0.0020977861060364096,0.05
0.0038393628204783786,3.0091045522761384
0.004042003560121535,0.05
0.0026881811664494215,1.867558779389695
0.006650943282363632,3.058629314657329
0.0004052280616325052,5.0
0.003872201520857328,1.166783391695848
0.005584454284244263,3.2072036018009005
0.005594563447756926,5.0
0.004839762155625343,0.05
0.010294330985263993,3.0140570285142574
0.004720078017053125,0.05
0.006038600304981406,1.1271635817908956
0.00576617436523158,0.05
0.010764490870428224,3.937693846923462
0.0018028295332271002,5.0
0.0051567838178018105,4.992571285642821
0.00331832714863782,2.751575787893947
0.008143076149431737,3.083391695847924
0.006207337581482078,2.3949974987493747
0.009066182334635749,1.0429714857428716
0.0077431100474043835,3.145297648824412
0.004811295559873585,4.502276138069035
0.0008660459435519199,1.8477488744372188
0.0025958989173588826,1.2237368684342174
0.0012160591479816463,3.0066283141570787
0.0013133814587100445,3.4672086043021513
0.00653606295948151,0.05
0.005847720800498574,4.8860930465232615
0.0019609628534678625,3.4077788894447223
0.00585145688858129,2.647573786893447
0.0045608020668524984,2.130040020010005
0.0023765776597917884,1.3029764882441222
0.0022872797241791365,0.7210605302651327
0.0032258445844148137,3.231965982991496
0.003379429030513588,0.05
0.002622309623445278,5.0
0.0015780445717169106,0.11190595297648825
0.0025585349670417395,5.0
0.0052338266379233014,5.0
0.007086601312098803,2.199374687343672
0.004875891188161868,0.05
0.00812519538174633,2.5039519759879942
0.004360969008475692,0.1317158579289645
0.0013507719507607,0.05
0.0056592687854090384,0.7656328164082042
0.0074029599270952935,1.4292646323161582
0.003736991563507694,3.4028264132066033
0.008638990347162725,1.3401200600300152
0.014512453295212231,5.0
0.002927829105517789,4.62856428214107
0.005983166521302284,1.830415207603802
0.0019416037124854735,1.6026013006503252
0.009968136947597066,2.4024262131065535
0.003128799504695766,1.4193596798399202
0.005339704691326462,4.992571285642821
0.0037790549026844762,3.0066283141570787
0.006468145103306254,0.5749624812406204
0.007062255855439459,2.731765882941471
0.009756685316896663,4.702851425712857
0.008800046854978857,2.6030015007503753
0.0054530687723532145,4.4725612806403205
0.007927562710774334,2.642621310655328
0.003632228388342991,5.0
0.011340518238139592,2.018609304652326
0.006748033755134809,4.484942471235618
0.00747211725669434,2.731765882941471
0.006368252587829658,1.4119309654827414
0.006528449264854602,0.05
0.005574676961328077,1.0281140570285143
0.004230801312465261,4.125887943971986
0.003100067616636795,3.652926463231616
0.004622140616459693,2.308329164582291
0.011550328416579637,4.009504752376189
0.004893525735584006,2.989294647323662
0.0049575741581806415,0.05
0.003406465869650259,4.418084042021011
0.006353086396965885,0.6294397198599301
0.005233860982975243,4.583991995997999
0.01005583851014152,0.4164832416208104
0.0020912017149073356,4.695422711355678
0.0031727175982331907,2.9447223611805904
0.0018074723708939103,2.1448974487243624
0.0007745960526280155,3.6182591295647826
0.005152510530568852,4.742471235617809
0.005491424426987412,4.1556028014007005
0.0020250520469799263,5.0
0.0028885724367036236,0.05
0.0068415157013472574,5.0
0.00572783758153194,3.8955977988994497
0.004529750421773025,1.919559779889945
0.006028321623955106,1.9022261130565286
0.0029939430721670907,2.023561780890445
0.0021288477643782375,2.52623811905953
0.0022385126208793876,2.100325162581291
0.004444405654795626,2.3603301650825412
0.0025290414185402676,3.068534267133567
0.00282338290180675,1.4540270135067535
0.005925708459649667,1.1172586293146576
0.0014546395384769234,1.399549774887444
0.005929354120085578,1.2336418209104554
0.005962714922450207,2.251375687843922
0.0024975847146049487,5.0
0.007377965135442498,0.05
0.005724145468844019,3.4919709854927463
0.004743449861710131,1.7189844922461233
0.007994755394251075,3.05367683841921
0.006269808094156094,4.091220610305153
0.007136123363177899,1.134592296148074
0.005541019111843189,2.021085542771386
0.004513643962286436,4.8959979989995
0.0030417391661710855,4.772186093046524
0.004886963056068214,3.531590795397699
0.0041720291930955125,1.2336418209104554
0.0069840746963629255,3.6281640820410206
0.0022442984337512975,4.011980990495248
0.00437650447041589,3.3755877938969485
0.009657335683876812,4.380940470235117
0.0013758726179019173,4.192746373186593
0.0025782505522017607,1.0107803901950976
0.0037258908436062846,2.7911955977988994
0.0022977013863811555,0.8523011505752878
0.0060081510837338495,5.0
0.010478288830656619,1.857653826913457
0.00917265678778563,0.9587793896948476
0.002645739144035604,3.984742371185593
0.002141235420361008,2.6797648824412206
0.0014258732402741628,4.413131565782892
0.006370783560811125,0.8374437218609306
0.0008158354661278872,5.0
0.007368279634387159,5.0
0.009112381019669262,2.3751875937968987
0.007922182164284107,1.5332666333166585
0.001966671473652079,5.0
0.0016868469170183628,1.993846923461731
0.004461069129701973,5.0
0.0024503718836376004,5.0
0.0018878251918346758,3.3136818409204603
0.002857016119156376,2.7565282641320663
0.0047625548473623006,3.004152076038019
0.0006796632940089323,2.6822411205602803
0.006422900300825936,4.2843671835917965
0.00730156581743514,0.05
0.0037574367926223977,3.2443471735867937
0.0004605774110544372,3.0338669334667334
0.004847950046779237,2.1795647823911954
0.0077360453006942165,1.4342171085542774
0.003900757676240582,2.647573786893447
0.006596369176220494,4.093696848424212
0.005275787124667981,3.227013506753377
0.009624101118102656,1.1890695347673839
0.0067278716115094644,2.867958979489745
0.013891719704958016,3.4350175087543775
0.0013161838003926535,2.011180590295148
0.002320085697009193,5.0
0.009054252326508277,4.2249374687343675
0.006325302248902279,1.7685092546273138
0.0018879873068352385,5.0
0.0046142468425999505,1.904702351175588
0.00278216200550737,4.10855427713857
0.0017854291103060749,5.0
0.00471778630510751,2.7862431215607804
0.0033684202789120224,3.749499749874938
0.004905202427922382,4.680565282641321
0.0037969615320793577,5.0
0.007486641524161987,5.0
0.006422130634156878,4.982666333166583
0.00574190203306953,1.3326913456728366
0.007276099839061648,0.05
0.004338551983227842,5.0
0.0016860243827278645,4.219984992496248
0.004453753241500005,4.747423711855928
0.0010447873877120414,3.764357178589295
0.0047394410263326,1.9344172086043023
0.004150035328264301,3.2171085542771385
0.004931870051501579,4.410655327663832
0.005851845773581072,3.3681590795397702
0.0036061451527491795,0.8993496748374188
0.0029445355808665127,0.05
0.0010169842587161096,1.988894447223612
0.008915285745447692,0.34962481240620313
0.005763877074197413,3.395397698849425
0.003928536585084005,1.7239369684842423
0.006361121231970426,2.5485242621310658
0.00708552807689939,2.1275637818909456
0.009499684648065713,4.192746373186593
0.003573641985423162,5.0
0.0023824709264241573,0.05
0.0017792617057341767,1.9220360180090048
0.0037168171498656866,0.05
0.005241841118881263,5.0
0.0015558886672387973,1.877463731865933
0.005479135432515839,2.2389944972486244
0.011771440356988384,2.372711355677839
0.0038997149913418683,1.5159329664832417
0.004702069559456824,1.394597298649325
0.0021443008944560943,3.2592046023011507
0.005925490913926315,1.6867933966983493
0.003953009595924276,0.05
0.007689531947864335,4.440370185092546
0.00828278159836246,0.6492496248124063
0.0026848957032997653,3.6554027013506754
0.0007102422609561454,1.8007003501750878
0.0033689417743099775,0.05
0.002542657893375315,5.0
0.007123609620234679,3.57863931965983
0.014516259777414928,4.3140820410205105
0.00289616352614247,5.0
0.001459130684905427,3.647973986993497
0.004224452679513914,4.2942721360680345
0.004360074690744883,4.588944472236118
0.006678340074425193,0.9414457228614308
0.002952389756556373,1.941845922961481
0.0019675023563670013,1.7586043021510758
0.0030309209083727792,5.0
0.005728848021741194,3.415207603801901
0.004773470039263393,2.498999499749875
0.007450910444932027,2.7590045022511256
0.005614216012732501,4.95047523761881
0.0053400268555798165,1.2707853926963484
0.006316160978960837,5.0
0.002723494089690963,3.231965982991496
0.008323310059828587,1.2707853926963484
0.0058816077684835585,1.4168834417208607
0.0029375423643128243,4.687993996998499
0.002861786582266629,1.3401200600300152
0.004770700925987706,3.7024512256128066
0.00221911201934228,1.5481240620310157
0.0021111775990027004,0.6294397198599301
0.0021898825765189894,0.05
0.007802863738530209,2.2117558779389697
0.0038602652142770214,5.0
0.0022815086247053792,5.0
0.003351178904546767,3.293871935967984
0.005635862899316439,3.2715857928964485
0.0012700283123571465,5.0
0.005984655365130882,4.863806903451726
0.007811828536532034,1.6347923961980992
0.0018526459789874397,3.1279639819909955
0.0012747754663994665,3.905502751375688
0.005368077612723621,4.727613806903452
0.003121545568635614,0.05
0.00970070356502209,0.05
0.0024730654133888336,3.848549274637319
0.0012364077214162966,5.0
0.003952793154366439,3.340920460230115
0.0017650179142611258,4.905902951475738
0.002003896598768415,1.4961230615307655
0.0029425267575447916,3.727213606803402
0.002634651434916809,2.9447223611805904
0.0036324077218853543,2.89272136068034
0.003466710984931641,1.610030015007504
0.0027633321126937227,1.6595547773886945
0.00966043776282121,3.8658829414707356
0.006973728045923111,1.6818409204602303
0.004427230508344766,4.073886943471736
0.004227863132049758,1.1123061530765384
0.008971704942852057,3.610830415207604
0.0030303322175287625,2.4965232616308155
0.003825180106015666,3.130440220110055
0.0012894082361455672,3.905502751375688
0.00854446247640378,0.9761130565282643
0.004960237717123672,0.05
0.004008500723910902,0.05
0.0028147201589133405,2.5336668334167083
0.0018530139840368179,3.3805402701350675
0.004491500047294046,1.8848924462231118
0.0014550329408372017,2.5336668334167083
0.0018194421959144766,3.7197848924462233
0.005781517440340861,0.5898199099549776
0.003148064805172046,2.568334167083542
0.0020400925866482025,1.830415207603802
0.003925064810235752,4.405702851425713
0.01054313636940471,0.05
0.0033636408734974838,1.1395447723861933
0.00979554729104816,3.0982491245622814
0.0048738560728111766,3.8856928464232117
0.0019474650763331713,1.129639819909955
0.003867431598636721,2.9273886943471736
0.0023537945045690248,0.05
0.009415668361575175,0.05
0.003938838523130574,4.024362181090546
0.0068386164318172266,0.05
0.003077741296351924,3.7148324162081043
0.006634010643077885,2.6797648824412206
0.0015823227017699865,3.930265132566283
0.0010950183592045235,1.8923211605802903
0.005488546909920837,2.0334667333666836
0.002400212609611166,4.326463231615808
0.0030541167269711594,4.47503751875938
0.008674650818044576,4.212556278139069
0.006973513245732234,2.271185592796398
0.004791591668337501,3.6281640820410206
0.0012523850708043224,1.6397448724362182
0.005390595303488788,4.007028514257129
0.002755227375821477,0.05
0.0034628000704006873,4.00207603801901
0.003990939058524878,4.2348424212106055
0.0009662009872469582,1.5010755377688847
0.003818639244119952,2.20927963981991
0.0030348220006251522,1.8824162081040523
0.00300996133902158,3.7197848924462233
0.0019005493803007298,3.4622561280640323
0.004951769815732622,0.05
0.002264427951817645,3.5464482241120563
0.00833116367855994,5.0
0.0010244562565025067,0.05
0.006678907405735089,3.4523511755877943
0.002364720998414657,4.338844422211106
0.007255737467380806,4.645897948974487
0.002804155445826642,5.0
0.003854801037587563,1.3376438219109557
0.004614941302207944,0.05
0.00421296435429612,2.3256628314157077
0.0025086256068128435,3.4028264132066033
0.0031249255021466096,3.2171085542771385
0.004147384880266759,0.05
0.005033429288098024,1.9344172086043023
0.0035558754095513234,1.7016508254127065
0.004673309982902413,3.326063031515758
0.001634147705121769,5.0
0.005606265334285598,0.05
0.004623666626125331,4.237318659329665
0.006941258869094288,2.362806403201601
0.0019305485944417083,5.0
0.003775502629509299,2.1424212106053027
0.003337967782287052,0.05
0.005007031411683648,3.7173086543271636
0.0030663916637484086,1.731365682841421
0.010500201359425004,2.1498499249624814
0.0033358695446976325,3.05367683841921
0.0026994114769280306,1.9715607803901953
0.00880727361515081,0.05
0.004073177943762871,3.7098799399699853
0.002316565014533395,0.05
0.004100042708783065,2.3900450225112557
0.008924566786466769,1.9765132566283143
0.0038269386828032464,5.0
0.010576592086248816,4.26208104052026
0.002963816789160044,4.42551275637819
0.005511076052183955,1.4218359179589797
0.0052895859589376995,5.0
0.004317210664024185,4.725137568784392
0.009097102531437792,1.0058279139569786
0.0036155780683887542,4.16055527763882
0.00476637858387554,1.783366683341671
0.0020214274586961498,3.846073036518259
0.0020024882664317345,1.5605052526263132
0.003017706422539776,1.399549774887444
0.0034468925781710527,0.05
0.0033984155931478383,5.0
0.004712013953324136,2.905102551275638
0.005389558611152746,3.591020510255128
0.0027290131350967764,5.0
0.005609935928570106,0.05
0.001508361004701475,1.5803151575787895
0.004613930525911261,0.05
0.007707963778861793,4.534467233616809
0.002380590264833962,3.8980740370185094
0.0034972978490612136,1.446598299149575
0.0034362969301423435,3.0091045522761384
0.012576672734709256,5.0
0.006952307370763015,1.993846923461731
0.008996551233096669,1.657078539269635
0.0012705779407713377,5.0
0.00888089073163302,4.309129564782391
0.009640497218389034,2.1498499249624814
0.008688694933279818,3.8931215607803904
0.006093841165106945,1.0677338669334668
0.005242108454396099,0.9439219609804904
0.005385319051387019,5.0
0.0017947652751499482,0.05
0.007269947135112517,0.9711605802901452
0.006569679454547166,4.943046523261631
0.0054844035627865245,0.05
0.002754228184200201,2.8431965982991496
0.002862181758486529,2.4494747373686843
0.00209728894744899,3.0809154577288647
0.007565648777885601,1.562981490745373
0.007840391913066017,1.493646823411706
0.002663784455855474,0.05
0.006563732246239719,3.4498749374687345
0.007813709694771798,1.2757378689344674
0.002417290732312706,2.494047023511756
0.00310861965141615,3.2121560780390195
0.00321217517734651,3.7717858929464736
0.0077206498988164965,4.200175087543772
0.0004012740362603004,5.0
0.010473637829825973,0.05
0.004722519440328844,1.6546023011505755
0.006944271869265273,5.0
0.0033018793200759525,4.826663331665833
0.005943277301820975,0.05
0.006257179680438971,0.05
0.008533754343429987,0.05
0.003561951241014591,2.716908454227114
0.0022843820286985797,3.0932966483241624
0.003190777009111731,0.7433466733366685
0.004379616222567606,4.863806903451726
0.002149328023737171,1.5506003001500752
0.0069350040258847265,0.05
0.0032899086444774517,5.0
0.002387258956514045,0.8052526263131566
0.004999340368891089,1.8328914457228616
0.0026394455787496288,0.05
0.007659553077835186,2.9224362181090546
0.0028420702020882996,4.683041520760381
0.002600223268554372,5.0
0.004361995191982923,4.2051275637818915
0.0012027780285859338,1.914607303651826
0.0051984788922554565,2.657478739369685
0.004153928595717865,3.425112556278139
0.00499859497464171,3.031390695347674
0.005643126074796008,0.792871435717859
0.0033589845600157445,2.055752876438219
0.0036078729216146785,2.8506253126563283
0.0012037242252118593,5.0
0.00488908930307505,3.9599799899949977
0.002333709038036931,0.05
0.0025193651373207823,4.517133566783392
0.004336343415745625,2.3974737368684345
0.003509832963315307,4.962856428214107
0.002075050764113344,5.0
0.007038881853890951,2.952151075537769
0.007312904787284434,0.7260130065032517
0.0016732825414989064,0.05
0.005521653902983641,3.591020510255128
0.004757337023347498,1.5951725862931467
0.004152447526776362,3.152726363181591
0.005304094197154649,1.0107803901950976
0.005299564459782996,5.0
0.004150279672051817,0.05
0.0025007124618686496,2.451950975487744
0.006084783938113476,2.1696598299149574
0.0035318324108469107,0.05
0.0032961694039234934,2.283566783391696
0.00425964313818826,4.259604802401201
0.0026059012695494113,2.5906203101550775
0.002198511128259348,2.214232116058029
0.0005457465075489193,5.0
0.002070666155734431,2.5757628814407205
0.0035470033235731682,3.662831415707854
0.0014463971654214217,1.7709854927463733
0.0028677809882168073,0.05
0.006934968222853673,0.05
0.002742642079561493,0.05
0.007341632870301713,0.05
0.004137094924766951,3.1552026013006502
0.00792077068856098,4.68551775887944
0.005892337466867022,4.722661330665333
0.0016901079368710978,1.1519259629814909
0.007176871009554275,1.6273636818409207
0.006521221342488781,4.356178089044523
0.0029004265003506474,1.8378439219609808
0.00434077441215789,3.4548274137068535
0.00762416521736238,2.196898449224612
0.005371560118530495,2.3801400700350177
0.0037662985188280304,3.4573036518259133
0.0007191282592196035,3.4573036518259133
0.008144771406677645,1.2757378689344674
0.0023939053977289904,0.05
0.006063772404071487,2.201850925462731
0.002476030952584987,5.0
0.004432655948932981,1.7957478739369688
0.001956308051218922,3.7296898449224614
0.010012646581322754,0.05
0.002999927538694054,5.0
0.005129646772213885,4.700375187593798
0.0007197724059020069,0.05
0.006129421656423752,0.05
0.01097976546945817,4.665707853926964
0.0017021212375850983,2.4890945472736368
0.003604836345255706,0.05
0.0018185734363092287,0.2951475737868935
0.0034035018608420745,4.63351675837919
0.005822876877068166,1.3326913456728366
0.010567066035028064,2.087943971985993
0.005442681618971497,0.7978239119559781
0.005793953333822759,0.3322911455727864
0.00252768410951619,0.05
0.004346158811560676,0.05
0.006168030737851372,5.0
0.003730579584616152,3.321110555277639
0.002892630385270087,5.0
0.003912785052438764,1.1766883441720861
0.001980813809229147,4.747423711855928
0.0040514246926558195,0.05
0.007013722842077068,1.310405202601301
0.0015831940125388341,2.568334167083542
0.00413477811391811,2.6550025012506255
0.0032005436151947148,2.3281390695347675
0.004809526444612966,5.0
0.00377206787940872,0.05
0.005457527747664573,3.0982491245622814
0.0033151895947194504,5.0
0.008690681570689328,1.4218359179589797
0.015097293379475116,3.917883941970986
0.006745707118652782,3.920360180090045
0.003441737454499917,0.05
0.006343173271410079,0.7136318159079541
0.006762610058773329,3.4622561280640323
0.0033392443644922262,5.0
0.003135985242395792,1.0528764382191096
0.008518683162561054,2.9026263131565786
0.002349897339353757,2.4742371185592797
0.0034994980142350196,5.0
0.005090803365944051,3.0165332666333167
0.0036185919296332983,4.702851425712857
0.0036247447865511984,3.5563531765882943
0.005563784367063639,4.791995997999
0.007548426943741561,3.199774887443722
0.0024314374358412327,5.0
0.006134923545882721,3.68264132066033
0.002461657837359195,1.283166583291646
0.004984023883775217,1.2584042021010506
0.001865939878193848,0.05
0.00448220377443144,2.555952976488244
0.0011073917466113414,2.2637568784392195
0.007729745531373268,5.0
0.0029204352148963914,2.657478739369685
0.006179402229449217,2.986818409204602
0.0105765445169013,2.4098549274637318
0.0007431822912556049,3.3632066033016508
0.006876525610432262,5.0
0.002195423935779116,1.6867933966983493
0.007025350704268747,1.7016508254127065
0.0051349372543545435,2.372711355677839
0.0056896798930179265,3.9401700850425216
0.003541405333399847,2.345472736368184
0.005900431750758807,5.0
0.0039019593427742777,2.9496748374187094
0.00795125650294894,3.6306403201600803
0.008561071853001888,2.546048024012006
0.005978466885855543,1.0553526763381693
0.011814465232559572,4.84152076038019
0.011946885574713979,1.3277388694347174
0.0031093184288190703,2.5708104052026015
0.00260370690133533,3.7866433216608306
0.0017174292134073468,4.848949474737369
0.003773656422695358,5.0
0.005683980814341655,5.0
0.004990583712672678,0.9389694847423713
0.004387914172559508,4.616183091545773
0.0009468428635847209,3.066058029014507
0.004275002271314644,4.3834167083541775
0.005495979422451204,3.8881690845422714
0.0017530385933972811,2.2167083541770887
0.003767326351531118,2.0433716858429216
0.006882170120365981,3.3929214607303653
0.0029736392057563635,4.222461230615308
0.006286096646401892,3.6182591295647826
0.0027560917626557532,5.0
0.0019007910314633378,2.806053026513257
0.007128240635633068,0.05
0.011480802266216394,2.3009004502251127
0.006020042021044836,2.1572786393196597
0.007178030329250365,2.0433716858429216
0.002970480793479474,0.05
0.003083516873434798,3.0214857428714357
0.004808743613589017,4.84152076038019
0.0071945482181727805,3.9674087043521764
0.00978565211337376,4.653326663331666
0.004333711748351669,3.063581790895448
0.0030877958587278848,1.7907953976988495
0.004610843780634352,3.920360180090045
0.003198829179578283,5.0
0.002901565082731053,2.2860430215107552
0.004900509567757574,3.9797898949474737
0.0015073997632969668,2.2414707353676837
0.004144817727719838,2.2365182591295647
0.009140316957908033,0.4387693846923462
0.00453137076488986,5.0
0.001862262537026864,4.465132566283142
0.0024661846147772046,0.05
0.001969789674290387,2.573286643321661
0.0015675223997340948,1.6273636818409207
0.002673951440179567,4.341320660330165
0.004681342540828935,2.5856678339169585
0.004203768264506941,1.2361180590295149
0.010307364337583606,3.7395947973986994
0.005155280629080328,0.7161080540270136
0.0029793856764526866,2.196898449224612
0.0067973906838247194,4.182841420710355
0.00843869219191895,5.0
0.006595347487769999,4.5418959479739875
0.005219009783435639,3.288919459729865
0.0030793872559959218,1.793271635817909
0.008088789462686895,0.05
0.008763407770943404,3.204727363681841
0.004185767218746875,1.2163081540770386
0.004349040430538374,2.2439469734867434
0.0038336259419090926,4.2843671835917965
0.005956368964887798,5.0
0.011053048876387389,0.6343921960980491
0.007626183527640967,0.05
0.00408827595427548,4.663231615807904
0.0009108833087608792,1.4168834417208607
0.0059711106873068034,1.783366683341671
0.0012743704985618831,3.5414957478739373
0.0041729612058133275,1.2385942971485744
0.001818125667250002,4.868759379689846
0.0026558289059567183,3.838644322161081
0.0021916936943838436,4.380940470235117
0.006661643961940217,4.2843671835917965
0.004799713245246286,2.967008504252126
0.0032979899029912454,0.05
0.005919633197977656,4.484942471235618
0.008752981909409544,3.568734367183592
0.003926454828646481,2.0483241620810406
0.0034217692226842025,3.930265132566283
0.007634970985032054,0.05
0.0074044327491989415,2.2439469734867434
0.0029181015440451,3.58111555777889
0.002010801005719709,3.0264382191095547
0.006164532323840323,3.9599799899949977
0.0013691744733208416,2.2167083541770887
0.002177153172763041,2.811005502751376
0.0032681349057184714,3.9550275137568787
0.00359538148564156,1.8106053026513258
0.0035425321387914377,0.05
0.0021859953477653543,4.1853176588294145
0.00397356371646989,0.05
0.012694672951757462,3.915407703851926
0.0032285131449597444,5.0
0.00526527839974595,2.667383691845923
0.007811895969044757,5.0
0.0034644685825477237,3.2740620310155077
0.0033431199258813563,4.219984992496248
0.0037955118558574696,1.6422211105552778
0.005382708392165751,2.4494747373686843
0.0034607466919405264,4.42056028014007
0.0010429075935695503,2.4123311655827915
0.006107210465267254,0.05
0.002681046506784142,4.021885942971486
0.004957832116573996,0.3273386693346673
0.005287453541194087,1.357453726863432
0.003734115539237623,3.3978739369684843
0.007844958500428836,1.0974487243621813
0.006867610519667465,3.2344422211105552
0.008319372180499697,1.409454727363682
0.005655216410701089,5.0
0.004697171145974545,1.530790395197599
0.0030539738708362865,4.007028514257129
0.006496642346507882,0.05
0.0022791348683615688,5.0
0.003252719935898117,0.9983991995998001
0.004121292909634887,1.867558779389695
0.01281808108156466,5.0
0.009288667222239588,2.6723361680840423
0.0025090702475291937,0.05
0.0014242738750434372,4.564182091045523
0.0031277717220596635,3.695022511255628
0.0027503252057113833,2.018609304652326
0.0032306379886595654,0.05
0.0029595754493111776,1.2064032016008006
0.0112701763340569,5.0
0.00627170936584473,1.6174587293646825
0.004671207414195348,3.811405702851426
0.0034934029031538083,3.6974987493746876
0.007427868973825795,1.5803151575787895
0.002065433092894177,4.804377188594297
0.003405983665234008,5.0
0.007787738674636051,4.985142571285643
0.004274507593903652,0.05
0.005769900292753413,1.0627813906953478
0.007668462662215738,5.0
0.0034082815238274736,1.9368934467233618
0.00628410670671356,2.3652826413206602
0.0033052394737810367,3.088344172086043
0.00418179819507606,3.6355927963981993
0.0036302045313689538,5.0
0.00440938856121037,2.0854677338669334
0.0027860565403201587,4.257128564282142
0.0020908907630702994,2.0706103051525764
0.005769584832384211,3.833691845922962
0.0022621128137651977,5.0
0.004399055296417091,0.05
0.0044592713972745265,1.6744122061030517
0.001283746097243417,5.0
0.004886761237095583,3.036343171585793
0.003968443106442825,3.5761630815407703
0.0038934676606207225,0.05
0.002760826517473239,5.0
0.0061462270007707626,0.792871435717859
0.0031220764405000476,1.773461730865433
0.004145849629289655,3.1279639819909955
0.00837487579029986,0.05
0.006573441988428193,2.016133066533267
0.0065878741747130085,0.05
0.0019014648910433349,5.0
0.006816274483262927,5.0
0.004642820755712991,4.593896948474238
0.0035708570937857537,0.05
0.0015692931060111298,4.851425712856429
0.004890478069612063,3.2542521260630317
0.010939121399989798,1.1469734867433719
0.0012457325043267256,4.982666333166583
0.004400430802803029,0.05
0.006092633854820027,3.1056778389194597
0.0022870802008426727,2.5980490245122563
0.004298867825467553,4.2348424212106055
0.005316727303956596,0.05
0.007819324585076955,2.6822411205602803
0.0033299931381786593,1.6867933966983493
0.0019726902650961733,1.3500250125062534
0.0013487842720508736,2.541095547773887
0.004344138735632941,5.0
0.003847835176670346,4.487418709354677
0.008305521704676765,4.9554277138569285
0.001550001981986307,0.35952976488244126
0.00292226131776456,1.483741870935468
0.0034632561614839283,1.919559779889945
0.004055121456088995,1.0850675337668836
0.002245563733392207,0.6442971485742872
0.00299532057418829,2.915007503751876
0.003591617424580258,4.3140820410205105
0.0032017759044061928,5.0
0.0021438549971999343,4.730090045022512
0.004896091230185903,0.05
0.00432373644478555,4.546848424212106
0.009566520344315092,3.231965982991496
0.006590047116858948,3.9129314657328664
0.005010277006224743,1.6744122061030517
0.013312994470526578,0.7062031015507755
0.0069730216986633,0.05
0.006412936106410638,5.0
0.0032920275500240917,3.3681590795397702
0.005718438973342885,0.05
0.0018177762131713002,4.021885942971486
0.0013313889743604493,4.3041770885442725
0.003232355861703437,5.0
0.005575669074755152,3.447398699349675
0.008129463042111783,4.727613806903452
0.00472498765329625,4.497323661830916
0.0013494767735909088,3.3582541270635318
0.00280392486476852,4.5418959479739875
0.014315369022800367,0.6888694347173587
0.00328276990643063,0.05
0.004274628636511499,4.083791895947974
0.003688703102067342,5.0
0.0022878555889565624,5.0
0.004509867573402659,0.05
0.006914503486274603,3.3508254127063535
0.0030773723575454673,4.232366183091546
0.006067877417038351,1.8180340170085045
0.001770252102914361,5.0
0.0025492641242386496,1.7610805402701353
0.0025316102016746667,3.056153076538269
0.004617646109566088,0.8597298649324664
0.002443550944241639,4.1655077538769385
0.0022706178791615517,3.0016758379189596
0.0037980135964825468,0.05
0.002399021941322417,2.006228114057029
0.0034350170524395165,1.8700350175087546
0.004708885857925962,0.05
0.006137277114561496,1.5184092046023012
0.004402749979957654,0.05
0.0052483414200550915,2.7490995497748876
0.0038279086852685273,1.1915457728864434
0.004788099146372418,4.648374187093547
0.0035382504892505773,3.742071035517759
0.0030484551837552873,4.591420710355178
0.0006658789920594224,2.189469734867434
0.007960027000416911,0.05
0.0035995410030926905,3.0140570285142574
0.0055818055600038025,3.6256878439219613
0.0035555759612865,0.05
0.005719319850774868,1.7982241120560283
0.002682002455783525,3.0338669334667334
0.003802337866970318,1.4342171085542774
0.003453282297550278,3.675212606303152
0.010855394969358417,0.05
0.006756200916066102,4.10855427713857
0.004129460356150878,5.0
0.008795782268031339,4.1754127063531765
0.004590667556377666,2.6871935967983993
0.004934829604655459,4.769709854927464
0.002146048657747847,4.296748374187094
0.002851811749951326,3.4647323661830915
0.00118811543963223,3.665307653826914
0.0019084315974290875,1.404502251125563
0.002159911672010968,2.2464232116058027
0.004272645626809499,1.6867933966983493
0.0006940905600971506,3.046248124062031
0.00393660260436824,3.873311655827914
0.0029830122140879697,4.1456978489244625
0.005661121823098629,1.8328914457228616
0.0026421405010896154,0.05
0.0068357269691295824,3.3706353176588295
0.0028113309498843733,2.3900450225112557
0.002910255188580929,2.8506253126563283
0.0024728311128198316,5.0
0.006757132360228037,3.749499749874938
0.005388916410471518,1.399549774887444
0.006519962913097935,4.348749374687344
0.0062181694207502775,1.9368934467233618
0.002355273753883183,5.0
0.006298430116146669,2.357853926963482
0.008708673797747188,1.8551775887943973
0.005093043849475662,3.7197848924462233
0.004878435422933536,4.031790895447724
0.0042337697461374,4.286843421710856
0.008208882514970296,5.0
0.004579396170297234,2.531190595297649
0.0028158050140692087,2.541095547773887
0.001889273207566794,4.690470235117559
0.0034397911184313873,3.0858679339669837
0.009144100915410534,4.42303651825913
0.003886203738453463,4.16055527763882
0.006183663037468434,1.7264132066033018
0.003831302185052156,1.8427963981990998
0.005544419184298287,4.081315657828915
0.0030000157124211307,2.2687093546773385
0.004670179905968859,4.2051275637818915
0.0017570153384182524,3.6133066533266636
0.008844498793401163,5.0
0.005675572233707529,1.1915457728864434
0.004534479445770692,1.2534517258629316
0.003756650237910303,2.984342171085543
0.004632629099338176,0.05
0.008938939184872478,1.2460230115057531
0.002820216150212343,0.05
0.01273789804138685,2.2464232116058027
0.003020397266959976,1.8824162081040523
0.0030318151455803674,1.9765132566283143
0.005063476092595338,5.0
0.003697142002805423,1.1123061530765384
0.003610755961321939,4.707803901950975
0.001322103073660097,1.1643071535767886
0.0043060720909241824,5.0
0.006148441707601572,2.2167083541770887
0.001830560647219051,3.3186343171585793
0.0028318626204496683,1.8848924462231118
0.003761316975732329,4.977713856928465
0.005349008952919149,0.7557278639319661
0.011982898415056675,5.0
0.005665677133207633,3.858454227113557
0.008476088619441546,0.05
0.0033970956060206253,5.0
0.0018336783270622367,4.809329664832417
0.0019588954245625123,1.0008754377188596
0.013908829716597567,0.05
0.0013993880675518405,5.0
0.0043075691603248825,5.0
0.002300240538280006,2.5386193096548273
0.005011911771493023,1.1222111055527766
0.003278152983294251,1.0206853426713358
0.008240031457275039,2.3974737368684345
0.005092450316979115,2.704527263631816
0.004668264386723693,2.583191595797899
0.002279479081939269,4.992571285642821
0.002673423571275091,5.0
0.002177638600562075,5.0
0.0013665372231987938,3.2913956978489245
0.004985054659986152,0.05
0.005206318114652116,1.2559279639819911
0.0056817169045314045,3.8782641320660334
0.005647395546403797,3.4548274137068535
0.0036387645620245684,3.172536268134067
0.001967052567677624,0.7284892446223112
0.0008389682845560409,5.0
0.0020233189153356854,4.274462231115558
0.004174360825580432,0.05
0.0026681729357542205,5.0
0.0028869498009251315,4.3735117558779395
0.006895092423837526,1.2584042021010506
0.00698385034730932,4.702851425712857
0.0014509007977664135,1.820510255127564
0.0017260544091593985,0.05
0.0058056365074008465,1.0231615807903953
0.00700986791326131,1.9641320660330168
0.0043403712144877635,3.42016008004002
0.0033876874407767626,0.5576288144072037
0.005213920679070651,1.2187843921960981
0.003554420695133405,4.7969484742371185
0.002837415165900945,5.0
0.00366749430054316,4.358654327163582
0.00656964389611326,4.346273136568285
0.0028603626313885577,4.767233616808404
0.0026399599509259533,4.938094047023512
0.0021560087254089005,3.331015507753877
0.0044475889756087905,0.05
0.0018518919651004592,3.5241620810405205
0.0038572701156740982,4.1456978489244625
0.004449380974660536,3.2666333166583295
0.0069757591759853285,3.4028264132066033
0.002336261723329819,3.2022511255627815
0.0028086307975614747,4.891045522761381
0.0020965591760729735,0.05
0.005086204800434646,1.6372686343171587
0.002629677156889325,3.2864432216108055
0.001984051441064158,1.825462731365683
0.001981284492881888,4.62856428214107
0.004484954511049598,3.756928464232116
0.005003317006680077,3.6380690345172586
0.008977948371621677,4.343796898449225
0.005285224877076236,5.0
0.00758271554885593,3.595972986493247
0.003038120611109439,0.05
0.00365106999990724,5.0
0.001173127530482404,3.677688844422211
0.0038093488393352998,4.232366183091546
0.006850235517602166,2.0755627813906954
0.011009901422025192,5.0
0.006728698697729019,5.0
0.0026824602084060123,0.05
0.0011691287498783315,1.5060280140070037
0.007935711337275744,1.3376438219109557
0.005223720866107333,1.399549774887444
0.006678274835943437,1.2707853926963484
0.008314480769648167,3.7816908454227116
0.001839437322441892,1.203926963481741
0.006405218597843279,2.9298649324662334
0.008786923485422735,1.4565032516258132
0.008082742062855794,0.05
0.0028539805060713228,3.58111555777889
0.0029195135267180566,2.5386193096548273
0.008011849730112396,0.05
0.006129855208153921,2.6871935967983993
0.003132715097274155,4.353701850925463
0.009586409209210958,4.982666333166583
0.0016742892987614347,0.9241120560280142
0.0023913626109155,2.6822411205602803
0.0026127091102550667,4.371035517758879
0.005077437982527036,2.0805152576288144
0.0018586669388779842,2.7689094547273636
0.0022411800449556873,0.05
0.0013970014782456255,3.5414957478739373
0.004011492759142726,3.8931215607803904
0.004475091922367537,2.446998499249625
0.005324971350360995,3.52663831915958
0.00705029620648983,1.7115557778889448
0.004086189335939808,4.57903951975988
0.002275013146790114,4.583991995997999
0.0028739815139605177,4.9356178089044525
0.004508582161317047,2.2068034017008507
0.006392545292010755,1.203926963481741
0.00426657962518022,0.05
0.004359008209583265,2.5658579289644825
0.005637041108751004,2.3207103551775887
0.0039759822428845695,2.731765882941471
0.0027423759108637404,4.814282141070535
0.010128625451811854,2.5757628814407205
0.0033320538511014616,5.0
0.0019889637094171533,3.925312656328164
0.006422383065197865,0.9835417708854428
0.003982801556932536,5.0
0.010917246468062698,4.856378189094547
0.003183938463366738,2.8531015507753876
0.0066025271156339785,4.440370185092546
0.004597757246850555,0.05
0.004381399850276059,0.05
0.003032200961310509,3.400350175087544
0.006423550120948439,0.05
0.010073267016756753,1.5877438719359682
0.0015682113059572733,2.887768884442221
0.008142232652975423,3.494447223611806
0.005077872223548434,0.05
0.003828351693906329,4.517133566783392
0.007846900462918999,3.922836418209105
0.0014659902235158312,3.4573036518259133
0.009046012285076566,4.621135567783893
0.0004999175996872121,5.0
0.0036796510061106458,3.3582541270635318
0.0040252318920628374,0.3075287643821911
0.006095854144624865,1.3351675837918962
0.003909243371364592,4.596373186593297
0.0052237792350848244,3.8039769884942474
0.001882550872812,2.2266133066533267
0.006779259247066155,3.236918459229615
0.001977153141142003,2.013656828414207
0.006855661897828394,2.751575787893947
0.008255511142122356,3.479589794897449
0.01670067062964691,0.05
0.00694784797623086,1.3921210605302654
0.0032440399020966237,3.695022511255628
0.0023747702798140313,5.0
0.003021502936263,5.0
0.003896253208156217,0.05
0.009178510624732045,2.994247123561781
0.008529391754599311,0.6987743871935969
0.00951796233058018,2.7590045022511256
0.0022580368297289016,5.0
0.004231592880851592,1.7338419209604805
0.007125641185780143,4.3338919459729865
0.003205774260857927,3.6331165582791396
0.00800161713993475,3.390445222611306
0.0018896425302841677,1.0380190095047526
0.0055323534556274215,4.016933466733367
0.011800165332180645,3.9599799899949977
0.006459232775544263,2.2637568784392195
0.0039105225490916815,4.182841420710355
0.006391655037450414,1.78831915957979
0.003884874378397782,4.868759379689846
0.004054959344903776,5.0
0.006725401238794747,2.751575787893947
0.00252025793964359,1.7387943971985995
0.008298746116699549,3.1131065532766384
0.007284454585373343,0.8201100550275139
0.00675094195604501,2.4445222611305653
0.0032272117431128844,1.4614557278639322
0.004329693473110387,0.6888694347173587
0.009322189074757528,1.9690845422711358
0.004554635069100685,3.4176838419209608
0.0031080068376494983,4.930665332666333
0.005162740077058858,4.73504252126063
0.0027055647105794153,3.8064532266133067
0.0018378537342311832,0.05
0.002325542292215682,5.0
0.004045157364757877,3.932741370685343
0.013723374235841357,1.9071785892946476
0.00643594918297815,2.9372936468234117
0.004211667450939746,5.0
0.005526892918478597,2.551000500250125
0.009596535470737758,0.05
0.006272267987987794,4.242271135567784
0.004223912976248856,3.8658829414707356
0.006018828573796577,4.442846423211606
0.006609298902594513,1.4688844422211107
0.006027382086210474,3.3731115557778892
0.0007913762190637774,5.0
0.00397713375706428,3.4622561280640323
0.00574626902712342,3.2765382691345675
0.004518665211240017,3.041295647823912
0.0036328262725279156,0.792871435717859
0.005324454369510789,4.326463231615808
0.0008597675594060189,0.05
0.005124804289617438,2.867958979489745
0.009316467729936745,0.05
0.00964922925723495,1.241070535267634
0.006479252728176479,3.784167083541771
0.004826014658429113,4.727613806903452
0.001863773985572248,3.2542521260630317
0.002450098205112154,2.9323411705852926
0.004241986849076763,5.0
0.0011900730560523987,2.971960980490245
0.00744422481097156,4.432941470735368
0.0023032119526703934,2.2488994497248624
0.001478997020380672,1.4292646323161582
0.00475511525122671,1.6546023011505755
0.008894792156552853,4.133316658329165
0.0045413673565598695,5.0
0.00322573478915842,1.983941970985493
0.009610402214425051,5.0
0.005616289059913751,0.05
0.004390403628042633,1.951750875437719
0.010989260088797394,0.05
0.006879242075148943,2.699574787393697
0.005928832404725651,4.645897948974487
0.001610014118009498,2.3306153076538267
0.002853298543611542,5.0
0.007594212984716513,0.05
0.006388311162078657,4.356178089044523
0.004901871962982113,4.638469234617309
0.005678942850198328,4.687993996998499
0.005115531488341547,5.0
0.006723599394676968,0.05
0.0020490480620565313,0.05
0.003045023552370213,0.05
0.004772481970917744,1.7586043021510758
0.012683892075086543,0.5427713856928464
0.0035603317213285454,2.335567783891946
0.002974074939657026,2.6277638819409703
0.004434027308003928,5.0
0.0033377332266970733,2.4866183091545775
0.008258784403901948,3.3755877938969485
0.006166111583016776,5.0
0.0024077705052802587,0.9439219609804904
0.0031159516178772342,5.0
0.00112374993953588,0.05
0.00493047887008078,4.801900950475238
0.0032877447826741915,3.6405452726363183
0.0047762191421437325,4.1060780390195095
0.0030796103536341393,2.647573786893447
0.004219910069206242,3.9500750375187597
0.0010502941437412552,3.2740620310155077
0.0009577964140535106,3.058629314657329
0.008339923783493672,4.021885942971486
0.0018524418867226292,5.0
0.0108701698505759,0.05
0.002366842332410468,4.42551275637819
0.0024646213317337795,4.477513756878439
0.001679373665776543,2.5089044522261132
0.002831302760129769,2.345472736368184
0.00302343020947507,4.115982991495748
0.005229045725659097,0.05
0.0073507664764889125,2.7639569784892446
0.007961948590920753,1.1791645822911456
0.0017659235042100443,0.8646823411705854
0.00405427423733077,4.3636068034017015
0.009434638471436087,2.882816408204102
0.004645536427593834,2.167183591795898
0.011360080065908454,0.05
0.005038901332967,5.0
0.005186758287916544,3.0289144572286144
0.0029068808900165333,1.830415207603802
0.0054800381818843405,1.5332666333166585
0.004889608088491891,4.900950475237619
0.006545274096529101,4.720185092546274
0.003258388800869823,5.0
0.003023380211462562,1.2732616308154079
0.005445852927884805,1.0256378189094548
0.003555527763461637,5.0
0.0036912238920040405,2.0805152576288144
0.005884565249320371,0.5947723861930967
0.003011921218250578,0.05
0.011321590091428434,5.0
0.008442046491540824,3.1750125062531267
0.004077178874376738,3.236918459229615
0.003622425382960648,5.0
0.003293650862289492,0.05
0.003964293484944814,4.754852426213107
0.0021805926645900864,0.05
0.004350541520345717,2.288519259629815
0.007606482576376,3.5514007003501753
0.0020351005983731407,0.05
0.0032602237757772545,3.927788894447224
0.004679921974716471,1.9814657328664333
0.005706690132055554,4.200175087543772
0.005005617675417809,4.0763631815907955
0.001607854137694098,5.0
0.003090602181967432,5.0
0.0050785150624927805,5.0
0.0028034961549806142,5.0
0.003366168397509764,1.535742871435718
0.0030690197443527037,2.2909954977488747
0.003985427081061567,4.0763631815907955
0.0028789354083164215,5.0
0.0033053758572210087,0.05
0.005416514286543023,4.769709854927464
0.0010085590406268136,4.10360180090045
0.002704334510080973,1.325262631315658
0.004695728971409886,0.6591545772886445
0.006065331315426935,3.942646323161581
0.006046896935349662,4.789519759879941
0.005633205616835689,3.8832166083041524
0.009540630991513893,4.083791895947974
0.0037259892754284984,3.851025512756378
0.0050586691173682315,4.024362181090546
0.003707489142274485,2.2266133066533267
0.0029374334697762905,2.0285142571285646
0.0015080325795742491,2.5188094047023513
0.005739929439541734,1.5753626813406705
0.005591165760701268,0.05
0.002181435075416467,3.066058029014507
0.00881804183844316,0.05
0.002714759779527988,1.5431715857928967
0.005143714328730412,2.2588044022011005
0.003967000657465962,4.497323661830916
0.004610746003460488,4.695422711355678
0.002305187751430529,5.0
0.004207937060654331,0.8597298649324664
0.0029906778472061635,0.05
0.005904849947310498,5.0
0.002639735889468718,4.680565282641321
0.004411054103259517,2.1597548774387194
0.003564484897944635,5.0
0.002250687613541996,3.056153076538269
0.002354844090813303,4.0516008004002
0.004098724776411364,1.1494497248624314
0.002253041259800387,4.031790895447724
0.003253154577443365,2.6649074537268636
0.005006528918315378,3.811405702851426
0.0017545270196286794,1.9492746373186596
0.0033982058480669444,1.605077538769385
0.005915610728465151,4.571610805402702
0.0020591560587094535,3.0908204102051027
0.006662512788410076,2.5188094047023513
0.0035731026021376677,4.239794897448725
0.005381345930403583,2.1523261630815407
0.0038210689726868863,0.7978239119559781
0.0030922478021540717,2.0012756378189094
0.002397952792047131,2.2488994497248624
0.004312553221745813,4.536943471735868
0.002836450054312871,5.0
0.0035542876279117466,0.05
0.003273687420179437,4.123411705852926
0.0017258705737461036,2.5113806903451725
0.0029846465906568365,4.658279139569785
0.005055824309683876,1.5926963481740872
0.012536240249328614,0.05
0.0027030500589508705,3.204727363681841
0.005288137140541327,2.583191595797899
0.0036213421059368006,1.619934967483742
0.003136608425567379,4.84399699849925
0.0076496960862686425,2.6871935967983993
0.0021810550048248015,3.873311655827914
0.006721811951915034,1.0182091045522763
0.005271709029511476,2.962056028014007
0.007877462475201377,4.128364182091046
0.002257658177656892,0.05
0.010222767892521578,4.811805902951476
0.006599868239108346,1.689269634817409
0.0027612203414330468,3.142821410705353
0.0028280333372837224,4.163031515757879
0.00844741171834689,4.375987993996999
0.010287728744982672,1.1098299149574788
0.002114473813979917,5.0
0.004406335136358457,2.214232116058029
0.0037063962409436962,5.0
0.0021538671172542517,3.1329164582291145
0.0018161679826092791,4.170460230115058
0.005377449331463849,0.4140070035017509
0.00341615190376382,4.447798899449725
0.010901159950746978,2.0384192096048026
0.0072079040024041405,1.8551775887943973
0.006719740687902216,4.764757378689345
0.0046075210465033115,4.1357928964482245
0.003993168305308999,5.0
0.0016785115187348404,1.3475487743871937
0.007982134068753408,2.3751875937968987
0.006252281939730452,0.6566783391695848
0.006863134459706332,3.1824412206103054
0.0030495634752465486,1.357453726863432
0.010579413207719886,3.0214857428714357
0.007998712856294513,3.848549274637319
0.0038686274995437323,3.6133066533266636
0.00814749464946183,1.2559279639819911
0.0024291753350266718,1.52583791895948
0.006032925985138653,0.6938219109554778
0.005968833126866982,0.6022011005502752
0.002325528710477094,3.605877938969485
0.006286734626700333,3.5489244622311156
0.00452713283310472,0.9315407703851927
0.0006874434957556894,2.1622311155577787
0.0033832784907066385,5.0
0.011299888529301378,2.2340420210105054
0.0015197178610298484,2.251375687843922
0.006966733799130188,0.05
0.005175557419948955,0.05
0.0027478961214265074,2.9323411705852926
0.008381420906855258,2.013656828414207
0.000881038525242378,1.914607303651826
0.008260300774941921,0.05
0.00750598638464145,2.5287143571785893
0.006711547584357769,3.6454977488744373
0.006134526807444876,4.091220610305153
0.0060211259010603466,1.2361180590295149
0.005105810029822855,1.9591795897948976
0.0035746320121677402,3.942646323161581
0.003969255120505624,0.05
0.0058760385417594915,4.130840420210105
0.0017393889499084103,2.335567783891946
0.0038166663576962856,1.610030015007504
0.004049712789870909,5.0
0.007742398453897174,1.73631815907954
0.0034210985451881004,2.3529014507253625
0.0021156542333867143,4.799424712356179
0.002486775734177868,1.3277388694347174
0.01015459581933173,1.9591795897948976
0.0030891089542876213,0.8102051025512758
0.00624838737002744,3.4498749374687345
0.009046083626287862,1.077638819409705
0.003456644520296856,0.05
0.006384748965887484,2.5386193096548273
0.0015356870066281017,2.3058529264632317
0.0026944372350145226,3.930265132566283
0.005838828646403629,3.4127313656828417
0.0014440152065080536,0.05
0.003033511011089597,2.885292646323162
0.010113810221086487,3.8559779889944976
0.001849958700672498,1.783366683341671
0.003856052799585112,2.5163331665832915
0.0027388969807752434,5.0
0.006795115209553261,1.092496248124062
0.01086664032304857,4.848949474737369
0.0021618311671153384,2.112706353176588
0.010038043987007805,0.05
0.0018533014701845804,2.8803401700850424
0.006937339352603929,2.199374687343672
0.0023148341298776104,3.056153076538269
0.002537217202961073,1.7066033016508255
0.00797805596236334,3.1081540770385194
0.0017453725147752314,0.05
0.0049892272556264425,5.0
0.0037188654389919418,4.846473236618309
0.005303926898921063,2.546048024012006
0.0010229171004704635,0.5700100050025013
0.004700101094772716,5.0
0.004225767404128125,2.806053026513257
0.001984554183941327,2.1325162581290646
0.006651002173407909,1.4292646323161582
0.006359036919148235,2.4098549274637318
0.0036658586862676965,4.172936468234117
0.001675293783110418,5.0
0.005258712490007575,1.9319409704852428
0.011255436041905383,2.905102551275638
0.00513157271264357,2.2439469734867434
0.0046614235180675034,4.73999499749875
0.0028985094199022107,3.6380690345172586
0.00712293012926378,4.101125562781391
0.012853458588680332,4.16055527763882
0.010011217977827936,2.201850925462731
0.013130665377520806,2.278614307153577
0.004782272544317859,1.605077538769385
0.0040255495684634185,3.937693846923462
0.0005244292143080573,3.1799649824912457
0.005350728502306473,2.4321410705352675
0.006803043164079585,0.05
0.0017085932169604162,4.338844422211106
0.006503817636053302,0.05
0.002518813772524754,5.0
0.006977426335756029,1.1841170585292649
0.0029596922149115537,5.0
0.0031356038891768093,0.05
0.003641589612051521,0.9711605802901452
0.011117883636556983,0.9067783891945974
0.0118915693210443,5.0
0.0022884017424107186,3.652926463231616
0.0017627123340457629,3.915407703851926
0.0015770280779669743,1.9690845422711358
0.003541269790700234,3.937693846923462
0.005550185718084584,5.0
0.0014937289809753077,5.0
0.005759938583233842,2.4346173086543272
0.0018941335945400692,4.041695847923962
0.0036165550544339092,4.985142571285643
0.003349716166080624,0.05
0.006824101802417694,2.115182591295648
0.006291328265765714,4.435417708854428
0.0030738971518661506,0.9488744372186094
0.0018404093379029846,0.41153076538269134
0.002768614585351402,3.1873936968484244
0.01026039577082169,1.3723111555777892
0.0017701364376217221,1.857653826913457
0.0039777129749137136,0.05
0.004481537277133643,1.4565032516258132
0.004443316467735395,1.899749874937469
0.006540100030759357,3.130440220110055
0.005406206200426027,2.4049024512256127
0.013486437643160782,0.6938219109554778
0.004581082708814702,2.3553776888444222
0.006151870812643498,2.5064282141070535
0.010636534751217203,0.05
0.004100941927116519,3.1601550775387697
0.005552436145347079,3.078439219609805
0.003720424492640935,4.73751875937969
0.00893366837501049,3.9550275137568787
0.0037675838026953595,0.05
0.001367599693410243,0.05
0.002378042157558713,3.046248124062031
0.0014649457397345675,4.5418959479739875
0.005557491994494748,4.908379189594798
0.004571645776020018,2.3157578789394697
0.0055045740653890465,2.4123311655827915
0.0012579733102550256,3.5538769384692346
0.0023450119807403996,1.5877438719359682
0.0034867799052873683,1.3747873936968487
0.006304008277441216,4.301700850425213
0.001329634536012543,3.690070035017509
0.007475081475158317,0.5204852426213107
0.00353760073270374,5.0
0.006802278213575808,2.8654827413706854
0.004170122348782591,4.371035517758879
0.008141655572658793,4.16055527763882
0.002993446232104041,2.1696598299149574
0.00311549158203607,5.0
0.006261794091081317,2.3157578789394697
0.0020596673359164347,5.0
0.0039555373495333696,4.5418959479739875
0.00537332350036953,1.9245122561280643
0.0008494327995545864,3.6454977488744373
0.003730708162453529,0.7482991495747875
0.0033691521933492743,5.0
0.003907242151898582,2.303376688344172
0.011949415815135672,4.883616808404202
0.0039957872870508004,4.2150325162581295
0.007417267353572322,2.815957978989495
0.009399677953469895,0.6962981490745374
0.009776041788268984,0.05
0.004085640704958801,0.6343921960980491
0.0025862623478620193,1.614982491245623
0.0018653570814377504,4.413131565782892
0.006849011439307308,2.2414707353676837
0.004733677594576172,1.31535767883942
0.005053411230566282,3.9822661330665334
0.004024222919474296,5.0
0.0068105588786060225,4.331415707853927
0.0038024494111176914,0.05
0.00476572800788598,2.3429964982491245
0.005016329969110191,2.546048024012006
0.003457765889931949,4.039219609804903
0.003166757971247061,4.046648324162081
0.0016274752484950125,3.6405452726363183
0.006810508981463861,0.05
0.004197628979423336,0.05
0.0019955102723894433,0.5056278139069535
0.007026219712754883,5.0
0.0031167298915841593,2.3207103551775887
0.008736543923693968,2.2959479739869937
0.013599679017697302,1.4168834417208607
0.0014244747649898234,5.0
0.003026609292853845,1.572886443221611
0.006092588535999741,1.6323161580790397
0.002807768286814609,3.531590795397699
0.007339911394763712,2.6970985492746373
0.002781809567708425,1.877463731865933
0.0035428480492282963,2.900150075037519
0.006113602622045355,0.05
0.004444370818843316,0.05
0.0033725171092812076,0.05
0.0018929978957861054,3.9500750375187597
0.011604878438953872,0.17628814407203602
0.005435575553200574,3.4647323661830915
0.00680543865874067,3.046248124062031
0.009816264272909457,4.846473236618309
0.003193630298218418,5.0
0.00819226462667795,4.84152076038019
0.007004112600977379,1.983941970985493
0.003936352999281599,3.0239619809904954
0.00235252791762626,0.05
0.003953783236017416,5.0
0.002229511355456064,3.9822661330665334
0.0023033421962346465,1.8130815407703853
0.002605186233718644,0.05
0.0017296473526904124,3.140345172586293
0.003313379944494932,0.05
0.0045771163965880116,3.0809154577288647
0.003061353890046914,2.531190595297649
0.002425704887014317,3.600925462731366
0.004055519229866224,4.195222611305653
0.009050028671996231,5.0
0.005803644592854533,1.9591795897948976
0.003912678742983726,4.3140820410205105
0.005687336216758765,0.05
0.003930417953563886,1.478789394697349
0.009647191731854451,2.1473736868434217
0.0043993710025594,5.0
0.005584557064800891,5.0
0.0033365202403914107,2.9991995997999
0.002867721347988933,0.05
0.004976095995664842,5.0
0.004406979582988212,0.3100050025012506
0.006169882952809402,0.05
0.004540554381789193,1.904702351175588
0.009371505179036926,5.0
0.0062619220205235165,5.0
0.006878240238993083,2.5163331665832915
0.00036764984141009205,3.311205602801401
0.002997039459016193,3.52663831915958
0.00427349540945423,3.004152076038019
0.0017434312330359136,2.030990495247624
0.0005959440196568605,2.6054777388694346
0.005480520482785078,5.0
0.002542551754877713,0.17133566783391696
0.0020595583115733604,5.0
0.0024217756756056627,2.276138069034517
0.009247062752427562,2.89272136068034
0.005601786541470796,2.7713856928464233
0.006708481883896847,0.9785892946473238
0.0033669060103366094,0.05
0.001362574095902007,2.3974737368684345
0.0019038856622621003,1.57783891945973
0.0034204733756921027,2.5212856428214105
0.004021367418354231,2.4643321660830417
0.008438002651306266,2.26128064032016
0.005170512813898111,1.0850675337668836
0.004610835386990159,3.920360180090045
0.0017679430597635493,0.7755377688844424
0.0016869426360829748,1.0999249624812408
0.006069343152425098,1.5654577288644325
0.004391897676466479,0.4783891945972987
0.003906422279312774,0.5576288144072037
0.003572664685960958,4.544372186093047
0.005220077397527896,1.2658329164582294
0.0021840031086870007,3.9773136568284144
0.004795025272948741,0.05
0.0006835260943467841,3.1131065532766384
0.013991126896767826,3.4771135567783893
0.004998888256504942,0.05
0.0027983113945001803,5.0
0.0046529798416454216,2.5287143571785893
0.007954220844073968,1.1048774387193598
0.0037433224423724584,2.885292646323162
0.00514210582400039,3.9451225612806406
0.008466383367642903,4.190270135067534
0.0023269969161631987,2.872911455727864
0.002712506894799592,1.5506003001500752
0.006111988508353754,2.8605302651325664
0.004587660223662589,0.05
0.0025731588402690755,4.861330665332667
0.0028689768768696625,3.8931215607803904
0.0048430269963444655,0.05
0.005055652604945386,1.4317408704352177
0.004816810895022582,1.4713606803401702
0.005671129895741658,2.8753876938469234
0.0018218873124443424,4.697898949474737
0.003874750002297818,4.670660330165083
0.014419576669558943,2.8431965982991496
0.004168730540478241,3.99959979989995
0.006971935907686334,0.9290645322661332
0.009003046840455744,2.9645322661330664
0.005026171733561957,3.647973986993497
0.0011857141185358383,2.456903451725863
0.002570937382185383,4.271985992996498
0.002984862739674035,4.336368184092046
0.007671735624086629,5.0
0.008389139492878783,2.340520260130065
0.001516116115616875,0.9463981990995499
0.004383640024458346,4.301700850425213
0.005690102964353419,5.0
0.00726325609961509,2.266233116558279
0.004143760459780245,1.6397448724362182
0.007577534570038333,3.9797898949474737
0.006197050707298833,0.703726863431716
0.0029094029597930976,5.0
0.004363178732251807,2.5534767383691848
0.005508961314858625,5.0
0.00790534444850828,3.2691095547773887
0.0059929711364880844,1.5035517758879442
0.0038132369543290023,2.107753876938469
0.0034514343426103045,5.0
0.0010924988730082186,1.3079289644822414
0.00408044974175726,1.5109804902451227
0.005455806995977301,0.05
0.00509729182288883,3.2592046023011507
0.006156316477427162,0.9884942471235619
0.006152859953987844,1.1420210105052528
0.001552285955797067,4.479989994997499
0.001993793166892917,1.3698349174587294
0.005916716381075712,2.709479739869935
0.005623606283511225,2.905102551275638
0.002273951313621854,0.05
0.004612890707685932,4.489894947473737
0.0041524227851477,2.969484742371186
0.0018965398023530755,1.2707853926963484
0.01003906060304359,2.377663831915958
0.0016001479489821877,3.167583791895948
0.005861849849367419,1.0107803901950976
0.0034544195123462976,1.4589794897448727
0.005328271718939306,2.125087543771886
0.004250698875511223,1.05040020010005
0.00162141956940684,3.8906453226613307
0.0025787435196160946,0.05
0.005897373054485129,2.6822411205602803
0.009901741101109036,3.3013006503251625
0.0035641145599654075,1.8403201600800403
0.0044716994666899185,3.395397698849425
0.0008253732753868079,0.9389694847423713
0.0023895348626378973,0.05
0.004715271630949765,3.2641570785392697
0.012045376848063338,0.05
0.009634346603927386,3.214632316158079
0.007682134853854931,1.451550775387694
0.0029781974537041664,0.05
0.004894467947851429,3.1948224112056027
0.006047869468777188,4.819234617308655
0.006164263257213365,3.063581790895448
0.0023184130794180885,5.0
0.0029728448765583768,4.635992996498249
0.004838816948792263,2.793671835917959
0.006557452418417674,0.05
0.008449745558886584,1.352501250625313
0.0030002765877347043,0.05
0.00508827171660841,3.1849174587293647
0.00361089204694693,1.05040020010005
0.004770342859164077,2.835767883941971
0.00356594674582264,1.3401200600300152
0.0034609129877986103,0.05
0.005078084366112429,5.0
0.004798511616500051,5.0
0.003922484895980342,0.05
0.0018178949133010741,0.05
0.004172988295862261,1.7511755877938973
0.002516878949464299,2.3281390695347675
0.008175345646772955,1.9170835417708856
0.004488971211811112,4.380940470235117
0.003864928460735141,3.873311655827914
0.007514698163210515,3.7816908454227116
0.0013459026534174343,4.47503751875938
0.004946137590145831,5.0
0.003724984701754079,1.7140320160080043
0.0033913762062654507,0.05
0.0021131717492922295,1.9591795897948976
0.009800577016649215,0.05
0.0053259792736902595,1.3822161080540272
0.0032268715538073534,4.202651325662831
0.005832833420481215,3.063581790895448
0.0034491503535313828,3.142821410705353
0.009249203886440162,0.05
0.0020386281280936128,3.05120060030015
0.002225262375689728,4.725137568784392
0.002747626149280459,3.1651075537768887
0.005268842191456756,4.8959979989995
0.01399505595910468,3.5390195097548776
0.0008021222780749404,1.3401200600300152
0.003184273984603074,5.0
0.0016976847009493624,2.900150075037519
0.006659994895848287,2.4346173086543272
0.004673395054288619,3.536543271635818
0.003296395375386403,3.3731115557778892
0.0024305561515023874,0.05
0.007023732486634876,3.2022511255627815
0.005872782649353973,0.919159579789895
0.004188169921033241,0.9117308654327165
0.0060400311460582015,1.8923211605802903
0.00473054351186214,2.9991995997999
0.0057659971704788135,0.41153076538269134
0.006591518514633438,3.1923461730865434
0.007261233831213694,2.350425212606303
0.002768866475432716,0.05
0.01115268407703757,2.3801400700350177
0.0033106467433714273,4.834092046023012
0.004631881551140957,1.3797398699349677
0.004191204189197786,0.05
0.003675544741910834,2.640145072536268
0.0017312130637226752,3.1799649824912457
0.0040454367722057155,5.0
0.003723704265764509,4.900950475237619
0.005743546092707517,2.1448974487243624
0.002779229498141765,4.088744372186094
0.004453541839661568,1.5035517758879442
0.001419913651964734,4.977713856928465
0.00784469193594945,4.811805902951476
0.0047211646904442225,4.732566283141571
0.0024055904149990898,1.562981490745373
0.005086709659333104,4.697898949474737
0.0012617031227626918,4.613706853426714
0.004892227473205092,3.7173086543271636
0.006047404724028677,1.9269884942471238
0.0062303812030869085,5.0
0.013274192359617715,0.05
0.00218379921563909,0.05
0.005626817237072958,1.9022261130565286
0.0011153907108603159,2.377663831915958
0.0029234910884220686,3.8658829414707356
0.009938163780361588,1.825462731365683
0.0054116032618963805,2.714432216108054
0.00565960524485689,4.57903951975988
0.004019331231705836,4.05407703851926
0.004255622570708308,1.7586043021510758
0.002409131141667374,1.783366683341671
0.004409781579501636,0.05
0.003067429088724649,1.6496498249124565
0.0028352912645687664,3.863406703351676
0.0038235400179661427,4.098649324662332
0.003955172886302087,0.830015007503752
0.002543613259184268,1.877463731865933
0.001269048619818136,5.0
0.0034279695061338253,3.9872186093046524
0.0032710941466504925,5.0
0.005196422716598849,5.0
0.006973469602419555,3.3879689844922463
0.003354154478728333,2.087943971985993
0.009783248056419003,4.73751875937969
0.005055792974074297,0.05
0.00417913125867838,0.6987743871935969
0.0018533243457772436,3.1329164582291145
0.0020622605993632012,3.749499749874938
0.005388749898811385,2.194422211105553
0.0033614608099519078,3.8807403701850927
0.00596995220216727,4.484942471235618
0.002194461364064093,3.1700600300150077
0.001870729831899648,0.956303151575788
0.003820812537223356,0.05
0.0003608111741605288,2.3553776888444222
0.013263922262659128,0.2406703351675838
0.0033975029907828275,0.05
0.0009580027382909695,1.2930715357678841
0.007315306593337179,5.0
0.004760097433419298,0.8126813406703353
0.004812067513796495,0.05
0.005706077656801988,4.858854427213607
0.004101057462039516,3.586068034017009
0.0018162662471336022,5.0
0.008887732037804345,2.7590045022511256
0.002879739650833199,2.52623811905953
0.007923026654556714,3.699974987493747
0.002936388089066169,1.773461730865433
0.0041771668745945595,0.8003001500750376
0.00392286902027645,1.857653826913457
0.0022292906287616557,0.05
0.001384042750470521,5.0
0.0023024092038054014,5.0
0.003855987762839061,5.0
0.004534651406699425,3.873311655827914
0.009144880370506064,1.899749874937469
0.005418925600820926,3.1279639819909955
0.0009057663523871634,4.237318659329665
0.010826063584106715,2.045847923961981
0.001598346967489478,2.003751875937969
0.007003580857769046,4.130840420210105
0.0024994073921289148,4.182841420710355
0.0029937763518414276,3.3533016508254128
0.004665252860130857,4.3239869934967485
0.0017645619458575013,0.05
0.006125739315584012,0.6715357678839421
0.0031829273759350976,4.289319659829915
0.007556607810139882,5.0
0.005450235733172659,5.0
0.003287478141523227,0.05
0.0036903287406604354,2.6550025012506255
0.003421668633324451,4.083791895947974
0.005632766953791994,2.724337168584292
0.0030986091344012076,0.8102051025512758
0.0007057558124839505,5.0
0.001331396575613819,1.4020260130065034
0.0039494566175120455,5.0
0.004655953224602133,2.8951975987994
0.005993926822861137,4.170460230115058
0.003543027094547249,1.2088794397198601
0.0012005539716400948,5.0
0.002896483290824682,4.3239869934967485
0.004209720006484577,4.544372186093047
0.006169990189317756,1.520885442721361
0.003941970503815992,1.6694597298649327
0.0025368070380350632,3.4969234617308658
0.001580695007884117,5.0
0.00266941791997128,0.05
0.006214854637836269,2.5113806903451725
0.0028331843185809905,2.335567783891946
0.007842194489076412,1.3921210605302654
0.005590075550929233,0.7557278639319661
0.0032958798919971444,4.84399699849925
0.0063400382402921535,5.0
0.006891950064848516,0.05
0.00404895111276405,5.0
0.012424877144869409,3.4622561280640323
0.006340651641039148,4.430465232616308
0.004977639840095915,0.05
0.003656551468141478,1.1964982491245624
0.0020452301656487676,2.962056028014007
0.005438424191435656,0.8523011505752878
0.0011943071280497153,5.0
0.0009909884781657448,3.5514007003501753
0.007766190319255475,2.5906203101550775
0.0026436090377495586,1.4144072036018012
0.011307767930317784,2.63024012006003
0.011454830435276758,0.6641070535267635
0.003110262959597397,1.7709854927463733
0.009029557978013192,3.0957728864432217
0.010507081404245909,1.3450725362681342
0.0038840884705343692,1.4614557278639322
0.0049595801038210124,2.112706353176588
0.008755528897639642,3.5563531765882943
0.006302927510064497,4.009504752376189
0.002904101450121918,1.567933966983492
0.010092268426589522,2.637668834417209
0.004721498579598797,0.05
0.007396479798533001,0.05
0.004604042023995766,0.05
0.005482175439062063,1.2732616308154079
0.002485287831221747,2.974437218609305
0.006323035091564816,4.539419709854927
0.003933188802008214,2.0433716858429216
0.0027797246071168055,2.719384692346173
0.008053608580122266,0.9364932466233118
0.003726768826833586,2.5807153576788395
0.006485046505565653,0.05
0.002429572923787246,0.78791895947974
0.0009531578011182582,1.3425962981490747
0.001134848551420535,1.3648824412206104
0.006710347946903804,2.867958979489745
0.003447423884244842,3.952551275637819
0.0013683544243289214,3.8015007503751876
0.005959444719025375,2.6599549774887445
0.0024422823973136096,2.1647073536768384
0.006879975910996129,1.278214107053527
0.005393423765253452,4.10855427713857
0.00898014101293286,1.4020260130065034
0.010325826633579796,0.05
0.004324354585547911,5.0
0.010199693415499582,1.4911705852926465
0.00676893448376191,0.05
0.005929739368212863,2.47176088044022
0.0014669563574217157,5.0
0.0030781234518625356,3.1056778389194597
0.004503104064035465,1.4391695847923964
0.007603418036872769,5.0
0.002291510257626521,3.447398699349675
0.005611422854215356,4.1655077538769385
0.0033199394429237264,3.858454227113557
0.008299109754567963,0.05
0.005333949574829279,5.0
0.009224062012592564,0.05
0.003397533090507117,4.309129564782391
0.005525204530876782,0.05
0.00559951102827419,3.1824412206103054
0.0021726438508121518,5.0
0.003820743941938251,0.05
0.0020645705423582225,2.2216608304152077
0.008803674521369764,0.05
0.012038006773918242,3.6875937968984496
0.0016903673841541372,2.969484742371186
0.005588413602944729,3.6331165582791396
0.0005761490195241789,1.8056528264132068
0.0068503678714267255,0.05
0.010454545557593238,2.7689094547273636
0.007682212306523273,1.3772636318159082
0.0033911870750533077,4.507228614307154
0.003680332695223623,3.6504502251125563
0.006932314538807664,4.400750375187594
0.005207107284229358,4.47503751875938
0.002220036386309493,3.811405702851426
0.0042478007637599055,3.0932966483241624
0.009166699172940343,0.05
0.0035041833212610674,3.1898699349674837
0.003460966984047867,3.140345172586293
0.0029415608126417206,2.276138069034517
0.0026645202884469157,2.466808404202101
0.008944839277738932,4.772186093046524
0.0050843436733780945,4.123411705852926
0.002358106535943587,5.0
0.003914280061037088,2.981865932966483
0.0038051704255378585,3.1131065532766384
0.0013801277725413938,3.9500750375187597
0.0036247111161660447,0.05
0.009344095899716902,0.05
0.0009733904260806822,1.9963231615807906
0.0064326213899338625,3.246823411705853
0.004945472806816134,4.016933466733367
0.0015480470567083779,2.256328164082041
0.010787403154694335,3.514257128564282
0.005388612444113733,0.4387693846923462
0.0022628087006093603,1.1940220110055029
0.0022990748277915488,5.0
0.0036266620800174953,4.8860930465232615
0.005300430040018379,3.9872186093046524
0.01143660686938993,1.5060280140070037
0.002377791746524506,5.0
0.004539377188008134,3.836168084042021
0.004275257678705527,5.0
0.00630904365626438,4.519609804902451
0.010121418432828003,0.05
0.009204855334614126,4.556753376688344
0.003584473277343403,1.7115557778889448
0.002172064027161344,3.675212606303152
0.007219734607464591,1.0107803901950976
0.0015309616619537461,5.0
0.005062800751698078,5.0
0.0012404321630070589,3.6281640820410206
0.006420477423610831,5.0
0.006507339708269881,2.9026263131565786
0.003464384736266958,1.4168834417208607
0.004331788037791454,5.0
0.0017382832772918216,3.288919459729865
0.011968192128829595,3.1552026013006502
0.005168966288687862,1.4020260130065034
0.0022438516379146636,4.3933216608304155
0.002163665244789354,3.677688844422211
0.00453787198845227,2.3132816408204104
0.004558036309060244,4.744947473736869
0.0042777613330773345,5.0
0.003309001276026395,4.437893946973487
0.009998822768313792,1.535742871435718
0.005467667194565352,2.9026263131565786
0.003487655697873737,4.098649324662332
0.0023173168796207996,3.6133066533266636
0.003393045068085465,2.1226113056528266
0.003294081771272883,1.0726863431715858
0.003691824675382399,5.0
0.006509341250258212,3.1923461730865434
0.0074581342210292,0.21590795397698853
0.0028874052865472885,5.0
0.0007904665855648363,3.6974987493746876
0.0029862345603403895,4.747423711855928
0.002050812264729314,2.251375687843922
0.006262057498001808,3.8906453226613307
0.0018993682929174596,1.7982241120560283
0.004163471144871658,4.143221610805403
0.001693722350188949,2.8531015507753876
0.0070031106651441966,5.0
0.006768436307559383,5.0
0.0006199794305903963,5.0
0.004490432024519528,1.5877438719359682
0.003671214882338701,5.0
0.0017649476180860574,3.8089294647323664
0.006810466857257801,3.754452226113057
0.0005799941857425259,3.751975987993997
0.0029380242537795642,4.442846423211606
0.00520041469929429,1.5481240620310157
0.004858634200352416,4.195222611305653
0.002580661085002045,2.117658829414707
0.009010372082963326,5.0
0.0009684158908074975,4.972761380690345
0.004111962515955338,2.5906203101550775
0.001043021789084289,0.05
0.00393900243357332,3.1799649824912457
0.005429592194126497,4.829139569784893
0.0020772589257365415,1.8601300650325165
0.003168835779542925,3.3285392696348177
0.0019447665801185857,4.227413706853427
0.0038873740823085756,4.492371185592797
0.0062762661886331395,4.900950475237619
0.0044432357735827085,0.8473486743371687
0.006983151362330284,2.41975987993997
0.011468109317798063,0.05
0.0072052791819018774,2.2538519259629815
0.005721426659017155,1.7288894447223613
0.002411226069821852,4.910855427713857
0.002286589668564827,1.2608804402201101
0.002306519970066978,3.1131065532766384
0.004388999111498364,1.862606303151576
0.0038698888100576617,3.0932966483241624
0.00206247131023269,0.05
0.003614032796723548,1.451550775387694
0.0016350065572253228,3.826263131565783
0.009625453931491765,0.7284892446223112
0.005000000974761942,1.5926963481740872
0.00333369424348761,2.278614307153577
0.0032083916284883357,2.446998499249625
0.003450660726920192,1.5010755377688847
0.004435936475340713,2.1325162581290646
0.001731965811925175,1.6001250625312657
0.004833370884370379,5.0
0.0020944828563967677,2.2687093546773385
0.001976394651628778,1.241070535267634
0.004193163980910346,4.061505752876438
0.003762765560147964,2.793671835917959
0.0021043825320387066,5.0
0.0045959230580480265,5.0
0.007604450059737339,3.4870185092546273
0.008519432627876217,0.05
0.0030540992972727388,5.0
0.006287243217965768,0.05
0.002472891595137784,3.4721610805402703
0.001665530916531037,3.7717858929464736
0.008095253289884204,1.9913706853426716
0.003555594819885162,1.857653826913457
0.0027464217472234695,4.561705852926464
0.004193937323905016,4.873711855927964
0.004125438815723498,4.712756378189095
0.004117913514946385,3.8064532266133067
0.002326066556305538,5.0
0.003284449011782993,4.200175087543772
0.0029592318453858166,0.5675337668834418
0.0038602845967095137,2.3751875937968987
0.004595207640760955,5.0
0.0020213319035782065,4.029314657328665
0.0008549985348538722,1.783366683341671
0.0030629938550291655,2.7664332166083043
0.005135870453866695,3.8435967983992
0.004517005391390071,1.9393696848424213
0.003929224797969616,4.888569284642322
0.012755538731152608,2.6970985492746373
0.005230356610426465,1.5555527763881942
0.004651804266243988,3.7445472736368184
0.0034422059116388376,1.6224112056028015
0.001539152402410468,4.098649324662332
0.009277452820655535,1.961655827913957
0.003120406492508096,2.6277638819409703
0.003238655286327302,4.42303651825913
0.0038574593835773163,2.4123311655827915
0.0058327545765141445,4.695422711355678
0.007893358508317731,4.3735117558779395
0.0020262892756712086,4.658279139569785
0.003486487242854802,3.930265132566283
0.0031690726144366077,5.0
0.008452038610162152,3.927788894447224
0.005046411365239416,1.9789894947473738
0.002259936484989934,2.0483241620810406
0.006460710434525299,1.1717358679339671
0.0019340550220325603,4.227413706853427
0.0004184158522522602,1.6298399199599802
0.00973644530950138,2.716908454227114
0.005502772488093069,0.9439219609804904
0.0009355227931072546,1.7115557778889448
0.002378977019720962,3.135392696348174
0.005596508723994729,0.05
0.008954777461316968,3.6331165582791396
0.0038671670291925697,5.0
0.007533117830381082,3.6504502251125563
0.0031540181046599003,4.551800900450226
0.007065420045291648,3.588544272136068
0.0048521488463210485,2.466808404202101
0.007186767137182866,1.0281140570285143
0.0035433101616592425,2.107753876938469
0.006272226362802787,3.5662581290645323
0.006485977757438581,1.2732616308154079
0.005898578589312177,2.541095547773887
0.002804464771884462,4.638469234617309
0.0008910050367759714,0.05
0.00368768491573071,1.5951725862931467
0.0025456544219332536,0.05
0.00282059223008857,1.820510255127564
0.007549534952427786,3.5613056528264133
0.004710902972272973,2.278614307153577
0.005439932946667423,4.190270135067534
0.0023133061271312094,3.665307653826914
0.013325530698406446,4.019409704852427
0.0024175585794631096,0.9835417708854428
0.0018643332703861537,1.8650825412706356
0.005760626450009132,3.3136818409204603
0.006373542240866857,2.3108054027013507
0.00307501560538026,4.992571285642821
0.0048682400112831856,2.4370935467733865
0.0026814674147131456,5.0
0.0032428815595012053,1.4961230615307655
0.004975185248841538,1.3005002501250627
0.005108015364213167,1.652126063031516
0.0033505115686422796,5.0
0.008217724960512124,4.366083041520761
0.0032484800112729043,3.7940720360180094
0.0019000459516037571,0.05
0.0030696616801636073,3.858454227113557
0.005000137107974763,4.534467233616809
0.006813125137792191,2.1696598299149574
0.007843516045248598,2.7639569784892446
0.006944686945557749,3.4647323661830915
0.004185067166428906,4.088744372186094
0.005849478990818641,1.4812656328164084
0.005508976937740509,1.7511755877938973
0.001610212318380426,2.813481740870435
0.005127479202688648,2.5237618809404703
0.005983787600954561,1.9344172086043023
0.0023117813723389224,3.6034017008504255
0.002941055853143852,0.5997248624312157
0.0038332018844270607,3.583591795897949
0.0021492531343051263,0.05
0.0037361264220698853,4.009504752376189
0.003031573050323595,4.858854427213607
0.004516916264838716,1.2534517258629316
0.0028817839818070096,0.05
0.002697546940975855,4.883616808404202
0.008796542508669535,4.353701850925463
0.0034642033027271826,2.26128064032016
0.006515997510597615,0.05
0.0025750637606313173,2.189469734867434
0.0015146659550813527,1.283166583291646
0.0029700664086375755,2.4321410705352675
0.00701544304792058,4.071410705352677
0.00409566391173595,3.922836418209105
0.009672250983826132,1.2385942971485744
0.0033982147025580153,3.833691845922962
0.0035072580733432265,1.741270635317659
0.005530999067042394,3.615782891445723
0.00446559699797134,2.2315657828914457
0.005145457925128792,3.2443471735867937
0.006017774641967871,1.4540270135067535
0.004668502124636639,3.521685842921461
0.00324346634436299,4.366083041520761
0.008802967788305756,4.497323661830916
0.0010985689298651999,4.291795897948974
0.0019888193022548975,0.05
0.002237439344385861,1.862606303151576
0.004535349656939039,4.727613806903452
0.003837648236331835,4.269509754877439
0.004161343525614147,5.0
0.0045438535817154645,2.0681340670335167
0.00716787500267313,3.675212606303152
0.0075303834533757205,5.0
0.003285788124224316,1.6768884442221113
0.003848013697357301,3.1750125062531267
0.013922415784412057,0.6442971485742872
0.007028971922752907,0.8993496748374188
0.004897012279238749,1.6273636818409207
0.013529877139636104,3.15767883941971
0.005858580359592233,4.477513756878439
0.007928674044252085,2.726813406703352
0.005318593336941305,1.1890695347673839
0.005541118208471689,4.89847423711856
0.00674390586287597,0.05
0.01140013811177571,0.05
0.0038205599019417377,2.4024262131065535
0.006823154063256599,2.4271885942971485
0.004665154534820921,0.05
0.005771107192878787,5.0
0.006719765390403885,1.077638819409705
0.0018257138105455366,5.0
0.003178994918143767,1.773461730865433
0.000829733699526429,2.9298649324662334
0.0016085964170303654,4.621135567783893
0.007362759300261659,4.427988994497249
0.006471361250781765,3.7074037018509256
0.0047290884153680796,2.466808404202101
0.005882973978655247,4.400750375187594
0.006309947510819716,3.0190095047523764
0.002756047836592189,3.727213606803402
0.003109368659107138,5.0
0.006182074793130002,4.606278139069535
0.0036016205018673322,4.138269134567284
0.006888149715337258,4.640945472736369
0.0010411953115035469,5.0
0.003323191155641045,4.544372186093047
0.005168238929648093,4.848949474737369
0.004203736878920054,3.1329164582291145
0.007009767431048024,4.150650325162582
0.006503301622905491,1.1568784392196099
0.004869528521330858,1.9443221610805406
0.003656932892208864,2.256328164082041
0.0024066743224215245,0.05
0.00857590281581308,3.340920460230115
0.005389157261372041,3.5514007003501753
0.003766002613062168,1.2608804402201101
0.008279879983676464,0.05
0.0025234553281125727,1.9170835417708856
0.0028284442530227896,5.0
0.003057727294240656,5.0
0.00535711620372091,1.2286893446723364
0.0027700604427544143,0.05
0.004878598145711288,1.8947973986993498
0.0037544574165644766,5.0
0.002858023196489555,4.338844422211106
0.0035206077336295757,0.05
0.005672578420162076,1.6768884442221113
0.010662988607998313,4.881140570285143
0.005079723213627492,4.631040520260131
0.003768754902987108,0.05
0.003415436525560804,5.0
0.004219170457626771,0.05
0.00622621306994571,1.3723111555777892
0.0038995526840125486,3.137868934467234
0.008085382170502503,4.286843421710856
0.005777456400641902,0.05
0.0049369477598556755,3.930265132566283
0.004487198467442707,3.4127313656828417
0.007408298880817288,1.357453726863432
0.00270311658311094,4.5319909954977495
0.000965990749858113,2.026038019009505
0.002628608126745445,3.7717858929464736
0.0067644267493232185,1.7115557778889448
0.002500115135218188,4.791995997999
0.0072980543177055615,3.142821410705353
0.0035250712617213506,3.4573036518259133
0.00670128849625562,5.0
0.004516369504373445,3.2814907453726865
0.006088705600489595,1.478789394697349
0.0022789227965365963,0.05
0.006767302660730674,3.1180590295147574
0.0028499533207489436,1.5233616808404205
0.005877336809563552,5.0
0.005655273489598531,2.801100550275138
0.002969601252686374,2.003751875937969
0.010661662372848033,4.336368184092046
0.004248318273034082,4.992571285642821
0.0023636782080194013,5.0
0.0032904585493316874,4.200175087543772
0.002171724545679113,5.0
0.005179027733117819,4.445322661330666
0.002511917723247138,2.298424212106053
0.0007060123941323923,1.1048774387193598
0.008416106340740685,4.4527513756878445
0.003977208478475616,4.697898949474737
0.00905310363254722,0.05
0.0028729096540552473,1.7561280640320163
0.006699960568996001,2.9273886943471736
0.005071509162402732,0.05
0.007566773929255609,1.0603051525762883
0.005845191370135762,4.180365182591296
0.004043455149804413,2.26128064032016
0.0038085354186520037,5.0
0.001048476599423552,1.6347923961980992
0.010750215349807572,2.7540520260130066
0.005365981252437438,1.7982241120560283
0.006304183143510139,3.2666333166583295
0.006385353073001414,3.172536268134067
0.00046332351973074615,4.68551775887944
0.002761483913737088,2.0681340670335167
0.006225637916163179,5.0
0.009687480778762927,3.531590795397699
0.004028059829483933,1.5134567283641822
0.0019854300583443465,5.0
0.002736231759055005,2.9174837418709356
0.0034277462684375523,1.6843171585792898
0.0024512061300047336,0.05
0.006583633853104377,5.0
0.004743776343397427,1.9344172086043023
0.0017558968239596885,4.1655077538769385
0.0037504521341081426,3.563781890945473
0.0018931918500353015,0.05
0.006026392333897429,1.5481240620310157
0.0060004368181188,4.016933466733367
0.0010908451341453407,1.993846923461731
0.007494364488632159,2.8580540270135066
0.00607291555787022,1.0999249624812408
0.0035231563269908575,0.9488744372186094
0.005538004695377949,3.152726363181591
0.014288146531472295,3.7445472736368184
0.0011474744220591401,4.1556028014007005
0.003352281860738139,4.358654327163582
0.0006068115989642728,3.2814907453726865
0.003398744663310596,2.4593796898449227
0.004864027635095816,5.0
0.015070962054393167,2.7070035017508753
0.0008678500043166684,3.1972986493246625
0.006343151871097935,4.923236618309155
0.003992214901852434,0.05
0.0027889544293720064,5.0
0.0029959706614806,3.340920460230115
0.007966875433168326,2.952151075537769
0.004054143800303826,5.0
0.004628633410878727,1.1271635817908956
0.004475728918003366,2.10527763881941
0.0007616917106231941,1.5382191095547775
0.003965354631437525,4.747423711855928
0.003202635566997361,0.05
0.00691858748665225,1.013256628314157
0.004711660213179918,4.650850425212607
0.004766327733435785,3.120535267633817
0.00445459900262582,1.9467983991996
0.0017714450710421478,0.834967483741871
0.005550853562679221,4.338844422211106
0.0047856901167475305,1.951750875437719
0.003840652991579596,1.6001250625312657
0.007252380338154181,3.288919459729865
0.0032666036543319704,0.05
0.004586705065128382,1.2187843921960981
0.003750112258911198,4.700375187593798
0.004017280755556837,1.0553526763381693
0.005378379576035208,1.8229864932466235
0.00571242471224024,0.6294397198599301
0.010694760797020086,2.867958979489745
0.005581101277818898,0.7705852926463232
0.0023407090880178394,4.943046523261631
0.004424222825739982,1.57783891945973
0.005318544445681646,1.562981490745373
0.005596613996694366,4.784567283641821
0.004148838771080347,1.8106053026513258
0.0018760847592690921,1.8873686843421713
0.004488962588881429,3.172536268134067
0.005135369626555843,3.665307653826914
0.004427196973546897,5.0
0.006106813571135732,4.276938469234618
0.008148389085903294,5.0
0.004557029361565809,4.093696848424212
0.0018500072699408343,3.9129314657328664
0.008634915882599292,0.05
0.005516249375017372,2.8184342171085546
0.0016328218894954283,5.0
0.0014400432233758476,3.680165082541271
0.0014020214988781539,2.8654827413706854
0.0059385013250002686,3.3656828414207105
0.006271304808487758,2.0433716858429216
0.0016904271588695854,3.7717858929464736
0.002304485427036755,2.9991995997999
0.0020806430665829753,3.0437718859429714
0.0030646395030058914,1.2930715357678841
0.002788113115538414,5.0
0.005293978466174985,4.722661330665333
0.003446024254855899,1.8749874937468736
0.0008808963223087829,3.3334917458729367
0.002153288474284809,1.9344172086043023
0.002128416514101006,5.0
0.0030950489228393704,4.3140820410205105
0.007009611596034672,2.5658579289644825
0.001760048626012617,2.647573786893447
0.005146303862717923,5.0
0.0018084991913399212,2.0854677338669334
0.0027226496566220768,0.05
0.005448285739591219,2.006228114057029
0.00612118772114037,5.0
0.0044629512626512095,4.1357928964482245
0.007169491785356717,0.05
0.004694561504475225,4.2843671835917965
0.005839399217490056,0.05
0.0032830317325696842,4.148174087043522
0.007765863852477711,3.863406703351676
0.005693902105681992,4.120935467733867
0.00352157690220755,2.6005252626313156
0.003869277126590666,2.112706353176588
0.006379084754154392,5.0
0.007374004424210347,2.2117558779389697
0.002495113527917675,1.5233616808404205
0.006062860461272843,5.0
0.0015801601553162986,3.056153076538269
0.0031354785371085978,0.05
0.009571247490317604,0.05
0.005476208984112503,4.616183091545773
0.0016090744487583727,3.3755877938969485
0.004901462388871833,3.610830415207604
0.010882675712578914,4.395797898949475
0.003497442527233441,0.05
0.005359622714635338,1.0900200100050026
0.003876072793968302,5.0
0.003439672134736463,0.05
0.0033344564414713312,4.346273136568285
0.005589947177743408,1.1098299149574788
0.0062237024646586495,1.2014507253626814
0.003689556197246067,5.0
0.0020251399307820647,3.7222611305652826
0.007449187792071897,3.9401700850425216
0.004162482216605715,5.0
0.0020733397390537422,0.3719109554777389
0.008054278298207797,3.8064532266133067
0.003457721952462564,2.801100550275138
0.003923375045790857,0.9736368184092047
0.0009369173287852306,3.915407703851926
0.005325131765219329,1.8749874937468736
0.012652178645949388,3.1106303151575787
0.005295503103576564,1.0330665332666333
0.0025656884937561714,3.6405452726363183
0.0027545994261893234,2.9372936468234117
0.001457008309977366,2.620335167583792
0.006205497426624747,0.05
0.00471851422918719,3.3037768884442222
0.009895907702008804,4.655802901450725
0.003962894887222887,4.754852426213107
0.0027185933062951265,0.05
0.0055477555425609,0.05
0.009876021602076145,1.2509754877438721
0.004464299639647652,3.766833416708354
0.002221620411313331,0.05
0.0019919624438825903,3.1081540770385194
0.0016755287129858881,4.665707853926964
0.004212459345149452,5.0
0.007524603922473651,3.046248124062031
0.005787436456979794,2.013656828414207
0.0049848674108667335,4.908379189594798
0.004215213348265322,0.05
0.001929629742549649,3.3037768884442222
0.0005531168972858769,5.0
0.0036503429126645837,4.167983991995998
0.006267459927093773,4.561705852926464
0.002165056224163464,4.3636068034017015
0.0027508976240934735,2.2637568784392195
0.002615119807252507,1.003351675837919
0.0032229886003187075,5.0
0.004950574285013949,0.05
0.006924447736471377,0.5328664332166083
0.004718234760378581,2.6500500250125065
0.005059033567070603,4.366083041520761
0.0012893920644098042,4.130840420210105
0.0037764886158073233,1.2707853926963484
0.0055464198693747635,1.0305902951475738
0.00690573179832582,2.637668834417209
0.002918925034768413,3.0091045522761384
0.005191074985823434,0.05
0.0041388316072819425,2.110230115057529
0.003546914316075095,5.0
0.005026863423966445,0.05
0.002288825002479032,3.816358179089545
0.0054088987724281445,4.249699849924963
0.0032360774666371425,0.05
0.003477211071694679,2.1523261630815407
0.0077626814341443945,3.499399699849925
0.007589083965631523,0.8943971985992998
0.004681052397369871,4.749899949974988
0.007134079539690669,1.572886443221611
0.003849262714763581,0.05
0.004193659104556831,2.9298649324662334
0.0028014927230660264,2.4098549274637318
0.005136282931489773,1.8502251125562783
0.0037518190636416163,2.986818409204602
0.004661552386052391,4.430465232616308
0.004318473583248529,4.910855427713857
0.003459313031200874,1.2584042021010506
0.006384414369981203,1.0702101050525263
0.006270884075998552,3.236918459229615
0.005920189352295338,2.5014757378689345
0.0063965244101046315,2.5138569284642323
0.007674379571504512,5.0
0.0016115513863424955,0.05
0.005282226095346648,1.1123061530765384
0.0017127098452519168,2.172136068034017
0.005298631109520897,1.2683091545772889
0.004167496774719899,0.05
0.00102955873075216,2.281090545272636
0.003979039864278763,1.4168834417208607
0.0043565285687330105,3.3582541270635318
0.004176981582662265,2.6847173586793396
0.002771663253440859,1.7858429214607305
0.007137107433575075,2.5980490245122563
0.006885652287179085,3.430065032516258
0.0007084369889015299,0.05
0.006691482987124166,2.8951975987994
0.004830772299027085,0.05
0.00398961194390518,2.10280140070035
0.00237532826606459,5.0
0.001920910469544311,3.3978739369684843
0.0012981691626106906,0.05
0.0038418722538299185,4.296748374187094
0.009970602067287743,4.915807903951976
0.004764760159436995,3.836168084042021
0.010900302989720112,2.2909954977488747
0.009518745792810437,1.493646823411706
0.0033348269114038195,5.0
0.0058422927168162095,1.5233616808404205
0.0033653911276504272,4.024362181090546
0.002252573285341314,1.694222111055528
0.004102713467259642,4.405702851425713
0.0038989292458977143,2.719384692346173
0.003423686243160841,2.4544272136068033
0.008632932244299299,5.0
0.0018900008724159062,3.826263131565783
0.0067858275590003195,1.4985992996498252
0.004776834411981075,4.088744372186094
0.010130610737195518,4.507228614307154
0.00878889931544588,4.707803901950975
0.004284767633275614,2.583191595797899
0.006414841329051471,1.867558779389695
0.009286500353608049,4.834092046023012
0.002962881429121947,4.873711855927964
0.007835702287827581,5.0
0.0028870800158872917,2.196898449224612
0.0028462666972732947,5.0
0.0020825067307250755,3.8658829414707356
0.003176198903015362,3.3607303651825915
0.0018280503812337784,2.835767883941971
0.0027991393857580774,3.504352176088044
0.007351749554651968,4.665707853926964
0.007127176375706423,2.442046023011506
0.006317585715238286,4.690470235117559
0.0016133763259746567,0.05
0.0038822827074680086,0.6269634817408706
0.0032599565235954947,0.05
0.0026715478039959425,1.7685092546273138
0.007361835705662852,4.21008004002001
0.0020256219941358344,4.21008004002001
0.002772981732976902,3.494447223611806
0.0053469342296414354,0.05
0.003851616443030767,1.3797398699349677
0.0031009501941913417,4.143221610805403
0.005499117042553445,1.7115557778889448
0.0034279283423850407,1.530790395197599
0.0021225372586903823,0.05
0.00442154413762582,3.061105552776388
0.004698257574287948,1.3500250125062534
0.003089759146051599,0.9785892946473238
0.005051830898034362,0.05
0.004269629195676576,4.536943471735868
0.002840303272814572,4.556753376688344
0.0015506168839047943,1.283166583291646
0.005232097187598893,1.7140320160080043
0.006966868737470544,0.6022011005502752
0.003440975665986147,2.2538519259629815
0.0014595256158886696,5.0
0.0017316618883047585,1.3401200600300152
0.005654694575832057,3.5192096048024015
0.00692392188426947,5.0
0.0028871923272569683,4.522086043021511
0.0035436887730240854,0.05
0.009193753804380526,4.621135567783893
0.008244200381274401,4.101125562781391
0.0019204750066235052,1.2905952976488246
0.002437849873990011,2.4544272136068033
0.006803530790915925,4.84152076038019
0.002828791516761797,0.05
0.0077971239823077035,3.2963481740870435
0.004949106822645183,1.956703351675838
0.0035867154456852984,0.05
0.0025861282219299953,0.05
0.003934242708204215,4.851425712856429
0.005070872013264054,5.0
0.005148504871637767,2.3182341170585294
0.008401691782474949,2.276138069034517
0.011721101135570462,0.6715357678839421
0.003654547323435217,3.732166083041521
0.004484074054677427,4.873711855927964
0.004516374679542391,1.8007003501750878
0.0019611533925709135,3.1898699349674837
0.006710279015943579,0.05
0.0036708361578359355,1.8056528264132068
0.009023964124715143,5.0
0.004500497041445763,2.191945972986493
0.0068162043328971605,1.9022261130565286
0.002368077071578406,3.4870185092546273
0.0062754599070175415,3.47463731865933
0.007530702548655489,4.982666333166583
0.008298955832951656,0.05
0.0026215034767299444,0.05
0.004500886205206216,0.05
0.0038443089956603227,1.7239369684842423
0.00270889427739527,1.0603051525762883
0.003860820331895106,4.390845422711356
0.005242268839857962,4.081315657828915
0.005699932729905075,3.078439219609805
0.0025689647736622176,5.0
0.006840334833742141,2.8456728364182093
0.0028790712614022024,0.05
0.004031875577047261,1.99879939969985
0.0041274712770449085,0.05
0.005778035582311915,0.05
0.005439147843732693,1.899749874937469
0.002564804091863191,4.460180090045022
0.017303503645551974,4.435417708854428
0.0043988412366586516,3.47463731865933
0.003393084321127629,0.05
0.005966410118918991,4.878664332166084
0.003415523022149425,3.4275887943971988
0.003799011297959322,3.657878939469735
0.0034719459725660526,3.1898699349674837
0.0023641548380094607,0.8646823411705854
0.00811716067216503,0.17381190595297652
0.00452952276470216,5.0
0.0024900574716778187,5.0
0.002825757498830621,0.05
0.0015344759339298505,5.0
0.002584639300845855,2.900150075037519
0.004954465916323189,2.7664332166083043
0.00376007264131787,4.351225612806403
0.005572236528922244,3.340920460230115
0.0024791972455035435,4.16055527763882
0.003051957718115776,3.615782891445723
0.007598895847870695,0.05
0.0025037765358817757,0.23076538269134567
0.005197864159033963,4.0664582291145575
0.0024549274450420197,5.0
0.0034310429824570554,4.063981990995498
0.0035036421065849505,4.120935467733867
0.006391855802957369,3.4275887943971988
0.003994117455630761,1.6669834917458732
0.0036237750419710058,0.05
0.003481166124252144,4.2546523261630815
0.0028210195683233824,2.778814407203602
0.004700119316247038,2.100325162581291
0.003745557171699644,1.8452726363181593
0.009565782275574943,2.283566783391696
0.006494024116934914,2.013656828414207
0.002676293966879871,2.6847173586793396
0.00361100505506895,4.182841420710355
0.002398993320739437,5.0
0.0008606499661554246,5.0
0.0013206349412656845,2.2068034017008507
0.0058633413514722,1.9789894947473738
0.009020660255101252,2.256328164082041
0.002123428026143334,0.05
0.005444756666836456,4.130840420210105
0.0025289112027055624,2.5064282141070535
0.0025857804326900186,0.05
0.006965630609566904,1.6669834917458732
0.0022316905226337086,0.35952976488244126
0.0018075095379002232,4.2546523261630815
0.006147791571228814,2.3009004502251127
0.001473250761626306,0.05
0.003418442979330208,4.623611805902952
0.0039976354369741784,4.626088044022011
0.01165916887187484,1.2311655827913959
0.0027577438116379166,0.05
0.00270673554147894,5.0
0.0049224184708065236,2.362806403201601
0.005879610633061437,4.514657328664333
0.007982950021757376,1.9864182091045526
0.0035857543404374317,0.9513506753376689
0.013523287619720322,2.803576788394197
0.005497980668766229,5.0
0.004334784409479223,1.4292646323161582
0.00372261431273109,2.7961480740370184
0.004901712211065081,2.6054777388694346
0.00654581869811546,0.05
0.00351145552619396,0.05
0.006298333399450094,1.2088794397198601
0.005184952573834584,1.3302151075537771
0.002194817441610125,3.858454227113557
0.010848666117688834,5.0
0.00379514845334121,1.872511255627814
0.010291457688317657,1.572886443221611
0.0031358936589573547,1.3599299649824914
0.009716420669114607,1.6273636818409207
0.002644600409916341,0.05
0.0024632223626832664,3.6182591295647826
0.002970431842783998,2.3380440220110055
0.001734423803758163,1.9913706853426716
0.005840008050961125,1.7858429214607305
0.004384313996004731,2.726813406703352
0.0019257870113118386,0.48334167083541774
0.0020719556284863397,4.311605802901451
0.002469415781735894,3.915407703851926
0.003820888297765987,5.0
0.00518981253940709,0.05
0.01253818831516959,0.9018259129564784
0.002690667919379962,1.8502251125562783
0.012001500906771247,4.891045522761381
0.005503795164622117,3.6232116058029016
0.0036410615511007563,5.0
0.0023609585066100974,0.9241120560280142
0.003385436217854386,2.130040020010005
0.0029343767360707276,2.8456728364182093
0.002771391507242864,5.0
0.004070759151241686,1.7090795397698852
0.00320894451878935,1.394597298649325
0.005947354847862903,3.742071035517759
0.0026191212249413315,1.283166583291646
0.006823299902942115,2.20927963981991
0.003664237110763663,0.05
0.0038372597827529345,1.2311655827913959
0.0026651057216220547,4.967808904452227
0.0070607310683541424,0.8622061030515259
0.002741378586330341,2.3801400700350177
0.006169504452490204,5.0
0.00847708023202785,2.1597548774387194
0.00374502432448149,0.05
0.004534451020065812,1.0380190095047526
0.004847134679084292,4.962856428214107
0.0023189215733989757,1.2905952976488246
0.007901220746916494,3.1651075537768887
0.004982992610896297,2.7689094547273636
0.005426739322176952,4.824187093546773
0.008500076747241576,4.747423711855928
0.0042356326632677285,4.120935467733867
0.0060485068225368255,1.1172586293146576
0.001798971314721086,5.0
0.005943574948383663,5.0
0.002551009503177465,1.8081290645322663
0.001379762435027146,5.0
0.002115948978983248,1.7709854927463733
0.002742661393353822,1.4763131565782894
0.007609309089880986,0.05
0.008850754823540856,3.2963481740870435
0.005531173357428122,0.7903951975987995
0.003756175879643997,1.9319409704852428
0.004079492209803609,2.2687093546773385
0.002704973412105627,5.0
0.001170182839880858,5.0
0.002101022493768423,4.331415707853927
0.007996329108208241,0.7532516258129066
0.003452702023488352,2.182041020510255
0.009352725852571957,4.670660330165083
0.004076583147622999,0.05
0.004385158094382446,2.573286643321661
0.0032816323648348286,0.05
0.0005719460517581779,3.2988244122061032
0.0041859418542748855,3.1774887443721864
0.0033831519366997326,5.0
0.003467905158393264,3.8015007503751876
0.006112523908830079,5.0
0.004030746427797362,4.405702851425713
0.00387915091931975,0.05
0.005207094960129617,3.1032016008004004
0.0035209740627181185,4.289319659829915
0.0019803254331203154,2.1548024012006004
0.005422348421336973,0.05
0.0031105856885474195,4.507228614307154
0.005924835322391471,1.2930715357678841
0.004609431005389672,2.130040020010005
0.002082706796351981,1.9789894947473738
0.002463281891075808,0.05
0.0026570723983615,4.041695847923962
0.0036700344528276044,3.6554027013506754
0.005878302690636772,4.2645572786393195
0.009650928009203797,5.0
0.0025010161447658677,4.299224612306153
0.0063509180399135695,1.310405202601301
0.003587263045941015,2.724337168584292
0.006393570338471641,3.0487243621810904
0.002934262153871721,4.980190095047524
0.0043623461552998455,3.52663831915958
0.0026601081955766673,1.5382191095547775
0.0051501301148889345,1.0528764382191096
0.010183904457637998,2.1275637818909456
0.003676838749972544,5.0
0.012022210186202312,0.05
0.008245722858619298,0.05
0.0031795851457177976,4.009504752376189
0.002614086327686775,0.7433466733366685
0.0016876478440503578,1.9220360180090048
0.0059984049014375415,3.405302651325663
0.0021455644935044274,3.848549274637319
0.005754036069386154,1.0182091045522763
0.006912495701862975,5.0
0.0028285728775028704,0.05
0.0023538708441382186,2.5881440720360183
0.010496286812762878,1.5035517758879442
0.007548283936531043,3.3632066033016508
0.0013391665447801335,1.7808904452226115
0.00447871060308885,4.5418959479739875
0.004599981090886149,3.5514007003501753
0.003294825681502328,1.4738369184592297
0.0043692947728765225,1.3549774887443724
0.004109192350368704,0.05
0.007141847876325543,4.2249374687343675
0.0017781578479385343,1.7660330165082543
0.002052691899706874,5.0
0.0033224509032784913,1.4713606803401702
0.008866248519649421,4.467608804402201
0.007320180937892003,3.9500750375187597
0.0021931798134119593,3.251775887943972
0.007981814084919527,1.7016508254127065
0.0022471512677012667,4.479989994997499
0.004444395179945,5.0
0.0054093993325560474,4.05407703851926
0.0012635347259564167,3.7395947973986994
0.003875493330392936,4.9554277138569285
0.003954029084650132,5.0
0.0044341578348355976,3.853501750875438
0.0009362634841297637,4.021885942971486
0.0013556129978634646,0.05
0.005229984570485735,0.05
0.007254125668889187,3.405302651325663
0.002810241738680115,1.8824162081040523
0.0020786678021466262,4.336368184092046
0.004510764337738421,2.4494747373686843
0.004139367117308675,0.05
0.001805415392953716,2.107753876938469
0.009043856498154576,1.5060280140070037
0.0016741029590747539,2.021085542771386
0.004508891844143367,1.4540270135067535
0.002601004010971318,5.0
0.0017065771119649659,2.4073786893446725
0.0022735138233766425,3.667783891945973
0.0036614327681577033,0.05
0.002924003172506774,5.0
0.004489620485436961,1.5704102051025515
0.0024245737928054456,0.5452476238119061
0.007011166636505556,3.8906453226613307
0.002623329072266027,1.2138319159579791
0.0052250498820895774,3.511780890445223
0.0068603959512583065,2.4271885942971485
0.004551261145035623,3.905502751375688
0.0037583020751904422,4.576563281640821
0.005842249662260976,4.150650325162582
0.0029233972982971868,3.42016008004002
0.007806427066299894,4.908379189594798
0.006113102906647357,0.05
0.007392355058351736,2.6129064532266133
0.001629574361907235,2.8506253126563283
0.003009215111502775,2.6871935967983993
0.006149334142552865,2.8332916458229116
0.004280098982013342,1.0652576288144073
0.005053502628268383,0.05
0.004149085910413686,4.101125562781391
0.0062242488605826415,2.657478739369685
0.003928056404184012,1.8081290645322663
0.0068978835001588246,1.4688844422211107
0.002391598104239244,5.0
0.008408326212546682,3.125487743871936
0.007394358224898798,3.246823411705853
0.005794489006884611,4.63351675837919
0.0030451646843306923,1.6768884442221113
0.00582474155452261,4.093696848424212
0.0029671983257711365,5.0
0.008582128187565707,0.30505252626313156
0.007244186944118533,4.059029514757379
0.0031230660796175876,1.530790395197599
0.0034894951080145925,2.8951975987994
0.009116958109778878,3.593496748374187
0.0032746001741023253,1.909654827413707
0.004089425450538406,2.1647073536768384
0.0035728627098326055,1.3698349174587294
0.003877722471473395,5.0
0.002876988095559807,2.1795647823911954
0.002362843758920735,1.6248874437218612
0.003929985788312239,2.7961480740370184
0.004428345185006795,2.5955727863931966
0.00770917882660202,1.1791645822911456
0.00948555458850471,4.408179089544773
0.004997206031344292,3.7717858929464736
0.002026798815049538,1.4565032516258132
0.008408940821564376,1.1816408204102054
0.0034941234957104814,0.7185842921460731
0.013055550434542179,3.506828414207104
0.0008906854618731738,4.237318659329665
0.00624412842572479,1.4565032516258132
0.004669100152859602,1.2311655827913959
0.0023554401717457013,5.0
0.0023042154520767147,5.0
0.0027584300583210278,4.903426713356678
0.000979014624387653,1.2385942971485744
0.008527617736875551,3.9773136568284144
0.009322170257475164,3.766833416708354
0.0033602016717970487,4.024362181090546
0.0039619072271257424,1.3747873936968487
0.006713563116231953,0.10942971485742872
0.007749844902212921,0.05
0.001793099164363099,5.0
0.0042456870961987865,3.3780640320160082
0.006232978388953904,2.4172836418209105
0.006180584980908885,2.8382441220610306
0.0040275982065744245,1.6026013006503252
0.00516135593260638,4.15807903951976
0.000829158659501103,4.920760380190095
0.004070548299940746,3.6554027013506754
0.008811037041392522,3.4176838419209608
0.0019524381822977332,4.8860930465232615
0.0050317837986395275,1.3896448224112057
