k,delta_chi2,chi2_null,chi2_cos,C,a,b,A,phi
0.05,0.003846160829372093,0.0541937185479115,0.05034755771853941,-4.173769669605235,4.165491529252904,0.3702249520044205,4.181911787133293,-0.08864612536426734
0.052476238119059535,0.0038460781518731904,0.0541937185479115,0.05034764039603831,-3.7889682603159827,3.7806886645857958,0.35276421378038236,3.79711066062758,-0.09303749072585324
0.054952476238119066,0.0038459914472179224,0.0541937185479115,0.05034772710069358,-3.4550045660161004,3.4467234444792894,0.33687751679519806,3.463147262829762,-0.09742902786617824
0.05742871435717859,0.0038459007116283875,0.0541937185479115,0.050347817836283115,-3.1633024239896486,3.155019706204939,0.3223612499676918,3.1714454310333378,-0.10182074479905227
0.05990495247623812,0.0038458059403587708,0.0541937185479115,0.05034791260755273,-2.907020716031411,2.8987363315433186,0.3090454680904813,2.9151640470403173,-0.10621264954081164
0.062381190595297654,0.003845707128823095,0.0541937185479115,0.05034801141908841,-2.6806485806138767,2.6723624589532733,0.2967872100470359,2.688792249332456,-0.11060475009044643
0.06485742871435718,0.003845604271743519,0.0541937185479115,0.050348114276167984,-2.479706663962645,2.4714187346451126,0.28546534752286945,2.487850684143082,-0.11499705444423622
0.06733366683341671,0.003845497363986615,0.0541937185479115,0.05034822118392489,-2.3005238157968506,2.2922340083223958,0.2749765705005949,2.308668201200429,-0.11938957057782484
0.06980990495247624,0.0038453864000199886,0.0541937185479115,0.050348332147891514,-2.140068212622168,2.131776456474995,0.2652322270269778,2.148212977019452,-0.1237823064602257
0.07228614307153577,0.0038452713742861064,0.0541937185479115,0.050348447173625396,-1.9958182615717135,1.9875244862192005,0.2561558126202996,2.0039634187429827,-0.1281752700404189
0.0747623811905953,0.003845152280957921,0.0541937185479115,0.05034856626695358,-1.8656629229828638,1.8573670578754218,0.24768095852938998,1.8738084867186502,-0.13256846925637486
0.07723861930965484,0.0038450291139381573,0.0541937185479115,0.050348689433973345,-1.7478240334441466,1.7395260080141384,0.2397498070064703,1.755970017545073,-0.13696191203174912
0.07971485742871437,0.0038449018670849364,0.0541937185479115,0.050348816680826566,-1.640795249391573,1.6324949930531432,0.2323116894017243,1.6489416676693767,-0.1413556062712636
0.0821910955477739,0.003844770533689444,0.0541937185479115,0.05034894801422206,-1.5432936672009134,1.5349911093491073,0.2253220431669849,1.5514405334777572,-0.14574955987474705
0.08466733366683342,0.0038446351072507143,0.0541937185479115,0.05034908344066079,-1.4542212002483268,1.4459162702587207,0.218741518998522,1.4623685283582488,-0.15014378071295145
0.08714357178589295,0.003844495580823365,0.0541937185479115,0.05034922296708814,-1.3726335251921995,1.3643261524202615,0.21253524009991764,1.3807813289808797,-0.15453827664755823
0.08961980990495248,0.0038443519472658727,0.0541937185479115,0.05034936660064563,-1.2977149501238046,1.289405063904269,0.2066721843135202,1.3058632434489048,-0.1589330555226613
0.09209604802401201,0.003844204199338834,0.0541937185479115,0.05034951434857267,-1.2287579475409416,1.2204454771873259,0.20112466591763223,1.2369067442727761,-0.16332812516084386
0.09457228614307155,0.003844052329432808,0.0541937185479115,0.050349666218478695,-1.1651463880758968,1.1568312628798338,0.1958678988092455,1.1732957020973442,-0.16772349337214754
0.09704852426213106,0.0038438963298475445,0.0541937185479115,0.05034982221806396,-1.1063417300871095,1.098023879317907,0.19087962659668545,1.1144915752943292,-0.17211916794395524
0.0995247623811906,0.003843736192625069,0.0541937185479115,0.050349982355286434,-1.0518715836500405,1.0435509365540412,0.18613980788556983,1.0600219739526597,-0.17651515664589557
0.10200100050025013,0.0038435719095541304,0.0541937185479115,0.05035014663835737,-1.0013201939303755,0.9929966797303322,0.18163034741591577,1.009471143251698,-0.1809114672293831
0.10447723861930966,0.0038434034722850327,0.0541937185479115,0.05035031507562647,-0.954320484384354,0.9459940322790104,0.17733486543947663,0.9624720066619801,-0.185308107423174
0.10695347673836919,0.0038432308721885813,0.0541937185479115,0.05035048767572292,-0.9105473741347367,0.9022179132981378,0.17323849912074252,0.9186994833206633,-0.18970508493755758
0.10942971485742872,0.003843054100458987,0.0541937185479115,0.050350664447452516,-0.8697121417585336,0.8613796013396069,0.1693277309138157,0.8778648518196873,-0.19410240746061905
0.11190595297648825,0.0038428731480454822,0.0541937185479115,0.05035084539986602,-0.8315576521800381,0.8232219613019183,0.1655902397180391,0.8397109770984625,-0.19850008265952196
0.11438219109554779,0.003842688005714495,0.0541937185479115,0.05035103054219701,-0.7958542989465016,0.7875153867060831,0.1620147713722364,0.8040082527198522,-0.20289811817817194
0.11685842921460732,0.003842498663959637,0.0541937185479115,0.050351219883951866,-0.7623965418375036,0.754054337304801,0.15859102560802185,0.7705511384791972,-0.2072965216399433
0.11933466733366684,0.003842305113115646,0.0541937185479115,0.05035141343479586,-0.7309999421554778,0.7226543743731781,0.15530955708706262,0.7391551956952404,-0.21169530064270803
0.12181090545272637,0.003842107343242772,0.0541937185479115,0.05035161120466873,-0.7014986154423006,0.6931496134251489,0.15216168849818068,0.7096545399263298,-0.21609446276294333
0.1242871435717859,0.003841905344230838,0.0541937185479115,0.050351813203680665,-0.6737430359305314,0.6653905286648367,0.14913943405335184,0.6818996454219821,-0.22049401555072254
0.12676338169084544,0.0038416991056958796,0.0541937185479115,0.05035201944221562,-0.6475981381537359,0.6392420545968243,0.14623543194020083,0.6557554467329313,-0.22489396653400673
0.12923961980990495,0.0038414886170723347,0.0541937185479115,0.05035222993083917,-0.622941670763197,0.6145819398428785,0.14344288454982923,0.6310996925280594,-0.2292943232134912
0.1317158579289645,0.0038412738675464297,0.0541937185479115,0.05035244468036507,-0.5996627648478992,0.5912993154619706,0.14075550543840265,0.6078215139142537,-0.23369509306567948
0.134192096048024,0.0038410548460952876,0.0541937185479115,0.050352663701816215,-0.5776606854948021,0.5692934465104855,0.1381674721670847,0.585820175996721,-0.2380962835398633
0.13666833416708357,0.003840831541452136,0.0541937185479115,0.05035288700645937,-0.5568437401999731,0.548472640453415,0.13567338426436448,0.5650039862900854,-0.24249790205976562
0.13914457228614308,0.003840603942133154,0.0541937185479115,0.05035311460577835,-0.5371283220572955,0.5287532903530447,0.13326822568052688,0.54528933790714,-0.2468999560214144
0.1416208104052026,0.0038403720364387356,0.0541937185479115,0.05035334651147277,-0.5184380690056773,0.5100590341161961,0.13094733117950996,0.5265998688060823,-0.2513024527926145
0.14409704852426214,0.0038401358124253854,0.0541937185479115,0.05035358273548612,-0.5007031233235626,0.49232001398868164,0.128706356195047,0.5088657212849201,-0.2557053997136442
0.14657328664332167,0.003839895257924504,0.0541937185479115,0.050353823289987,-0.48385947795436124,0.4754722228808159,0.1265412497438616,0.49202288830700003,-0.2601088040960539
0.1490495247623812,0.003839650360534873,0.0541937185479115,0.05035406818737663,-0.46784839820657886,0.4594569260674799,0.12444823003840866,0.4760126352010736,-0.264512673222162
0.15152576288144073,0.0038394011076214526,0.0541937185479115,0.05035431744029005,-0.45261590905863613,0.444220148492974,0.12242376249064635,0.4607809869661356,-0.26891701434472415
0.15400200100050027,0.003839147486327771,0.0541937185479115,0.05035457106158373,-0.43811233970339103,0.4297122193155687,0.1204645398385622,0.4462782728159953,-0.2733218346857122
0.1564782391195598,0.0038388894835530013,0.0541937185479115,0.0503548290643585,-0.4242919181327274,0.4158873664920506,0.11856746415839114,0.43245872076377945,-0.2777271414369219
0.15895447723861933,0.0038386270859602084,0.0541937185479115,0.050355091461951294,-0.41111240958929507,0.4027033552294963,0.11672963055921026,0.41928009607371486,-0.2821329417590116
0.16143071535767883,0.003838360279985048,0.0541937185479115,0.050355358267926455,-0.3985347935384258,0.3901211649571845,0.1149483123783579,0.4067033782330598,-0.2865392427803294
0.1639069534767384,0.0038380890518245198,0.0541937185479115,0.05035562949608698,-0.38652297453463547,0.37810470019310927,0.11322094771792668,0.3946924718185875,-0.29094605159710624
0.1663831915957979,0.0038378133874284737,0.0541937185479115,0.05035590516048303,-0.3750435229844298,0.3666205313067685,0.11154512718375931,0.3832139472593583,-0.2953533752732581
0.16885942971485746,0.0038375332725143624,0.0541937185479115,0.05035618527539714,-0.3640654423261589,0.35563766169905886,0.10991858270392463,0.3722368080166358,-0.29976122083909507
0.17133566783391696,0.003837248692557714,0.0541937185479115,0.05035646985535379,-0.35355995958761,0.3451273183598458,0.10833917731610931,0.3617322811414399,-0.3041695952911774
0.17381190595297652,0.003836959632794096,0.0541937185479115,0.05035675891511741,-0.34350033668180746,0.3350627631637737,0.10680489582831898,0.35167362857035667,-0.3085785055915482
0.17628814407203602,0.0038366660782115786,0.0541937185479115,0.050357052469699924,-0.33386170012310323,0.32541912258636785,0.10531383626627067,0.3420359768416188,-0.3129879586677897
0.17876438219109558,0.0038363680135567804,0.0541937185479115,0.05035735053435472,-0.3246208871421157,0.3161732338189731,0.10386420203220803,0.33279616321005623,-0.31739796141193255
0.1812406203101551,0.0038360654233287814,0.0541937185479115,0.05035765312458272,-0.31575630641381114,0.30730350549683916,0.10245429470602785,0.3239325963751648,-0.3218085206802639
0.18371685842921465,0.0038357582917826136,0.0541937185479115,0.05035796025612889,-0.30724781183784877,0.29878979147948215,0.10108250742889557,0.31542513026146973,-0.3262196432925368
0.18619309654827415,0.0038354466029226902,0.0541937185479115,0.05035827194498881,-0.2990765879889219,0.2906132763010145,0.0997473188145448,0.30725494946884135,-0.33063133603175937
0.18866933466733365,0.0038351303405020423,0.0541937185479115,0.05035858820740946,-0.2912250460218875,0.28275637107529406,0.09844728734016339,0.29940446517763575,-0.3350436056437306
0.19114557278639321,0.0038348094880269606,0.0541937185479115,0.05035890905988454,-0.28367672895610063,0.27520261878025565,0.09718104617355405,0.29185722043303497,-0.33945645883594516
0.19362181090545272,0.0038344840287496337,0.0541937185479115,0.05035923451916187,-0.27641622538167,0.2679366079641725,0.09594729839672644,0.28459780385128963,-0.3438699022776633
0.19609804902451228,0.003834153945665407,0.0541937185479115,0.050359564602246096,-0.26942909074592913,0.26094389403214,0.09474481259157952,0.27761177090618877,-0.3482839425993898
0.19857428714357178,0.003833819221518729,0.0541937185479115,0.050359899326392774,-0.2627017754686669,0.254210927361306,0.09357241875614108,0.270885572044304,-0.3526985863919086
0.20105052526263134,0.003833479838795388,0.0541937185479115,0.050360238709116115,-0.2562215592144379,0.2477249875731924,0.09242900452214808,0.26440648695728625,-0.3571138402061513
0.20352676338169085,0.003833135779721296,0.0541937185479115,0.05036058276819021,-0.24997649072921568,0.2414741233703448,0.09131351164896817,0.25816256441851276,-0.36152971055269617
0.2060030015007504,0.003832787026266486,0.0541937185479115,0.050360931521645017,-0.24395533270922076,0.2354470974051801,0.09022493277051424,0.2521425671519353,-0.36594620390083926
0.2084792396198099,0.0038324335601373424,0.0541937185479115,0.05036128498777416,-0.2381475112245348,0.22963333570359667,0.08916230837366179,0.2463359212556721,-0.3703633266785633
0.21095547773886947,0.0038320753627773332,0.0541937185479115,0.05036164318513417,-0.2325430692749486,0.22402288122083291,0.08812472398972149,0.24073266975786234,-0.37478108527182113
0.21343171585792897,0.0038317124153653057,0.0541937185479115,0.0503620061325462,-0.22713262409526225,0.21860635114677285,0.08711130758134322,0.23532342992196406,-0.3791994860240604
0.21590795397698853,0.0038313446988180386,0.0541937185479115,0.050362373849093464,-0.2219073278689394,0.21337489761961148,0.0861212271093662,0.23009935396042014,-0.3836185352353576
0.21838419209604804,0.003830972193779071,0.0541937185479115,0.05036274635413243,-0.21685883154047447,0.20832017153822013,0.08515368826480196,0.22505209284699518,-0.38803823916267566
0.2208604302151076,0.0038305948806276954,0.0541937185479115,0.05036312366728381,-0.21197925145419383,0.20343428920096507,0.08420793235396873,0.22017376295560845,-0.3924586040185024
0.2233366683341671,0.0038302127394682986,0.0541937185479115,0.050363505808443204,-0.20726113856555006,0.19870980151699769,0.0832832343237675,0.21545691527159713,-0.3968796359710327
0.22581290645322666,0.003829825750137031,0.0541937185479115,0.05036389279777447,-0.2026974500045886,0.1941396655697416,0.08237890091734873,0.21089450695521084,-0.40130134114300997
0.22828914457228616,0.003829433892193007,0.0541937185479115,0.050364284655718496,-0.19828152278515687,0.18971721832609423,0.08149426894941708,0.20647987505079238,-0.4057237256117557
0.23076538269134567,0.0038290371449200278,0.0541937185479115,0.050364681402991475,-0.19400704947921854,0.18543615231076194,0.08062870369282216,0.20220671216110755,-0.41014679540840543
0.23324162081040523,0.0038286354873252673,0.0541937185479115,0.050365083060586235,-0.18986805568908482,0.181290493078492,0.07978159736788015,0.19806904391957186,-0.41457055651733526
0.23571785892946473,0.0038282288981359575,0.0541937185479115,0.050365489649775545,-0.18585887916721222,0.1772745783338776,0.07895236772684522,0.19406120811004218,-0.41899501487575774
0.2381940970485243,0.003827817355797479,0.0541937185479115,0.050365901192114024,-0.18197415044760268,0.17338303856276904,0.07814045672670039,0.19017783529821763,-0.4234201763732573
0.2406703351675838,0.003827400838473341,0.0541937185479115,0.05036631770943816,-0.17820877486520526,0.1696107790516821,0.0773453292839506,0.186413830851043,-0.42784604685108646
0.24314657328664335,0.003826979324041198,0.0541937185479115,0.050366739223870305,-0.17455791585010383,0.1659529631819947,0.07656647210538514,0.18276435823089032,-0.43227263210186123
0.24562281140570286,0.003826552790093439,0.0541937185479115,0.050367165757818064,-0.17101697939516103,0.16240499689759713,0.07580339258970298,0.17922482346320548,-0.43669993786878086
0.24809904952476242,0.003826121213932797,0.0541937185479115,0.050367597333978706,-0.16758159960278762,0.1589625142516724,0.07505561779475584,0.17579086068327224,-0.44112796984541786
0.2505752876438219,0.0038256845725718955,0.0541937185479115,0.05036803397533961,-0.16424762522705816,0.15562136394881976,0.07432269346616038,0.17245831867832834,-0.44555673367497906
0.2530515257628815,0.0038252428427301005,0.0541937185479115,0.0503684757051814,-0.1610111071327749,0.15237759680412544,0.07360418312285433,0.16922324834662433,-0.44998623494995543
0.255527763881941,0.0038247960008341367,0.0541937185479115,0.050368922547077366,-0.15786828660144447,0.1492274540491516,0.07289966719591912,0.16608189100340656,-0.45441647921137107
0.25800400200100054,0.0038243440230131195,0.0541937185479115,0.05036937452489838,-0.1548155844186383,0.14616735641930445,0.07220874221685936,0.16303066746826753,-0.4588474719485182
0.26048024012006005,0.0038238868850980073,0.0541937185479115,0.050369831662813495,-0.15184959068443815,0.14319389396428706,0.071531020052295,0.16006616787559236,-0.4632792185983118
0.2629564782391196,0.0038234245626198385,0.0541937185479115,0.050370293985291664,-0.1489670552922303,0.14030381652690682,0.07086612718184984,0.15718514215335383,-0.46771172454475773
0.2654327163581791,0.003822957030805915,0.0541937185479115,0.05037076151710559,-0.14616487902622566,0.13749402484060091,0.07021370401642582,0.154384491120624,-0.47214499511859975
0.2679089544772386,0.0038224842645810733,0.0541937185479115,0.05037123428333043,-0.14344010523265271,0.1347615622006435,0.0695734042543919,0.15166125815877615,-0.4765790355964954
0.2703851925962982,0.0038220062385614997,0.0541937185479115,0.05037171230935,-0.14078991202187852,0.13210360666627208,0.06894489427298475,0.1490126214135909,-0.4810138512008794
0.2728614307153577,0.0038215229270557177,0.0541937185479115,0.050372195620855785,-0.1382116049641624,0.12951746375645523,0.06832785255300872,0.1464358864910183,-0.4854494470991435
0.27533766883441724,0.0038210343040612077,0.0541937185479115,0.050372684243850295,-0.13570261024282915,0.12700055960307322,0.06772196913447984,0.14392847961034394,-0.48988582840325556
0.27781390695347674,0.0038205403432611737,0.0541937185479115,0.05037317820465033,-0.1332604682327364,0.12455043452939696,0.06712694510138373,0.14148794118265268,-0.49432300016934383
0.2802901450725363,0.003820041018025494,0.0541937185479115,0.05037367752988601,-0.1308828274743974,0.12216473702422148,0.06654249209384272,0.139111919784957,-0.49876096739688025
0.2827663831915958,0.003819536301404372,0.0541937185479115,0.05037418224650713,-0.12856743901534495,0.11984121808324122,0.06596833184574696,0.1367981665015492,-0.5031997350285589
0.28524262131065536,0.0038190261661293773,0.0541937185479115,0.050374692381782125,-0.12631215109438576,0.11757772589331328,0.06540419574664036,0.13454452960826005,-0.5076393079494583
0.28771885942971487,0.0038185105846091152,0.0541937185479115,0.05037520796330239,-0.12411490414431847,0.11537220083518818,0.06484982442610124,0.132348949575171,-0.5120796909867553
0.2901950975487744,0.0038179895289284574,0.0541937185479115,0.050375729018983045,-0.12197372609212953,0.11322267078371773,0.06430496735948707,0.13020945436681172,-0.5165208889090378
0.29267133566783393,0.003817462970845474,0.0541937185479115,0.05037625557706603,-0.11988672793619481,0.1111272466850668,0.06376938249364256,0.1281241550193568,-0.520962906425868
0.2951475737868935,0.00381693088178766,0.0541937185479115,0.05037678766612384,-0.11785209958208043,0.10908411839252519,0.06324283589143134,0.12609124147642045,-0.5254057481874322
0.297623811905953,0.003816393232851968,0.0541937185479115,0.050377325315059535,-0.11586810592010588,0.1070915507440845,0.06272510139409668,0.124108978666624,-0.529849418783758
0.3001000500250125,0.0038158499948011335,0.0541937185479115,0.05037786855311037,-0.11393308312826705,0.10514787986537305,0.06221596030025306,0.12217570280651383,-0.5342939227443725
0.30257628814407206,0.0038153011380614166,0.0541937185479115,0.050378417409850086,-0.11204543518621557,0.10325150968364638,0.06171520106068207,0.12028981791453729,-0.53873926453772
0.30505252626313156,0.0038147466327195304,0.0541937185479115,0.05037897191519197,-0.11020363058640753,0.1014009086389493,0.06122261898796015,0.1184497925221884,-0.5431854485707788
0.3075287643821911,0.0038141864485211063,0.0541937185479115,0.050379532099390396,-0.10840619923002137,0.09959460658004499,0.06073801598016269,0.11665415656992441,-0.547632479188405
0.3100050025012506,0.0038136205548675237,0.0541937185479115,0.05038009799304398,-0.10665172949559898,0.09783119183307232,0.0602612002577607,0.11490149847580464,-0.5520803606729174
0.3124812406203102,0.003813048920813182,0.0541937185479115,0.05038066962709832,-0.10493886546970244,0.0961093084322121,0.05979198611304799,0.11319046236614197,-0.5565290972436143
0.3149574787393697,0.0038124715150636493,0.0541937185479115,0.05038124703284785,-0.10326630432941836,0.09442765350220672,0.05933019367140091,0.11151974545800737,-0.5609786930561751
0.31743371685842925,0.0038118883059721914,0.0541937185479115,0.05038183024193931,-0.10163279386713725,0.0927849747831529,0.058875648663678545,0.10988809558400414,-0.5654291522022598
0.31990995497748875,0.003811299261537761,0.0541937185479115,0.05038241928637374,-0.10003713014901644,0.09118006828897773,0.058428182209226034,0.10829430885072937,-0.5698804787089337
0.3223861930965483,0.003810704349401721,0.0541937185479115,0.05038301419850978,-0.0984781552987728,0.08961177609124626,0.05798763060884747,0.10673722742256236,-0.5743326765382444
0.3248624312156078,0.0038101035368454453,0.0541937185479115,0.05038361501106606,-0.0969547553993369,0.08807898422082877,0.05755383514727086,0.10521573742331626,-0.5787857495866762
0.3273386693346673,0.003809496790787889,0.0541937185479115,0.050384221757123614,-0.09546585850518091,0.08658062068024491,0.05712664190457151,0.10372876694856446,-0.5832397016846226
0.3298149074537269,0.003808884077781856,0.0541937185479115,0.05038483447012965,-0.09401043275866738,0.08511565356002465,0.05670590157607153,0.10227528418198234,-0.587694536595991
0.3322911455727864,0.00380826536401236,0.0541937185479115,0.05038545318389914,-0.09258748460437394,0.08368308925305007,0.05629146930032458,0.10085429560967311,-0.5921502580175965
0.33476738369184594,0.0038076406152928385,0.0541937185479115,0.050386077932618664,-0.09119605709544598,0.08228197076092292,0.05588320449469933,0.09946484432651446,-0.596606869578754
0.33724362181090545,0.003807009797062666,0.0541937185479115,0.05038670875084884,-0.0898352282867366,0.0809113760871184,0.05548097069823006,0.09810600842929539,-0.6010643748407599
0.339719859929965,0.0038063728743841924,0.0541937185479115,0.05038734567352731,-0.08850410970960737,0.07957041671180373,0.05508463542132773,0.09677689949151444,-0.605522777296399
0.3421960980490245,0.003805729811940002,0.0541937185479115,0.0503879887359715,-0.0872018449237236,0.07825823614364763,0.054694070002023996,0.09547666111517106,-0.6099820803694397
0.34467233616808407,0.003805080574029583,0.0541937185479115,0.05038863797388192,-0.08592760814138642,0.07697400854416947,0.05430914946839834,0.09420446755509372,-0.614442287414185
0.3471485742871436,0.0038044251245667182,0.0541937185479115,0.050389293423344785,-0.08468060292034199,0.07571693742056462,0.0539297524069068,0.09295952241174633,-0.6189034017149503
0.34962481240620313,0.0038037634270757445,0.0541937185479115,0.05038995512083576,-0.08346006092111805,0.07448625438305781,0.0535557608362847,0.09174105738855927,-0.6233654264856622
0.35210105052526264,0.0038030954446895623,0.0541937185479115,0.05039062310322194,-0.08226524072540228,0.07328121796329837,0.05318706008680391,0.09054833111030669,-0.6278283648692426
0.3545772886443222,0.003802421140145687,0.0541937185479115,0.050391297407765816,-0.08109542671188993,0.07210111249022491,0.05282353868455099,0.08938062799894797,-0.6322922199372407
0.3570535267633817,0.0038017404757831816,0.0541937185479115,0.05039197807212832,-0.0799499279865582,0.07094524702035768,0.052465088240537736,0.08823725720389874,-0.6367569946893455
0.35952976488244126,0.003801053413540263,0.0541937185479115,0.05039266513437124,-0.07882807736436578,0.06981295431951509,0.05211160334440631,0.0871175515837276,-0.6412226920528156
0.36200600300150076,0.0038003599149499592,0.0541937185479115,0.050393358632961543,-0.07772923039945767,0.06870358989303771,0.051762981462460285,0.08602086673635485,-0.6456893148821493
0.3644822411205603,0.0037996599411378867,0.0541937185479115,0.050394058606773616,-0.07665276446142943,0.06761653106206952,0.05141912283989263,0.08494658007531428,-0.6501568659584877
0.36695847923961983,0.0037989534528182836,0.0541937185479115,0.05039476509509322,-0.07559807785499717,0.0665511760832479,0.05107993040693706,0.08389408994941777,-0.6546253479892351
0.36943471735867933,0.003798240410291233,0.0541937185479115,0.05039547813762027,-0.07456458898089141,0.0655069433096151,0.05074530968881891,0.08286281480364557,-0.6590947636075263
0.3719109554777389,0.003797520773438999,0.0541937185479115,0.050396197774472504,-0.0735517355356858,0.06448327039046733,0.05041516871928356,0.0818521923789702,-0.6635651153718024
0.3743871935967984,0.0037967945017226626,0.0541937185479115,0.05039692404618884,-0.07255897374856776,0.06347961350814409,0.05008941795756425,0.08086167894912218,-0.668036405765352
0.37686343171585795,0.0037960615541791434,0.0541937185479115,0.05039765699373236,-0.07158577765310867,0.06249544664981879,0.04976797020862776,0.07989074859235709,-0.6725086371958023
0.37933966983491746,0.0037953218894171484,0.0541937185479115,0.050398396658494354,-0.07063163839216795,0.06153026091242249,0.04945074054652766,0.07893889249635304,-0.6769818119947251
0.381815907953977,0.0037945754656142153,0.0541937185479115,0.05039914308229729,-0.06969606355428214,0.060583563839053486,0.049137646240755034,0.07800561829459629,-0.6814559324171415
0.3842921460730365,0.003793822240512855,0.0541937185479115,0.05039989630739865,-0.06877857653986762,0.0596548787852013,0.048828606685424596,0.07709044943257856,-0.6859310006410867
0.3867683841920961,0.0037930621714174426,0.0541937185479115,0.05040065637649406,-0.06787871595575391,0.058743744313300525,0.04852354333118988,0.07619292456232593,-0.6904070187671356
0.3892446223111556,0.0037922952151901584,0.0541937185479115,0.050401423332721344,-0.06699603503657213,0.057849713614141,0.04822237961974562,0.07531259696378148,-0.6948839888179871
0.39172086043021515,0.003791521328247671,0.0541937185479115,0.05040219721966383,-0.06613010109167856,0.05697235395381316,0.04792504092082061,0.07444903399172416,-0.6993619127380146
0.39419709854927465,0.003790740466557703,0.0541937185479115,0.0504029780813538,-0.0652804949763313,0.05611124614490659,0.04763145447154878,0.07360181654694073,-0.7038407923927738
0.3966733366683342,0.003789952585634568,0.0541937185479115,0.050403765962276935,-0.06444681058586009,0.05526598404070218,0.04734154931809068,0.07277053857038823,-0.7083206295686787
0.3991495747873937,0.0037891576405366043,0.0541937185479115,0.0504045609073749,-0.06362865437180068,0.05443617405133014,0.04705525625945877,0.07195480655932614,-0.7128014259724093
0.4016258129064533,0.0037883555858613735,0.0541937185479115,0.05040536296205013,-0.06282564487877557,0.053621434680672486,0.04677250779338609,0.07115423910418824,-0.7172831832306255
0.4041020510255128,0.003787546375742537,0.0541937185479115,0.050406172172168966,-0.062037412301232615,0.05282139608312633,0.04649323806421002,0.07036846644531783,-0.7217659028894429
0.40657828914457234,0.0037867299638458043,0.0541937185479115,0.0504069885840657,-0.061263598058994194,0.05203569963917651,0.04621738281264607,0.06959713004851038,-0.7262495864140426
0.40905452726363184,0.003785906303365054,0.0541937185479115,0.05040781224454645,-0.06050385439074461,0.05126399754890724,0.04594487932738852,0.06883988219849493,-0.7307342351882504
0.41153076538269134,0.003785075347018621,0.0541937185479115,0.05040864320089288,-0.05975784396459526,0.050505952442591574,0.04567566639846143,0.0680963856094937,-0.7352198505140901
0.4140070035017509,0.003784237047045051,0.0541937185479115,0.05040948150086645,-0.059025239504886404,0.049761237007518784,0.045409684272233415,0.06736631305201718,-0.7397064336114112
0.4164832416208104,0.0037833913551994433,0.0541937185479115,0.05041032719271206,-0.05830572343449563,0.04902953363032774,0.045146874608047144,0.06664934699516696,-0.7441939856174377
0.41895947973986997,0.0037825382227493556,0.0541937185479115,0.05041118032516215,-0.057598987531889724,0.0483105340540846,0.04488718043638047,0.06594517926368118,-0.7486825075863636
0.42143571785892947,0.003781677600470719,0.0541937185479115,0.050412040947440784,-0.0569047326022374,0.047603939049421895,0.04463054611848057,0.06525351070904076,-0.7531720004889635
0.42391195597798903,0.003780809438643666,0.0541937185479115,0.05041290910926784,-0.056222668161933595,0.046909458099089155,0.04437691730741319,0.06457405089398674,-0.7576624652121917
0.42638819409704853,0.003779933687048785,0.0541937185479115,0.05041378486086272,-0.055552512135919066,0.04622680909529953,0.044126240910473416,0.06390651778983428,-0.7621539025587493
0.4288644322161081,0.0037790502949625535,0.0541937185479115,0.05041466825294895,-0.05489399056718017,0.04555571804925717,0.043878465052887894,0.06325063748596467,-0.7666463132467277
0.4313406703351676,0.003778159211153216,0.0541937185479115,0.05041555933675829,-0.054246837337898465,0.044895918812334165,0.04363353904277229,0.062606143910968,-0.7711396979092238
0.43381690845422716,0.003777260383876893,0.0541937185479115,0.05041645816403461,-0.05361079390171822,0.04424715280836679,0.043391413337292274,0.061972778564904664,-0.7756340570938992
0.43629314657328666,0.0037763537608729095,0.0541937185479115,0.05041736478703859,-0.05298560902660007,0.043609168776537297,0.04315203950996553,0.06135029026215069,-0.780129391262659
0.4387693846923462,0.0037754392893597083,0.0541937185479115,0.050418279258551794,-0.05237103854782057,0.04298172252440298,0.042915370219078826,0.060738434884390693,-0.7846257007912357
0.4412456228114057,0.0037745169160304584,0.0541937185479115,0.050419201631881044,-0.051766845130639186,0.04236457669059236,0.042681359177163716,0.06013697514327719,-0.7891229859688309
0.4437218609304653,0.0037735865870487245,0.0541937185479115,0.05042013196086278,-0.05117279804221288,0.04175750051675008,0.04244996112149482,0.05954568035233795,-0.7936212469977346
0.4461980990495248,0.0037726482480437765,0.0541937185479115,0.050421070299867726,-0.05058867293233903,0.041160269628309806,0.04222113178556559,0.058964326207710194,-0.798120483992996
0.4486743371685843,0.00377170184410653,0.0541937185479115,0.05042201670380497,-0.05001425162265979,0.040572665823729995,0.04199482787151621,0.05839269457733855,-0.8026206969820088
0.45115057528764385,0.0037707473197848076,0.0541937185479115,0.050422971228126695,-0.049449321903928214,0.03999447687179073,0.041771007023460795,0.05783057329823226,-0.8071218859041948
0.45362681340670336,0.003769784619078863,0.0541937185479115,0.05042393392883264,-0.048893677341006296,0.039425496316624294,0.041549627801690435,0.05727775598145551,-0.8116240506106293
0.4561030515257629,0.003768813685436752,0.0541937185479115,0.05042490486247475,-0.04834711708524948,0.038865523290131467,0.041330649657714644,0.05673404182450338,-0.8161271908637178
0.4585792896448224,0.0037678344617496987,0.0541937185479115,0.050425884086161804,-0.047809445693965565,0.038314362331473256,0.041114032910111196,0.05619923543075229,-0.8206313063368484
0.461055527763882,0.0037668468903475916,0.0541937185479115,0.05042687165756391,-0.04728047295664423,0.037771823213334034,0.04089973872115493,0.05567314663568155,-0.8251363966140381
0.4635317658829415,0.0037658509129940634,0.0541937185479115,0.05042786763491744,-0.046760013727660574,0.03723772077465852,0.0406877290741907,0.05515559033956738,-0.8296424611896236
0.46600800400200104,0.003764846470881947,0.0541937185479115,0.050428872077029556,-0.04624788776519023,0.036711874759601325,0.0404779667517311,0.05464638634638983,-0.834149499467925
0.46848424212106055,0.0037638335046283958,0.0541937185479115,0.05042988504328311,-0.04574391957606533,0.03619410966241767,0.04027041531424527,0.05414535920867934,-0.8386575107629227
0.4709604802401201,0.003762811954270008,0.0541937185479115,0.050430906593641495,-0.04524793826632274,0.03568425457804696,0.040065039079615464,0.053652338078055646,-0.8431664942979612
0.4734367183591796,0.0037617817592581135,0.0541937185479115,0.05043193678865339,-0.04475977739721608,0.03518214305816067,0.0398618031032411,0.053167156561230965,-0.8476764492054109
0.47591295647823917,0.003760742858453743,0.0541937185479115,0.05043297568945776,-0.04427927484644916,0.034687612972432086,0.039660673158758056,0.05268965258123335,-0.8521873745263927
0.4783891945972987,0.0037596951901228,0.0541937185479115,0.0504340233577887,-0.043806272674431844,0.03420050637482912,0.03946161571936064,0.052219668243653344,-0.8566992692104537
0.48086543271635823,0.0037586386919309725,0.0541937185479115,0.05043507985598053,-0.04334061699533665,0.03372066937470848,0.03926459793969542,0.051757049707690406,-0.8612121321152966
0.48334167083541774,0.0037575733009386977,0.0541937185479115,0.050436145246972805,-0.04288215785277122,0.033247952012526075,0.039069587638313044,0.051301647061815274,-0.8657259620064883
0.48581790895447724,0.003756498953596324,0.0541937185479115,0.05043721959431518,-0.04243074909987754,0.03278220813997462,0.03887655328065795,0.05085331420385947,-0.8702407575571602
0.4882941470735368,0.00375541558573865,0.0541937185479115,0.05043830296217285,-0.04198624828366591,0.03232329530435721,0.03868546396256799,0.05041190872533818,-0.874756517347772
0.4907703851925963,0.003754323132580041,0.0541937185479115,0.05043939541533146,-0.0415485165334356,0.031871074637047435,0.0384962893942806,0.049977291799860955,-0.8792732398658054
0.49324662331165586,0.0037532215287091816,0.0541937185479115,0.05044049701920232,-0.04111741845309765,0.03142541074585239,0.038308999884914575,0.04954932807544336,-0.8837909235055251
0.49572286143071537,0.003752110708083796,0.0541937185479115,0.05044160783982771,-0.04069282201725563,0.030986171611134646,0.038123566327417785,0.04912788557057702,-0.8883095665677163
0.4981990995497749,0.003750990604025402,0.0541937185479115,0.0504427279438861,-0.04027459847089175,0.030553228485539683,0.037939960183962354,0.048712835573904364,-0.8928291672594415
0.5006753376688344,0.00374986114921403,0.0541937185479115,0.05044385739869747,-0.03986262223251829,0.030126455797189578,0.03775815347177354,0.048304052547359026,-0.8973497236937871
0.503151575787894,0.0037487222756828753,0.0541937185479115,0.05044499627222863,-0.0394567708006546,0.0297057310562026,0.03757811874937481,0.04790141403263117,-0.9018712338896366
0.5056278139069535,0.003747573914812806,0.0541937185479115,0.0504461446330987,-0.039056924663500955,0.029290934764410567,0.03739982910323552,0.04750480056082941,-0.906393695771451
0.508104052026013,0.0037464159973270364,0.0541937185479115,0.050447302550584466,-0.03866296721168948,0.028881950328153765,0.037223258134810734,0.04711409556522013,-0.9109171071690285
0.5105802901450726,0.003745248453285617,0.0541937185479115,0.050448470094625886,-0.03827478465398594,0.028478663974027308,0.037048379947955144,0.04672918529691702,-0.9154414658173005
0.5130565282641322,0.003744071212079904,0.0541937185479115,0.0504496473358316,-0.03789226593583215,0.028080964667469,0.03687516913670047,0.04634995874341108,-0.9199667693561274
0.5155327663831917,0.0037428842024270076,0.0541937185479115,0.050450834345484495,-0.037515302660622085,0.027688744034081295,0.036703600773385664,0.04597630754983428,-0.9244930153300905
0.5180090045022512,0.0037416873523642286,0.0541937185479115,0.050452031195547274,-0.037143789013603504,0.027301896283579506,0.03653365039712553,0.04560812594284842,-0.9290202011883045
0.5204852426213107,0.0037404805892432905,0.0541937185479115,0.05045323795866821,-0.03677762168830609,0.02692031813626758,0.03636529400260654,0.045245310657060014,-0.9335483242842385
0.5229614807403703,0.003739263839724838,0.0541937185479115,0.050454454708186665,-0.03641669981540575,0.026543908751949855,0.03619850802920331,0.04488776086387176,-0.938077381875529
0.5254377188594298,0.003738037029772587,0.0541937185479115,0.050455681518138916,-0.036060924893925206,0.02617256966118091,0.036033269350398446,0.04453537810266947,-0.9426073711238124
0.5279139569784893,0.003736800084647593,0.0541937185479115,0.05045691846326391,-0.03571020072468951,0.025806204698770083,0.035869555263500996,0.04418806621426395,-0.9471382890945692
0.5303901950975488,0.003735552928902444,0.0541937185479115,0.05045816561900906,-0.03536443334595042,0.025444719939456125,0.035707343479651675,0.043845731276501466,-0.9516701327569653
0.5328664332166083,0.0037342954863754524,0.0541937185479115,0.05045942306153605,-0.03502353097109889,0.02508802363567051,0.0355466121141057,0.04350828154196219,-0.9562028989837102
0.5353426713356679,0.003733027680184728,0.0541937185479115,0.050460690867726775,-0.03468740392839005,0.024736026157313948,0.035387339676784875,0.04317562737767076,-0.9607365845509092
0.5378189094547274,0.0037317494327222187,0.0541937185479115,0.050461969115189284,-0.03435596460260261,0.024388639933468112,0.03522950506308795,0.04284768120674087,-0.9652711861379578
0.5402951475737869,0.0037304606656478126,0.0541937185479115,0.05046325788226369,-0.03402912737856921,0.024045779395979135,0.03507308754495547,0.04252435745189109,-0.9698067003273982
0.5427713856928464,0.003729161299883259,0.0541937185479115,0.050464557248028244,-0.03370680858650199,0.0237073609248368,0.03491806676217603,0.04220557248075497,-0.9743431236048228
0.5452476238119061,0.0037278512556062626,0.0541937185479115,0.05046586729230524,-0.03338892644905447,0.023373302795291213,0.034764422713930626,0.041891244552928045,-0.9788804523587524
0.5477238619309656,0.0037265304522441783,0.0541937185479115,0.050467188095667324,-0.03307540103005014,0.023043525126636603,0.03461213575056222,0.041581293768680166,-0.9834186828805679
0.5502001000500251,0.0037251988084680554,0.0541937185479115,0.05046851973944345,-0.03276615418482622,0.022717949832611287,0.03446118656556997,0.04127564201928376,-0.9879578113644066
0.5526763381690847,0.0037238562421864005,0.0541937185479115,0.0504698623057251,-0.0324611095121281,0.022396500573349156,0.03431155618781589,0.04097421293889214,-0.9924978339070925
0.5551525762881442,0.003722502670538967,0.0541937185479115,0.050471215877372536,-0.03216019230750232,0.02207910270883033,0.034163225973939365,0.040676931857915787,-0.9970387465080685
0.5576288144072037,0.0037211380098905733,0.0541937185479115,0.05047258053802093,-0.03186332951813494,0.021765683253778076,0.03401617760097369,0.040383725757844324,-1.0015805450693371
0.5601050525262632,0.0037197621758247243,0.0541937185479115,0.05047395637208678,-0.03157044969908241,0.02145617083394918,0.033870393059156165,0.0400945232274602,-1.006123225395416
0.5625812906453228,0.003718375083137382,0.0541937185479115,0.05047534346477412,-0.031281482970848734,0.021150495643771302,0.03372585464492848,0.03980925442039869,-1.010666783193294
0.5650575287643823,0.003716976645830483,0.0541937185479115,0.05047674190208102,-0.030996360978258766,0.020848589405277396,0.0335825449541188,0.03952785101400347,-1.0152112140724112
0.5675337668834418,0.0037155667771056958,0.0541937185479115,0.05047815177080581,-0.030715016850585867,0.02055038532829533,0.033440446875303,0.039250246169436676,-1.0197565135446307
0.5700100050025013,0.0037141453893578744,0.0541937185479115,0.05047957315855363,-0.030437385162887354,0.020255818071846156,0.03329954358333683,0.03897637449299612,-1.0243026770242363
0.5724862431215608,0.0037127123941685797,0.0541937185479115,0.05048100615374292,-0.030163401898508024,0.01996482370671134,0.03315981853305539,0.03870617199860026,-1.0288496998279266
0.5749624812406204,0.003711267702299674,0.0541937185479115,0.05048245084561183,-0.029893004412710387,0.01967733967912764,0.03302125545313464,0.03843957607139997,-1.0333975771748338
0.5774387193596799,0.003709811223686625,0.0541937185479115,0.05048390732422488,-0.029626131397393677,0.019393304775571628,0.032883838340109287,0.038176525432478146,-1.037946304186541
0.5799149574787394,0.003708342867432095,0.0541937185479115,0.05048537568047941,-0.02936272284686531,0.019112659088597377,0.032747551452544474,0.03791696010460215,-1.0424958758871132
0.582391195597799,0.0037068625417991316,0.0541937185479115,0.05048685600611237,-0.029102720024625536,0.018835343983688836,0.03261237930535267,0.03766082137898852,-1.0470462872031499
0.5848674337168586,0.0037053701542046763,0.0541937185479115,0.050488348393706826,-0.02884606543113744,0.018561302067097767,0.03247830666425723,0.03740805178305312,-1.0515975329638216
0.5873436718359181,0.003703865611212831,0.0541937185479115,0.05048985293669867,-0.028592702772542226,0.01829047715462833,0.03234531854039273,0.03715859504910613,-1.0561496079009458
0.5898199099549776,0.0037023488185280867,0.0541937185479115,0.050491369729383416,-0.028342576930291685,0.01802281424133992,0.03221340018504063,0.036912396083963725,-1.0607025066490636
0.5922961480740371,0.0037008196809885513,0.0541937185479115,0.05049289886692295,-0.028095633931667845,0.01775825947213777,0.03208253708449703,0.03666940093944675,-1.0652562237455216
0.5947723861930967,0.0036992781025593433,0.0541937185479115,0.05049444044535216,-0.02785182092115889,0.017496760113221,0.03195271495506771,0.0364295567837355,-1.0698107536305677
0.5972486243121562,0.003697723986325528,0.0541937185479115,0.050495994561585975,-0.027611086132662093,0.01723826452435887,0.031823919738185436,0.03619281187355077,-1.0743660906474635
0.5997248624312157,0.0036961572344854157,0.0541937185479115,0.05049756131342609,-0.027373378862488515,0.016982722131969403,0.031696137595648315,0.03595911552713656,-1.0789222290426113
0.6022011005502752,0.0036945777483436554,0.0541937185479115,0.05049914079956785,-0.027138649443143124,0.016730083402974726,0.03156935490497525,0.03572841809801793,-1.0834791629656737
0.6046773386693347,0.0036929854283042837,0.0541937185479115,0.05050073311960722,-0.026906849217852597,0.016480299819405006,0.031443558254873306,0.035500670949505896,-1.0880368864697265
0.6071535767883943,0.003691380173863848,0.0541937185479115,0.050502338374047655,-0.026677930515819084,0.01623332385372949,0.03131873444081615,0.03527582642992828,-1.0925953935114108
0.6096298149074538,0.0036897618836043353,0.0541937185479115,0.05050395666430717,-0.026451846628174586,0.01598910894488908,0.03119487046072853,0.0350538378485604,-1.0971546779511063
0.6121060530265133,0.0036881304551862545,0.0541937185479115,0.05050558809272525,-0.026228551784614702,0.015747609475009403,0.031071953510775397,0.034834659452235114,-1.1017147335531083
0.6145822911455728,0.0036864857853416005,0.0541937185479115,0.0505072327625699,-0.026008001130689063,0.01550878074677157,0.0309499709812516,0.034618246402608965,-1.1062755539858198
0.6170585292646324,0.003684827769866769,0.0541937185479115,0.050508890778044734,-0.02579015070572712,0.015272578961419588,0.030828910452569535,0.03440455475406341,-1.1108371328219584
0.619534767383692,0.00368315630361548,0.0541937185479115,0.05051056224429602,-0.025574957421379715,0.015038961197384394,0.030708759691342128,0.03419354143222127,-1.1153994635387763
0.6220110055027515,0.003681471280491684,0.0541937185479115,0.05051224726741982,-0.02536237904075679,0.01480788538950524,0.030589506646558864,0.03398516421305908,-1.1199625395182886
0.624487243621811,0.0036797725934424735,0.0541937185479115,0.05051394595446903,-0.025152374158142157,0.014579310308829248,0.030471139445851926,0.03377938170259616,-1.1245263540475159
0.6269634817408706,0.003678060134450843,0.0541937185479115,0.05051565841346066,-0.024944902179266225,0.014353195542970175,0.0303536463918491,0.033576153317140915,-1.129090900318747
0.6294397198599301,0.0036763337945285787,0.0541937185479115,0.050517384753382924,-0.024739923302121557,0.014129501477010926,0.030237015958613316,0.03337543926407996,-1.1336561714298008
0.6319159579789896,0.003674593463709075,0.0541937185479115,0.05051912508420243,-0.024537398498301236,0.013908189274930167,0.030121236788163766,0.03317720052318931,-1.138222160384319
0.6343921960980491,0.0036728390310400497,0.0541937185479115,0.05052087951687145,-0.024337289494846006,0.013689220861539047,0.03000629768707824,0.032981398828454085,-1.1427888600920582
0.6368684342171087,0.00367107038457639,0.0541937185479115,0.05052264816333511,-0.024139558756584276,0.01347255890491143,0.029892187623174474,0.032787996650380666,-1.1473562633691963
0.6393446723361682,0.0036692874113728596,0.0541937185479115,0.05052443113653864,-0.023944169468947146,0.01325816679929108,0.029778895722266212,0.032596957178783255,-1.1519243629386686
0.6418209104552277,0.003667489997476847,0.0541937185479115,0.050526228550434656,-0.023751085521247908,0.013046008648463926,0.02966641126499526,0.032408244306034735,-1.1564931514304948
0.6442971485742872,0.003665678027921067,0.0541937185479115,0.050528040519990436,-0.023560271490408187,0.012836049249578464,0.029554723683734695,0.032221822610763534,-1.1610626213821393
0.6467733866933467,0.0036638513867163006,0.0541937185479115,0.0505298671611952,-0.02337169262511913,0.012628254077402357,0.029443822559562804,0.032037657341985055,-1.1656327652388736
0.6492496248124063,0.0036620099568440354,0.0541937185479115,0.05053170859106747,-0.023185314830423357,0.012422589269001132,0.02933369761930533,0.03185571440365356,-1.1702035753541615
0.6517258629314658,0.0036601536202491777,0.0541937185479115,0.050533564927662325,-0.02300110465270576,0.012219021608826808,0.02922433873264466,0.0316759603396224,-1.174775043990051
0.6542021010505253,0.003658282257832768,0.0541937185479115,0.050535436290078735,-0.02281902926507977,0.012017518514203497,0.029115735909293467,0.03149836231899914,-1.1793471633175867
0.6566783391695848,0.003656395749444513,0.0541937185479115,0.05053732279846699,-0.022639056453157856,0.011818048021198301,0.029007879296231578,0.03132288812188445,-1.1839199254172383
0.6591545772886445,0.0036544939738756207,0.0541937185479115,0.05053922457403588,-0.02246115460119514,0.01162057877086672,0.028900759175005043,0.03114950612548386,-1.1884933222793352
0.661630815407704,0.0036525768088512822,0.0541937185479115,0.05054114173906022,-0.02228529267859355,0.011425079995859875,0.028794365959084044,0.030978185290579167,-1.193067345804526
0.6641070535267635,0.0036506441310234436,0.0541937185479115,0.05054307441688806,-0.02211144022675721,0.011231521507384332,0.028688690191280015,0.030808895148350952,-1.1976419878042481
0.666583291645823,0.0036486958159633875,0.0541937185479115,0.050545022731948115,-0.021939567346287728,0.011039873682503136,0.02858372254121913,0.030641605787540313,-1.2022172400012165
0.6690595297648826,0.0036467317381543643,0.0541937185479115,0.05054698680975714,-0.02176964468450987,0.01085010745176854,0.02847945380287131,0.0304762878419404,-1.2067930940299239
0.6715357678839421,0.0036447517709843336,0.0541937185479115,0.05054896677692717,-0.021601643423317947,0.010662194287176737,0.02837587489213359,0.03031291247820839,-1.2113695414371564
0.6740120060030016,0.003642755786738519,0.0541937185479115,0.050550962761172984,-0.02143553526733235,0.010476106190434412,0.028272976844465225,0.03015145138398689,-1.2159465736825312
0.6764882441220611,0.003640743656592088,0.0541937185479115,0.050552974891319415,-0.02127129243235886,0.01029181568152902,0.028170750812574672,0.02999187675632759,-1.2205241821390471
0.6789644822411207,0.003638715250602838,0.0541937185479115,0.050555003297308665,-0.021108887634140983,0.010109295787593769,0.028069188064156567,0.029834161290407522,-1.2251023580936455
0.6814407203601802,0.0036366704377038886,0.0541937185479115,0.050557048110207614,-0.02094829407739657,0.009928520032058219,0.027968279979677116,0.029678278168529068,-1.2296810927477975
0.6839169584792397,0.0036346090856962804,0.0541937185479115,0.05055910946221522,-0.020789485445130707,0.009749462424076635,0.027868018050206524,0.029524201049395373,-1.2342603772181044
0.6863931965982992,0.003632531061241777,0.0541937185479115,0.050561187486669726,-0.020632435888218024,0.009572097448226957,0.0277683938752991,0.02937190405765519,-1.238840202536907
0.6888694347173587,0.0036304362298555173,0.0541937185479115,0.050563282318055985,-0.020477120015244335,0.009396400054470865,0.027669399160916836,0.029221361773705986,-1.2434205596529264
0.6913456728364183,0.0036283244558987446,0.0541937185479115,0.05056539409201276,-0.02032351288260248,0.009222345648369264,0.02757102571739801,0.029072549223750882,-1.2480014394319094
0.6938219109554778,0.0036261956025716233,0.0541937185479115,0.05056752294533988,-0.02017158998483398,0.009049910081545105,0.027473265457468532,0.028925441870100883,-1.2525828326572963
0.6962981490745374,0.0036240495319059124,0.0541937185479115,0.05056966901600559,-0.020021327245209393,0.00887906964238646,0.02737611039429481,0.02878001560171511,-1.2571647300309075
0.6987743871935969,0.0036218861047578946,0.0541937185479115,0.05057183244315361,-0.01987270100654159,0.008709801046983818,0.027279552639578167,0.02863624672497352,-1.261747122173642
0.7012506253126565,0.0036197051808010486,0.0541937185479115,0.050574013367110454,-0.019725688022223666,0.008542081430293872,0.027183584401687867,0.02849411195467336,-1.266329999626204
0.703726863431716,0.0036175066185190827,0.0541937185479115,0.05057621192939242,-0.019580265447487616,0.00837588833752509,0.02708819798383471,0.02835358840524627,-1.270913352849833
0.7062031015507755,0.0036152902751986696,0.0541937185479115,0.05057842827271283,-0.019436410830875047,0.008211199715737246,0.026993385782281075,0.028214653582186288,-1.275497172227064
0.708679339669835,0.003613056006922487,0.0541937185479115,0.050580662540989016,-0.019294102105915402,0.008047993905649916,0.02689914028458855,0.028077285373685125,-1.2800814480625045
0.7111555777888946,0.003610803668562125,0.0541937185479115,0.05058291487934938,-0.01915331758300626,0.007886249633654367,0.026805454067902055,0.027941462042468723,-1.284666170583622
0.7136318159079541,0.0036085331137711285,0.0541937185479115,0.050585185434140374,-0.01901403594148894,0.007725946004022585,0.02671231979726881,0.027807162217828554,-1.289251329941557
0.7161080540270136,0.0036062441949780213,0.0541937185479115,0.05058747435293348,-0.018876236221914547,0.00756706249130822,0.026619730223991656,0.02767436488784266,-1.2938369162119558
0.7185842921460731,0.0036039367633794103,0.0541937185479115,0.05058978178453209,-0.018739897818495683,0.00740957893293469,0.0265276781840164,0.027543049391781753,-1.2984229193958177
0.7210605302651327,0.0036016106689331848,0.0541937185479115,0.05059210787897832,-0.018605000471738124,0.007253475521964899,0.026436156596351953,0.02741319541269472,-1.3030093294203622
0.7235367683841922,0.003599265760351654,0.0541937185479115,0.05059445278755985,-0.01847152426124746,0.007098732800047592,0.026345158461522057,0.027284782970168165,-1.3075961361399189
0.7260130065032517,0.003596901885094865,0.0541937185479115,0.05059681666281664,-0.0183394495987066,0.006945331650536025,0.026254676860049078,0.02715779241325653,-1.3121833293368341
0.7284892446223112,0.003594518889363907,0.0541937185479115,0.050599199658547596,-0.01820875722101884,0.0067932532917739374,0.026164704950967854,0.027032204413576764,-1.3167708987223974
0.7309654827413707,0.003592116618094318,0.0541937185479115,0.050601601929817185,-0.018079428183612335,0.006642479270544493,0.02607523597036971,0.026907999958563914,-1.3213588339377875
0.7334417208604304,0.0035896949149494886,0.0541937185479115,0.050604023632962014,-0.01795144385390141,0.006492991455677766,0.025986263229975513,0.026785160344882798,-1.325947124555043
0.7359179589794899,0.003587253622314289,0.0541937185479115,0.050606464925597214,-0.017824785904901053,0.006344772031812922,0.025897780115737692,0.02666366717199219,-1.330535760078042
0.7383941970985494,0.003584792581288576,0.0541937185479115,0.05060892596662293,-0.017699436308989364,0.006197803493310153,0.025809780086469534,0.026543502335856263,-1.3351247299435198
0.7408704352176089,0.0035823116316809553,0.0541937185479115,0.05061140691623055,-0.017575377331815335,0.006052068638309522,0.025722256672502344,0.026424648022800628,-1.3397140235220901
0.7433466733366685,0.0035798106120024584,0.0541937185479115,0.050613907935909044,-0.017452591526347018,0.0059075505629319555,0.025635203474368814,0.026307086703508023,-1.3443036301192977
0.745822911455728,0.003577289359460556,0.0541937185479115,0.05061642918845095,-0.017331061727057562,0.0057642326556194765,0.02554861416151341,0.026190801127151372,-1.3488935389766818
0.7482991495747875,0.0035747477099529537,0.0541937185479115,0.05061897083795855,-0.017210771044243345,0.005622098591609755,0.02546248247102662,0.026075774315657784,-1.3534837392728791
0.750775387693847,0.0035721854980617015,0.0541937185479115,0.0506215330498498,-0.017091702858473445,0.005481132327543166,0.02537680220640576,0.025961989558103575,-1.3580742201247282
0.7532516258129066,0.00356960255704733,0.0541937185479115,0.05062411599086417,-0.01697384081516485,0.005341318096197627,0.025291567236339255,0.02584943040523403,-1.3626649705884082
0.7557278639319661,0.0035669987188431743,0.0541937185479115,0.05062671982906833,-0.0168571688192815,0.005202640401348713,0.025206771493515488,0.02573808066410646,-1.3672559796605892
0.7582041020510256,0.0035643738140495804,0.0541937185479115,0.05062934473386192,-0.016741671030152384,0.00506508401275086,0.025122408973453844,0.02562792439285122,-1.3718472362796208
0.7606803401700851,0.003561727671928548,0.0541937185479115,0.050631990875982955,-0.01662733185640774,0.00492863396123803,0.02503847373336012,0.025518945895550496,-1.3764387293267244
0.7631565782891447,0.003559060120398201,0.0541937185479115,0.0506346584275133,-0.01651413595102811,0.004793275533939219,0.024954959891003013,0.025411129717228816,-1.3810304476272235
0.7656328164082042,0.003556370986027624,0.0541937185479115,0.05063734756188388,-0.01640206820650529,0.004658994269607357,0.024871861623613673,0.02530446063895496,-1.3856223799517793
0.7681090545272637,0.003553660094031623,0.0541937185479115,0.05064005845387988,-0.016291113750110164,0.0045257759540571416,0.02478917316680535,0.025198923673049694,-1.3902145150176726
0.7705852926463232,0.003550927268265759,0.0541937185479115,0.050642791279645744,-0.016181257939267016,0.004393606615710689,0.02470688881351535,0.025094504058399452,-1.3948068414900872
0.7730615307653828,0.0035481723312214553,0.0541937185479115,0.05064554621669005,-0.016072486357029576,0.0042624725212470505,0.024625002912966605,0.024991187255870816,-1.3993993479834301
0.7755377688844424,0.0035453951040212775,0.0541937185479115,0.050648323443890225,-0.015964784807657704,0.0041323601713537245,0.02454350986964998,0.0248889589438248,-1.4039920230626686
0.7780140070035019,0.0035425954064144047,0.0541937185479115,0.0506511231414971,-0.015858139312291183,0.004003256296577306,0.024462404142326123,0.02478780501372762,-1.4085848552446911
0.7804902451225614,0.0035397730567721386,0.0541937185479115,0.050653945491139364,-0.01575253610471847,0.0038751478532707117,0.024381680243046447,0.02468771156585539,-1.4131778329996998
0.7829664832416209,0.003536927872083699,0.0541937185479115,0.050656790675827804,-0.015647961627238194,0.003748022019634917,0.02430133273619326,0.024588664905090853,-1.417770944752619
0.7854427213606805,0.003534059667952144,0.0541937185479115,0.05065965887995936,-0.015544402526610927,0.0036218661918526913,0.024221356237538544,0.024490651536809568,-1.422364178884532
0.78791895947974,0.003531168258590442,0.0541937185479115,0.05066255028932106,-0.015441845650099022,0.003496667980312111,0.024141745413320908,0.024393658162853334,-1.4269575237341385
0.7903951975987995,0.003528253456817766,0.0541937185479115,0.050665465091093737,-0.01534027804159184,0.003372415205917372,0.024062494979340005,0.024297671677588076,-1.4315509675992477
0.792871435717859,0.003525315074055957,0.0541937185479115,0.050668403473855546,-0.015239686937815302,0.0032490958964853916,0.023983599700069136,0.02420267916404534,-1.4361444987382828
0.7953476738369186,0.003522352920326176,0.0541937185479115,0.05067136562758533,-0.015140059764622543,0.0031266982832254837,0.02390505438778448,0.024108667890143976,-1.4407381053718213
0.7978239119559781,0.0035193668042457563,0.0541937185479115,0.050674351743665746,-0.015041384133364345,0.0030052107973004474,0.023826853901711378,0.024015625304990705,-1.4453317756841573
0.8003001500750376,0.0035163565330253235,0.0541937185479115,0.05067736201488618,-0.014943647837337242,0.002884622066467009,0.02374899314718721,0.023923539035257586,-1.4499254978248892
0.8027763881940971,0.00351332191246604,0.0541937185479115,0.05068039663544546,-0.014846838848307191,0.0027649209117936845,0.023671467074840358,0.02383239688163415,-1.4545192599105363
0.8052526263131566,0.003510262746957128,0.0541937185479115,0.050683455800954375,-0.014750945313107364,0.002646096344454306,0.023594270679785284,0.02374218681535275,-1.4591130500261777
0.8077288644322163,0.0035071788394736153,0.0541937185479115,0.05068653970843789,-0.014655955550307607,0.0025281375625951386,0.023517399000832925,0.023652896974784756,-1.4637068562271263
0.8102051025512758,0.003504069991574328,0.0541937185479115,0.050689648556337175,-0.014561858046954725,0.0024110339482743288,0.023440847119716897,0.023564515662106687,-1.468300666540617
0.8126813406703353,0.003500936003400082,0.0541937185479115,0.05069278254451142,-0.014468641455380939,0.002294775064471309,0.02336461016033433,0.02347703134003355,-1.472894468967539
0.8151575787893948,0.00349777667367223,0.0541937185479115,0.05069594187423927,-0.01437629459007973,0.0021793506521652316,0.023288683288002047,0.023390432628618882,-1.477488251484178
0.8176338169084544,0.003494591799691346,0.0541937185479115,0.05069912674822016,-0.014284806424646485,0.0020647506274800408,0.023213061708726588,0.02330470830211843,-1.4820820020440033
0.8201100550275139,0.0034913811773362655,0.0541937185479115,0.05070233737057524,-0.014194166088783655,0.00195096507889541,0.02313774066848942,0.02321984728591768,-1.4866757085794682
0.8225862931465734,0.0034881446010633713,0.0541937185479115,0.05070557394684813,-0.01410436286536739,0.0018379842645211732,0.02306271545254538,0.023135838653519845,-1.4912693590038533
0.8250625312656329,0.003484881863906192,0.0541937185479115,0.05070883668400531,-0.014015386187575843,0.0017257986094346561,0.022987981384735817,0.023052671623594673,-1.4958629412131246
0.8275387693846925,0.0034815927574752756,0.0541937185479115,0.05071212579043623,-0.013927225636075968,0.001614398703078522,0.022913533826814488,0.022970335557084783,-1.500456443087834
0.830015007503752,0.003478277071958351,0.0541937185479115,0.05071544147595315,-0.013839870936268948,0.0015037752967185687,0.022839368177787596,0.022888819954369814,-1.5050498524950386
0.8324912456228115,0.003474934596120846,0.0541937185479115,0.05071878395179066,-0.013753311955591686,0.0013939193009593724,0.02276547987326636,0.022808114452485605,-1.5096431572902607
0.834967483741871,0.0034715651173067227,0.0541937185479115,0.05072215343060478,-0.013667538700874182,0.001284821783317144,0.02269186438483336,0.02272820882239854,-1.514236345319464
0.8374437218609306,0.0034681684214395853,0.0541937185479115,0.05072555012647192,-0.013582541315750221,0.0011764739658477203,0.022618517219420792,0.02264909296633206,-1.518829404421077
0.8399199599799901,0.0034647442930242356,0.0541937185479115,0.05072897425488727,-0.013498310078121252,0.0010688672228291538,0.022545433918701917,0.02257075691514561,-1.5234223224280332
0.8423961980990496,0.0034612925151484703,0.0541937185479115,0.05073242603276303,-0.013414835397671694,0.0009619930784971042,0.02247261005849477,0.02249319082576406,-1.5280150871698515
0.8448724362181091,0.0034578128694853355,0.0541937185479115,0.05073590567842617,-0.013332107813434418,0.0008558432048321601,0.022400041248177963,0.022416384978656386,-1.5326076864747435
0.8473486743371687,0.0034543051362956947,0.0541937185479115,0.05073941341161581,-0.013250117991405618,0.0007504094193977393,0.022327723130118743,0.02234032977536277,-1.5372001081717552
0.8498249124562283,0.0034507690944311914,0.0541937185479115,0.05074294945348031,-0.013168856722207412,0.000645683683227434,0.022255651379112583,0.02226501573606859,-1.5417923400929423
0.8523011505752878,0.0034472045213376212,0.0541937185479115,0.05074651402657388,-0.013088314918797854,0.0005416580987608506,0.02218382170183503,0.022190433497224882,-1.5463843700755733
0.8547773886943473,0.003443611193058714,0.0541937185479115,0.05075010735485279,-0.0130084836142264,0.00043832490782653305,0.022112229836304585,0.022116573809213304,-1.5509761859643727
0.8572536268134068,0.003439988884240297,0.0541937185479115,0.050753729663671206,-0.012929353959434578,0.0003356764896712758,0.022040871551357366,0.02204342753405542,-1.5555677756137911
0.8597298649324664,0.00343633736813493,0.0541937185479115,0.05075738117977657,-0.012850917221100225,0.00023370535903443485,0.02196974264613276,0.02197098564316462,-1.5601591268903154
0.8622061030515259,0.003432656416606915,0.0541937185479115,0.05076106213130459,-0.012773164779524806,0.00013240416426650754,0.02189883894957039,0.021899239215140247,-1.5647502276748084
0.8646823411705854,0.0034289458001378614,0.0541937185479115,0.05076477274777364,-0.012696088126562607,3.176568549083554e-05,0.02182815631991807,0.021828179433602653,-1.569341065864886
0.8671585792896449,0.0034252052878325917,0.0541937185479115,0.05076851326007891,-0.012619678863590795,-6.821716719257465e-05,0.021757690644250358,0.021757797585068194,-1.573931629377331
0.8696348174087045,0.003421434647425621,0.0541937185479115,0.05077228390048588,-0.012543928699519744,-0.00016755135546184068,0.021687437837998196,0.021688085056863662,-1.5785219061505391
0.872111055527764,0.0034176336452880623,0.0541937185479115,0.05077608490262344,-0.012468829448842547,-0.00026624371448774956,0.021617393844489,0.021619033335078957,-1.5831118841470018
0.8745872936468235,0.003413802046435037,0.0541937185479115,0.050779916501476466,-0.012394373029722664,-0.00036430095460890724,0.02154755463449702,0.021550634002556933,-1.587701551355831
0.877063531765883,0.0034099396145336677,0.0541937185479115,0.050783778933377835,-0.01232055146211948,-0.0004617296629682143,0.02147791620580461,0.021482878736920456,-1.5922908957953121
0.8795397698849426,0.003406046111911476,0.0541937185479115,0.05078767243600003,-0.012247356865950187,-0.0005585363051117693,0.02140847458277316,0.021415759308634666,-1.5968799055155039
0.8820160080040021,0.003402121299565408,0.0541937185479115,0.050791597248346095,-0.012174781459287841,-0.0006547272265508414,0.02133922581592463,0.021349267579104703,-1.601468568600869
0.8844922461230617,0.0033981649371713912,0.0541937185479115,0.05079555361074011,-0.012102817556594462,-0.0007503086542878417,0.021270165981532967,0.02128339549880755,-1.6060568731729488
0.8869684842421212,0.00339417678309447,0.0541937185479115,0.05079954176481703,-0.012031457566988752,-0.0008452866983069702,0.02120129118122573,0.021218135105457656,-1.6106448073930704
0.8894447223611807,0.0033901565943994516,0.0541937185479115,0.05080356195351205,-0.011960693992547056,-0.0009396673530306038,0.021132597541595067,0.021153478522204838,-1.615232359465105
0.8919209604802403,0.003386104126862237,0.0541937185479115,0.050807614421049266,-0.011890519426637816,-0.0010334564987417635,0.02106408121381919,0.021089417955865025,-1.6198195176382533
0.8943971985992998,0.0033820191349816855,0.0541937185479115,0.05081169941292982,-0.011820926552287957,-0.0011266599029737534,0.020995738373293,0.02102594569518187,-1.624406270209878
0.8968734367183593,0.0033779013719921758,0.0541937185479115,0.05081581717591933,-0.011751908140581049,-0.001219283221867656,0.020927565219268703,0.020963054109119528,-1.6289926055283819
0.8993496748374188,0.003373750589876705,0.0541937185479115,0.0508199679580348,-0.011683457049086382,-0.0013113320014982305,0.020859557974505765,0.020900735645185325,-1.6335785119961197
0.9018259129564784,0.003369566539380753,0.0541937185479115,0.05082415200853075,-0.011615566220318544,-0.001402811679169,0.020791712884930726,0.02083898282778234,-1.638163978072355
0.9043021510755379,0.003365348970026688,0.0541937185479115,0.050828369577884815,-0.011548228680226275,-0.001493727584677416,0.02072402621930576,0.02077778825659023,-1.6427489922762653
0.9067783891945974,0.003361097630128984,0.0541937185479115,0.05083262091778252,-0.011481437536711027,-0.0015840849415503884,0.020656494268907467,0.020717144604975216,-1.6473335431899832
0.9092546273136569,0.003356812266810033,0.0541937185479115,0.05083690628110147,-0.011415185978173575,-0.0016738888682512202,0.02058911334721423,0.02065704461842716,-1.6519176194616894
0.9117308654327165,0.003352492626016723,0.0541937185479115,0.05084122592189478,-0.01134946727208888,-0.0017631443793582882,0.020521879789603327,0.020597481113024285,-1.656501209808743
0.914207103551776,0.003348138452537723,0.0541937185479115,0.05084558009537378,-0.01128427476360823,-0.0018518563867163437,0.020454789953056975,0.02053844697392436,-1.6610843030208646
0.9166833416708355,0.0033437494900215234,0.0541937185479115,0.05084996905788998,-0.011219601874188263,-0.0019400297005609012,0.02038784021587759,0.020479935153882058,-1.6656668879633607
0.919159579789895,0.0033393254809952477,0.0541937185479115,0.050854393066916255,-0.011155442100246365,-0.00202766903061644,0.020321026977412136,0.02042193867179198,-1.6702489535804008
0.9216358179089545,0.0033348661668842136,0.0541937185479115,0.05085885238102729,-0.011091789011841963,-0.0021147789871688,0.020254346657785697,0.020364450611256992,-1.6748304888983325
0.9241120560280142,0.0033303712880323327,0.0541937185479115,0.05086334725987917,-0.01102863625138309,-0.002201364082112735,0.02018779569764386,0.020307464119181006,-1.6794114830290563
0.9265882941470737,0.0033258405837232746,0.0541937185479115,0.05086787796418823,-0.010965977532357793,-0.0022874287299748126,0.020121370557904136,0.020250972404386055,-1.6839919251734425
0.9290645322661332,0.003321273792202477,0.0541937185479115,0.050872444755709026,-0.01090380663808996,-0.002372977248912521,0.020055067719516356,0.02019496873625318,-1.6885718046248033
0.9315407703851927,0.0033166706507000362,0.0541937185479115,0.050877047897211466,-0.010842117420519187,-0.0024580138616898803,0.019988883683232105,0.02013944644338673,-1.6931511107724069
0.9340170085042523,0.0033120308954544264,0.0541937185479115,0.050881687652457076,-0.010780903799004012,-0.002542542696630406,0.019922814969382877,0.020084398912301436,-1.6977298331050545
0.9364932466233118,0.003307354261737082,0.0541937185479115,0.05088636428617442,-0.010720159759148206,-0.002626567788547699,0.019856858117667086,0.020029819586132012,-1.7023079612147023
0.9389694847423713,0.003302640483877961,0.0541937185479115,0.05089107806403354,-0.010659879351649878,-0.0027100930796543138,0.01979100968694616,0.019975701963365067,-1.7068854848001374
0.9414457228614308,0.003297889295291942,0.0541937185479115,0.05089582925261956,-0.010600056691172694,-0.0027931224204494577,0.019725266255049324,0.01992203959659264,-1.7114623936707096
0.9439219609804904,0.003293100428506203,0.0541937185479115,0.0509006181194053,-0.010540685955238863,-0.0028756595705859526,0.019659624418586975,0.019868826091286918,-1.7160386777501198
0.9463981990995499,0.0032882736151885195,0.0541937185479115,0.05090544493272298,-0.01048176138314381,-0.0029577081997170596,0.019594080792773243,0.019816055104596345,-1.7206143270802603
0.9488744372186094,0.0032834085861766227,0.0541937185479115,0.05091030996173488,-0.010423277274891719,-0.0030392718883235264,0.019528632011257097,0.019763720344162156,-1.725189331825114
0.9513506753376689,0.003278505071508453,0.0541937185479115,0.05091521347640305,-0.010365227990151995,-0.003120354128521524,0.01946327472596233,0.019711815566955403,-1.7297636822747107
0.9538269134567285,0.003273562800453454,0.0541937185479115,0.05092015574745805,-0.010307607947235928,-0.0032009583248518592,0.019398005606936167,0.019660334578133848,-1.7343373688491452
0.956303151575788,0.003268581501544951,0.0541937185479115,0.05092513704636655,-0.01025041162209348,-0.003281087795050923,0.019332821342206825,0.019609271229918766,-1.7389103821026501
0.9587793896948476,0.0032635609026135243,0.0541937185479115,0.05093015764529798,-0.01019363354732988,-0.0033607457708039034,0.019267718637649783,0.019558619420491138,-1.7434827127277315
0.961255627813907,0.0032585007308214772,0.0541937185479115,0.050935217817090025,-0.010137268311241319,-0.0034399353984807595,0.01920269421686265,0.01950837309290683,-1.748054351559369
0.9637318659329666,0.003253400712698369,0.0541937185479115,0.050940317835213134,-0.010081310556869963,-0.0035186597398552902,0.019137744821048984,0.019458526234030823,-1.7526252895792747
0.9662081040520262,0.003248260574177736,0.0541937185479115,0.05094545797373377,-0.010025754981077684,-0.0035969217728079456,0.019072867208910847,0.01940907287349003,-1.7571955179202192
0.9686843421710857,0.0032430800406348173,0.0541937185479115,0.050950638507276685,-0.009970596333638136,-0.0036747243920126184,0.01900805815654999,0.01936000708264434,-1.7617650278704209
0.9711605802901452,0.0032378588369255668,0.0541937185479115,0.050955859710985936,-0.009915829416347171,-0.003752070409608045,0.018943314457378038,0.019311322973575996,-1.7663338108779998
0.9736368184092047,0.003232596687426738,0.0541937185479115,0.050961121860484765,-0.009861449082151048,-0.003828962555854197,0.018878632922035194,0.019263014698096572,-1.7709018585555045
0.9761130565282643,0.00322729331607724,0.0541937185479115,0.05096642523183426,-0.009807450234292431,-0.0039054034797740495,0.01881401037831809,0.019215076446772,-1.7754691626845007
0.9785892946473238,0.0032219484464205903,0.0541937185479115,0.05097177010149091,-0.009753827825473496,-0.003981395749781252,0.018749443671115924,0.019167502447964502,-1.7800357152202364
0.9810655327663833,0.003216561801648754,0.0541937185479115,0.05097715674626275,-0.00970057685703649,-0.004056941854294061,0.018684929662356034,0.0191202869668924,-1.7846015082963707
0.9835417708854428,0.0032111331046471153,0.0541937185479115,0.05098258544326439,-0.009647692378160952,-0.004132044202336032,0.018620465230957804,0.019073424304706463,-1.7891665342297827
0.9860180090045024,0.0032056620780407732,0.0541937185479115,0.05098805646987073,-0.009595169485077645,-0.004206705124123813,0.01855604727279569,0.019026908797583435,-1.7937307855254476
0.9884942471235619,0.00320014844424215,0.0541937185479115,0.05099357010366935,-0.009543003320298907,-0.004280926871642573,0.018491672700670973,0.01898073481583607,-1.7982942548813945
0.9909704852426214,0.003194591925499847,0.0541937185479115,0.050999126622411656,-0.009491189071865264,-0.004354711619209324,0.018427338444292597,0.018934896763039947,-1.8028569351937305
0.9934467233616809,0.003188992243948925,0.0541937185479115,0.05100472630396258,-0.009439721972607881,-0.004428061464024789,0.018363041450266605,0.018889389075176326,-1.807418819561756
0.9959229614807406,0.0031833491216624737,0.0541937185479115,0.05101036942624903,-0.009388597299426905,-0.004500978426713963,0.018298778682094775,0.018844206219791555,-1.8119799012931481
0.9983991995998001,0.003177662280704617,0.0541937185479115,0.051016056267206886,-0.009337810372585367,-0.004573464451855986,0.018234547120182097,0.018799342695172392,-1.8165401739092295
1.0008754377188596,0.0031719314431848528,0.0541937185479115,0.05102178710472665,-0.009287356555018427,-0.004645521408503673,0.01817034376185317,0.018754793029537337,-1.821099631150322
1.003351675837919,0.0031661563313138616,0.0541937185479115,0.05102756221659764,-0.009237231251657834,-0.004717151090693048,0.018106165621377703,0.018710551780243855,-1.8256582669811776
1.0058279139569786,0.00316033666746076,0.0541937185479115,0.05103338188045074,-0.009187429908771381,-0.004788355217943414,0.018042009730004888,0.0186666135330112,-1.8302160755965033
1.008304152076038,0.0031544721742117685,0.0541937185479115,0.051039246373699734,-0.009137948013317286,-0.0048591354357482176,0.017977873136007037,0.018622972901159135,-1.834773051426563
1.0107803901950976,0.0031485625744304274,0.0541937185479115,0.051045155973481075,-0.009088781092313083,-0.004929493316057326,0.017913752904731968,0.018579624524861824,-1.8393291891428813
1.013256628314157,0.003142607591319256,0.0541937185479115,0.05105111095659225,-0.00903992471221918,-0.004999430357750816,0.017849646118664776,0.018536563070417476,-1.8438844836640247
1.0157328664332166,0.003136606948482945,0.0541937185479115,0.05105711159942856,-0.008991374478336669,-0.005068947987104993,0.017785549877498547,0.018493783229533226,-1.8484389301614832
1.0182091045522763,0.0031305603699931517,0.0541937185479115,0.05106315817791835,-0.008943126034219335,-0.00513804755825086,0.01772146129821423,0.018451279718625275,-1.8529925240656466
1.0206853426713358,0.003124467580454794,0.0541937185479115,0.05106925096745671,-0.00889517506109986,-0.005206730353625447,0.01765737751516978,0.01840904727813441,-1.8575452610718701
1.0231615807903953,0.003118328305073928,0.0541937185479115,0.051075390242837575,-0.008847517277329736,-0.005274997584416482,0.01759329568019838,0.018367080671856554,-1.8620971371466448
1.0256378189094548,0.0031121422697272735,0.0541937185479115,0.05108157627818423,-0.00880014843783303,-0.005342850391000775,0.01752921296271575,0.018325374686288382,-1.8666481485338682
1.0281140570285143,0.0031059092010333397,0.0541937185479115,0.05108780934687816,-0.008753064333573958,-0.005410289843376643,0.017465126549837135,0.018283924129988357,-1.8711982917612089
1.0305902951475738,0.0030996288264251784,0.0541937185479115,0.051094089721486324,-0.008706260791037727,-0.005477316941590893,0.017401033646503028,0.01824272383295239,-1.8757475636465843
1.0330665332666333,0.0030933008742248178,0.0541937185479115,0.051100417673686685,-0.008659733671724946,-0.005543932616160692,0.017336931475614492,0.018201768646004785,-1.8802959613047412
1.0355427713856928,0.0030869250737193613,0.0541937185479115,0.05110679347419214,-0.008613478871659256,-0.00561013772849075,0.01727281727817768,0.01816105344020409,-1.8848434821539424
1.0380190095047526,0.003080501155238821,0.0541937185479115,0.05111321739267268,-0.008567492320908263,-0.005675933071286228,0.01720868831345783,0.01812057310626407,-1.8893901239227675
1.040495247623812,0.0030740288502356175,0.0541937185479115,0.051119689697675885,-0.008521769983117338,-0.005741319368961707,0.017144541859142336,0.018080322553989423,-1.8939358846570227
1.0429714857428716,0.0030675078913658185,0.0541937185479115,0.051126210656545684,-0.008476307855056507,-0.0058062972780467716,0.01708037521151337,0.018040296711726606,-1.8984807627267721
1.045447723861931,0.0030609380125722133,0.0541937185479115,0.05113278053533929,-0.008431101966180323,-0.005870867387588439,0.017016185685629997,0.018000490525829808,-1.9030247568334788
1.0479239619809906,0.0030543189491689937,0.0541937185479115,0.05113939959874251,-0.008386148378200235,-0.005935030219550926,0.016951970615519375,0.017960898960141584,-1.9075678660172704
1.05040020010005,0.003047650437928394,0.0541937185479115,0.05114606810998311,-0.008341443184669901,-0.00599878622921322,0.016887727354377623,0.01792151699548876,-1.9121100896643288
1.0528764382191096,0.003040932217169029,0.0541937185479115,0.051152786330742474,-0.008296982510583006,-0.0060621358055646815,0.016823453274780107,0.017882339629193347,-1.9166514275143989
1.0553526763381693,0.003034164026846052,0.0541937185479115,0.05115955452106545,-0.008252762511983605,-0.0061250792716993265,0.016759145768901078,0.01784336187459851,-1.921191879668431
1.0578289144572288,0.003027345608643185,0.0541937185479115,0.05116637293926832,-0.008208779375588856,-0.006187616885208925,0.01669480224874272,0.017804578760609518,-1.9257314465963506
1.0603051525762883,0.0030204767060665674,0.0541937185479115,0.051173241841844935,-0.008165029318424239,-0.0062497488385756346,0.016630420146373892,0.017765985331250168,-1.930270129144962
1.0627813906953478,0.0030135570645404633,0.0541937185479115,0.05118016148337104,-0.00812150858747094,-0.006311475259564289,0.016565996914177986,0.01772757664523402,-1.9348079285459905
1.0652576288144073,0.003006586431504865,0.0541937185479115,0.05118713211640664,-0.008078213459325549,-0.00637279621161493,0.016501530025110664,0.017689347775551315,-1.939344846424257
1.0677338669334668,0.0029995645565149276,0.0541937185479115,0.051194153991396575,-0.008035140239871884,-0.006433711694235957,0.016437016972966664,0.017651293809070843,-1.943880884806002
1.0702101050525263,0.0029924911913423793,0.0541937185479115,0.05120122735656912,-0.00799228526396488,-0.006494221643398277,0.016372455272656374,0.01761340984615745,-1.9484160461273488
1.0726863431715858,0.002985366090078767,0.0541937185479115,0.051208352457832736,-0.007949644895126576,-0.006554325931930956,0.0163078424604917,0.017575691000304896,-1.9529503332429203
1.0751625812906456,0.0029781890092406282,0.0541937185479115,0.051215529538670874,-0.007907215525253985,-0.00661402436991864,0.016243176094481414,0.017538132397784265,-1.957483749434602
1.077638819409705,0.0029709597078766622,0.0541937185479115,0.05122275884003484,-0.007864993574338994,-0.0066733167051013145,0.016178453754636016,0.017500729177308025,-1.9620162984204612
1.0801150575287646,0.0029636779476767544,0.0541937185479115,0.05123004060023475,-0.007822975490200045,-0.006732202623276798,0.016113673043281956,0.01746347648970979,-1.9665479843638276
1.082591295647824,0.002956343493082929,0.0541937185479115,0.051237375054828574,-0.007781157748225643,-0.006790681748706262,0.016048831585385226,0.017426369497639798,-1.9710788118825306
1.0850675337668836,0.002948956111402397,0.0541937185479115,0.051244762436509106,-0.007739536851129699,-0.0068487536445233695,0.015983927028884494,0.017389403375276464,-1.9756087860583025
1.087543771885943,0.0029415155729223194,0.0541937185479115,0.05125220297498918,-0.0076981093287184325,-0.00690641781314738,0.015918957045033284,0.0173525733080536,-1.9801379124463565
1.0900200100050026,0.002934021651026804,0.0541937185479115,0.0512596968968847,-0.007656871737669181,-0.006963673696700598,0.01585391932875194,0.017315874492404192,-1.9846661970851254
1.092496248124062,0.0029264741223156074,0.0541937185479115,0.051267244425595895,-0.00761582066132058,-0.007020520677430711,0.01578881159898836,0.01727930213551987,-1.9891936465061892
1.0949724862431216,0.0029188727667250197,0.0541937185479115,0.05127484578118648,-0.007574952709474529,-0.007076958078138311,0.015723631599088437,0.017242851455127124,-1.9937202677443733
1.0974487243621813,0.0029112173676505426,0.0541937185479115,0.05128250118026096,-0.007534264518209612,-0.007132985162610161,0.015658377097175387,0.017206517679279658,-1.9982460683480363
1.0999249624812408,0.0029035077120716443,0.0541937185479115,0.05129021083583986,-0.0074937527497060214,-0.007188601136058501,0.01559304588653839,0.017170296046167443,-2.0027710563895442
1.1024012006003003,0.0028957435906784637,0.0541937185479115,0.05129797495723304,-0.0074534140920819525,-0.007243805145566927,0.01552763578603029,0.017134181803942387,-2.007295240475935
1.1048774387193598,0.002887924798000416,0.0541937185479115,0.05130579374991109,-0.007413245259241474,-0.007298596280543264,0.015462144640474327,0.017098170210560804,-2.011818629759787
1.1073536768384193,0.0028800511325368233,0.0541937185479115,0.05131366741537468,-0.007373242990733646,-0.0073529735731797646,0.015396570321079765,0.017062256533642736,-2.016341233950281
1.1098299149574788,0.0028721223968894774,0.0541937185479115,0.051321596151022025,-0.0073334040516232196,-0.007406935998921206,0.015330910725866662,0.017026436050348537,-2.0208630633244695
1.1123061530765384,0.002864138397897148,0.0541937185479115,0.051329580150014355,-0.0072937252323724035,-0.007460482476941227,0.015265163780099133,0.016990704047272365,-2.0253841287387626
1.1147823911955979,0.0028560989467720233,0.0541937185479115,0.05133761960113948,-0.007254203348734105,-0.007513611870627322,0.015199327436727639,0.016955055820353213,-2.0299044416406207
1.1172586293146576,0.002848003859238085,0.0541937185479115,0.05134571468867342,-0.007214835241656245,-0.007566322988075066,0.01513339967683967,0.016919486674803235,-2.034424014080476
1.119734867433717,0.002839852955671421,0.0541937185479115,0.05135386559224008,-0.007175617777197475,-0.007618614582591754,0.015067378510119309,0.01688399192505389,-2.038942858723867
1.1222111055527766,0.0028316460612424,0.0541937185479115,0.0513620724866691,-0.007136547846453814,-0.00767048535321016,0.015001261975314756,0.016848566894719443,-2.0434609888638233
1.124687343671836,0.0028233830060597834,0.0541937185479115,0.05137033554185172,-0.007097622365496675,-0.007721933945212643,0.014935048140714752,0.016813206916578838,-2.047978418433462
1.1271635817908956,0.002815063625316673,0.0541937185479115,0.05137865492259483,-0.007058838275321763,-0.007772958950666128,0.014868735104632725,0.01677790733257513,-2.052495162018846
1.129639819909955,0.0028066877594383408,0.0541937185479115,0.05138703078847316,-0.007020192541809184,-0.007823558908968372,0.014802320995899359,0.016742663493833392,-2.0570112348720744
1.1321160580290146,0.002798255254231885,0.0541937185479115,0.05139546329367962,-0.0069816821556944915,-0.007873732307405927,0.014735803974362957,0.016707470760696813,-2.061526652924636
1.134592296148074,0.0027897659610376865,0.0541937185479115,0.051403952586873816,-0.006943304132550704,-0.00792347758172425,0.014669182231397643,0.01667232450278122,-2.066041432801015
1.1370685342671336,0.0027812197368826883,0.0541937185479115,0.051412498811028814,-0.006905055512781269,-0.007972793116710357,0.014602453990419244,0.016637220099048246,-2.0705555918325604
1.1395447723861933,0.0027726164446353965,0.0541937185479115,0.051421102103276106,-0.006866933361623955,-0.008021677246788483,0.01453561750740874,0.01660215293789729,-2.075069148071632
1.1420210105052528,0.0027639559531626515,0.0541937185479115,0.05142976259474885,-0.006828934769165485,-0.008070128256629085,0.014468671071442885,0.016567118417276174,-2.079582120306014
1.1444972486243123,0.0027552381374881113,0.0541937185479115,0.05143848041042339,-0.006791056850367095,-0.008118144381771818,0.014401613005232213,0.016532111944811134,-2.0840945280736234
1.1469734867433719,0.0027464628789523673,0.0541937185479115,0.051447255668959135,-0.006753296745100699,-0.008165723809262495,0.014334441665665852,0.016497128937955647,-2.088606391677495
1.1494497248624314,0.0027376300653747104,0.0541937185479115,0.05145608848253679,-0.006715651618195837,-0.008212864678304937,0.014267155444363131,0.016462164824158743,-2.0931177322010766
1.1519259629814909,0.0027287395912165696,0.0541937185479115,0.05146497895669493,-0.006678118659497248,-0.008259565080927728,0.014199752768231943,0.016427215041052802,-2.097628571523816
1.1544022011005504,0.002719791357746408,0.0541937185479115,0.051473927190165095,-0.006640695083933056,-0.008305823062666511,0.01413223210003333,0.016392275036660877,-2.1021389323370667
1.1568784392196099,0.002710785273206215,0.0541937185479115,0.05148293327470529,-0.006603378131593347,-0.00835163662326206,0.01406459193895215,0.016357340269623603,-2.1066488381603112
1.1593546773386694,0.002701721252979447,0.0541937185479115,0.051491997294932056,-0.006566165067819409,-0.008397003717374694,0.013996830821173901,0.016322406209446208,-2.1111583133577048
1.161830915457729,0.002692599219760436,0.0541937185479115,0.05150111932815107,-0.006529053183303172,-0.00844192225531524,0.013928947320466994,0.016287468336765275,-2.1156673831549573
1.1643071535767886,0.002683419103725125,0.0541937185479115,0.05151029944418638,-0.006492039794197147,-0.008486390103793104,0.013860940048770599,0.016252522143635744,-2.1201760736565567
1.166783391695848,0.00267418084270319,0.0541937185479115,0.05151953770520831,-0.006455122242234455,-0.008530405086681691,0.01379280765678752,0.016217563133837997,-2.12468441186334
1.1692596298149076,0.0026648843823514207,0.0541937185479115,0.05152883416556008,-0.006418297894859183,-0.008573964985801616,0.013724548834582118,0.016182586823205412,-2.129192425690422
1.1717358679339671,0.0026555296763283304,0.0541937185479115,0.05153818887158317,-0.006381564145366746,-0.008617067541722073,0.013656162312182689,0.01614758873997226,-2.1337001439854935
1.1742121060530266,0.0026461166864699057,0.0541937185479115,0.0515476018614416,-0.006344918413054282,-0.008659710454580673,0.013587646860188225,0.01611256442514216,-2.13820759654749
1.1766883441720861,0.0026366453829665334,0.0541937185479115,0.05155707316494497,-0.0063083581433810015,-0.008701891384922146,0.013519001290379194,0.016077509432877238,-2.142714814145651
1.1791645822911456,0.002627115744540845,0.0541937185479115,0.05156660280337066,-0.006271880808138314,-0.008743607954556221,0.01345022445633192,0.01604241933090792,-2.1472218285389664
1.1816408204102054,0.002617527758626656,0.0541937185479115,0.05157619078928485,-0.006235483905629747,-0.008784857747435044,0.013381315254036416,0.01600728970096366,-2.1517286724960307
1.1841170585292649,0.002607881421548726,0.0541937185479115,0.05158583712636278,-0.006199164960860493,-0.008825638310550422,0.013312272622517227,0.01597211613922454,-2.1562353798153047
1.1865932966483244,0.002598176738703384,0.0541937185479115,0.05159554180920812,-0.006162921525736393,-0.008865947154851254,0.013243095544456797,0.015936894256793777,-2.1607419853458087
1.1890695347673839,0.0025884137247399047,0.0541937185479115,0.0516053048231716,-0.006126751179272474,-0.00890578175618139,0.013173783046821364,0.015901619680191426,-2.1652485250082387
1.1915457728864434,0.002578592403742537,0.0541937185479115,0.051615126144168966,-0.006090651527810617,-0.00894513955623825,0.01310433420148854,0.015866288051868984,-2.1697550358165336
1.1940220110055029,0.0025687128094131415,0.0541937185479115,0.05162500573849836,-0.0060546202052465465,-0.008984017963552516,0.013034748125876666,0.015830895030745404,-2.1742615558998897
1.1964982491245624,0.00255877498525435,0.0541937185479115,0.05163494356265715,-0.00601865487326575,-0.009022414354489097,0.012965023983575083,0.01579543629276406,-2.1787681245252513
1.1989744872436219,0.002548778984753121,0.0541937185479115,0.05164493956315838,-0.0059827532215883245,-0.009060326074269643,0.012895160984975295,0.015759907531471096,-2.183274782120264
1.2014507253626814,0.002538724871564639,0.0541937185479115,0.051654993676346864,-0.00594691296822264,-0.009097750438016904,0.01282515838790241,0.015724304458615022,-2.187781570296728
1.203926963481741,0.00252861271969642,0.0541937185479115,0.05166510582821508,-0.005911131859727469,-0.00913468473182107,0.01275501549824629,0.015688622804767408,-2.192288531874546
1.2064032016008006,0.002518442613692641,0.0541937185479115,0.05167527593421886,-0.005875407671482765,-0.009171126213828422,0.012684731670592406,0.015652858319965105,-2.196795710906186
1.2088794397198601,0.0025082146488184034,0.0541937185479115,0.0516855038990931,-0.005839738207968545,-0.009207072115352365,0.012614306308851422,0.015617006774373502,-2.201303152701664
1.2113556778389196,0.002497928931243995,0.0541937185479115,0.05169578961666751,-0.005804121303052007,-0.009242519642007169,0.012543738866887297,0.015581063958971074,-2.2058109038540765
1.2138319159579791,0.002487585578228986,0.0541937185479115,0.05170613296968252,-0.005768554820282575,-0.009277465974864424,0.012473028849143574,0.015545025686255232,-2.2103190122656686
1.2163081540770386,0.002477184718306019,0.0541937185479115,0.051716533829605484,-0.005733036653194651,-0.009311908271632509,0.012402175811266958,0.015508887790969188,-2.21482752717448
1.2187843921960981,0.0024667264914642537,0.0541937185479115,0.05172699205644725,-0.005697564725618014,-0.009345843667859144,0.012331179360728048,0.015472646130850025,-2.2193364991815634
1.2212606303151576,0.0024562110493322187,0.0541937185479115,0.051737507498579284,-0.0056621369919955325,-0.009379269278157108,0.012260039157438448,0.015436296587397697,-2.223845980278798
1.2237368684342174,0.0024456385553601814,0.0541937185479115,0.05174807999255132,-0.005626751437708055,-0.009412182197453281,0.012188754914363943,0.015399835066665086,-2.2283560238773097
1.2262131065532769,0.002435009185001648,0.0541937185479115,0.051758709362909855,-0.005591406079406276,-0.009444579502261043,0.012117326398133,0.015363257500068802,-2.232866684836515
1.2286893446723364,0.002424323125894051,0.0541937185479115,0.05176939542201745,-0.0055560989653492855,-0.009476458251976128,0.012045753429640134,0.015326559845220763,-2.2373780194938058
1.2311655827913959,0.0024135805780384698,0.0541937185479115,0.05178013796987303,-0.005520828175749675,-0.009507815490195925,0.01197403588464366,0.015289738086780415,-2.2418900856948816
1.2336418209104554,0.0024027817539781574,0.0541937185479115,0.051790936793933345,-0.005485591823124821,-0.009538648246062235,0.011902173694356998,0.015252788237327295,-2.24640294282476
1.2361180590295149,0.002391926878975874,0.0541937185479115,0.05180179166893563,-0.005450388052654283,-0.009568953535627582,0.011830166846033253,0.015215706338254033,-2.250916651839471
1.2385942971485744,0.0023810161911898137,0.0541937185479115,0.05181270235672169,-0.005415215042542861,-0.009598728363244866,0.011758015383542262,0.015178488460679408,-2.255431275298455
1.241070535267634,0.0023700499418479737,0.0541937185479115,0.05182366860606353,-0.0053800710043892,-0.009627969722980467,0.011685719407939507,0.015141130706381298,-2.2599468773976845
1.2435467733866934,0.0023590283954209035,0.0541937185479115,0.0518346901524906,-0.00534495418355962,-0.009656674600050676,0.011613279078026475,0.01510362920874951,-2.264463524003527
1.2460230115057531,0.0023479518297925828,0.0541937185479115,0.05184576671811892,-0.005309862859566848,-0.009684839972281244,0.011540694610901516,0.015065980133757905,-2.2689812826873617
1.2484992496248126,0.0023368205364293695,0.0541937185479115,0.05185689801148213,-0.005274795346453426,-0.009712462811590095,0.01146796628250088,0.015028179680955961,-2.273500222760981
1.2509754877438721,0.0023256348205468666,0.0541937185479115,0.051868083727364636,-0.00523974999317948,-0.009739540085492972,0.01139509442812902,0.01499022408447924,-2.2780204153127865
1.2534517258629316,0.0023143950012744427,0.0541937185479115,0.05187932354663706,-0.005204725184014477,-0.009766068758631723,0.011322079442977698,0.014952109614078567,-2.2825419332448
1.2559279639819911,0.002303101411817443,0.0541937185479115,0.05189061713609406,-0.005169719338932796,-0.00979204579432524,0.011248921782633179,0.014913832576167732,-2.2870648513105123
1.2584042021010506,0.0022917543996167286,0.0541937185479115,0.051901964148294774,-0.005134730914012609,-0.009817468156142628,0.011175621963570666,0.014875389314889126,-2.2915892461536016
1.2608804402201101,0.002280354326505571,0.0541937185479115,0.05191336422140593,-0.005099758401837895,-0.009842332809498436,0.01110218056363562,0.014836776213197324,-2.296115196347517
1.2633566783391696,0.002268901568863585,0.0541937185479115,0.05192481697904792,-0.005064800331903168,-0.009866636723269649,0.011028598222511003,0.01479798969395999,-2.3006427824359768
1.2658329164582294,0.002257396517767657,0.0541937185479115,0.051936322030143846,-0.005029855271020527,-0.009890376871434034,0.010954875642169825,0.0147590262210758,-2.3051720869743897
1.2683091545772889,0.0022458395791396316,0.0541937185479115,0.05194787896877187,-0.004994921823728815,-0.009913550234729633,0.010881013587312421,0.014719882300609116,-2.3097031945722213
1.2707853926963484,0.0022342311738906273,0.0541937185479115,0.051959487374020875,-0.004959998632704288,-0.009936153802334882,0.010807012885787465,0.014680554481940737,-2.3142361919363443
1.2732616308154079,0.002222571738061757,0.0541937185479115,0.051971146809849746,-0.004925084379172681,-0.009958184573569026,0.01073287442899637,0.014641039358934606,-2.318771167915375
1.2757378689344674,0.002210861722961227,0.0541937185479115,0.051982856824950276,-0.004890177783322092,-0.009979639559612393,0.010658599172280079,0.014601333571119804,-2.3233082135450425
1.278214107053527,0.0021991015952974036,0.0541937185479115,0.0519946169526141,-0.004855277604716318,-0.010000515785245925,0.010584188135287607,0.014561433804887343,-2.3278474220946053
1.2806903451725864,0.0021872918373079184,0.0541937185479115,0.052006426710603584,-0.0048203826427083065,-0.01002081029060961,0.010509642402325658,0.014521336794701406,-2.33238888911434
1.283166583291646,0.0021754329468844993,0.0541937185479115,0.052018285601027,-0.004785491736853321,-0.010040520132979259,0.010434963122688585,0.014481039324324499,-2.3369327124841424
1.2856428214107054,0.002163525437693395,0.0541937185479115,0.05203019311021811,-0.004750603767321228,-0.010059642388560868,0.010360151510967856,0.014440538228055773,-2.341478992463253
1.2881190595297651,0.0021515698392911772,0.0541937185479115,0.052042148708620325,-0.004715717655307736,-0.01007817415430223,0.010285208847340448,0.01439983039198225,-2.3460278317411474
1.2905952976488246,0.002139566697235834,0.0541937185479115,0.05205415185067567,-0.00468083236344395,-0.01009611254972092,0.010210136477835356,0.014358912755242176,-2.3505793354896163
1.2930715357678841,0.002127516573192871,0.0541937185479115,0.05206620197471863,-0.004645946896203863,-0.010113454718748163,0.010134935814577476,0.014317782311299983,-2.3551336114160675
1.2955477738869436,0.0021154200450363148,0.0541937185479115,0.05207829850287519,-0.004611060300309334,-0.010130197831587667,0.010059608336008156,0.014276436109232174,-2.359690769818079
1.2980240120060031,0.002103277706944441,0.0541937185479115,0.05209044084096706,-0.004576171665132184,-0.010146339086588957,0.00998415558708177,0.014234871255023663,-2.3642509236392373
1.3005002501250627,0.0020910901694899744,0.0541937185479115,0.05210262837842153,-0.004541280123092711,-0.010161875712134116,0.009908579179437394,0.014193084912873645,-2.368814188526292
1.3029764882441222,0.0020788580597247072,0.0541937185479115,0.052114860488186796,-0.004506384850054427,-0.01017680496853736,0.00983288079154512,0.014151074306510573,-2.3733806828876594
1.3054527263631817,0.0020665820212582564,0.0541937185479115,0.052127136526653246,-0.004471485065714362,-0.010191124149956553,0.009757062168826028,0.0141088367205154,-2.3779505279533213
1.3079289644822414,0.002054262714330804,0.0541937185479115,0.0521394558335807,-0.00443658003398849,-0.010204830586315628,0.009681125123745363,0.014066369501652395,-2.3825238478361297
1.310405202601301,0.002041900815879731,0.0541937185479115,0.05215181773203177,-0.004401669063391845,-0.010217921645237226,0.009605071535878036,0.014023670060206845,-2.387100769594579
1.3128814407203604,0.002029497019599813,0.0541937185479115,0.05216422152831169,-0.004366751507412743,-0.010230394733984467,0.00952890335194579,0.013980735871328835,-2.3916814232970744
1.31535767883942,0.0020170520359969885,0.0541937185479115,0.052176666511914514,-0.004331826764880675,-0.01024224730141084,0.009452622585825427,0.013937564476382329,-2.3962659420877257
1.3178339169584794,0.002004566592435371,0.0541937185479115,0.05218915195547613,-0.004296894280327364,-0.010253476839917322,0.009376231318527342,0.01389415348429885,-2.4008544622537173
1.320310155077539,0.0019920414331774453,0.0541937185479115,0.05220167711473406,-0.004261953544340424,-0.010264080887415584,0.009299731698143696,0.013850500572934847,-2.4054471232942958
1.3227863931965984,0.0019794773194172152,0.0541937185479115,0.05221424122849429,-0.0042270040939091785,-0.010274057029296183,0.00922312593976565,0.013806603490431972,-2.4100440679914015
1.325262631315658,0.001966875029306203,0.0541937185479115,0.0522268435186053,-0.004192045512762097,-0.010283402900400723,0.00914641632536895,0.01376246005657948,-2.4146454424820027
1.3277388694347174,0.0019542353579720603,0.0541937185479115,0.05223948318993944,-0.0041570774316952745,-0.010292116186996719,0.00906960520366721,0.013718068164177753,-2.419251396332173
1.3302151075537771,0.001941559117529676,0.0541937185479115,0.05225215943038183,-0.004122099528891531,-0.01030019462875407,0.008992694989932404,0.013673425780402275,-2.4238620826129442
1.3326913456728366,0.0019288471370847021,0.0541937185479115,0.0522648714108268,-0.004087111530229594,-0.010307636020721895,0.00891568816578193,0.013628530948167064,-2.4284776579779934
1.3351675837918962,0.001916100262729134,0.0541937185479115,0.05227761828518237,-0.0040521132095826945,-0.010314438215304455,0.008838587278931446,0.013583381787486566,-2.4330982827432117
1.3376438219109557,0.0019033193575290555,0.0541937185479115,0.05229039919038245,-0.0040171043891063,-0.010320599124234994,0.008761394942913349,0.013537976496835401,-2.43772412096819
1.3401200600300152,0.001890505301504218,0.0541937185479115,0.052303213246407285,-0.003982084939514237,-0.010326116720546065,0.008684113836759974,0.013492313354504744,-2.442355340539682
1.3425962981490747,0.001877658991599404,0.0541937185479115,0.0523160595563121,-0.003947054780342806,-0.010330989040535064,0.008606746704651171,0.013446390719954533,-2.44699211325709
1.3450725362681342,0.001864781341647366,0.0541937185479115,0.05232893720626414,-0.0039120138802023205,-0.010335214185723704,0.008529296355525719,0.013400207035160643,-2.4516346149200334
1.3475487743871937,0.0018518732823233353,0.0541937185479115,0.05234184526558817,-0.0038769622570155797,-0.010338790324809907,0.008451765662656171,0.013353760825955992,-2.456283025418033
1.3500250125062534,0.0018389357610908083,0.0541937185479115,0.052354782786820694,-0.0038418999782426425,-0.010341715695610678,0.008374157563186501,0.013307050703364512,-2.4609375288223894
1.352501250625313,0.0018259697421386806,0.0541937185479115,0.05236774880577282,-0.003806827161091637,-0.010343988606994812,0.008296475057632424,0.013260075364927433,-2.465598313480293
1.3549774887443724,0.0018129762063094149,0.0541937185479115,0.05238074234160209,-0.0037717439727147925,-0.010345607440803628,0.008218721209343641,0.013212833596020438,-2.4702655721112325
1.357453726863432,0.0017999561510182588,0.0541937185479115,0.052393762396893244,-0.0037366506303893204,-0.010346570653758306,0.008140899143927854,0.013165324271160883,-2.4749395019057525
1.3599299649824914,0.0017869105901634624,0.0541937185479115,0.05240680795774804,-0.0037015474016827764,-0.01034687677935269,0.00806301204863626,0.013117546355304462,-2.4796203046266267
1.362406203101551,0.0017738405540271979,0.0541937185479115,0.052419877993884305,-0.0036664346046021462,-0.010346524429729512,0.007985063171710029,0.013069498905129815,-2.4843081867125005
1.3648824412206104,0.0017607470891672847,0.0541937185479115,0.05243297145874422,-0.0036313126077263196,-0.010345512297538838,0.00790705582168753,0.013021181070310405,-2.4890033593840695
1.36735867933967,0.0017476312582995618,0.0541937185479115,0.05244608728961194,-0.003596181830321429,-0.010343839157777075,0.00782899336667215,0.01297259209477269,-2.493706038752859
1.3698349174587294,0.0017344941401708294,0.0541937185479115,0.05245922440774067,-0.003561042742438673,-0.01034150386960506,0.007750879233560512,0.012923731317939724,-2.498416445932659
1.3723111555777892,0.0017213368294222778,0.0541937185479115,0.052472381718489225,-0.003525895864993844,-0.010338505378143377,0.007672716907230532,0.012874598175958766,-2.5031348071537005
1.3747873936968487,0.0017081604364434025,0.0541937185479115,0.0524855581114681,-0.003490741769828587,-0.010334842716243738,0.007594509929689871,0.012825192202912762,-2.5078613538796115
1.3772636318159082,0.001694966087216268,0.0541937185479115,0.052498752460695235,-0.003455581079752439,-0.010330515006234373,0.007516261899183822,0.012775513032013859,-2.5125963229272603
1.3797398699349677,0.0016817549231501819,0.0541937185479115,0.05251196362476132,-0.0034204144685655706,-0.010325521461638138,0.007437976469263294,0.01272556039677877,-2.5173399565895163
1.3822161080540272,0.001668528100906612,0.0541937185479115,0.05252519044700489,-0.0033852426610616257,-0.010319861388861595,0.007359657347812409,0.012675334132184664,-2.52209250276103
1.3846923461730867,0.0016552867922144526,0.0541937185479115,0.05253843175569705,-0.0033500664330102705,-0.010313534188853364,0.007281308296035834,0.012624834175804745,-2.526854215067091
1.3871685842921462,0.0016420321836755278,0.0541937185479115,0.052551686364235975,-0.003314886611119056,-0.010306539358730268,0.007202933127405917,0.012574060568922742,-2.531625352995643
1.3896448224112057,0.0016287654765603649,0.0541937185479115,0.05256495307135114,-0.0032797040729742478,-0.010298876493369573,0.007124535706569681,0.012523013457625394,-2.5364061820325334
1.3921210605302654,0.0016154878865941927,0.0541937185479115,0.05257823066131731,-0.0032445197469601443,-0.010290545286965633,0.0070461199482157524,0.012471693093872001,-2.5411969738000706
1.394597298649325,0.001602200643733273,0.0541937185479115,0.05259151790417823,-0.0032093346121566174,-0.010281545534549397,0.006967689815901483,0.01242009983654036,-2.5459980061989698
1.3970735367683844,0.0015889049919314696,0.0541937185479115,0.05260481355598003,-0.0031741496982144804,-0.010271877133469177,0.006889249320840282,0.012368234152448167,-2.5508095635537753
1.399549774887444,0.0015756021888971225,0.0541937185479115,0.05261811635901438,-0.0031389660852083274,-0.010261540084830866,0.006810802520649677,0.012316096617349129,-2.5556319367618214
1.4020260130065034,0.0015622935058403342,0.0541937185479115,0.05263142504207117,-0.00310378490346664,-0.010250534494896355,0.006732353518060079,0.012263687916903137,-2.5604654234458426
1.404502251125563,0.0015489802272105682,0.0541937185479115,0.052644738320700935,-0.00306860733337871,-0.010238860576438155,0.006653906459584849,0.012211008847619612,-2.5653103281102863
1.4069784892446224,0.0015356636504248108,0.0541937185479115,0.05265805489748669,-0.0030334346051782233,-0.010226518650048954,0.006575465534151826,0.012158060317773459,-2.5701669623014425
1.409454727363682,0.0015223450855861576,0.0541937185479115,0.052671373462325345,-0.0029982679987031998,-0.0102135091454044,0.00649703497169694,0.012104843348292963,-2.5750356447714533
1.4119309654827414,0.0015090258551931218,0.0541937185479115,0.05268469269271838,-0.0029631088431320406,-0.010199832602477577,0.006418619041720189,0.012051359073618937,-2.5799167016463054
1.4144072036018012,0.0014957072938395072,0.0541937185479115,0.052698011254071996,-0.0029279585166954655,-0.010185489672703668,0.006340222051804532,0.011997608742534553,-2.584810466597887
1.4168834417208607,0.0014823907479052031,0.0541937185479115,0.0527113278000063,-0.0028928184463642035,-0.01017048112009333,0.006261848346098426,0.01194359371896543,-2.5897172810201976
1.4193596798399202,0.001469077575237808,0.0541937185479115,0.052724640972673695,-0.002857690107512173,-0.010154807822293296,0.006183502303762316,0.011889315482749331,-2.594637494209807
1.4218359179589797,0.0014557691448253349,0.0541937185479115,0.05273794940308617,-0.0028225750235549765,-0.010138470771592585,0.006105188337379896,0.011834775630374944,-2.5995714635506473
1.4243121560780392,0.0014424668364600227,0.0541937185479115,0.05275125171145148,-0.0027874747655637928,-0.010121471075873313,0.006026910891334897,0.011779975875689698,-2.604519554703234
1.4267883941970987,0.0014291720403935282,0.0541937185479115,0.052764546507517975,-0.0027523909518542347,-0.010103809959504226,0.005948674440153896,0.01172491805057575,-2.609482141798407
1.4292646323161582,0.0014158861569835007,0.0541937185479115,0.052777832390928,-0.002717325247550355,-0.010085488764175952,0.005870483486816209,0.011669604105594207,-2.6144596076356805
1.4317408704352177,0.0014026105963318575,0.0541937185479115,0.052791107951579645,-0.0026822793641236194,-0.010066508949676527,0.005792342561031431,0.011614036110597116,-2.619452343886299
1.4342171085542774,0.0013893467779147878,0.0541937185479115,0.052804371769996715,-0.002647255058906793,-0.010046872094605929,0.005714256217485691,0.011558216255307098,-2.62446075130109
1.436693346673337,0.0013760961302048125,0.0541937185479115,0.05281762241770669,-0.002612254134582836,-0.010026579897028393,0.0056362290340574335,0.011502146849864416,-2.6294852399232
1.4391695847923964,0.0013628600902849397,0.0541937185479115,0.05283085845762656,-0.00257727843864867,-0.010005634175061283,0.005558265610003655,0.011445830325341346,-2.6345262293058163
1.441645822911456,0.0013496401034553199,0.0541937185479115,0.05284407844445618,-0.0025423298628540064,-0.009984036867399468,0.005480370564117739,0.01138926923422394,-2.6395841487349494
1.4441220610305154,0.0013364376228324065,0.0541937185479115,0.052857280925079096,-0.002507410342615201,-0.009961790033774027,0.005402548532859723,0.011332466250861031,-2.6446594374573835
1.446598299149575,0.001323254108941005,0.0541937185479115,0.0528704644389705,-0.002472521856404282,-0.009938895855344233,0.005324804168460309,0.011275424171880676,-2.6497525449138655
1.4490745372686344,0.0013100910292993886,0.0541937185479115,0.052883627518612114,-0.002437666425113229,-0.00991535663502189,0.005247142136999502,0.011218145916574107,-2.6548639309776343
1.451550775387694,0.0012969498579976924,0.0541937185479115,0.05289676868991381,-0.002402846111393642,-0.009891174797726934,0.00516956711646124,0.011160634527247356,-2.6599940661983594
1.4540270135067535,0.0012838320752699486,0.0541937185479115,0.052909886472641554,-0.0023680630189720654,-0.00986635289057367,0.005092083794765124,0.011102893169541037,-2.665143432051588
1.4565032516258132,0.0012707391670599075,0.0541937185479115,0.052922979380851595,-0.002333319291941074,-0.009840893582986593,0.0050146968677764955,0.011044925132718379,-2.6703125211937615
1.4589794897448727,0.0012576726245810063,0.0541937185479115,0.052936045923330496,-0.0022986171140263086,-0.00981479966674503,0.0049374110372961705,0.010986733829921993,-2.675501837722886
1.4614557278639322,0.0012446339438707127,0.0541937185479115,0.05294908460404079,-0.0022639587078298754,-0.009788074055956116,0.004860231009031053,0.010928322798399955,-2.680711897444936
1.4639319659829917,0.0012316246253395793,0.0541937185479115,0.05296209392257192,-0.0022293463340502225,-0.009760719786955207,0.004783161490547158,0.010869695699701634,-2.6859432281460367
1.4664082041020512,0.0012186461733153242,0.0541937185479115,0.05297507237459618,-0.0021947822906789004,-0.009732740018133304,0.004706207189206196,0.010810856319843935,-2.6911963698705077
1.4688844422211107,0.0012057000955821434,0.0541937185479115,0.05298801845232936,-0.0021602689121744774,-0.00970413802969093,0.004629372810087349,0.010751808569448667,-2.6964718752048102
1.4713606803401702,0.001192787902915729,0.0541937185479115,0.053000930644995774,-0.0021258085686140585,-0.009674917223318053,0.004552663053895507,0.010692556483851813,-2.7017703095674577
1.4738369184592297,0.001179911108614179,0.0541937185479115,0.053013807439297324,-0.0020914036648226764,-0.009645081121799619,0.004476082614857557,0.010633104223185506,-2.7070922515049216
1.4763131565782894,0.0011670712280252155,0.0541937185479115,0.05302664731988629,-0.0020570566394810643,-0.009614633368546455,0.004399636178608177,0.010573456072433691,-2.7124382929935713
1.478789394697349,0.0011542697780700523,0.0541937185479115,0.05303944876984145,-0.0020227699642122307,-0.009583577727051311,0.004323328420066666,0.010513616441462476,-2.7178090397476713
1.4812656328164084,0.0011415082767641388,0.0541937185479115,0.053052210271147364,-0.001988546142647215,-0.00955191808026978,0.004247164001306307,0.010453589865026125,-2.7232051115334563
1.483741870935468,0.0011287882427353513,0.0541937185479115,0.05306493030517615,-0.0019543877094706846,-0.009519658429926206,0.004171147569418003,0.010393381002750106,-2.728627142489272
1.4862181090545274,0.001116111194739755,0.0541937185479115,0.05307760735317175,-0.0019202972294467043,-0.00948680289574436,0.004095283754369545,0.01033299463909213,-2.734075781451786
1.488694347173587,0.0011034786511754588,0.0541937185479115,0.053090239896736044,-0.0018862772964253665,-0.009453355714603134,0.004019577166862347,0.010272435683282755,-2.7395516922882424
1.4911705852926465,0.0010908921295948795,0.0541937185479115,0.05310282641831662,-0.0018523305323307118,-0.009419321239617206,0.003944032396187064,0.010211709169246687,-2.7450555542347166
1.493646823411706,0.001078353146215759,0.0541937185479115,0.053115365401695744,-0.0018184595861306845,-0.009384703939143124,0.0038686540080799655,0.01015082025550653,-2.7505880622403174
1.4961230615307655,0.0010658632154313744,0.0541937185479115,0.05312785533248013,-0.0017846671327895504,-0.009349508395710849,0.00379344654258149,0.010089774225070208,-2.7561499273172685
1.4985992996498252,0.0010534238493202577,0.0541937185479115,0.053140294698591245,-0.0017509558722035787,-0.009313739304881358,0.0037184145118988464,0.010028576485303975,-2.761741876896764
1.5010755377688847,0.0010410365571558444,0.0541937185479115,0.05315268199075566,-0.001717328528120534,-0.009277401474030608,0.0036435623982741944,0.00996723256779247,-2.767364655190494
1.5035517758879442,0.001028702844916414,0.0541937185479115,0.05316501570299509,-0.001683787847043653,-0.009240499821060396,0.003568894651860127,0.009905748128187645,-2.773019023557696
1.5060280140070037,0.0010164242147957456,0.0541937185479115,0.05317729433311576,-0.001650336597120901,-0.009203039373036872,0.003494415688604218,0.009844128946048513,-2.7787057608775623
1.5085042521260632,0.0010042021647148555,0.0541937185479115,0.05318951638319665,-0.0016169775670200727,-0.009165025264757105,0.003420129888144205,0.009782380924673366,-2.7844256639268155
1.5109804902451227,0.000992038187835144,0.0541937185479115,0.05320168036007636,-0.0015837135647906045,-0.00912646273724476,0.0033460415917155343,0.009720510090926676,-2.7901795477622264
1.5134567283641822,0.0009799337720734977,0.0541937185479115,0.053213784775838005,-0.0015505474167127522,-0.009087357136175502,0.0032721551000730494,0.009658522595062554,-2.7959682461078077
1.5159329664832417,0.0009678903996195379,0.0541937185479115,0.053225828148291965,-0.0015174819661349526,-0.009047713910233122,0.0031984746714283177,0.009596424710546862,-2.8017926117464
1.5184092046023012,0.0009559095464556078,0.0541937185479115,0.053237809001455895,-0.00148452007230011,-0.009007538609397313,0.0031250045194044667,0.00953422283388015,-2.807653516915303
1.520885442721361,0.0009439926818797031,0.0541937185479115,0.0532497258660318,-0.0014516646091616413,-0.008966836883164252,0.003051748811010017,0.009471923484423628,-2.813551853705584
1.5233616808404205,0.0009321412680318511,0.0541937185479115,0.05326157727987965,-0.0014189184641900943,-0.008925614478701023,0.0029787116646335867,0.009409533304230425,-2.8194885344646243
1.52583791895948,0.0009203567594243192,0.0541937185479115,0.053273361788487184,-0.0013862845371710687,-0.00888387723893505,0.002905897148060793,0.009347059057884256,-2.825464492201452
1.5283141570785395,0.0009086406024759255,0.0541937185479115,0.05328507794543558,-0.0013537657389954038,-0.008841631100579905,0.002833309276515349,0.009284507632348081,-2.8314806809942974
1.530790395197599,0.0008969942350509907,0.0541937185479115,0.05329672431286051,-0.0013213649904424054,-0.008798882092098823,0.0027609520107256557,0.009221886036824972,-2.8375380763998193
1.5332666333166585,0.0008854190860031544,0.0541937185479115,0.05330829946190835,-0.0012890852209569374,-0.008755636331607149,0.002688829255018642,0.009159201402633484,-2.843637675863315
1.535742871435718,0.000873916574724555,0.0541937185479115,0.05331980197318695,-0.001256929367421315,-0.008711900024715474,0.0026169448554424113,0.009096460983100185,-2.8497804991292184
1.5382191095547775,0.0008624881107006516,0.0541937185479115,0.05333123043721085,-0.001224900372922809,-0.008667679462314715,0.0025453025979191345,0.009033672153471489,-2.8559675886510787
1.5406953476738372,0.0008511350930710537,0.0541937185479115,0.05334258345484045,-0.001193001185517655,-0.008622981018304932,0.0024739062064298495,0.008970842410847451,-2.862200010000147
1.5431715857928967,0.0008398589101967918,0.0541937185479115,0.05335385963771471,-0.0011612347569924329,-0.008577811147269378,0.0024027593412325673,0.008907979374139749,-2.86847885227161
1.5456478239119562,0.0008286609392342756,0.0541937185479115,0.05336505760867723,-0.0011296040416237602,-0.00853217638209568,0.002331865597115133,0.008845090784056455,-2.874805228487426
1.5481240620310157,0.0008175425457163862,0.0541937185479115,0.053376176002195116,-0.0010981119949370717,-0.00848608333154571,0.0022612285016843734,0.00878218450311582,-2.881180275994598
1.5506003001500752,0.000806505083140896,0.0541937185479115,0.05338721346477061,-0.0010667615724654616,-0.008439538677776064,0.0021908515136927534,0.00871926851569144,-2.887605156857647
1.5530765382691347,0.0007955498925667354,0.0541937185479115,0.05339816865534477,-0.001035555728509478,-0.008392549173811133,0.002120738021404122,0.008656350928091293,-2.894081058243895
1.5555527763881942,0.0007846783022182266,0.0541937185479115,0.053409040245693276,-0.001004497414898665,-0.008345121640970378,0.002050891340999643,0.008593439968672583,-2.9006091928000823
1.5580290145072537,0.0007738916270977544,0.0541937185479115,0.05341982692081375,-0.0009735895797558678,-0.00829726296625222,0.001981314715025375,0.008530543987994943,-2.9071907990186947
1.5605052526263132,0.000763191168607083,0.0541937185479115,0.05343052737930442,-0.0009428351662650334,-0.008248980099676034,0.0019120113108826134,0.008467671459013646,-2.913827141592233
1.562981490745373,0.0007525782141776446,0.0541937185479115,0.05344114033373386,-0.0009122371114435226,-0.008200280051584791,0.0018429842193622937,0.008404830977315243,-2.9205195117535268
1.5654577288644325,0.0007420540369100989,0.0541937185479115,0.053451664511001404,-0.0008817983449197035,-0.008151169889910078,0.0017742364532245419,0.008342031261397159,-2.927269227600024
1.567933966983492,0.0007316198952233635,0.0541937185479115,0.05346209865268814,-0.0008515217877167157,-0.008101656737401777,0.0017057709458244779,0.008279281152993086,-2.9340776343998227
1.5704102051025515,0.0007212770325135051,0.0541937185479115,0.053472441515398,-0.0008214103510432802,-0.008051747768824584,0.0016375905497854415,0.008216589617445808,-2.940946104877027
1.572886443221611,0.0007110266768226153,0.0541937185479115,0.05348269187108889,-0.0007914669350923909,-0.008001450208123435,0.0015696980357205056,0.008153965744128643,-2.9478760394738344
1.5753626813406705,0.0007008700405180049,0.0541937185479115,0.0534928485073935,-0.0007616944278487038,-0.007950771325560196,0.0015020960910033688,0.008091418746916873,-2.954868866586544
1.57783891945973,0.0006908083199818615,0.0541937185479115,0.05350291022792964,-0.0007320957039054559,-0.007899718434823698,0.001434787318589467,0.008028957964709899,-2.9619260427724656
1.5803151575787895,0.000680842695311705,0.0541937185479115,0.0535128758525998,-0.000702673623291762,-0.007848298890115554,0.0013677742358882165,0.007966592862004976,-2.9690490529244924
1.5827913956978492,0.0006709743300317011,0.0541937185479115,0.0535227442178798,-0.0006734310303109824,-0.007796520083213811,0.001301059273687181,0.007904333029522714,-2.9762394104098444
1.5852676338169087,0.0006612043708151688,0.0541937185479115,0.053532514177096334,-0.0006443707523911095,-0.007744389440516998,0.001234644775128935,0.007842188184884647,-2.9834986571692546
1.5877438719359682,0.000651533947218362,0.0541937185479115,0.05354218460069314,-0.0006154955989477644,-0.007691914420070596,0.0011685329947413023,0.0077801681733423375,-2.9908283637725916
1.5902201100550277,0.0006419641714257504,0.0541937185479115,0.05355175437648575,-0.0005868083602606775,-0.007639102508578458,0.0011027260975216757,0.007718282968557519,-2.9982301294266396
1.5926963481740872,0.0006324961380069216,0.0541937185479115,0.05356122240990458,-0.0005583118063643387,-0.0075859612184013755,0.001037226158075971,0.007656542673432097,-3.005705581930459
1.5951725862931467,0.0006231309236852806,0.0541937185479115,0.05357058762422622,-0.0005300086859535112,-0.00753249808454511,0.0009720351598127712,0.007594957520986407,-3.0132563775734487
1.5976488244122062,0.0006138695871186484,0.0541937185479115,0.053579848960792854,-0.0005019017253043937,-0.007478720661640371,0.0009071549941931788,0.007533537875283844,-3.020884200970911
1.6001250625312657,0.0006047131686918866,0.0541937185479115,0.053589005379219616,-0.00047399362721196013,-0.007424636520916744,0.000842587460036742,0.0074722942323989,-3.028590764831573
1.6026013006503252,0.0005956626903216786,0.0541937185479115,0.053598055857589824,-0.00044628706994428655,-0.007370253247173227,0.0007783342628839005,0.007411237221425754,-3.0363778096511975
1.605077538769385,0.0005867191552734949,0.0541937185479115,0.05360699939263801,-0.00041878470621439963,-0.007315578435747436,0.0007143970144152302,0.00735037760552329,-3.0442471033260237
1.6075537768884445,0.0005778835479909039,0.0541937185479115,0.0536158349999206,-0.00039148916217029463,-0.007260619689485863,0.0006507772319277749,0.007289726282992069,-3.0522004406794365
1.610030015007504,0.0005691568339372191,0.0541937185479115,0.053624561713974284,-0.0003644030364036814,-0.007205384615717414,0.0005874763378686123,0.007229294288377857,-3.060239642894867
1.6125062531265635,0.0005605399594495603,0.0541937185479115,0.05363317858846194,-0.00033752889897810476,-0.007149880823232607,0.0005244956594259169,0.0071690927935957145,-3.0683665568475256
1.614982491245623,0.0005520338516053838,0.0541937185479115,0.05364168469630612,-0.0003108692904768206,-0.007094115919270381,0.00046183642817747294,0.0071091331090673195,-3.0765830543272
1.6174587293646825,0.0005436394181014895,0.0541937185479115,0.05365007912981001,-0.0002844267210711975,-0.007038097506515208,0.0003994997797968253,0.007049426684864047,-3.0848910311439073
1.619934967483742,0.0005353575471455096,0.0541937185479115,0.05365836100076599,-0.00025820366960983485,-0.006981833180106142,0.00033748675381694285,0.0069899851118463,-3.0932924061078118
1.6224112056028015,0.0005271891073598753,0.0541937185479115,0.05366652944055163,-0.00023220258272908193,-0.006925330524660277,0.00027579829345133984,0.0069308201227893705,-3.1017891198744003
1.6248874437218612,0.0005191349476982784,0.0541937185479115,0.053674583600213224,-0.0002064258739853629,-0.006868597111312901,0.0002144352454726161,0.006871943593484804,-3.110383133645486
1.6273636818409207,0.0005111958973745764,0.0541937185479115,0.053682522650536926,-0.0001808759230096232,-0.006811640494775942,0.00015339836014813377,0.0068133675438044276,-3.119076427716236
1.6298399199599802,0.0005033727658040263,0.0541937185479115,0.053690345782107476,-0.00015555507468439055,-0.006754468210417243,9.268829123264505e-05,0.006755104138713833,-3.1278709998580156
1.6323161580790397,0.0004956663425569885,0.0541937185479115,0.053698052205354514,-0.00013046563834375694,-0.006697087771362411,3.230559601760815e-05,0.00669716568922003,-3.1367688635264583
1.6347923961980992,0.00048807739732481537,0.0541937185479115,0.05370564115058669,-0.00010560988699665451,-0.006639506665621383,-2.7749264563145895e-05,0.006639564653237031,3.1374132612957526
1.6372686343171587,0.00048060667989797273,0.0541937185479115,0.05371311186801353,-8.099005657367323e-05,-0.006581732353241488,-8.74759257718182e-05,0.0065823136363512315,3.128302721555124
1.6397448724362182,0.00047325492015628384,0.0541937185479115,0.05372046362775522,-5.660834519777801e-05,-0.0065237722634890645,-0.00014687411884948252,0.006525425392467302,3.119082776587976
1.6422211105552778,0.0004660228280711706,0.0541937185479115,0.05372769571984033,-3.2466912479113194e-05,-0.0064656337920613646,-0.00020594367074388935,0.006468912824313317,3.109751372005501
1.6446973486743373,0.0004589110937197813,0.0541937185479115,0.05373480745419172,-8.567878834119316e-06,-0.006407324298330514,-0.00026468450378272924,0.006412788983782277,3.1003064497090524
1.647173586793397,0.0004519203873109279,0.0541937185479115,0.053741798160600575,1.5086675170718905e-05,-0.006348851102621569,-0.0003230966352929408,0.006357067072085738,3.0907459509702675
1.6496498249124565,0.0004450513592225841,0.0541937185479115,0.05374866718868892,3.8494709450591184e-05,-0.00629022148352581,-0.00038118017716663814,0.006301760439692581,3.081067819767794
1.652126063031516,0.00043830464005094327,0.0541937185479115,0.05375541390786056,6.165422500901269e-05,-0.006231442675251645,-0.00043893533537437687,0.006246882586025416,3.0712700063927763
1.6546023011505755,0.000431680840670752,0.0541937185479115,0.05376203770724075,8.456326451971707e-05,-0.00617252186501398,-0.0004963624094263906,0.0061924471588837345,3.061350471335142
1.657078539269635,0.0004251805523068572,0.0541937185479115,0.053768537995604646,0.00010721991288332403,-0.006113466190464233,-0.0005534617917825548,0.006138467953562389,3.0513071894624915
1.6595547773886945,0.00041880434661666077,0.0541937185479115,0.05377491420129484,0.00012962229775901214,-0.006054282737161958,-0.0006102339672118518,0.006084958911630908,3.041138154503026
1.662031015507754,0.0004125527757834202,0.0541937185479115,0.05378116577212808,0.00015176859007093313,-0.00599497853608995,-0.0006666795121021565,0.006031934119338172,3.0308413838434616
1.6645072536268135,0.00040642637262015835,0.0541937185479115,0.053787292175291344,0.0001736570044895483,-0.00593556056121375,-0.0007227990937211682,0.005979407805604183,3.0204149236522015
1.6669834917458732,0.0004004256506839124,0.0541937185479115,0.05379329289722759,0.00019528579988771933,-0.005876035727087314,-0.0007785934694293824,0.005927394339559721,3.009856854337209
1.6694597298649327,0.00039455110440021757,0.0541937185479115,0.053799167443511285,0.00021665327977173684,-0.005816410886505725,-0.0008340634858459558,0.005875908227592039,2.9991652963470012
1.6719359679839922,0.00038880320919749967,0.0541937185479115,0.053804915338714,0.00023775779268728637,-0.005756692828206305,-0.0008892100779685336,0.005824964109853614,2.988338416321902
1.6744122061030517,0.0003831824216512375,0.0541937185479115,0.053810536126260265,0.0002585977326004284,-0.0056968882746192715,-0.0009440342682478357,0.005774576756189215,2.977374433601281
1.6768884442221113,0.00037768917963757614,0.0541937185479115,0.05381602936827393,0.0002791715392537423,-0.0056370038796689165,-0.0009985371656181473,0.005724761061435066,2.9662716270907103
1.6793646823411708,0.0003723239024962244,0.0541937185479115,0.05382139464541528,0.00029947769849774167,-0.00557704622662636,-0.0010527199644846234,0.00567553204004275,2.9550283424910497
1.6818409204602303,0.0003670869912023103,0.0541937185479115,0.05382663155670919,0.00031951474259770806,-0.00551702182601484,-0.0011065839436685233,0.0056269048199795516,2.943642999889127
1.6843171585792898,0.00036197882854702157,0.0541937185479115,0.05383173971936448,0.00033928125051618883,-0.005456937113568331,-0.001160130465311404,0.005578894635856024,2.932114101707166
1.6867933966983493,0.0003569997793266555,0.0541937185479115,0.05383671876858485,0.0003587758481712628,-0.005396798448244424,-0.0012133609737393584,0.005531516821231509,2.9204402410051946
1.689269634817409,0.0003521501905399682,0.0541937185479115,0.053841568357371535,0.00037799720867087933,-0.005336612110292126,-0.0012662769942884259,0.005484786800047994,2.9086201101274547
1.6917458729364685,0.00034743039159336464,0.0541937185479115,0.05384628815631814,0.00039694405252343285,-0.005276384299375378,-0.0013188801320922286,0.005438720077143391,2.8966525096803224
1.694222111055528,0.0003428406945138393,0.0541937185479115,0.05385087785339766,0.00041561514782496997,-0.005216121132752687,-0.0013711720708331143,0.005393332227795906,2.884536357825306
1.6966983491745875,0.0003383813941692168,0.0541937185479115,0.053855337153742286,0.0004340093104231147,-0.005155828643513827,-0.0014231545714577442,0.005348638886253091,2.8722706998665823
1.699174587293647,0.0003340527684955255,0.0541937185479115,0.05385966577941598,0.0004521254040581839,-0.005095512778873775,-0.0014748294708584802,0.005304655733200662,2.859854718107874
1.7016508254127065,0.0003298550787311852,0.0541937185479115,0.05386386346918032,0.0004699623404817283,-0.005035179398524459,-0.0015261986805216025,0.005261398482129158,2.8472877419487137
1.704127063531766,0.0003257885696576826,0.0541937185479115,0.05386792997825382,0.0004875190795528583,-0.004974834273044713,-0.0015772641851436455,0.00521888286455992,2.834569258184943
1.7066033016508255,0.00032185346984646424,0.0541937185479115,0.05387186507806504,0.0005047946293126443,-0.004914483082368835,-0.0016280280412169497,0.005177124614095954,2.821698921472913
1.7090795397698852,0.0003180499919117827,0.0541937185479115,0.05387566855599972,0.0005217880460370553,-0.004854131414313873,-0.0016784923755856472,0.005136139449268093,2.808676564911219
1.7115557778889448,0.00031437833276912186,0.0541937185479115,0.05387934021514238,0.0005384984342687452,-0.004793784763165957,-0.001728659383973318,0.005095943055152903,2.7955022106879657
1.7140320160080043,0.0003108386738989999,0.0541937185479115,0.0538828798740125,0.0005549249468281034,-0.00473344852832577,-0.0017785313294834612,0.005056551063745288,2.782176080735682
1.7165082541270638,0.00030743118161573324,0.0541937185479115,0.05388628736629577,0.0005710667848039391,-0.004673128013013436,-0.001828110541073971,0.0050179790330766305,2.7686986073300073
1.7189844922461233,0.0003041560073409888,0.0541937185479115,0.053889562540570514,0.0005869231975242787,-0.0046128284230326205,-0.0018773994120068853,0.0049802424250774595,2.755070443562311
1.7214607303651828,0.00030101328788169346,0.0541937185479115,0.05389270526002981,0.0006024934825076822,-0.004552554865593961,-0.0019264003982745078,0.004943356582193463,2.7412924736106428
1.7239369684842423,0.00029800314571212794,0.0541937185479115,0.053895715402199375,0.0006177769853954566,-0.004492312348197924,-0.0019751160170031843,0.00490733670277413,2.7273658227278155
1.7264132066033018,0.0002951256892597537,0.0541937185479115,0.05389859285865175,0.0006327730998653158,-0.004432105777576693,-0.002023548844835835,0.0048721978152641895,2.7132918668601635
1.7288894447223613,0.00029238101319464804,0.0541937185479115,0.053901337534716855,0.0006474812675268957,-0.0043719399586951355,-0.002071701516294487,0.004837954751240663,2.6990722418058017
1.731365682841421,0.0002897691987220827,0.0541937185479115,0.05390394934918942,0.0006619009777995579,-0.00431181959381062,-0.002119576722123975,0.004804622117351061,2.684708851817015
1.7338419209604805,0.000287290313878065,0.0541937185479115,0.05390642823403344,0.000676031767773012,-0.004251749281591408,-0.002167177207617889,0.004772214266221869,2.670203877548011
1.73631815907954,0.00028494441382746066,0.0541937185479115,0.05390877413408404,0.0006898732220512417,-0.00419173351629325,-0.002214505770928083,0.004740745266420667,2.6555597832466926
1.7387943971985995,0.00028273154116445487,0.0541937185479115,0.05391098700674705,0.0007034249725801321,-0.0041317766869940695,-0.0022615652613587355,0.004710228871570074,2.64077932308763
1.741270635317659,0.00028065172621508094,0.0541937185479115,0.05391306682169642,0.0007166866984594186,-0.0040718830768860835,-0.002308358577646148,0.004680678488726162,2.6258655465430127
1.7437468734367185,0.0002787049873414285,0.0541937185479115,0.053915013560570074,0.000729658125739322,-0.004012056862625215,-0.00235488866622546,0.004652107146149496,2.610821802689302
1.746223111555778,0.00027689133124733645,0.0541937185479115,0.053916827216664166,0.0007423390272025114,-0.003952302113737019,-0.002401158519485277,0.004624527460611174,2.5956517433496393
1.7486993496748375,0.00027521075328524464,0.0541937185479115,0.05391850779462626,0.0007547292221317353,-0.0038926227920790136,-0.0024471711740114074,0.004597951604391393,2.5803593249759245
1.7511755877938973,0.0002736632377639478,0.0541937185479115,0.053920055310147555,0.0007668285760637789,-0.003833022751358486,-0.0024929297088206953,0.004572391272141155,2.5649488091799055
1.7536518259129568,0.0002722487582569322,0.0541937185479115,0.05392146978965457,0.0007786370005301376,-0.0037735057367055676,-0.0025384372435860586,0.004547857647791388,2.549424761829757
1.7561280640320163,0.00027096727791103836,0.0541937185479115,0.053922751270000464,0.0007901544527849948,-0.003714075384300656,-0.002583696936853795,0.0045243613717049335,2.533792050637352
1.7586043021510758,0.00026981874975522124,0.0541937185479115,0.05392389979815628,0.000801380935520951,-0.003654735221055844,-0.0026287119842540977,0.0045019125082777015,2.518055841171979
1.7610805402701353,0.00026880311700907406,0.0541937185479115,0.05392491543090243,0.0008123164965730531,-0.0035954886643494543,-0.002673485616705874,0.004480520514203524,2.502221591248274
1.7635567783891948,0.0002679203133908667,0.0541937185479115,0.053925798234520636,0.0008229612286115846,-0.0035363390218132048,-0.0027180210986167855,0.0044601942076242344,2.4862950436498608
1.7660330165082543,0.000267170263424904,0.0541937185479115,0.0539265482844866,0.0008333152688241923,-0.0034772894911710445,-0.0027623217260795536,0.004440941738390598,2.470282217165211
1.7685092546273138,0.0002665528827478711,0.0541937185479115,0.05392716566516363,0.0008433787985877616,-0.00341834316012919,-0.0028063908250653673,0.004422770559662019,2.454189395928666
1.7709854927463733,0.0002660680784139294,0.0541937185479115,0.05392765046949757,0.0008531520431305948,-0.003359503006316425,-0.0028502317496154304,0.004405687401072044,2.4380231170768893
1.773461730865433,0.0002657157491984044,0.0541937185479115,0.0539280027987131,0.0008626352711853845,-0.003300771897273872,-0.0028938478800315135,0.004389698243683253,2.4217901567492754
1.7759379689844925,0.0002654957858996762,0.0541937185479115,0.053928222762011827,0.0008718287946334483,-0.0032421525904935762,-0.0029372426210662887,0.004374808296948858,2.4054975144796074
1.778414207103552,0.00026540807163917546,0.0541937185479115,0.05392831047627233,0.0008807329681407169,-0.0031836477335049095,-0.002980419400114569,0.004361021977888925,2.389152396045131
1.7808904452226115,0.00026545248215918693,0.0541937185479115,0.053928266065752316,0.0008893481887859789,-0.003125259864008071,-0.0030233816654059737,0.004348342892676789,2.372762194858177
1.783366683341671,0.00026562888611827984,0.0541937185479115,0.05392808966179322,0.0008976748956818119,-0.003066991410053777,-0.0030661328842000925,0.0043367738208162105,2.3563344720037165
1.7858429214607305,0.00026593714538405977,0.0541937185479115,0.05392778140252744,0.0009057135695887289,-0.0030088446902682515,-0.0031086765409848002,0.004326316702071714,2.339876935043857
1.78831915957979,0.000266377115323152,0.0541937185479115,0.05392734143258835,0.0009134647325229261,-0.002950821914122758,-0.0031510161356785296,0.004316972626294213,2.323397415726636
1.7907953976988495,0.00026694864508812477,0.0541937185479115,0.05392676990282338,0.0009209289473581476,-0.0028929251822465934,-0.0031931551818373265,0.004308741826261009,2.3069038467512577
1.793271635817909,0.00026765157790115124,0.0541937185479115,0.05392606697001035,0.0009281068174221061,-0.002835156486782766,-0.0032350972048672674,0.004301623673624461,2.290404237754999
1.7957478739369688,0.00026848575133431307,0.0541937185479115,0.05392523279657719,0.0009349989860878566,-0.002777517711785403,-0.0032768457402430956,0.004295616678037153,2.273906650697824
1.7982241120560283,0.0002694509975861917,0.0541937185479115,0.05392426755032531,0.0009416061363605938,-0.002720010633658064,-0.00331840433173364,0.0042907184894935176,2.2574191748293084
1.8007003501750878,0.00027054714375469857,0.0541937185479115,0.053923171404156804,0.0009479289904602887,-0.0026626369216318,-0.0033597765296347827,0.004286925903899158,2.240949901428356
1.8031765882941473,0.00027177401210596447,0.0541937185479115,0.05392194453580554,0.0009539683094005687,-0.0026053981382823076,-0.0034009658890105177,0.004284234871850283,2.22450689850954
1.8056528264132068,0.0002731314203389956,0.0541937185479115,0.05392058712757251,0.0009597248925642323,-0.0025482957400851033,-0.0034419759679427736,0.004282640510576562,2.208098185690333
1.8081290645322663,0.00027461918184606277,0.0541937185479115,0.05391909936606544,0.0009651995772758301,-0.002491331078007754,-0.0034828103257905714,0.004282137118972336,2.191731709411205
1.8106053026513258,0.00027623710596860057,0.0541937185479115,0.0539174814419429,0.0009703932383716717,-0.0024345053981382828,-0.0035234725214591095,0.004282718195613839,2.175415318695572
1.8130815407703853,0.00027798499824847195,0.0541937185479115,0.05391573354966303,0.0009753067877675953,-0.0023778198423489165,-0.0035639661116793108,0.004284376459634093,2.1591567416289736
1.815557778889445,0.0002798626606744792,0.0541937185479115,0.053913855887237024,0.000979941174024973,-0.002321275448993935,-0.003604294649298361,0.004287103874302883,2.1429635627267007
1.8180340170085045,0.00028186989192387907,0.0541937185479115,0.053911848655987624,0.0009842973819151578,-0.0022648731536411486,-0.003644461681581717,0.004290891673137629,2.126843201346966
1.820510255127564,0.0002840064875989645,0.0541937185479115,0.05390971206031254,0.000988376431982863,-0.0022086137898355267,-0.003684470748527185,0.00429573038835122,2.1108028912922756
1.8229864932466235,0.0002862722404583101,0.0541937185479115,0.05390744630745319,0.0009921793801086602,-0.002152498089894659,-0.0037243253811913664,0.004301609881426531,2.0948496617260517
1.825462731365683,0.0002886669406428691,0.0541937185479115,0.053905051607268634,0.0009957073170710651,-0.0020965266857345547,-0.0037640291000290713,0.0043085193755932885,2.0789903195141157
1.8279389694847425,0.00029119037589649815,0.0541937185479115,0.053902528172015005,0.0009989613681083743,-0.0020407001097253403,-0.0038035854132460246,0.004316447489972622,2.063231433082769
1.830415207603802,0.0002938423317810218,0.0541937185479115,0.05389987621613048,0.001001942692480682,-0.0019850187955755823,-0.003842997815165333,0.004325382275146772,2.0475793178662856
1.8328914457228616,0.00029662259188565493,0.0541937185479115,0.05389709595602585,0.0010046524830322479,-0.0019294830792446422,-0.003882269784608086,0.004335311249907242,2.032040023397837
1.835367683841921,0.0002995309380306177,0.0541937185479115,0.053894187609880885,0.0010070919657545843,-0.001874093199881996,-0.003921404783288437,0.004346221438933062,2.0166193220788955
1.8378439219609808,0.00030256715046498434,0.0541937185479115,0.05389115139744652,0.0010092623993504708,-0.0018188493007926046,-0.003960406254223567,0.0043580994111524,2.0013226996437603
1.8403201600800403,0.00030573100805853654,0.0541937185479115,0.053887987539852966,0.001011165074799155,-0.001763751430427704,-0.003999277620158829,0.004370931318545172,1.9861553473181808
1.8427963981990998,0.0003090222884876287,0.0541937185479115,0.053884696259423874,0.001012801314922998,-0.0017087995433998635,-0.004038022282008412,0.004384702935150796,1.9711221556541954
1.8452726363181593,0.0003124407684149816,0.0541937185479115,0.05388127777949652,0.0010141724739557649,-0.0016539935015217075,-0.004076643617311839,0.00439939969605461,1.956227710007854
1.8477488744372188,0.0003159862236632588,0.0541937185479115,0.053877732324248244,0.001015279937112833,-0.001599333074867277,-0.004115144978706517,0.004415006736137317,1.9414762876122384
1.8502251125562783,0.00031965842938247446,0.0541937185479115,0.05387406011852903,0.0010161251201634262,-0.0015448179428553769,-0.004153529692416768,0.004431508928384963,1.9268718561855798
1.8527013506753378,0.0003234571602110173,0.0541937185479115,0.053870261387700485,0.001016709469005153,-0.0014904476953540029,-0.0041918010567593995,0.004448890921570822,1.9124180740032022
1.8551775887943973,0.0003273821904304225,0.0541937185479115,0.05386633635748108,0.001017034459241004,-0.001436221833805057,-0.004229962340666238,0.004467137177136265,1.8981182913526258
1.857653826913457,0.0003314332941136769,0.0541937185479115,0.053862285253797826,0.0010171015957589524,-0.0013821397723686032,-0.0042680167822237575,0.004486232005113731,1.8839755532834908
1.8601300650325165,0.00033561024526707756,0.0541937185479115,0.053858108302644425,0.0010169124123143585,-0.0013282008390858985,-0.0043059675872300215,0.004506159598951642,1.8699926035579297
1.862606303151576,0.0003399128179656166,0.0541937185479115,0.053853805729945886,0.0010164684711152824,-0.0012744042770603875,-0.004343817927769235,0.004526904069118234,1.8561718897025785
1.8650825412706356,0.0003443407864818504,0.0541937185479115,0.05384937776142965,0.0010157713624108756,-0.0012207492456560208,-0.004381570940803965,0.004548449475378119,1.842515569060612
1.867558779389695,0.0003488939254081558,0.0541937185479115,0.05384482462250335,0.0010148227040829307,-0.0011672348217121023,-0.004419229726785383,0.0045707798576524,1.8290255157407171
1.8700350175087546,0.00035357200977245706,0.0541937185479115,0.053840146538139046,0.0010136241412407733,-0.0011138600007739394,-0.004456797348281506,0.0045938792653892405,1.8157033283598696
1.872511255627814,0.0003583748151473054,0.0541937185479115,0.0538353437327642,0.0010121773458194971,-0.0010606236983387426,-0.0044942768286237965,0.004617731785387986,1.8025503384779207
1.8749874937468736,0.0003633021177523593,0.0541937185479115,0.05383041643015914,0.0010104840161817253,-0.0010075247511158803,-0.004531671150572156,0.004642321568034584,1.789567619624135
1.877463731865933,0.00036835369455021777,0.0541937185479115,0.053825364853361285,0.0010085458767229308,-0.000954561918301024,-0.004568983254998475,0.004667632851920445,1.7767559968190327
1.8799399699849928,0.000373529323335578,0.0541937185479115,0.053820189224575925,0.0010063646774803893,-0.0009017338828634269,-0.004606216039588908,0.0046936499868300875,1.7641160564987315
1.8824162081040523,0.0003788287828177875,0.0541937185479115,0.053814889765093715,0.0010039421937458087,-0.0008490392528458042,-0.004643372357565014,0.004720357455095094,1.7516481567535984
1.8848924462231118,0.0003842518526967001,0.0541937185479115,0.0538094666952148,0.0010012802256817292,-0.0007964765626760184,-0.004680455016423858,0.004747739891322972,1.7393524377980447
1.8873686843421713,0.00038979831373193996,0.0541937185479115,0.05380392023417956,0.0009983805979416741,-0.0007440442744902238,-0.004717466776697157,0.004775782100519573,1.727228832593851
1.8898449224612308,0.0003954679478054557,0.0541937185479115,0.05379825060010605,0.000995245159294119,-0.0006917407794666807,-0.004754410350729712,0.004804469074632805,1.7152770775550517
1.8923211605802903,0.00040126053797751027,0.0541937185479115,0.05379245800993399,0.00099187578225027,-0.0006395643991697747,-0.004791288401477094,0.004833786007552912,1.7034967232683838
1.8947973986993498,0.00040717586853603743,0.0541937185479115,0.053786542679375465,0.0009882743626956803,-0.0005875133869036779,-0.0048281035413227326,0.004863718308611647,1.6918871451692423
1.8972736368184093,0.0004132137250393991,0.0541937185479115,0.053780504822872104,0.0009844428195256909,-0.0005355859290750624,-0.0048648583309145845,0.004894251614628352,1.680447554119025
1.899749874937469,0.0004193738943526204,0.0541937185479115,0.05377434465355888,0.0009803830942846797,-0.00048378014656441843,-0.004901555278021351,0.004925371800555655,1.6691770068356357
1.9022261130565286,0.00042565616467702544,0.0541937185479115,0.05376806238323448,0.0009760971508091119,-0.0004320940961054855,-0.0049381968364084075,0.004957064988781489,1.6580744161345995
1.904702351175588,0.00043206032557342733,0.0541937185479115,0.053761658222338075,0.0009715869748743401,-0.0003805257716721856,-0.004974785404733591,0.004989317557147177,1.6471385609437046
1.9071785892946476,0.00043858616797883,0.0541937185479115,0.05375513237993267,0.0009668545738451543,-0.00032907310587269346,-0.0050113233254627685,0.0050221161457433385,1.6363680960593785
1.909654827413707,0.0004452334842167116,0.0541937185479115,0.05374848506369479,0.0009619019763299973,-0.00027773397135015965,-0.005047812883805453,0.00505544766254723,1.6257615616179288
1.9121310655327666,0.00045200206800088266,0.0541937185479115,0.05374171647991062,0.0009567312318387911,-0.00022650618218966046,-0.005084256306670459,0.005089299287965728,1.6153173922594426
1.914607303651826,0.00045889171443306426,0.0541937185479115,0.05373482683347844,0.0009513444104443713,-0.00017538749533080696,-0.005120655761641656,0.005123658478348484,1.6050339259664341
1.9170835417708856,0.0004659022199941659,0.0541937185479115,0.05372781632791734,0.0009457436024473462,-0.0001243756119858559,-0.0051570133559740335,0.005158512968535741,1.5949094125634014
1.919559779889945,0.0004730333825292629,0.0541937185479115,0.05372068516538224,0.0009399309180444498,-7.346817906258972e-05,-0.005193331135609964,0.005193850773504246,1.584942021867
1.9220360180090048,0.0004802850012264881,0.0541937185479115,0.053713433546685015,0.000933908487000145,-2.2662790591894964e-05,-0.005229611084215981,0.005229660189174059,1.5751298514799936
1.9245122561280643,0.00048765687658974127,0.0541937185479115,0.05370606167132176,0.0009276784583215321,2.8043010840589876e-05,-0.005265855122239923,0.005265929792437176,1.5654709342250295
1.9269884942471238,0.0004951488104053756,0.0541937185479115,0.05369856973750613,0.0009212429999363403,7.8651732658996e-05,-0.00530206510598877,0.005302648440467647,1.5559632452170458
1.9294647323661833,0.0005027606057028608,0.0541937185479115,0.05369095794220864,0.0009146042983739968,0.0001291659308583163,-0.005338242826727034,0.005339805269370516,1.54660470857546
1.9319409704852428,0.0005104920667095281,0.0541937185479115,0.053683226481201975,0.0009077645584496005,0.0001795882085624136,-0.005374390009795947,0.005377389692225135,1.5373932037793863
1.9344172086043023,0.0005183429987995272,0.0541937185479115,0.053675375549111976,0.0009007260029506828,0.00022992121457918944,-0.0054105083137535115,0.005415391396576007,1.5283265716709622
1.9368934467233618,0.000526313208436914,0.0541937185479115,0.05366740533947459,0.0008934908723266731,0.00028016764195341827,-0.005446599329535472,0.005453800341421932,1.5194026201133752
1.9393696848424213,0.0005344025031130892,0.0541937185479115,0.053659316044798414,0.0008860614243809236,0.0003303302265174183,-0.005482664579637312,0.005492606753751868,1.5106191293115632
1.941845922961481,0.0005426106912786374,0.0541937185479115,0.053651107856632865,0.000878439933965131,0.0003804117454398937,-0.005518705517317413,0.005531801124673436,1.5019738568046332
1.9443221610805406,0.0005509375822695742,0.0541937185479115,0.05364278096564193,0.0008706286926760421,0.00043041501577320443,-0.005554723525821494,0.005571374205177554,1.493464542139965
1.9467983991996,0.0005593829862282074,0.0541937185479115,0.053634335561683295,0.0008626300085543181,0.00048034289299950423,-0.005590719917628332,0.005611317001580046,1.485088911239641
1.9492746373186596,0.0005679467140186009,0.0541937185479115,0.0536257718338929,0.0008544462057853705,0.000530198269575824,-0.005626695933717013,0.005651620770678865,1.476844680470479
1.951750875437719,0.0005766285771367854,0.0541937185479115,0.05361708997077472,0.0008460796244020435,0.0005799840734784969,-0.005662652742855773,0.005692277014663001,1.4687295604292832
1.9542271135567786,0.0005854283876157648,0.0541937185479115,0.05360829016029574,0.0008375326199889757,0.0006297032667471138,-0.005698591440912499,0.005733277475806764,1.4607412594552474
1.956703351675838,0.0005943459579255059,0.0541937185479115,0.053599372589986,0.0008288075633884815,0.0006793588440283337,-0.005734513050187117,0.005774614130981036,1.452877486881573
1.9591795897948976,0.0006033811008679044,0.0541937185479115,0.0535903374470436,0.000819906840407817,0.0007289538311197687,-0.005770418518765904,0.005816279186010647,1.4451359560384518
1.961655827913957,0.0006125336294668521,0.0541937185479115,0.05358118491844465,0.0008108328515276197,0.0007784912835141318,-0.005806308719897906,0.005858265069905077,1.4375143870195197
1.9641320660330168,0.0006218033568536133,0.0541937185479115,0.05357191519105789,0.0008015880116113961,0.0008279742849439891,-0.0058421844513935955,0.0059005644289875855,1.4300105092237683
1.9666083041520763,0.0006311900961474479,0.0541937185479115,0.053562528451764055,0.0007921747496158368,0.0008774059459272034,-0.005878046435045912,0.005943170120945922,1.4226220636847589
1.9690845422711358,0.0006406936603317454,0.0541937185479115,0.05355302488757976,0.0007825955083018701,0.0009267894023134804,-0.005913895316073796,0.00598607520882591,1.4153468051987028
1.9715607803901953,0.0006503138621256482,0.0541937185479115,0.053543404685785854,0.0007728527439461884,0.0009761278138320875,-0.005949731662588415,0.006029272954987502,1.4081825042627527
1.9740370185092548,0.000660050513851422,0.0541937185479115,0.05353366803406008,0.0007629489260531207,0.0010254243626409624,-0.005985555965082223,0.006072756815041173,1.4011269488345128
1.9765132566283143,0.0006699034272975371,0.0541937185479115,0.053523815120613966,0.0007528865370666704,0.0010746822518776004,-0.00602136863594101,0.006116520431781031,1.394177945923399
1.9789894947473738,0.000679872413577691,0.0541937185479115,0.05351384613433381,0.0007426680720825413,0.0011239047042116922,-0.006057170008979067,0.006160557629129416,1.3873333230241858
1.9814657328664333,0.000689957282985855,0.0541937185479115,0.05350376126492565,0.0007322960385599541,0.0011730949603999167,-0.006092960338997718,0.0062048624061065896,1.3805909294026195
1.983941970985493,0.0007001578448474419,0.0541937185479115,0.05349356070306406,0.0007217729560330784,0.0012222562778429432,-0.00612873980136736,0.006249428930837674,1.3739486372426388
1.9864182091045526,0.0007104739073667821,0.0541937185479115,0.05348324464054472,0.0007111013558219576,0.0012713919291450397,-0.0061645084916330676,0.0062942515346076965,1.3674043426642761
1.988894447223612,0.0007209052774709637,0.0541937185479115,0.05347281327044054,0.0007002837807426233,0.0013205052006762382,-0.006200266425144208,0.006339324705974883,1.360955966620991
1.9913706853426716,0.0007314517606502036,0.0541937185479115,0.0534622667872613,0.0006893227848163652,0.0013695993911375095,-0.006236013536707945,0.006384643084950714,1.354601455684683
1.993846923461731,0.0007421131607949077,0.0541937185479115,0.053451605387116595,0.0006782209329778713,0.0014186778101289927,-0.006271749680267055,0.006430201457254842,1.3483387827262991
1.9963231615807906,0.0007528892800294784,0.0541937185479115,0.053440829267882024,0.0006669808007821062,0.0014677437767215507,-0.0063074746286021135,0.006475994748651686,1.3421659474995122
1.99879939969985,0.0007637799185430741,0.0541937185479115,0.05342993862936843,0.0006556049741097419,0.0015168006180317937,-0.0063431880730583255,0.00652201801937491,1.3360809771345727
2.0012756378189094,0.0007747848744174488,0.0541937185479115,0.053418933673494054,0.0006440960488709761,0.001565851667800898,-0.0063788896232971105,0.006568266458645112,1.3300819265490231
2.003751875937969,0.0007859039434519391,0.0541937185479115,0.053407814604459564,0.0006324566307075416,0.0016149002649772908,-0.006414578807072739,0.006614735379285437,1.3241668787816316
2.006228114057029,0.0007971369189858565,0.0541937185479115,0.053396581628925646,0.0006206893346927603,0.0016639497523034841,-0.006450255070034151,0.006661420212439093,1.318333945255503
2.008704352176088,0.000808483591718312,0.0541937185479115,0.05338523495619319,0.0006087967850294698,0.0017130034749072462,-0.006485917775552144,0.006708316502392204,1.3125812659759908
2.011180590295148,0.0008199437495257228,0.0541937185479115,0.05337377479838578,0.0005967816147456164,0.0017620647788973943,-0.0065215662045722935,0.006755419901505027,1.306907009668688
2.013656828414207,0.000831517177277051,0.0541937185479115,0.05336220137063445,0.0005846464653874384,0.001811137009964248,-0.00655719955549351,0.006802726165253642,1.3013093738624684
2.016133066533267,0.0008432036566470014,0.0541937185479115,0.0533505148912645,0.0005723939867099527,0.0018602235119851845,-0.006592816944072828,0.006850231147384465,1.2957865849222117
2.018609304652326,0.0008550029659272623,0.0541937185479115,0.05333871558198424,0.000560026836364733,0.00190932762563532,-0.006628417403356239,0.0068979307951827174,1.2903368980355732
2.021085542771386,0.0008669148798359991,0.0541937185479115,0.053326803668075504,0.0005475476795846953,0.001958452687003745,-0.006663999883636097,0.006945821144856388,1.2849585971578503
2.023561780890445,0.0008789391693257015,0.0541937185479115,0.0533147793785858,0.0005349591888658315,0.0020076020262153097,-0.006699563252435078,0.006993898317036236,1.279649994918771
2.026038019009505,0.000891075601389596,0.0541937185479115,0.05330264294652191,0.0005222640436456723,0.0020567789660584025,-0.0067351062945171175,0.007042158512392658,1.2744094324947195
2.0285142571285646,0.0009033239388667041,0.0541937185479115,0.0532903946090448,0.0005094649299784292,0.0021059868206188387,-0.00677062771192525,0.007090598007369364,1.2692352794497122
2.030990495247624,0.0009156839402457775,0.0541937185479115,0.053278034607665725,0.0004965645402065763,0.002155228893920155,-0.006806126124046825,0.00713921315003418,1.2641259335481905
2.0334667333666836,0.0009281553594682468,0.0541937185479115,0.053265563188443256,0.00048356557262880156,0.002204508478570528,-0.006841600067706194,0.007188000356046648,1.2590798205424893
2.035942971485743,0.0009407379457302828,0.0541937185479115,0.05325298060218122,0.0004704707311642232,0.0022538288544166176,-0.006877047997284923,0.00723695610474193,1.254095393937612
2.0384192096048026,0.0009534314432842333,0.0541937185479115,0.05324028710462727,0.00045728272501263905,0.002303193287204534,-0.00691246828487008,0.00728607693533075,1.2491711347357932
2.040895447723862,0.0009662355912395185,0.0541937185479115,0.053227482956671984,0.0004440042683108408,0.0023526050272481844,-0.0069478592204303665,0.007335359443214265,1.2443055511631038
2.0433716858429216,0.0009791501233631858,0.0541937185479115,0.05321456842454832,0.0004306380797847501,0.0024020673081054274,-0.00698321901202065,0.007384800276413406,1.239497178380201
2.045847923961981,0.0009921747678802925,0.0541937185479115,0.05320154378003121,0.0004171868823973773,0.002451583345262046,-0.007018545786014793,0.007434396132111354,1.2347445781791786
2.0483241620810406,0.001005309247274211,0.0541937185479115,0.05318840930063729,0.00040365340299240184,0.002501156334824101,-0.0070538375873671925,0.0074841437533083865,1.2300463386682976
2.0508004002001,0.0010185532780871628,0.0541937185479115,0.05317516526982434,0.0003900403719333831,0.0025507894522186648,-0.007089092379902993,0.007534039925587644,1.2254010739462633
2.0532766383191596,0.0010319065707209765,0.0541937185479115,0.053161811977190526,0.00037635052273842607,0.0026004858509035647,-0.007124308046637358,0.007584081473990865,1.2208074237675444
2.055752876438219,0.001045368829238398,0.0541937185479115,0.053148349718673105,0.0003625865917102986,0.0026502486610860522,-0.007159482390123709,0.007634265260002426,1.216264053200167
2.0582291145572786,0.001058939751165007,0.0541937185479115,0.053134778796746496,0.00034875131756186863,0.002700080988451128,-0.007194613132831313,0.007684588178640676,1.2117696522772208
2.0607053526763384,0.0010726190272919295,0.0541937185479115,0.05312109952061957,0.00033484744103682185,0.002749985912899381,-0.0072296979175522245,0.007735047155654839,1.2073229356433037
2.0631815907953976,0.0010864063414795858,0.0541937185479115,0.05310731220643192,0.00032087770452560784,0.0027999664872950586,-0.007264734307837798,0.007785639144826258,1.2029226421969368
2.0656578289144574,0.0011003013704625614,0.0541937185479115,0.05309341717744894,0.00030684485167655623,0.0028500257362244967,-0.007299719788464772,0.007836361125372296,1.1985675347299465
2.0681340670335167,0.0011143037836557831,0.0541937185479115,0.05307941476425572,0.00029275162700209337,0.0029001666547651458,-0.007334651765931244,0.007887210099451515,1.1942563995647322
2.0706103051525764,0.0011284132429622146,0.0541937185479115,0.05306530530494929,0.00027860077548009203,0.0029503922072658508,-0.007369527568982431,0.007938183089768538,1.1899880461901886
2.0730865432716357,0.0011426294025822029,0.0541937185479115,0.0530510891453293,0.0002643950421502503,0.0030007053261383444,-0.00740434444916643,0.007989277137276986,1.18576130689707
2.0755627813906954,0.0011569519088246508,0.0541937185479115,0.05303676663908685,0.0002501371717055171,0.003051108910660622,-0.00743909958142008,0.008040489298979077,1.1815750364134356
2.0780390195097547,0.001171380399920173,0.0541937185479115,0.05302233814799133,0.0002358299080785812,0.003101605825792283,-0.00747379006468486,0.00809181664582007,1.1774281115408052
2.0805152576288144,0.0011859145058364731,0.0541937185479115,0.05300780404207503,0.00022147599402333332,0.0031521989010024863,-0.007508412922553124,0.008143256260676317,1.173319430791554
2.082991495747874,0.0012005538480959546,0.0541937185479115,0.05299316469981555,0.00020707817069142223,0.003202890929110561,-0.007542965103944395,0.008194805236434946,1.16924791402806
2.0854677338669334,0.001215298039595969,0.0541937185479115,0.052978420508315534,0.0001926391772038282,0.0032536846651399364,-0.007577443483812034,0.008246460674163932,1.1652125021040254
2.087943971985993,0.001230146684431617,0.0541937185479115,0.052963571863479886,0.0001781617502174902,0.0033045828251855934,-0.007611844863880222,0.008298219681370898,1.1612121565083873
2.0904202101050524,0.001245099377721437,0.0541937185479115,0.052948619170190066,0.00016364862348710473,0.0033555880852954275,-0.007646165973411082,0.008350079370348887,1.1572458590121553
2.092896448224112,0.0012601557054361182,0.0541937185479115,0.052933562842475385,0.00014910252742197293,0.0034067030803660017,-0.0076804034700022564,0.00840203685660792,1.1533126113184975
2.0953726863431714,0.0012753152442303017,0.0541937185479115,0.0529184033036812,0.00013452618863812833,0.0034579304030529275,-0.007714553940414574,0.008454089257390402,1.1494114347163502
2.097848924462231,0.001290577561277817,0.0541937185479115,0.052903140986633686,0.00011992232950565752,0.003509272602696509,-0.007748613901430016,0.008506233690269203,1.145541369737778
2.100325162581291,0.0013059422141102825,0.0541937185479115,0.05288777633380122,0.0001052936676913709,0.0035607321842626694,-0.007782579800739739,0.008558467271826551,1.1417014758193298
2.10280140070035,0.0013214087504594893,0.0541937185479115,0.05287230979745201,9.064291569684945e-05,0.0036123116072999837,-0.007816448017862231,0.008610787116412564,1.1378908309675335
2.10527763881941,0.00133697670810351,0.0541937185479115,0.05285674183980799,7.59727803919666e-05,0.0036640132849128926,-0.007850214865091394,0.008663190334981684,1.1341085314287167
2.107753876938469,0.0013526456147167562,0.0541937185479115,0.052841072933194747,6.128596254403163e-05,0.00371583958275166,-0.007883876588474371,0.008715674034005536,1.1303536913632672
2.110230115057529,0.001368414987724241,0.0541937185479115,0.05282530356018726,4.658515634252213e-05,0.003767792818019453,-0.007917429368819283,0.008768235314461005,1.1266254425244597
2.112706353176588,0.0013842843341600325,0.0541937185479115,0.05280943421375147,3.187304891970967e-05,0.0038198752584968896,-0.00795086932273228,0.008820871270891664,1.12292293394193
2.115182591295648,0.0014002531505301896,0.0541937185479115,0.05279346539738131,1.715231986711103e-05,0.003872089121584604,-0.007984192503684132,0.008873578990541512,1.1192453316098687
2.117658829414707,0.0014163209226802295,0.0541937185479115,0.05277739762523127,2.4256407480400394e-06,0.003924436573364044,-0.008017394903105924,0.008926355552559296,1.115591818180006
2.120135067533767,0.0014324871256673269,0.0541937185479115,0.052761231422244176,-1.230432539370182e-05,0.00397691972767711,-0.008050472451513736,0.008979198027272199,1.1119615926594084
2.1226113056528266,0.0014487512236373776,0.0541937185479115,0.052744967324274125,-2.703492452875661e-05,0.004029540645224882,-0.008083421019661977,0.009032103475527306,1.1083538701131355
2.125087543771886,0.001465112669707072,0.0541937185479115,0.05272860587820443,-4.176351214068343e-05,0.00408230133268596,-0.008116236419725286,0.009085068948099661,1.104767881371758
2.1275637818909456,0.00148157090585109,0.0541937185479115,0.05271214764206041,-5.6487453727789366e-05,0.0041352037418547856,-0.00814891440650856,0.00913809148516541,1.1012028727437542
2.130040020010005,0.0014981253627945681,0.0541937185479115,0.052695593185116935,-7.120412530808694e-05,0.004188249768800254,-0.008181450678684856,0.00919116811583861,1.097658105732776
2.1325162581290646,0.0015147754599109942,0.0541937185479115,0.05267894308800051,-8.591091392726446e-05,0.004241441253045303,-0.008213840880060858,0.009244295857770533,1.0941328567597577
2.134992496248124,0.001531520605125597,0.0541937185479115,0.052662197942785906,-0.00010060521816944207,0.0042947799767674676,-0.008246080600869534,0.009297471716809879,1.0906264168898767
2.1374687343671837,0.00154836019482444,0.0541937185479115,0.05264535835308706,-0.0001152844486705193,0.004348267664021226,-0.008278165379089684,0.009350692686722822,1.0871380915643027
2.139944972486243,0.0015652936137692322,0.0541937185479115,0.05262842493414227,-0.00012994602863389607,0.00440190597998219,-0.008310090701791844,0.009403955748971293,1.0836672003367258
2.1424212106053027,0.0015823202350181073,0.0541937185479115,0.052611398312893395,-0.00014458739434838484,0.0044556965302137985,-0.008341852006510345,0.009457257872548466,1.0802130766146092
2.1448974487243624,0.0015994394198523137,0.0541937185479115,0.05259427912805919,-0.00015920599570801576,0.004509640859956626,-0.008373444682640814,0.009510596013869797,1.0767750674051306
2.1473736868434217,0.001616650517709109,0.0541937185479115,0.052577068030202394,-0.0001737992967335848,0.004563740453441024,-0.008404864072862908,0.009563967116718655,1.0733525330657483
2.1498499249624814,0.0016339528661208289,0.0541937185479115,0.052559765681790674,-0.00018836477609565899,0.004617996733223142,-0.008436105474587674,0.00961736811224504,1.0699448470593569
2.1523261630815407,0.001651345790660258,0.0541937185479115,0.052542372757251245,-0.00020289992763877838,0.004672411059544914,-0.008467164141429001,0.009670795919016114,1.06655139571396
2.1548024012006004,0.0016688286048924736,0.0541937185479115,0.05252488994301903,-0.0002174022609066351,0.004726984729718307,-0.008498035284698703,0.009724247443117345,1.0631715779868076
2.1572786393196597,0.001686400610333108,0.0541937185479115,0.052507317937578395,-0.00023186930166795255,0.004781718977534122,-0.008528714074924683,0.009777719578302925,1.0598048052329405
2.1597548774387194,0.0017040610964133007,0.0541937185479115,0.0524896574514982,-0.000246298592442775,0.004836614972695869,-0.008559195643391486,0.009831209206194203,1.0564505009780611
2.1622311155577787,0.0017218093404512205,0.0541937185479115,0.05247190920746028,-0.00026068769302891876,0.004891673820278807,-0.008589475083702785,0.009884713196524826,1.053108100695689
2.1647073536768384,0.0017396446076304167,0.0541937185479115,0.052454073940281086,-0.00027503418102829854,0.004946896560214761,-0.008619547453365076,0.009938228407431427,1.0497770515885099
2.167183591795898,0.0017575661509849488,0.0541937185479115,0.052436152396926554,-0.00028933565237281435,0.005002284166802739,-0.008649407775391997,0.009991751685788478,1.0464568123738731
2.1696598299149574,0.0017755732113913722,0.0541937185479115,0.05241814533652013,-0.00030358972184955284,0.005057837548245913,-0.008679051039928545,0.010045279867586118,1.0431468530733508
2.172136068034017,0.0017936650175677457,0.0541937185479115,0.05240005353034376,-0.00031779402362495533,0.005113557546215145,-0.008708472205894569,0.010098809778349727,1.0398466548062968
2.1746123061530764,0.0018118407860795369,0.0541937185479115,0.052381877761831966,-0.0003319462117676628,0.0051694449354392725,-0.008737666202646713,0.010152338233599853,1.0365557095873417
2.177088544272136,0.0018300997213526599,0.0541937185479115,0.05236361882655884,-0.0003460439607697595,0.0052255004233226435,-0.00876662793165825,0.010205862039351489,1.0332735201277417
2.1795647823911954,0.0018484410156935152,0.0541937185479115,0.05234527753221799,-0.0003600849660660538,0.005281724649589868,-0.008795352268215843,0.010259377992651152,1.029999599640527
2.182041020510255,0.0018668638493162526,0.0541937185479115,0.05232685469859525,-0.0003740669445510979,0.00533811818595837,-0.00882383406313265,0.010312882882150825,1.0267334716493637
2.184517258629315,0.0018853673903770907,0.0541937185479115,0.05230835115753441,-0.0003879876350936423,0.005394681535838628,-0.008852068144476814,0.010366373488717228,1.0234746698010795
2.186993496748374,0.001903950795015881,0.0541937185479115,0.05228976775289562,-0.000401844799048153,0.005451415134062594,-0.008880049319314631,0.010419846586075388,1.0202227376817679
2.189469734867434,0.0019226132074048538,0.0541937185479115,0.05227110534050665,-0.0004156362207631451,0.005508319346640424,-0.00890777237546756,0.010473298941485255,1.0169772286364105
2.191945972986493,0.0019413537598045594,0.0541937185479115,0.05225236478810694,-0.00042935970808588147,0.005565394470545532,-0.00893523208328208,0.010526727316449887,1.0137377055919583
2.194422211105553,0.0019601715726270466,0.0541937185479115,0.052233546975284456,-0.0004430130928632189,0.005622640733528482,-0.00896242319741174,0.010580128467454342,1.0105037408837851
2.196898449224612,0.0019790657545062304,0.0541937185479115,0.05221465279340527,-0.0004565942314381855,0.005680058293959473,-0.008989340458610287,0.010633499146733666,1.0072749160854748
2.199374687343672,0.0019980354023755656,0.0541937185479115,0.05219568314553594,-0.0004701010051420191,0.005737647240699986,-0.009015978595535205,0.0106868361030691,1.004050821841851
2.201850925462731,0.0020170796015527223,0.0541937185479115,0.05217663894635878,-0.0004835313207812318,0.0057954075930032704,-0.009042332326560425,0.010740136082610853,1.0008310577052069
2.204327163581791,0.002036197425831686,0.0541937185479115,0.05215752112207982,-0.0004968831111194865,0.005853339300444211,-0.009068396361597657,0.010793395829726729,0.997615231974659
2.2068034017008507,0.0020553879375818096,0.0541937185479115,0.05213833061032969,-0.0005101543353538155,0.005911442242878241,-0.009094165403925011,0.010846612087874807,0.9944029615385743
2.20927963981991,0.0020746501878540907,0.0541937185479115,0.05211906836005741,-0.0005233429795849555,0.005969716230429741,-0.009119634152022224,0.010899781600499453,0.99119387172
2.2117558779389697,0.0020939832164945243,0.0541937185479115,0.05209973533141698,-0.0005364470572813732,0.006028161003509756,-0.009144797301411349,0.010952901111949109,0.9879875961250402
2.214232116058029,0.002113386052264417,0.0541937185479115,0.052080332495647086,-0.000549464609736666,0.006086776232863045,-0.00916964954650192,0.011005967368414707,0.9847837764941274
2.2167083541770887,0.0021328577129678394,0.0541937185479115,0.05206086083494366,-0.0005623937065200705,0.006145561519644662,-0.009194185582439798,0.011058977118887672,0.9815820625561255
2.219184592296148,0.0021523972055858057,0.0541937185479115,0.0520413213423257,-0.0005752324459195878,0.006204516395525815,-0.009218400106958288,0.011111927116135942,0.9783821118852057
2.2216608304152077,0.002172003526417478,0.0541937185479115,0.052021715021494025,-0.0005879789553775658,0.006263640322829191,-0.009242287822230908,0.011164814117697146,0.9751835897604487
2.224137068534267,0.002191675661228104,0.0541937185479115,0.0520020428866834,-0.0006006313919182768,0.006322932694693539,-0.009265843436724513,0.011217634886887488,0.9719861690281124
2.2266133066533267,0.002211412585403645,0.0541937185479115,0.05198230596250786,-0.0006131879425672242,0.006382392835267551,-0.009289061667051877,0.011270386193825265,0.968789529966516
2.2290895447723864,0.0022312132641120613,0.0541937185479115,0.05196250528379944,-0.0006256468247618318,0.006442019999932818,-0.009311937239822552,0.01132306481646769,0.9655933601534906
2.2315657828914457,0.0022510766524711096,0.0541937185479115,0.05194264189544039,-0.0006380062867531963,0.0065018133755559105,-0.009334464893491096,0.011375667541659938,0.9623973543363386
2.2340420210105054,0.002271001695722641,0.0541937185479115,0.05192271685218886,-0.000650264607998598,0.006561772080769354,-0.009356639380201535,0.011428191166195215,0.95920121430426
2.2365182591295647,0.002290987329413144,0.0541937185479115,0.05190273121849836,-0.0006624200995444108,0.006621895166281288,-0.00937845546762694,0.011480632497884476,0.9560046487631952
2.2389944972486244,0.002311032479580595,0.0541937185479115,0.05188268606833091,-0.0006744711043991814,0.006682181615213792,-0.009399907940803233,0.011532988356634931,0.9528073732130363
2.2414707353676837,0.002331136062947381,0.0541937185479115,0.05186258248496412,-0.0006864159978964846,0.006742630343469498,-0.009420991603955955,0.011585255575535837,0.9496091098271608
2.2439469734867434,0.0023512969871192224,0.0541937185479115,0.05184242156079228,-0.0006982531880473191,0.006803240200126445,-0.009441701282319049,0.01163743100195063,0.946409587334241
2.2464232116058027,0.002371514150789969,0.0541937185479115,0.051822204397121534,-0.0007099811158817367,0.006864009967860747,-0.0094620318239446,0.011689511498614134,0.9432085409022921
2.2488994497248624,0.002391786443952104,0.0541937185479115,0.0518019321039594,-0.0007215982557794002,0.00692493836339703,-0.009481978101502406,0.01174149394473374,0.9400057120249038
2.251375687843922,0.0024121127481128435,0.0541937185479115,0.05178160579979866,-0.0007331031157888069,0.006986024037986092,-0.009501535014068337,0.011793375237093326,0.9368008484096257
2.2538519259629815,0.002432491936515721,0.0541937185479115,0.05176122661139578,-0.0007444942379349095,0.0070472655779097535,-0.009520697488900463,0.011845152291158914,0.9335937038684545
2.256328164082041,0.002452922874367429,0.0541937185479115,0.051740795673544074,-0.0007557701985148801,0.0071086615050123736,-0.009539460483201935,0.011896822042184882,0.930384038210392
2.2588044022011005,0.0024734044190697635,0.0541937185479115,0.05172031412884174,-0.0007669296083816984,0.0071702102772587,-0.009557818985869377,0.011948381446319472,0.9271716171360281
2.26128064032016,0.002493935420456686,0.0541937185479115,0.05169978312745482,-0.0007779711132154416,0.007231910289317866,-0.009575768019226136,0.01199982748170888,0.9239562121341145
2.2637568784392195,0.002514514721036025,0.0541937185479115,0.05167920382687548,-0.0007888933937818584,0.007293759873172851,-0.0095933026407388,0.012051157149598228,0.9207376003800825
2.266233116558279,0.0025351411562359663,0.0541937185479115,0.051658577391675536,-0.0007996951661782027,0.007355757298755292,-0.00961041794471664,0.012102367475429067,0.9175155646364833
2.2687093546773385,0.0025558135546559363,0.0541937185479115,0.051637904993255566,-0.0008103751820659126,0.00741790077460494,-0.009627109063992374,0.012153455509931679,0.9142898931553036
2.271185592796398,0.0025765307383218,0.0541937185479115,0.0516171878095897,-0.000820932228890092,0.007480188448553608,-0.009643371171583677,0.012204418330211644,0.9110603795821189
2.273661830915458,0.00259729152294514,0.0541937185479115,0.05159642702496636,-0.0008313651300854155,0.007542618408432795,-0.00965919948233412,0.012255253040829186,0.9078268228620603
2.276138069034517,0.0026180947181865324,0.0541937185479115,0.05157562382972497,-0.0008416727452684602,0.007605188682804813,-0.009674589254532942,0.012305956774870725,0.9045890271475555
2.278614307153577,0.0026389391279224503,0.0541937185479115,0.05155477941998905,-0.0008518539704161351,0.007667897241716762,-0.009689535791512374,0.0123565266950113,0.9013468017078067
2.281090545272636,0.002659823550515729,0.0541937185479115,0.051533894997395774,-0.0008619077380300656,0.007730741997476722,-0.009704034443221722,0.012406959994566915,0.8980999608399826
2.283566783391696,0.0026807467790894435,0.0541937185479115,0.05151297176882206,-0.0008718330172868551,0.007793720805451927,-0.009718080607777372,0.0124572538985361,0.8948483237820823
2.2860430215107552,0.002701707601803799,0.0541937185479115,0.051492010946107704,-0.0008816288141739554,0.007856831464887958,-0.009731669732987638,0.0125074056646293,0.8915917146274519
2.288519259629815,0.002722704802136003,0.0541937185479115,0.0514710137457755,-0.0008912941716111089,0.007920071719748782,-0.009744797317851724,0.01255741258428561,0.8883299622409077
2.2909954977488747,0.0027437371591628804,0.0541937185479115,0.05144998138874862,-0.0009008281695571788,0.007983439259576647,-0.00975745891403192,0.01260727198367556,0.8850629001764592
2.293471735867934,0.0027648034478459094,0.0541937185479115,0.05142891510006559,-0.0009102299251022531,0.008046931720371579,-0.009769650127298043,0.01265698122468928,0.8817903665965718
2.2959479739869937,0.0027859024393186646,0.0541937185479115,0.05140781610859284,-0.0009194985925449719,0.008110546685489627,-0.009781366618943629,0.01270653770590917,0.8785122041929732
2.298424212106053,0.002807032901176225,0.0541937185479115,0.05138668564673528,-0.0009286333634549159,0.008174281686559245,-0.009792604107172677,0.012755938863565984,0.8752282601089488
2.3009004502251127,0.0028281935977665096,0.0541937185479115,0.05136552495014499,-0.0009376334667200459,0.008238134204415295,-0.009803358368456604,0.012805182172477881,0.8719383858631172
2.303376688344172,0.002849383290483211,0.0541937185479115,0.05134433525742829,-0.0009464981685790432,0.00830210167004971,-0.009813625238860273,0.012854265146971161,0.8686424372746497
2.3058529264632317,0.0028706007380601833,0.0541937185479115,0.05132311780985132,-0.0009552267726386116,0.008366181465578573,-0.009823400615336708,0.012903185341782393,0.8653402743899036
2.308329164582291,0.002891844696867006,0.0541937185479115,0.0513018738510445,-0.0009638186198755744,0.008430370925224428,-0.009832680456989592,0.012951940352940729,0.8620317614104583
2.3108054027013507,0.0029131139212054957,0.0541937185479115,0.05128060462670601,-0.0009722730886238401,0.00849466733631354,-0.00984146078630301,0.013000527818629983,0.8587167666225102
2.3132816408204104,0.002934407163607003,0.0541937185479115,0.0512593113843045,-0.0009805895945461476,0.008559067940287044,-0.009849737690337718,0.013048945420029502,0.8553951623276183
2.3157578789394697,0.0029557231751302163,0.0541937185479115,0.051237995372781286,-0.0009887675905906278,0.008623569933725523,-0.009857507321893434,0.01309719088213337,0.8520668247747638
2.3182341170585294,0.00297706070565925,0.0541937185479115,0.05121665784225225,-0.0009968065669321584,0.008688170469386164,-0.009864765900636422,0.013145261974547061,0.8487316340937003
2.3207103551775887,0.002998418504201822,0.0541937185479115,0.05119530004370968,-0.0010047060508985876,0.00875286665725169,-0.00987150971419205,0.013193156512261058,0.8453894742295833
2.3231865932966485,0.0030197953191872864,0.0541937185479115,0.051173923228724216,-0.0010124656068817778,0.008817655565590473,-0.0098777351192016,0.01324087235640074,0.8420402328788387
2.3256628314157077,0.0030411898987642502,0.0541937185479115,0.05115252864914725,-0.0010200848362335677,0.008882534222026816,-0.009883438542342934,0.013288407414951851,0.8386838014262626
2.3281390695347675,0.0030626009910976124,0.0541937185479115,0.05113111755681389,-0.0010275633771467303,0.008947499614621032,-0.00988861648131461,0.013335759643461278,0.835320074883315
2.3306153076538267,0.003084027344664786,0.0541937185479115,0.05110969120324672,-0.0010349009045209135,0.009012548692958085,-0.009893265505782912,0.01338292704571218,0.8319489518275985
2.3330915457728865,0.0031054677085508645,0.0541937185479115,0.05108825083936064,-0.001042097129813738,0.009077678369244422,-0.009897382258291558,0.013429907674373364,0.8285703343434929
2.335567783891946,0.003126920832742519,0.0541937185479115,0.051066797715168984,-0.0010491518008770855,0.009142885519411897,-0.009900963455133594,0.013476699631622081,0.8251841279639277
2.3380440220110055,0.0031483854684203824,0.0541937185479115,0.05104533307949112,-0.0010560647017787011,0.009208166984228279,-0.009904005887185251,0.01352330106974003,0.8217902416132665
2.340520260130065,0.0031698603682497814,0.0541937185479115,0.05102385817966172,-0.0010628356526092223,0.009273519570413351,-0.009906506420701367,0.013569710191681945,0.8183885875512854
2.3429964982491245,0.003191344286669527,0.0541937185479115,0.051002374261241976,-0.0010694645092747955,0.009338940051759885,-0.00990846199807236,0.013615925251616543,0.8149790813182348
2.345472736368184,0.0032128359801785467,0.0541937185479115,0.050980882567732956,-0.0010759511632753471,0.009404425170258803,-0.00990986963854214,0.013661944555439266,0.8115616416809374
2.3479489744872435,0.0032343342076201834,0.0541937185479115,0.05095938434029132,-0.0010822955414687301,0.009469971637227502,-0.009910726438887175,0.013707766461256574,0.8081361905799376
2.350425212606303,0.0032558377304639993,0.0541937185479115,0.0509378808174475,-0.0010884976058208966,0.009535576134440893,-0.009911029574056315,0.013753389379841524,0.8047026530776517
2.3529014507253625,0.003277345313084719,0.0541937185479115,0.050916373234826784,-0.0010945573531422205,0.009601235315263938,-0.009910776297771349,0.013798811775060118,0.8012609573075259
2.3553776888444222,0.003298855723038327,0.0541937185479115,0.050894862824873176,-0.001100474814810227,0.009666945805785426,-0.009909963943088154,0.013844032164268463,0.7978110344241554
2.357853926963482,0.003320367731334928,0.0541937185479115,0.050873350816576575,-0.0011062500564788381,0.009732704205951681,-0.009908589922918428,0.013889049118680162,0.7943528185543735
2.3603301650825412,0.0033418801127082717,0.0541937185479115,0.05085183843520323,-0.0011118831777744416,0.009798507090699822,-0.009906651730512027,0.01393386126370403,0.7908862467492737
2.362806403201601,0.003363391645881772,0.0541937185479115,0.05083032690202973,-0.0011173743119788923,0.009864351011089664,-0.009904146939899787,0.013978467279251757,0.7874112589371496
2.3652826413206602,0.00338490111383076,0.0541937185479115,0.05080881743408074,-0.0011227236256997264,0.009930232495433363,-0.009901073206297045,0.014022865900015374,0.783927797877346
2.36775887943972,0.0034064073040408135,0.0541937185479115,0.05078731124387069,-0.0011279313185278332,0.009996148050422374,-0.00989742826646783,0.014067055915714539,0.7804358091149848
2.3702351175587792,0.0034279090087620395,0.0541937185479115,0.05076580953914946,-0.0011329976226827736,0.010062094162250606,-0.009893209939049873,0.014111036171313322,0.7769352409365653
2.372711355677839,0.0034494050252590405,0.0541937185479115,0.05074431352265246,-0.0011379228026460442,0.010128067297733322,-0.009888416124840604,0.014154805567206595,0.7734260443264115
2.3751875937968987,0.0034708941560564616,0.0541937185479115,0.05072282439185504,-0.0011427071547825151,0.01019406390542087,-0.009883044807044274,0.014198363059375873,0.7699081729239525
2.377663831915958,0.00349237520917995,0.0541937185479115,0.05070134333873155,-0.001147351006950315,0.010260080416706601,-0.009877094051480472,0.014241707659514614,0.7663815829818221
2.3801400700350177,0.0035138469983923074,0.0541937185479115,0.050679871549519195,-0.0011518547180994559,0.010326113246928316,-0.009870562006754187,0.014284838435123013,0.76284623332475
2.382616308154077,0.003535308343424755,0.0541937185479115,0.05065841020448675,-0.001156218677859431,0.010392158796462294,-0.009863446904387828,0.014327754509572199,0.7593020853092494
2.3850925462731367,0.003556758070203128,0.0541937185479115,0.050636960477708375,-0.0011604433061161434,0.010458213451809646,-0.009855747058915322,0.01437045506213809,0.7557491027840544
2.387568784392196,0.003578195011068784,0.0541937185479115,0.05061552353684272,-0.0011645290525783784,0.010524273586673736,-0.009847460867938852,0.01441293932800473,0.7521872520513296
2.3900450225112557,0.0035996180049942816,0.0541937185479115,0.05059410054291722,-0.0011684763963342054,0.010590335563028673,-0.009838586812148341,0.014455206598237505,0.7486165018285913
2.392521260630315,0.00362102589779343,0.0541937185479115,0.05057269265011807,-0.0011722858453975312,0.010656395732177523,-0.009829123455304345,0.01449725621972604,0.7450368232113714
2.3949974987493747,0.0036424175423257765,0.0541937185479115,0.050551301005585726,-0.0011759579362451882,0.01072245043580022,-0.009819069444184461,0.0145390875950972,0.741448189636566
2.3974737368684345,0.0036637917986953733,0.0541937185479115,0.05052992674921613,-0.0011794932333448272,0.010788496006990101,-0.009808423508494073,0.014580700182598246,0.7378505768464888
2.3999499749874937,0.0036851475344435794,0.0541937185479115,0.05050857101346792,-0.0011828923286739514,0.010854528771278692,-0.009797184460741518,0.014622093495950297,0.7342439628535878
2.4024262131065535,0.0037064836247360303,0.0541937185479115,0.05048723492317547,-0.0011861558412304472,0.010920545047648137,-0.009785351196078502,0.014663267104172496,0.7306283279058264
2.4049024512256127,0.0037277989525433403,0.0541937185479115,0.05046591959536816,-0.0011892844165348679,0.010986541149530476,-0.00977292269210607,0.014704220631376837,0.7270036544527111
2.4073786893446725,0.0037490924088157893,0.0541937185479115,0.05044462613909571,-0.0011922787261248848,0.011052513385793593,-0.009759898008646751,0.014744953756534247,0.7233699271119406
2.4098549274637318,0.003770362892651591,0.0541937185479115,0.05042335565525991,-0.0011951394670421827,0.011118458061712806,-0.009746276287483507,0.01478546621321187,0.7197271326366843
2.4123311655827915,0.003791609311458867,0.0541937185479115,0.050402109236452636,-0.0011978673613121972,0.011184371479928071,-0.009732056752065992,0.014825757789282197,0.7160752598834503
2.4148074037018508,0.0038128305811111207,0.0541937185479115,0.05038088796680038,-0.0012004631554169728,0.011250249941385829,-0.0097172387071848,0.014865828326604016,0.7124142997805515
2.4172836418209105,0.0038340256260962075,0.0541937185479115,0.050359692921815295,-0.0012029276197615029,0.011316089746265374,-0.00970182153861421,0.014905677720675801,0.708744245297134
2.41975987993997,0.0038551933796586654,0.0541937185479115,0.05033852516825284,-0.0012052615481339508,0.011381887194888958,-0.00968580471272434,0.014945305920261729,0.7050650914127802
2.4222361180590295,0.003876332783935406,0.0541937185479115,0.0503173857639761,-0.0012074657571600406,0.011447638588615432,-0.009669187776063175,0.014984712926990848,0.7013768350876501
2.4247123561780892,0.0038974427900846306,0.0541937185479115,0.05029627575782687,-0.0012095410857519539,0.011513340230716781,-0.009651970354909103,0.015023898794929555,0.6976794752331567
2.4271885942971485,0.003918522358408005,0.0541937185479115,0.0502751961895035,-0.0012114883945521565,0.01157898842723723,-0.009634152154795007,0.01506286363012807,0.6939730126831685
2.4296648324162082,0.003939570458465977,0.0541937185479115,0.050254148089445526,-0.001213308565372422,0.01164457948783456,-0.009615732960004217,0.01510160759014115,0.6902574501657118
2.4321410705352675,0.0039605860691861935,0.0541937185479115,0.05023313247872531,-0.001215002500628453,0.011710109726603059,-0.009596712633039411,0.01514013088352349,0.6865327922751766
2.4346173086543272,0.003981568178965063,0.0541937185479115,0.05021215036894644,-0.001216571122770426,0.011775575462878033,-0.00957709111406501,0.015178433769300382,0.6827990454449977
2.4370935467733865,0.0040025157857623075,0.0541937185479115,0.050191202762149195,-0.0012180153737098123,0.011840973022021199,-0.00955686842032394,0.015216516556413916,0.6790562179208126
2.4395697848924462,0.004023427897188618,0.0541937185479115,0.050170290650722885,-0.0012193362142428233,0.011906298736186987,-0.009536044645529516,0.015254379603145452,0.6753043197340708
2.442046023011506,0.004044303530586248,0.0541937185479115,0.050149415017325255,-0.0012205346234708241,0.011971548945069061,-0.009514619959233271,0.015292023316514539,0.6715433626760982
2.4445222611305653,0.0040651417131026685,0.0541937185479115,0.050128576834808834,-0.0012216115982180541,0.01203671999662715,-0.009492594606169424,0.01532944815165506,0.667773360272583
2.446998499249625,0.004085941481757199,0.0541937185479115,0.0501077770661543,-0.0012225681524469976,0.012101808247793645,-0.00946996890557702,0.015366654611169013,0.6639943277584957
2.4494747373686843,0.00410670188350061,0.0541937185479115,0.05008701666441089,-0.0012234053166717523,0.012166810065159827,-0.00944674325050035,0.015403643244458384,0.6602062820534123
2.451950975487744,0.004127421975267741,0.0541937185479115,0.05006629657264376,-0.001224124137369708,0.012231721825641525,-0.009422918107068558,0.015440414647035737,0.6564092417372361
2.4544272136068033,0.004148100824023122,0.0541937185479115,0.05004561772388838,-0.001224725676391915,0.012296539917123844,-0.009398494013755466,0.015476969459814069,0.6526032270263192
2.456903451725863,0.004168737506799629,0.0541937185479115,0.050024981041111874,-0.0012252110103723932,0.01236126073908509,-0.00937347158062,0.0155133083683764,0.6487882597499378
2.4593796898449227,0.004189331110730117,0.0541937185479115,0.050004387437181386,-0.0012255812301367912,0.012425880703199249,-0.009347851488528609,0.015549432102225664,0.6449643633271565
2.461855927963982,0.004209880733072192,0.0541937185479115,0.04998383781483931,-0.0012258374401106645,0.012490396233917343,-0.009321634488360174,0.015585341434015567,0.6411315627440329
2.4643321660830417,0.00423038548122609,0.0541937185479115,0.04996333306668541,-0.001225980757727735,0.012554803769027328,-0.009294821400194444,0.015621037178762984,0.6372898845311715
2.466808404202101,0.004250844472745555,0.0541937185479115,0.04994287407516595,-0.0012260123128383592,0.01261909976019223,-0.009267413112484637,0.015656520193042124,0.6334393567416083
2.4692846423211607,0.00427125683534204,0.0541937185479115,0.04992246171256946,-0.0012259332471186361,0.012683280673466867,-0.00923941058121541,0.015691791374161632,0.6295800089290198
2.47176088044022,0.0042916217068820345,0.0541937185479115,0.04990209684102947,-0.0012257447134803566,0.012747342989792607,-0.009210814829046801,0.01572685165932467,0.6257118721262485
2.4742371185592797,0.004311938235377691,0.0541937185479115,0.04988178031253381,-0.0012254478754821522,0.012811283205470564,-0.00918162694444502,0.015761702024772926,0.6218349788241213
2.476713356678339,0.004332205578970745,0.0541937185479115,0.04986151296894076,-0.0012250439067421149,0.01287509783261277,-0.009151848080801144,0.015796343484914908,0.6179493629505722
2.4791895947973988,0.004352422905909842,0.0541937185479115,0.04984129564200166,-0.0012245339903521662,0.012938783399571645,-0.009121479455538314,0.015830777091439267,0.6140550598500375
2.4816658329164585,0.00437258939452128,0.0541937185479115,0.04982112915339022,-0.0012239193182944914,0.013002336451347522,-0.009090522349208527,0.01586500393241364,0.6101521062631328
2.4841420710355178,0.004392704233173235,0.0541937185479115,0.04980101431473827,-0.0012232010908602914,0.013065753549974395,-0.009058978104579727,0.01589902513136964,0.6062405403065897
2.4866183091545775,0.004412766620233641,0.0541937185479115,0.04978095192767786,-0.0012223805160711367,0.013129031274883952,-0.009026848125714066,0.015932841846374692,0.6023204014534427
2.4890945472736368,0.0044327757640216375,0.0541937185479115,0.049760942783889865,-0.0012214588091031655,0.013192166223247674,-0.008994133877038315,0.015966455269091042,0.5983917305134737
2.4915707853926965,0.00445273088275281,0.0541937185479115,0.04974098766515869,-0.0012204371917144282,0.013255155010297514,-0.008960836882407008,0.01599986662382287,0.594454569613877
2.494047023511756,0.004472631204478168,0.0541937185479115,0.049721087343433334,-0.0012193168916755895,0.013317994269624748,-0.008926958724159457,0.016033077166551786,0.5905089621801672
2.4965232616308155,0.00449247596701715,0.0541937185479115,0.04970124258089435,-0.001218099142204259,0.013380680653457587,-0.008892501042171182,0.016066088183961574,0.5865549529172924
2.498999499749875,0.0045122644178844235,0.0541937185479115,0.04968145413002708,-0.0012167851814031804,0.013443210832917163,-0.008857465532900772,0.016098900992452453,0.5825925877909682
2.5014757378689345,0.004531995814211015,0.0541937185479115,0.04966172273370049,-0.0012153762517025275,0.013505581498252596,-0.008821853948432922,0.01613151693714588,0.5786219140092046
2.5039519759879942,0.00455166942265936,0.0541937185479115,0.04964204912525214,-0.0012138735993065166,0.013567789359054656,-0.008785668095518409,0.016163937390879946,0.5746429800040357
2.5064282141070535,0.004571284519332815,0.0541937185479115,0.04962243402857869,-0.0012122784736445587,0.01362983114444878,-0.00874890983461184,0.016196163753196425,0.5706558354134248
2.5089044522261132,0.00459084038967944,0.0541937185479115,0.04960287815823206,-0.001210592126827175,0.01369170360326717,-0.008711581078907946,0.016228197449319692,0.5666605310633547
2.5113806903451725,0.00461033632839037,0.0541937185479115,0.04958338221952113,-0.0012088158131068867,0.013753403504200458,-0.00867368379337723,0.01626003992912835,0.5626571189500849
2.5138569284642323,0.00462977163929261,0.0541937185479115,0.04956394690861889,-0.0012069507883442497,0.013814927635928953,-0.0086352199938016,0.016291692666119885,0.5586456522225683
2.5163331665832915,0.004649145635236711,0.0541937185479115,0.04954457291267479,-0.0012049983094792652,0.013876272807233789,-0.008596191745810952,0.016323157156369113,0.5546261851650304
2.5188094047023513,0.004668457637979129,0.0541937185479115,0.049525260909932374,-0.0012029596340083263,0.013937435847088238,-0.008556601163921165,0.016354434917480863,0.5505987731796839
2.5212856428214105,0.004687706978059564,0.0541937185479115,0.04950601156985194,-0.0012008360194668871,0.013998413604729252,-0.008516450410574517,0.016385527487537407,0.5465634727695965
2.5237618809404703,0.004706892994673327,0.0541937185479115,0.049486825553238176,-0.0011986287229180334,0.014059202949709774,-0.008475741695182932,0.01641643642404132,0.5425203415216789
2.52623811905953,0.004726015035538857,0.0541937185479115,0.049467703512372646,-0.0011963390004471075,0.014119800771931762,-0.008434477273175107,0.01644716330285415,0.5384694380898125
2.5287143571785893,0.004745072456760542,0.0541937185479115,0.04944864609115096,-0.0011939681066625639,0.014180203981660507,-0.0083926594450478,0.01647770971713152,0.5344108221780844
2.531190595297649,0.004764064622686921,0.0541937185479115,0.04942965392522458,-0.0011915172942031736,0.014240409509520328,-0.008350290555422257,0.016508077276255133,0.5303445545241414
2.5336668334167083,0.004782990905764423,0.0541937185479115,0.04941072764214708,-0.001188987813251774,0.014300414306472014,-0.008307372992106368,0.01653826760476223,0.5262706968826537
2.536143071535768,0.0048018506863867425,0.0541937185479115,0.04939186786152476,-0.0011863809110556392,0.014360215343772352,-0.00826390918516301,0.01656828234127293,0.5221893120088715
2.5386193096548273,0.004820643352740017,0.0541937185479115,0.049373075195171486,-0.0011836978314536699,0.01441980961291601,-0.00821990160598545,0.016598123137416085,0.5181004636422829
2.541095547773887,0.0048393683006438815,0.0541937185479115,0.04935435024726762,-0.0011809398144104555,0.014479194125560159,-0.008175352766380206,0.016627791656753953,0.514004216490354
2.5435717858929467,0.004858024933388577,0.0541937185479115,0.049335693614522926,-0.0011781080955573908,0.014538365913432086,-0.008130265217658169,0.01665728957370635,0.5099006362123605
2.546048024012006,0.004876612661568226,0.0541937185479115,0.049317105886343277,-0.001175203905740916,0.014597322028220268,-0.008084641549734269,0.016686618572474603,0.5057897894032856
2.5485242621310658,0.004895130902910362,0.0541937185479115,0.04929858764500114,-0.0011722284705779859,0.014656059541449112,-0.008038484390236534,0.016715780345965846,0.5016717435777975
2.551000500250125,0.004913579082101965,0.0541937185479115,0.04928013946580954,-0.001169183010018923,0.014714575544337912,-0.007991796403624983,0.016744776594718146,0.49754656715429335
2.5534767383691848,0.0049319566306119875,0.0541937185479115,0.049261761917299515,-0.0011660687379176347,0.014772867147644187,-0.007944580290320706,0.016773609025826766,0.49341432943899727
2.555952976488244,0.0049502629865105854,0.0541937185479115,0.04924345556140092,-0.0011628868616094033,0.014830931481491894,-0.007896838785845958,0.016802279351872125,0.48927510061012475
2.5584292146073038,0.0049684975942852205,0.0541937185479115,0.04922522095362628,-0.0011596385814962458,0.014888765695184972,-0.007848574659975455,0.016830789289849886,0.4851289517020887
2.560905452726363,0.004986659904653676,0.0541937185479115,0.04920705864325783,-0.0011563250906399519,0.01494636695700634,-0.007799790715899612,0.016859140560103434,0.48097595458976367
2.5633816908454228,0.00500474937437418,0.0541937185479115,0.04918896917353732,-0.0011529475743628265,0.015003732454003113,-0.007750489789399859,0.01688733488525936,0.4768161819727778
2.5658579289644825,0.005022765466052771,0.0541937185479115,0.04917095308185873,-0.0011495072098562853,0.01506085939175807,-0.00770067474803688,0.01691537398916619,0.4726497073598594
2.568334167083542,0.005040707647948048,0.0541937185479115,0.049153010899963455,-0.0011460051657972564,0.015117744994148054,-0.007650348490351828,0.016943259595836837,0.4684766050532054
2.5708104052026015,0.005058575393773378,0.0541937185479115,0.049135143154138125,-0.0011424426019724884,0.015174386503089624,-0.007599513945081077,0.016970993428395118,0.464296950132881
2.573286643321661,0.005076368182496752,0.0541937185479115,0.04911735036541475,-0.0011388206689108339,0.015230781178272213,-0.007548174070384994,0.01699857720802666,0.46011081844125357
2.5757628814407205,0.00509408549813848,0.0541937185479115,0.04909963304977302,-0.0011351405075234761,0.015286926296879553,-0.0074963318530908915,0.017026012652934706,0.4559182865674384
2.57823911955978,0.00511172682956669,0.0541937185479115,0.04908199171834481,-0.0011314032487522293,0.015342819153299433,-0.007443990307950672,0.017053301477300973,0.4517194318317697
2.5807153576788395,0.005129291670290942,0.0541937185479115,0.04906442687762056,-0.0011276100132258226,0.015398457058822458,-0.007391152476913475,0.017080445390252077,0.4475143322702861
2.583191595797899,0.005146779518254013,0.0541937185479115,0.04904693902965749,-0.0011237619109243108,0.015453837341330106,-0.0073378214284135395,0.017107446094831738,0.44330306661922536
2.5856678339169585,0.00516418987562197,0.0541937185479115,0.04902952867228953,-0.001119860040851553,0.01550895734497262,-0.007284000256673716,0.017134305286979186,0.43908571429952886
2.5881440720360183,0.005181522248572726,0.0541937185479115,0.04901219629933878,-0.0011159054907157887,0.015563814429836993,-0.0072296920810249014,0.01716102465451397,0.4348623554013576
2.5906203101550775,0.005198776147083112,0.0541937185479115,0.04899494240082839,-0.0011118993366183486,0.015618405971605688,-0.0071749000452414995,0.01718760587612756,0.43063307066860246
2.5930965482741373,0.00521595108471478,0.0541937185479115,0.04897776746319672,-0.0011078426427504773,0.01567272936120649,-0.007119627316893388,0.017214050620382136,0.4263979414833997
2.5955727863931966,0.005233046578398841,0.0541937185479115,0.04896067196951266,-0.001103736461098273,0.01572678200445366,-0.00706387708671447,0.017240360544716494,0.422157049850647
2.5980490245122563,0.005250062148219527,0.0541937185479115,0.048943656399691976,-0.0010995818311557576,0.01578056132168131,-0.0070076525679880295,0.017266537294459865,0.41791047838250683
2.6005252626313156,0.005266997317196993,0.0541937185479115,0.04892672123071451,-0.001095379779646041,0.015834064747368877,-0.006950956995949248,0.017292582501853376,0.4136583102829163
2.6030015007503753,0.005283851611069319,0.0541937185479115,0.04890986693684218,-0.001091131320250629,0.015887289729759804,-0.006893793627204803,0.01731849778508,0.40940062933207233
2.6054777388694346,0.005300624558073917,0.0541937185479115,0.048893093989837585,-0.0010868374533467506,0.015940233730473076,-0.006836165739169974,0.017344284747302582,0.4051375198709218
2.6079539769884943,0.005317315688728452,0.0541937185479115,0.04887640285918305,-0.001082499165752828,0.015992894224108888,-0.00677807662952318,0.017369944975710885,0.4008690667856238
2.610430215107554,0.00533392453561133,0.0541937185479115,0.04885979401230017,-0.001078117430481957,0.016045268697848097,-0.006719529615678365,0.017395480040577282,0.39659535549201613
2.6129064532266133,0.0053504506331420384,0.0541937185479115,0.048843267914769464,-0.0010736932065033978,0.016097354651046558,-0.006660528034274981,0.017420891494321786,0.39231647192004854
2.615382691345673,0.005366893517361353,0.0541937185479115,0.04882682503055015,-0.0010692274385121219,0.016149149594824403,-0.006601075240685974,0.017446180870586393,0.3880325024982077
2.6178589294647323,0.005383252725711475,0.0541937185479115,0.04881046582220003,-0.001064721056706252,0.016200651051650684,-0.006541174608543787,0.017471349683318926,0.38374353413792783
2.620335167583792,0.005399527796816482,0.0541937185479115,0.04879419075109502,-0.001060174976572501,0.016251856554924192,-0.006480829529284313,0.01749639942586691,0.3794496542179714
2.6228114057028513,0.005415718270262854,0.0541937185479115,0.04877800027764865,-0.0010555900986794816,0.016302763648550395,-0.00642004341170905,0.017521331570081223,0.375150950568799
2.625287643821911,0.00543182368638058,0.0541937185479115,0.04876189486153092,-0.0010509673084788673,0.016353369886515336,-0.006358819681565356,0.017546147565430124,0.3708475114569129
2.6277638819409703,0.005447843586024612,0.0541937185479115,0.04874587496188689,-0.0010463074761144046,0.016403672832456622,-0.0062971617811449845,0.017570848838123574,0.3665394255691862
2.63024012006003,0.005463777510357107,0.0541937185479115,0.048729941037554396,-0.0010416114562386792,0.01645367005923226,-0.006235073168900571,0.017595436790248203,0.3622267819971537
2.6327163581790898,0.00547962500063031,0.0541937185479115,0.04871409354728119,-0.0010368800878376248,0.0165033591484874,-0.0061725573190806364,0.017619912798913017,0.3579096702213017
2.635192596298149,0.005495385597970401,0.0541937185479115,0.0486983329499411,-0.0010321141940627318,0.016552737690219754,-0.006109617721382522,0.017644278215406064,0.3535881800953184
2.637668834417209,0.005511058843162331,0.0541937185479115,0.04868265970474917,-0.0010273145820708755,0.01660180328234393,-0.006046257880623483,0.017668534364362182,0.34926240183032303
2.640145072536268,0.005526644276435719,0.0541937185479115,0.048667074271475784,-0.0010224820428717503,0.01665055353025508,-0.005982481316430094,0.017692682542942016,0.3449324259790849
2.642621310655328,0.005542141437252096,0.0541937185479115,0.04865157711065941,-0.001017617351182833,0.016698986046392514,-0.005918291562945346,0.017716724020022494,0.34059834342019735
2.645097548774387,0.005557549864093396,0.0541937185479115,0.04863616868381811,-0.001012721265291857,0.01674709844980335,-0.005853692168554061,0.01774066003539882,0.3362602453422506
2.647573786893447,0.005572869094252031,0.0541937185479115,0.04862084945365947,-0.001007794526926671,0.016794888365707042,-0.005788686695625921,0.017764491798998312,0.3319182232279637
2.6500500250125065,0.005588098663622455,0.0541937185479115,0.04860561988428905,-0.0010028378611325363,0.016842353425060744,-0.005723278720276476,0.017788220490105942,0.32757236883830876
2.652526263131566,0.005603238106494483,0.0541937185479115,0.04859048044141702,-0.0009978519761566947,0.016889491264126293,-0.00565747183214569,0.017811847256602002,0.3232227741966025
2.6550025012506255,0.00561828695534846,0.0541937185479115,0.04857543159256304,-0.0009928375633402311,0.016936299524039123,-0.005591269634194103,0.01783537321421194,0.3188695315725799
2.657478739369685,0.005633244740652271,0.0541937185479115,0.04856047380725923,-0.0009877952970171423,0.016982775850379328,-0.0055246757425164335,0.017858799445768375,0.31451273346645064
2.6599549774887445,0.005648110990660524,0.0541937185479115,0.04854560755725098,-0.0009827258344205286,0.017028917892745594,-0.005457693786172382,0.01788212700048559,0.3101524725929294
2.662431215607804,0.005662885231215727,0.0541937185479115,0.048530833316695776,-0.0009776298155959244,0.017074723304332087,-0.005390327407034665,0.017905356893246512,0.30578884186525557
2.6649074537268636,0.005677566985551892,0.0541937185479115,0.04851615156235961,-0.0009725078633215996,0.017120189741509,-0.005322580259653796,0.0179284901039024,0.30142193437918285
2.667383691845923,0.00569215577410042,0.0541937185479115,0.04850156277381108,-0.0009673605830358939,0.01716531486340691,-0.005254456011139887,0.017951527576585295,0.29705184339696644
2.6698599299649826,0.005706651114298453,0.0541937185479115,0.04848706743361305,-0.0009621885627714081,0.017210096331505408,-0.0051859583410607665,0.01797447021903326,0.2926786623313222
2.6723361680840423,0.005721052520399929,0.0541937185479115,0.048472666027511574,-0.000956992373096099,0.017254531809226523,-0.005117090941356659,0.017997318901928818,0.2883024847293798
2.6748124062031016,0.005735359503289204,0.0541937185479115,0.0484583590446223,-0.0009517725670611186,0.017298618961533084,-0.005047857516270909,0.018020074458250296,0.2839234042566196
2.6772886443221613,0.005749571570297554,0.0541937185479115,0.04844414697761395,-0.000946529680155404,0.01734235545453265,-0.004978261782296604,0.01804273768263656,0.2795415146807946
2.6797648824412206,0.005763688225022601,0.0541937185479115,0.0484300303228889,-0.0009412642302669637,0.01738573895508718,-0.004908307468139039,0.01806530933076501,0.2751569098558518
2.6822411205602803,0.005777708967150706,0.0541937185479115,0.048416009580760797,-0.0009359767176507303,0.01742876713042901,-0.004837998314693416,0.018087790118743056,0.2707696837058327
2.6847173586793396,0.005791633292282473,0.0541937185479115,0.04840208525562903,-0.0009306676249029844,0.017471437647783174,-0.00476733807503792,0.018110180722513,0.26637993020878026
2.6871935967983993,0.005805460691761591,0.0541937185479115,0.04838825785614991,-0.0009253374169422937,0.017513748173997076,-0.004696330514441579,0.018132481777270896,0.26198774338062775
2.6896698349174586,0.005819190652506835,0.0541937185479115,0.04837452789540467,-0.00091998654099686,0.017555696375177003,-0.004624979410386913,0.018154693876898775,0.25759321725909834
2.6921460730365183,0.005832822656847633,0.0541937185479115,0.04836089589106387,-0.0009146154265982278,0.017597279916332642,-0.004553288552606737,0.01817681757341102,0.253196445887588
2.694622311155578,0.005846356182363045,0.0541937185479115,0.04834736236554846,-0.0009092244855813448,0.0176384964610294,-0.004481261743135269,0.018198853376414525,0.24879752329906368
2.6970985492746373,0.005859790701724529,0.0541937185479115,0.04833392784618697,-0.0009038141120908875,0.017679343671049313,-0.004408902796372867,0.018220801752583116,0.24439654349995493
2.699574787393697,0.005873125682542252,0.0541937185479115,0.04832059286536925,-0.0008983846825937284,0.01771981920606042,-0.004336215539164212,0.018242663125145872,0.23999360045405227
2.7020510255127563,0.005886360587215353,0.0541937185479115,0.04830735796069615,-0.000892936555897627,0.01775992072329537,-0.004263203810889715,0.018264437873389945,0.23558878806641523
2.704527263631816,0.0058994948727860985,0.0541937185479115,0.048294223675125404,-0.0008874700731759605,0.017799645877239364,-0.00418987146356962,0.018286126332177608,0.23118220016728414
2.7070035017508753,0.0059125279907980485,0.0541937185479115,0.048281190557113454,-0.0008819855579985277,0.017838992319327864,-0.0041162223619807285,0.018307728791477896,0.22677393049601113
2.709479739869935,0.005925459387158383,0.0541937185479115,0.04826825916075312,-0.0008764833163683022,0.017877957697654347,-0.004042260383785034,0.018329245495912708,0.2223640726849928
2.7119559779889943,0.005938288502004362,0.0541937185479115,0.04825543004590714,-0.0008709636367641395,0.017916539656688338,-0.0039679894196703825,0.01835067664431756,0.21795272024363418
2.714432216108054,0.0059510147695742074,0.0541937185479115,0.048242703778337295,-0.00086542679018936,0.0179547358370044,-0.003893413373502288,0.01837202238931731,0.21353996654231358
2.716908454227114,0.005963637618082315,0.0541937185479115,0.04823008092982919,-0.0008598730302261525,0.01799254387502187,-0.003818536162487011,0.018393282836916526,0.2091259047963833
2.719384692346173,0.005976156469598988,0.0541937185479115,0.048217562078312515,-0.0008543025930957738,0.018029961402756145,-0.0037433617173451422,0.018414458046105007,0.2047106280501821
2.721860930465233,0.005988570739934772,0.0541937185479115,0.04820514780797673,-0.0008487156977244319,0.018066986047581498,-0.00366789398249556,0.01843554802847834,0.20029422916107875
2.724337168584292,0.0060008798385294965,0.0541937185479115,0.048192838709382006,-0.0008431125458149146,0.018103615432005872,-0.0035921369162492563,0.018456552747873636,0.1958768007835421
2.726813406703352,0.006013083168346034,0.0541937185479115,0.04818063537956547,-0.000837493321923781,0.018139847173457915,-0.003516094491012622,0.018477472120020596,0.19145843535323895
2.729289644822411,0.006025180125769039,0.0541937185479115,0.048168538422142464,-0.0008318581935442175,0.018175678884086586,-0.003439770693499917,0.018498306012208036,0.18703922507116955
2.731765882941471,0.006037170100508506,0.0541937185479115,0.048156548447403,-0.000826207311194331,0.018211108170573496,-0.0033631695249542806,0.01851905424296581,0.18261926188783134
2.7342421210605306,0.006049052475508528,0.0541937185479115,0.048144666072402975,-0.0008205408085110483,0.01824613263395851,-0.0032862950013771578,0.018539716581762577,0.17819863748742734
2.73671835917959,0.006060826626861082,0.0541937185479115,0.04813289192105042,-0.000814858802349383,0.018280749869478533,-0.0032091511537654565,0.018560292748719065,0.17377744327211034
2.7391945972986496,0.006072491923725137,0.0541937185479115,0.048121226624186365,-0.0008091613928871652,0.018314957466420204,-0.0031317420283561203,0.01858078241433749,0.1693557703462682
2.741670835417709,0.0060840477282509894,0.0541937185479115,0.04810967081966051,-0.0008034486637351025,0.018348753007986243,-0.0030540716868777793,0.01860118519924665,0.16493370950086192
2.7441470735367686,0.006095493395510097,0.0541937185479115,0.048098225152401405,-0.0007977206820521921,0.018382134071176247,-0.002976144206808743,0.018621500673963412,0.16051135119779933
2.746623311655828,0.006106828273430315,0.0541937185479115,0.04808689027448119,-0.0007919774986664108,0.01841509822668173,-0.0028979636816413527,0.018641728358670204,0.15608878555437497
2.7490995497748876,0.0061180517027368125,0.0541937185479115,0.04807566684517469,-0.0007862191482006535,0.018447643038796015,-0.002819534221151612,0.018661867723008974,0.15166610232774286
2.751575787893947,0.006129163016898545,0.0541937185479115,0.04806455553101296,-0.0007804456492038888,0.018479766065338937,-0.0027408599516743617,0.018681918185891537,0.1472433908994649
2.7540520260130066,0.006140161542080538,0.0541937185479115,0.048053557005830964,-0.0007746570042874643,0.018511464857596815,-0.0026619450163828245,0.018701879115326545,0.14282074026009853
2.7565282641320663,0.006151046597102021,0.0541937185479115,0.04804267195080948,-0.0007688532002665953,0.01854273696027788,-0.0025827935755727014,0.01872174982826325,0.13839823899386028
2.7590045022511256,0.006161817493400362,0.0541937185479115,0.04803190105451114,-0.0007630342083068883,0.01857357991148315,-0.002503409806949774,0.01874152959045186,0.13397597526333976
2.7614807403701853,0.006172473535001152,0.0541937185479115,0.04802124501291035,-0.000757199984075997,0.018603991242693463,-0.002423797905920912,0.01876121761632122,0.12955403679428254
2.7639569784892446,0.0061830140184942345,0.0541937185479115,0.04801070452941727,-0.0007513504679002685,0.01863396847877235,-0.002343962085887976,0.01878081306887329,0.12513251086044674
2.7664332166083043,0.0061934382330159354,0.0541937185479115,0.04800028031489557,-0.0007454855849263926,0.018663509137985312,-0.002263906578543792,0.018800315059595014,0.12071148426851559
2.7689094547273636,0.006203745460237511,0.0541937185479115,0.04798997308767399,-0.0007396052452880303,0.018692610732035538,-0.0021836356341702395,0.01881972264838747,0.1162910433430975
2.7713856928464233,0.0062139349743599095,0.0541937185479115,0.04797978357355159,-0.00073370934427735,0.018721270766116384,-0.002103153521937417,0.018839034843512598,0.11187127391178643
2.7738619309654826,0.00622400604211492,0.0541937185479115,0.04796971250579658,-0.0007277977625215165,0.018749486738980678,-0.0020224645302038564,0.018858250601557533,0.10745226129031092
2.7763381690845423,0.00623395792277278,0.0541937185479115,0.04795976062513872,-0.000721870366163968,0.01877725614302713,-0.0019415729668168617,0.01887736882741671,0.1030340902677508
2.778814407203602,0.00624378986815622,0.0541937185479115,0.04794992867975528,-0.0007159270070506108,0.01880457646440382,-0.001860483159412825,0.01889638837429176,0.09861684509184399
2.7812906453226613,0.0062535011226612855,0.0541937185479115,0.04794021742525022,-0.0007099675229207646,0.01883144518312937,-0.001779199455716804,0.01891530804370971,0.09420060945437231
2.783766883441721,0.006263090923284628,0.0541937185479115,0.047930627624626874,-0.0007039917376029142,0.018857859773231424,-0.0016977262238407867,0.018934126585559118,0.08978546647662815
2.7862431215607804,0.0062725584996577086,0.0541937185479115,0.047921160048253794,-0.0006979994612152001,0.018883817702902986,-0.0016160678525805013,0.01895284269814469,0.08537149869498149
2.78871935967984,0.006281903074087672,0.0541937185479115,0.04791181547382383,-0.000691990490370623,0.018909316434676544,-0.0015342287517096116,0.018971455028260243,0.08095878804651686
2.7911955977988994,0.006291123861605137,0.0541937185479115,0.047902594686306366,-0.0006859646083869279,0.018934353425616217,-0.0014522133522715595,0.018989962171280395,0.0765474158547827
2.793671835917959,0.006300220070018972,0.0541937185479115,0.04789349847789253,-0.0006799215855011554,0.018958926127528062,-0.0013700261068677554,0.01900836267127091,0.07213746281561435
2.7961480740370184,0.0063091908999779525,0.0541937185479115,0.04788452764793355,-0.0006738611790888189,0.01898303198718856,-0.0012876714899422515,0.019026655021117982,0.06772900898306781
2.798624312156078,0.0063180355450395825,0.0541937185479115,0.04787568300287192,-0.0006677831338876578,0.019006668446591476,-0.001205153998061816,0.019044837662676475,0.06332213375543617
2.801100550275138,0.006326753191745971,0.0541937185479115,0.04786696535616553,-0.0006616871822259793,0.019029832943213233,-0.0011224781501914035,0.019062908986937455,0.05891691586137836
2.803576788394197,0.006335343019706854,0.0541937185479115,0.04785837552820465,-0.0006555730442555229,0.01905252291029673,-0.0010396484879639945,0.01908086733421486,0.054513433346136085
2.806053026513257,0.006343804201689902,0.0541937185479115,0.0478499143462216,-0.0006494404281888067,0.019074735777153885,-0.0009566695759445885,0.01909871099435175,0.050111763557856695
2.808529264632316,0.006352135903718248,0.0541937185479115,0.047841582644193255,-0.0006432890305409912,0.01909646896948688,-0.000873546001887831,0.019116438206946123,0.0457119831340244
2.811005502751376,0.006360337285175335,0.0541937185479115,0.04783338126273617,-0.0006371185363761292,0.01911771990972808,-0.0007902823769884057,0.01913404716159631,0.04131416798798408
2.813481740870435,0.006368407498917199,0.0541937185479115,0.047825311048994304,-0.0006309286195578497,0.019138486017398943,-0.0007068833361241931,0.01915153599816644,0.03691839329558642
2.815957978989495,0.006376345691392067,0.0541937185479115,0.047817372856519436,-0.0006247189430044109,0.019158764709487672,-0.0006233535380910306,0.01916890280707169,0.032524733481923404
2.8184342171085546,0.006384151002767471,0.0541937185479115,0.04780956754514403,-0.0006184891589480655,0.01917855340084576,-0.0005396976658291847,0.019186145629583706,0.028133262208188924
2.820910455227614,0.006391822567064852,0.0541937185479115,0.04780189598084665,-0.0006122389091987668,0.019197849504603643,-0.0004559204266404547,0.019203262458156383,0.023744052358636646
2.8233866933466736,0.00639935951230166,0.0541937185479115,0.04779435903560984,-0.0006059678254120883,0.019216650432605106,-0.0003720265523956775,0.01922025123677184,0.0193571760276528
2.825862931465733,0.006406760960641064,0.0541937185479115,0.04778695758727044,-0.0005996755293614124,0.019234953595860693,-0.00028802079973211993,0.019237109861306934,0.014972704506945442
2.8283391695847926,0.006414026028549215,0.0541937185479115,0.04777969251936229,-0.000593361633214278,0.01925275640502015,-0.00020390795023995549,0.019253836179920495,0.010590708272836907
2.830815407703852,0.00642115382696011,0.0541937185479115,0.04777256472095139,-0.0005870257398128882,0.019270056270863596,-0.0001196928106376942,0.019270427993461063,0.006211256973681342
2.8332916458229116,0.006428143461448224,0.0541937185479115,0.04776557508646328,-0.000580667442958707,0.01928685060481182,-3.5380212935590496e-05,0.01928688305589572,0.001834419417384482
2.835767883941971,0.00643499403240861,0.0541937185479115,0.04775872451550289,-0.0005742863277011412,0.019303136819455162,4.902498541301117e-05,0.019303199074759612,-0.002539736440948186
2.8382441220610306,0.006441704635244842,0.0541937185479115,0.04775201391266666,-0.0005678819706302122,0.019318912329101382,0.0001335179013734233,0.019319373711626692,-0.006911143511260779
2.8407203601800903,0.006448274360564617,0.0541937185479115,0.047745444187346886,-0.0005614539401732153,0.01933417455034216,0.00021809362620450718,0.01933540458260156,-0.011279735580669041
2.8431965982991496,0.006454702294383011,0.0541937185479115,0.04773901625352849,-0.0005550017968952957,0.019348920902638244,0.0003027472253475034,0.01935128925883252,-0.015645447325468992
2.8456728364182093,0.006460987518333447,0.0541937185479115,0.047732731029578056,-0.0005485250938038803,0.019363148808923033,0.0003874737383293713,0.01936702526704585,-0.020008214323034967
2.8481490745372686,0.006467129109886498,0.0541937185479115,0.047726589438025005,-0.0005420233766569608,0.01937685569622483,0.00047226817868073695,0.019382610090101775,-0.024367973063585308
2.8506253126563283,0.006473126142576266,0.0541937185479115,0.04772059240533524,-0.0005354961842751159,0.019390038996307212,0.00055712553386956,0.01939804116757163,-0.028724660961847198
2.8531015507753876,0.006478977686234538,0.0541937185479115,0.047714740861676964,-0.0005289430488572516,0.019402696146327617,0.0006420407652503681,0.019413315896336717,-0.03307821636858683
2.8555777888944474,0.006484682807232571,0.0541937185479115,0.04770903574067893,-0.0005223634962999786,0.01941482458951395,0.0007270088080301753,0.01942843163120865,-0.037428578582037
2.8580540270135066,0.006490240568730682,0.0541937185479115,0.04770347797918082,-0.000515757046520608,0.019426421775859123,0.0008120245712509766,0.019443385685571555,-0.0417756878591915
2.8605302651325664,0.006495650030935392,0.0541937185479115,0.04769806851697611,-0.0005091232137836442,0.019437485162833248,0.0008970829377898707,0.01945817533204582,-0.0461194854269958
2.863006503251626,0.006500910251364261,0.0541937185479115,0.04769280829654724,-0.0005024615070307482,0.019448012216113274,0.0009821787643767312,0.01947279780317363,-0.05045991349340587
2.8654827413706854,0.006506020285118319,0.0541937185479115,0.047687698262793184,-0.0004957714302141029,0.019458000410330023,0.0010673068816303617,0.01948725029212636,-0.05479691525833926
2.867958979489745,0.006510979185162108,0.0541937185479115,0.047682739362749395,-0.0004890524826330726,0.0194674472298322,0.0011524620941133538,0.019501529953433645,-0.0591304349245067
2.8704352176088044,0.006515786002611192,0.0541937185479115,0.04767793254530031,-0.0004823041592741427,0.019476350169467273,0.0012376391804060232,0.019515633903734307,-0.06346041770812062
2.872911455727864,0.006520439787027314,0.0541937185479115,0.04767327876088419,-0.0004755259511540059,0.01948470673537906,0.0013228328932001665,0.019529559222549252,-0.06778680984949607
2.8753876938469234,0.006524939586720818,0.0541937185479115,0.047668778961190685,-0.00046871734566574907,0.019492514445821407,0.0014080379594126878,0.01954330295307585,-0.07210955862352605
2.877863931965983,0.006529284449060625,0.0541937185479115,0.04766443409885088,-0.0004618778269280333,0.019499770831988075,0.0014932490803199082,0.019556862103004388,-0.07642861235005058
2.8803401700850424,0.006533473420791476,0.0541937185479115,0.04766024512712003,-0.00045500687613723046,0.019506473438858408,0.0015784609317126093,0.019570233645356195,-0.0807439204041021
2.882816408204102,0.006537505548358462,0.0541937185479115,0.04765621299955304,-0.00044810397192235167,0.019512619826058272,0.0016636681640725638,0.019583414519343426,-0.08505543322604643
2.885292646323162,0.00654137987823878,0.0541937185479115,0.04765233866967272,-0.0004411685907027463,0.019518207568736214,0.0017488654027705442,0.019596401631250555,-0.089363102331599
2.887768884442221,0.006545095457280596,0.0541937185479115,0.04764862309063091,-0.00043420020704843486,0.019523234258454387,0.0018340472482865882,0.0196091918553375,-0.09366688032173755
2.890245122561281,0.006548651333049028,0.0541937185479115,0.047645067214862474,-0.00042719829404299064,0.019527697504093826,0.0019192082764527064,0.019621782034764244,-0.0979667208925036
2.89272136068034,0.0065520465541789585,0.0541937185479115,0.047641671993732544,-0.00042016232364888544,0.019531594932773774,0.0020043430387182205,0.019634168982536858,-0.10226257884468475
2.8951975987994,0.006555280170734895,0.0541937185479115,0.04763843837717661,-0.0004130917670751304,0.019534924190784658,0.0020894460624384915,0.01964634948247494,-0.1065544100934
2.897673836918459,0.006558351234577459,0.0541937185479115,0.047635367313334044,-0.0004059860951472088,0.019537682944534212,0.0021745118511868763,0.01965832029020016,-0.11084217167756526
2.900150075037519,0.0065612587997366315,0.0541937185479115,0.04763245974817487,-0.0003988447786790715,0.019539868881506516,0.0022595348850907248,0.019670078134146,-0.11512582176926407
2.9026263131565786,0.006564001922791544,0.0541937185479115,0.04762971662511996,-0.00039166728884718364,0.019541479711233337,0.002344509621191193,0.019681619716588425,-0.11940531968299954
2.905102551275638,0.006566579663256689,0.0541937185479115,0.047627138884654814,-0.00038445309756641967,0.01954251316627734,0.0024294304938276725,0.019692941714697248,-0.12368062588485464
2.9075787893946976,0.006568991083974428,0.0541937185479115,0.047624727463937075,-0.0003772016778677209,0.019542967003226688,0.002514291915046776,0.01970404078160814,-0.12795170200154568
2.910055027513757,0.006571235251513825,0.0541937185479115,0.04762248329639768,-0.0003699125042774358,0.01954283900370079,0.0025990882750361226,0.019714913547515218,-0.1322185108293688
2.9125312656328166,0.006573311236575341,0.0541937185479115,0.04762040731133616,-0.00036258505319808126,0.01954212697536617,0.002683813942583454,0.019725556620783593,-0.13648101634305868
2.915007503751876,0.006575218114401593,0.0541937185479115,0.04761850043350991,-0.0003552188032905435,0.01954082875296249,0.002768463265560894,0.01973596658908212,-0.1407391837045373
2.9174837418709356,0.006576954965193789,0.0541937185479115,0.047616763582717714,-0.00034781323585747394,0.019538942199337772,0.002853030571434976,0.019746140020535787,-0.14499297927157884
2.919959979989995,0.0065785208745338525,0.0541937185479115,0.04761519767337765,-0.0003403678352277835,0.019536465206492555,0.0029375101678022044,0.019756073464897713,-0.1492423706063685
2.9224362181090546,0.006579914933811888,0.0541937185479115,0.047613803614099615,-0.00033288208914208266,0.019533395696632195,0.0030218963429507317,0.019765763454740324,-0.15348732648398083
2.9249124562281144,0.006581136240659043,0.0541937185479115,0.04761258230725246,-0.00032535548913891583,0.01952973162322684,0.0031061833664478757,0.01977520650666546,-0.15772781690075652
2.9273886943471736,0.006582183899385363,0.0541937185479115,0.04761153464852614,-0.00031778753094162523,0.019525470972078525,0.003190365489753955,0.01978439912253324,-0.16196381308259705
2.9298649324662334,0.0065830570214226725,0.0541937185479115,0.04761066152648883,-0.0003101777148457204,0.019520611762394537,0.003274436946862435,0.019793337790709117,-0.16619528749317594
2.9323411705852926,0.006583754725772092,0.0541937185479115,0.04760996382213941,-0.00030252554610656415,0.01951515204786676,0.003358391954966262,0.019802018987329053,-0.17042221384205433
2.9348174087043524,0.006584276139456162,0.0541937185479115,0.04760944240845534,-0.0002948305353272082,0.019509089917755996,0.0034422247151508828,0.019810439177582212,-0.17464456709272894
2.9372936468234117,0.006584620397975284,0.0541937185479115,0.04760909814993622,-0.00028709219884623773,0.019502423497980894,0.0035259294131134524,0.019818594817011016,-0.17886232347058384
2.9397698849424714,0.0065847866457682536,0.0541937185479115,0.04760893190214325,-0.00027931005912544245,0.01949515095221061,0.0036095002199088514,0.019826482352828006,-0.18307546047078085
2.9422461230615307,0.006584774036676802,0.0541937185479115,0.0476089445112347,-0.0002714836451371155,0.019487270482960607,0.003692931292721909,0.019834098225249175,-0.1872839568660595
2.9447223611805904,0.006584581734413744,0.0541937185479115,0.04760913681349776,-0.0002636124927508478,0.01947878033269086,0.003776216775666348,0.01984143886884336,-0.19148779271447583
2.94719859929965,0.0065842089130345866,0.0541937185479115,0.047609509634876916,-0.0002556961451195905,0.019469678784905693,0.003859350800609905,0.019848500713897137,-0.19568694936705858
2.9496748374187094,0.006583654757412481,0.0541937185479115,0.04761006379049902,-0.0002477341530648437,0.019459964165254712,0.003942327488026008,0.01985528018779496,-0.19988140947540575
2.952151075537769,0.006582918463716024,0.0541937185479115,0.04761080008419548,-0.00023972607546073922,0.0194496348426337,0.004025140947871663,0.01986177371641375,-0.20407115699921405
2.9546273136568284,0.006581999239889912,0.0541937185479115,0.04761171930802159,-0.0002316714796168724,0.019438689230285217,0.004107785280491302,0.019867977725531793,-0.20825617721373443
2.957103551775888,0.006580896306138007,0.0541937185479115,0.047612822241773496,-0.00022356994165964898,0.019427125786897696,0.004190254577546954,0.019873888642251133,-0.21243645671718367
2.9595797898949474,0.006579608895408776,0.0541937185479115,0.04761410965250273,-0.00021542104691199201,0.01941494301770256,0.004272542922973864,0.019879502896433084,-0.21661198343807794
2.962056028014007,0.00657813625388249,0.0541937185479115,0.04761558229402901,-0.0002072243902711407,0.01940213947556829,0.0043546443939620596,0.019884816922146165,-0.220782746642527
2.9645322661330664,0.0065764776414603265,0.0541937185479115,0.047617240906451176,-0.00019897957658443878,0.019388713762090944,0.004436553061963061,0.01988982715912606,-0.22494873694146056
2.967008504252126,0.006574632332254783,0.0541937185479115,0.04761908621565672,-0.00019068622102280317,0.019374664528680106,0.004518262993721991,0.01989453005424689,-0.22910994629781603
2.969484742371186,0.006572599615081248,0.0541937185479115,0.047621118932830254,-0.00018234394945175177,0.019359990477639456,0.0045997682523343485,0.019898922063003147,-0.2332663680336667
2.971960980490245,0.006570378793950511,0.0541937185479115,0.04762333975396099,-0.00017395239879971656,0.019344690363241244,0.004681062898327514,0.01990299965100178,-0.23741799683731118
2.974437218609305,0.006567969188561666,0.0541937185479115,0.04762574935934984,-0.00016551121742345003,0.01932876299279365,0.004762140990766494,0.019906759295463636,-0.2415648287703192
2.976913456728364,0.006565370134795502,0.0541937185479115,0.047628348413116,-0.00015702006547037252,0.019312207227700506,0.004842996588383492,0.01991019748673382,-0.24570686127453045
2.979389694847424,0.006562580985207671,0.0541937185479115,0.04763113756270383,-0.0001484786152375051,0.019295021984512044,0.004923623750731162,0.01991331072979998,-0.2498440931790265
2.981865932966483,0.006559601109521626,0.0541937185479115,0.04763411743838988,-0.00013988655152693142,0.019277206235966283,0.005004016539358802,0.019916095545818056,-0.2539765247070556
2.984342171085543,0.006556429895120876,0.0541937185479115,0.04763728865279063,-0.00013124357199743386,0.01925875901201988,0.005084169019011434,0.019918548473644673,-0.25810415748293647
2.986818409204602,0.006553066747540262,0.0541937185479115,0.04764065180037124,-0.00012254938751218858,0.019239679400867783,0.0051640752588509205,0.01992066607137553,-0.26222699453892107
2.989294647323662,0.00654951109095598,0.0541937185479115,0.04764420745695552,-0.0001138037224822073,0.019219966549950583,0.005243729333699043,0.019922444917888846,-0.26634504032204304
2.9917708854427216,0.006545762368673914,0.0541937185479115,0.04764795617923759,-0.00010500631520538473,0.01919961966694892,0.005323125325301624,0.0199238816143933,-0.27045830070093113
2.994247123561781,0.006541820043616163,0.0541937185479115,0.04765189850429534,-9.615691820085955e-05,0.019178638020763947,0.005402257323613425,0.019924972785979593,-0.27456678297260595
2.9967233616808406,0.006537683598805202,0.0541937185479115,0.0476560349491063,-8.725529853852165e-05,0.019157020942482988,0.005481119428103296,0.019925715083174887,-0.2786704958692635
2.9991995997999,0.00653335253784549,0.0541937185479115,0.04766036601006601,-7.830123816339289e-05,0.019134767826329564,0.005559705749078558,0.019926105183499212,-0.2827694495650283
3.0016758379189596,0.006528826385402066,0.0541937185479115,0.04766489216250944,-6.92945342146761e-05,0.01911187813059664,0.005638010409028662,0.019926139793022973,-0.28686365568271355
3.004152076038019,0.006524104687676009,0.0541937185479115,0.047669613860235494,-6.0234999339282055e-05,0.019088351378562823,0.0057160275439868315,0.019925815647925116,-0.2909531273005518
3.0066283141570787,0.006519187012876175,0.0541937185479115,0.04767453153503533,-5.112246199952394e-05,0.019064187159389873,0.005793751304909512,0.019925129516050487,-0.29503787895893363
3.0091045522761384,0.006514072951686989,0.0541937185479115,0.047679645596224514,-4.195676677486984e-05,0.019039385129001267,0.0058711758590725555,0.019924078198466068,-0.29911792666713
3.0115807903951977,0.006508762117731985,0.0541937185479115,0.04768495643017952,-3.2737774657407796e-05,0.019013945010940572,0.005948295391483734,0.019922658531014843,-0.30319328791002204
3.0140570285142574,0.006503254148032683,0.0541937185479115,0.04769046439987882,-2.3465363340906265e-05,0.01898786659720901,0.006025104106310634,0.019920867385866684,-0.30726398165482727
3.0165332666333167,0.006497548703462433,0.0541937185479115,0.04769616984444907,-1.4139427503185881e-05,0.018961149749081172,0.006101596228323151,0.01991870167306515,-0.31133002835782797
3.0190095047523764,0.00649164546919493,0.0541937185479115,0.04770207307871657,-4.759879081594424e-06,0.018933794397898072,0.00617776600434998,0.019916158342069355,-0.31539144997111224
3.0214857428714357,0.006485544155147106,0.0541937185479115,0.047708174392764396,4.673352458614121e-06,0.018905800545836873,0.006253607704748027,0.019913234383290165,-0.3194482699493165
3.0239619809904954,0.006479244496415931,0.0541937185479115,0.04771447405149557,1.4160319863221454e-05,0.018877168266656204,0.006329115624884164,0.019909926829619562,-0.3235005132563879
3.0264382191095547,0.006472746253708847,0.0541937185479115,0.047720972294202656,2.370105783554505e-05,0.01884789770641637,0.006404284086628166,0.019906232757952322,-0.32754820637235327
3.0289144572286144,0.00646604921376745,0.0541937185479115,0.04772766933414405,3.329558279067729e-05,0.01881798908417362,0.0064791074398563055,0.019902149290699205,-0.3315913773001153
3.031390695347674,0.006459153189784135,0.0541937185479115,0.04773456535812737,4.294389261767133e-05,0.018787442692647694,0.006553580063964265,0.019897673597290493,-0.335630055572258
3.0338669334667334,0.006452058021811334,0.0541937185479115,0.04774166052610017,5.264596644993097e-05,0.01875625889886185,0.006627696369388825,0.019892802895669182,-0.33966427225788126
3.036343171585793,0.006444763577162935,0.0541937185479115,0.04774895497074857,6.240176444390999e-05,0.018724438144754565,0.00670145079913727,0.01988753445377273,-0.3436940599694644
3.0388194097048524,0.006437269750807696,0.0541937185479115,0.047756448797103807,7.221122756643811e-05,0.01869198094776218,0.006774837830323245,0.019881865591002353,-0.34771945286974515
3.041295647823912,0.00642957646575415,0.0541937185479115,0.04776414208215735,8.207427739077345e-05,0.01865888790137177,0.0068478519757086504,0.019875793679679177,-0.35174048667864416
3.0437718859429714,0.006421683673426749,0.0541937185479115,0.04777203487448475,9.19908159016079e-05,0.018625159675643453,0.006920487785249955,0.019869316146485988,-0.3557571986802094
3.046248124062031,0.006413591354032994,0.0541937185479115,0.04778012719387851,0.00010196072530925288,0.018590797017701444,0.006992739847648449,0.01986243047389386,-0.35976962772960824
3.0487243621810904,0.006405299516921016,0.0541937185479115,0.04778841903099049,0.00011198386787308477,0.018555800752193305,0.007064602791902896,0.019855134201572644,-0.3637778142601436
3.05120060030015,0.006396808200927549,0.0541937185479115,0.04779691034698395,0.00012206008573456138,0.018520171781716402,0.007136071288864078,0.019847424927784327,-0.3677818002903279
3.05367683841921,0.006388117474715661,0.0541937185479115,0.04780560107319584,0.0001321892007598766,0.018483911087211237,0.007207140052789541,0.019839300310758284,-0.37178162943098236
3.056153076538269,0.0063792274371023555,0.0541937185479115,0.04781449111080915,0.00014237101439243827,0.018447019728321027,0.007277803842898077,0.019830758070047833,-0.3757773468923925
3.058629314657329,0.006370138217375226,0.0541937185479115,0.047823580330536276,0.0001526053075154121,0.018409498843716482,0.007348057464922441,0.01982179598786651,-0.37976899949151177
3.061105552776388,0.00636084997559834,0.0541937185479115,0.04783286857231316,0.0001628918403243666,0.01837134965138587,0.00741789577265928,0.019812411910403845,-0.3837566356592065
3.063581790895448,0.006351362902906693,0.0541937185479115,0.04784235564500481,0.00017323035221026477,0.018332573448889285,0.00748731366951536,0.01980260374911925,-0.38774030544756355
3.066058029014507,0.006341677221789216,0.0541937185479115,0.04785204132612229,0.00018362056165290366,0.01829317161357684,0.007556306110048606,0.019792369482013298,-0.3917200605372418
3.068534267133567,0.006331793186359833,0.0541937185479115,0.04786192536155167,0.0001940621661249409,0.018253145602770186,0.007624868101503292,0.019781707154875462,-0.39569595424489196
3.071010505252626,0.006321711082616414,0.0541937185479115,0.04787200746529509,0.00020455484200666688,0.01821249695390691,0.007692994705337677,0.01977061488250737,-0.39966804153062196
3.073486743371686,0.006311431228687429,0.0541937185479115,0.04788228731922407,0.0002150982445115841,0.01817122728464747,0.007760681038743618,0.01975909084992099,-0.4036363790055366
3.0759629814907457,0.006300953975065804,0.0541937185479115,0.0478927645728457,0.00022569200762300335,0.018129338292944004,0.007827922276156302,0.01974713331351034,-0.40760102493932726
3.078439219609805,0.006290279704829996,0.0541937185479115,0.04790343884308151,0.0002363357440416812,0.018086831757070872,0.007894713650753536,0.019734740602196463,-0.41156203926793494
3.0809154577288647,0.006279408833851835,0.0541937185479115,0.04791430971405967,0.0002470290451446564,0.018043709535616362,0.007961050455943138,0.0197219111185444,-0.4155194836012791
3.083391695847924,0.0062683418109910835,0.0541937185479115,0.04792537673692042,0.0002577714809553161,0.01799997356743553,0.008026928046837287,0.019708643339851704,-0.41947342123104797
3.0858679339669837,0.006257079118276283,0.0541937185479115,0.04793663942963522,0.00026856260012489376,0.01795562587156344,0.008092341841712845,0.0196949358192073,-0.42342391713856975
3.088344172086043,0.006245621271071901,0.0541937185479115,0.0479480972768396,0.00027940192992532433,0.017910668547088986,0.008157287323456275,0.01968078718652034,-0.42737103800274473
3.0908204102051027,0.006233968818231371,0.0541937185479115,0.04795974972968013,0.0002902889762536622,0.017865103772988736,0.008221760040992268,0.019666196149517923,-0.43131485220806154
3.0932966483241624,0.006222122342235986,0.0541937185479115,0.04797159620567552,0.0003012232236480378,0.017818933807920895,0.008285755610694646,0.0196511614947113,-0.43525542985267685
3.0957728864432217,0.006210082459319359,0.0541937185479115,0.047983636088592144,0.00031220413531523835,0.017772160989978844,0.008349269717778721,0.019635682088329463,-0.43919284275658466
3.0982491245622814,0.006197849819577321,0.0541937185479115,0.04799586872833418,0.0003232311531699754,0.017724787736404502,0.0084122981176737,0.019619756877219757,-0.4431271644698541
3.1007253626813407,0.006185425107063117,0.0541937185479115,0.048008293440848386,0.00033430369788582204,0.01767681654326125,0.008474836637374146,0.019603384889714675,-0.4470584702809481
3.1032016008004004,0.006172809039867715,0.0541937185479115,0.04802090950804379,0.0003454211689578935,0.017628249985066263,0.008536881176769495,0.019586565236464255,-0.45098683722512994
3.1056778389194597,0.0061600023701851095,0.0541937185479115,0.04803371617772639,0.00035658294477726926,0.017579090714382534,0.008598427709950205,0.01956929711123345,-0.4549123440929389
3.1081540770385194,0.006147005884362469,0.0541937185479115,0.048046712663549034,0.00036778838271717476,0.017529341461370133,0.008659472286489884,0.019551579791663803,-0.45883507143876495
3.1106303151575787,0.006133820402935093,0.0541937185479115,0.04805989814497641,0.00037903681923088747,0.017479005033297395,0.008720011032701858,0.01953341263999913,-0.4627551015894888
3.1131065532766384,0.0061204467806459245,0.0541937185479115,0.04807327176726558,0.0003903275699614242,0.017428084314011286,0.008780040152869626,0.01951479510377419,-0.4666725186532298
3.115582791395698,0.0061068859064496925,0.0541937185479115,0.04808683264146181,0.00040165992986291774,0.01737658226336799,0.008839555930449586,0.01949572671646639,-0.47058740852815617
3.1180590295147574,0.0060931387035015674,0.0541937185479115,0.048100579844409935,0.0004130331733336954,0.017324501916623176,0.008898554729245558,0.019476207098109696,-0.47449985891139823
3.120535267633817,0.006079206129130148,0.0541937185479115,0.048114512418781355,0.0004244465543610195,0.017271846383782413,0.00895703299455379,0.019456235955870364,-0.47840995930804653
3.1230115057528764,0.006065089174794917,0.0541937185479115,0.048128629373116585,0.0004358993066774005,0.017218618848912064,0.009014987254277415,0.01943581308458419,-0.48231780104023014
3.125487743871936,0.006050788866028015,0.0541937185479115,0.04814292968188349,0.0004473906439285179,0.017164822569410702,0.009072414120009668,0.019414938367254782,-0.4862234772562936
3.1279639819909955,0.006036306262360257,0.0541937185479115,0.048157412285551246,0.000458919759852548,0.01711046087524154,0.00912931028808459,0.01939361177551254,-0.49012708294005425
3.130440220110055,0.00602164245723158,0.0541937185479115,0.04817207609067992,0.0004704858284709573,0.017055537168126116,0.009185672540594632,0.019371833370034074,-0.4940287149201561
3.1329164582291145,0.006006798577885705,0.0541937185479115,0.0481869199700258,0.00048208800429057764,0.017000054920699646,0.00924149774637393,0.019349603300921666,-0.49792847187950695
3.135392696348174,0.005991775785249211,0.0541937185479115,0.04820194276266229,0.000493725422516909,0.01694401767562857,0.009296782861946726,0.019326921808042786,-0.5018264543648094
3.137868934467234,0.005976575273794867,0.0541937185479115,0.048217143274116636,0.000505397199278546,0.01688742904469045,0.009351524932439756,0.01930378922132898,-0.5057227647961787
3.140345172586293,0.005961198271389502,0.0541937185479115,0.048232520276522,0.0005171024318626135,0.01683029270781715,0.009405721092458045,0.01928020596103458,-0.5096175074768488
3.142821410705353,0.005945646039126229,0.0541937185479115,0.048248072508785274,0.0005288401989610665,0.016772612412101314,0.009459368566923282,0.019256172537954454,-0.5135107886029737
3.145297648824412,0.005929919871141262,0.0541937185479115,0.04826379867677024,0.0005406095609277276,0.016714391970767226,0.0095124646718738,0.019231689553601237,-0.5174027162735063
3.147773886943472,0.005914021094415335,0.0541937185479115,0.04827969745349617,0.0005524095600459881,0.016655635262106144,0.009565006815225804,0.019206757700341557,-0.5212934005001767
3.150250125062531,0.005897951068559913,0.0541937185479115,0.04829576747935159,0.0005642392208068754,0.016596346228377218,0.009616992497494828,0.019181377761491546,-0.5251829532175475
3.152726363181591,0.005881711185588077,0.0541937185479115,0.048312007362323425,0.0005760975501975001,0.016536528874674182,0.009668419312477,0.0191555506113714,-0.5290714882931654
3.1552026013006502,0.0058653028696705745,0.0541937185479115,0.04832841567824093,0.0005879835379995704,0.016476187267758922,0.00971928494788925,0.019129277215319134,-0.5329591215377877
3.15767883941971,0.005848727576876829,0.0541937185479115,0.048344990971034674,0.0005998961570979217,0.01641532553486242,0.009769587185968171,0.019102558629663716,-0.5368459707157015
3.1601550775387697,0.005831986794901239,0.0541937185479115,0.04836173175301026,0.0006118343637987275,0.016353947862453838,0.00981932390402667,0.019075396001657426,-0.5407321555551209
3.162631315657829,0.005815082042774908,0.0541937185479115,0.048378636505136595,0.0006237970981573778,0.016292058494978633,0.009868493074968121,0.01904779056936786,-0.5446177977586676
3.1651075537768887,0.005798014870562966,0.0541937185479115,0.04839570367734854,0.0006357832843156862,0.016229661733566443,0.009917092767757416,0.019019743661529653,-0.5485030210139312
3.167583791895948,0.005780786859047642,0.0541937185479115,0.04841293168886386,0.0006477918308482572,0.016166761934709572,0.00996512114784845,0.018991256697356046,-0.5523879510041063
3.1700600300150077,0.005763399619397404,0.0541937185479115,0.0484303189285141,0.000659821631117834,0.016103363508913095,0.01001257647756781,0.018962331186310875,-0.5562727154187076
3.172536268134067,0.005745854792822226,0.0541937185479115,0.04844786375508928,0.0006718715636393543,0.016039470919317268,0.01005945711645398,0.018932968727840886,-0.5601574439643546
3.1750125062531267,0.005728154050215269,0.0541937185479115,0.048465564497696234,0.0006839404924525253,0.01597508868029331,0.010105761521552122,0.01890317101106899,-0.5640422683756365
3.1774887443721864,0.005710299091781348,0.0541937185479115,0.048483419456130154,0.0006960272675026352,0.015910221356013516,0.010151488247663737,0.018872939814448715,-0.5679273224260349
3.1799649824912457,0.0056922916466521645,0.0541937185479115,0.04850142690125934,0.0007081307250294175,0.015844873558996636,0.01019663594755127,0.01884227700538036,-0.5718127419389197
3.1824412206103054,0.005674133472488831,0.0541937185479115,0.04851958507542267,0.000720249687963669,0.01577904994862943,0.01024120337209733,0.01881118453978909,-0.5756986647986112
3.1849174587293647,0.005655826355071766,0.0541937185479115,0.048537892192839736,0.00073238296633137,0.01571275522966565,0.010285189370418212,0.018779664461665683,-0.5795852309614917
3.1873936968484244,0.0056373721078783814,0.0541937185479115,0.04855634644003312,0.0007445293576651015,0.015645994150703287,0.010328592889931893,0.018747718902570338,-0.5834725824671858
3.1898699349674837,0.00561877257164875,0.0541937185479115,0.04857494597626275,0.0007566876474224048,0.015578771502641241,0.010371412976380053,0.018715350081100042,-0.5873608634497827
3.1923461730865434,0.005600029613939593,0.0541937185479115,0.04859368893397191,0.0007688566094108935,0.015511092117116383,0.010413648773804414,0.018682560302320135,-0.5912502201491201
3.1948224112056027,0.005581145128666948,0.0541937185479115,0.048612573419244555,0.0007810350062197894,0.015442960864922334,0.010455299524477024,0.01864935195716066,-0.5951408009221
3.1972986493246625,0.005562121035637725,0.0541937185479115,0.04863159751227378,0.0007932215896576273,0.015374382654410802,0.010496364568784899,0.01861572752177821,-0.5990327562540576
3.199774887443722,0.005542959280070571,0.0541937185479115,0.04865075926784093,0.0008054151011958287,0.015305362429876776,0.010536843345068676,0.01858168955688372,-0.6029262387701568
3.2022511255627815,0.005523661832106418,0.0541937185479115,0.048670056715805085,0.0008176142724178713,0.015235905169928779,0.01057673538941575,0.018547240707037314,-0.6068214032468209
3.204727363681841,0.005504230686308856,0.0541937185479115,0.04868948786160265,0.0008298178254737523,0.015166015885844958,0.01061604033540786,0.0185123836999104,-0.6107184066231954
3.2072036018009005,0.005484667861154945,0.0541937185479115,0.04870905068675656,0.0008420244735394449,0.015095699619916775,0.010654757913823181,0.018477121345516274,-0.6146174080126174
3.20967983991996,0.005464975398516626,0.0541937185479115,0.048728743149394876,0.0008542329212810685,0.015024961443780864,0.010692887952293546,0.018441456535409725,-0.618518568714118
3.2121560780390195,0.005445155363133267,0.0541937185479115,0.048748563184778236,0.0008664418653234418,0.014953806456740795,0.010730430374916517,0.018405392241856562,-0.6224220522239126
3.214632316158079,0.0054252098420754374,0.0541937185479115,0.048768508705836065,0.0008786499947227545,0.014882239784079293,0.010767385201823167,0.018368931516973788,-0.6263280242469175
3.2171085542771385,0.005405140944200686,0.0541937185479115,0.04878857760371082,0.0008908559914430214,0.01481026657536284,0.010803752548701386,0.01833207749184149,-0.63023665270824
3.219584792396198,0.005384950799601343,0.0541937185479115,0.04880876774831016,0.0009030585308360124,0.01473789200273922,0.01083953262627557,0.01829483337558714,-0.634148107764675
3.222061030515258,0.005364641559044925,0.0541937185479115,0.04882907698886658,0.0009152562821243802,0.014665121259229606,0.010874725739742646,0.01825720245444327,-0.6380625618161696
3.224537268634317,0.0053442153934075,0.0541937185479115,0.048849503154504,0.0009274479088876488,0.014591959557016209,0.010909332288165258,0.018219188090779503,-0.6419801895172703
3.227013506753377,0.005323674493100353,0.0541937185479115,0.04887004405481115,0.000939632069550768,0.014518412125726738,0.010943352763822401,0.01818079372210984,-0.6459011677885327
3.2294897448724362,0.0053030210674904765,0.0541937185479115,0.048890697480421026,0.0009518074178748971,0.014444484210716951,0.01097678775151802,0.0181420228600762,-0.6498256758278853
3.231965982991496,0.005282257344315103,0.0541937185479115,0.0489114612035964,0.0009639726034501604,0.014370181071352302,0.011009637927848218,0.01810287908940912,-0.6537538951219469
3.2344422211105552,0.005261385569090858,0.0541937185479115,0.048932332978820645,0.0009761262721900334,0.0142955079792901,0.011041904060427522,0.01806336606686674,-0.6576860094572761
3.236918459229615,0.005240408004517826,0.0541937185479115,0.04895331054339368,0.000988267066827029,0.014220470216763214,0.011073587007075034,0.01802348752015299,-0.6616222049315568
3.2393946973486742,0.005219326929879031,0.0541937185479115,0.04897439161803247,0.0010003936274094126,0.014145073074866689,0.011104687714960865,0.01798324724681617,-0.6655626699646932
3.241870935467734,0.005198144640435595,0.0541937185479115,0.04899557390747591,0.001012504591798667,0.014069321851848095,0.011135207219713693,0.01794264911312859,-0.6695075953098228
3.2443471735867937,0.005176863446818204,0.0541937185479115,0.0490168551010933,0.0010245985961672968,0.013993221851403299,0.01116514664449014,0.017901697052948924,-0.6734571740642168
3.246823411705853,0.0051554856744149904,0.0541937185479115,0.04903823287349651,0.0010366742754968077,0.013916778380978326,0.011194507199006599,0.01786039506656771,-0.6774116016800698
3.2492996498249127,0.005134013662756572,0.0541937185479115,0.04905970488515493,0.0010487302640754639,0.013839996750078692,0.011223290178534438,0.017818747219537526,-0.6813710759751647
3.251775887943972,0.005112449764898434,0.0541937185479115,0.04908126878301307,0.0010607651959955357,0.013762882268587523,0.01125149696285922,0.017776757641488818,-0.6853357971433884
3.2542521260630317,0.005090796346801048,0.0541937185479115,0.049102922201110455,0.00107277770564982,0.013685440245093055,0.01127912901520486,0.017734430524932253,-0.689305967765107
3.256728364182091,0.005069055786708333,0.0541937185479115,0.04912466276120317,0.0010847664282270415,0.013607675985227257,0.011306187881123447,0.017691770124049017,-0.693281792817359
3.2592046023011507,0.0050472304745246555,0.0541937185479115,0.04914648807338685,0.0010967300002059125,0.013529594790016143,0.011332675187351753,0.017648780753469914,-0.69726347968388
3.26168084042021,0.005025322811190815,0.0541937185479115,0.04916839573672069,0.0011086670598475538,0.01345120195424323,0.01135859264063515,0.017605466787044527,-0.7012512381649204
3.2641570785392697,0.0050033352080595325,0.0541937185479115,0.04919038333985197,0.0011205762476859816,0.013372502764826898,0.011383942026520003,0.017561832656601398,-0.7052452804868603
3.2666333166583295,0.004981270086270688,0.0541937185479115,0.049212448461640815,0.0011324562070164162,0.013293502499213027,0.011408725208115277,0.017517882850700536,-0.7092458213115834
3.2691095547773887,0.004959129876126754,0.0541937185479115,0.04923458867178475,0.0011443055843810947,0.013214206423783603,0.011432944124824486,0.017473621913379107,-0.7132530777456144
3.2715857928964485,0.004936917016468784,0.0541937185479115,0.04925680153144272,0.0011561230300523972,0.013134619792282374,0.011456600791048854,0.017429054442891532,-0.7172672693489943
3.2740620310155077,0.004914633954053463,0.0541937185479115,0.04927908459385804,0.001167907198512925,0.013054747844258892,0.011479697294862628,0.017384185090445238,-0.7212886181438609
3.2765382691345675,0.004892283142931338,0.0541937185479115,0.049301435404980165,0.0011796567489323782,0.012974595803531285,0.01150223579666167,0.017339018558932818,-0.7253173486227431
3.2790145072536268,0.0048698670438268934,0.0541937185479115,0.04932385150408461,0.0011913703456409076,0.012894168876669216,0.011524218527786175,0.017293559601661977,-0.7293536877565238
3.2814907453726865,0.004847388123520653,0.0541937185479115,0.04934633042439085,0.001203046658598717,0.012813472251497711,0.011545647789118759,0.017247813021084288,-0.733397865002068
3.283966983491746,0.004824848854233621,0.0541937185479115,0.04936886969367788,0.0012146843638617315,0.01273251109562275,0.011566525949658563,0.01720178366752359,-0.7374501123094792
3.2864432216108055,0.004802251713014634,0.0541937185479115,0.04939146683489687,0.0012262821440429832,0.01265129055497952,0.011586855445072923,0.01715547643790548,-0.7415106641289797
3.288919459729865,0.0047795991811307795,0.0541937185479115,0.04941411936678072,0.0012378386887696136,0.01256981575240421,0.011606638776227272,0.01710889627448865,-0.7455797574173765
3.2913956978489245,0.004756893743461221,0.0541937185479115,0.04943682480445028,0.0012493526951351897,0.012488091786230107,0.011625878507694384,0.017062048163599176,-0.7496576316440902
3.293871935967984,0.004734137887894917,0.0541937185479115,0.049459580660016586,0.0012608228681471414,0.012406123728908673,0.011644577266244316,0.01701493713436887,-0.7537445287967411
3.2963481740870435,0.004711334104732387,0.0541937185479115,0.049482384443179116,0.0012722479211691408,0.012323916625656739,0.011662737739315638,0.016967568257478614,-0.7578406933862283
3.2988244122061032,0.004688484886091915,0.0541937185479115,0.04950523366181959,0.001283626576358164,0.012241475493129999,0.011680362673469566,0.0169199466439077,-0.7619463724513218
3.3013006503251625,0.004665592725320494,0.0541937185479115,0.04952812582259101,0.0012949575650961183,0.012158805318124008,0.011697454872827546,0.01687207744369014,-0.7660618155626959
3.3037768884442222,0.004642660116409805,0.0541937185479115,0.0495510584315017,0.0013062396284157685,0.012075911056302992,0.011714017197493862,0.016823965844678917,-0.7701872748264119
3.306253126563282,0.004619689553417523,0.0541937185479115,0.04957402899449398,0.0013174715174208475,0.011992797630957437,0.011730052561963935,0.016775617071319165,-0.7743230048867874
3.3087293646823412,0.004596683529894223,0.0541937185479115,0.04959703501801728,0.0013286519937001314,0.0119094699317908,0.011745563933519693,0.0167270363834311,-0.7784692629286467
3.311205602801401,0.004573644538316157,0.0541937185479115,0.049620074009595345,0.001339779829735356,0.01182593281373602,0.011760554330612953,0.01667822907500366,-0.7826263086789105
3.3136818409204603,0.004550575069524138,0.0541937185479115,0.049643143478387365,0.0013508538093027719,0.011742191095802537,0.01177502682123786,0.016629200472999758,-0.7867944044074829
3.31615807903952,0.004527477612168929,0.0541937185479115,0.049666240935742574,0.0013618727278682117,0.011658249559954125,0.011788984521293648,0.01657995593617401,-0.7909738149274187
3.3186343171585793,0.0045043546521630895,0.0541937185479115,0.04968936389574841,0.0013728353929755425,0.01157411295001816,0.011802430592938467,0.016530500853903608,-0.7951648075943177
3.321110555277639,0.004481208672139879,0.0541937185479115,0.049712509875771624,0.001383740624628317,0.011489785970626777,0.011815368242935772,0.016480840645033464,-0.7993676523049265
3.3235867933966983,0.004458042150919085,0.0541937185479115,0.04973567639699242,0.001394587255664539,0.011405273286190407,0.011827800720993875,0.016430980756736092,-0.8035826214948881
3.326063031515758,0.004434857562980274,0.0541937185479115,0.04975886098493123,0.0014053741321244078,0.011320579519903893,0.011839731318100089,0.016380926663387134,-0.8078099901356258
3.3285392696348177,0.004411657377943551,0.0541937185479115,0.04978206116996795,0.0014161001136109054,0.011235709252786002,0.011851163364850288,0.0163306838654574,-0.812050035730292
3.331015507753877,0.004388444060057929,0.0541937185479115,0.049805274487853574,0.0014267640736431646,0.011150667022752095,0.011862100229774944,0.016280257888421724,-0.8163030383087647
3.3334917458729367,0.004365220067697656,0.0541937185479115,0.04982849848021385,0.0014373649000024732,0.011065457323720749,0.01187254531766273,0.016229654281685744,-0.8205692804216338
3.335967983991996,0.0043419878528666925,0.0541937185479115,0.04985173069504481,0.001447901495070812,0.010980084604754609,0.011882502067882763,0.01617887861753117,-0.824849047133131
3.3384442221110557,0.0043187498607112,0.0541937185479115,0.0498749686872003,0.0014583727761619363,0.010894553269235203,0.01189197395270617,0.016127936490079736,-0.8291426260129697
3.340920460230115,0.004295508529040662,0.0541937185479115,0.04989821001887084,0.001468777675844767,0.010808867674072794,0.011900964475628401,0.01607683351427715,-0.8334503071270273
3.3433966983491747,0.004272266287857353,0.0541937185479115,0.04992145226005415,0.0014791151422591665,0.010723032128950653,0.01190947716969294,0.01602557532489693,-0.8377723830268413
3.345872936468234,0.004249025558894545,0.0541937185479115,0.04994469298901696,0.0014893841394239419,0.010637050895604537,0.011917515595817465,0.015974167575565048,-0.8421091487378479
3.3483491745872938,0.004225788755163475,0.0541937185479115,0.04996792979274803,0.001499583647537058,0.01055092818713713,0.011925083341123495,0.015922615937805758,-0.8464609017463282
3.3508254127063535,0.004202558280509264,0.0541937185479115,0.04999116026740224,0.001509712663267983,0.010464668167367876,0.011932184017270312,0.01587092610010908,-0.8508279419849895
3.3533016508254128,0.004179336529175744,0.0541937185479115,0.05001438201873576,0.0015197702000421488,0.010378274950217996,0.011938821258794134,0.01581910376702034,-0.8552105718171423
3.3557778889444725,0.004156125885379489,0.0541937185479115,0.050037592662532014,0.0015297552883174802,0.010291752599130977,0.01194499872145349,0.015767154658252222,-0.8596090960194053
3.3582541270635318,0.004132928722892885,0.0541937185479115,0.05006078982501862,0.0015396669758529439,0.010205105126528476,0.01195072008058153,0.015715084507819624,-0.8640238217628777
3.3607303651825915,0.004109747404636634,0.0541937185479115,0.05008397114327487,0.0015495043279690987,0.010118336493301686,0.011955989029446314,0.01566289906319776,-0.8684550585927252
3.3632066033016508,0.004086584282281432,0.0541937185479115,0.05010713426563007,0.0015592664278006605,0.010031450608338214,0.01196080927761976,0.015610604084503715,-0.8729031184061035
3.3656828414207105,0.004063441695859024,0.0541937185479115,0.05013027685205248,0.001568952376541012,0.009944451328084108,0.011965184549356174,0.015558205343701614,-0.8773683154283758
3.3681590795397702,0.004040321973382804,0.0541937185479115,0.0501533965745287,0.0015785612936786908,0.009857342456141562,0.011969118581981169,0.015505708623831993,-0.8818509661875297
3.3706353176588295,0.004017227430477721,0.0541937185479115,0.05017649111743378,0.0015880923172258503,0.00977012774290162,0.011972615124291644,0.015453119718265077,-0.8863513894867456
3.3731115557778892,0.003994160370019699,0.0541937185479115,0.050199558177891804,0.0015975446039386935,0.009682810885212053,0.011975677934967736,0.015400444429978444,-0.8908699063750425
3.3755877938969485,0.003971123081784614,0.0541937185479115,0.05022259546612689,0.001606917329529859,0.009595395526080353,0.01197831078099742,0.015347688570859193,-0.8954068401159166
3.3780640320160082,0.0039481178421067326,0.0541937185479115,0.05024560070580477,0.0016162096888728467,0.009507885254411418,0.011980517436114464,0.015294857961030457,-0.8999625161539155
3.3805402701350675,0.003925146913546604,0.0541937185479115,0.0502685716343649,0.0016254208961984117,0.009420283604780054,0.011982301679250485,0.01524195842820262,-0.9045372620790556
3.3830165082541273,0.0039022125445685243,0.0541937185479115,0.05029150600334298,0.0016345501852830483,0.009332594057237706,0.011983667293001727,0.01518899580704886,-0.909131407589021
3.3854927463731865,0.003879316969227442,0.0541937185479115,0.05031440157868406,0.0016435968096295108,0.009244820037153764,0.011984618062111346,0.015135975938605519,-0.913745284449041
3.3879689844922463,0.0038564624068652895,0.0541937185479115,0.05033725614104621,0.0016525600426394544,0.009156964915090464,0.011985157771967682,0.015082904669696584,-0.918379226449395
3.390445222611306,0.0038336510618167882,0.0541937185479115,0.050360067486094715,0.001661439177778229,0.009069032006711894,0.011985290207119267,0.015029787852382806,-0.923033569360424
3.3929214607303653,0.0038108851231245314,0.0541937185479115,0.05038283342478697,0.0016702335287318553,0.0089810245727262,0.01198501914980706,0.014976631343434804,-0.9277086508849943
3.395397698849425,0.0037881667642634884,0.0541937185479115,0.050405551783648014,0.0016789424295562448,0.00889294581886093,0.01198434837851463,0.014923441003830262,-0.9324048106083144
3.3978739369684843,0.003765498142874704,0.0541937185479115,0.0504282204050368,0.001687565234818719,0.008804798895871411,0.011983281666536635,0.014870222698274945,-0.937122389944999
3.400350175087544,0.003742881400508262,0.0541937185479115,0.05045083714740324,0.0016961013197318632,0.008716586899581403,0.011981822780566384,0.014816982294747257,-0.9418617320833188
3.4028264132066033,0.003720318662375287,0.0541937185479115,0.050473399885536216,0.0017045500802798006,0.008628312870956,0.011979975479302706,0.014763725664065933,-0.9466231819265148
3.405302651325663,0.0036978120371090883,0.0541937185479115,0.050495906510802414,0.0017129109333369405,0.00853997979620623,0.011977743512076885,0.014710458679480749,-0.9514070860311006
3.4077788894447223,0.0036753636165352196,0.0541937185479115,0.05051835493137628,0.001721183316779245,0.008451590606925108,0.011975130617499975,0.014657187216285738,-0.9562137925420415
3.410255127563782,0.00365297547545039,0.0541937185479115,0.05054074307246111,0.0017293666895881502,0.008363148180254552,0.011972140522130878,0.014603917151454374,-0.9610436511247225
3.4127313656828417,0.0036306496714102535,0.0541937185479115,0.05056306887650125,0.0017374605319471054,0.008274655339083016,0.011968776939165893,0.014550654363296667,-0.9658970128935956
3.415207603801901,0.00360838824452573,0.0541937185479115,0.05058533030338577,0.001745464345330921,0.008186114852273118,0.01196504356714979,0.014497404731137194,-0.9707742303374108
3.4176838419209608,0.003586193217267976,0.0541937185479115,0.05060752533064353,0.0017533776525879537,0.008097529434919027,0.011960944088709003,0.014444174135013843,-0.9756756572409212
3.42016008004002,0.0035640665942818367,0.0541937185479115,0.050629651953629666,0.0017611999980151525,0.00800890174863314,0.01195648216930731,0.01439096845539669,-0.9806016486029588
3.4226363181590798,0.0035420103622074983,0.0541937185479115,0.050651708185704004,0.0017689309474261806,0.007920234401861338,0.011951661456024196,0.014337793572926144,-0.9855525605507827
3.425112556278139,0.003520026489510497,0.0541937185479115,0.050673692058401006,0.0017765700882125621,0.007831529950226911,0.011946485576356398,0.014284655368170161,-0.9905287502505641
3.4275887943971988,0.0034981169263196762,0.0541937185479115,0.050695601621591826,0.0017841170293980391,0.0077427908969018395,0.0119409581370428,0.01423155972139929,-0.9955305758139443
3.430065032516258,0.003476283604273163,0.0541937185479115,0.05071743494363834,0.0017915714016861586,0.007654019693005754,0.011935082722912943,0.01417851251237925,-1.0005583962005042
3.4325412706353178,0.0034545284363721035,0.0541937185479115,0.0507391901115394,0.0017989328575012532,0.007565218738031522,0.01192886289575963,0.01412551962018014,-1.0056125711160755
3.4350175087543775,0.003432853316842094,0.0541937185479115,0.05076086523106941,0.0018062010710228082,0.007476390380297224,0.011922302193235569,0.01407258692300142,-1.0106934609067537
3.437493746873437,0.0034112601210020896,0.0541937185479115,0.05078245842690941,0.001813375738213416,0.0073875369174238505,0.0119154041277745,0.014019720298011865,-1.0158014264485167
3.4399699849924965,0.003389750705140672,0.0541937185479115,0.05080396784277083,0.0018204565768403411,0.0072986605968381885,0.011908172185536813,0.013966925621203509,-1.0209368290323284
3.442446223111556,0.003368326906399585,0.0541937185479115,0.05082539164151192,0.0018274433264908023,0.007209763616300567,0.011900609825380134,0.013914208767258943,-1.0261000302446122
3.4449224612306155,0.0033469905426642757,0.0541937185479115,0.05084672800524723,0.001834335748581088,0.007120848124456623,0.011892720477854732,0.01386157560943065,-1.0312913918429871
3.447398699349675,0.0033257434124613072,0.0541937185479115,0.050867975135450196,0.0018411336263595762,0.0070319162214127606,0.011884507544224095,0.013809032019431606,-1.0365112756271464
3.4498749374687345,0.0033045872948625904,0.0541937185479115,0.05088913125304891,0.0018478367649037947,0.006942969959334583,0.011875974395510717,0.013756583867335982,-1.0417600433047711
3.4523511755877943,0.003283523949396107,0.0541937185479115,0.050910194598515396,0.0018544449911115646,0.006854011343067974,0.011867124371567256,0.013704237021489011,-1.0470380563523554
3.4548274137068535,0.003262555115963038,0.0541937185479115,0.050931163431948465,0.001860958153686366,0.006765042330781906,0.011857960780173147,0.013651997348424722,-1.0523456758708507
3.4573036518259133,0.0032416825147612155,0.0541937185479115,0.05095203603315029,0.0018673761231170118,0.006676064834632762,0.0118484868961568,0.013599870712790603,-1.0576832624360017
3.4597798899449725,0.003220907846214531,0.0541937185479115,0.05097281070169697,0.0018736987916517234,0.006587080721449433,0.011838705960543268,0.013547862977277763,-1.0630511759432624
3.4622561280640323,0.0032002327909082876,0.0541937185479115,0.050993485757003215,0.0018799260732667046,0.006498091813438495,0.01182862117972777,0.013495980002555604,-1.0684497754472113
3.4647323661830915,0.0031796590095303223,0.0541937185479115,0.05101405953838118,0.001886057903629318,0.006409099888909295,0.011818235724674742,0.013444227647209619,-1.0738794189953187
3.4672086043021513,0.0031591881428175636,0.0541937185479115,0.05103453040509394,0.0018920942400559619,0.00632010668301774,0.011807552730142673,0.013392611767680909,-1.0793404634560089
3.4696848424212106,0.003138821811508069,0.0541937185479115,0.051054896736403434,0.001898035061464713,0.0062311138885288745,0.011796575293934668,0.013341138218206393,-1.0848332643408787
3.4721610805402703,0.0031185616162982335,0.0541937185479115,0.05107515693161327,0.0019038803683228882,0.006142123156597139,0.011785306476174736,0.013289812850758018,-1.0903581756210037
3.47463731865933,0.0030984091378049652,0.0541937185479115,0.05109530941010654,0.0019096301825895683,0.006053136097564082,0.011773749298609726,0.013238641514979789,-1.0959155495372177
3.4771135567783893,0.003078365936532816,0.0541937185479115,0.05111535261137869,0.0019152845476531862,0.005964154281772686,0.011761906743936996,0.01318763005812106,-1.1015057364042955
3.479589794897449,0.0030584335528456782,0.0541937185479115,0.051135284995065824,0.0019208435282643123,0.0058751792403978565,0.011749781755157646,0.013136784324964668,-1.1071290844089443
3.4820660330165083,0.0030386135069430456,0.0541937185479115,0.05115510504096846,0.0019263072104636538,0.005786212466292509,0.0117373772349554,0.013086110157748488,-1.112785939401526
3.484542271135568,0.0030189072988405855,0.0541937185479115,0.05117481124907092,0.0019316757015054385,0.005697255414848527,0.01172469604510088,0.013035613396078647,-1.1184766446814405
3.4870185092546273,0.0029993164083548587,0.0541937185479115,0.051194402139556644,0.0019369491297762205,0.005608309504872255,0.011711741005881352,0.012985299876833157,-1.1242015407760944
3.489494747373687,0.002979842295091968,0.0541937185479115,0.051213876252819535,0.0019421276447092067,0.005519376119473563,0.011698514895555836,0.012935175434054107,-1.1299609652134168
3.4919709854927463,0.0029604863984401125,0.0541937185479115,0.05123323214947139,0.0019472114166941964,0.005430456606968403,0.011685020449835399,0.01288524589882701,-1.1357552522878342
3.494447223611806,0.002941250137565611,0.0541937185479115,0.05125246841034589,0.0019522006369832277,0.005341552281793675,0.01167126036138848,0.012835517099145368,-1.1415847328197004
3.4969234617308658,0.0029221349114125703,0.0541937185479115,0.05127158363649893,0.0019570955175919735,0.005252664425434471,0.01165723727937143,0.012785994859759325,-1.147449733908108
3.499399699849925,0.0029031420987057077,0.0541937185479115,0.051290576449205795,0.0019618962911970256,0.005163794287362611,0.011642953808983711,0.012736685002006098,-1.1533505786770797
3.5018759379689848,0.002884273057956299,0.0541937185479115,0.051309445489955204,0.0019666032110291025,0.00507494308598601,0.011628412511047886,0.012687593343620854,-1.1592875860151204
3.504352176088044,0.002865529127471206,0.0541937185479115,0.0513281894204403,0.0019712165507622804,0.004986112009608665,0.011613615901614237,0.012638725698526369,-1.1652610703080997
3.506828414207104,0.002846911625364504,0.0541937185479115,0.051346806922547,0.001975736604399314,0.0048973022174000486,0.011598566451589756,0.012590087876599385,-1.1712713411655118
3.509304652326163,0.0028284218495718896,0.0541937185479115,0.05136529669833961,0.0019801636861531244,0.004808514840373977,0.011583266586391368,0.012541685683412239,-1.177318703140086
3.511780890445223,0.002810061077867486,0.0541937185479115,0.05138365747004402,0.001984498130324539,0.004719750982375925,0.01156771868562331,0.01249352491994782,-1.1834034554408157
3.514257128564282,0.0027918305678830066,0.0541937185479115,0.051401887980028496,0.0019887402911763137,0.004631011721078569,0.011551925082778454,0.012445611382286252,-1.1895258916394205
3.516733366683342,0.002773731557128928,0.0541937185479115,0.051419986990782575,0.001992890542803577,0.004542298108984593,0.011535888064963154,0.01239795086126108,-1.1956862993703272
3.5192096048024015,0.0027557652630178994,0.0541937185479115,0.0514379532848936,0.0019969492790006815,0.004453611174436805,0.011519609872645942,0.012350549142083935,-1.201884960024212
3.521685842921461,0.0027379328828897945,0.0541937185479115,0.05145578566502171,0.0020009169131245874,0.004364951922634332,0.011503092699429297,0.012303412003935036,-1.208122148435229
3.5241620810405205,0.002720235594038521,0.0541937185479115,0.05147348295387298,0.0020047938779548208,0.004276321336654772,0.01148633869184468,0.012256545219518305,-1.2143981325620083
3.52663831915958,0.0027026745537404376,0.0541937185479115,0.051491043994171065,0.0020085806255500565,0.004187720378481865,0.01146934994917049,0.012209954554579202,-1.2207131731625436
3.5291145572786395,0.0026852508992841403,0.0541937185479115,0.05150846764862736,0.0020122776271013906,0.004099149990037537,0.011452128523272723,0.01216364576738329,-1.2270675234631503
3.531590795397699,0.0026679657480014815,0.0541937185479115,0.05152575279991002,0.0020158853727823877,0.004010611094218616,0.011434676418468143,0.012117624608154062,-1.2334614288216006
3.5340670335167585,0.0026508201972997997,0.0541937185479115,0.0515428983506117,0.0020194043715959066,0.003922104595936922,0.011416995591409723,0.012071896818468032,-1.239895126384674
3.536543271635818,0.0026338153246951226,0.0541937185479115,0.05155990322321638,0.0020228351512177967,0.003833631383162759,0.011399087950994159,0.012026468130605535,-1.2463688447402868
3.5390195097548776,0.0026169521878462165,0.0541937185479115,0.051576766360065286,0.0020261782578374914,0.003745192327970898,0.011380955358291206,0.011981344266855426,-1.2528828035644541
3.5414957478739373,0.0026002318245893705,0.0541937185479115,0.05159348672332213,0.0020294342559955794,0.0036567882875888427,0.011362599626494555,0.011936530938772,-1.2594372132633123
3.5439719859929966,0.002583655252973917,0.0541937185479115,0.051610063294937586,0.0020326037284183474,0.00356842010544667,0.011344022520894205,0.011892033846382669,-1.2660322746104897
3.5464482241120563,0.0025672234712980913,0.0541937185479115,0.05162649507661341,0.002035687275849403,0.0034800886122278944,0.011325225758869767,0.011847858677344423,-1.2726681783801213
3.5489244622311156,0.002550937458145393,0.0541937185479115,0.05164278108976611,0.0020386855168783567,0.0033917946269211414,0.011306211009904789,0.011804011106047951,-1.2793451049758102
3.5514007003501753,0.0025347981724211655,0.0541937185479115,0.05165892037549034,0.002041599087766666,0.0033035389578716908,0.011286979895621621,0.011760496792667503,-1.2860632240559176
3.5538769384692346,0.002518806553389409,0.0541937185479115,0.051674911994522094,0.0020444286422706135,0.003215322403832889,0.011267533989836773,0.011717321382155425,-1.2928226941555139
3.5563531765882943,0.002502963520709542,0.0541937185479115,0.05169075502720196,0.0020471748514615308,0.003127145755016412,0.011247874818636202,0.011674490503179466,-1.2996236623054318
3.558829414707354,0.002487269974473197,0.0541937185479115,0.051706448573438306,0.0020498384035432245,0.0030390097941414046,0.011228003860470678,0.011632009767002082,-1.3064662636488138
3.5613056528264133,0.00247172679524095,0.0541937185479115,0.05172199175267055,0.0020524200036667016,0.0029509152974816545,0.011207922546270755,0.011589884766300119,-1.3133506210556338
3.563781890945473,0.002456334844078617,0.0541937185479115,0.051737383703832886,0.0020549203737421974,0.0028628630359103335,0.011187632259580917,0.011548121073923556,-1.320276844735673
3.5662581290645323,0.0024410949625934195,0.0541937185479115,0.05175262358531808,0.00205734025224853,0.002774853775942182,0.011167134336713085,0.011506724241592695,-1.3272450318504447
3.568734367183592,0.002426007972969664,0.0541937185479115,0.05176771057494184,0.002059680394039813,0.002686888280772175,0.011146430066918834,0.011465699798532274,-1.3342552661246367
3.5712106053026513,0.002411074678003937,0.0541937185479115,0.051782643869907566,0.0020619415701495936,0.0025989673113106593,0.011125520692580226,0.011425053250041863,-1.341307617457613
3.573686843421711,0.0023962958611397633,0.0541937185479115,0.05179742268677174,0.0020641245675923504,0.0025110916272140693,0.011104407409419,0.011384790076001586,-1.3484021415356058
3.5761630815407703,0.002381672286501574,0.0541937185479115,0.05181204626140993,0.0020662301891624696,0.0024232619879111946,0.01108309136672382,0.011344915729312554,-1.355538879445189
3.57863931965983,0.0023672046989280174,0.0541937185479115,0.051826513848983485,0.0020682592532306715,0.0023354791536241825,0.011061573667595321,0.0113054356342713,-1.3627178572887266
3.58111555777889,0.0023528938240044844,0.0541937185479115,0.05184082472390702,0.0020702125935379,0.0022477438863840707,0.011039855369208705,0.011266355184877815,-1.3699390858024507
3.583591795897949,0.0023387403680948035,0.0541937185479115,0.0518549781798167,0.002072091058986731,0.0021600569510403234,0.011017937483093633,0.011227679743076806,-1.3772025599778999
3.586068034017009,0.0023247450183720084,0.0541937185479115,0.051868973529539494,0.002073895513430299,0.002072419116263804,0.010995820975431086,0.011189414636931903,-1.384508258687462
3.588544272136068,0.0023109084428482654,0.0541937185479115,0.05188281010506324,0.0020756268354587175,0.0019848311555431077,0.010973506767367077,0.011151565158732904,-1.3918561443147623
3.591020510255128,0.0022972312904036493,0.0541937185479115,0.05189648725750785,0.0020772859181831084,0.001897293848173292,0.01095099573534267,0.011114136563035816,-1.3992461623907335
3.593496748374187,0.002283714190814065,0.0541937185479115,0.05191000435709744,0.002078873669017135,0.0018098079802371784,0.010928288711440411,0.011077134064636309,-1.4066782412361363
3.595972986493247,0.002270357754777956,0.0541937185479115,0.05192336079313355,0.0020803910094561564,0.001722374345578261,0.010905386483746575,0.011040562836476617,-1.4141522916114178
3.598449224612306,0.002257162573941991,0.0541937185479115,0.05193655597396951,0.0020818388748539314,0.00163499374676522,0.010882289796729156,0.011004428007486662,-1.421668206374738
3.600925462731366,0.0022441292209255392,0.0541937185479115,0.051949589326985963,0.002083218214196952,0.001547666996047315,0.010858999351631246,0.01096873466035996,-1.4292258601490724
3.6034017008504255,0.002231258249344052,0.0541937185479115,0.05196246029856745,0.002084529989876363,0.001460394916300519,0.0108355158068796,0.010933487829265374,-1.43682510899928
3.605877938969485,0.00221855019383118,0.0541937185479115,0.05197516835408032,0.002085775177457526,0.0013731783419637842,0.010811839778508001,0.010898692497495576,-1.4444657901200642
3.6083541770885446,0.0022060055700597325,0.0541937185479115,0.05198771297785177,0.0020869547654471807,0.0012860181199650933,0.01078797184059535,0.010864353595053725,-1.4521477215357717
3.610830415207604,0.0021936248747613726,0.0541937185479115,0.05200009367315013,0.0020880697550582634,0.0011989151106370308,0.010763912525718023,0.010830475996179631,-1.4598707018129597
3.6133066533266636,0.0021814085857451357,0.0541937185479115,0.05201230996216637,0.002089121159972375,0.001111870188621224,0.010739662325416332,0.01079706451681713,-1.4676345097867172
3.615782891445723,0.0021693571619146104,0.0541937185479115,0.05202436138599689,0.002090110006099888,0.0010248842437616337,0.0107152216906748,0.010764123912024545,-1.4754389043016767
3.6182591295647826,0.002157471043283954,0.0541937185479115,0.05203624750462755,0.002091037331337717,0.0009379581819858064,0.010690591032415936,0.010731658873330168,-1.4832836239687375
3.620735367683842,0.0021457506509926227,0.0541937185479115,0.05204796789691888,0.0020919041853247685,0.0008510929261743598,0.010665770722007332,0.010699674026035225,-1.4911683869384156
3.6232116058029016,0.0021341963873188832,0.0541937185479115,0.05205952216059262,0.0020927116291950504,0.0007642894170175926,0.010640761091781779,0.010668173926466611,-1.499092890691864
3.6256878439219613,0.002122808635692093,0.0541937185479115,0.05207090991221941,0.0020934607353284796,0.000677548613859612,0.010615562435570056,0.01063716305918214,-1.5070568118504661
3.6281640820410206,0.0021115877607037065,0.0541937185479115,0.052082130787207796,0.0020941525870993476,0.0005908714955288988,0.010590175009246229,0.010606645834131161,-1.5150598060050322
3.6306403201600803,0.002100534108117176,0.0541937185479115,0.05209318443979433,0.002094788278622538,0.0005042590611554877,0.01056459903128511,0.010576626583773662,-1.5231015075655001
3.6331165582791396,0.0020896480048765917,0.0541937185479115,0.05210407054303491,0.002095368914497387,0.0004177123309741861,0.010538834683331727,0.010547109560161192,-1.5311815296321034
3.6355927963981993,0.002078929759114216,0.0541937185479115,0.05211478878879729,0.002095895609549293,0.00033123234711338485,0.010512882110782313,0.010518098931982958,-1.5392994638889328
3.6380690345172586,0.002068379660156855,0.0541937185479115,0.05212533888775465,0.0020963694885690327,0.00024482017436939715,0.010486741423376848,0.010489598781581027,-1.5474548805207635
3.6405452726363183,0.002057997978531158,0.0541937185479115,0.052135720569380345,0.002096791686049808,0.00015847690096565614,0.010460412695802583,0.01046161310193832,-1.5556473281540495
3.643021510755378,0.0020477849659678374,0.0541937185479115,0.052145933581943665,0.0020971633459220293,7.22036392967536e-05,0.010433895968308494,0.010434145793643672,-1.5638763338228943
3.6454977488744373,0.002037740855404903,0.0541937185479115,0.0521559776925066,0.0020974856212858444,-1.3998473343280882e-05,0.010407191247330241,0.010407200661838086,-1.5721414029608332
3.647973986993497,0.0020278658609898664,0.0541937185479115,0.052165852686921636,0.0020977596741414257,-0.00010012827404866031,0.010380298506125504,0.01038078141314686,-1.5804420194191753
3.6504502251125563,0.002018160178081048,0.0541937185479115,0.052175558369830455,0.002097986675117024,-0.0001861845736056816,0.010353217685419292,0.010354891652602045,-1.5887776455126232
3.652926463231616,0.002008623983248005,0.0541937185479115,0.0521850945646635,0.0020981678031947995,-0.00027216615581343774,0.010325948694059056,0.010329534880560218,-1.5971477220928798
3.6554027013506754,0.0019992574342711025,0.0541937185479115,0.0521944611136404,0.0020983042454344593,-0.00035807177682106863,0.010298491409679237,0.01030471448962041,-1.6055516686508073
3.657878939469735,0.001990060670140334,0.0541937185479115,0.05220365787777117,0.002098397196694685,-0.00044390016448265856,0.010270845679375052,0.010280433761547463,-1.6139888834477836
3.6603551775887944,0.001981033811053412,0.0541937185479115,0.05221268473685809,0.002098447859352384,-0.0005296500177293022,0.010243011320385225,0.010256695864206003,-1.6224587436766886
3.662831415707854,0.001972176958413223,0.0541937185479115,0.05222154158949828,0.0020984574430198003,-0.0006153200059592167,0.010214988120783329,0.010233503848510449,-1.6309606056530248
3.665307653826914,0.0019634901948246686,0.0541937185479115,0.052230228353086834,0.002098427164259455,-0.0007009087684458048,0.010186775840177542,0.010210860645396601,-1.6394938050365107
3.667783891945973,0.0019549735840910035,0.0541937185479115,0.0522387449638205,0.0020983582462969757,-0.0007864149137642126,0.010158374210418543,0.010188769062820461,-1.6480576570834797
3.670260130065033,0.0019466271712097402,0.0541937185479115,0.05224709137670176,0.0020982519187318274,-0.0008718370192365235,0.010129782936315114,0.01016723178278985,-1.656651456930304
3.672736368184092,0.0019384509823681534,0.0541937185479115,0.05225526756554335,0.002098109417245939,-0.0009571736303958188,0.010101001696357421,0.010146251358434829,-1.6652744799079942
3.675212606303152,0.0019304450249384986,0.0541937185479115,0.052263273522973004,0.0020979319833103007,-0.0010424232604695652,0.010072030143447454,0.01012583021112255,-1.673925981888068
3.677688844422211,0.0019226092874730025,0.0541937185479115,0.0522711092604385,0.0020977208638894994,-0.0011275843898823224,0.01004286790563649,0.010105970627622552,-1.6826051996596527
3.680165082541271,0.001914943739698742,0.0541937185479115,0.05227877480821276,0.0020974773111442726,-0.0012126554657782927,0.010013514586869224,0.01008667475732834,-1.691311351337753
3.68264132066033,0.0019074483325124542,0.0541937185479115,0.05228627021539905,0.0020972025821320603,-0.0012976349015636588,0.009983969767734411,0.010067944609541257,-1.700043636802472
3.68511755877939,0.0019001229979753453,0.0541937185479115,0.05229359554993616,0.0020968979385056316,-0.0013825210764693524,0.00995423300622143,0.010049782050822301,-1.7088012381689572
3.6875937968984496,0.0018929676493080957,0.0541937185479115,0.05230075089860341,0.0020965646462097844,-0.0014673123351339541,0.009924303838482886,0.010032188802418065,-1.7175833202876498
3.690070035017509,0.0018859821808860436,0.0541937185479115,0.05230773636702546,0.0020962039751761573,-0.0015520069872075027,0.009894181779602669,0.010015166437766392,-1.7263890312744434
3.6925462731365686,0.0018791664682346332,0.0541937185479115,0.05231455207967687,0.002095817199016227,-0.0016366033069760478,0.009863866324369202,0.009998716380087482,-1.7352175030701695
3.695022511255628,0.001872520368025328,0.0541937185479115,0.052321198179886175,0.0020954055947124558,-0.0017210995330072289,0.009833356948053828,0.009982839900066322,-1.74406785202877
3.6974987493746876,0.0018660437180719955,0.0541937185479115,0.05232767482983951,0.0020949704423077167,-0.0018054938678172794,0.009802653107193707,0.009967538113631682,-1.7529391795334588
3.699974987493747,0.0018597363373278886,0.0541937185479115,0.052333982210583614,0.0020945130245929736,-0.001889784477559344,0.009771754240379146,0.009952811979837259,-1.7618305726400099
3.7024512256128066,0.0018535980258833282,0.0541937185479115,0.052340120522028175,0.002094034626793291,-0.0019739694917335813,0.009740659769045047,0.009938662298850265,-1.7707411047462964
3.704927463731866,0.0018476285649641558,0.0541937185479115,0.05234608998294735,0.0020935365362522163,-0.002058047002918979,0.009709369098266049,0.00992508971005237,-1.7796698362870542
3.7074037018509256,0.0018418277169311367,0.0541937185479115,0.052351890830980366,0.0020930200421145706,-0.0021420150665273498,0.009677881617555244,0.009912094690258152,-1.788615815452815
3.7098799399699853,0.0018361952252803487,0.0541937185479115,0.052357523322631154,0.0020924864350077396,-0.0022258717005792478,0.009646196701666044,0.009899677552055543,-1.7975780789317988
3.7123561780890446,0.0018307308146446252,0.0541937185479115,0.05236298773326688,0.002091937006721465,-0.002309614885502406,0.00961431371139687,0.009887838442272819,-1.8065556526735667
3.7148324162081043,0.001825434190796331,0.0541937185479115,0.05236828435711517,0.002091373049886229,-0.0023932425639526475,0.009582231994398484,0.00987657734057647,-1.815547552673082
3.7173086543271636,0.0018203050406513516,0.0541937185479115,0.05237341350726015,0.0020907958576502983,-0.002476752640657107,0.009549950885983599,0.00986589405820379,-1.8245527857737602
3.7197848924462233,0.001815343032274555,0.0541937185479115,0.05237837551563695,0.0020902067233554487,-0.0025601429822806167,0.009517469709938345,0.009855788236833956,-1.833570350488113
3.7222611305652826,0.0018105478148868343,0.0541937185479115,0.05238317073302467,0.0020896069402114724,-0.002643411417314493,0.009484787779335561,0.009846259347601088,-1.8425992378343639
3.7247373686843424,0.001805919018873739,0.0541937185479115,0.052387799529037764,0.0020889978009695355,-0.002726555735988613,0.009451904397349269,0.009837306690252309,-1.8516384321875372
3.727213606803402,0.0018014562557958982,0.0541937185479115,0.052392262292115604,0.0020883805975944253,-0.0028095736902062265,0.00941881885807026,0.009828929392453636,-1.8606869121433045
3.7296898449224614,0.0017971591184012814,0.0541937185479115,0.05239655942951022,0.002087756620935775,-0.002892462993502179,0.009385530447322364,0.00982112640924628,-1.8697436513929653
3.732166083041521,0.0017930271806395406,0.0541937185479115,0.05240069136727196,0.0020871271603983706,-0.0029752213210241336,0.009352038443479212,0.009813896522655498,-1.8788076196077803
3.7346423211605804,0.0017890599976782828,0.0541937185479115,0.05240465855023322,0.0020864935036115544,-0.003057846309537099,0.009318342118280937,0.009807238341453629,-1.887877783330927
3.73711855927964,0.0017852571059216865,0.0541937185479115,0.052408461441989816,0.002085856936097867,-0.0031403355574513266,0.009284440737650772,0.00980115030107907,-1.8969531068752734
3.7395947973986994,0.0017816180230313741,0.0541937185479115,0.05241210052488013,0.0020852187409409677,-0.003222686624873519,0.009250333562511084,0.009795630663712147,-1.9060325532251556
3.742071035517759,0.001778142247949685,0.0541937185479115,0.05241557629996182,0.0020845801984529424,-0.003304897033681491,0.009216019849598493,0.009790677518508623,-1.9151150849403407
3.7445472736368184,0.001774829260925495,0.0541937185479115,0.05241888928698601,0.002083942585841084,-0.0033869642676221156,0.009181498852277818,0.009786288781991255,-1.9241996650603173
3.747023511755878,0.0017716785235427357,0.0541937185479115,0.05242204002436877,0.002083307176874217,-0.0034688857724328843,0.009146769821354586,0.00978246219859961,-1.933285258007108
3.749499749874938,0.0017686894787515561,0.0541937185479115,0.05242502906915995,0.0020826752415486808,-0.0035506589559867016,0.009111832005885648,0.009779195341397505,-1.9423708304847382
3.751975987993997,0.0017658615509024284,0.0541937185479115,0.052427856997009074,0.0020820480457540633,-0.0036322811884601887,0.009076684653987678,0.009776485612937666,-1.951455352373569
3.754452226113057,0.0017631941457831382,0.0541937185479115,0.052430524402128365,0.0020814268509387595,-0.0037137498025254477,0.009041327013643106,0.009774330246282369,-1.9605377976176965
3.756928464232116,0.0017606866506589547,0.0541937185479115,0.05243303189725255,0.002080812913775509,-0.003795062093564919,0.009005758333503476,0.009772726306178878,-1.9696171451036049
3.759404702351176,0.0017583384343158315,0.0541937185479115,0.05243538011359567,0.0020802074858269366,-0.0038762153199098444,0.008969977863689433,0.009771670690387708,-1.978692379528402
3.761880940470235,0.0017561488471070155,0.0541937185479115,0.05243756970080449,0.002079611813211278,-0.003957206703101715,0.008933984856587442,0.009771160131161851,-1.9877624922558699
3.764357178589295,0.0017541172210029168,0.0541937185479115,0.052439601326908586,0.002079027136268354,-0.004038033428177033,0.008897778567642626,0.009771191196874392,-1.9968264821587283
3.766833416708354,0.001752242869644531,0.0541937185479115,0.05244147567826697,0.0020784546892259077,-0.004118692643975031,0.008861358256147624,0.009771760293791988,-2.005883356445469
3.769309654827414,0.0017505250884004286,0.0541937185479115,0.052443193459511074,0.0020778956998664284,-0.004199181463468529,0.008824723186026907,0.009772863667991004,-2.0149321314702546
3.7717858929464736,0.001748963154427359,0.0541937185479115,0.052444755393484144,0.002077351389194573,-0.0042794969641174185,0.008787872626616466,0.009774497407413088,-2.0239718335243495
3.774262131065533,0.0017475563267346575,0.0541937185479115,0.052446162221176845,0.0020768229711052863,-0.004359636188245086,0.008750805853438378,0.00977665744405661,-2.033001499607717
3.7767383691845926,0.0017463038462525518,0.0541937185479115,0.05244741470165895,0.0020763116520527715,-0.004439596143437367,0.008713522148969971,0.009779339556300016,-2.0420201781794036
3.779214607303652,0.0017452049359042987,0.0541937185479115,0.052448513612007204,0.0020758186307203897,-0.004519373802963862,0.008676020803407349,0.009782539371353082,-2.051026929885445
3.7816908454227116,0.0017442588006824633,0.0541937185479115,0.05244945974722904,0.0020753450976916344,-0.004598966106221691,0.008638301115422775,0.009786252367831634,-2.0600208282631254
3.784167083541771,0.0017434646277292437,0.0541937185479115,0.05245025392018226,0.002074892235122324,-0.004678369959201145,0.008600362392915846,0.009790473878451281,-2.069000960420442
3.7866433216608306,0.00174282158642107,0.0541937185479115,0.05245089696149043,0.002074461216414088,-0.004757582234973493,0.00856220395375788,0.00979519909283535,-2.0779664276898004
3.78911955977989,0.0017423288284573665,0.0541937185479115,0.052451389719454136,0.0020740532058893127,-0.004836599774200246,0.00852382512652935,0.009800423060431981,-2.0869163462549616
3.7915957978989496,0.00174198548795379,0.0541937185479115,0.05245173305995771,0.0020736693584676746,-0.004915419385664117,0.008485225251250074,0.009806140693535581,-2.0958498477504195
3.7940720360180094,0.0017417906815398454,0.0541937185479115,0.05245192786637166,0.0020733108193443667,-0.004994037846821085,0.008446403680101685,0.009812346770406998,-2.104766079832449
3.7965482741370686,0.0017417435084609786,0.0541937185479115,0.052451975039450524,0.0020729787236701868,-0.0050724519043735174,0.008407359778142309,0.009819035938487425,-2.113664206721144
3.7990245122561284,0.0017418430506852614,0.0541937185479115,0.05245187549722624,0.002072674196233577,-0.005150658274864123,0.008368092924012827,0.00982620271770025,-2.1225434097129154
3.8015007503751876,0.00174208837301474,0.0541937185479115,0.05245163017489676,0.0020723983511447895,-0.005228653645290242,0.00832860251063477,0.009833841503835554,-2.1314028876629068
3.8039769884942474,0.0017424785232014114,0.0541937185479115,0.05245124002471009,0.0020721522915222905,-0.005306434673738493,0.008288887945899265,0.009841946572011468,-2.140241857437001
3.8064532266133067,0.0017430125320680098,0.0541937185479115,0.05245070601584349,0.0020719371091815503,-0.005383997990039116,0.008248948653346905,0.009850512080206743,-2.149059554333071
3.8089294647323664,0.0017436894136335576,0.0541937185479115,0.052450029134277945,0.0020717538843263456,-0.005461340196440151,0.008208784072837995,0.009859532072858817,-2.1578552324713156
3.811405702851426,0.0017445081652437897,0.0541937185479115,0.05244921038266771,0.0020716036852427267,-0.005538457868300617,0.008168393661213382,0.009869000484521823,-2.1666281651534978
3.8138819409704854,0.0017454677677064892,0.0541937185479115,0.052448250780205014,0.0020714875679957805,-0.005615347554802815,0.008127776892944914,0.009878911143578488,-2.1753776451911233
3.816358179089545,0.001746567185431723,0.0541937185479115,0.05244715136247978,0.002071406576129327,-0.005692005779683149,0.008086933260775734,0.009889257776000544,-2.1841029852025584
3.8188344172086044,0.0017478053665771487,0.0541937185479115,0.052445913181334354,0.002071361740368696,-0.005768429041981051,0.008045862276350072,0.009900034009151867,-2.1928035178792236
3.821310655327664,0.0017491812431982279,0.0541937185479115,0.052444537304713275,0.002071354078326711,-0.005844613816805957,0.008004563470831925,0.009911233375628683,-2.201478596221115
3.8237868934467234,0.0017506937314035673,0.0541937185479115,0.052443024816507935,0.0020713845942130532,-0.005920556556121448,0.007963036395512768,0.009922849317131326,-2.210127593741869
3.826263131565783,0.001752341731515325,0.0541937185479115,0.05244137681639618,0.002071454278547101,-0.005996253689546733,0.00792128062240778,0.009934875188362249,-2.218749904643803
3.8287393696848424,0.0017541241282346617,0.0541937185479115,0.05243959441967684,0.0020715641078744166,-0.006071701625174475,0.007879295744840323,0.009947304260944529,-2.2273449439632897
3.831215607803902,0.0017560397908124095,0.0541937185479115,0.05243767875709909,0.002071715044487021,-0.006146896750405116,0.0078370813780146,0.009960129727356175,-2.2359121476870145
3.833691845922962,0.001758087573224737,0.0541937185479115,0.052435630974686766,0.0020719080361475692,-0.006221835432796669,0.007794637159575976,0.009973344704874425,-2.2444509728396094
3.836168084042021,0.0017602663143540878,0.0541937185479115,0.052433452233557415,0.0020721440158176048,-0.006296514020930053,0.007751962750158976,0.009986942239525622,-2.25296089754332
3.838644322161081,0.001762574838175171,0.0541937185479115,0.05243114370973633,0.0020724239013900003,-0.006370928845289252,0.00770905783392244,0.010000915310035356,-2.261441421050346
3.84112056028014,0.0017650119539461204,0.0541937185479115,0.05242870659396538,0.0020727485954257327,-0.006445076219155721,0.0076659221190719185,0.010015256831774344,-2.2698920637485447
3.8435967983992,0.0017675764564048096,0.0541937185479115,0.05242614209150669,0.002073118984895142,-0.0065189524395169035,0.007622555338368737,0.010029959660695408,-2.2783123671412935
3.846073036518259,0.0017702671259703026,0.0541937185479115,0.0524234514219412,0.0020735359409237977,-0.006592553787987949,0.007578957249625896,0.01004501659725713,-2.2867018938022494
3.848549274637319,0.0017730827289493892,0.0541937185479115,0.052420635818962114,0.002074000318543091,-0.006665876531746596,0.007535127636190099,0.01006042039032991,-2.2950602273059038
3.851025512756378,0.0017760220177482564,0.0541937185479115,0.052417696530163246,0.0020745129564457426,-0.006738916924480142,0.007491066307410249,0.010076163741080328,-2.3033869721347107
3.853501750875438,0.0017790837310892177,0.0541937185479115,0.052414634816822285,0.002075074676746287,-0.00681167120734462,0.007446773099091723,0.010092239306829969,-2.3116817535637564
3.8559779889944976,0.001782266594232515,0.0541937185479115,0.05241145195367899,0.0020756862847467177,-0.006884135609935009,0.007402247873936568,0.010108639704884811,-2.3199442175238176
3.858454227113557,0.0017855693192031022,0.0541937185479115,0.0524081492287084,0.0020763485687074023,-0.006956306351266485,0.007357490521969297,0.01012535751633188,-2.3281740304437815
3.8609304652326166,0.0017889906050224808,0.0541937185479115,0.05240472794288902,0.002077062299623388,-0.00702817964076582,0.007312500960948014,0.010142385289799476,-2.3363708790733586
3.863406703351676,0.0017925291379453784,0.0541937185479115,0.052401189409966124,0.002077828231006243,-0.007099751679272438,0.007267279136760966,0.010159715545178074,-2.3445344702870368
3.8658829414707356,0.0017961835917014446,0.0541937185479115,0.05239753495621006,0.0020786470986715365,-0.00717101866004873,0.007221825023808066,0.010177340777298727,-2.3526645308702685
3.868359179589795,0.0017999526277416786,0.0541937185479115,0.052393765920169824,0.002079519620532085,-0.007241976769798767,0.007176138625367383,0.010195253459566107,-2.360760807288839
3.8708354177088546,0.001803834895489742,0.0541937185479115,0.05238988365242176,0.0020804464963971037,-0.0073126221896951385,0.007130219973946487,0.010213446047543756,-2.3688230654424034
3.873311655827914,0.0018078290325979351,0.0541937185479115,0.05238588951531357,0.0020814284077773234,-0.0073829510964130846,0.0070840691316184186,0.010231910982488858,-2.3768510904031572
3.8757878939469737,0.0018119336652078766,0.0541937185479115,0.052381784882703626,0.00208246601769628,-0.0074529596631714426,0.0070376861903421635,0.010250640694834317,-2.3848446861406134
3.8782641320660334,0.0018161474082158194,0.0541937185479115,0.05237757113969568,0.002083559970507766,-0.007522644060779848,0.006991071272267653,0.010269627607616178,-2.392803675233438
3.8807403701850927,0.0018204688655423656,0.0541937185479115,0.05237324968236914,0.002084710891719669,-0.007592000458691433,0.006944224530024918,0.010288864139844141,-2.400727898569301
3.8832166083041524,0.0018248966304068026,0.0541937185479115,0.0523688219175047,0.002085919387824223,-0.007661025026060641,0.00689714614699758,0.010308342709813784,-2.4086172150336838
3.8856928464232117,0.0018294292856056785,0.0541937185479115,0.052364289262305824,0.002087186046134801,-0.007729713932805257,0.0068498363375804495,0.010328055738358564,-2.4164715011885396
3.8881690845422714,0.001834065403795701,0.0541937185479115,0.0523596531441158,0.002088511434629362,-0.00779806335067238,0.006802295347421066,0.010347995652040351,-2.42429065094176
3.8906453226613307,0.0018388035477808484,0.0541937185479115,0.052354915000130654,0.0020898961018006095,-0.007866069454307338,0.006754523453645348,0.010368154886277115,-2.4320745752082797
3.8931215607803904,0.0018436422708035458,0.0541937185479115,0.05235007627710796,0.002091340576512996,-0.007933728422325315,0.006706520965067024,0.010388525888406693,-2.4398232015637342
3.8955977988994497,0.001848580116839811,0.0541937185479115,0.05234513843107169,0.0020928453678666246,-0.008001036438384606,0.006658288222381006,0.010409101120685486,-2.4475364738914753
3.8980740370185094,0.001853615620898419,0.0541937185479115,0.052340102927013084,0.0020944109650681475,-0.008067989692261522,0.006609825598340568,0.010429873063221642,-2.4552143520238037
3.900550275137569,0.0018587473093236648,0.0541937185479115,0.05233497123858784,0.0020960378373087595,-0.00813458438092549,0.006561133497918283,0.010450834216841369,-2.4628568113781752
3.9030265132566284,0.0018639737001019813,0.0541937185479115,0.05232974484780952,0.0020977264336493173,-0.00820081670961446,0.006512212358450773,0.010471977105888397,-2.4704638425891816
3.905502751375688,0.0018692933031719955,0.0541937185479115,0.05232442524473951,0.0020994771829126986,-0.008266682892909645,0.006463062649767165,0.010493294280955832,-2.4780354511370457
3.9079789894947474,0.0018747046207380977,0.0541937185479115,0.052319013927173405,0.00210129049358346,-0.008332179155808805,0.006413684874301399,0.010514778321549975,-2.485571656973322
3.910455227613807,0.001880206147587285,0.0541937185479115,0.05231351240032422,0.0021031667537148267,-0.008397301734797958,0.006364079567188159,0.01053642183868616,-2.4930724941445375
3.9129314657328664,0.001885796371409225,0.0541937185479115,0.05230792217650228,0.0021051063308431314,-0.008462046878920295,0.006314247296342832,0.010558217477416226,-2.5005380104143775
3.915407703851926,0.0018914737731194065,0.0541937185479115,0.052302244774792096,0.0021071095719096917,-0.008526410850842154,0.006264188662525002,0.01058015791928767,-2.5079682668851104
3.917883941970986,0.0018972368271851572,0.0541937185479115,0.052296481720726345,0.0021091768031902347,-0.0085903899279151,0.00621390429938612,0.01060223588473462,-2.515363337618789
3.920360180090045,0.001903084001954547,0.0541937185479115,0.052290634545956956,0.002111308330231873,-0.008653980403233745,0.006163394873500888,0.010624444135400719,-2.522723309258861
3.922836418209105,0.0019090137599878723,0.0541937185479115,0.05228470478792363,0.0021135044377976913,-0.008717178586688525,0.006112661084382702,0.01064677547639414,-2.530048280652696
3.925312656328164,0.0019150245583916745,0.0541937185479115,0.05227869398951983,0.0021157653898190012,-0.008779980806012689,0.0060617036644831455,0.01066922275847494,-2.5373383624755554
3.927788894447224,0.0019211148491552268,0.0541937185479115,0.052272603698756276,0.0021180914293552292,-0.008842383407823506,0.006010523379175719,0.010691778880175662,-2.5445936768565036
3.930265132566283,0.0019272830794890838,0.0541937185479115,0.05226643546842242,0.0021204827785615667,-0.008904382758656088,0.005959121026723702,0.010714436789854722,-2.5518143570066925
3.932741370685343,0.0019335276921658429,0.0541937185479115,0.05226019085574566,0.002122939638664294,-0.008965975245990335,0.005907497438232408,0.010737189487684099,-2.5590005468504944
3.935217608804402,0.0019398471258627661,0.0541937185479115,0.05225387142204874,0.002125462189943899,-0.009027157279269388,0.005855653477585969,0.010760030027571064,-2.5661524006598313
3.937693846923462,0.0019462398155062066,0.0541937185479115,0.052247478732405296,0.002128050591725917,-0.009087925290909933,0.005803590041368615,0.010782951519015253,-2.573270082692133
3.9401700850425216,0.001952704192617609,0.0541937185479115,0.052241014355293894,0.0021307049823795646,-0.009148275737302912,0.005751308058770785,0.010805947128901146,-2.580353766832226
3.942646323161581,0.00195923868566103,0.0541937185479115,0.05223447986225047,0.0021334254793241225,-0.009208205099804814,0.005698808491480071,0.010829010083227217,-2.587403636238513
3.9451225612806406,0.00196584172039186,0.0541937185479115,0.05222787682751964,0.002136212179043119,-0.009267709885718478,0.005646092333557161,0.010852133668772098,-2.594419882993728
3.9475987993997,0.001972511720206814,0.0541937185479115,0.05222120682770469,0.0021390651571062255,-0.009326786629263109,0.005593160611297117,0.010875311234698832,-2.6014027077605304
3.9500750375187597,0.001979247106494733,0.0541937185479115,0.05221447144141677,0.002141984468198967,-0.009385431892532834,0.005540014383075849,0.010898536194097799,-2.608352319442218
3.952551275637819,0.0019860462989883462,0.0541937185479115,0.052207672248923156,0.002144970146160106,-0.009443642266443385,0.005486654739182361,0.010921802025469433,-2.615268934848755
3.9550275137568787,0.001992907716116557,0.0541937185479115,0.052200810831794946,0.0021480222040267853,-0.009501414371666227,0.005433082801636584,0.010945102274147316,-2.6221527783683456
3.957503751875938,0.001999829775357287,0.0541937185479115,0.052193888772554216,0.002151140634087321,-0.009558744859549802,0.005379299723993283,0.010968430553662815,-2.6290040816447253
3.9599799899949977,0.0020068108935905604,0.0541937185479115,0.05218690765432094,0.0021543254079416886,-0.009615630413027211,0.005325306691132101,0.010991780547051973,-2.635823083260337
3.9624562281140574,0.0020138494874517854,0.0541937185479115,0.05217986906045972,0.0021575764765695855,-0.009672067747509967,0.005271104919034034,0.011015146008105717,-2.6426100284255374
3.9649324662331167,0.0020209439736849216,0.0541937185479115,0.05217277457422658,0.002160893770406114,-0.00972805361176718,0.005216695654544494,0.011038520762564154,-2.6493651686739548
3.9674087043521764,0.0020280927694955875,0.0541937185479115,0.052165625778415915,0.0021642771994249644,-0.009783584788790052,0.0051620801751233,0.01106189870925625,-2.6560887615641176
3.9698849424712357,0.002035294292903625,0.0541937185479115,0.05215842425500788,0.0021677266532290876,-0.009838658096640687,0.005107259788581788,0.011085273821185376,-2.6627810703874233
3.9723611805902954,0.0020425469630952486,0.0541937185479115,0.052151171584816254,0.0021712420011488114,-0.00989327038928528,0.005052235832807183,0.011108640146562036,-2.6694423638825517
3.9748374187093547,0.002049849200774445,0.0541937185479115,0.05214386934713706,0.002174823092347293,-0.009947418557410968,0.004997009675474856,0.011131991809784691,-2.676072915956341
3.9773136568284144,0.0020571994285134843,0.0541937185479115,0.05213651911939802,0.0021784697559333053,-0.01000109952922606,0.0049415827137482115,0.011155323012369513,-2.682673005411217
3.9797898949474737,0.002064596071102383,0.0541937185479115,0.05212912247680912,0.0021821818010812175,-0.01005431027124305,0.004885956373966954,0.01117862803383008,-2.6892429156791633
3.9822661330665334,0.0020720375558971674,0.0541937185479115,0.052121680992014335,0.0021859590171581797,-0.010107047789044372,0.004830132111323772,0.011201901232508157,-2.695782934562278
3.984742371185593,0.00207952231316675,0.0541937185479115,0.05211419623474475,0.00218980117385834,-0.010159309128030149,0.004774111409529815,0.011225137046356247,-2.702293353979903
3.9872186093046524,0.0020870487764382134,0.0541937185479115,0.05210666977147329,0.002193708021344096,-0.010211091374147751,0.004717895780469177,0.011248329993672992,-2.7087744697223313
3.989694847423712,0.002094615382840413,0.0541937185479115,0.05209910316507109,0.002197679290394235,-0.01026239165460291,0.004661486763842793,0.011271474673792466,-2.715226581211071
3.9921710855427714,0.0021022205734457164,0.0541937185479115,0.052091497974465786,0.002201714692558909,-0.010313207138551855,0.004604885926802051,0.011294565767728148,-2.72164999126563
3.994647323661831,0.0021098627936096334,0.0541937185479115,0.05208385575430187,0.0022058139203213235,-0.010363535037774355,0.004548094863572345,0.01131759803877262,-2.7280450058767913
3.9971235617808905,0.0021175404933082703,0.0541937185479115,0.05207617805460323,0.0022099766472660465,-0.010413372607327113,0.004491115195067,0.011340566333053758,-2.734411933986331
3.99959979989995,0.0021252521274734287,0.0541937185479115,0.052068466420438074,0.00221420252825386,-0.010462717146177629,0.004433948568491757,0.011363465580048608,-2.740751087273131
4.00207603801901,0.002132996156325166,0.0541937185479115,0.052060722391586337,0.0022184911996030064,-0.010511565997817818,0.0043765966569404395,0.011386290793055566,-2.747062779945597
4.004552276138069,0.002140771045701609,0.0541937185479115,0.052052947502209894,0.0022228422792767493,-0.010559916550857407,0.00431906115898167,0.011409037069625828,-2.7533473285403565
4.007028514257129,0.0021485752673860506,0.0541937185479115,0.05204514328052545,0.002227255367077125,-0.010607766239596911,0.004261343798237389,0.011431699591955181,-2.759605051727126
4.009504752376189,0.0021564072994309097,0.0541937185479115,0.05203731124848059,0.0022317300448447524,-0.010655112544579699,0.004203446322953514,0.01145427362723674,-2.765836270119664
4.011980990495248,0.002164265626478694,0.0541937185479115,0.05202945292143281,0.0022362658766646266,-0.010701952993123333,0.004145370505562649,0.011476754527975676,-2.7720413060927664
4.014457228614307,0.0021721487400794964,0.0541937185479115,0.052021569807832006,0.002240862409077699,-0.010748285159829554,0.004087118142239668,0.011499137732266575,-2.778220483605158
4.016933466733367,0.002180055139005266,0.0541937185479115,0.05201366340890624,0.002245519171298194,-0.010794106667073302,0.004028691052450439,0.011521418764034685,-2.7843741280282184
4.019409704852427,0.0021879833295602377,0.0541937185479115,0.052005735218351265,0.0022502356754364526,-0.010839415185469806,0.0039700910784938115,0.011543593233241094,-2.7905025659804257
4.021885942971486,0.0021959318258879257,0.0541937185479115,0.05199778672202358,0.0022550114167272694,-0.010884208434320747,0.003911320085037386,0.011565656836053704,-2.796606125167445
4.024362181090546,0.0022038991502740246,0.0541937185479115,0.05198981939763748,0.0022598458737634708,-0.010928484182038243,0.0038523799586475224,0.011587605354983797,-2.8026851342277093
4.026838419209605,0.0022118838334454147,0.0541937185479115,0.05198183471446609,0.0022647385087346938,-0.010972240246547112,0.003793272607313834,0.01160943465898946,-2.80873992258341
4.029314657328665,0.0022198844148650573,0.0541937185479115,0.051973834133046445,0.0022696887676711586,-0.011015474495665636,0.003733999959968347,0.011631140703546825,-2.814770820296817
4.031790895447724,0.002227899443022624,0.0541937185479115,0.05196581910488888,0.0022746960806923466,-0.011058184847463926,0.0036745639660002126,0.011652719530689304,-2.8207781579317373
4.034267133566784,0.0022359274757207045,0.0541937185479115,0.0519577910721908,0.0022797598622603704,-0.011100369270600615,0.0036149665947657187,0.011674167269016086,-2.8267622664200838
4.036743371685843,0.002243967080356568,0.0541937185479115,0.051949751467554935,0.0022848795114379606,-0.01114202578463737,0.0035552098350944685,0.011695480133670291,-2.8327234769333764
4.039219609804903,0.0022520168341992816,0.0541937185479115,0.05194170171371222,0.0022900544121508644,-0.011183152460331535,0.0034952956947917335,0.011716654426287774,-2.8386621207590963
4.041695847923962,0.002260075324662103,0.0541937185479115,0.0519336432232494,0.002295283933454545,-0.011223747419906628,0.0034352262001376144,0.011737686534917031,-2.8445785291817582
4.044172086043022,0.002268141149570066,0.0541937185479115,0.05192557739834144,0.0023005674298049684,-0.011263808837300906,0.0033750033953831547,0.011758572933911061,-2.850473033368591
4.046648324162081,0.0022762129174225335,0.0541937185479115,0.05191750563048897,0.002305904241333416,-0.011303334938393838,0.00331462934224407,0.011779310183791757,-2.856345964259694
4.049124562281141,0.002284289247650763,0.0541937185479115,0.05190942930026074,0.002311293694125078,-0.011342324001210815,0.0032541061193919443,0.011799894931087608,-2.862197652462591
4.0516008004002,0.002292368770870329,0.0541937185479115,0.051901349777041174,0.0023167351005013116,-0.011380774356105884,0.0031934358219438816,0.011820323908145313,-2.868028428151015
4.05407703851926,0.0023004501291282453,0.0541937185479115,0.05189326841878326,0.0023222277593054133,-0.011418684385922757,0.003132620560950505,0.011840593932915951,-2.873838620967837
4.056553276638319,0.0023085319761447995,0.0541937185479115,0.0518851865717667,0.002327770956191716,-0.011456052526134084,0.003071662462882915,0.011860701908716324,-2.879628559932018
4.059029514757379,0.0023166129775499048,0.0541937185479115,0.0518771055703616,0.002333363963917875,-0.011492877264959225,0.0030105636691187066,0.011880644823966169,-2.8853985733494745
4.061505752876438,0.002324691811114006,0.0541937185479115,0.0518690267367975,0.0023390060426401863,-0.01152915714346049,0.0029493263354277736,0.011900419751901774,-2.8911489887277213
4.063981990995498,0.0023327671669733582,0.0541937185479115,0.051860951380938144,0.0023446964402117406,-0.0115648907556182,0.002887952631457852,0.011920023850266727,-2.896880132694208
4.0664582291145575,0.002340837747849621,0.0541937185479115,0.05185288080006188,0.0023504343924832774,-0.01160007674838441,0.002826444740220544,0.011939454360980198,-2.9025923309182065
4.068934467233617,0.002348902269263764,0.0541937185479115,0.05184481627864774,0.002356219123606603,-0.011634713821715855,0.0027648048575776778,0.011958708609783545,-2.908285908036178
4.071410705352677,0.0023569594597441304,0.0541937185479115,0.05183675908816737,0.002362049846340355,-0.011668800728585964,0.0027030351917288666,0.011977784005865735,-2.913961187580467
4.073886943471736,0.0023650080610286423,0.0541937185479115,0.05182871048688286,0.0023679257623579805,-0.011702336274976256,0.0026411379627003092,0.011996678041468058,-2.91961849191124
4.0763631815907955,0.0023730468282611022,0.0541937185479115,0.0518206717196504,0.00237384606255776,-0.011735319319847524,0.0025791154018350547,0.012015388291468958,-2.9252581421515704
4.078839419709855,0.002381074530181479,0.0541937185479115,0.051812644017730024,0.0023798099273747444,-0.011767748775090627,0.002516969751285422,0.012033912412949196,-2.9308804581255363
4.081315657828915,0.002389089949310183,0.0541937185479115,0.05180462859860132,0.002385816527094392,-0.011799623605457494,0.0024547032635075816,0.012052248144738162,-2.936485758299255
4.083791895947974,0.002397091882126251,0.0541937185479115,0.05179662666578525,0.002391865022167773,-0.011830942828472373,0.002392318200758777,0.012070393306941726,-2.942074359724736
4.0862681340670335,0.00240507913923943,0.0541937185479115,0.05178863940867207,0.0023979545635281958,-0.01186170551432368,0.002329816834597352,0.012088345800452188,-2.9476465779864722
4.088744372186094,0.0024130505455560933,0.0541937185479115,0.05178066800235541,0.0024040842929090745,-0.01189191078573676,0.0022672014453860765,0.012106103606440969,-2.9532027271506536
4.091220610305153,0.0024210049404389325,0.0541937185479115,0.05177271360747257,0.002410253343162865,-0.011921557817827586,0.0022044743217990255,0.012123664785834246,-2.958743119716905
4.093696848424212,0.002428941177860529,0.0541937185479115,0.051764777370050974,0.0024164608385809734,-0.011950645837938152,0.002141637760332092,0.012141027478772493,-2.9642680665724903
4.0961730865432715,0.00243685812655052,0.0541937185479115,0.05175686042136098,0.0024227058952143972,-0.011979174125453327,0.00207869406481773,0.01215818990405393,-2.9697778769488443
4.098649324662332,0.002444754670136648,0.0541937185479115,0.051748963877774855,0.0024289876211950135,-0.012007142011599907,0.0020156455459440174,0.012175150358562781,-2.975272858380375
4.101125562781391,0.002452629707279469,0.0541937185479115,0.051741088840632034,0.0024353051170573296,-0.012034548879227985,0.0019524945207784862,0.012191907216682613,-2.9807533166654303
4.10360180090045,0.002460482151800697,0.0541937185479115,0.051733236396110806,0.002441657476060546,-0.012061394162575035,0.001889243312296645,0.012208458929695291,-2.9862195558293667
4.1060780390195095,0.002468310932805362,0.0541937185479115,0.05172540761510614,0.002448043784510783,-0.012087677347012951,0.0018258942489158695,0.012224804025165969,-2.9916718780896137
4.10855427713857,0.0024761149947975583,0.0541937185479115,0.051717603553113944,0.002454463122083345,-0.012113397968778632,0.001762449664034721,0.012240941106314757,-2.997110583822656
4.111030515257629,0.0024838932977899186,0.0541937185479115,0.051709825250121584,0.0024609145621448092,-0.012138555614688084,0.0016989118955779662,0.012256868851375212,-3.0025359715328652
4.113506753376688,0.0024916448174067823,0.0541937185479115,0.05170207373050472,0.0024673971720748965,-0.01216314992183486,0.0016352832855473466,0.012272586012940463,-3.0079483378231053
4.115982991495748,0.0024993685449810205,0.0541937185479115,0.05169435000293048,0.0024739100135878853,-0.012187180577272833,0.0015715661795787977,0.012288091417297158,-3.013347977367015
4.118459229614808,0.002507063487644609,0.0541937185479115,0.051686655060266894,0.002480452143053483,-0.012210647317683848,0.0015077629265059338,0.012303383963747758,-3.01873518288291
4.120935467733867,0.0025147286684128953,0.0541937185479115,0.05167898987949861,0.0024870226118169966,-0.01223354992903069,0.0014438758779300983,0.012318462623921674,-3.0241102451092448
4.123411705852926,0.0025223631262625973,0.0541937185479115,0.051671355421648905,0.0024936204665186746,-0.012255888246195617,0.001379907387797353,0.012333326441075562,-3.0294734527815335
4.125887943971986,0.0025299659162035942,0.0541937185479115,0.05166375263170791,0.0025002447494120754,-0.012277662152604982,0.0013158598119824203,0.01234797452938332,-3.0348250926106934
4.128364182091046,0.0025375361093444015,0.0541937185479115,0.0516561824385671,0.0025068944986813392,-0.012298871579840151,0.0012517355078800582,0.012362406073215986,-3.040165449262713
4.130840420210105,0.0025450727929516095,0.0541937185479115,0.05164864575495989,0.002513568748757235,-0.01231951650723553,0.0011875368340035068,0.012376620326412369,-3.045494805339629
4.133316658329165,0.0025525750705029868,0.0541937185479115,0.051641143477408516,0.0025202665306318546,-0.012339596961463584,0.0011232661495908965,0.012390616611540286,-3.050813441361693
4.1357928964482245,0.002560042061734616,0.0541937185479115,0.05163367648617689,0.0025269868721718054,-0.012359113016107651,0.0010589258142193324,0.012404394319149229,-3.0561216357507055
4.138269134567284,0.0025674729026818194,0.0541937185479115,0.05162624564522968,0.0025337287984298455,-0.01237806479122287,0.0009945181874268143,0.012417952907014666,-3.061419664814456
4.140745372686343,0.0025748667457141036,0.0541937185479115,0.0516188518021974,0.002540491331954746,-0.012396452452885483,0.0009300456283423975,0.01243129189937431,-3.066707802732195
4.143221610805403,0.0025822227595640665,0.0541937185479115,0.051611495788347436,0.0025472734930993726,-0.012414276212731258,0.0008655104953246165,0.012444410886156975,-3.0719863215411007
4.1456978489244625,0.0025895401293503997,0.0541937185479115,0.0516041784185611,0.0025540743003267512,-0.012431536327483098,0.0008009151456083235,0.012457309522204092,-3.077255491123668
4.148174087043522,0.0025968180565948823,0.0541937185479115,0.05159690049131662,0.002560892770514153,-0.012448233098468549,0.0007362619349599265,0.012469987526484492,-3.0825155791960044
4.150650325162582,0.002604055759233642,0.0541937185479115,0.05158966278867786,0.0025677279192549405,-0.012464366871127494,0.0006715532173414727,0.01248244468130271,-3.0877668512969354
4.153126563281641,0.0026112524716225063,0.0541937185479115,0.051582466076288996,0.002574578761158176,-0.012479938034510462,0.0006067913445835351,0.012494680831501152,-3.093009570777899
4.1556028014007005,0.002618407444536723,0.0541937185479115,0.05157531110337478,0.0025814443101458543,-0.012494947020768124,0.0005419786660667556,0.012506695883656632,-3.0982439987936004
4.15807903951976,0.002625519945164856,0.0541937185479115,0.05156819860274665,0.0025883235797476475,-0.012509394304632142,0.0004771175284127234,0.01251848980527131,-3.1034703942933257
4.16055527763882,0.002632589257097216,0.0541937185479115,0.051561129290814287,0.0025952155833930965,-0.01252328040288813,0.00041221027518366523,0.012530062623958784,-3.10868901401294
4.163031515757879,0.0026396146803086065,0.0541937185479115,0.051554103867602896,0.00260211933470111,-0.012536605873840824,0.0003472592465915948,0.012541414426625236,-3.1139001124674626
4.1655077538769385,0.0026465955311356995,0.0541937185479115,0.0515471230167758,0.002609033847766746,-0.012549371316772253,0.0002822667792164433,0.012552545358646403,-3.119103941944236
4.167983991995998,0.002653531142248859,0.0541937185479115,0.051540187405662644,0.002615958137445136,-0.012561577371392964,0.00021723520573375867,0.012563455623040261,-3.124300752496608
4.170460230115058,0.0026604208626187717,0.0541937185479115,0.05153329768529273,0.0026228912196324646,-0.01257322471728704,0.00015216685465168953,0.012574145479636076,-3.129490791938111
4.172936468234117,0.002667264057477678,0.0541937185479115,0.051526454490433825,0.0026298321115439663,-0.012584314073351137,8.706405005752199e-05,0.012584615244239926,-3.1346743058370907
4.1754127063531765,0.00267406010827545,0.0541937185479115,0.05151965843963605,0.0026367798319888486,-0.01259484619722807,2.192911137358123e-05,0.012594865287797088,-3.1398515375117624
4.177888944472237,0.002680808412630624,0.0541937185479115,0.05151291013528088,0.002643733401642014,-0.012604821884735376,-4.323564687720183e-05,0.012604896035551613,3.1381625791539367
4.180365182591296,0.002687508384276241,0.0541937185479115,0.05150621016363526,0.002650691843312577,-0.012614241969289149,-0.00010842791529607543,0.012614707966203231,3.132997190996218
4.182841420710355,0.0026941594530008744,0.0541937185479115,0.05149955909491063,0.002657654182209094,-0.012623107321323724,-0.00017364538982389752,0.012624301611062044,3.1278373686528305
4.1853176588294145,0.0027007610645847155,0.0541937185479115,0.05149295748332679,0.0026646194462013727,-0.012631418847707541,-0.00023888577194668871,0.012633677553201201,3.122682877848316
4.187793896948475,0.0027073126807308154,0.0541937185479115,0.05148640586718069,0.0026715866660789265,-0.012639177491155545,-0.000304146768891644,0.012642836426607766,3.1175334865769186
4.190270135067534,0.0027138137789917485,0.0541937185479115,0.051479904768919754,0.0026785548758058515,-0.012646384229638668,-0.00036942609381342053,0.012651778915332177,3.112388965105682
4.192746373186593,0.002720263852691536,0.0541937185479115,0.05147345469521997,0.0026855231127722342,-0.01265304007579075,-0.0004347214659710023,0.012660505752636534,3.1072490859773154
4.195222611305653,0.0027266624108430726,0.0541937185479115,0.05146705613706843,0.0026924904180418946,-0.012659146076313074,-0.0005000306108947285,0.012669017720141701,3.102113624012891
4.197698849424713,0.002733008978061148,0.0541937185479115,0.051460709569850355,0.002699455836596516,-0.012664703311377347,-0.0005653512605436393,0.012677315646973953,3.0969823563143835
4.200175087543772,0.0027393030944710406,0.0541937185479115,0.05145441545344046,0.002706418417576046,-0.012669712894027112,-0.0006306811534535438,0.01268540040891096,3.091855062267048
4.202651325662831,0.0027455443156129064,0.0541937185479115,0.051448174232298596,0.002713377214515354,-0.012674175969578132,-0.0006960180348752625,0.012693272927527534,3.086731523541702
4.2051275637818915,0.002751732212341984,0.0541937185479115,0.05144198633556952,0.0027203312855771113,-0.01267809371501821,-0.0007613596569034182,0.012700934169341416,3.0816115240968993
4.207603801900951,0.002757866370724643,0.0541937185479115,0.05143585217718686,0.0027272796937808067,-0.012681467338406607,-0.0008267037785956715,0.01270838514495913,3.076494850181043
4.21008004002001,0.0027639463919305746,0.0541937185479115,0.05142977215598093,0.00273422150722792,-0.012684298078273662,-0.0008920481660828162,0.012715626908222364,3.071381290334409
4.212556278139069,0.0027699718921209704,0.0541937185479115,0.05142374665579053,0.002741155799323183,-0.012686587203020763,-0.0009573905926690663,0.01272266055535482,3.0662706353911684
4.2150325162581295,0.0027759425023329704,0.0541937185479115,0.05141777604557853,0.002748081648991887,-0.01268833601032116,-0.0010227288389234271,0.012729487224109947,3.0611626784813533
4.217508754377189,0.0027818578683603545,0.0541937185479115,0.05141186067955115,0.0027549981408932353,-0.01268954582652194,-0.0010880606927614654,0.012736108092919632,3.0560572150328458
4.219984992496248,0.0027877176506306695,0.0541937185479115,0.05140600089728083,0.002761904365629705,-0.01269021800604744,-0.001153383949518278,0.012742524380044052,3.050954042773342
4.222461230615308,0.0027935215240788014,0.0541937185479115,0.0514001970238327,0.002768799419952384,-0.012690353930804536,-0.0012186964120120766,0.012748737342722895,3.045852961732364
4.2249374687343675,0.002799269178017129,0.0541937185479115,0.051394449369894374,0.0027756824069622445,-0.012689955009590019,-0.0012839958905988083,0.012754748276328054,3.040753774243302
4.227413706853427,0.002804960316002386,0.0541937185479115,0.05138875823190912,0.002782552436307402,-0.01268902267750057,-0.0013492802032180576,0.012760558513518126,3.035656284945488
4.229889944972486,0.0028105946556992445,0.0541937185479115,0.05138312389221226,0.002789408624376247,-0.012687558395345336,-0.0014145471754298947,0.012766169423394577,3.0305603007863495
4.232366183091546,0.002816171928740792,0.0541937185479115,0.05137754661917071,0.002796250094486511,-0.012685563649061751,-0.0014797946404431377,0.012771582410660048,3.0254656310236165
4.2348424212106055,0.0028216918805859734,0.0541937185479115,0.05137202666732553,0.0028030759770702103,-0.012683039949134719,-0.001545020439134836,0.012776798914778757,3.020372087227629
4.237318659329665,0.002827154270374048,0.0541937185479115,0.051366564277537455,0.0028098854098544844,-0.012679988830019424,-0.0016102224200615527,0.012781820409139156,3.015279483283702
4.239794897448725,0.0028325588707762625,0.0541937185479115,0.05136115967713524,0.0028166775380383036,-0.012676411849568171,-0.001675398439461976,0.012786648400219033,3.0101876353946135
4.242271135567784,0.0028379054678446952,0.0541937185479115,0.05135581308006681,0.002823451514465014,-0.012672310588461471,-0.001740546361251293,0.012791284426753157,3.005096362083193
4.2447473736868435,0.0028431938608585172,0.0541937185479115,0.051350524687052986,0.002830206499790821,-0.01266768664964366,-0.001805664057007621,0.012795730058903611,3.000005484195009
4.247223611805903,0.0028484238621676247,0.0541937185479115,0.05134529468574388,0.0028369416626490363,-0.01266254165776317,-0.0018707494059501896,0.012799986897432772,2.9949148249011843
4.249699849924963,0.0028535952970338424,0.0541937185479115,0.05134012325087766,0.0028436561798102595,-0.012656877258618084,-0.0019358002949098085,0.012804056572879413,2.989824209701332
4.252176088044022,0.002858708003469719,0.0541937185479115,0.051335010544441784,0.0028503492363383736,-0.012650695118606727,-0.002000814618291394,0.012807940744737564,2.984733466426622
4.2546523261630815,0.002863761832075068,0.0541937185479115,0.051329956715836435,0.002857020025742455,-0.012643996924183932,-0.0020657902780291428,0.012811641100638607,2.9796424252429685
4.257128564282142,0.002868756645871315,0.0541937185479115,0.05132496190204019,0.0028636677501244863,-0.012636784381323,-0.0021307251835341206,0.012815159355536529,2.9745509186543555
4.259604802401201,0.0028736923201336945,0.0541937185479115,0.05132002622777781,0.002870291620322998,-0.012629059214983659,-0.00219561725163436,0.012818497250896382,2.9694587815063183
4.26208104052026,0.002878568742221553,0.0541937185479115,0.05131514980568995,0.0028768908560525804,-0.0126208231685862,-0.002260464406508197,0.01282165655388619,2.964365850989525
4.2645572786393195,0.0028833858114065483,0.0541937185479115,0.051310332736504954,0.0028834646860392767,-0.012612078003491957,-0.002325264579610252,0.012824639056572147,2.9592719666435348
4.26703351675838,0.002888143438699288,0.0541937185479115,0.051305575109212215,0.0028900123481519014,-0.012602825498490568,-0.0023900157095907374,0.012827446575117534,2.954176970360674
4.269509754877439,0.0028928415466739354,0.0541937185479115,0.05130087700123757,0.0028965330895292466,-0.012593067449293782,-0.0024547157422079506,0.012830080948984935,2.9490807063900686
4.271985992996498,0.002897480069291407,0.0541937185479115,0.051296238478620096,0.0029030261667032584,-0.012582805668036394,-0.0025193626302344803,0.012832544040142268,2.9439830213417943
4.274462231115558,0.002902058951720861,0.0541937185479115,0.05129165959619064,0.002909490845718142,-0.012572041982784285,-0.0025839543333567787,0.012834837732272423,2.9388837641911882
4.276938469234618,0.002906578150159815,0.0541937185479115,0.05128714039775169,0.002915926402245423,-0.012560778237049815,-0.002648488818068776,0.012836963929986702,2.9337827862832784
4.279414707353677,0.002911037631652791,0.0541937185479115,0.05128268091625871,0.002922332121695004,-0.012549016289314608,-0.002712964057559289,0.012838924558041922,2.928679941337363
4.281890945472736,0.0029154373739087094,0.0541937185479115,0.05127828117400279,0.0029287072993222233,-0.01253675801255999,-0.002777378031593806,0.012840721560561423,2.923575085451699
4.2843671835917965,0.0029197773651170322,0.0541937185479115,0.05127394118279447,0.0029350512403309393,-0.012524005293805242,-0.002841728726390455,0.012842356900259953,2.918468077108335
4.286843421710856,0.002924057603762832,0.0541937185479115,0.05126966094414867,0.0029413632599726448,-0.012510760033653704,-0.002906014134490488,0.012843832557672392,2.9133587771780625
4.289319659829915,0.002928278098440748,0.0541937185479115,0.051265440449470755,0.002947642683641662,-0.012497024145846953,-0.0029702322546236366,0.012845150530386493,2.908247048925471
4.291795897948974,0.0029324388676679747,0.0541937185479115,0.05126127968024353,0.0029538888469664167,-0.012482799556827028,-0.003034381091568159,0.012846312832279442,2.9031327580141317
4.2942721360680345,0.0029365399396964267,0.0541937185479115,0.051257178608215076,0.00296010109589685,-0.012468088205307062,-0.0030984586560060634,0.012847321492758558,2.898015772511875
4.296748374187094,0.002940581352324022,0.0541937185479115,0.05125313719558748,0.0029662787867879336,-0.0124528920418502,-0.00316246296437349,0.012848178556005906,2.8928959628961777
4.299224612306153,0.0029445631527052624,0.0541937185479115,0.05124915539520624,0.0029724212864793735,-0.012437213028456906,-0.0032263920387067715,0.012848886080226902,2.887773202059619
4.301700850425213,0.0029484853971611727,0.0541937185479115,0.05124523315075033,0.0029785279723715218,-0.012421053138161001,-0.003290243906483861,0.012849446136903078,2.8826473653154454
4.3041770885442725,0.0029523481509886665,0.0541937185479115,0.051241370396922836,0.002984598232497466,-0.012404414354634167,-0.003354016600461609,0.01284986081004873,2.877518330403205
4.306653326663332,0.0029561514882693526,0.0541937185479115,0.05123756705964215,0.002990631465591397,-0.012387298671799192,-0.003417708158509373,0.012850132195471748,2.872385977494427
4.309129564782391,0.002959895491678008,0.0541937185479115,0.051233823056233495,0.0029966270811532655,-0.012369708093452074,-0.003481316623438432,0.012850262400038472,2.867250189198388
4.311605802901451,0.002963580252290661,0.0541937185479115,0.05123013829562084,0.0030025844995097014,-0.012351644632892848,-0.0035448400428280675,0.012850253540942606,2.862110850567904
4.3140820410205105,0.002967205869392295,0.0541937185479115,0.05122651267851921,0.0030085031518713,-0.012333110312565307,-0.003608276468848082,0.012850107744978152,2.8569678491051778
4.31655827913957,0.00297077245028457,0.0541937185479115,0.05122294609762693,0.0030143824803862854,-0.01231410716370575,-0.0036716239580783286,0.012849827147816581,2.851821074767648
4.31903451725863,0.0029742801100931665,0.0541937185479115,0.051219438437818336,0.0030202219381905387,-0.012294637226000563,-0.0037348805713250215,0.012849413893287892,2.8466704199738753
4.321510755377689,0.002977728971575201,0.0541937185479115,0.0512159895763363,0.003026020989454064,-0.01227470254725284,-0.003798044373434304,0.012848870132665804,2.8415157796094253
4.3239869934967485,0.0029811191649265975,0.0541937185479115,0.051212599382984905,0.003031779109423943,-0.012254305183058069,-0.0038611134331032852,0.012848198023957076,2.8363570510327323
4.326463231615808,0.002984450827589559,0.0541937185479115,0.051209267720321944,0.003037495784463735,-0.012233447196488811,-0.003924085822688579,0.012847399731194848,2.831194134080956
4.328939469734868,0.002987724104060112,0.0541937185479115,0.05120599444385139,0.003043170512089432,-0.012212130657788312,-0.0039869596180126575,0.012846477423735925,2.8260269310757895
4.331415707853927,0.002990939145695898,0.0541937185479115,0.051202779402215605,0.0030488028010019616,-0.01219035764407347,-0.004049732898168083,0.012845433275562384,2.82085534682924
4.3338919459729865,0.0029940961105242095,0.0541937185479115,0.05119962243738729,0.0030543921711162804,-0.012168130239046449,-0.004112403745320165,0.012844269464586918,2.815679288649314
4.336368184092046,0.002997195163050352,0.0541937185479115,0.05119652338486115,0.0030599381535870666,-0.012145450532715606,-0.004174970244507764,0.012842988171962435,2.8104986663456573
4.338844422211106,0.0030002364740664006,0.0541937185479115,0.0511934820738451,0.0030654402908311075,-0.012122320621125355,-0.004237430483442754,0.012841591581395622,2.805313392235088
4.341320660330165,0.003003220220460401,0.0541937185479115,0.0511904983274511,0.0030708981365463305,-0.012098742606094991,-0.0042997825523082385,0.012840081878464506,2.800123381147027
4.343796898449225,0.0030061465850260427,0.0541937185479115,0.05118757196288546,0.0030763112557275836,-0.012074718594966494,-0.004362024543555807,0.012838461249940076,2.7949285504288017
4.346273136568285,0.0030090157562729855,0.0541937185479115,0.05118470279163852,0.003081679224679156,-0.01205025070036128,-0.004424154551701899,0.012836731883111923,2.789728819950816
4.348749374687344,0.0030118279282377106,0.0541937185479115,0.05118189061967379,0.003087001631024074,-0.012025341039945852,-0.0044861706731234505,0.012834895965117868,2.7845241121115705
4.351225612806403,0.003014583300295137,0.0541937185479115,0.051179135247616366,0.0030922780737102445,-0.01199999173620626,-0.004548071005853324,0.01283295568227765,2.7793143518425003
4.353701850925463,0.003017282076970912,0.0541937185479115,0.05117643647094059,0.0030975081630134184,-0.01197420491623135,-0.004609853649375262,0.012830913219430543,2.7740994666126326
4.356178089044523,0.003019924467754523,0.0541937185479115,0.05117379408015698,0.00310269152053706,-0.011947982711504752,-0.0046715167044189135,0.012828770759277032,2.7688793864330408
4.358654327163582,0.003022510686913296,0.0541937185479115,0.05117120786099821,0.0031078277792091088,-0.011921327257705616,-0.004733058272754933,0.012826530481724543,2.763654043861075
4.361130565282641,0.0030250409533071967,0.0541937185479115,0.051168677594604306,0.0031129165832757336,-0.011894240694517794,-0.004794476456990484,0.012824194563237067,2.758423374004347
4.3636068034017015,0.003027515490204684,0.0541937185479115,0.05116620305770682,0.0031179575882920273,-0.011866725165447633,-0.004855769360365268,0.012821765176188896,2.7531873145244603
4.366083041520761,0.0030299345250995174,0.0541937185479115,0.051163784022811985,0.00312295046110973,-0.011838782817650311,-0.004916935086548071,0.012819244488222374,2.7479458056404766
4.36855927963982,0.003032298289528612,0.0541937185479115,0.05116142025838289,0.003127894879862013,-0.011810415801764295,-0.004977971739434542,0.012816634661609603,2.742698790132061
4.371035517758879,0.0030346070188910362,0.0541937185479115,0.051159111529020466,0.003132790533945334,-0.011781626271754332,-0.005038877422945795,0.012813937852618326,2.7374462133423365
4.3735117558779395,0.003036860952268121,0.0541937185479115,0.05115685759564338,0.0031376371239983953,-0.011752416384762439,-0.005099650240828386,0.012811156210881735,2.7321880231803988
4.375987993996999,0.003039060332244811,0.0541937185479115,0.05115465821566669,0.0031424343618782526,-0.011722788300967063,-0.005160288296455697,0.012808291878772433,2.7269241701234783
4.378464232116058,0.003041205404732232,0.0541937185479115,0.05115251314317927,0.003147181970633612,-0.011692744183450197,-0.00522078969263107,0.012805346990780501,2.7216546072187313
4.380940470235117,0.003043296418791551,0.0541937185479115,0.05115042212911995,0.003151879684475321,-0.011662286198072308,-0.005281152531392637,0.012802323672895586,2.7163792900846415
4.3834167083541775,0.003045333626459236,0.0541937185479115,0.05114838492145227,0.0031565272487440975,-0.01163141651335517,-0.0053413749138202455,0.012799224041993311,2.711098176912016
4.385892946473237,0.003047317282573604,0.0541937185479115,0.0511464012653379,0.003161124419875533,-0.011600137300372178,-0.0054014549398444245,0.012796050205225661,2.7058112284645506
4.388369184592296,0.00304924764460289,0.0541937185479115,0.05114447090330861,0.003165670965362404,-0.011568450732646264,-0.005461390708057921,0.012792804259415732,2.7005184080789397
4.390845422711356,0.003051124972474707,0.0541937185479115,0.051142593575436796,0.0031701666637143017,-0.011536358986055149,-0.005521180315529571,0.012789488290456605,2.6952196816645264
4.3933216608304155,0.00305294952840713,0.0541937185479115,0.05114076901950437,0.0031746113044146323,-0.011503864238744055,-0.005580821857620915,0.012786104372714688,2.6899150177024684
4.395797898949475,0.003054721576741186,0.0541937185479115,0.05113899697117032,0.0031790046878750135,-0.011470968671045243,-0.005640313427805762,0.012782654568437163,2.68460438724438
4.398274137068534,0.0030564413837751297,0.0541937185479115,0.05113727716413637,0.0031833466253870825,-0.011437674465404814,-0.005699653117492728,0.012779140927163994,2.67928776391046
4.400750375187594,0.0030581092176001495,0.0541937185479115,0.05113560933031135,0.0031876369390717797,-0.011403983806316237,-0.005758839015850943,0.012775565485144288,2.6739651238870734
4.4032266133066535,0.0030597253479379416,0.0541937185479115,0.05113399319997356,0.003191875461826074,-0.01136989888026069,-0.005817869209639098,0.012771930264757161,2.668636445923764
4.405702851425713,0.0030612900459798947,0.0541937185479115,0.05113242850193161,0.0031960620372672565,-0.011335421875653865,-0.005876741783038223,0.012768237273937208,2.663301711329671
4.408179089544773,0.003062803584228037,0.0541937185479115,0.051130914963683466,0.0032001965196747266,-0.011300554982799239,-0.005935454817487869,0.01276448850560447,2.6579609039693555
4.410655327663832,0.0030642662363378204,0.0541937185479115,0.05112945231157368,0.0032042787739293773,-0.01126530039384773,-0.005994006391526231,0.012760685937099272,2.6526140102580023
4.413131565782892,0.003065678276962705,0.0541937185479115,0.0511280402709488,0.0032083086754505713,-0.01122966030276326,-0.006052394580634395,0.012756831529621673,2.64726101915596
4.415607803901951,0.0030670399816006416,0.0541937185479115,0.05112667856631086,0.003212286110130751,-0.011193636905294483,-0.006110617457084476,0.012752927227675856,2.641901922162641
4.418084042021011,0.0030683516264424157,0.0541937185479115,0.05112536692146909,0.0032162109742676975,-0.011157232398952152,-0.006168673089792271,0.012748974958519408,2.6365367133097237
4.42056028014007,0.003069613488221948,0.0541937185479115,0.051124105059689555,0.0032200831744944878,-0.011120448982992283,-0.006226559544174091,0.012744976631617633,2.631165389153675
4.42303651825913,0.0030708258440686337,0.0541937185479115,0.05112289270384287,0.003223902627707159,-0.011083288858404646,-0.006284274882008469,0.012740934138103026,2.625787948767527
4.42551275637819,0.0030719889713615584,0.0541937185479115,0.051121729576549944,0.0032276692609901157,-0.011045754227906568,-0.0063418171613023565,0.012736849350239835,2.620404393731941
4.427988994497249,0.0030731031475859164,0.0541937185479115,0.051120615400325586,0.0032313830115393103,-0.011007847295942098,-0.00639918443616211,0.012732724120894129,2.615014728125524
4.430465232616308,0.003074168650191361,0.0541937185479115,0.05111954989772014,0.003235043826583237,-0.010969570268685804,-0.006456374756669723,0.012728560283009135,2.6096189585143463
4.432941470735368,0.0030751857564525684,0.0541937185479115,0.051118532791458934,0.0032386516633017173,-0.010930925354051546,-0.006513386168763941,0.012724359649086171,2.604217093940698
4.435417708854428,0.0030761547433319006,0.0541937185479115,0.0511175638045796,0.0032422064887425886,-0.010891914761705888,-0.00657021671412664,0.012720124010671269,2.598809145911037
4.437893946973487,0.003077075887344266,0.0541937185479115,0.05111664266056724,0.0032457082797362298,-0.01085254070308594,-0.0066268644300745755,0.01271585513784758,2.5933951283831203
4.440370185092546,0.0030779494644241068,0.0541937185479115,0.051115769083487396,0.003249157022808039,-0.010812805391421258,-0.006683327349456675,0.012711554778733569,2.5879750577522875
4.442846423211606,0.0030787757497947738,0.0541937185479115,0.05111494279811673,0.0032525527140888286,-0.010772711041760178,-0.0067396035005568115,0.012707224658987472,2.582548952836916
4.445322661330666,0.0030795550178400397,0.0541937185479115,0.05111416353007146,0.003255895359223177,-0.01073225987099969,-0.0067956909070023466,0.012702866481317698,2.5771168348629945
4.447798899449725,0.003080287541977922,0.0541937185479115,0.05111343100593358,0.003259184973275811,-0.010691454097919346,-0.006851587587678373,0.012698481924999725,2.5716787274478414
4.450275137568784,0.0030809735945369413,0.0541937185479115,0.05111274495337456,0.003262421580635983,-0.010650295943218448,-0.006907291556648053,0.01269407264539938,2.5662346565829077
4.4527513756878445,0.0030816134466345665,0.0541937185479115,0.051112105101276936,0.0032656052149199087,-0.010608787629556686,-0.00696280082307882,0.012689640273502716,2.5607846506156937
4.455227613806904,0.0030822073680582263,0.0541937185479115,0.051111511179853276,0.0032687359188712734,-0.010566931381598057,-0.007018113391174709,0.012685186415452774,2.5553287402307543
4.457703851925963,0.0030827556271485618,0.0541937185479115,0.05111096292076294,0.0032718137442598713,-0.010524729426057476,-0.007073227260114986,0.012680712652093095,2.5498669584297597
4.460180090045022,0.003083258490685248,0.0541937185479115,0.051110460057226255,0.003274838751778367,-0.010482183991750472,-0.007128140423998946,0.01267622053851848,2.5443993405106413
4.4626563281640825,0.0030837162237752277,0.0541937185479115,0.051110002324136275,0.0032778110109372093,-0.010439297309645308,-0.007182850871797187,0.012671711603632927,2.538925924045776
4.465132566283142,0.003084129089743433,0.0541937185479115,0.05110958945816807,0.0032807305999577488,-0.01039607161291759,-0.007237356587309259,0.012667187349714998,2.5334467488592267
4.467608804402201,0.0030844973500260414,0.0541937185479115,0.05110922119788546,0.0032835976056635966,-0.010352509137007086,-0.007291655549127979,0.012662649251990834,2.5279618570030054
4.470085042521261,0.003084821264066305,0.0541937185479115,0.0511088972838452,0.0032864121233702054,-0.01030861211967658,-0.007345745730610248,0.012658098758214898,2.5224712927323765
4.4725612806403205,0.003085101089212887,0.0541937185479115,0.051108617458698616,0.003289174256772739,-0.010264382801072619,-0.0073996250998545265,0.012653537288258666,2.5169751024801834
4.47503751875938,0.00308533708062083,0.0541937185479115,0.05110838146729067,0.003291884117832264,-0.01021982342378782,-0.007453291619685224,0.012648966233707488,2.5114733348301748
4.477513756878439,0.0030855294911551756,0.0541937185479115,0.05110818905675633,0.003294541826660272,-0.01017493623292483,-0.0075067432476437065,0.012644386957465786,2.5059660404893616
4.479989994997499,0.0030856785712971707,0.0541937185479115,0.05110803997661433,0.003297147511401575,-0.01012972347616137,-0.00755997793598632,0.012639800793370707,2.500453272259365
4.482466233116559,0.0030857845690531738,0.0541937185479115,0.05110793397885833,0.003299701308115601,-0.010084187403816672,-0.007612993631689153,0.012635209045814574,2.4949350850067895
4.484942471235618,0.0030858477298662534,0.0541937185479115,0.05110787081804525,0.0033022033606561166,-0.01003833026891849,-0.007665788276460024,0.012630612989376132,2.489411535632563
4.487418709354677,0.0030858682965304446,0.0541937185479115,0.05110785025138106,0.0033046538205494247,-0.009992154327271055,-0.007718359806757201,0.01262601386846089,2.4838826830403073
4.489894947473737,0.0030858465091078563,0.0541937185479115,0.051107872038803646,0.0033070528468710433,-0.009945661837523653,-0.007770706153815419,0.012621412896950925,2.4783485881036933
4.492371185592797,0.0030857826048484097,0.0541937185479115,0.05110793594306309,0.0033094006061209187,-0.009898855061239404,-0.007822825243678696,0.012616811257863915,2.4728093136328075
4.494847423711856,0.0030856768181124067,0.0541937185479115,0.051108041729799096,0.0033116972720971887,-0.009851736262964256,-0.007874714997240614,0.01261221010302204,2.467264924339493
4.497323661830916,0.003085529380295937,0.0541937185479115,0.051108189167615566,0.003313943025768563,-0.009804307710296107,-0.007926373330291416,0.012607610552730708,2.461715486801729
4.499799899949975,0.0030853405197590056,0.0541937185479115,0.0511083780281525,0.0033161380551452787,-0.009756571673953713,-0.007977798153572413,0.01260301369546742,2.456161069426997
4.502276138069035,0.0030851104617565656,0.0541937185479115,0.05110860808615494,0.0033182825551487725,-0.009708530427845061,-0.0080289873728376,0.012598420587580771,2.4506017424146522
4.504752376188094,0.003084839428372392,0.0541937185479115,0.05110887911953911,0.0033203767274800023,-0.009660186249135554,-0.008079938888922347,0.01259383225300017,2.445037577717334
4.507228614307154,0.0030845276384558265,0.0541937185479115,0.051109190909455676,0.0033224207804865196,-0.009611541418315253,-0.0081306505978194,0.01258924968295611,2.439468649001379
4.509704852426213,0.0030841753075613668,0.0541937185479115,0.051109543240350136,0.0033244149290282887,-0.009562598219265304,-0.008181120390761838,0.012584673835711241,2.4338950316062835
4.512181090545273,0.003083782647891248,0.0541937185479115,0.051109935900020255,0.0033263593943423193,-0.009513358939323409,-0.008231346154313646,0.012580105636302847,2.4283168025031845
4.514657328664333,0.0030833498682408603,0.0541937185479115,0.05111036867967064,0.0033282544039061304,-0.00946382586934793,-0.00828132577046706,0.012575545976296258,2.4227340402524047
4.517133566783392,0.003082877173947146,0.0541937185479115,0.05111084137396436,0.0033301001913000738,-0.009414001303780875,-0.008331057116747217,0.012570995713550002,2.417146824960065
4.519609804902451,0.0030823647668399637,0.0541937185479115,0.05111135378107154,0.003331896996068588,-0.009363887540709055,-0.008380538066324055,0.012566455671992514,2.4115552382337433
4.522086043021511,0.0030818128451963536,0.0541937185479115,0.05111190570271515,0.003333645063580375,-0.00931348688192375,-0.008429766488131239,0.012561926641410794,2.4059593631372405
4.524562281140571,0.003081221603697837,0.0541937185479115,0.051112496944213666,0.0033353446448875913,-0.00926280163297843,-0.008478740246992203,0.012557409377251076,2.4003592841444323
4.52703851925963,0.003080591233390724,0.0541937185479115,0.05111312731452078,0.003336995996584051,-0.009211834103244648,-0.008527457203753207,0.01255290460043187,2.3947550870922547
4.529514757378689,0.0030799219216493465,0.0541937185479115,0.051113796626262156,0.00333859938066248,-0.009160586605965372,-0.00857591521542361,0.012548412997169257,2.38914685913278
4.5319909954977495,0.003079213852142354,0.0541937185479115,0.05111450469576915,0.0033401550643709036,-0.009109061458306438,-0.008624112135322933,0.012543935218815031,2.3835346886844757
4.534467233616809,0.0030784672048020725,0.0541937185479115,0.05111525134310943,0.0033416633200681707,-0.00905726098140537,-0.008672045813234906,0.012539471881707509,2.377918665382618
4.536943471735868,0.0030776821557967765,0.0541937185479115,0.051116036392114726,0.0033431244250786687,-0.009005187500417471,-0.00871971409556849,0.01253502356703532,2.372298880028873
4.539419709854927,0.0030768588775061806,0.0541937185479115,0.05111685967040532,0.0033445386615462602,-0.00895284334455944,-0.0087671148255257,0.012530590820714511,2.3666754245400985
4.5418959479739875,0.0030759975384997834,0.0541937185479115,0.05111772100941172,0.003345906316287514,-0.008900230847149842,-0.008814245843276142,0.01252617415327874,2.3610483918963587
4.544372186093047,0.003075098303518438,0.0541937185479115,0.051118620244393065,0.0033472276806442514,-0.008847352345646858,-0.008861104986138242,0.01252177403978314,2.3554178760882003
4.546848424212106,0.0030741613334588774,0.0541937185479115,0.051119557214452625,0.003348503050335452,-0.008794210181682556,-0.008907690088767241,0.012517390919721701,2.34978397206317
4.549324662331165,0.003073186785361358,0.0541937185479115,0.051120531762550145,0.0033497327253085634,-0.008740806701094176,-0.008953998983349667,0.012513025196958556,2.344146775671647
4.551800900450226,0.0030721748124003592,0.0541937185479115,0.051121543735511144,0.003350917009590295,-0.008687144253951888,-0.009000029499804198,0.01250867723967307,2.338506383611987
4.554277138569285,0.0030711255638783824,0.0541937185479115,0.05112259298403312,0.0033520562111368753,-0.008633225194583153,-0.009045779465989055,0.012504347380319157,2.332862893375004
4.556753376688344,0.0030700391852227712,0.0541937185479115,0.05112367936268873,0.0033531506416839014,-0.008579051881593225,-0.009091246707915635,0.012500035915598607,2.327216403187819
4.559229614807404,0.0030689158179856846,0.0541937185479115,0.05112480272992582,0.003354200616595757,-0.008524626677882202,-0.009136429049968342,0.012495743106448947,2.3215670119571095
4.561705852926464,0.0030677555998471356,0.0541937185479115,0.05112596294806437,0.0033552064547146894,-0.008469951950658163,-0.009181324315130494,0.01249146917804565,2.3159148192117875
4.564182091045523,0.0030665586646210358,0.0541937185479115,0.05112715988329047,0.0033561684782095805,-0.008415030071446113,-0.009225930325216363,0.012487214319818862,2.3102599250451052
4.566658329164582,0.003065325142264423,0.0541937185479115,0.05112839340564708,0.0033570870124244832,-0.008359863416093316,-0.009270244901108912,0.012482978685484935,2.304602430056277
4.569134567283642,0.00306405515888971,0.0541937185479115,0.05112966338902179,0.0033579623857269226,-0.008304454364770116,-0.009314265863003483,0.012478762393092572,2.29894243529158
4.571610805402702,0.0030627488367800104,0.0541937185479115,0.05113096971113149,0.0033587949293560774,-0.00824880530196681,-0.009357991030656997,0.012474565525083933,2.293280042185026
4.574087043521761,0.0030614062944075357,0.0541937185479115,0.05113231225350397,0.003359584977270851,-0.008192918616485986,-0.009401418223642875,0.012470388128370624,2.2876153524985763
4.576563281640821,0.003060027646455077,0.0541937185479115,0.051133690901456426,0.0033603328659978973,-0.008136796701430648,-0.009444545261611191,0.01246623021442469,2.281948468261987
4.57903951975988,0.003058613003840492,0.0541937185479115,0.05113510554407101,0.003361038934479657,-0.008080441954187853,-0.009487369964554166,0.012462091759384687,2.2762794917122857
4.58151575787894,0.003057162473744303,0.0541937185479115,0.0511365560741672,0.0033617035239224546,-0.008023856776407684,-0.00952989015307688,0.01245797270417684,2.270608525232907
4.583991995997999,0.0030556761596402734,0.0541937185479115,0.05113804238827123,0.0033623269776447123,-0.007967043573977773,-0.009572103648672945,0.012453872954651436,2.2649356712925437
4.586468234117059,0.0030541541613290715,0.0541937185479115,0.05113956438658243,0.003362909640925344,-0.00791000475699313,-0.009614008274004987,0.012449792381734336,2.259261032383737
4.588944472236118,0.0030525965749749195,0.0541937185479115,0.05114112197293658,0.00336345186085236,-0.00785274273972128,-0.009655601853189899,0.012445730821593785,2.253584710961239
4.591420710355178,0.003051003493145195,0.0541937185479115,0.05114271505476631,0.003363953986171774,-0.007795259940562476,-0.009696882212088715,0.012441688075822372,2.247906809380167
4.593896948474238,0.0030493750048531665,0.0541937185479115,0.051144343543058336,0.003364416367136842,-0.007737558782005329,-0.009737847178600831,0.01243766391163437,2.2422274298340215
4.596373186593297,0.003047711195603542,0.0541937185479115,0.05114600735230796,0.003364839355357691,-0.007679641690577496,-0.009778494582962429,0.012433658062078173,2.2365466742925744
4.598849424712356,0.003046012147441088,0.0541937185479115,0.051147706400470415,0.0033652233036514196,-0.00762151109679137,-0.009818822258049163,0.012429670226264077,2.230864644439658
4.601325662831416,0.003044277939002131,0.0541937185479115,0.05114944060890937,0.0033655685658927122,-0.007563169435085042,-0.009858828039682641,0.012425700069607234,2.2251814416109186
4.603801900950476,0.003042508645569049,0.0541937185479115,0.051151209902342454,0.0033658754968649953,-0.007504619143758157,-0.00989850976694074,0.012421747224085773,2.2194971667315424
4.606278139069535,0.0030407043391275576,0.0541937185479115,0.051153014208783945,0.00336614445211228,-0.007445862664903019,-0.009937865282471378,0.012417811288514035,2.213811920254021
4.608754377188594,0.0030388650884269758,0.0541937185479115,0.05115485345948453,0.0033663757877916266,-0.007386902444330372,-0.009976892432809975,0.012413891828830915,2.208125802095937
4.611230615307654,0.003036990959043334,0.0541937185479115,0.05115672758886817,0.003366569860526425,-0.007327740931490577,-0.01001558906869993,0.012409988378403257,2.2024389115778775
4.613706853426714,0.003035082013445274,0.0541937185479115,0.05115863653446623,0.003366727027260437,-0.007268380579389498,-0.010053953045416208,0.012406100438344043,2.196751347361455
4.616183091545773,0.0030331383110627913,0.0541937185479115,0.05116058023684871,0.003366847645112741,-0.007208823844499673,-0.010091982223091852,0.012402227477845622,2.1910632073875056
4.618659329664832,0.0030311599083587756,0.0541937185479115,0.05116255863955273,0.0033669320712335755,-0.007149073186666196,-0.010129674467047208,0.012398368934527546,2.1853745888144664
4.621135567783893,0.0030291468589032575,0.0541937185479115,0.051164571689008245,0.0033669806626612014,-0.007089131069007805,-0.010167027648121616,0.012394524214799094,2.1796855879570036
4.623611805902952,0.0030270992134504363,0.0541937185479115,0.051166619334461066,0.00336699377617981,-0.007028999957813131,-0.010204039643007382,0.012390692694236396,2.173996300224917
4.626088044022011,0.0030250170200183737,0.0541937185479115,0.05116870152789313,0.003366971768178528,-0.006968682322431669,-0.010240708334586028,0.012386873717973854,2.1683068200623214
4.62856428214107,0.0030229003239713795,0.0541937185479115,0.05117081822394012,0.0033669149945115993,-0.006908180635160153,-0.010277031612266386,0.012383066601109936,2.1626172408871938
4.631040520260131,0.0030207491681049775,0.0541937185479115,0.051172969379806525,0.0033668238103598367,-0.006847497371123962,-0.01031300737232435,0.012379270629126983,2.15692765503129
4.63351675837919,0.0030185635927335447,0.0541937185479115,0.05117515495517796,0.003366698570093307,-0.00678663500815366,-0.010348633518244372,0.012375485058325097,2.1512381536804606
4.635992996498249,0.003016343635780433,0.0541937185479115,0.05117737491213107,0.0033665396271354226,-0.0067255960266566755,-0.010383907961062191,0.0123717091162697,2.1455488268154084
4.638469234617309,0.003014089332870687,0.0541937185479115,0.051179629215040816,0.0033663473338284267,-0.006664382909484401,-0.01041882861970873,0.012367942002252821,2.1398597631529306
4.640945472736369,0.0030118007174262038,0.0541937185479115,0.0511819178304853,0.0033661220413003633,-0.006602998141794546,-0.010453393421354897,0.012364182887767718,2.1341710500876676
4.643421710855428,0.0030094778207633635,0.0541937185479115,0.05118424072714814,0.003365864099333581,-0.006541444210908703,-0.010487600301757315,0.01236043091699683,2.1284827736343725
4.645897948974487,0.00300712067219306,0.0541937185479115,0.05118659787571844,0.0033655738562348362,-0.006479723606165564,-0.010521447205604387,0.012356685207312664,2.1227950183707778
4.648374187093547,0.003004729299123099,0.0541937185479115,0.051188989248788404,0.0033652516587070647,-0.006417838818769471,-0.010554932086862855,0.012352944849791542,2.1171078673810433
4.650850425212607,0.003002303727162932,0.0541937185479115,0.05119141482074857,0.003364897851722835,-0.006355792341634681,-0.010588052909124467,0.012349208909739975,2.11142140219985
4.653326663331666,0.002999843980230614,0.0541937185479115,0.05119387456768089,0.0033645127783996556,-0.00629358666922512,-0.010620807645952513,0.012345476427233236,2.1057357027571473
4.655802901450725,0.002997350080662077,0.0541937185479115,0.051196368467249426,0.0033640967798770145,-0.006231224297389926,-0.010653194281228318,0.012341746417666274,2.1000508473235855
4.658279139569785,0.002994822049322547,0.0541937185479115,0.051198896498588956,0.003363650195195404,-0.006168707723194888,-0.010685210809497029,0.012338017872316299,2.094366912456682
4.660755377688845,0.0029922599057200724,0.0541937185479115,0.05120145864219143,0.0033631733611772553,-0.006106039444749753,-0.01071685523631285,0.01233428975891705,2.0886839729477282
4.663231615807904,0.002989663668121194,0.0541937185479115,0.05120405487979031,0.003362666612309889,-0.006043221961031428,-0.010748125578583475,0.012330561022244401,2.083002101769455
4.665707853926964,0.0029870333536686083,0.0541937185479115,0.051206685194242894,0.003362130280630541,-0.0059802577717034434,-0.01077901986491338,0.012326830584713035,2.077321370024515
4.668184092046023,0.002984368978500858,0.0541937185479115,0.051209349569410645,0.003361564695613506,-0.005917149376931584,-0.01080953613594582,0.012323097346983848,2.0716418468947806
4.670660330165083,0.0029816705578739056,0.0541937185479115,0.0512120479900376,0.003360970184059459,-0.0058538992771957595,-0.010839672444703484,0.012319360188581915,2.0659635995914853
4.673136568284142,0.002978938106284662,0.0541937185479115,0.05121478044162684,0.0033603470699870358,-0.005790509973098439,-0.010869426856927406,0.012315617968524652,2.0602866933062427
4.675612806403202,0.0029761716375962394,0.0541937185479115,0.05121754691031526,0.0033596956745266574,-0.005726983965169498,-0.010898797451414028,0.012311869525959794,2.054611191162949
4.678089044522261,0.0029733711651650716,0.0541937185479115,0.05122034738274643,0.0033590163158167497,-0.00566332375366798,-0.010927782320350188,0.01230811368081308,2.0489371541706216
4.680565282641321,0.0029705367019696866,0.0541937185479115,0.051223181845941816,0.0033583093089023103,-0.005599531838380307,-0.010956379569645987,0.012304349234445141,2.0432646411771365
4.683041520760381,0.0029676682607411506,0.0541937185479115,0.05122605028717035,0.0033575749656359595,-0.005535610718415677,-0.010984587319265089,0.01230057497031736,2.0375937088239495
4.68551775887944,0.002964765854095122,0.0541937185479115,0.05122895269381638,0.003356813594581476,-0.005471562891998577,-0.011012403703552429,0.012296789654666419,2.031924411501788
4.687993996998499,0.002961829494665398,0.0541937185479115,0.051231889053246105,0.0033560255009198654,-0.0054073908562581935,-0.011039826871559192,0.012292992037187088,2.0262568013073112
4.690470235117559,0.002958859195238986,0.0541937185479115,0.05123485935267252,0.003355210986358054,-0.00534309710701544,-0.011066854987364701,0.012289180851723019,2.0205909280008028
4.692946473236619,0.002955854968892564,0.0541937185479115,0.05123786357901894,0.0033543703490402053,-0.005278684138567388,-0.011093486230395196,0.012285354816965228,2.014926838964874
4.695422711355678,0.0029528168291302753,0.0541937185479115,0.05124090171878123,0.0033535038834617403,-0.0052141544434693085,-0.0111197187957392,0.012281512637157785,2.0092645791642094
4.697898949474737,0.002949744790022843,0.0541937185479115,0.05124397375788866,0.0033526118803860784,-0.005149510512314411,-0.011145550894459429,0.012277653002810512,2.0036041911063536
4.700375187593798,0.0029466388663478976,0.0541937185479115,0.051247079681563605,0.003351694626764179,-0.005084754833511666,-0.011170980753901022,0.012273774591418376,1.9979457148035749
4.702851425712857,0.002943499073731405,0.0541937185479115,0.0512502194741801,0.0033507524056568903,-0.005019889893061681,-0.011196006617995696,0.012269876068186926,1.9922891877358075
4.705327663831916,0.0029403254287903094,0.0541937185479115,0.05125339311912119,0.003349785496160174,-0.004954918174330622,-0.011220626747562206,0.012265956086763898,1.9866346448146572
4.707803901950975,0.0029371179492760774,0.0541937185479115,0.051256600598635425,0.0033487941733332228,-0.0048898421578228045,-0.011244839420602315,0.012262013289976201,1.980982118348532
4.710280140070036,0.0029338766542192363,0.0541937185479115,0.051259841893692266,0.003347778708129539,-0.004824664320951648,-0.011268642932592565,0.012258046310572179,1.9753316380088604
4.712756378189095,0.002930601564074868,0.0541937185479115,0.051263116983836635,0.0033467393673309877,-0.004759387137809531,-0.01129203559677145,0.012254053771968703,1.9696832307974375
4.715232616308154,0.0029272927008688263,0.0541937185479115,0.051266425847042676,0.0033456764134848485,-0.00469401307893626,-0.01131501574442206,0.012250034289002776,1.9640369210148703
4.717708854427213,0.0029239500883447636,0.0541937185479115,0.05126976845956674,0.00334459010484397,-0.004628544611086885,-0.011337581725149754,0.012245986468687246,1.9583927302301738
4.720185092546274,0.0029205737521118547,0.0541937185479115,0.05127314479579965,0.0033434806953099427,-0.0045629841969985286,-0.011359731907155076,0.012241908910970356,1.9527506772514793
4.722661330665333,0.0029171637197930728,0.0541937185479115,0.05127655482811843,0.0033423484343794597,-0.004497334295156814,-0.011381464677501375,0.012237800209498648,1.9471107780979022
4.725137568784392,0.0029137200211740363,0.0541937185479115,0.051279998526737466,0.0033411935670937614,-0.004431597359561545,-0.011402778442377377,0.012233658952382933,1.9414730459725174
4.727613806903452,0.0029102426883524032,0.0541937185479115,0.0512834758595591,0.0033400163339913024,-0.004365775839492377,-0.011423671627354413,0.012229483722967114,1.9358374912365
4.730090045022512,0.002906731755887529,0.0541937185479115,0.051286986792023974,0.0033388169710636016,-0.004299872179274459,-0.011444142677638058,0.012225273100599236,1.930204121384416
4.732566283141571,0.002903187260950575,0.0541937185479115,0.05129053128696093,0.0033375957097143095,-0.00423388881804374,-0.011464190058314316,0.012221025661404554,1.9245729410206251
4.73504252126063,0.0028996092434747725,0.0541937185479115,0.05129410930443673,0.0033363527767215546,-0.004167828189513003,-0.011483812254589993,0.012216739979060311,1.9189439518368625
4.73751875937969,0.0028959977463060074,0.0541937185479115,0.051297720801605495,0.003335088394203536,-0.004101692721738025,-0.011503007772027432,0.012212414625571889,1.9133171525909425
4.73999499749875,0.002892352815353348,0.0541937185479115,0.051301365732558155,0.0033338027795874266,-0.004035484836884533,-0.011521775136773141,0.012208048172049811,1.9076925390866213
4.742471235617809,0.002888674499739799,0.0541937185479115,0.051305044048171704,0.0033324961455815693,-0.0039692069509957,-0.0115401128957806,0.012203639189487466,1.902070104154578
4.744947473736869,0.0028849628519528603,0.0541937185479115,0.05130875569595864,0.00333116870015102,-0.0039028614737607703,-0.011558019617026885,0.012199186249539123,1.8964498376345482
4.747423711855928,0.0028812179279951097,0.0541937185479115,0.05131250061991639,0.003329820646496411,-0.0038364508082848444,-0.011575493889723116,0.012194687925297909,1.8908317263585943
4.749899949974988,0.002877439787534533,0.0541937185479115,0.05131627876037697,0.003328452183036194,-0.0037699773508597365,-0.011592534324518657,0.012190142792073382,1.8852157541354866
4.752376188094047,0.0028736284940546475,0.0541937185479115,0.051320090053856855,0.0033270635033922193,-0.0037034434907364973,-0.011609139553699018,0.012185549428168496,1.8796019017362218
4.754852426213107,0.002869784115004312,0.0541937185479115,0.05132393443290719,0.0033256547963787103,-0.0036368516098995024,-0.011625308231377347,0.012180906415655548,1.873990146880656
4.757328664332166,0.0028659067219471077,0.0541937185479115,0.051327811825964395,0.0033242262459946045,-0.003570204082842353,-0.011641039033679365,0.012176212341150709,1.8683804642252497
4.759804902451226,0.002861996390710296,0.0541937185479115,0.05133172215720121,0.003322778031419299,-0.003503503276345726,-0.01165633065892193,0.012171465796587056,1.862772825351914
4.762281140570286,0.00285805320153322,0.0541937185479115,0.05133566534637828,0.0033213103270117684,-0.0034367515492573835,-0.011671181827784954,0.012166665379985626,1.857167198757956
4.764757378689345,0.0028540772392151303,0.0541937185479115,0.05133964130869637,0.0033198233023130673,-0.0033699512522745753,-0.011685591283476663,0.01216180969622419,1.8515635498471226
4.767233616808404,0.0028500685932622977,0.0541937185479115,0.051343649954649205,0.003318317122052255,-0.0033031047277287105,-0.011699557791892308,0.012156897357803585,1.8459618409217053
4.769709854927464,0.0028460273580343948,0.0541937185479115,0.05134769118987711,0.003316791946155673,-0.003236214309372879,-0.011713080141766075,0.012151926985611154,1.8403620311757398
4.772186093046524,0.002841953632890089,0.0541937185479115,0.051351764915021414,0.0033152479297596255,-0.0031692823221720033,-0.011726157144816396,0.012146897209681186,1.8347640766892521
4.774662331165583,0.0028378475223316962,0.0541937185479115,0.051355871025579806,0.003313685223226436,-0.0031023110820961484,-0.011738787635884403,0.012141806669951927,1.8291679304235764
4.777138569284642,0.00283370913614895,0.0541937185479115,0.05136000941176255,0.0033121039721638597,-0.0030353028959166257,-0.011750970473065772,0.012136654017019001,1.8235735422176926
4.779614807403702,0.002829538589561628,0.0541937185479115,0.051364179958349875,0.003310504317447872,-0.0029682600610056327,-0.011762704537835605,0.012131437912884832,1.8179808587856208
4.782091045522762,0.0028253360033612604,0.0541937185479115,0.05136838254455024,0.0033088863952487947,-0.002901184865139172,-0.011773988735166854,0.012126157031704173,1.8123898237148242
4.784567283641821,0.0028211015040515083,0.0541937185479115,0.051372617043859994,0.0033072503370607563,-0.0028340795863036564,-0.011784821993641623,0.012120810060524933,1.8068003774656436
4.78704352176088,0.002816835223987374,0.0541937185479115,0.05137688332392413,0.00330559626973446,-0.0027669464925059286,-0.011795203265556022,0.01211539570002459,1.801212457371703
4.789519759879941,0.002812537301513214,0.0541937185479115,0.05138118124639829,0.0033039243155132837,-0.0026997878415874724,-0.01180513152701816,0.012109912665241713,1.7956259976413393
4.791995997999,0.0028082078810992075,0.0541937185479115,0.051385510666812295,0.0033022345920726117,-0.00263260588104242,-0.011814605778039392,0.012104359686302324,1.7900409293599964
4.794472236118059,0.0028038471134765597,0.0541937185479115,0.05138987143443494,0.003300527212562461,-0.0025654028478396054,-0.01182362504261895,0.012098735509141008,1.784457180493581
4.7969484742371185,0.0027994551557711175,0.0541937185479115,0.051394263392140385,0.003298802285653335,-0.0024981809682490504,-0.011832188368821894,0.012093038896216528,1.778874675892794
4.799424712356179,0.0027950321716354934,0.0541937185479115,0.05139868637627601,0.0032970599155852758,-0.002430942457672656,-0.011840294828850453,0.012087268627221716,1.7732933372983917
4.801900950475238,0.00279057833137953,0.0541937185479115,0.05140314021653197,0.0032953002022201036,-0.0023636895204795752,-0.01184794351910876,0.012081423499787443,1.7677130833473993
4.804377188594297,0.0027860938120991205,0.0541937185479115,0.05140762473581238,0.003293523241096833,-0.0022964243498459626,-0.01185513356026116,0.01207550233018055,1.7621338295802262
4.806853426713357,0.002781578797803247,0.0541937185479115,0.051412139750108256,0.0032917291234901645,-0.0022291491275995903,-0.011861864097283908,0.012069503953995416,1.756555488448709
4.809329664832417,0.0027770334795392745,0.0541937185479115,0.05141668506837223,0.0032899179364721167,-0.0021618660240694323,-0.011868134299510592,0.01206342722683921,1.7509779693250596
4.811805902951476,0.002772458055516354,0.0541937185479115,0.05142126049239515,0.003288089762976687,-0.0020945771979398956,-0.011873943360671196,0.012057271025010481,1.7454011785116854
4.814282141070535,0.002767852731226858,0.0541937185479115,0.051425865816684645,0.0032862446818675423,-0.0020272847961103633,-0.01187929049892477,0.01205103424617093,1.739825019251906
4.816758379189595,0.0027632177195659885,0.0541937185479115,0.051430500828345514,0.0032843827680086837,-0.00195999095355974,-0.011884174956886144,0.012044715810010454,1.7342493917415276
4.819234617308655,0.002758553240949195,0.0541937185479115,0.05143516530696231,0.0032825040923380876,-0.0018926977932164457,-0.011888596001646268,0.01203831465890496,1.7286741931412926
4.821710855427714,0.002753859523427604,0.0541937185479115,0.0514398590244839,0.003280608721944201,-0.0018254074258333922,-0.011892552924786763,0.012031829758567144,1.7230993175901477
4.824187093546773,0.002749136802801262,0.0541937185479115,0.05144458174511024,0.003278696720145336,-0.0017581219498687183,-0.01189604504238839,0.012025260098689908,1.7175246562193793
4.826663331665833,0.0027443853227301987,0.0541937185479115,0.051449333225181304,0.003276768146571871,-0.0016908434513718414,-0.011899071695033734,0.012018604693582364,1.7119500971675616
4.829139569784893,0.002739605334843305,0.0541937185479115,0.0514541132130682,0.003274823057251234,-0.0016235740038752517,-0.011901632247804219,0.012011862582798424,1.7063755255963369
4.831615807903952,0.00273479709884477,0.0541937185479115,0.05145892144906673,0.0032728615046955776,-0.0015563156682916464,-0.01190372609027135,0.01200503283175756,1.7008008237069834
4.834092046023012,0.002729960882618343,0.0541937185479115,0.05146375766529316,0.0032708835379921743,-0.0014890704928170982,-0.011905352636482602,0.011998114532358066,1.6952258707578092
4.836568284142071,0.002725096962329074,0.0541937185479115,0.05146862158558243,0.003268889202896409,-0.0014218405128398693,-0.0119065113249418,0.011991106803582398,1.6896505430823316
4.839044522261131,0.0027202056225226756,0.0541937185479115,0.05147351292538883,0.003266878541927365,-0.0013546277508550003,-0.01190720161858424,0.011984008792094639,1.6840747141082373
4.84152076038019,0.002715287156222379,0.0541937185479115,0.051478431391689124,0.003264851594465912,-0.0012874342163848205,-0.01190742300474668,0.011976819672830048,1.6784982543771247
4.84399699849925,0.0027103418650232594,0.0541937185479115,0.05148337668288824,0.003262808396855288,-0.001220261905905419,-0.011907174995132254,0.011969538649576545,1.6729210315650231
4.846473236618309,0.0027053700591840035,0.0541937185479115,0.0514883484887275,0.0032607489825040806,-0.0011531128027791196,-0.011906457125770521,0.01196216495554817,1.66734291050368
4.848949474737369,0.0027003720577159843,0.0541937185479115,0.05149334649019552,0.0032586733819915557,-0.0010859888771927039,-0.01190526895697269,0.011954697853950298,1.661763753202589
4.851425712856429,0.0026953481884697816,0.0541937185479115,0.05149837035944172,0.0032565816231753197,-0.0010188920861020166,-0.011903610073282262,0.011947136638536795,1.6561834188718016
4.853901950975488,0.002690298788218956,0.0541937185479115,0.05150341975969255,0.0032544737313011836,-0.0009518243731824279,-0.011901480083421163,0.011939480634158872,1.6506017639454749
4.856378189094547,0.0026852242027410184,0.0541937185479115,0.051508494345170484,0.0032523497291152195,-0.000884787668785291,-0.01189887862023149,0.011931729197305667,1.6450186421061594
4.858854427213607,0.002680124786895721,0.0541937185479115,0.05151359376101578,0.003250209636977975,-0.0008177838899007485,-0.011895805340613082,0.011923881716636572,1.639433904309852
4.861330665332667,0.002675000904700499,0.0541937185479115,0.051518717643211004,0.0032480534729806706,-0.0007508149401263466,-0.011892259925457041,0.011915937613505219,1.633847398811767
4.863806903451726,0.0026698529294030063,0.0541937185479115,0.051523865618508496,0.0032458812530634547,-0.0006838827096420314,-0.011888242079575296,0.011907896342475108,1.6282589711928703
4.8662831415707855,0.002664681243550883,0.0541937185479115,0.05152903730436062,0.003243692991135579,-0.0006169890751910071,-0.011883751531626494,0.011899757391826948,1.6226684643871305
4.868759379689846,0.002659486239058477,0.0541937185479115,0.051534232308853026,0.0032414886991973973,-0.0005501359000667821,-0.011878788034038162,0.011891520284057482,1.6170757187095175
4.871235617808905,0.002654268317270725,0.0541937185479115,0.05153945023064078,0.0032392683874642183,-0.0004833250341064327,-0.011873351362925583,0.011883184576370123,1.6114805718847487
4.873711855927964,0.0026490278890239846,0.0541937185479115,0.05154469065888752,0.0032370320644918614,-0.00041655831368967035,-0.011867441318007267,0.011874749861157078,1.6058828590767544
4.8761880940470235,0.0026437653747038783,0.0541937185479115,0.051549953173207624,0.0032347797373038795,-0.0003498375617441746,-0.011861057722517315,0.011866215766473098,1.6002824129189002
4.878664332166084,0.0026384812043001513,0.0541937185479115,0.05155523734361135,0.0032325114115203894,-0.0002831645877568353,-0.011854200423114922,0.011857581956500975,1.5946790635449444
4.881140570285143,0.0026331758174583733,0.0541937185479115,0.05156054273045313,0.003230227091488418,-0.00021654118779110024,-0.011846869289790916,0.011848848132008491,1.5890726386207528
4.883616808404202,0.0026278496635286294,0.0541937185479115,0.05156586888438287,0.003227926780413714,-0.00014996914451004983,-0.011839064215771798,0.011840014030797149,1.5834629633767439
4.8860930465232615,0.0026225032016110456,0.0541937185479115,0.05157121534630046,0.003225610480493964,-8.345022720567029e-05,-0.011830785117421234,0.011831079428142491,1.5778498606411147
4.888569284642322,0.0026171369005982756,0.0541937185479115,0.05157658164731323,0.003223278193053288,-1.6986191833756755e-05,-0.011822031934139332,0.01182204413722615,1.572233150873808
4.891045522761381,0.002611751239214685,0.0541937185479115,0.05158196730869682,0.003220929918678012,4.942121894521614e-05,-0.011812804628259635,0.01181290800955947,1.5666126522012618
4.89352176088044,0.002606346706052469,0.0541937185479115,0.051587371841859034,0.0032185656573536277,0.00011577027571952925,-0.011803103184944281,0.011803670935398953,1.5609881804519259
4.8959979989995,0.002600923799604568,0.0541937185479115,0.051592794748306935,0.003216185408602804,0.00018205926227403852,-0.011792927612077312,0.011794332844153384,1.555359549192558
4.89847423711856,0.002595483028294307,0.0541937185479115,0.051598235519617196,0.0032137891716244836,0.000248286475532088,-0.011782277940156311,0.01178489370478267,1.5497265697653344
4.900950475237619,0.0025900249105018647,0.0541937185479115,0.05160369363740964,0.003211376945433914,0.0003144502254922265,-0.011771154222182618,0.011775353526188494,1.5440890513257324
4.903426713356678,0.0025845499745874648,0.0541937185479115,0.05160916857332404,0.003208948729003544,0.0003805488351591643,-0.011759556533550214,0.011765712357596735,1.5384468008812489
4.905902951475738,0.002579058758911311,0.0541937185479115,0.05161465978900019,0.003206504521404778,0.0004465806404694156,-0.011747484971933423,0.01175597028893165,1.5327996233309362
4.908379189594798,0.002573551811850254,0.0541937185479115,0.05162016673606125,0.0032040443219504325,0.0005125439902114934,-0.0117349396571738,0.011746127451182038,1.527147321505787
4.910855427713857,0.0025680296918111772,0.0541937185479115,0.051625688856100325,0.003201568130337846,0.000578437245941187,-0.011721920731165961,0.01173618401675904,1.52148969620994
4.913331665832917,0.0025624929672410438,0.0541937185479115,0.05163122558067046,0.0031990759467926304,0.0006442587818912735,-0.011708428357742972,0.011726140199845976,1.5158265462627902
4.915807903951976,0.0025569422166337175,0.0541937185479115,0.051636776331277785,0.0031965677722128913,0.0007100069848763633,-0.011694462722561189,0.011715996256740035,1.5101576685419604
4.918284142071036,0.0025513780285333493,0.0541937185479115,0.05164234051937815,0.0031940436083138977,0.0007756802541929156,-0.011680024032984678,0.011705752486185775,1.5044828580271605
4.920760380190095,0.0025458010015345645,0.0541937185479115,0.05164791754637694,0.0031915034577731337,0.0008412770015141676,-0.011665112517969636,0.01169540922970071,1.4988019078449804
4.923236618309155,0.002540211744279222,0.0541937185479115,0.05165350680363228,0.0031889473243756454,0.0009067956507804273,-0.011649728427948668,0.01168496687189269,1.493114609314605
4.925712856428214,0.002534610875449865,0.0541937185479115,0.05165910767246164,0.003186375213159595,0.0009722346380846499,-0.011633872034715262,0.011674425840769276,1.4874207519944849
4.928189094547274,0.002528999023759866,0.0541937185479115,0.05166471952415164,0.00318378713056195,0.0010375924115536951,-0.011617543631308534,0.011663786608039059,1.4817201237299615
4.930665332666333,0.002523376827940134,0.0541937185479115,0.05167034171997137,0.0031811830845642868,0.0011028674312248523,-0.011600743531898425,0.0116530496894049,1.4760125107019078
4.933141570785393,0.0025177449367226115,0.0541937185479115,0.05167597361118889,0.0031785630848385512,0.0011680581689183893,-0.011583472071671562,0.011642215644849225,1.470297697476356
4.9356178089044525,0.0025121040088202443,0.0541937185479115,0.05168161453909126,0.0031759271428927565,0.001233163108105625,-0.011565729606717711,0.011631285078911072,1.464575467055185
4.938094047023512,0.002506454712903769,0.0541937185479115,0.051687263835007734,0.0031732752722165485,0.001298180743773283,-0.011547516513917304,0.011620258640955311,1.458845600927835
4.940570285142572,0.0025007977275750062,0.0541937185479115,0.051692920820336496,0.0031706074884265264,0.0013631095822837017,-0.011528833190829752,0.011609137025433517,1.4531078791241248
4.943046523261631,0.002495133741336926,0.0541937185479115,0.05169858480657458,0.0031679238094112837,0.0014279481412312906,-0.0115096800555832,0.011597920972137014,1.4473620802681706
4.9455227613806905,0.0024894634525602574,0.0541937185479115,0.051704255095351245,0.0031652242554761007,0.0014926949492954375,-0.011490057546765348,0.011586611266441602,1.441607981633426
4.94799899949975,0.0024837875694468034,0.0541937185479115,0.0517099309784647,0.0031625088494871435,0.0015573485460898704,-0.011469966123315781,0.011575208739544176,1.4358453591988816
4.95047523761881,0.0024781068099894304,0.0541937185479115,0.05171561173792207,0.0031597776170152266,0.0016219074820085922,-0.01144940626441988,0.01156371426869121,1.4300739877064526
4.952951475737869,0.00247242190192868,0.0541937185479115,0.05172129664598282,0.00315703058647894,0.0016863703180685836,-0.011428378469404386,0.01155212877739893,1.4242936407195759
4.9554277138569285,0.002466733582706035,0.0541937185479115,0.05172698496520547,0.0031542677892871644,0.0017507356257495353,-0.01140688325763475,0.011540453235665252,1.4185040906830373
4.957903951975989,0.0024610425994139318,0.0541937185479115,0.05173267594849757,0.0031514892599808254,0.001815001986830581,-0.011384921168414382,0.011528688660173318,1.4127051089840672
4.960380190095048,0.002455349708742352,0.0541937185479115,0.05173836883916915,0.003148695036373899,0.0018791679932241283,-0.011362492760885997,0.011516836114486681,1.4068964660147472
4.962856428214107,0.0024496556769222147,0.0541937185479115,0.05174406287098929,0.0031458851596935316,0.0019432322468072665,-0.01133959861393508,0.011504896709236028,1.4010779312357193
4.9653326663331665,0.002443961279665348,0.0541937185479115,0.051749757268246155,0.0031430596747192507,0.0020071933592504996,-0.011316239326095478,0.01149287160229719,1.39524927324127
4.967808904452227,0.0024382673021012616,0.0541937185479115,0.05175545124581024,0.003140218629921152,0.0020710499518442893,-0.01129241551545753,0.011480761998960703,1.3894102598257883
4.970285142571286,0.002432574538710576,0.0541937185479115,0.05176114400920093,0.0031373620775970654,0.0021348006553231907,-0.011268127819578503,0.011468569152092484,1.3835606580516624
4.972761380690345,0.002426883793255223,0.0541937185479115,0.05176683475465628,0.0031344900740085547,0.0021984441096883304,-0.011243376895395613,0.011456294362285704,1.3777002343185942
4.975237618809405,0.002421195878705311,0.0541937185479115,0.05177252266920619,0.0031316026795157343,0.002261978964027693,-0.011218163419141582,0.011443938978003602,1.3718287544344236
4.977713856928465,0.0024155116171628924,0.0541937185479115,0.05177820693074861,0.003128699958710856,0.002325403876334716,-0.011192488086263145,0.011431504395713407,1.3659459836874697
4.980190095047524,0.0024098318397822865,0.0541937185479115,0.051783886708129216,0.0031257819805505073,0.002388717513325656,-0.011166351611341977,0.011418992060010737,1.3600516869203856
4.982666333166583,0.002404157386687353,0.0541937185479115,0.05178956116122415,0.003122848818486478,0.002451918550255186,-0.01113975472801882,0.011406403463734885,1.354145628605632
4.985142571285643,0.0023984891068854763,0.0541937185479115,0.051795229441026026,0.0031199005505951664,0.0025150056707309476,-0.011112698188920323,0.011393740148074373,1.3482275729225446
4.987618809404703,0.0023928278581784035,0.0541937185479115,0.0518008906897331,0.0031169372597054344,0.002577977566526993,-0.011085182765589043,0.011381003702662993,1.342297283836054
4.990095047523762,0.002387174507069857,0.0541937185479115,0.051806544040841646,0.0031139590335249375,0.0026408329373964323,-0.01105720924841631,0.011368195765665766,1.336354525177073
4.992571285642821,0.002381529928670016,0.0541937185479115,0.05181218861924149,0.0031109659647647883,0.0027035704908831035,-0.0110287784465784,0.011355318023854998,1.330399060724618
4.995047523761881,0.002375895006596865,0.0541937185479115,0.05181782354131464,0.003107958151262524,0.002766188942132957,-0.010999891187975761,0.011342372212676035,1.3244306542896516
4.997523761880941,0.0023702706328744064,0.0541937185479115,0.051823447915037096,0.0031049356961033465,0.0028286870137046814,-0.010970548319175483,0.011329360116302489,1.3184490698007283
5.0,0.0023646577078277817,0.0541937185479115,0.05182906084008372,0.003101898707739514,0.002891063435380406,-0.01094075070535704,0.011316283567680871,1.3124540713914272
