k,delta_chi2,chi2_null,chi2_cos,C,a,b,A,phi
0.05,0.3120666782973282,0.3918427547595168,0.0797760764621886,9.338926700049342,-9.468095228105085,0.7993581178543536,9.501778814992798,-3.0573658952568827
0.052476238119059535,0.3120794913296652,0.3918427547595168,0.07976326342985157,8.471124198817051,-8.600299921916303,0.76168052889102,8.63396293569791,-3.0532587114568948
0.054952476238119066,0.312092923848308,0.3918427547595168,0.0797498309112088,7.717970338453597,-7.8471536051711155,0.7274005041420537,7.88079508657446,-3.0491606962289324
0.05742871435717859,0.31210697584166364,0.3918427547595168,0.07973577891785316,7.060124231673399,-7.189315390683078,0.696078549933759,7.222934385302864,-3.045072252272902
0.05990495247623812,0.3121216473676282,0.3918427547595168,0.07972110739188859,6.482157856168669,-6.611357256279916,0.6673478401576176,6.644952814725484,-3.0409937784092267
0.062381190595297654,0.3121369384593296,0.3918427547595168,0.0797058163001872,5.971643168490118,-6.10085115864149,0.6408997938272023,6.134422336750622,-3.036925669297066
0.06485742871435718,0.31215284914110847,0.3918427547595168,0.07968990561840833,5.51847837272544,-5.64769530198555,0.6164729560953788,5.68124116101989,-3.032868315319666
0.06733366683341671,0.3121693794667908,0.3918427547595168,0.079673375292726,5.114384325850551,-5.243610543436262,0.5938443326892866,5.277130150252418,-3.028822102496419
0.06980990495247624,0.31218652946733516,0.3918427547595168,0.07965622529218164,4.7525236877927455,-4.881759543063708,0.5728225688633586,4.915251970315744,-3.0247874122677465
0.07228614307153577,0.3122042991827782,0.3918427547595168,0.0796384555767386,4.427209786376807,-4.55645562884456,0.5532425300074237,4.589919955145001,-3.020764621458197
0.0747623811905953,0.31222268865549335,0.3918427547595168,0.07962006610402345,4.133681824835094,-4.262938004168973,0.5349609595152742,4.296373314272591,-3.0167541020883237
0.07723861930965484,0.3122416979280371,0.3918427547595168,0.07960105683147972,3.8679297058233715,-3.997196571855511,0.5178529717488232,4.030601956830088,-3.0127562212777645
0.07971485742871437,0.31226132704703846,0.3918427547595168,0.07958142771247834,3.6265563375941383,-3.755834240326294,0.5018091986651427,3.78920879771389,-3.0087713411473653
0.0821910955477739,0.3122815760543292,0.3918427547595168,0.07956117870518759,3.406668528333057,-3.535957817939334,0.4867334523129614,3.5693006519270396,-3.0047998186718328
0.08466733366683342,0.3123024449993445,0.3918427547595168,0.07954030976017229,3.2057898832056253,-3.33509091004089,0.4725407974103888,3.3684011316134272,-3.000842005615067
0.08714357178589295,0.31232393392753316,0.3918427547595168,0.07951882083198364,3.021790773269913,-3.151103887872978,0.45915595261726594,3.1843806149692697,-2.996898248407314
0.08961980990495248,0.31234604288802753,0.3918427547595168,0.07949671187148927,2.8528316578533577,-2.9821572109535737,0.44651195681774425,3.0153995686183297,-2.99296888805197
0.09209604802401201,0.31236877193192114,0.3918427547595168,0.07947398282759566,2.6973169275804594,-2.826655270103629,0.43454905055085646,2.8598623906298832,-2.9890542600509735
0.09457228614307155,0.31239212110909415,0.3918427547595168,0.07945063365042265,2.5538570934203335,-2.6832085764931435,0.4232137332071204,2.7163795995665754,-2.985154694300334
0.09704852426213106,0.3124160904718953,0.3918427547595168,0.07942666428762152,2.421237641339985,-2.550602616296146,0.4124579645242932,2.5837366891299642,-2.9812705150267
0.0995247623811906,0.31244068007341985,0.3918427547595168,0.07940207468609695,2.298393242049997,-2.4277720604355864,0.40223848531339,2.460868337904095,-2.9774020407020827
0.10200100050025013,0.3124658899674215,0.3918427547595168,0.07937686479209533,2.1843862892397965,-2.3137793028186024,0.3925162371123747,2.3468369475846838,-2.973549583979371
0.10447723861930966,0.3124917202100686,0.3918427547595168,0.0793510345494482,2.078388955359401,-2.2077965161190605,0.3832558643725008,2.2408146987565427,-2.9697134516298553
0.10695347673836919,0.3125181708559133,0.3918427547595168,0.07932458390360347,1.9796681210642646,-2.1090905812205847,0.37442528581198786,2.1420684803359515,-2.965893944468616
0.10942971485742872,0.3125452419620549,0.3918427547595168,0.07929751279746189,1.8875726645953819,-2.0170103765985914,0.36599532393546497,2.049947178941208,-2.962091357325642
0.11190595297648825,0.31257293358736155,0.3918427547595168,0.07926982117215525,1.8015226973678296,-1.9309760139084347,0.35793938377943135,1.9638709144824429,-2.95830597897212
0.11438219109554779,0.31260124578955756,0.3918427547595168,0.07924150896995924,1.721000413068225,-1.8504696870816133,0.3502331733608699,1.8833218892505732,-2.9545380920851287
0.11685842921460732,0.31263017862800063,0.3918427547595168,0.07921257613151617,1.6455422793824255,-1.7750278640547208,0.34285445967515926,1.8078365796414813,-2.9507879732080866
0.11933466733366684,0.31265973216404563,0.3918427547595168,0.07918302259547116,1.5747323519011616,-1.7042346006752496,0.3357828550735533,1.7369990500573322,-2.947055892714794
0.12181090545272637,0.3126899064575562,0.3918427547595168,0.07915284830196062,1.5081965296033673,-1.637715796183386,0.3289996296971509,1.6704352083841636,-2.943342114776894
0.1242871435717859,0.3127207015708559,0.3918427547595168,0.07912205318866089,1.445597603372505,-1.5751342417300975,0.32248754633279475,1.607807854505754,-2.9396468973359386
0.12676338169084544,0.3127521175662225,0.3918427547595168,0.07909063719329429,1.3866309748926824,-1.5161853392721696,0.31623071462012575,1.548812399192691,-2.9359704920878205
0.12923961980990495,0.3127841545067682,0.3918427547595168,0.07905860025274858,1.3310209440858216,-1.460593389009773,0.31021446202441894,1.4931731515360682,-2.9323131444628183
0.1317158579289645,0.3128168124560348,0.3918427547595168,0.07902594230348198,1.278517480453388,-1.408108360728022,0.30442521936323175,1.4406400902850471,-2.928675093610429
0.134192096048024,0.3128500914785693,0.3918427547595168,0.0789926632809475,1.2288934075816371,-1.3585030783025047,0.29885041900381637,1.3909860483470486,-2.925056572394858
0.13666833416708357,0.3128839916389989,0.3918427547595168,0.07895876312051792,1.1819419414365768,-1.3115707579938487,0.2934784041292495,1.3440042510776558,-2.9214578073920467
0.13914457228614308,0.3129185130023931,0.3918427547595168,0.0789242417571237,1.1374745325266247,-1.2671228506105479,0.28829834769572216,1.2995061584399992,-2.9178790188850914
0.1416208104052026,0.3129536556347073,0.3918427547595168,0.07888909912480951,1.0953189698688561,-1.2249871454754384,0.28330017988682954,1.257319568965652,-2.914320420874265
0.14409704852426214,0.3129894196019331,0.3918427547595168,0.07885333515758369,1.055317711011611,-1.1850061004479358,0.27847452305191567,1.217286949773066,-2.91078222108268
0.14657328664332167,0.31302580497081284,0.3918427547595168,0.07881694978870396,1.0173264078669035,-1.1470353677567857,0.27381263323770355,1.1792639623958283,-2.9072646209694515
0.1490495247623812,0.31306281180777223,0.3918427547595168,0.07877994295174456,0.9812126025394718,-1.110942489828659,0.2693063475476265,1.1431181586065997,-2.9037678157478424
0.15152576288144073,0.3131004401803072,0.3918427547595168,0.0787423145792096,0.9468545710906824,-1.0766057430526814,0.26494803666516376,1.1087278241781169,-2.900291994401531
0.15400200100050027,0.31313869015537266,0.3918427547595168,0.07870406460414414,0.9141402964031897,-1.0439131106444108,0.26073056195446753,1.0759809517423542,-2.8968373397114164
0.1564782391195598,0.31317756180077094,0.3918427547595168,0.07866519295874586,0.882966553903799,-1.0127613683693255,0.25664723663540556,1.0447743265097484,-2.893404028283561
0.15895447723861933,0.3132170551840351,0.3918427547595168,0.07862569957548171,0.853238096191177,-0.983055269170066,0.25269179058869184,1.0150127108927998,-2.8899922305773273
0.16143071535767883,0.3132571703729375,0.3918427547595168,0.07858558438657931,0.8248669245469529,-0.9547068146777775,0.24885833839834604,0.9866081160129253,-2.8866021109418503
0.1639069534767384,0.3132979074352142,0.3918427547595168,0.07854484732430261,0.7977716368845904,-0.9276346031608824,0.24514135029276574,0.9594791496456858,-2.883233827650777
0.1663831915957979,0.31333926643877724,0.3918427547595168,0.07850348832073956,0.7718768431301299,-0.9017632449059363,0.24153562567860476,0.9335504315971573,-2.8798875329458005
0.16885942971485746,0.31338124745108736,0.3918427547595168,0.07846150730842943,0.7471126401534463,-0.8770228371486297,0.23803626900572006,0.9087520686317008,-2.8765633730763325
0.17133566783391696,0.31342385053983424,0.3918427547595168,0.07841890421968256,0.7234141394478115,-0.8533484917536782,0.2346386677223471,0.8850191821473676,-2.8732614883497485
0.17381190595297652,0.31346707577248983,0.3918427547595168,0.07837567898702696,0.7007210415574434,-0.8306799096421855,0.2313384721170877,0.8622914826000648,-2.869982013177244
0.17628814407203602,0.3135109232161762,0.3918427547595168,0.07833183154334061,0.6789772520594681,-0.8089609967735782,0.2281315768586527,0.8405128854817852,-2.8667250761256597
0.17876438219109558,0.3135553929378425,0.3918427547595168,0.07828736182167428,0.6581305345236927,-0.7881395171054777,0.22501410406933786,0.8196311642765802,-2.863490799973523
0.1812406203101551,0.31360048500412163,0.3918427547595168,0.07824226975539517,0.6381321964271933,-0.7681667785082453,0.22198238778715584,0.7995976363718335,-2.8602793017661563
0.18371685842921465,0.3136461994812077,0.3918427547595168,0.0781965552783091,0.6189368045027948,-0.7489973481134342,0.21903295968415115,0.780366878403329,-2.85709069287413
0.18619309654827415,0.3136925364348096,0.3918427547595168,0.0781502183247072,0.6005019264113827,-0.7305887939861009,0.21616253592397072,0.7618964679240529,-2.853925079055232
0.18866933466733365,0.31373949593014855,0.3918427547595168,0.07810325882936825,0.5827878959863639,-0.7129014503692943,0.21336800505496,0.7441467486455725,-2.850782560516424
0.19114557278639321,0.3137870780318652,0.3918427547595168,0.07805567672765162,0.56575759963183,-0.6958982040821979,0.21064641684350427,0.7270806168327112,-2.847663231980595
0.19362181090545272,0.3138352828041042,0.3918427547595168,0.07800747195541258,0.549376281712739,-0.6795442999103756,0.20799497196540706,0.7106633266910379,-2.8445671827510193
0.19609804902451228,0.31388411031012237,0.3918427547595168,0.07795864444939443,0.5336113670445073,-0.663807163095214,0.20541101247704496,0.6948623128529571,-2.841494496781993
0.19857428714357178,0.31393356061254585,0.3918427547595168,0.07790919414697095,0.5184322987741936,-0.6486562372152491,0.20289201300046322,0.6796470282563043,-2.8384452527474835
0.20105052526263134,0.3139836337730948,0.3918427547595168,0.077859120986422,0.5038103901556568,-0.6340628359612239,0.20043557255925215,0.6649887959164013,-2.835419524113698
0.20352676338169085,0.3140343298527093,0.3918427547595168,0.0778084249068075,0.4897186888690186,-0.6200000074556371,0.19803940701067724,0.650860673242846,-2.8324173792119294
0.2060030015007504,0.3140856489112723,0.3918427547595168,0.07775710584824452,0.4761318526884395,-0.6064424099204189,0.19570134202347056,0.6372373277044219,-2.829438881313356
0.2084792396198099,0.3141375910076142,0.3918427547595168,0.07770516375190262,0.4630260354233542,-0.5933661976182023,0.19341930655637718,0.6240949227678697,-2.8264840887037157
0.21095547773886947,0.31419015619960045,0.3918427547595168,0.07765259855991635,0.45037878217844707,-0.5807489161123556,0.1911913267955878,0.6114110131552531,-2.8235530547608723
0.21343171585792897,0.3142433445438753,0.3918427547595168,0.07759941021564148,0.43816893306851057,-0.5685694059817621,0.18901552051447368,0.5991644485563302,-2.820645828032095
0.21590795397698853,0.31429715609582026,0.3918427547595168,0.07754559866369654,0.4263765346196564,-0.5568077142220389,0.18689009182125194,0.5873352850273238,-2.8177624523131546
0.21838419209604804,0.31435159090950787,0.3918427547595168,0.07749116385000893,0.41498275816105945,-0.5454450126372876,0.18481332626429214,0.5759047033804834,-2.814902966726926
0.2208604302151076,0.31440664903761434,0.3918427547595168,0.07743610572190246,0.4039698245873069,-0.5344635226024366,0.18278358626624325,0.5648549339440654,-2.812067405804568
0.2233366683341671,0.3144623305314725,0.3918427547595168,0.07738042422804431,0.393320934925228,-0.5238464456301202,0.18079930686237677,0.5541691871272043,-2.8092557995653307
0.22581290645322666,0.3145186354407258,0.3918427547595168,0.07732411931879102,0.38302020620330524,-0.5135778992399693,0.17885899171885367,0.5438315892870007,-2.806468173598955
0.22828914457228616,0.3145755638134832,0.3918427547595168,0.07726719094603357,0.37305261216128116,-0.5036428576683143,0.17696120941062166,0.5338271234363947,-2.8037045491463175
0.23076538269134567,0.3146331156961563,0.3918427547595168,0.07720963906336048,0.36340392839163727,-0.4940270970096243,0.17510458993844225,0.5241415743835502,-2.800964943182773
0.23324162081040523,0.3146912911333636,0.3918427547595168,0.07715146362615322,0.35406068153415404,-0.4847171444110536,0.17328782146821897,0.5147614779246865,-2.7982493684998007
0.23571785892946473,0.3147500901678611,0.3918427547595168,0.0770926645916557,0.3450101021878851,-0.47570023098441894,0.17150964727553397,0.505674073754239,-2.795557833788222
0.2381940970485243,0.3148095128405262,0.3918427547595168,0.07703324191899058,0.33624008123107885,-0.4669642481261427,0.16976886288098392,0.49686726178318097,-2.792890343720689
0.2406703351675838,0.3148695591901311,0.3918427547595168,0.0769731955693857,0.32773912927130056,-0.4584977069673073,0.16806431336220573,0.4883295615874473,-2.7902468990348743
0.24314657328664335,0.31493022925340847,0.3918427547595168,0.07691252550610833,0.31949633897104945,-0.4502897006993365,0.16639489083021886,0.4800500747321038,-2.7876274966163344
0.24562281140570286,0.31499152306484174,0.3918427547595168,0.07685123169467506,0.31150135001900026,-0.4423298695451727,0.1647595320583628,0.4720184497410458,-2.785032129581658
0.24809904952476242,0.3150534406566409,0.3918427547595168,0.07678931410287587,0.3037443165353402,-0.4346083681646391,0.16315721625338497,0.4642248495010627,-2.7824607873605602
0.2505752876438219,0.31511598205867764,0.3918427547595168,0.07672677270083916,0.2962158767219307,-0.42711583530460473,0.16158696295840702,0.4566599209105961,-2.779913455779314
0.2530515257628815,0.3151791472983017,0.3918427547595168,0.07666360746121509,0.28890712457990375,-0.41984336551653456,0.16004783007929557,0.4493147665961375,-2.7773901171423834
0.255527763881941,0.3152429364003643,0.3918427547595168,0.07659981835915247,0.28180958353726737,-0.412782482784138,0.15853891202557602,0.4421809185386571,-2.7748907503149134
0.25800400200100054,0.31530734938699717,0.3918427547595168,0.07653540537251963,0.27491518183916597,-0.4059251159135684,0.15705933795854232,0.43525031346274706,-2.7724153308040265
0.26048024012006005,0.31537238627764524,0.3918427547595168,0.07647036848187155,0.26821622956841296,-0.39926357555400216,0.1556082701391821,0.4285152698561337,-2.769963830840401
0.2629564782391196,0.31543804708887413,0.3918427547595168,0.07640470767064267,0.26170539717322683,-0.3927905327253285,0.15418490236951765,0.42196846649642555,-2.767536219458841
0.2654327163581791,0.31550433183428794,0.3918427547595168,0.07633842292522885,0.2553756953907218,-0.3864989987416365,0.15278845852118117,0.4156029223737079,-2.7651324625784897
0.2679089544772386,0.3155712405244879,0.3918427547595168,0.07627151423502893,0.24922045646355606,-0.38038230642788307,0.15141819114549993,0.4094119779063274,-2.762752523082948
0.2703851925962982,0.31563877316691435,0.3918427547595168,0.07620398159260244,0.24323331655467229,-0.37443409253459947,0.15007338016009086,0.4033892773548699,-2.760396360898983
0.2728614307153577,0.3157069297657359,0.3918427547595168,0.07613582499378091,0.23740819927431112,-0.3686482812648926,0.14875333160690385,0.3975287523484469,-2.7580639330749994
0.27533766883441724,0.31577571032178137,0.3918427547595168,0.07606704443773543,0.23173930023968126,-0.3630190688341237,0.14745737647717805,0.39182460644365674,-2.7557551938593865
0.27781390695347674,0.3158451148324284,0.3918427547595168,0.07599763992708841,0.2262210725929581,-0.35754090898789315,0.1461848695994541,0.3862713006420465,-2.753470094776936
0.2802901450725363,0.3159151432914783,0.3918427547595168,0.0759276114680385,0.22084821341153038,-0.3522084994122725,0.14493518858632592,0.3808635397997538,-2.7512085847056063
0.2827663831915958,0.31598579568904034,0.3918427547595168,0.07585695907047646,0.21561565094737212,-0.34701676897316247,0.1437077328366243,0.3755962598663834,-2.7489706099520306
0.28524262131065536,0.31605707201144895,0.3918427547595168,0.07578568274806785,0.2105185326383019,-0.3419608657275539,0.14250192258960137,0.37046461589586516,-2.7467561143259873
0.28771885942971487,0.3161289722411172,0.3918427547595168,0.07571378251839961,0.2055522138388195,-0.33703614565434137,0.1413171980278336,0.3654639707768364,-2.7445650392147622
0.2901950975487744,0.31620149635648004,0.3918427547595168,0.07564125840303676,0.20071224722078718,-0.3322381620550168,0.14015301842615457,0.36058988463302405,-2.7423973236560277
0.29267133566783393,0.3162746443318019,0.3918427547595168,0.07556811042771489,0.19599437279912024,-0.32756265557931563,0.13900886134382207,0.35583810484865064,-2.7402529044096053
0.2951475737868935,0.3163484161370952,0.3918427547595168,0.07549433862242161,0.19139450854138218,-0.32300554483481925,0.13788422185715277,0.3512045566777159,-2.7381317160295358
0.297623811905953,0.3164228117380134,0.3918427547595168,0.0754199430215034,0.18690874152115988,-0.3185629175403193,0.13677861183072837,0.34668533439726196,-2.7360336909335805
0.3001000500250125,0.3164978310957332,0.3918427547595168,0.07534492366378359,0.18253331958101882,-0.31423102218876586,0.13569155922444054,0.34227669297011226,-2.733958759473227
0.30257628814407206,0.31657347416676934,0.3918427547595168,0.07526928059274746,0.17826464347053417,-0.3100062601852578,0.13462260743474586,0.33797504018282093,-2.7319068500015415
0.30505252626313156,0.31664974090293047,0.3918427547595168,0.07519301385658633,0.17409925942966886,-0.30588517843044194,0.13357131466786232,0.3337769292289753,-2.7298778889410062
0.3075287643821911,0.31672663125115263,0.3918427547595168,0.07511612350836416,0.1700338521882916,-0.30186446232000286,0.13253725334329847,0.32967905170867334,-2.7278718008499174
0.3100050025012506,0.316804145153355,0.3918427547595168,0.07503860960616182,0.16606523835543818,-0.297940929133901,0.1315200095260125,0.3256782310178171,-2.7258885084875217
0.3124812406203102,0.3168822825463539,0.3918427547595168,0.07496047221316288,0.1621903601740371,-0.29411152179110545,0.13051918238548987,0.3217714161028861,-2.723927932878653
0.3149574787393697,0.3169610433616882,0.3918427547595168,0.07488171139782862,0.15840627961785358,-0.2903733029465041,0.12953438368037684,0.3179556755579578,-2.7219899933770124
0.31743371685842925,0.31704042752549627,0.3918427547595168,0.07480232723402053,0.15471017280954857,-0.286723449408953,0.12856523726722324,0.314228192042894,-2.7200746077275157
0.31990995497748875,0.3171204349583963,0.3918427547595168,0.07472231980112048,0.15109932474001564,-0.28315924686060434,0.12761137863203098,0.3105862570028369,-2.7181816921276294
0.3223861930965483,0.317201065575333,0.3918427547595168,0.07464168918418379,0.14757112427045982,-0.27967808485896306,0.12667245444341635,0.3070272656704885,-2.7163111612874444
0.3248624312156078,0.3172823192854443,0.3918427547595168,0.07456043547407248,0.14412305940029935,-0.27627745210477617,0.12574812212615027,0.30354871233421515,-2.7144629284891035
0.3273386693346673,0.3173641959918936,0.3918427547595168,0.07447855876762322,0.14075271278447232,-0.2729549319593101,0.12483804945412569,0.3001481858556242,-2.712636905644621
0.3298149074537269,0.3174466955917751,0.3918427547595168,0.07439605916774172,0.1374577574856959,-0.2697081981966152,0.12394191416157119,0.2968233654220957,-2.7108330033533
0.3322911455727864,0.31752981797591956,0.3918427547595168,0.07431293678359724,0.13423595294725033,-0.26653501097627075,0.12305940357172407,0.2935720165198809,-2.709051130957478
0.33476738369184594,0.3176135630287648,0.3918427547595168,0.07422919173075199,0.1310851411736289,-0.2634332130240251,0.12219021424193555,0.29039198711509157,-2.7072911965975517
0.33724362181090545,0.31769793062820967,0.3918427547595168,0.07414482413130713,0.12800324310676103,-0.260400726008001,0.12133405162441813,0.2872812040302863,-2.705553107265891
0.339719859929965,0.31778292064546304,0.3918427547595168,0.07405983411405376,0.1249882551864312,-0.25743554709909766,0.12049062974182378,0.2842376695052804,-2.703836768859671
0.3421960980490245,0.3178685329448546,0.3918427547595168,0.07397422181466218,0.12203824608427905,-0.2545357457049544,0.11965967087692375,0.2812594579315528,-2.7021420862325383
0.34467233616808407,0.3179547673837348,0.3918427547595168,0.073887987375782,0.11915135360153872,-0.2516994603676954,0.11884090527561897,0.278344712750427,-2.7004689632455547
0.3471485742871436,0.3180416238122637,0.3918427547595168,0.0738011309472531,0.11632578172101748,-0.24892489581586474,0.11803407086270523,0.27549164350549954,-2.6988173028167046
0.34962481240620313,0.3181291020732805,0.3918427547595168,0.07371365268623631,0.11355979780476311,-0.24621032016208488,0.1172389129696898,0.27269852304079467,-2.697187006969575
0.35210105052526264,0.31821720200213344,0.3918427547595168,0.07362555275738336,0.1108517299292151,-0.24355406223818488,0.11645518407408417,0.2699636848364062,-2.6955779768810215
0.3545772886443222,0.31830592342648373,0.3918427547595168,0.07353683133303307,0.108199964350157,-0.24095450906011529,0.11568264354963143,0.2672855204739536,-2.6939901129277133
0.3570535267633817,0.3183952661661848,0.3918427547595168,0.073447488593332,0.10560294309025231,-0.2384101034154824,0.11492105742692926,0.2646624772246806,-2.692423314731608
0.35952976488244126,0.3184852300330864,0.3918427547595168,0.07335752472643042,0.10305916164262197,-0.23591934156709016,0.11417019816390739,0.26209305575355335,-2.690877481204696
0.36200600300150076,0.31857581483085146,0.3918427547595168,0.07326693992866534,0.10056716678386035,-0.23348077106592946,0.11342984442576198,0.2595758079328533,-2.6893525105923803
0.3644822411205603,0.3186670203547984,0.3918427547595168,0.07317573440471842,0.09812555449079241,-0.23109298866791494,0.11269978087383437,0.25710933475951303,-2.687848300516104
0.36695847923961983,0.31875884639171753,0.3918427547595168,0.07308390836779927,0.09573296795525277,-0.2287546383486383,0.11197979796304414,0.2546922843704938,-2.686364748014861
0.36943471735867933,0.3188512927196784,0.3918427547595168,0.07299146203983842,0.09338809569174522,-0.22646440941099488,0.11126969174745249,0.25232335015103896,-2.6849017495858516
0.3719109554777389,0.318944359107861,0.3918427547595168,0.07289839565165579,0.09108966973295551,-0.2242210346806761,0.11056926369360576,0.2500012689308178,-2.6834592012240512
0.3743871935967984,0.31903804531636826,0.3918427547595168,0.07280470944314854,0.08883646390857525,-0.2220232887849649,0.10987832050126589,0.24772481926337303,-2.682036998460946
0.37686343171585795,0.3191323510960203,0.3918427547595168,0.07271040366349651,0.08662729220298537,-0.21986998651038192,0.10919667393122845,0.24549281978444615,-2.6806350364021454
0.37933966983491746,0.31922727618819524,0.3918427547595168,0.07261547857132156,0.08446100718778737,-0.21775998123520246,0.10852414063984983,0.2433041276451627,-2.6792532097643056
0.381815907953977,0.3193228203245985,0.3918427547595168,0.07251993443491828,0.08233649852523062,-0.2156921634328377,0.1078605420200347,0.2411576370161095,-2.6778914129109266
0.3842921460730365,0.319418983227094,0.3918427547595168,0.0724237715324228,0.08025269153892722,-0.21366545924252955,0.1072057040483605,0.23905227765872827,-2.6765495398873123
0.3867683841920961,0.3195157646074867,0.3918427547595168,0.07232699015203009,0.07820854584845183,-0.21167882910391222,0.10655945713805925,0.23698701356057714,-2.6752274844547177
0.3892446223111556,0.31961316416733687,0.3918427547595168,0.07222959059217993,0.07620305406449468,-0.20973126645213913,0.10592163599762805,0.23496084163117945,-2.673925140123445
0.39172086043021515,0.3197111815977371,0.3918427547595168,0.0721315731617797,0.07423524054161224,-0.20782179647059262,0.1052920794947867,0.23297279045545408,-2.672642400185164
0.39419709854927465,0.3198098165791209,0.3918427547595168,0.07203293818039591,0.07230416018566999,-0.20594947489829973,0.1046706305255456,0.23102191910184772,-2.6713791577444974
0.3966733366683342,0.3199090687810397,0.3918427547595168,0.0719336859784771,0.07040889731315136,-0.2041133868892011,0.10405713588821053,0.229107315982354,-2.670135305749428
0.3991495747873937,0.32000893786196244,0.3918427547595168,0.07183381689755436,0.06854856455995151,-0.20231264592091414,0.1034514461620335,0.2272280977620006,-2.668910737021252
0.4016258129064533,0.3201094234690391,0.3918427547595168,0.07173333129047771,0.06672230183704242,-0.20054639275035324,0.10285341559037864,0.225383408315222,-2.667705344283414
0.4041020510255128,0.3202105252379039,0.3918427547595168,0.07163222952161291,0.06492927533086146,-0.19881379441409042,0.10226290196815313,0.22357241772695555,-2.666519020189805
0.40657828914457234,0.3203122427924341,0.3918427547595168,0.07153051196708271,0.06316867654611391,-0.1971140432711116,0.10167976653338195,0.22179432133616206,-2.665351657351948
0.40905452726363184,0.3204145757445418,0.3918427547595168,0.071428179014975,0.061439721389086266,-0.1954463560860975,0.10110387386268083,0.2200483388198477,-2.6642031483657265
0.41153076538269134,0.3205175236939265,0.3918427547595168,0.0713252310655903,0.05974164928941139,-0.1938099731511409,0.10053509177052566,0.2183337133155436,-2.6630733858371234
0.4140070035017509,0.3206210862278544,0.3918427547595168,0.0712216685316624,0.05807372235850794,-0.19220415744414954,0.09997329121211629,0.2166497105804622,-2.661962262407324
0.4164832416208104,0.3207252629209268,0.3918427547595168,0.07111749183859001,0.056435224582943366,-0.1906281938221679,0.09941834618971268,0.2149956181855797,-2.6608696707770325
0.41895947973986997,0.3208300533348393,0.3918427547595168,0.07101270142467747,0.054825461051062785,-0.18908138824796206,0.09887013366228237,0.2133707447429805,-2.6597955037300722
0.42143571785892947,0.3209354570181262,0.3918427547595168,0.0709072977413906,0.053243757211349774,-0.18756306704833037,0.09832853345832948,0.21177441916492723,-2.6587396541562858
0.42391195597798903,0.32104147350593953,0.3918427547595168,0.07080128125357726,0.05168945816100967,-0.18607257620265116,0.09779342819177694,0.2102059899531687,-2.657702015073739
0.42638819409704853,0.321148102319782,0.3918427547595168,0.07069465243973477,0.05016192796338981,-0.1846092806602493,0.09726470318077896,0.20866482451707025,-2.656682479650181
0.4288644322161081,0.3212553429672694,0.3918427547595168,0.07058741179224742,0.048660548992934594,-0.18317256368530854,0.0967422463693306,0.20715030851927949,-2.6556809412239692
0.4313406703351676,0.3213631949418635,0.3918427547595168,0.0704795598176533,0.04718472130634854,-0.18176182622798231,0.09622594825158837,0.20566184524760203,-2.6546972933241606
0.43381690845422716,0.3214716577226258,0.3918427547595168,0.07037109703689098,0.045733862038860984,-0.18037648632061298,0.09571570179876199,0.20419885501197066,-2.6537314296901515
0.43629314657328666,0.3215807307739434,0.3918427547595168,0.07026202398557341,0.04430740482435924,-0.1790159784978096,0.09521140238851244,0.2027607745652878,-2.652783244290463
0.4387693846923462,0.32169041354527833,0.3918427547595168,0.07015234121423847,0.042904799238419056,-0.17767975323943208,0.09471294773671157,0.20134705654715326,-2.651852631341162
0.4412456228114057,0.3218007054708843,0.3918427547595168,0.0700420492886325,0.041525510263102916,-0.17636727643533145,0.09422023783151978,0.1999571689493647,-2.6509394853234225
0.4437218609304653,0.3219116059695416,0.3918427547595168,0.0699311487899752,0.040169017772649696,-0.17507802887098745,0.0937331748696485,0.1985905946022984,-2.650043701000694
0.4461980990495248,0.3220231144442833,0.3918427547595168,0.06981964031523352,0.038834816039072795,-0.17381150573305248,0.09325166319474687,0.19724683068119864,-2.6491651734352164
0.4486743371685843,0.3221352302821111,0.3918427547595168,0.06970752447740569,0.037522413256798615,-0.17256721613393222,0.09277560923782902,0.19592538823150416,-2.6483037980039237
0.45115057528764385,0.322247952853709,0.3918427547595168,0.0695948019058078,0.03623133108553733,-0.17134468265459635,0.09230492145965219,0.19462579171239583,-2.6474594704138634
0.45362681340670336,0.32236128151316673,0.3918427547595168,0.06948147324635007,0.034961104210561755,-0.17014344090480393,0.0918395102949795,0.19334757855775736,-2.6466320867170525
0.4561030515257629,0.3224752155976755,0.3918427547595168,0.0693675391618413,0.033711279919660164,-0.16896303909998944,0.0913792880986567,0.19209029875379408,-2.6458215433247787
0.4585792896448224,0.32258975442724436,0.3918427547595168,0.06925300033227244,0.03248141769603308,-0.16780303765410287,0.09092416909342849,0.19085351443259996,-2.645027737021417
0.461055527763882,0.322704897304391,0.3918427547595168,0.0691378574551258,0.03127108882646157,-0.16666300878771056,0.09047406931943269,0.18963679948098153,-2.6442505649777277
0.4635317658829415,0.322820643513846,0.3918427547595168,0.06902211124567081,0.030079876024087238,-0.16554253615071413,0.09002890658530738,0.18843973916389425,-2.6434899247636774
0.46600800400200104,0.3229369923222446,0.3918427547595168,0.0689057624372722,0.028907373065178987,-0.1644412144590499,0.08958860042085948,0.18726192976185968,-2.6427457143607147
0.46848424212106055,0.32305394297781204,0.3918427547595168,0.06878881178170476,0.027753184439325507,-0.1633586491448138,0.08915307203121559,0.1861029782217939,-2.6420178321736953
0.4709604802401201,0.32317149471004797,0.3918427547595168,0.06867126004946883,0.026616925012445503,-0.1622944560192019,0.08872224425243158,0.18496250182065765,-2.6413061770422037
0.4734367183591796,0.32328964672941557,0.3918427547595168,0.06855310803010123,0.02549821970212296,-0.161248260947779,0.08829604150847814,0.18384012784142076,-2.6406106482515455
0.47591295647823917,0.323408398227005,0.3918427547595168,0.06843435653251179,0.02439670316473519,-0.1602196995375298,0.08787438976956763,0.1827354932608064,-2.6399311455432555
0.4783891945972987,0.3235277483742171,0.3918427547595168,0.06831500638529969,0.02331201949388273,-0.15920841683522013,0.08745721651177318,0.18164824444834135,-2.639267569125179
0.48086543271635823,0.3236476963224221,0.3918427547595168,0.06819505843709472,0.02224382192965857,-0.15821406703658814,0.08704445067789224,0.18057803687623258,-2.638619819681094
0.48334167083541774,0.32376824120262715,0.3918427547595168,0.06807451355688965,0.02119177257834237,-0.1572363132059631,0.08663602263949921,0.1795245348396579,-2.6379877983800486
0.48581790895447724,0.3238893821251341,0.3918427547595168,0.06795337263438272,0.020155542142051175,-0.15627482700583784,0.08623186416016149,0.17848741118701086,-2.637371406885211
0.4882941470735368,0.3240111181791946,0.3918427547595168,0.06783163658032221,0.01913480965796266,-0.15532928843601312,0.08583190835977039,0.1774663470597121,-2.636770547362327
0.4907703851925963,0.32413344843265657,0.3918427547595168,0.06770930632686023,0.01812926224673994,-0.154399385581939,0.08543608967994432,0.176461031641209,-2.6361851224878454
0.49324662331165586,0.3242563719316168,0.3918427547595168,0.06758638282789997,0.017138594869769763,-0.15348481437187322,0.08504434385046733,0.1754711619147856,-2.6356150354566883
0.49572286143071537,0.3243798877000494,0.3918427547595168,0.06746286705946741,0.01616251009487013,-0.15258527834249924,0.08465660785673335,0.1744964424298292,-2.635060189989616
0.4981990995497749,0.32450399473945224,0.3918427547595168,0.06733876002006456,0.01520071787013011,-0.1517004884126838,0.08427281990815294,0.17353658507622763,-2.634520490340291
0.5006753376688344,0.3246286920284719,0.3918427547595168,0.06721406273104491,0.01425293530556826,-0.1508301626650439,0.08389291940749222,0.17259130886656948,-2.6339958413020046
0.503151575787894,0.3247539785225329,0.3918427547595168,0.0670887762369839,0.013318886462283519,-0.14997402613500976,0.08351684692111494,0.1716603397258363,-2.6334861482140433
0.5056278139069535,0.3248798531534573,0.3918427547595168,0.0669629016060595,0.012398302148826534,-0.14913181060710223,0.08314454415009431,0.17074341028830248,-2.6329913169677464
0.508104052026013,0.3250063148290789,0.3918427547595168,0.06683643993043792,0.011490919724506776,-0.14830325441814618,0.08277595390215797,0.1698402597013605,-2.6325112540123063
0.5105802901450726,0.32513336243285684,0.3918427547595168,0.06670939232665996,0.010596482909353444,-0.1474881022671355,0.08241102006445189,0.16895063343599664,-2.632045866360203
0.5130565282641322,0.32526099482348364,0.3918427547595168,0.06658175993603316,0.009714741600487686,-0.1466861050315087,0.08204968757708253,0.16807428310366715,-2.631595061592391
0.5155327663831917,0.32538921083448064,0.3918427547595168,0.06645354392503616,0.00884545169465345,-0.14589701958957724,0.08169190240742163,0.16721096627932389,-2.631158747863156
0.5180090045022512,0.325518009273799,0.3918427547595168,0.06632474548571782,0.007988374916679808,-0.14512060864888854,0.08133761152513508,0.16636044633036318,-2.630736833904769
0.5204852426213107,0.32564738892340434,0.3918427547595168,0.06619536583611246,0.007143278653636731,-0.14435664058027475,0.08098676287792717,0.1655224922512594,-2.6303292290317937
0.5229614807403703,0.32577734853887147,0.3918427547595168,0.06606540622064533,0.006309935794481358,-0.14360488925739712,0.0806393053679636,0.16469687850368317,-2.629935843145196
0.5254377188594298,0.3259078868489497,0.3918427547595168,0.06593486791056707,0.0054881245749842655,-0.14286513390155808,0.08029518882895692,0.16388338486188272,-2.629556586736168
0.5279139569784893,0.3260390025551547,0.3918427547595168,0.06580375220436208,0.0046776284277310065,-0.14213715893159917,0.079954364003894,0.16308179626314478,-2.6291913708897146
0.5303901950975488,0.32617069433132134,0.3918427547595168,0.06567206042819546,0.0038782358370266223,-0.14142075381868668,0.0796167825233759,0.16229190266313387,-2.628840107288028
0.5328664332166083,0.32630296082317894,0.3918427547595168,0.06553979393633785,0.0030897401985009454,-0.14071571294580676,0.07928239688456296,0.16151349889593763,-2.628502708213597
0.5353426713356679,0.32643580064789735,0.3918427547595168,0.06540695411161945,0.002311939683255715,-0.14002183547179037,0.07895116043069605,0.16074638453863477,-2.6281790865520995
0.5378189094547274,0.32656921239365233,0.3918427547595168,0.06527354236586447,0.00154463710638153,-0.1393389251997168,0.07862302733117499,0.159990363780232,-2.6278691557951177
0.5402951475737869,0.32670319461915903,0.3918427547595168,0.06513956014035777,0.0007876397996838813,-0.1386667904495117,0.07829795256218608,0.15924524529479406,-2.6275728300425776
0.5427713856928464,0.3268377458532225,0.3918427547595168,0.06500500890629429,4.075948846926636e-05,-0.13800524393461377,0.0779758918878456,0.15851084211862998,-2.627290024005065
0.5452476238119061,0.32697286459426417,0.3918427547595168,0.06486989016525263,-0.000696187827760375,-0.13735410264253867,0.07765680184185908,0.15778697153137458,-2.6270206530058817
0.5477238619309656,0.32710854930985683,0.3918427547595168,0.06473420544965997,-0.0014233819908445744,-0.1367131877192157,0.07734063970966676,0.1570734549408333,-2.6267646329829546
0.5502001000500251,0.3272447984362403,0.3918427547595168,0.06459795632327647,-0.0021409987958697085,-0.1360823243569479,0.0770273635110712,0.15637011777144721,-2.62652188049051
0.5526763381690847,0.3273816103778458,0.3918427547595168,0.064461144381671,-0.0028492100995620717,-0.1354613416858873,0.07671693198331853,0.15567678935626156,-2.6262923127006546
0.5551525762881442,0.32751898350679953,0.3918427547595168,0.06432377125271727,-0.003548183925315085,-0.13485007266886884,0.07640930456463524,0.1549933028322527,-2.626075847404682
0.5576288144072037,0.3276569161624262,0.3918427547595168,0.0641858385970906,-0.004238084564944233,-0.13424835399951474,0.07610444137819056,0.1543194950389142,-2.625872403014298
0.5601050525262632,0.3277954066507556,0.3918427547595168,0.06404734810876117,-0.004919072677305958,-0.13365602600347737,0.07580230321648102,0.15365520641997638,-2.6256818985626604
0.5625812906453228,0.32793445324400433,0.3918427547595168,0.06390830151551247,-0.005591305383879419,-0.13307293254270813,0.07550285152612257,0.15300028092814685,-2.6255042537052393
0.5650575287643823,0.3280740541800623,0.3918427547595168,0.0637687005794545,-0.006254936361423713,-0.13249892092265336,0.07520604839303674,0.15235456593277188,-2.62533938872054
0.5675337668834418,0.3282142076619749,0.3918427547595168,0.0636285470975419,-0.006910115931803129,-0.13193384180227907,0.07491185652801519,0.15171791213031746,-2.6251872245107144
0.5700100050025013,0.32835491185741267,0.3918427547595168,0.06348784290210413,-0.007556991149089809,-0.13137754910681465,0.07462023925265554,0.1510901734575649,-2.625047682602008
0.5724862431215608,0.3284961648981359,0.3918427547595168,0.06334658986138092,-0.008195705884032622,-0.1308298999431261,0.07433116048566168,0.1504712070074324,-2.624920685145043
0.5749624812406204,0.3286379648794519,0.3918427547595168,0.0632047898800649,-0.00882640090598008,-0.1302907545176344,0.07404458472948255,0.14986087294733066,-2.6248061549150323
0.5774387193596799,0.3287803098596709,0.3918427547595168,0.06306244489984592,-0.009449213962349323,-0.129759976056684,0.07376047705729638,0.14925903443996663,-2.624704015311826
0.5799149574787394,0.3289231978595447,0.3918427547595168,0.06291955689997208,-0.01006427985572056,-0.1292374307292815,0.07347880310031751,0.14866555756650923,-2.6246141903598557
0.582391195597799,0.32906662686170757,0.3918427547595168,0.06277612789780923,-0.010671730518643119,-0.1287229875721212,0.07319952903542287,0.1480803112520371,-2.6245366047079535
0.5848674337168586,0.3292105948101094,0.3918427547595168,0.0626321599494074,-0.011271695086222389,-0.12821651841682724,0.07292262157308466,0.14750316719319592,-2.6244711836290846
0.5873436718359181,0.3293550996094327,0.3918427547595168,0.06248765515008409,-0.011864299966571679,-0.12771789781932397,0.07264804794560531,0.14693399978798047,-2.6244178530199247
0.5898199099549776,0.3295001391245164,0.3918427547595168,0.062342615635000376,-0.012449668909191858,-0.12722700299127998,0.07237577589563765,0.1463726860675814,-2.624376539400392
0.5922961480740371,0.32964571117975794,0.3918427547595168,0.06219704357975886,-0.013027923071352365,-0.12674371373354276,0.07210577366499032,0.14581910563021927,-2.6243471699130425
0.5947723861930967,0.32979181355851983,0.3918427547595168,0.06205094120099697,-0.01359918108254321,-0.12626791237150325,0.0718380099837051,0.14527314057690272,-2.6243296723223764
0.5972486243121562,0.32993844400252403,0.3918427547595168,0.061904310756992764,-0.014163559107050805,-0.1257994836923304,0.07157245405939783,0.1447346754490489,-2.624323975014081
0.5997248624312157,0.3300856002112334,0.3918427547595168,0.0617571545482834,-0.014721170904734682,-0.1253383148840007,0.07130907556685984,0.14420359716789674,-2.624330006994139
0.6022011005502752,0.33023327984123957,0.3918427547595168,0.06160947491827723,-0.015272127890050391,-0.12488429547608193,0.0710478446379077,0.14367979497566666,-2.624347697887893
0.6046773386693347,0.3303814805056263,0.3918427547595168,0.061461274253890474,-0.015816539189382528,-0.12443731728219776,0.0707887318514735,0.14316316037839544,-2.6243769779390242
0.6071535767883943,0.33053019977333814,0.3918427547595168,0.06131255498617866,-0.01635451169674529,-0.12399727434412544,0.07053170822393617,0.14265358709040155,-2.6244177780084272
0.6096298149074538,0.3306794351685361,0.3918427547595168,0.0611633195909807,-0.016886150127892186,-0.12356406287747845,0.07027674519967453,0.1421509709803258,-2.6244700295730716
0.6121060530265133,0.3308291841699449,0.3918427547595168,0.06101357058957191,-0.017411557072907424,-0.1231375812189045,0.07002381464185176,0.1416552100186884,-2.624533664724699
0.6145822911455728,0.3309794442101931,0.3918427547595168,0.0608633105493237,-0.017930833047299144,-0.12271772977477702,0.06977288882340599,0.14116620422692736,-2.6246086161685636
0.6170585292646324,0.33113021267514503,0.3918427547595168,0.06071254208437177,-0.01844407654166902,-0.12230441097130651,0.06952394041825877,0.14068385562785743,-2.624694817222024
0.619534767383692,0.3312814869032286,0.3918427547595168,0.06056126785628818,-0.01895138406998853,-0.12189752920604346,0.06927694249272315,0.1402080681975124,-2.62479220181312
0.6220110055027515,0.33143326418474445,0.3918427547595168,0.06040949057477235,-0.019452850216528983,-0.12149699080071852,0.0690318684971114,0.13973874781832119,-2.6249007044790718
0.624487243621811,0.33158554176118005,0.3918427547595168,0.06025721299833675,-0.019948567681490614,-0.12110270395538492,0.06878869225753503,0.13927580223358063,-2.625020260364741
0.6269634817408706,0.3317383168245052,0.3918427547595168,0.06010443793501158,-0.02043862732537105,-0.12071457870381375,0.06854738796789273,0.1388191410031774,-2.625150805221017
0.6294397198599301,0.3318915865164643,0.3918427547595168,0.05995116824305252,-0.020923118212109126,-0.12033252687011109,0.06830793018203851,0.1383686754605256,-2.625292275403183
0.6319159579789896,0.33204534792785867,0.3918427547595168,0.05979740683165813,-0.02140212765104682,-0.11995646202651228,0.06807029380612944,0.13792431867067848,-2.6254446078692073
0.6343921960980491,0.33219959809781796,0.3918427547595168,0.05964315666169884,-0.021875741237743607,-0.11958629945231891,0.06783445409114269,0.1374859853895772,-2.625607740178015
0.6368684342171087,0.33235433401306913,0.3918427547595168,0.05948842074644767,-0.022344042893680915,-0.11922195609394304,0.06760038662556161,0.13705359202440295,-2.625781610487702
0.6393446723361682,0.33250955260718934,0.3918427547595168,0.05933320215232746,-0.022807114904886683,-0.11886335052602426,0.06736806732822415,0.13662705659499752,-2.625966157553717
0.6418209104552277,0.3326652507598559,0.3918427547595168,0.059177503999660874,-0.02326503795951912,-0.11851040291358528,0.06713747244132862,0.13620629869631756,-2.6261613207270096
0.6442971485742872,0.33282142529608105,0.3918427547595168,0.059021329463435745,-0.023717891184437567,-0.11816303497519359,0.06690857852359489,0.13579123946189198,-2.62636703995213
0.6467733866933467,0.33297807298544335,0.3918427547595168,0.058864681774073446,-0.0241657521807912,-0.11782116994710184,0.06668136244357364,0.13538180152825227,-2.6265832557653157
0.6492496248124063,0.333135190541313,0.3918427547595168,0.05870756421820378,-0.0246086970586587,-0.11748473254833441,0.06645580137310181,0.1349779090003058,-2.6268099092925454
0.6517258629314658,0.333292774620051,0.3918427547595168,0.058549980139465774,-0.02504680047076474,-0.11715364894668584,0.06623187278090115,0.1345794874176179,-2.6270469422475347
0.6542021010505253,0.3334508218202238,0.3918427547595168,0.05839193293929301,-0.025480135645301383,-0.11682784672561786,0.06600955442631129,0.13418646372158635,-2.627294296929762
0.6566783391695848,0.3336093286817867,0.3918427547595168,0.05823342607773008,-0.025908774417883418,-0.11650725485201036,0.06578882435316041,0.13379876622346815,-2.6275519162224152
0.6591545772886445,0.33376829168527195,0.3918427547595168,0.05807446307424485,-0.026332787262660695,-0.11619180364475462,0.06556966088376409,0.13341632457324343,-2.6278197435903565
0.661630815407704,0.33392770725095966,0.3918427547595168,0.05791504750855714,-0.02675224332261622,-0.1158814247441533,0.06535204261305366,0.13303906972928384,-2.6280977230780294
0.6641070535267635,0.33408757173804415,0.3918427547595168,0.057755183021472645,-0.027167210439068834,-0.11557605108211189,0.065135948402824,0.1326669339288064,-2.6283857993073982
0.666583291645823,0.3342478814437844,0.3918427547595168,0.057594873315732376,-0.027577755180410723,-0.11527561685308851,0.06492135737610655,0.13229985065908506,-2.6286839174758176
0.6690595297648826,0.3344086326026528,0.3918427547595168,0.057434122156864,-0.027983942870096645,-0.11498005748578843,0.06470824891165622,0.1319377546294012,-2.628992023353922
0.6715357678839421,0.33456982138546615,0.3918427547595168,0.05727293337405065,-0.028385837613910225,-0.11468930961557428,0.06449660263855372,0.13158058174370774,-2.6293100632834903
0.6740120060030016,0.3347314438985136,0.3918427547595168,0.057111310861003184,-0.028783502326527488,-0.11440331105757479,0.0642863984309191,0.13122826907398838,-2.6296379841752935
0.6764882441220611,0.3348934961826693,0.3918427547595168,0.05694925857684752,-0.029176998757396155,-0.11412200078047102,0.06407761640273124,0.13088075483428951,-2.629975733506958
0.6789644822411207,0.3350559742124971,0.3918427547595168,0.05678678054701969,-0.029566387515957304,-0.11384531888093508,0.06387023690275745,0.13053797835540487,-2.6303232593207677
0.6814407203601802,0.33521887389534666,0.3918427547595168,0.05662388086417014,-0.029951728096216546,-0.11357320655871322,0.06366424050957958,0.1301998800601972,-2.63068051022153
0.6839169584792397,0.3353821910704349,0.3918427547595168,0.05646056368908192,-0.030333078900697807,-0.11330560609232043,0.06345960802672523,0.12986640143953204,-2.6310474353743687
0.6863931965982992,0.3355459215079218,0.3918427547595168,0.05629683325159501,-0.030710497263785552,-0.11304246081534047,0.06325632047789334,0.12953748502881215,-2.6314239845025575
0.6888694347173587,0.3357100609079747,0.3918427547595168,0.056132693851542126,-0.031084039474479408,-0.11278371509330826,0.06305435910227514,0.12921307438509153,-2.6318101078853364
0.6913456728364183,0.33587460489981863,0.3918427547595168,0.05596814985969817,-0.03145376079857676,-0.11252931430115626,0.06285370534996854,0.12889311406475162,-2.6322057563557144
0.6938219109554778,0.33603954904078137,0.3918427547595168,0.05580320571873543,-0.03181971550029783,-0.11227920480121395,0.06265434087748128,0.12857754960172701,-2.632610881298291
0.6962981490745374,0.3362048888153241,0.3918427547595168,0.05563786594419268,-0.03218195686337094,-0.11203333392173975,0.06245624754332174,0.12826632748626088,-2.633025434647073
0.6987743871935969,0.3363706196340606,0.3918427547595168,0.05547213512545618,-0.03254053721159361,-0.11179164993597018,0.0622594074036768,0.12795939514417654,-2.633449368883277
0.7012506253126565,0.3365367368327727,0.3918427547595168,0.05530601792674411,-0.032895507928881074,-0.11155410204167748,0.06206380270817036,0.12765670091665257,-2.6338826370331674
0.703726863431716,0.3367032356714037,0.3918427547595168,0.0551395190881131,-0.03324691947882075,-0.11132064034121042,0.061869415895705715,0.12735819404048146,-2.6343251926658606
0.7062031015507755,0.3368701113330506,0.3918427547595168,0.05497264342646618,-0.03359482142374348,-0.11109121582201581,0.06167622959038527,0.1270638246288046,-2.634776989891164
0.708679339669835,0.3370373589229413,0.3918427547595168,0.05480539583657551,-0.0339392624433259,-0.11086578033761957,0.0614842265975073,0.12677354365230523,-2.6352379833574124
0.7111555777888946,0.3372049734673987,0.3918427547595168,0.054637781292118104,-0.03428029035273772,-0.11064428658905623,0.06129338989963945,0.12648730292084828,-2.635708128249299
0.7136318159079541,0.33737294991279937,0.3918427547595168,0.05446980484671743,-0.034617952120345186,-0.11042668810673645,0.061103702652763686,0.12620505506555516,-2.636187380285737
0.7161080540270136,0.3375412831245144,0.3918427547595168,0.054301471635002374,-0.034952293884983776,-0.11021293923273617,0.06091514818249358,0.12592675352129884,-2.6366756957177118
0.7185842921460731,0.33770996788584456,0.3918427547595168,0.054132786873672234,-0.03528336097281198,-0.11000299510349931,0.0607277099803617,0.1256523525096105,-2.637173031326149
0.7210605302651327,0.3378789988969398,0.3918427547595168,0.05396375586257701,-0.035611197913757,-0.10979681163294008,0.06054137170017326,0.12538180702198334,-2.6376793444198023
0.7235367683841922,0.33804837077371047,0.3918427547595168,0.05379438398580633,-0.0359358484575642,-0.10959434549593439,0.060356117154428096,0.12511507280356465,-2.638194592833136
0.7260130065032517,0.33821807804672505,0.3918427547595168,0.05362467671279175,-0.03625735558946061,-0.10939555411218968,0.06017193031080548,0.12485210633722385,-2.638718734924236
0.7284892446223112,0.3383881151600983,0.3918427547595168,0.053454639599418485,-0.03657576154544351,-0.10920039563048234,0.05998879528871323,0.12459286482798687,-2.639251729572724
0.7309654827413707,0.33855847647036463,0.3918427547595168,0.053284278289152165,-0.036891107827203506,-0.10900882891325211,0.0598066963558975,0.124337306187826,-2.6397935361776863
0.7334417208604304,0.33872915624534333,0.3918427547595168,0.053113598514173466,-0.03720343521669117,-0.10882081352154552,0.059625617925112145,0.12408538902079665,-2.6403441146556332
0.7359179589794899,0.3389001486629895,0.3918427547595168,0.05294260609652729,-0.03751278379034104,-0.10863630970029439,0.05944554455084852,0.12383707260850925,-2.640903425438441
0.7383941970985494,0.3390714478102363,0.3918427547595168,0.052771306949280505,-0.037819192932954326,-0.10845527836392704,0.05926646092611934,0.1235923168959306,-2.641471429471353
0.7408704352176089,0.339243047681819,0.3918427547595168,0.05259970707769779,-0.0381227013512585,-0.10827768108229377,0.05908835187930131,0.12335108247750017,-2.6420480882109536
0.7433466733366685,0.33941494217909607,0.3918427547595168,0.05242781258042073,-0.03842334708714487,-0.10810348006690798,0.05891120237102923,0.1231133305835592,-2.642633363623199
0.745822911455728,0.33958712510885103,0.3918427547595168,0.05225562965066577,-0.038721167530596734,-0.10793263815748627,0.05873499749114561,0.12287902306707904,-2.6432272181814387
0.7482991495747875,0.33975959018208596,0.3918427547595168,0.05208316457743084,-0.03901619943231588,-0.1077651188087832,0.05855972245570043,0.12264812239068246,-2.6438296148644658
0.750775387693847,0.33993233101280046,0.3918427547595168,0.05191042374671634,-0.03930847891605305,-0.10760088607771212,0.05838536260400165,0.12242059161395005,-2.6444405171545924
0.7532516258129066,0.3401053411167623,0.3918427547595168,0.05173741364275447,-0.03959804149065288,-0.10743990461074404,0.05821190339571558,0.12219639438100414,-2.6450598890357333
0.7557278639319661,0.3402786139102621,0.3918427547595168,0.0515641408492547,-0.03988492206181973,-0.10728213963157598,0.05803933040801518,0.1219754949083615,-2.6456876949915165
0.7582041020510256,0.3404521427088584,0.3918427547595168,0.051390612050658424,-0.04016915494361076,-0.10712755692906359,0.057867629332774645,0.12175785797304896,-2.6463239000034195
0.7606803401700851,0.34062592072610826,0.3918427547595168,0.05121683403340854,-0.040450773869664586,-0.1069761228454083,0.05769678597381078,0.12154344890097375,-2.6469684695489155
0.7631565782891447,0.34079994107228984,0.3918427547595168,0.05104281368722696,-0.04072981200417203,-0.10682780426459473,0.057526786244168654,0.12133223355554301,-2.6476213695996544
0.7656328164082042,0.3409741967531056,0.3918427547595168,0.05086855800641121,-0.04100630195259514,-0.10668256860106812,0.05735761616345164,0.12112417832652346,-2.6482825666196494
0.7681090545272637,0.34114868066838183,0.3918427547595168,0.050694074091134966,-0.04128027577214108,-0.10654038378865041,0.05718926185519277,0.12091925011913832,-2.6489520275635123
0.7705852926463232,0.3413233856107496,0.3918427547595168,0.0505193691487672,-0.04155176498199811,-0.10640121826968219,0.05702170954426952,0.12071741634339092,-2.6496297198746848
0.7730615307653828,0.3414983042643146,0.3918427547595168,0.0503444504952022,-0.04182080057333834,-0.10626504098438946,0.05685494555435833,0.12051864490361242,-2.6503156114837103
0.7755377688844424,0.3416734292033176,0.3918427547595168,0.050169325556199185,-0.042087413019093384,-0.10613182136046756,0.05668895630542911,0.12032290418822614,-2.651009670806528
0.7780140070035019,0.341848752890779,0.3918427547595168,0.049994001868737814,-0.04235163228351055,-0.10600152930287457,0.05652372831127908,0.12013016305972231,-2.6517118667427835
0.7804902451225614,0.3420242676771325,0.3918427547595168,0.04981848708238429,-0.04261348783149174,-0.10587413518383162,0.05635924817710408,0.11994039084483868,-2.6524221686741756
0.7829664832416209,0.3421999657988469,0.3918427547595168,0.049642788960669926,-0.042873008637724336,-0.10574960983302192,0.05619550259710737,0.11975355732494074,-2.6531405464628204
0.7854427213606805,0.3423758393770353,0.3918427547595168,0.04946691538248149,-0.04313022319560553,-0.10562792452798542,0.05603247835214448,0.11956963272659711,-2.6538669704496485
0.78791895947974,0.3425518804160506,0.3918427547595168,0.049290874343466184,-0.04338515952596905,-0.10550905098470073,0.055870162307404686,0.11938858771234344,-2.6546014114528123
0.7903951975987995,0.3427280808020707,0.3918427547595168,0.04911467395744612,-0.04363784518561564,-0.10539296134835308,0.05570854141012521,0.11921039337163132,-2.6553438407661436
0.792871435717859,0.3429044323016715,0.3918427547595168,0.048938322457845296,-0.04388830727565443,-0.105279628184281,0.05554760268734091,0.11903502121195735,-2.656094230157625
0.7953476738369186,0.3430809265603833,0.3918427547595168,0.048761828199133495,-0.04413657244966043,-0.10516902446909501,0.055387333243667486,0.11886244315016489,-2.6568525518678743
0.7978239119559781,0.34325755510124256,0.3918427547595168,0.048585199658274236,-0.04438266692164897,-0.10506112358197015,0.055227720259115126,0.11869263150391889,-2.6576187786086933
0.8003001500750376,0.3434343093233227,0.3918427547595168,0.0484084454361941,-0.04462661647387697,-0.10495589929609886,0.055068750986936615,0.11852555898334366,-2.6583928835616
0.8027763881940971,0.3436111805002602,0.3918427547595168,0.048231574259256615,-0.0448684464644708,-0.10485332577030809,0.05491041275150427,0.11836119868282391,-2.659174840376427
0.8052526263131566,0.34378815977876404,0.3918427547595168,0.04805459498075276,-0.04510818183488685,-0.10475337754083086,0.05475269294621854,0.11819952407296205,-2.6599646231699237
0.8077288644322163,0.3439652381771146,0.3918427547595168,0.04787751658240219,-0.04534584711720965,-0.10465602951322983,0.05459557903144632,0.11804050899268834,-2.6607622065243968
0.8102051025512758,0.3441424065836495,0.3918427547595168,0.047700348175867324,-0.04558146644128963,-0.1045612569544693,0.054439058532487705,0.11788412764152,-2.661567565486379
0.8126813406703353,0.3443196557552398,0.3918427547595168,0.04752309900427698,-0.04581506354172557,-0.10446903548513153,0.05428311903757227,0.11773035457196633,-2.662380675565323
0.8151575787893948,0.3444969763157503,0.3918427547595168,0.04734577844376647,-0.046046661764696045,-0.10437934107177133,0.05412774819588262,0.117579164682073,-2.6632015127323285
0.8176338169084544,0.34467435875449204,0.3918427547595168,0.04716839600502476,-0.04627628407464149,-0.10429215001940931,0.05397293371560535,0.11743053320810609,-2.6640300534188994
0.8201100550275139,0.34485179342466055,0.3918427547595168,0.04699096133485625,-0.046503953060802794,-0.10420743896415585,0.053818663362009356,0.11728443571736855,-2.6648662745157257
0.8225862931465734,0.34502927054176125,0.3918427547595168,0.04681348421775555,-0.04672969094361888,-0.10412518486596418,0.053664924955550086,0.1171408481011472,-2.665710153371495
0.8250625312656329,0.3452067801820284,0.3918427547595168,0.046635974577488415,-0.04695351958098554,-0.10404536500151049,0.05351170636999916,0.11699974656778772,-2.666561667791748
0.8275387693846925,0.34538431228082545,0.3918427547595168,0.04645844247869135,-0.04717546047438134,-0.10396795695719378,0.05335899553060042,0.116861107635892,-2.66742079603774
0.830015007503752,0.34556185663103933,0.3918427547595168,0.046280898128477466,-0.04739553477486118,-0.10389293862225615,0.05320678041224955,0.1167249081276367,-2.6682875168253557
0.8324912456228115,0.3457394028814618,0.3918427547595168,0.04610335187805498,-0.04761376328892254,-0.10382028818201819,0.05305504903769867,0.11659112516220914,-2.669161809324041
0.834967483741871,0.34591694053515726,0.3918427547595168,0.04592581422435954,-0.04783016648424644,-0.10374998411122571,0.052903789475784696,0.11645973614935651,-2.6700436531557705
0.8374437218609306,0.34609445894782337,0.3918427547595168,0.04574829581169343,-0.04804476449531639,-0.1036820051675071,0.052752989839681214,0.11633071878304749,-2.6709330283940425
0.8399199599799901,0.346271947326138,0.3918427547595168,0.045570807433378824,-0.04825757712891797,-0.10361633038493621,0.05260263828517271,0.11620405103524134,-2.6718299155629137
0.8423961980990496,0.3464493947260968,0.3918427547595168,0.04539336003341998,-0.04846862386952262,-0.10355293906769851,0.05245272300895265,0.1160797111497629,-2.6727342956360527
0.8448724362181091,0.34662679005133834,0.3918427547595168,0.04521596470817846,-0.04867792388455716,-0.10349181078385782,0.05230323224694235,0.11595767763627995,-2.6736461500358346
0.8473486743371687,0.3468041220514608,0.3918427547595168,0.045038632708056026,-0.04888549602956273,-0.10343292535922084,0.05215415427263266,0.11583792926438091,-2.6745654606324627
0.8498249124562283,0.3469813793203278,0.3918427547595168,0.044861375439189,-0.0490913588532451,-0.10337626287129678,0.05200547739544645,0.11572044505775005,-2.675492209743126
0.8523011505752878,0.34715855029436193,0.3918427547595168,0.044684204465154864,-0.04929553060241952,-0.10332180364334852,0.05185718995912282,0.11560520428843685,-2.67642638013118
0.8547773886943473,0.3473356232508316,0.3918427547595168,0.04450713150868518,-0.049498029226851856,-0.10326952823853458,0.05170928034012155,0.1154921864712188,-2.6773679550053675
0.8572536268134068,0.34751258630612586,0.3918427547595168,0.04433016845339094,-0.049698872383998935,-0.1032194174541377,0.051561736946047945,0.11538137135805325,-2.678316918019071
0.8597298649324664,0.3476894274140207,0.3918427547595168,0.044153327345496096,-0.049898077443650005,-0.10317145231587845,0.0514145482140982,0.11527273893261758,-2.679273253269594
0.8622061030515259,0.34786613436393565,0.3918427547595168,0.043976620395581145,-0.05009566149247244,-0.10312561407231101,0.051267702609524485,0.11516626940493416,-2.6802369452974717
0.8646823411705854,0.3480426947791811,0.3918427547595168,0.043800059980335704,-0.05029164133846252,-0.10308188418929935,0.05112118862411898,0.11506194320607868,-2.6812079790858245
0.8671585792896449,0.3482190961151971,0.3918427547595168,0.04362365864431972,-0.050486033515304826,-0.10304024434457097,0.0509749947747178,0.11495974098296932,-2.6821863400597357
0.8696348174087045,0.3483953256577834,0.3918427547595168,0.04344742910173338,-0.05067885428664204,-0.10300067642234599,0.0508291096017241,0.11485964359323471,-2.683172014085659
0.872111055527764,0.3485713705213214,0.3918427547595168,0.043271384238195376,-0.05087011965025601,-0.1029631625080403,0.050683521667649015,0.11476163210015865,-2.68416498747087
0.8745872936468235,0.3487472176469872,0.3918427547595168,0.043095537112529614,-0.051059845342164,-0.10292768488303938,0.050538219555671726,0.11466568776769943,-2.685165246962941
0.877063531765883,0.3489228538009587,0.3918427547595168,0.04291990095855808,-0.051248046840630904,-0.10289422601954179,0.05039319186821789,0.11457179205558221,-2.686172779749252
0.8795397698849426,0.3490982655726132,0.3918427547595168,0.0427444891869036,-0.05143473937009946,-0.10286276857546937,0.050248427225555906,0.1144799266144618,-2.6871875734565327
0.8820160080040021,0.34927343937271815,0.3918427547595168,0.042569315386798645,-0.05161993790504053,-0.10283329538944319,0.05010391426441109,0.11439007328115466,-2.688209616150442
0.8844922461230617,0.3494483614316174,0.3918427547595168,0.042394393327899405,-0.05180365717372509,-0.10280578947582283,0.049959641636597316,0.11430221407393835,-2.689238896335177
0.8869684842421212,0.34962301779740806,0.3918427547595168,0.042219736962108734,-0.051985911661920584,-0.1027802340198066,0.04981559800766694,0.11421633118791585,-2.6902754029531146
0.8894447223611807,0.34979739433411255,0.3918427547595168,0.04204536042540424,-0.05216671561651126,-0.10275661237259212,0.04967177205557685,0.11413240699044394,-2.691319125384491
0.8919209604802403,0.3499714767198452,0.3918427547595168,0.04187127803967161,-0.052346083049047296,-0.102734908046594,0.049528152469373185,0.11405042401662348,-2.6923700534471044
0.8943971985992998,0.3501452504449732,0.3918427547595168,0.04169750431454361,-0.05252402773922088,-0.10271510471071875,0.049384727947891394,0.11397036496485023,-2.6934281773960693
0.8968734367183593,0.3503187008102727,0.3918427547595168,0.04152405394924408,-0.05270056323827413,-0.10269718618569286,0.04924148719847493,0.11389221269242439,-2.6944934879235833
0.8993496748374188,0.3504918129250799,0.3918427547595168,0.04135094183443688,-0.05287570287233827,-0.10268113643944453,0.0490984189357096,0.11381595021121718,-2.6955659761587416
0.9018259129564784,0.3506645717054386,0.3918427547595168,0.04117818305407822,-0.05304945974570609,-0.10266693958253637,0.04895551188017497,0.11374156068339367,-2.6966456336673805
0.9043021510755379,0.350836961872244,0.3918427547595168,0.041005792887272796,-0.05322184674404003,-0.10265457986364748,0.04881275475721243,0.11366902741718936,-2.6977324524519544
0.9067783891945974,0.3510089679493842,0.3918427547595168,0.04083378681013261,-0.05339287653751634,-0.10264404166510413,0.04867013629570986,0.11359833386274029,-2.698826424951447
0.9092546273136569,0.35118057426187804,0.3918427547595168,0.040662180497638756,-0.053562561583907195,-0.1026353094984565,0.04852764522690242,0.11352946360796418,-2.699927544041317
0.9117308654327165,0.35135176493400927,0.3918427547595168,0.04049098982550753,-0.053730914131602275,-0.1026283680001006,0.04838527028319002,0.11346240037449157,-2.701035803033477
0.914207103551776,0.3515225238874636,0.3918427547595168,0.04032023087205322,-0.0538979462225711,-0.10262320192694421,0.048243000196971225,0.1133971280136465,-2.7021511956763047
0.9166833416708355,0.35169283483946023,0.3918427547595168,0.040149919920056565,-0.05406366969526714,-0.10261979615211504,0.048100823699492826,0.11333363050247414,-2.7032737161546927
0.919159579789895,0.351862681300885,0.3918427547595168,0.039980073458631804,-0.05422809618747592,-0.10261813566070946,0.04795872951971675,0.11327189193981498,-2.7044033590901257
0.9216358179089545,0.352032046574423,0.3918427547595168,0.0398107081850938,-0.0543912371391073,-0.10261820554558129,0.04781670638320226,0.11321189654242414,-2.705540119540797
0.9241120560280142,0.35220091375269325,0.3918427547595168,0.03964184100682355,-0.054553103794933666,-0.10261999100316915,0.047674743011004606,0.11315362864113483,-2.7066839930017594
0.9265882941470737,0.35236926571638116,0.3918427547595168,0.039473489043135634,-0.054713707207276224,-0.10262347732935984,0.047532828118590886,0.11309707267706418,-2.707834975405101
0.9290645322661332,0.35253708513237775,0.3918427547595168,0.03930566962713905,-0.054873058238638285,-0.10262864991538914,0.0473909504147704,0.11304221319786131,-2.708993063120172
0.9315407703851927,0.3527043544519185,0.3918427547595168,0.0391384003075983,-0.055031167564289385,-0.10263549424377649,0.04724909860064297,0.11298903485399617,-2.71015825295383
0.9340170085042523,0.35287105590872303,0.3918427547595168,0.03897169885079377,-0.05518804567479992,-0.10264399588429213,0.04710726136856308,0.11293752239508663,-2.7113305421507214
0.9364932466233118,0.35303717151714714,0.3918427547595168,0.03880558324236966,-0.055343702878526774,-0.10265414048995972,0.04696542740111956,0.11288766066626689,-2.712509928393613
0.9389694847423713,0.3532026830703299,0.3918427547595168,0.03864007168918687,-0.055498149304053536,-0.10266591379308676,0.046823585370133355,0.11283943460459064,-2.7136964098037333
0.9414457228614308,0.3533675721383516,0.3918427547595168,0.03847518262116517,-0.05565139490258354,-0.10267930160132743,0.04668172393567031,0.11279282923547267,-2.7148899849411676
0.9439219609804904,0.35353182006639805,0.3918427547595168,0.03831093469311875,-0.05580344945028879,-0.10269428979377448,0.04653983174507138,0.11274782966916608,-2.71609065280528
0.9463981990995499,0.3536954079729298,0.3918427547595168,0.03814734678658699,-0.05595432255061466,-0.1027108643170786,0.04639789743199939,0.11270442109727402,-2.7172984128351683
0.9488744372186094,0.35385831674786017,0.3918427547595168,0.03798443801165663,-0.056104023636542606,-0.10272901118159539,0.04625590961550259,0.11266258878929551,-2.7185132649101535
0.9513506753376689,0.35402052705074255,0.3918427547595168,0.03782222770877425,-0.05625256197281026,-0.10274871645755901,0.046113856899094946,0.11262231808920496,-2.719735209350311
0.9538269134567285,0.3541820193089668,0.3918427547595168,0.03766073545054999,-0.05639994665809156,-0.10276996627128057,0.045971727869853984,0.11258359441206367,-2.7209642469170228
0.956303151575788,0.35434277371596606,0.3918427547595168,0.037499981043550734,-0.05654618662713672,-0.10279274680137161,0.04582951109753518,0.11254640324066334,-2.722200378813578
0.9587793896948476,0.3545027702294356,0.3918427547595168,0.037339984530081194,-0.05669129065287357,-0.10281704427499087,0.04568719513370418,0.11251073012220032,-2.723443606685798
0.961255627813907,0.35466198856956305,0.3918427547595168,0.03718076618995375,-0.05683526734847104,-0.10284284496411386,0.04554476851088642,0.11247656066498028,-2.7246939326226993
0.9637318659329666,0.3548204082172741,0.3918427547595168,0.03702234654224268,-0.05697812516936566,-0.10287013518182475,0.045402219741734196,0.11244388053515236,-2.7259513591571927
0.9662081040520262,0.3549780084124887,0.3918427547595168,0.03686474634702808,-0.057119872415252064,-0.10289890127862888,0.04525953731821189,0.11241267545347201,-2.7272158892668124
0.9686843421710857,0.3551347681523972,0.3918427547595168,0.0367079866071196,-0.05726051723203845,-0.10292912963878638,0.04511670971079912,0.11238293119209256,-2.728487526374484
0.9711605802901452,0.35529066618975014,0.3918427547595168,0.03655208856976666,-0.0574000676137676,-0.10296080667666514,0.04497372536771212,0.11235463357138417,-2.7297662743493234
0.9736368184092047,0.3554456810311674,0.3918427547595168,0.03639707372834938,-0.057538531404504614,-0.10299391883311311,0.04483057271414347,0.11232776845678008,-2.7310521375074743
0.9761130565282643,0.35559979093546334,0.3918427547595168,0.036242963824053454,-0.05767591630019234,-0.10302845257184816,0.04468724015152115,0.11230232175564889,-2.7323451206129716
0.9785892946473238,0.3557529739119951,0.3918427547595168,0.03608978084752168,-0.05781222985047425,-0.10306439437586702,0.04454371605678549,0.11227827941419381,-2.7336452288786512
0.9810655327663833,0.35590520771902995,0.3918427547595168,0.03593754704048685,-0.0579474794604876,-0.10310173074387,0.04439998878168632,0.1122556274143766,-2.7349524679670836
0.9835417708854428,0.356056469862135,0.3918427547595168,0.03578628489738178,-0.05808167239262538,-0.1031404481867029,0.0442560466520989,0.11223435177086692,-2.736266843991546
0.9860180090045024,0.3562067375925918,0.3918427547595168,0.035636017166924994,-0.058214815768269645,-0.10318053322381487,0.04411187796735983,0.11221443852801657,-2.7375883635170317
0.9884942471235619,0.35635598790583467,0.3918427547595168,0.03548676685368213,-0.05834691656949606,-0.10322197237973132,0.04396747099962321,0.11219587375685758,-2.738917033561287
0.9909704852426214,0.35650419753991497,0.3918427547595168,0.03533855721960183,-0.05847798164075062,-0.10326475218054204,0.04382281399323633,0.11217864355212427,-2.740252861595889
0.9934467233616809,0.35665134297399187,0.3918427547595168,0.03519141178552493,-0.05860801769049942,-0.10330885915040308,0.04367789516413714,0.11216273402929859,-2.7415958555473505
0.9959229614807406,0.35679740042685726,0.3918427547595168,0.03504535433265954,-0.05873703129285239,-0.10335427980805381,0.0435327026992714,0.11214813132167932,-2.7429460237982672
0.9983991995998001,0.35694234585548246,0.3918427547595168,0.03490040890403434,-0.05886502888916084,-0.10340100066334602,0.04338722475603199,0.11213482157747307,-2.744303375188492
1.0008754377188596,0.3570861549536047,0.3918427547595168,0.034756599805912114,-0.05899201678959113,-0.10344900821378714,0.043241449461719546,0.11212279095690869,-2.7456679190163475
1.003351675837919,0.35722880315034067,0.3918427547595168,0.03461395160917613,-0.059118001174673224,-0.10349828894109547,0.04309536491302468,0.11211202562937325,-2.747039665039871
1.0058279139569786,0.35737026560883917,0.3918427547595168,0.03447248915067763,-0.05924298809682667,-0.10354882930776839,0.04294895917553317,0.11210251177057082,-2.748418623478093
1.008304152076038,0.3575105172249677,0.3918427547595168,0.034332237534549115,-0.05936698348186345,-0.10360061575366195,0.042802220283253416,0.11209423555970244,-2.74980480501235
1.0107803901950976,0.3576495326260363,0.3918427547595168,0.03419322213348047,-0.05948999313046892,-0.1036536346925825,0.04265513623816684,0.11208718317666795,-2.7511982207876318
1.013256628314157,0.3577872861695653,0.3918427547595168,0.03405546858995151,-0.05961202271966136,-0.1037078725088901,0.042507695009802185,0.11208134079928989,-2.7525988824139622
1.0157328664332166,0.3579237519420873,0.3918427547595168,0.03391900281742949,-0.05973307780423091,-0.10376331555411229,0.0423598845348334,0.11207669460055779,-2.754006801967813
1.0182091045522763,0.35805890375799687,0.3918427547595168,0.03378385100151993,-0.05985316381815849,-0.10381995014356916,0.04221169271670183,0.1120732307458942,-2.755421991993551
1.0206853426713358,0.3581927151584454,0.3918427547595168,0.03365003960107138,-0.059972286076015305,-0.10387776255300993,0.04206310742526333,0.11207093539044258,-2.75684446550492
1.0231615807903953,0.3583251594102785,0.3918427547595168,0.033517595349238316,-0.06009044977434372,-0.10393673901525888,0.04191411649646024,0.11206979467637512,-2.7582742359865544
1.0256378189094548,0.3584562095050235,0.3918427547595168,0.033386545254493305,-0.06020765999301991,-0.10399686571687247,0.04176470773201919,0.11206979473022241,-2.7597113173955288
1.0281140570285143,0.3585858381579291,0.3918427547595168,0.033256916601587694,-0.06032392169659923,-0.1040581287948071,0.04161486889917497,0.11207092166022452,-2.761155724162938
1.0305902951475738,0.3587140178070534,0.3918427547595168,0.03312873695246338,-0.06043923973564469,-0.10412051433309634,0.04146458773042091,0.11207316155370246,-2.762607471195512
1.0330665332666333,0.35884072061240696,0.3918427547595168,0.03300203414710984,-0.06055361884803903,-0.1041840083595389,0.04131385192328639,0.1120765004744514,-2.764066573877262
1.0355427713856928,0.3589659184551529,0.3918427547595168,0.03287683630436389,-0.06066706366028175,-0.10424859684239669,0.04116264914014179,0.11208092446015504,-2.7655330480711604
1.0380190095047526,0.35908958293686405,0.3918427547595168,0.03275317182265275,-0.060779578688770305,-0.10431426568710334,0.041010967008031425,0.11208641951982151,-2.7670069101208563
1.040495247623812,0.359211685378839,0.3918427547595168,0.03263106938067778,-0.0608911683410678,-0.10438100073298234,0.04085879311853542,0.11209297163124073,-2.768488176852417
1.0429714857428716,0.3593321968214818,0.3918427547595168,0.03251055793803498,-0.06100183691715621,-0.10444878774997624,0.04070611502766007,0.11210056673846336,-2.76997686557611
1.045447723861931,0.3594510880237439,0.3918427547595168,0.03239166673577287,-0.06111158861067672,-0.10451761243538547,0.04055292025575853,0.11210919074930188,-2.7714729940882084
1.0479239619809906,0.35956832946263445,0.3918427547595168,0.03227442529688235,-0.061220427510157334,-0.10458746041061864,0.040399196287481114,0.11211882953285389,-2.7729765806728364
1.05040020010005,0.35968389133279616,0.3918427547595168,0.03215886342672064,-0.06132835760022848,-0.10465831721795246,0.04024493057175681,0.11212946891704736,-2.7744876441038424
1.0528764382191096,0.35979774354615585,0.3918427547595168,0.03204501121336095,-0.061435382762827034,-0.1047301683173035,0.0400901105218055,0.11214109468620904,-2.7760062036467064
1.0553526763381693,0.3599098557316431,0.3918427547595168,0.03193289902787372,-0.061541506778389626,-0.1048029990830102,0.039934723515183033,0.11215369257865543,-2.7775322790604737
1.0578289144572288,0.36002019723498974,0.3918427547595168,0.03182255752452706,-0.06164673332703533,-0.1048767948006272,0.039778756893857764,0.11216724828430757,-2.779065890599728
1.0603051525762883,0.36012873711860094,0.3918427547595168,0.03171401764091586,-0.061751065989738785,-0.10495154066373015,0.03962219796432084,0.11218174744232876,-2.7806070590165888
1.0627813906953478,0.36023544416151154,0.3918427547595168,0.031607310598005256,-0.061854508249493914,-0.1050272217707335,0.03946503399772989,0.11219717563878696,-2.782155805562745
1.0652576288144073,0.3603402868594225,0.3918427547595168,0.03150246790009431,-0.06195706349246916,-0.10510382312172,0.03930725223008735,0.11221351840434159,-2.783712151991513
1.0677338669334668,0.36044323342482154,0.3918427547595168,0.03139952133469526,-0.06205873500915442,-0.10518132961528287,0.0391488398624534,0.11223076121195473,-2.785276120559933
1.0702101050525263,0.360544251787194,0.3918427547595168,0.031298502972322784,-0.06215952599550033,-0.10525972604538149,0.03898978406119466,0.11224888947462844,-2.7868477340308866
1.0726863431715858,0.360643309593321,0.3918427547595168,0.03119944516619577,-0.06225943955405055,-0.10533899709821029,0.038830071958269034,0.11226788854316762,-2.7884270156752557
1.0751625812906456,0.36074037420767185,0.3918427547595168,0.031102380551844944,-0.062358478695067804,-0.10541912734908157,0.03866969065154761,0.11228774370396917,-2.790013989274098
1.077638819409705,0.36083541271289193,0.3918427547595168,0.031007342046624864,-0.0624566463376534,-0.10550010125932327,0.038508627205174034,0.1123084401768386,-2.7916086791208627
1.0801150575287646,0.3609283919103868,0.3918427547595168,0.030914362849130017,-0.06255394531086152,-0.10558190317319142,0.0383468686499618,0.11232996311283376,-2.793211110023631
1.082591295647824,0.36101927832101,0.3918427547595168,0.030823476438506803,-0.06265037835480879,-0.10566451731479878,0.038184401983831176,0.11235229759213748,-2.7948213073073838
1.0850675337668836,0.3611080381858505,0.3918427547595168,0.030734716573666276,-0.06274594812177911,-0.10574792778505895,0.03802121417228482,0.11237542862195808,-2.7964392968163003
1.087543771885943,0.3611946374671304,0.3918427547595168,0.030648117292386423,-0.06284065717732466,-0.10583211855864853,0.03785729214892455,0.11239934113446068,-2.7980651049160854
1.0900200100050026,0.36127904184920917,0.3918427547595168,0.030563712910307628,-0.06293450800136352,-0.10591707348098636,0.037692622816008256,0.11242401998472804,-2.799698758496322
1.092496248124062,0.36136121673969973,0.3918427547595168,0.030481538019817067,-0.06302750298927445,-0.10600277626523075,0.03752719304504931,0.11244944994875238,-2.801340284972853
1.0949724862431216,0.36144112727070127,0.3918427547595168,0.03040162748881553,-0.06311964445298923,-0.10608921048929709,0.03736098967745777,0.11247561572145978,-2.8029897122901897
1.0974487243621813,0.3615187383001476,0.3918427547595168,0.03032401645936922,-0.0632109346220831,-0.10617635959289418,0.03719399952522487,0.11250250191476632,-2.8046470689239458
1.0999249624812408,0.36159401441327804,0.3918427547595168,0.030248740346238756,-0.06330137564486382,-0.1062642068745823,0.03702620937165159,0.11253009305566845,-2.8063123838833004
1.1024012006003003,0.3616669199242315,0.3918427547595168,0.030175834835285298,-0.06339096958946003,-0.10635273548885263,0.036857605972121524,0.11255837358436742,-2.807985686713483
1.1048774387193598,0.3617374188777658,0.3918427547595168,0.030105335881751016,-0.06347971844490884,-0.1064419284432293,0.03668817605491909,0.11258732785242878,-2.8096670074982857
1.1073536768384193,0.36180547505110927,0.3918427547595168,0.030037279708407527,-0.06356762412224387,-0.10653176859539523,0.03651790632209381,0.1126169401209785,-2.8113563768626015
1.1098299149574788,0.3618710519559442,0.3918427547595168,0.029971702803572586,-0.06365468845558378,-0.10662223865034272,0.03634678345037144,0.11264719455893622,-2.8130538259749867
1.1123061530765384,0.3619341128405246,0.3918427547595168,0.029908641918992174,-0.06374091320322162,-0.1067133211575491,0.03617479409211247,0.11267807524128617,-2.8147593865502407
1.1147823911955979,0.3619946206919361,0.3918427547595168,0.02984813406758069,-0.0638263000487161,-0.10680499850817997,0.036001924876318855,0.112709566147388,-2.816473090852022
1.1172586293146576,0.36205253823849576,0.3918427547595168,0.02979021652102104,-0.0639108506019847,-0.10689725293231966,0.03582816240969013,0.11274165115932734,-2.818194971695473
1.119734867433717,0.3621078279522985,0.3918427547595168,0.029734926807218287,-0.06399456640039908,-0.10699006649623129,0.03565349327772866,0.11277431406030823,-2.819925062449877
1.1222111055527766,0.36216045205191283,0.3918427547595168,0.02968230270760397,-0.06407744890988386,-0.10708342109964668,0.03547790404589588,0.11280753853308763,-2.8216633970413305
1.124687343671836,0.3622103725052245,0.3918427547595168,0.029632382254292322,-0.06415949952601839,-0.10717729847308759,0.035301381260819484,0.11284130815845339,-2.8234100099554413
1.1271635817908956,0.36225755103244195,0.3918427547595168,0.02958520372707485,-0.06424071957514274,-0.10727168017522072,0.03512391145155273,0.11287560641374804,-2.8251649362400455
1.129639819909955,0.36230194910925384,0.3918427547595168,0.029540805650262958,-0.06432111031546778,-0.10736654759024554,0.03494548113088641,0.11291041667143735,-2.826928211507939
1.1321160580290146,0.36234352797015335,0.3918427547595168,0.029499226789363453,-0.06440067293819024,-0.10746188192531887,0.03476607679671448,0.11294572219772746,-2.828699871939635
1.134592296148074,0.36238224861192186,0.3918427547595168,0.029460506147594934,-0.06447940856861278,-0.10755766420801523,0.0345856849334534,0.1129815061512293,-2.830479954286137
1.1370685342671336,0.3624180717972867,0.3918427547595168,0.02942468296223011,-0.06455731826726992,-0.1076538752838265,0.03440429201351688,0.11301775158167415,-2.83226849587173
1.1395447723861933,0.3624509580587465,0.3918427547595168,0.0293917967007703,-0.06463440303106005,-0.10775049581370096,0.03422188449884614,0.11305444142867963,-2.834065534596784
1.1420210105052528,0.36248086770257254,0.3918427547595168,0.029361887056944258,-0.06471066379438391,-0.1078475062716237,0.03403844884249651,0.11309155852056849,-2.8358711089405797
1.1444972486243123,0.3625077608129888,0.3918427547595168,0.029334993946528,-0.06478610143029001,-0.1079448869422405,0.03385397149028106,0.11312908557324171,-2.837685257964146
1.1469734867433719,0.36253159725653333,0.3918427547595168,0.029311157502983465,-0.06486071675162768,-0.10804261791852583,0.033668438882472174,0.11316700518910679,-2.839508021313112
1.1494497248624314,0.36255233668660247,0.3918427547595168,0.029290418072914326,-0.06493451051220755,-0.10814067909949722,0.0334818374555615,0.11320529985606273,-2.841339439220571
1.1519259629814909,0.3625699385481869,0.3918427547595168,0.029272816211329877,-0.06500748340797069,-0.10823905018797803,0.03329415364407928,0.11324395194654407,-2.843179552509961
1.1544022011005504,0.362584362082795,0.3918427547595168,0.02925839267672181,-0.06507963607816589,-0.10833771068840932,0.03310537388247321,0.11328294371662408,-2.8450284025979506
1.1568784392196099,0.362595566333575,0.3918427547595168,0.029247188425941817,-0.06515096910653645,-0.10843663990471418,0.0329154846070482,0.11332225730518024,-2.8468860314973417
1.1593546773386694,0.3626035101506304,0.3918427547595168,0.029239244608886383,-0.06522148302251599,-0.10853581693821426,0.032724472257967194,0.1133618747331219,-2.8487524818199748
1.161830915457729,0.36260815219654147,0.3918427547595168,0.02923460256297533,-0.06529117830243426,-0.10863522068560272,0.03253232328131351,0.11340177790268324,-2.8506277967796505
1.1643071535767886,0.3626094509520862,0.3918427547595168,0.02923330380743061,-0.06536005537073315,-0.10873482983697332,0.03233902413121638,0.11344194859678203,-2.852512020195049
1.166783391695848,0.36260736472217414,0.3918427547595168,0.029235390037342657,-0.06542811460119319,-0.10883462287390971,0.032144561272038796,0.11348236847844695,-2.854405196492664
1.1692596298149076,0.36260185164198644,0.3918427547595168,0.02924090311753036,-0.06549535631817084,-0.10893457806763487,0.031948921180629294,0.11352301909031358,-2.8563073707097386
1.1717358679339671,0.36259286968333254,0.3918427547595168,0.029249885076184257,-0.06556178079784733,-0.10903467347722441,0.03175209034863827,0.11356388185419268,-2.8582185884972
1.1742121060530266,0.3625803766612235,0.3918427547595168,0.029262378098293296,-0.06562738826948897,-0.10913488694788469,0.031554055284898734,0.11360493807071072,-2.8601388961226046
1.1766883441720861,0.3625643302406639,0.3918427547595168,0.029278424518852875,-0.06569217891671926,-0.10923519610929852,0.031354802517872364,0.11364616891902551,-2.8620683404730802
1.1791645822911456,0.3625446879436698,0.3918427547595168,0.029298066815847013,-0.0657561528788036,-0.10933557837404044,0.031154318598161826,0.11368755545661852,-2.864006969058267
1.1816408204102054,0.3625214071565096,0.3918427547595168,0.029321347603007197,-0.06581931025194637,-0.1094360109360634,0.030952590101088962,0.11372907861916502,-2.8659548300132567
1.1841170585292649,0.3624944451371772,0.3918427547595168,0.029348309622339586,-0.06588165109060105,-0.10953647076925983,0.03074960362934014,0.11377071922048503,-2.867911972101534
1.1865932966483244,0.3624637590230941,0.3918427547595168,0.02937899573642272,-0.06594317540879355,-0.10963693462609848,0.030545345815678596,0.1138124579525756,-2.8698784447179047
1.1890695347673839,0.36242930583904914,0.3918427547595168,0.029413448920467655,-0.0660038831814589,-0.10973737903634026,0.030339803325724543,0.11385427538572741,-2.8718542978914274
1.1915457728864434,0.36239104250537363,0.3918427547595168,0.02945171225414317,-0.06606377434579205,-0.10983778030583438,0.030132962860803355,0.11389615196872672,-2.873839582288329
1.1940220110055029,0.3623489258463566,0.3918427547595168,0.029493828913160214,-0.06612284880261236,-0.10993811451539803,0.029924811160862135,0.11393806802914482,-2.8758343492149137
1.1964982491245624,0.362302912598905,0.3918427547595168,0.029539842160611784,-0.06618110641774268,-0.11003835751978171,0.02971533500745494,0.11398000377371716,-2.8778386506204656
1.1989744872436219,0.36225295942144764,0.3918427547595168,0.029589795338069158,-0.06623854702340286,-0.11013848494672256,0.02950452122679699,0.11402193928881382,-2.8798525391001313
1.2014507253626814,0.3621990229030863,0.3918427547595168,0.02964373185643049,-0.06629517041961817,-0.11023847219608798,0.029292356692888405,0.1140638545410029,-2.881876067897791
1.203926963481741,0.3621410595729985,0.3918427547595168,0.029701695186518273,-0.06635097637564258,-0.11033829443911265,0.029078828330706886,0.11410572937770934,-2.883909290908916
1.2064032016008006,0.3620790259100915,0.3918427547595168,0.029763728849425297,-0.0664059646313973,-0.11043792661773078,0.028863923119470714,0.11414754352797087,-2.885952262683403
1.2088794397198601,0.36201287835291107,0.3918427547595168,0.029829876406605726,-0.0664601348989249,-0.11053734344400647,0.028647628095970948,0.11418927660329276,-2.888005038428391
1.2113556778389196,0.36194257330980695,0.3918427547595168,0.02990018144970985,-0.06651348686385886,-0.11063651939966486,0.02842993035797391,0.1142309080986038,-2.890067674011053
1.2138319159579791,0.3618680671693572,0.3918427547595168,0.029974687590159588,-0.06656602018690877,-0.11073542873572648,0.028210817067693374,0.11427241739331506,-2.8921402259613704
1.2163081540770386,0.36178931631105016,0.3918427547595168,0.03005343844846664,-0.06661773450536182,-0.11083404547224697,0.027990275455332964,0.11431378375248334,-2.8942227514748695
1.2187843921960981,0.36170627711623216,0.3918427547595168,0.030136477643284643,-0.0666686294345998,-0.11093234339816604,0.027768292822698104,0.11435498632808165,-2.8963153084153395
1.2212606303151576,0.36161890597931623,0.3918427547595168,0.03022384878020057,-0.0667187045696327,-0.1110302960712672,0.027544856546878323,0.1143960041603786,-2.898417955317513
1.2237368684342174,0.3615271593192559,0.3918427547595168,0.030315595440260912,-0.06676795948664838,-0.11112787681825095,0.027319954083998694,0.11443681617942783,-2.9005307513897147
1.2262131065532769,0.36143099359128517,0.3918427547595168,0.030411761168231632,-0.06681639374457839,-0.11122505873492493,0.027093572973041265,0.11447740120667053,-2.902653756516476
1.2286893446723364,0.3613303652989258,0.3918427547595168,0.030512389460590983,-0.0668640068866805,-0.1113218146865129,0.026865700839735416,0.11451773795665228,-2.9047870312611086
1.2311655827913959,0.3612252310062637,0.3918427547595168,0.030617523753253106,-0.06691079844213751,-0.11141811730808589,0.026636325400517497,0.11455780503885643,-2.906930636868237
1.2336418209104554,0.3611155473504908,0.3918427547595168,0.030727207409026014,-0.06695676792767247,-0.11151393900511741,0.026405434466558884,0.11459758095965543,-2.909084635266288
1.2361180590295149,0.3610012710547218,0.3918427547595168,0.030841483704795003,-0.06700191484918039,-0.11160925195416647,0.026173015947862442,0.11463704412438273,-2.9112490890699356
1.2385942971485744,0.3608823589410753,0.3918427547595168,0.03096039581844151,-0.06704623870337643,-0.11170402810369001,0.02593905785742661,0.11467617283952622,-2.9134240615824916
1.241070535267634,0.3607587679440281,0.3918427547595168,0.031083986815488684,-0.0670897389794606,-0.11179823917498846,0.025703548315476693,0.11471494531504589,-2.915609616798249
1.2435467733866934,0.3606304551240408,0.3918427547595168,0.031212299635476004,-0.0671324151607986,-0.11189185666328648,0.025466475553763142,0.11475333966681694,-2.9178058194047654
1.2460230115057531,0.36049737768144946,0.3918427547595168,0.03134537707806734,-0.06717426672661905,-0.11198485183895171,0.02522782791992522,0.11479133391920021,-2.9200127347850935
1.2484992496248126,0.3603594929706313,0.3918427547595168,0.0314832617888855,-0.06721529315372696,-0.11207719574885447,0.02498759388192054,0.11482890600774194,-2.922230429019944
1.2509754877438721,0.3602167585144355,0.3918427547595168,0.03162599624508128,-0.0672554939182331,-0.1121688592178705,0.024745762032518596,0.11486603378200402,-2.924458968889789
1.2534517258629316,0.36006913201888646,0.3918427547595168,0.031773622740630336,-0.0672948684972995,-0.11225981285053038,0.0245023210938582,0.11490269500852725,-2.926698421876892
1.2559279639819911,0.3599165713881516,0.3918427547595168,0.03192618337136521,-0.06733341637090039,-0.1123500270328173,0.0242572599220673,0.11493886737392844,-2.9289488561672727
1.2584042021010506,0.3597590347397741,0.3918427547595168,0.03208372001974269,-0.06737113702359898,-0.11243947193411577,0.0240105675119449,0.11497452848813285,-2.931210340652588
1.2608804402201101,0.35959648042017434,0.3918427547595168,0.03224627433934246,-0.0674080299463393,-0.11252811750931517,0.0237622330017029,0.11500965588774476,-2.933482944931942
1.2633566783391696,0.35942886702041194,0.3918427547595168,0.03241388773910486,-0.06744409463825335,-0.11261593350106938,0.023512245677767933,0.1150442270395564,-2.9357667393136113
1.2658329164582294,0.35925615339220546,0.3918427547595168,0.03258660136731134,-0.06747933060848277,-0.11270288944221474,0.023260594979641024,0.1150782193441964,-2.9380617948166785
1.2683091545772889,0.3590782986642176,0.3918427547595168,0.03276445609529921,-0.06751373737801537,-0.11278895465835069,0.023007270504814263,0.11511161013992109,-2.940368183172582
1.2707853926963484,0.3588952622585901,0.3918427547595168,0.03294749250092671,-0.06754731448153546,-0.11287409827058359,0.02275226201374267,0.11514437670654767,-2.942685976826569
1.2732616308154079,0.3587070039077344,0.3918427547595168,0.033135750851782386,-0.0675800614692883,-0.11295828919843677,0.022495559434870326,0.11517649626953175,-2.945015248939048
1.2757378689344674,0.3585134836713745,0.3918427547595168,0.03332927108814232,-0.06761197790895773,-0.11304149616293012,0.022237152869708655,0.11520794600419076,-2.9473560733868402
1.278214107053527,0.358314661953832,0.3918427547595168,0.033528092805684806,-0.06764306338755716,-0.11312368768982962,0.021977032597965573,0.1152387030400731,-2.949708524764322
1.2806903451725864,0.3581104995215577,0.3918427547595168,0.033732255237959086,-0.06767331751333272,-0.11320483211307063,0.021715189082723407,0.11526874446547485,-2.952072678384456
1.283166583291646,0.3579009575209032,0.3918427547595168,0.033941797238613625,-0.067702739917679,-0.11328489757835687,0.02145161297566425,0.11529804733210573,-2.954448610279706
1.2856428214107054,0.35768599749612195,0.3918427547595168,0.034156757263394844,-0.06773133025706599,-0.11336385204693619,0.021186295122340267,0.1153265886599033,-2.956836397202831
1.2881190595297651,0.3574655814076075,0.3918427547595168,0.03437717335190932,-0.06775908821497742,-0.11344166329955656,0.020919226567487438,0.11535434544199812,-2.9592361166275487
1.2905952976488246,0.3572396716503526,0.3918427547595168,0.03460308310916421,-0.06778601350385949,-0.11351829894060315,0.020650398560380333,0.11538129464982919,-2.9616478467490728
1.2930715357678841,0.35700823107262913,0.3918427547595168,0.034834523686887664,-0.06781210586707956,-0.11359372640241909,0.020379802560225656,0.11540741323841126,-2.9640716664845117
1.2955477738869436,0.3567712229948839,0.3918427547595168,0.0350715317646329,-0.06783736508089422,-0.11366791294981132,0.020107430241592714,0.1154326781517539,-2.9665076554731225
1.2980240120060031,0.356528611228842,0.3918427547595168,0.0353141435306748,-0.06786179095642592,-0.11374082568474324,0.019833273499877853,0.11545706632843268,-2.968955894076424
1.3005002501250627,0.35628036009681296,0.3918427547595168,0.03556239466270383,-0.06788538334164776,-0.11381243155121624,0.019557324456800865,0.11548055470731367,-2.97141646337815
1.3029764882441222,0.35602643445119153,0.3918427547595168,0.03581632030832527,-0.06790814212337543,-0.11388269734034075,0.019279575465930544,0.1155031202334299,-2.973889445184048
1.3054527263631817,0.3557667996941505,0.3918427547595168,0.036075955065366316,-0.06793006722926564,-0.1139515896955995,0.019000019118236688,0.11552473986401189,-2.9763749220215123
1.3079289644822414,0.35550142179751093,0.3918427547595168,0.03634133296200587,-0.06795115862982046,-0.11401907511830271,0.01871864824766584,0.11554539057466984,-2.9788729771390474
1.310405202601301,0.35523026732278895,0.3918427547595168,0.03661248743672785,-0.06797141634039637,-0.11408511997323778,0.018435455936738357,0.11556504936572942,-2.9813836945055527
1.3128814407203604,0.3549533034414072,0.3918427547595168,0.03688945131810961,-0.06799084042321757,-0.11414969049451376,0.018150435522162674,0.11558369326871966,-2.983907158809427
1.31535767883942,0.3546704979550656,0.3918427547595168,0.03717225680445119,-0.06800943098939252,-0.1142127527916022,0.017863580600465237,0.11560129935301314,-2.9864434554574815
1.3178339169584794,0.35438181931625756,0.3918427547595168,0.037460935443259236,-0.06802718820093248,-0.11427427285557405,0.017574885033631627,0.1156178447326171,-2.9889926705736585
1.320310155077539,0.35408723664892955,0.3918427547595168,0.03775551811058725,-0.06804411227277186,-0.11433421656553472,0.01728434295475665,0.11563330657311603,-2.991554890997545
1.3227863931965984,0.3537867197692669,0.3918427547595168,0.0380560349902499,-0.06806020347478847,-0.11439254969525675,0.016991948773698997,0.11564766209876357,-2.9941302042826807
1.325262631315658,0.3534802392066032,0.3918427547595168,0.03836251555291359,-0.06807546213382352,-0.11444923792001095,0.01669769718273838,0.11566088859972373,-2.9967186986946435
1.3277388694347174,0.35316776622443724,0.3918427547595168,0.03867498853507956,-0.06808988863569973,-0.11450424682359636,0.01640158316223027,0.11567296343945993,-2.999320463208917
1.3302151075537771,0.3528492728415503,0.3918427547595168,0.03899348191796648,-0.06810348342723671,-0.11455754190556874,0.016103601986255368,0.11568386406227045,-3.0019355875085227
1.3326913456728366,0.35252473185321215,0.3918427547595168,0.03931802290630465,-0.0681162470182626,-0.114609088588668,0.015803749228260226,0.11569356800096921,-3.0045641619814147
1.3351675837918962,0.35219411685246227,0.3918427547595168,0.03964863790705453,-0.06812817998362061,-0.11465885222644356,0.01550202076668453,0.11570205288470962,-3.0072062777176263
1.3376438219109557,0.3518574022514579,0.3918427547595168,0.0399853525080589,-0.06813928296516936,-0.1147067981110785,0.015198412790571724,0.11570929644695079,-3.009862026506166
1.3401200600300152,0.35151456330287384,0.3918427547595168,0.04032819145664296,-0.06814955667377605,-0.11475289148141042,0.014892921805158827,0.1157152765335629,-3.012531500831645
1.3425962981490747,0.3511655761213435,0.3918427547595168,0.04067717863817327,-0.06815900189130077,-0.11479709753114956,0.014585544637441376,0.1157199711110708,-3.0152147938706375
1.3450725362681342,0.35081041770492766,0.3918427547595168,0.04103233705458914,-0.06816761947257126,-0.11483938141729257,0.014276278441709131,0.11572335827503283,-3.017911999487762
1.3475487743871937,0.35044906595659575,0.3918427547595168,0.04139368880292105,-0.06817541034734628,-0.1148797082687306,0.013965120705048753,0.11572541625855244,-3.0206232122314716
1.3500250125062534,0.35008149970571073,0.3918427547595168,0.04176125505380607,-0.06818237552226665,-0.11491804319505133,0.01365206925280869,0.1157261234409205,-3.02334852732955
1.352501250625313,0.3497076987294974,0.3918427547595168,0.04213505603001938,-0.0681885160827924,-0.11495435129553203,0.013337122254022116,0.11572545835638465,-3.0260880406843
1.3549774887443724,0.34932764377448616,0.3918427547595168,0.042515110985030635,-0.0681938331951249,-0.11498859766832363,0.013020278226783349,0.11572339970304386,-3.0288418488674194
1.357453726863432,0.34894131657791133,0.3918427547595168,0.04290143818160547,-0.06819832810811216,-0.11502074741982203,0.01270153604357322,0.11571992635186339,-3.0316100491145495
1.3599299649824914,0.34854869988905585,0.3918427547595168,0.04329405487046095,-0.0682020021551364,-0.11505076567422637,0.0123808949365289,0.1157150173558087,-3.034392739319492
1.362406203101551,0.34814977749051856,0.3918427547595168,0.043692977268998234,-0.06820485675598198,-0.1150786175832801,0.012058354502653303,0.11570865195909286,-3.0371900180280806
1.3648824412206104,0.3477445342193978,0.3918427547595168,0.04409822054011897,-0.06820689341868243,-0.11510426833619394,0.01173391470895945,0.11570080960653505,-3.0400019844317008
1.36735867933967,0.3473329559883661,0.3918427547595168,0.04450979877115069,-0.06820811374134497,-0.11512768316974667,0.011407575897544752,0.11569146995302555,-3.0428287383604458
1.3698349174587294,0.34691502980662847,0.3918427547595168,0.044927724952888326,-0.06820851941395148,-0.11514882737856173,0.011079338790591024,0.1156806128730934,-3.0456703802758947
1.3723111555777892,0.3464907438007389,0.3918427547595168,0.04535201095877789,-0.06820811222013329,-0.11516766632555549,0.010749204495284215,0.1156682184705718,-3.0485270112635146
1.3747873936968487,0.3460600872352649,0.3918427547595168,0.04578266752425192,-0.06820689403891952,-0.11518416545255426,0.010417174508650002,0.1156542670883572,-3.0513987330246573
1.3772636318159082,0.3456230505332815,0.3918427547595168,0.04621970422623528,-0.06820486684645662,-0.11519829029107698,0.010083250722299365,0.11563873931825784,-3.0542856478681597
1.3797398699349677,0.34517962529667295,0.3918427547595168,0.046663129462843844,-0.06820203271769745,-0.11521000647327787,0.009747435427079933,0.11562161601092513,-3.0571878587015195
1.3822161080540272,0.344729804326229,0.3918427547595168,0.04711295043328778,-0.06819839382805883,-0.11521927974304652,0.009409731317626902,0.11560287828586423,-3.060105469021649
1.3846923461730867,0.3442735816415179,0.3918427547595168,0.04756917311799891,-0.06819395245504552,-0.11522607596726078,0.009070141496809785,0.11558250754151816,-3.0630385829051856
1.3871685842921462,0.3438109525005145,0.3918427547595168,0.048031802259002276,-0.06818871097983904,-0.11523036114718714,0.008728669480068701,0.11556048546541962,-3.065987304998349
1.3896448224112057,0.3433419134189673,0.3918427547595168,0.048500841340549494,-0.06818267188884992,-0.11523210143002405,0.008385319199635477,0.11553679404440442,-3.0689517405063436
1.3921210605302654,0.3428664621894847,0.3918427547595168,0.04897629257003211,-0.06817583777523134,-0.11523126312058335,0.0080400950086348,0.11551141557488155,-3.071931995182277
1.394597298649325,0.34238459790032405,0.3918427547595168,0.04945815685919275,-0.06816821134035281,-0.1152278126931041,0.00769300168505933,0.11548433267315272,-3.0749281753155975
1.3970735367683844,0.3418963209538613,0.3918427547595168,0.0499464338056555,-0.0681597953952323,-0.11522171680319365,0.007344044435614599,0.11545552828577607,-3.0779403877200266
1.399549774887444,0.34140163308472454,0.3918427547595168,0.050441121674792255,-0.06815059286192457,-0.1152129422998895,0.006993228899427601,0.11542498569996644,-3.080968739720988
1.4020260130065034,0.3409005373775692,0.3918427547595168,0.050942217381947597,-0.06814060677486485,-0.11520145623783606,0.006640561151614766,0.11539268855402578,-3.084013339142502
1.404502251125563,0.34039303828448053,0.3918427547595168,0.05144971647503627,-0.06812984028216548,-0.11518722588957078,0.0062860477067034765,0.11535862084779774,-3.0870742942935525
1.4069784892446224,0.3398791416419793,0.3918427547595168,0.0519636131175375,-0.06811829664686439,-0.11517021875791204,0.005929695521902279,0.11532276695313802,-3.0901517139538934
1.409454727363682,0.33935885468761245,0.3918427547595168,0.052483900071904344,-0.06810597924812317,-0.11515040258844238,0.005571512000214919,0.11528511162439362,-3.093245707359301
1.4119309654827414,0.33883218607610954,0.3918427547595168,0.053010568683407255,-0.06809289158237364,-0.11512774538208034,0.0052115049933926585,0.11524564000888397,-3.096356384186244
1.4144072036018012,0.3382991458950877,0.3918427547595168,0.053543608864429104,-0.06807903726441118,-0.1151022154077335,0.004849682804720208,0.11520433765737591,-3.0994838545359635
1.4168834417208607,0.337759745680279,0.3918427547595168,0.0540830090792378,-0.06806442002843248,-0.11507378121502496,0.004486054191630312,0.11516119053454456,-3.1026282289179528
1.4193596798399202,0.3372139984302684,0.3918427547595168,0.05462875632924841,-0.06804904372901728,-0.11504241164708606,0.004120628368141928,0.11511618502941252,-3.105789618232813
1.4218359179589797,0.3366619186207168,0.3918427547595168,0.05518083613879998,-0.06803291234205139,-0.11500807585340705,0.0037534150071169177,0.11506930796575897,-3.1089681337544857
1.4243121560780392,0.3361035222180535,0.3918427547595168,0.05573923254146329,-0.06801602996559006,-0.1149707433027378,0.0033844242423313672,0.11502054661249053,-3.112163887111833
1.4267883941970987,0.3355388266926165,0.3918427547595168,0.05630392806690032,-0.06799840082065985,-0.11493038379602988,0.003013666670355755,0.11496988869396517,-3.11537699026956
1.4292646323161582,0.3349678510312214,0.3918427547595168,0.0568749037282954,-0.06798002925199753,-0.1148869674794121,0.0026411533522399874,0.11491732240026106,-3.118607555508467
1.4317408704352177,0.3343906157491414,0.3918427547595168,0.05745213901037538,-0.06796091972872445,-0.11484046485718985,0.0022668958149987296,0.11486283639738101,-3.1218556954050074
1.4342171085542774,0.33380714290147945,0.3918427547595168,0.05803561185803735,-0.067941076844955,-0.11479084680486064,0.0018909060528926568,0.11480641983738474,-3.125121522810149
1.436693346673337,0.33321745609391007,0.3918427547595168,0.05862529866560673,-0.0679205053203374,-0.11473808458213469,0.0015131965285008903,0.1147480623684381,-3.128405150827514
1.4391695847923964,0.33262158049277674,0.3918427547595168,0.05922117426674006,-0.06789921000052586,-0.1146821498459535,0.0011337801735811677,0.11468775414477231,-3.1317066927907913
1.441645822911456,0.33201954283452595,0.3918427547595168,0.05982321192499085,-0.06787719585758216,-0.11462301466349549,0.0007526703897129706,0.11462548583654271,-3.135026262240399
1.4441220610305154,0.3314113714344563,0.3918427547595168,0.060431383325060484,-0.06785446799030571,-0.11456065152515917,0.0003698810487202109,0.11456124863957776,-3.1383639728993904
1.446598299149575,0.3307970961947707,0.3918427547595168,0.061045658564746086,-0.06783103162449068,-0.11449503335751499,-1.4573507130376251e-05,0.11449503428500984,3.1414653685310068
1.4490745372686344,0.3301767486119073,0.3918427547595168,0.061666006147609476,-0.06780689211310863,-0.11442613353621447,-0.0004006784651591974,0.11442683504877704,3.1380910336787045
1.451550775387694,0.32955036178313923,0.3918427547595168,0.062292392976377564,-0.0677820549364158,-0.11435392589884774,-0.0007884185425351027,0.11435664376098738,3.1346982156047396
1.4540270135067535,0.32891797041242293,0.3918427547595168,0.06292478434709387,-0.06775652570198382,-0.11427838475773885,-0.0011777779867714576,0.11428445381513587,3.1312868001122136
1.4565032516258132,0.3282796108154765,0.3918427547595168,0.06356314394404028,-0.06773031014465225,-0.11419948491266814,-0.0015687405764602882,0.1142102591771639,3.127856672953998
1.4589794897448727,0.3276353209240792,0.3918427547595168,0.06420743383543759,-0.0677034141264025,-0.11411720166351191,-0.001961289622247262,0.11413405439435235,3.1244077198617033
1.4614557278639322,0.32698514028956954,0.3918427547595168,0.06485761446994726,-0.06767584363615174,-0.11403151082278827,-0.002355407968050685,0.11405583460403784,3.120939826575509
1.4639319659829917,0.32632911008553156,0.3918427547595168,0.06551364467398524,-0.06764760478946569,-0.11394238872809874,-0.002751077992526295,0.11397559554214282,3.1174528788748694
1.4664082041020512,0.3256672731096545,0.3918427547595168,0.06617548164986231,-0.06761870382818996,-0.11384981225445498,-0.0031482816107810535,0.11389333355150963,3.1139467626101176
1.4688844422211107,0.32499967378475064,0.3918427547595168,0.06684308097476616,-0.06758914711999828,-0.11375375882647995,-0.003547000276337812,0.11380904559002902,3.110421363734967
1.4713606803401702,0.32432635815891997,0.3918427547595168,0.06751639660059683,-0.06755894115785757,-0.11365420643047207,-0.003947214983352695,0.11372272923855267,3.106876568339937
1.4738369184592297,0.3236473739048483,0.3918427547595168,0.06819538085466847,-0.06752809255940867,-0.11355113362632233,-0.004348906269087124,0.11363438270858084,3.1033122626867122
1.4763131565782894,0.32296277031822646,0.3918427547595168,0.06887998444129034,-0.06749660806626222,-0.11344451955927315,-0.004752054216635836,0.11354400484971523,3.099728333243446
1.478789394697349,0.322272598315282,0.3918427547595168,0.06957015644423481,-0.06746449454320916,-0.11333434397150763,-0.0051566384579122895,0.11345159515686691,3.096124666721029
1.4812656328164084,0.3215769104294093,0.3918427547595168,0.07026584433010752,-0.06743175897734531,-0.11322058721355913,-0.005562638176892787,0.11335715377721062,3.092501150110326
1.483741870935468,0.32087576080689123,0.3918427547595168,0.07096699395262557,-0.06739840847710948,-0.11310323025552958,-0.005970032113119354,0.11326068151687513,3.088857670720402
1.4862181090545274,0.32016920520170106,0.3918427547595168,0.07167354955781574,-0.06736445027123483,-0.11298225469810586,-0.006378798565462921,0.11316217984736072,3.0851941162177465
1.488694347173587,0.31945730096938024,0.3918427547595168,0.07238545379013656,-0.06732989170761337,-0.11285764278336398,-0.006788915396146202,0.11306165091167482,3.0815103746665105
1.4911705852926465,0.31874010705997835,0.3918427547595168,0.07310264769953845,-0.06729474025207302,-0.11272937740534912,-0.0072003600350270085,0.11295909753017529,3.077806334569763
1.493646823411706,0.31801768401005664,0.3918427547595168,0.07382507074946015,-0.06725900348706756,-0.11259744212042246,-0.007613109484141383,0.11285452320611437,3.074081884911783
1.4961230615307655,0.31729009393374,0.3918427547595168,0.07455266082577677,-0.06722268911027893,-0.1124618211573621,-0.008027140322506367,0.11274793213087193,3.0703369152013975
1.4985992996498252,0.31655740051282244,0.3918427547595168,0.07528535424669436,-0.06718580493313243,-0.11232249942721012,-0.008442428711181282,0.11263932918887166,3.0665713155163754
1.5010755377688847,0.315819668985913,0.3918427547595168,0.07602308577360378,-0.06714835887922457,-0.11217946253285299,-0.008858950398586852,0.11252871996216962,3.0627849765488824
1.5035517758879442,0.3150769661366255,0.3918427547595168,0.0767657886228913,-0.06711035898266396,-0.11203269677832674,-0.009276680726080847,0.11241611073470804,3.0589777896520176
1.5060280140070037,0.31432936028080577,0.3918427547595168,0.07751339447871103,-0.06707181338632554,-0.1118821891778359,-0.009695594633788454,0.1123015084962255,3.0551496468874255
1.5085042521260632,0.3135769212527965,0.3918427547595168,0.07826583350672028,-0.0670327303400184,-0.11172792746447661,-0.010115666666685653,0.11218492094581536,3.0513004410740088
1.5109804902451227,0.3128197203907414,0.3918427547595168,0.07902303436877539,-0.06699311819856804,-0.11156990009865446,-0.010536870980933581,0.11206635649512559,3.0474300658377307
1.5134567283641822,0.31205783052092334,0.3918427547595168,0.07978492423859346,-0.06695298541981301,-0.1114080962761863,-0.010959181350461346,0.11194582427119064,3.04353841566253
1.5159329664832417,0.31129132594114595,0.3918427547595168,0.08055142881837085,-0.0669123405625174,-0.11124250593607851,-0.011382571173794452,0.11182333411889023,3.0396253859423465
1.5184092046023012,0.3105202824031534,0.3918427547595168,0.08132247235636342,-0.06687119228419908,-0.11107311976797085,-0.01180701348112629,0.11169889660302601,3.0356908730342607
1.520885442721361,0.30974477709409703,0.3918427547595168,0.08209797766541976,-0.06682954933887522,-0.11089992921923775,-0.012232480941629036,0.11157252301001022,3.0317347743127563
1.5233616808404205,0.30896488861705224,0.3918427547595168,0.08287786614246456,-0.06678742057472567,-0.11072292650173866,-0.012658945871000495,0.11144422534915994,3.02775698822511
1.52583791895948,0.3081806969705885,0.3918427547595168,0.08366205778892832,-0.0667448149316753,-0.11054210459820851,-0.013086380239243287,0.11131401635359012,3.023757414347902
1.5283141570785395,0.3073922835274013,0.3918427547595168,0.08445047123211552,-0.0667017414388964,-0.11035745726828013,-0.013514755678672018,0.11118190948069956,3.019735953444663
1.530790395197599,0.3065997310120156,0.3918427547595168,0.0852430237475012,-0.0666582092122324,-0.11016897905413202,-0.013944043492144061,0.1110479189122452,3.0156925075246437
1.5332666333166585,0.30580312347756267,0.3918427547595168,0.08603963128195413,-0.06661422745154418,-0.1099766652857517,-0.014374214661509573,0.1109120595539972,3.0116269799027147
1.535742871435718,0.30500254628164614,0.3918427547595168,0.08684020847787066,-0.06656980543798026,-0.1097805120858099,-0.014805239856275534,0.11077434703497242,3.007539275260394
1.5382191095547775,0.304198086061305,0.3918427547595168,0.0876446686982118,-0.06652495253117252,-0.10958051637413677,-0.015237089442478712,0.11063479770623957,3.0034292997079963
1.5406953476738372,0.30338983070708475,0.3918427547595168,0.08845292405243205,-0.06647967816635879,-0.10937667587179506,-0.015669733491762174,0.11049342863929315,2.9992969608478997
1.5431715857928967,0.30257786933623054,0.3918427547595168,0.08926488542328626,-0.0664339918514342,-0.10916898910474322,-0.016103141790649263,0.11035025762399152,2.995142167838932
1.5456478239119562,0.3017622922650138,0.3918427547595168,0.09008046249450302,-0.0663879031639328,-0.10895745540708253,-0.0165372838500098,0.11020530316605537,2.990964831461854
1.5481240620310157,0.3009431909802081,0.3918427547595168,0.09089956377930869,-0.06634142174794133,-0.10874207492388371,-0.0169721289147116,0.11005858448412431,2.986764864185947
1.5506003001500752,0.30012065810973076,0.3918427547595168,0.09172209664978603,-0.06629455731094712,-0.10852284861358744,-0.017407645973450923,0.10991012150636818,2.9825421802366874
1.5530765382691347,0.2992947873924625,0.3918427547595168,0.09254796736705428,-0.06624731962062202,-0.10829977824997344,-0.01784380376875563,0.10975993486665013,2.9782966956644934
1.5555527763881942,0.2984656736472684,0.3918427547595168,0.0933770811122484,-0.06619971850154441,-0.10807286642369607,-0.018280570807153538,0.10960804590024131,2.9740283284145415
1.5580290145072537,0.2976334127412317,0.3918427547595168,0.09420934201828512,-0.0661517638318613,-0.10784211654337962,-0.01871791536949922,0.10945447663908318,2.9697369983976225
1.5605052526263132,0.29679810155712455,0.3918427547595168,0.09504465320239225,-0.06610346553989305,-0.10760753283627272,-0.019155805521451602,0.10929924980659834,2.9654226275620394
1.562981490745373,0.2959598379601351,0.3918427547595168,0.09588291679938171,-0.0660548336006826,-0.10736912034845725,-0.019594209124094986,0.10914238881204802,2.9610851399665092
1.5654577288644325,0.2951187207638696,0.3918427547595168,0.09672403399564722,-0.06600587803249199,-0.10712688494461009,-0.020033093844695423,0.10898391774443651,2.956724461854065
1.567933966983492,0.29427484969564965,0.3918427547595168,0.09756790506386714,-0.06595660889324778,-0.1068808333073143,-0.02047242716758518,0.1088238613659614,2.952340521726923
1.5704102051025515,0.29342832536113744,0.3918427547595168,0.09841442939837935,-0.06590703627693917,-0.10663097293592101,-0.020912176405165895,0.10866224510501288,2.9479332504223037
1.572886443221611,0.29257924920829564,0.3918427547595168,0.09926350555122115,-0.06585717030996968,-0.10637731214495687,-0.02135230870902342,0.1084990950487193,2.943502581189166
1.5753626813406705,0.291727723490723,0.3918427547595168,0.10011503126879379,-0.06580702114746666,-0.10611986006208034,-0.021792791081144985,0.10833443793504421,2.939048449765843
1.57783891945973,0.2908738512303783,0.3918427547595168,0.10096890352913851,-0.06575659896954993,-0.10585862662558367,-0.022233590385230494,0.10816830114443393,2.9345707944585313
1.5803151575787895,0.2900177361797246,0.3918427547595168,0.1018250185797922,-0.06570591397756305,-0.10559362258144256,-0.022674673358088773,0.10800071269101957,2.930069556220619
1.5827913956978492,0.2891594827833179,0.3918427547595168,0.10268327197619892,-0.06565497639026967,-0.10532485947991307,-0.02311600662111046,0.10783170121337536,2.9255446787328006
1.5852676338169087,0.28829919613886845,0.3918427547595168,0.10354355862064835,-0.06560379644001779,-0.10505234967167841,-0.023557556691807615,0.10766129596483744,2.920996108483961
1.5877438719359682,0.28743698195779926,0.3918427547595168,0.10440577280171753,-0.06555238436887474,-0.10477610630354503,-0.023999289995412242,0.10748952680338518,2.916423794852765
1.5902201100550277,0.2865729465253358,0.3918427547595168,0.10526980823418097,-0.06550075042473591,-0.10449614331369317,-0.02444117287652275,0.10731642418109155,2.911827690189937
1.5926963481740872,0.2857071966601478,0.3918427547595168,0.10613555809936898,-0.06544890485740973,-0.10421247542648121,-0.02488317161079069,0.10714201913314407,2.9072077499011644
1.5951725862931467,0.2848398396735806,0.3918427547595168,0.10700291508593618,-0.06539685791468264,-0.10392511814680973,-0.025325252416637346,0.10696634326644412,2.902563932530595
1.5976488244122062,0.2839709833284998,0.3918427547595168,0.107871771431017,-0.06534461983836581,-0.10363408775404691,-0.02576738146699112,0.1067894287477882,2.8978961998448645
1.6001250625312657,0.28310073579778144,0.3918427547595168,0.10874201896173535,-0.06529220086032796,-0.1033394012955202,-0.026209524901036153,0.1066113082916376,2.893204516917613
1.6026013006503252,0.2822292056224791,0.3918427547595168,0.10961354913703769,-0.06523961119851614,-0.10304107657957831,-0.02665164883596253,0.1064320151474827,2.8884888522144356
1.605077538769385,0.281356501669698,0.3918427547595168,0.1104862530898188,-0.06518686105296825,-0.1027391321682288,-0.027093719378708806,0.10625158308680868,2.8837491776781987
1.6075537768884445,0.280482733090208,0.3918427547595168,0.1113600216693088,-0.06513396060181995,-0.10243358736935662,-0.027535702637686878,0.10607004638966994,2.878985468814681
1.610030015007504,0.2796080092758253,0.3918427547595168,0.1122347454836915,-0.06508091999730908,-0.1021244622285283,-0.027977564734480105,0.10588743983087952,2.8741977047784557
1.6125062531265635,0.2787324398165976,0.3918427547595168,0.11311031494291918,-0.06502774936178086,-0.10181177752039013,-0.028419271815504646,0.10570379866582351,2.869385868458968
1.614982491245623,0.2778561344578234,0.3918427547595168,0.11398662030169338,-0.06497445878369656,-0.10149555473966519,-0.028860790063624898,0.1055191586159073,2.8645499465667292
1.6174587293646825,0.27697920305693496,0.3918427547595168,0.11486355170258183,-0.06492105831364893,-0.10117581609175663,-0.029302085709713217,0.1053335558536421,2.8596899297195555
1.619934967483742,0.2761017555402835,0.3918427547595168,0.11574099921923331,-0.06486755796038737,-0.10085258448296583,-0.02974312504414484,0.10514702698738275,2.8548058125287894
1.6224112056028015,0.2752239018598519,0.3918427547595168,0.1166188528996649,-0.06481396768685593,-0.10052588351033123,-0.030183874428218405,0.10495960904572359,2.849897593685409
1.6248874437218612,0.2743457519499336,0.3918427547595168,0.1174970028095832,-0.06476029740624699,-0.10019573745109892,-0.0306243003054927,0.10477133946156528,2.844965276045973
1.6273636818409207,0.27346741568380534,0.3918427547595168,0.11837533907571146,-0.0647065569780737,-0.09986217125183057,-0.03106436921303061,0.10458225605585979,2.8400088667182892
1.6298399199599802,0.27258900283042864,0.3918427547595168,0.11925375192908816,-0.06465275620426442,-0.09952521051716001,-0.03150404779254142,0.10439239702104629,2.8350283771467484
1.6323161580790397,0.2717106230112131,0.3918427547595168,0.12013213174830367,-0.0645989048252814,-0.09918488149820696,-0.031943302801411985,0.10420180090418808,2.8300238231972172
1.6347923961980992,0.27083238565686885,0.3918427547595168,0.12101036910264795,-0.06454501251626743,-0.09884121108065701,-0.0323821011236179,0.10401050658982106,2.824995225241418
1.6372686343171587,0.26995439996438847,0.3918427547595168,0.12188835479512833,-0.0644910888832229,-0.09849422677251957,-0.03282040978050657,0.10381855328252691,2.8199426082406864
1.6397448724362182,0.26907677485418163,0.3918427547595168,0.12276597990533517,-0.06443714345921599,-0.09814395669157229,-0.033258195941443136,0.1036259804892414,2.8148660018290266
1.6422211105552778,0.26819961892739885,0.3918427547595168,0.12364313583211795,-0.06438318570062919,-0.09779042955250362,-0.033695426934310685,0.10343282800131032,2.8097654403953523
1.6446973486743373,0.2673230404234744,0.3918427547595168,0.12451971433604242,-0.06432922498344469,-0.09743367465376407,-0.03413207025585687,0.10323913587630562,2.8046409631648306
1.647173586793397,0.2664471471779197,0.3918427547595168,0.12539560758159712,-0.06427527059957114,-0.09707372186413775,-0.03456809358187897,0.10304494441961487,2.799492614279209
1.6496498249124565,0.26557204658039546,0.3918427547595168,0.12627070817912134,-0.06422133175321482,-0.09671060160904481,-0.03500346477723865,0.10285029416581543,2.794320442876037
1.652126063031516,0.2646978455330977,0.3918427547595168,0.12714490922641908,-0.06416741755729771,-0.09634434485658794,-0.035438151905700155,0.10265522585984906,2.7891245031666605
1.6546023011505755,0.2638246504094799,0.3918427547595168,0.1280181043500369,-0.06411353702992478,-0.0959749831033525,-0.03587212323958298,0.10245978043800713,2.7839048545128944
1.657078539269635,0.2629525670133472,0.3918427547595168,0.12889018774616962,-0.0640596990909031,-0.09560254835997493,-0.036305347269222826,0.10226399900874311,2.778661561502249
1.6595547773886945,0.2620817005383488,0.3918427547595168,0.12976105422116802,-0.0640059125583155,-0.09522707313648997,-0.03673779271223338,0.10206792283332426,2.7733946940216114
1.662031015507754,0.26121215552789434,0.3918427547595168,0.13063059923162246,-0.06395218614515065,-0.09484859042746956,-0.03716942852256207,0.10187159330633698,2.7681043273292523
1.6645072536268135,0.26034403583552596,0.3918427547595168,0.13149871892399084,-0.06389852845599206,-0.09446713369696659,-0.037600223899333346,0.1016750519360603,2.762790542125055
1.6669834917458732,0.2594774445857692,0.3918427547595168,0.13236531017374759,-0.06384494798376834,-0.09408273686327542,-0.03803014829547338,0.10147834032472161,2.7574534246188387
1.6694597298649327,0.2586124841354915,0.3918427547595168,0.13323027062402532,-0.06379145310656661,-0.09369543428352248,-0.03845917142610964,0.10128150014864891,2.752093066596663
1.6719359679839922,0.25774925603579274,0.3918427547595168,0.13409349872372406,-0.06373805208451137,-0.09330526073809996,-0.03888726327673998,0.10108457313833455,2.7467095654849945
1.6744122061030517,0.2568878609944513,0.3918427547595168,0.13495489376506548,-0.06368475305671062,-0.09291225141495489,-0.03931439411116559,0.1008876010584246,2.7413030244125998
1.6768884442221113,0.2560283988389544,0.3918427547595168,0.1358143559205624,-0.06363156403827125,-0.09251644189374837,-0.03974053447918245,0.10069062568764983,2.7358735522700677
1.6793646823411708,0.2551709684801281,0.3918427547595168,0.1366717862793887,-0.06357849291738539,-0.0921178681298957,-0.040165655224026306,0.10049368879871116,2.7304212637668113
1.6818409204602303,0.25431566787639903,0.3918427547595168,0.13752708688311777,-0.06352554745248991,-0.09171656643850282,-0.040589727489566754,0.1002968321381368,2.7249462794854438
1.6843171585792898,0.2534625939987022,0.3918427547595168,0.1383801607608146,-0.0634727352695,-0.09131257347821112,-0.041012722727245626,0.1001000974061246,2.7194487259333964
1.6867933966983493,0.2526118427960574,0.3918427547595168,0.13923091196345938,-0.06342006385911898,-0.09090592623496364,-0.041434612702755814,0.0999035262363848,2.713928735591656
1.689269634817409,0.2517635091618387,0.3918427547595168,0.1400792455976781,-0.06336754057422582,-0.09049666200570661,-0.04185536950245669,0.09970716017599882,2.7083864469605
1.6917458729364685,0.2509176869007492,0.3918427547595168,0.14092506785876757,-0.06331517262734117,-0.09008481838203884,-0.04227496553952221,0.09951104066530866,2.702822004602104
1.694222111055528,0.2500744686965251,0.3918427547595168,0.1417682860629917,-0.06326296708817428,-0.08967043323382208,-0.04269337355981917,0.09931520901785189,2.6972355591798953
1.6966983491745875,0.24923394608038418,0.3918427547595168,0.14260880867913261,-0.06321093088125078,-0.08925354469276586,-0.043110566647512054,0.0991197064003578,2.6916272674945407
1.699174587293647,0.2483962094002342,0.3918427547595168,0.14344654535928258,-0.06315907078362358,-0.0888341911359989,-0.04352651823039197,0.09892457381281877,2.685997292516436
1.7016508254127065,0.24756134779066097,0.3918427547595168,0.14428140696885583,-0.06310739342266726,-0.08841241116964102,-0.04394120208492741,0.09872985206865295,2.680345803414586
1.704127063531766,0.24672944914370387,0.3918427547595168,0.14511330561581293,-0.06305590527395698,-0.08798824361238657,-0.04435459234103492,0.0985355817749714,2.6746729755817498
1.7066033016508255,0.24590060008044073,0.3918427547595168,0.14594215467907606,-0.06300461265923321,-0.0875617274791141,-0.044766663486567417,0.09834180331296663,2.6689789906557486
1.7090795397698852,0.24507488592338827,0.3918427547595168,0.14676786883612852,-0.06295352174445251,-0.08713290196453292,-0.04517739037151944,0.098148556818435,2.663264036536804
1.7115557778889448,0.24425239066973425,0.3918427547595168,0.14759036408978254,-0.0629026385379254,-0.08670180642687954,-0.04558674821194733,0.0979558821624489,2.6575283074008116
1.7140320160080043,0.24343319696540916,0.3918427547595168,0.14840955779410764,-0.06285196888854179,-0.08626848037167596,-0.04599471259360446,0.09776381893219248,2.651772003708433
1.7165082541270638,0.2426173860800105,0.3918427547595168,0.1492253686795063,-0.06280151848408458,-0.08583296343556214,-0.04640125947528971,0.09757240641197547,2.6459953322099032
1.7189844922461233,0.24180503788258606,0.3918427547595168,0.15003771687693074,-0.06275129284963171,-0.08539529537021344,-0.04680636519191021,0.09738168356443865,2.640198505945455
1.7214607303651828,0.24099623081828692,0.3918427547595168,0.15084652394122988,-0.06270129734604715,-0.0849555160263555,-0.04721000645725729,0.09719168901196552,2.634381744241253
1.7239369684842423,0.24019104188589407,0.3918427547595168,0.15165171287362272,-0.062651537168561,-0.08451366533788715,-0.047612160366496556,0.09700246101831321,2.6285452727007543
1.7264132066033018,0.23938954661622863,0.3918427547595168,0.15245320814328817,-0.06260201734543887,-0.08406978330612265,-0.04801280439837237,0.09681403747047627,2.6226893231913975
1.7288894447223613,0.2385918190514486,0.3918427547595168,0.1532509357080682,-0.06255274273674072,-0.08362390998416448,-0.04841191641712765,0.09662645586079725,2.616814133826539
1.731365682841421,0.2377979317252364,0.3918427547595168,0.1540448230342804,-0.06250371803316901,-0.08317608546141592,-0.048809474674140194,0.09643975326933545,2.6109199489425543
1.7338419209604805,0.23700795564388283,0.3918427547595168,0.15483479911563397,-0.06245494775500621,-0.08272634984824564,-0.04920545780927643,0.09625396634650862,2.60500701907103
1.73631815907954,0.23622196026826814,0.3918427547595168,0.15562079449124866,-0.06240643625114144,-0.08227474326081242,-0.049599844851965225,0.09606913129601839,2.5990756009059752
1.7387943971985995,0.2354400134967422,0.3918427547595168,0.1564027412627746,-0.06235818769818616,-0.08182130580606099,-0.049992615221992366,0.09588528385807248,2.5931259572659884
1.741270635317659,0.23466218164890568,0.3918427547595168,0.15718057311061112,-0.06231020609967824,-0.08136607756689793,-0.05038374873001892,0.09570245929291542,2.5871583570513237
1.7437468734367185,0.23388852945029132,0.3918427547595168,0.15795422530922548,-0.06226249528537451,-0.08090909858755688,-0.05077322557782507,0.09552069236467933,2.5811730751958044
1.746223111555778,0.23311912001794438,0.3918427547595168,0.15872363474157242,-0.06221505891063098,-0.08045040885916185,-0.05116102635828278,0.09534001732556595,2.5751703926135323
1.7486993496748375,0.23235401484690077,0.3918427547595168,0.15948873991261603,-0.06216790045587021,-0.07999004830549714,-0.05154713205505926,0.09516046790037071,2.5691505961403647
1.7511755877938973,0.2315932737975619,0.3918427547595168,0.1602494809619549,-0.06212102322613563,-0.07952805676899252,-0.05193152404205531,0.09498207727136034,2.5631139784701165
1.7536518259129568,0.23083695508395963,0.3918427547595168,0.16100579967555717,-0.06207443035073153,-0.07906447399693098,-0.052314184082580754,0.09480487806351275,2.5570608380854747
1.7561280640320163,0.2300851152629102,0.3918427547595168,0.1617576394966066,-0.06202812478294853,-0.07859933962788658,-0.05269509432827164,0.09462890233013013,2.550991479183594
1.7586043021510758,0.22933780922405123,0.3918427547595168,0.16250494553546557,-0.061982109299873474,-0.07813269317840087,-0.05307423731775148,0.09445418153883466,2.5449062115963805
1.7610805402701353,0.2285950901807563,0.3918427547595168,0.1632476645787605,-0.06193638650228296,-0.077664574029903,-0.053451595975041975,0.09428074655795533,2.53880535070545
1.7635567783891948,0.22785700966192096,0.3918427547595168,0.16398574509759584,-0.0618909588146196,-0.07719502141588182,-0.05382715360772594,0.09410862764331535,2.532689217351771
1.7660330165082543,0.22712361750461357,0.3918427547595168,0.16471913725490323,-0.0618458284850502,-0.07672407440931506,-0.0542008939048677,0.09393785442542765,2.5265581377400133
1.7685092546273138,0.22639496184758118,0.3918427547595168,0.16544779291193562,-0.06180099758560441,-0.07625177191036203,-0.05457280093469464,0.0937684558971069,2.5204124433376123
1.7709854927463733,0.22567108912560668,0.3918427547595168,0.16617166563391012,-0.061756468012393415,-0.07577815263432558,-0.05494285914204507,0.09360046040150524,2.514252470768596
1.773461730865433,0.22495204406470343,0.3918427547595168,0.16689071069481337,-0.061712241485907086,-0.07530325509988818,-0.055311053345586766,0.09343389562057862,2.5080785617022046
1.7759379689844925,0.22423786967814108,0.3918427547595168,0.16760488508137572,-0.06166831955138852,-0.07482711761762754,-0.05567736873481131,0.09326878856399075,2.5018910627363535
1.778414207103552,0.22352860726329138,0.3918427547595168,0.16831414749622542,-0.06162470357928492,-0.0743497782788159,-0.05604179086680911,0.09310516555846005,2.495690325276
1.7808904452226115,0.22282429639928347,0.3918427547595168,0.16901845836023333,-0.06158139476577366,-0.0738712749445074,-0.056404305662830515,0.09294305223755578,2.4894767054064784
1.783366683341671,0.22212497494545808,0.3918427547595168,0.16971777981405872,-0.06153839413336173,-0.07339164523491809,-0.05676489940463787,0.09278247353194854,2.4832505637618763
1.7858429214607305,0.22143067904060748,0.3918427547595168,0.17041207571890932,-0.06149570253155797,-0.07291092651910076,-0.05712355873065453,0.0926234536601192,2.4770122653885402
1.78831915957979,0.22074144310299182,0.3918427547595168,0.17110131165652498,-0.06145332063761628,-0.07242915590491977,-0.05748027063191572,0.09246601611953144,2.4707621796038004
1.7907953976988495,0.22005729983111671,0.3918427547595168,0.17178545492840008,-0.06141124895734868,-0.07194637022932704,-0.057835022447827386,0.0923101836782708,2.4645006798500146
1.793271635817909,0.21937828020526023,0.3918427547595168,0.17246447455425656,-0.06136948782600653,-0.071462606048943,-0.058187801861738435,0.092155978367154,2.458228143544044
1.7957478739369688,0.21870441348973652,0.3918427547595168,0.17313834126978028,-0.06132803740922883,-0.07097789963094446,-0.05853859689633239,0.09200342147231114,2.4519449519222736
1.7982241120560283,0.2180357272358811,0.3918427547595168,0.1738070275236357,-0.06128689770405612,-0.0704922869442614,-0.058887395908843655,0.09185253352824288,2.4456514898813166
1.8007003501750878,0.21737224728574495,0.3918427547595168,0.17447050747377185,-0.06124606854000811,-0.070005803651084,-0.05923418758610594,0.09170333431135486,2.439348145814513
1.8031765882941473,0.2167139977764831,0.3918427547595168,0.1751287569830337,-0.06120554958022417,-0.06951848509868248,-0.05957896093943661,0.0915558428339702,2.4330353114443954
1.8056528264132068,0.21606100114542115,0.3918427547595168,0.17578175361409565,-0.0611653403226647,-0.06903036631153925,-0.05992170529936498,0.091410077338821,2.4267133816512474
1.8081290645322663,0.21541327813578814,0.3918427547595168,0.17642947662372865,-0.061125440101372164,-0.06854148198379556,-0.06026241031020963,0.09126605529401953,2.420382754297926
1.8106053026513258,0.2147708478030978,0.3918427547595168,0.177071906956419,-0.06108584808779012,-0.06805186647201235,-0.06060106592451104,0.0911237933885082,2.41404383005111
1.8130815407703853,0.2141337275221637,0.3918427547595168,0.1777090272373531,-0.0610465632921387,-0.06756155378824562,-0.060937662397326106,0.09098330752798833,2.4076970121991437
1.815557778889445,0.21350193299473436,0.3918427547595168,0.17834082176478244,-0.0610075845648453,-0.067070577593437,-0.061272190280390174,0.0908446128313264,2.4013427064666626
1.8180340170085045,0.21287547825773007,0.3918427547595168,0.17896727650178673,-0.06096891059802848,-0.06657897119111816,-0.061604640416153184,0.09070772362743582,2.3949813208261777
1.820510255127564,0.21225437569206634,0.3918427547595168,0.17958837906745045,-0.0609305399270339,-0.06608676752142875,-0.06193500393169638,0.09057265345263224,2.388613265306815
1.8229864932466235,0.21163863603205169,0.3918427547595168,0.1802041187274651,-0.06089247093202074,-0.06559399915544833,-0.062263272232535236,0.09043941504846076,2.3822389518004106
1.825462731365683,0.211028268375336,0.3918427547595168,0.1808144863841808,-0.0608547018395967,-0.06510069828983887,-0.06258943699631515,0.0903080203599898,2.375858793865157
1.8279389694847425,0.21042328019340317,0.3918427547595168,0.18141947456611363,-0.06081723072450071,-0.06460689674179884,-0.06291349016640654,0.09017848053457095,2.3694732065270174
1.830415207603802,0.20982367734258217,0.3918427547595168,0.18201907741693463,-0.06078005551133111,-0.06411262594432557,-0.06323542394540484,0.09005080592105819,2.363082606079108
1.8328914457228616,0.20922946407556875,0.3918427547595168,0.18261329068394805,-0.06074317397631828,-0.06361791694178527,-0.06355523078854217,0.08992500606948407,2.356687409879283
1.835367683841921,0.20864064305343533,0.3918427547595168,0.18320211170608147,-0.06070658374914008,-0.06312280038578799,-0.0638729033970167,0.0898010897311868,2.3502880361461234
1.8378439219609808,0.20805721535811755,0.3918427547595168,0.18378553940139924,-0.060670282314778584,-0.06262730653136589,-0.06418843471124593,0.08967906485938368,2.3438849037535707
1.8403201600800403,0.20747918050535824,0.3918427547595168,0.18436357425415856,-0.06063426701541648,-0.06213146523345175,-0.06450181790404978,0.08955893861018464,2.337478432024418
1.8427963981990998,0.20690653645809454,0.3918427547595168,0.18493621830142226,-0.06059853505237213,-0.06163530594365571,-0.06481304637377015,0.08944071734404035,2.331069040522898
1.8452726363181593,0.2063392796402716,0.3918427547595168,0.1855034751192452,-0.060563083488071226,-0.061138857707337034,-0.06512211373733247,0.08932440662761813,2.324657148846593
1.8477488744372188,0.20577740495106667,0.3918427547595168,0.18606534980845013,-0.06052790924805407,-0.060642149160968176,-0.0654290138232554,0.08921001123609872,2.3182431764179
1.8502251125562783,0.2052209057795093,0.3918427547595168,0.1866218489800075,-0.06049300912301694,-0.06014520852978777,-0.06573374066461499,0.08909753515588696,2.31182754227529
1.8527013506753378,0.2046697740194801,0.3918427547595168,0.1871729807400367,-0.060458379770886146,-0.059648063625739545,-0.06603628849196866,0.08898698158772882,2.305410664864586
1.8551775887943973,0.2041240000850746,0.3918427547595168,0.1877187546744422,-0.06042401771892321,-0.05915074184569326,-0.06633665172624552,0.08887835295022652,2.2989929618305
1.857653826913457,0.20358357292631418,0.3918427547595168,0.18825918183320262,-0.06038991936586019,-0.05865327016994426,-0.06663482497160814,0.08877165088374399,2.2925748498086613
1.8601300650325165,0.20304848004519277,0.3918427547595168,0.18879427471432403,-0.060356080984063594,-0.058155675160988074,-0.06693080300829204,0.08866687625469367,2.2861567442183675
1.862606303151576,0.20251870751204043,0.3918427547595168,0.18932404724747637,-0.06032249872172552,-0.05765798296256563,-0.06722458078542848,0.08856402916019634,2.279739059056287
1.8650825412706356,0.20199423998219218,0.3918427547595168,0.18984851477732462,-0.060289168605080934,-0.05716021929897558,-0.06751615341385592,0.08846310893310447,2.273322206691345
1.867558779389695,0.20147506071294552,0.3918427547595168,0.19036769404657128,-0.06025608654064966,-0.05666240947464918,-0.06780551615892597,0.0883641141473799,2.2669065976610185
1.8700350175087546,0.20096115158079408,0.3918427547595168,0.19088160317872271,-0.060223248317502136,-0.05616457837398389,-0.06809266443330901,0.08826704262381631,2.260492640469265
1.872511255627814,0.20045249309892094,0.3918427547595168,0.19139026166059586,-0.060190649609547245,-0.05566675046143062,-0.06837759378980532,0.08817189143609662,2.254080741386296
1.8749874937468736,0.19994906443494104,0.3918427547595168,0.19189369032457576,-0.06015828597784155,-0.05516894978183097,-0.06866029991416639,0.08807865691717526,2.2476713042504284
1.877463731865933,0.19945084342887637,0.3918427547595168,0.19239191133064043,-0.06012615287291864,-0.054671199960999374,-0.06894077861793232,0.08798733466597526,2.2412647302722086
1.8799399699849928,0.19895780661135182,0.3918427547595168,0.19288494814816498,-0.060094245637137195,-0.05417352420654533,-0.06921902583128996,0.08789791955438957,2.234861417841024
1.8824162081040523,0.1984699292219994,0.3918427547595168,0.1933728255375174,-0.060062559507047204,-0.053675945308931855,-0.06949503759595697,0.08781040573457634,2.228461762334409
1.8848924462231118,0.19798718522805597,0.3918427547595168,0.19385556953146083,-0.0600310896157727,-0.0531784856427641,-0.069768810058097,0.08772478664653728,2.2220661559302317
1.8873686843421713,0.19750954734314513,0.3918427547595168,0.19433320741637167,-0.059999830995410584,-0.05268116716830454,-0.07004033946127061,0.08764105502596868,2.215674987421958
1.8898449224612308,0.1970369870462279,0.3918427547595168,0.1948057677132889,-0.05996877857944402,-0.052184011433208534,-0.07030962213942687,0.08755920291237367,2.209288642037178
1.8923211605802903,0.1965694746007131,0.3918427547595168,0.19527328015880369,-0.05993792720516973,-0.051687039574476644,-0.07057665450994031,0.08747922165742557,2.202907501259575
1.8947973986993498,0.19610697907371438,0.3918427547595168,0.19573577568580242,-0.05990727161613829,-0.051190272320617486,-0.07084143306669782,0.08740110193357063,2.1965319426544974
1.8972736368184093,0.19564946835544278,0.3918427547595168,0.19619328640407402,-0.059876806464606185,-0.050693729994016556,-0.07110395437324014,0.0873248337428596,2.1901623396983143
1.899749874937469,0.19519690917872518,0.3918427547595168,0.19664584558079162,-0.05984652631399934,-0.05019743251350609,-0.07136421505596252,0.08725040642599705,2.1837990616116945
1.9022261130565286,0.1947492671386366,0.3918427547595168,0.1970934876208802,-0.05981642564138653,-0.049701399397130655,-0.07162221179737817,0.08717780867159713,2.1774424731969755
1.904702351175588,0.19430650671223632,0.3918427547595168,0.19753624804728048,-0.05978649883996258,-0.049205649765102714,-0.07187794132944986,0.087107028525635,2.171092934679744
1.9071785892946476,0.1938685912783999,0.3918427547595168,0.1979741634811169,-0.05975674022154009,-0.048710202342944264,-0.07213140042699324,0.08703805340108321,2.1647508015547814
1.909654827413707,0.19343548313773395,0.3918427547595168,0.19840727162178284,-0.059727144019049064,-0.048215075464808355,-0.07238258590115547,0.0869708700877214,2.158416424436487
1.9121310655327666,0.19300714353256837,0.3918427547595168,0.19883561122694843,-0.059697704389043905,-0.047720287076975225,-0.07263149459297447,0.08690546476210922,2.152090148913894
1.914607303651826,0.19258353266701372,0.3918427547595168,0.19925922209250307,-0.05966841541421674,-0.047225854741518636,-0.07287812336702126,0.08684182299771112,2.1457723154103987
1.9170835417708856,0.1921646097270776,0.3918427547595168,0.1996781450324392,-0.05963927110591662,-0.0467317956401363,-0.07312246910513029,0.08677992977516284,2.1394632590482887
1.919559779889945,0.19175033290083077,0.3918427547595168,0.20009242185868603,-0.05961026540667407,-0.0462381265781401,-0.07336452870022092,0.086719769492669,2.133163309518173
1.9220360180090048,0.19134065939861417,0.3918427547595168,0.20050209536090263,-0.059581392192729975,-0.04574486398859964,-0.07360429905021365,0.0866613259765206,2.1268727909533838
1.9245122561280643,0.19093554547328156,0.3918427547595168,0.20090720928623523,-0.05955264527656865,-0.045252023936635605,-0.07384177705204484,0.08660458249172348,2.120592021809441
1.9269884942471238,0.1905349464404683,0.3918427547595168,0.2013078083190485,-0.0595240184094543,-0.04475962212385586,-0.07407695959578363,0.08654952175272679,2.1143213147486217
1.9294647323661833,0.1901388166988804,0.3918427547595168,0.2017039380606364,-0.05949550528397037,-0.044267673892930764,-0.07430984355885364,0.08649612593424151,2.1080609765297122
1.9319409704852428,0.18974710975059705,0.3918427547595168,0.20209564500891974,-0.059467099536561235,-0.0437761942323016,-0.07454042580036364,0.08644437668214003,2.101811307902977
1.9344172086043023,0.18935977822137984,0.3918427547595168,0.20248297653813696,-0.05943879475007591,-0.04328519778101732,-0.07476870315554929,0.08639425512442614,2.0955726035103908
1.9368934467233618,0.18897677388098405,0.3918427547595168,0.20286598087853275,-0.059410584456313115,-0.042794698833694404,-0.07499467243033055,0.08634574188226762,2.089345151791154
1.9393696848424213,0.1885980476634636,0.3918427547595168,0.2032447070960532,-0.059382462138567384,-0.04230471134559474,-0.07521833039598612,0.08629881708108067,2.083129234892528
1.941845922961481,0.18822354968746796,0.3918427547595168,0.20361920507204884,-0.05935442123417572,-0.04181524893781682,-0.07543967378394906,0.08625346036165878,2.0769251285859895
1.9443221610805406,0.18785322927652187,0.3918427547595168,0.20398952548299493,-0.0593264551370645,-0.04132632490259472,-0.07565869928072569,0.08620965089133642,2.070733102188723
1.9467983991996,0.18748703497928698,0.3918427547595168,0.20435571978022982,-0.05929855720029613,-0.04083795220870033,-0.07587540352294125,0.08616736737518015,2.0645534184904317
1.9492746373186596,0.18712491458979758,0.3918427547595168,0.20471784016971922,-0.059270720738615175,-0.04035014350694367,-0.07608978309251406,0.08612658806719785,2.058386333685479
1.951750875437719,0.18676681516766797,0.3918427547595168,0.20507593959184883,-0.05924293903099367,-0.039862911135766475,-0.07630183451196157,0.08608729078155954,2.0522320973103163
1.9542271135567786,0.18641268305826791,0.3918427547595168,0.20543007170124888,-0.0592152053231751,-0.03937626712692435,-0.07651155423984062,0.08604945290382139,2.0460909521861983
1.956703351675838,0.18606246391286013,0.3918427547595168,0.20578029084665667,-0.059187512830216955,-0.03889022321125251,-0.07671893866632375,0.08601305140214588,2.039963134367133
1.9591795897948976,0.18571610270869948,0.3918427547595168,0.20612665205081732,-0.05915985473903148,-0.03840479082451014,-0.0769239841089152,0.08597806283851141,2.033848873093032
1.961655827913957,0.18537354376908788,0.3918427547595168,0.20646921099042892,-0.059132224210924345,-0.03791998111329952,-0.07712668680830713,0.08594446337990418,2.027748390748025
1.9641320660330168,0.18503473078338345,0.3918427547595168,0.20680802397613335,-0.059104614384130914,-0.03743580494105393,-0.07732704292437985,0.08591222880948626,2.021661902823867
1.9666083041520763,0.18469960682696218,0.3918427547595168,0.20714314793255462,-0.059077018376350085,-0.03695227289409125,-0.07752504853234744,0.0858813345377342,2.0155896178884016
1.9690845422711358,0.18436811438112644,0.3918427547595168,0.20747464037839036,-0.05904942928727511,-0.03646939528772715,-0.07772069961905058,0.0858517556135411,2.009531737558988
1.9715607803901953,0.18404019535296107,0.3918427547595168,0.20780255940655573,-0.059021840201121493,-0.035987182172444676,-0.07791399207939896,0.08582346673527796,2.003488456480851
1.9740370185092548,0.18371579109513475,0.3918427547595168,0.20812696366438205,-0.05899424418915171,-0.03550564334011501,-0.07810492171296538,0.08579644226180887,1.9974599623102502
1.9765132566283143,0.1833948424256424,0.3918427547595168,0.20844791233387439,-0.058966634312196155,-0.03502478833026517,-0.07829348422073236,0.0857706562234541,1.9914464357024126
1.9789894947473738,0.18307728964749015,0.3918427547595168,0.20876546511202665,-0.05893900362317078,-0.03454462643638848,-0.07847967520199435,0.08574608233289821,1.985448050304117
1.9814657328664333,0.18276307256831908,0.3918427547595168,0.2090796821911977,-0.05891134516959065,-0.034065166712293246,-0.07866349015141583,0.08572269399603716,1.979464972750863
1.983941970985493,0.182452130519968,0.3918427547595168,0.2093906242395488,-0.05888365199607944,-0.03358641797848545,-0.07884492445624823,0.08570046432276211,1.973497362668511
1.9864182091045526,0.18214440237797275,0.3918427547595168,0.20969835238154405,-0.05885591714687481,-0.03310838882858173,-0.07902397339370582,0.08567936613767448,1.9675453726793124
1.988894447223612,0.18183982658100295,0.3918427547595168,0.21000292817851385,-0.058828133668329306,-0.0326310876357475,-0.07920063212850334,0.08565937199073052,1.9616091484122071
1.9913706853426716,0.18153834115023387,0.3918427547595168,0.21030441360928293,-0.05880029461140664,-0.032154522559157295,-0.07937489571055571,0.08564045416781109,1.9556888285173024
1.993846923461731,0.18123988370865302,0.3918427547595168,0.21060287105086378,-0.058772393034173184,-0.0316787015504725,-0.07954675907284164,0.08562258470121434,1.9497845446844126
1.9963231615807906,0.18094439150030245,0.3918427547595168,0.21089836325921435,-0.05874442200428465,-0.031203632360332696,-0.07971621702943235,0.0856057353800688,1.94389642166555
1.99879939969985,0.1806518014094538,0.3918427547595168,0.211190953350063,-0.05871637460146744,-0.030729322544856975,-0.07988326427368614,0.08558987776066417,1.9380245773012583
2.0012756378189094,0.18036204997971939,0.3918427547595168,0.2114807047797974,-0.05868824391999488,-0.030255779472151044,-0.08004789537661068,0.0855749831766986,1.9321691225506656
2.003751875937969,0.18007507343309487,0.3918427547595168,0.21176768132642193,-0.05866002307115781,-0.029783010328816105,-0.08021010478539307,0.0855610227494395,1.9263301615251418
2.006228114057029,0.17979080768893813,0.3918427547595168,0.21205194707057867,-0.05863170518572962,-0.029311022126456695,-0.08036988682209953,0.08554796739779807,1.9205077915254467
2.008704352176088,0.17950918838288066,0.3918427547595168,0.21233356637663614,-0.05860328341642533,-0.028839821708182528,-0.08052723568254473,0.08553578784831448,1.914702103082236
2.011180590295148,0.17923015088567412,0.3918427547595168,0.21261260387384268,-0.05857475094035474,-0.02836941575510138,-0.08068214543533254,0.08552445464505427,1.9089131799998122
2.013656828414207,0.17895363032197065,0.3918427547595168,0.21288912443754615,-0.05854610096146914,-0.027899810792799833,-0.08083461002106763,0.08551393815941422,1.903141099403
2.016133066533267,0.17867956158903825,0.3918427547595168,0.21316319317047855,-0.05851732671300162,-0.02743101319780688,-0.08098462325174023,0.0855042085998377,1.8973859317870079
2.018609304652326,0.17840787937541164,0.3918427547595168,0.21343487538410516,-0.0584884214599008,-0.026963029204038994,-0.08113217881028273,0.08549523602143894,1.8916477410701762
2.021085542771386,0.17813851817947834,0.3918427547595168,0.21370423658003845,-0.058459378501257486,-0.02649586490922083,-0.08127727025030049,0.08548699033553621,1.8859265846494608
2.023561780890445,0.1778714123280004,0.3918427547595168,0.2139713424315164,-0.0584301911727242,-0.026029526281280545,-0.08141989099597574,0.08547944131909407,1.8802225134585548
2.026038019009505,0.17760649599457395,0.3918427547595168,0.21423625876494284,-0.05840085284892734,-0.025564019164714104,-0.08156003434214618,0.08547255862407498,1.8745355720285
2.0285142571285646,0.17734370321802417,0.3918427547595168,0.21449905154149262,-0.05837135694587168,-0.025099349286917386,-0.08169769345455745,0.08546631178670061,1.8688657985506896
2.030990495247624,0.1770829679207388,0.3918427547595168,0.214759786838778,-0.05834169692333679,-0.024635522264481388,-0.08183286137029049,0.0854606702366237,1.8632132249421232
2.0334667333666836,0.1768242239269397,0.3918427547595168,0.2150185308325771,-0.058311866287265444,-0.02417254360944736,-0.08196553099836386,0.08545560330601137,1.8575778769127929
2.035942971485743,0.17656740498089202,0.3918427547595168,0.21527534977862478,-0.05828185859214323,-0.02371041873552028,-0.0820956951205102,0.08545108023854042,1.8519597740350988
2.0384192096048026,0.17631244476505398,0.3918427547595168,0.21553030999446282,-0.058251667443369536,-0.023249152964235235,-0.08222334639212837,0.08544707019830662,1.8463589298151495
2.040895447723862,0.17605927691816503,0.3918427547595168,0.21578347784135177,-0.058221286499619156,-0.022788751531075853,-0.08234847734340942,0.0854435422786481,1.8407753517658534
2.0433716858429216,0.17580783505327385,0.3918427547595168,0.21603491970624294,-0.05819070947519449,-0.022329219591539808,-0.08247108038063748,0.08544046551088526,1.8352090414816646
2.045847923961981,0.17555805277570818,0.3918427547595168,0.2162847019838086,-0.058159930142367706,-0.021870562227150565,-0.08259114778766494,0.08543780887297833,1.8296599947148933
2.0483241620810406,0.1753098637009835,0.3918427547595168,0.2165328910585333,-0.058128942333712776,-0.021412784451409962,-0.08270867172756137,0.08543554129810411,1.824128201453438
2.0508004002001,0.1750632014726542,0.3918427547595168,0.2167795532868626,-0.05809773994442662,-0.020955891215691518,-0.08282364424443568,0.08543363168315357,1.818613645999866
2.0532766383191596,0.17481799978010543,0.3918427547595168,0.21702475497941137,-0.05806631693463922,-0.020499887415068793,-0.08293605726543181,0.08543204889715265,1.8131163070516958
2.055752876438219,0.17457419237628663,0.3918427547595168,0.21726856238323017,-0.058034667331712204,-0.020044777894078807,-0.08304590260289621,0.08543076178960758,1.8076361577828095
2.0582291145572786,0.17433171309538603,0.3918427547595168,0.21751104166413077,-0.058002785232525306,-0.01959056745241513,-0.08315317195671718,0.0854297391987767,1.8021731659258653
2.0607053526763384,0.17409049587044784,0.3918427547595168,0.21775225888906896,-0.057970664805750416,-0.019137260850550425,-0.08325785691683528,0.08542894995987148,1.7967272938556287
2.0631815907953976,0.1738504747509294,0.3918427547595168,0.2179922800085874,-0.0579383002941125,-0.018684862815283913,-0.08335994896592337,0.08542836291318785,1.7912984986731115
2.0656578289144574,0.17361158392020115,0.3918427547595168,0.21823117083931565,-0.057905686016637106,-0.018233378045211718,-0.0834594394822363,0.0854279469121708,1.7858867322904202
2.0681340670335167,0.17337375771298658,0.3918427547595168,0.21846899704653022,-0.05787281637088366,-0.017782811216118688,-0.08355631974262807,0.08542767083141395,1.7804919415162395
2.0706103051525764,0.17313693063274288,0.3918427547595168,0.21870582412677392,-0.05783968583516419,-0.0173331669862868,-0.08365058092573631,0.08542750357459629,1.7751140681418305
2.0730865432716357,0.17290103736898194,0.3918427547595168,0.21894171739053486,-0.05780628897074682,-0.01688445000172052,-0.08374221411533214,0.08542741408235845,1.7697530490274849
2.0755627813906954,0.17266601281453053,0.3918427547595168,0.21917674194498626,-0.05777262042404332,-0.01643666490128389,-0.08383121030383472,0.08542737134012063,1.7644088161893225
2.0780390195097547,0.17243179208272957,0.3918427547595168,0.21941096267678722,-0.0577386749287803,-0.015989816321749638,-0.08391756039598855,0.0854273443858445,1.7590812968863754
2.0805152576288144,0.1721983105245702,0.3918427547595168,0.2196444442349466,-0.05770444730815306,-0.015543908902755352,-0.08400125521270213,0.08542730231774075,1.7537704137078491
2.082991495747874,0.17196550374576708,0.3918427547595168,0.21987725101374972,-0.05766993247696187,-0.015098947291667063,-0.08408228549504651,0.08542721430192517,1.7484760846605183
2.0854677338669334,0.17173330762376793,0.3918427547595168,0.22010944713574887,-0.057635125443729555,-0.01465493614834581,-0.08416064190841208,0.08542704958002506,1.7431982232561467
2.087943971985993,0.1715016583246956,0.3918427547595168,0.2203410964348212,-0.05760002131279985,-0.01421188014981594,-0.0842363150468215,0.08542677747673792,1.737936738598883
2.0904202101050524,0.17127049232022373,0.3918427547595168,0.22057226243929307,-0.05756461528641582,-0.01376978399483367,-0.08430929543739686,0.0854263674073447,1.7326915354725612
2.092896448224112,0.17103974640438357,0.3918427547595168,0.22080300835513322,-0.05752890266677751,-0.013328652408352036,-0.08437957354497953,0.08542578888517963,1.7274625144278235
2.0953726863431714,0.17080935771029948,0.3918427547595168,0.22103339704921732,-0.05749287885807802,-0.012888490145882343,-0.08444713977689995,0.08542501152905854,1.7222495718690265
2.097848924462231,0.17057926372685123,0.3918427547595168,0.22126349103266557,-0.05745653936851723,-0.012449301997747877,-0.08451198448789536,0.08542400507066732,1.717052600140843
2.100325162581291,0.17034940231526235,0.3918427547595168,0.22149335244425444,-0.05741987981229235,-0.012011092793230118,-0.08457409798517347,0.08542273936191293,1.711871487614528
2.10280140070035,0.17011971172561052,0.3918427547595168,0.22172304303390628,-0.05738289591156445,-0.011573867404603849,-0.08463347053361908,0.08542118438223811,1.7067061187737718
2.10527763881941,0.1698901306132577,0.3918427547595168,0.2219526241462591,-0.057345583498399993,-0.011137630751059844,-0.08469009236114139,0.08541931024590173,1.7015563743000965
2.107753876938469,0.1696605980551989,0.3918427547595168,0.2221821567043179,-0.0573079385166867,-0.010702387802514216,-0.0847439536641594,0.08541708720922647,1.6964221311577543
2.110230115057529,0.1694310535663241,0.3918427547595168,0.2224117011931927,-0.05726995702402249,-0.010268143583300885,-0.08479504461322222,0.0854144856778148,1.6913032626780586
2.112706353176588,0.16920143711559366,0.3918427547595168,0.22264131764392314,-0.057231635193577,-0.009834903175747613,-0.08484335535876215,0.08541147621373561,1.68619963864313
2.115182591295648,0.16897168914211996,0.3918427547595168,0.22287106561739684,-0.05719296931592433,-0.009402671723631613,-0.0848888760369767,0.08540802954268163,1.6811111253689863
2.117658829414707,0.1687417505711561,0.3918427547595168,0.2231010041883607,-0.0571539558008463,-0.008971454435515678,-0.08493159677583707,0.08540411656109975,1.6760375857879661
2.120135067533767,0.16851156282998375,0.3918427547595168,0.22333119192953305,-0.05711459117910505,-0.008541256587960792,-0.08497150770121922,0.08539970834329437,1.6709788795304201
2.1226113056528266,0.16828106786370167,0.3918427547595168,0.22356168689581513,-0.05707487210418431,-0.008112083528616091,-0.08500859894315548,0.08539477614850628,1.6659348630056605
2.125087543771886,0.1680502081509046,0.3918427547595168,0.2237925466086122,-0.05703479535399777,-0.007683940679182814,-0.08504286064220122,0.08538929142796571,1.6609053894821166
2.1275637818909456,0.16781892671925364,0.3918427547595168,0.22402382804026316,-0.05699435783256413,-0.007256833538251874,-0.08507428295591508,0.08538322583192205,1.6558903091666735
2.130040020010005,0.16758716716093253,0.3918427547595168,0.22425558759858427,-0.05695355657164733,-0.006830767684014271,-0.08510285606544808,0.08537655121665051,1.6508894692831741
2.1325162581290646,0.16735487364798235,0.3918427547595168,0.22448788111153445,-0.05691238873236117,-0.006405748776841375,-0.08512857018223749,0.08536923965143499,1.6459027141500404
2.134992496248124,0.16712199094751462,0.3918427547595168,0.22472076381200218,-0.05687085160673707,-0.005981782561736135,-0.08515141555480239,0.08536126342552887,1.6409298852570084
2.1374687343671837,0.16688846443679456,0.3918427547595168,0.22495429032272224,-0.05682894261925403,-0.005558874870651918,-0.08517138247563683,0.08535259505509356,1.6359708213409407
2.139944972486243,0.16665424011819074,0.3918427547595168,0.22518851464132605,-0.05678665932832966,-0.005137031624680032,-0.08518846128819547,0.08534320729011385,1.6310253584607093
2.1424212106053027,0.16641926463398599,0.3918427547595168,0.2254234901255308,-0.05674399942777104,-0.004716258836102896,-0.0852026423939691,0.08533307312129161,1.6260933300711162
2.1448974487243624,0.16618348528104415,0.3918427547595168,0.22565926947847265,-0.05670096074818467,-0.004296562610314196,-0.08521391625964417,0.08532216578691612,1.6211745670958582
2.1473736868434217,0.1659468500253265,0.3918427547595168,0.2258959047341903,-0.05665754125834384,-0.00387794914760301,-0.0852222734243428,0.08531045877971141,1.6162688979994926
2.1498499249624814,0.16570930751625396,0.3918427547595168,0.22613344724326284,-0.056613739066513,-0.0034604247448025197,-0.0852277045069389,0.08529792585366032,1.6113761488584173
2.1523261630815407,0.16547080710090595,0.3918427547595168,0.22637194765861085,-0.05656955242172731,-0.0030439957968027525,-0.08523020021344441,0.0852845410308033,1.6064961434308445
2.1548024012006004,0.16523129883805482,0.3918427547595168,0.22661145592146198,-0.05652497971502675,-0.002628668797925348,-0.08522975134446312,0.08527027860801323,1.601628703225752
2.1572786393196597,0.1649907335120243,0.3918427547595168,0.22685202124749249,-0.05648001948064354,-0.002214450343161871,-0.08522634880270478,0.08525511316374303,1.596773647570824
2.1597548774387194,0.16474906264636996,0.3918427547595168,0.22709369211314684,-0.05643467039714153,-0.0018013471292729769,-0.08521998360055659,0.08523901956474672,1.5919307936793523
2.1622311155577787,0.16450623851737306,0.3918427547595168,0.22733651624214374,-0.05638893128850683,-0.001389365955750327,-0.08521064686770571,0.08522197297277177,1.5870999567161155
2.1647073536768384,0.16426221416734216,0.3918427547595168,0.22758054059217464,-0.05634280112518828,-0.0009785137256387753,-0.08519832985880843,0.08520394885122162,1.5822809498622146
2.167183591795898,0.16401694341771594,0.3918427547595168,0.22782581134180085,-0.056296279025086736,-0.0005687974462206971,-0.08518302396120044,0.08518492297178694,1.5774735843788823
2.1696598299149574,0.16377038088195855,0.3918427547595168,0.22807237387755824,-0.05624936425449202,-0.00016022422956072594,-0.08516472070264257,0.0851648714210434,1.5726776696702505
2.172136068034017,0.16352248197824443,0.3918427547595168,0.22832027278127237,-0.05620205622896671,0.00024719870708866097,-0.08514341175909751,0.08514377060701511,1.5678930133450804
2.1746123061530764,0.163273202941922,0.3918427547595168,0.2285695518175948,-0.05615435451417522,0.0006534640410196235,-0.08511908896253119,0.08512159726570105,1.5631194212774722
2.177088544272136,0.16302250083775094,0.3918427547595168,0.22882025392176586,-0.05610625882665761,0.001058564343941415,-0.08509174430873351,0.08509832846756242,1.558356697666532
2.1795647823911954,0.16277033357190612,0.3918427547595168,0.22907242118761068,-0.05605776903454668,0.0014624920819902108,-0.08506136996515298,0.08507394162396917,1.553604645095031
2.182041020510255,0.16251665990373915,0.3918427547595168,0.22932609485577765,-0.05600888515822754,0.0018652396158784217,-0.08502795827873924,0.08504841449360279,1.5488630645870303
2.184517258629315,0.16226143945729393,0.3918427547595168,0.22958131530222287,-0.05595960737093858,0.0022667992011806792,-0.08499150178378814,0.08502172518881357,1.5441317556645124
2.186993496748374,0.162004632732564,0.3918427547595168,0.2298381220269528,-0.05590993599931277,0.0026671629887578914,-0.08495199320978297,0.08499385218192909,1.5394105164029994
2.189469734867434,0.16174620111648857,0.3918427547595168,0.23009655364302822,-0.05585987152385843,0.003066323025318004,-0.08490942548922639,0.08496477431151149,1.5346991434861785
2.191945972986493,0.16148610689367793,0.3918427547595168,0.23035664786583887,-0.05580941457937846,0.003464271254112163,-0.08486379176545686,0.08493447078856081,1.5299974322595518
2.194422211105553,0.1612243132568611,0.3918427547595168,0.2306184415026557,-0.055758565955327064,0.003860999515767101,-0.08481508540044397,0.08490292120266156,1.5253051767831016
2.196898449224612,0.16096078431704702,0.3918427547595168,0.23088197044246977,-0.055707326596103134,0.004256499549250756,-0.08476329998255572,0.0848701055280686,1.520622169883007
2.199374687343672,0.16069548511339543,0.3918427547595168,0.23114726964612137,-0.05565569760127939,0.004650762992972449,-0.08470842933429293,0.08483600412973079,1.5159482032023972
2.201850925462731,0.16042838162278567,0.3918427547595168,0.23141437313673113,-0.0556036802257664,0.005043781386014123,-0.08465046751998355,0.08480059776924743,1.5112830672511846
2.204327163581791,0.16015944076907884,0.3918427547595168,0.23168331399043796,-0.055551275879910794,0.005435546169493937,-0.08458940885343137,0.08476386761075544,1.5066265514549584
2.2068034017008507,0.15988863043206536,0.3918427547595168,0.23195412432745144,-0.055498486129526584,0.00582604868805853,-0.08452524790551261,0.08472579522674303,1.5019784442029842
2.20927963981991,0.15961591945608938,0.3918427547595168,0.23222683530342741,-0.055445312695859415,0.006215280191504431,-0.0844579795117145,0.08468636260378701,1.497338532895304
2.2117558779389697,0.15934127765834444,0.3918427547595168,0.23250147710117236,-0.055391757455482235,0.00660323183652659,-0.08438759877960916,0.08464555214820925,1.4927066039889523
2.214232116058029,0.15906467583683243,0.3918427547595168,0.23277807892268437,-0.05533782244012265,0.006989894688591437,-0.08431410109625734,0.08460334669164986,1.4880824430433262
2.2167083541770887,0.15878608577797831,0.3918427547595168,0.23305666898153848,-0.05528350983642045,0.007375259723934783,-0.08423748213553497,0.08455972949655213,1.483465834764691
2.219184592296148,0.1585054802638945,0.3918427547595168,0.2333372744956223,-0.055228821985615406,0.00775931783168053,-0.08415773786537699,0.08451468426155624,1.478856563049876
2.2216608304152077,0.1582228330792857,0.3918427547595168,0.2336199216802311,-0.05517376138316435,0.008142059816080582,-0.08407486455493134,0.08446819512679718,1.4742544110291427
2.224137068534267,0.15793811901799198,0.3918427547595168,0.2339046357415248,-0.05511833067828736,0.008523476398871754,-0.08398885878161873,0.08442024667910428,1.469659161108274
2.2266133066533267,0.15765131388915687,0.3918427547595168,0.23419144087035992,-0.05506253267344225,0.008903558221749772,-0.08389971743808937,0.08437082395709625,1.4650705950098777
2.2290895447723864,0.15736239452302092,0.3918427547595168,0.23448036023649588,-0.055006370323727447,0.009282295848956049,-0.08380743773907355,0.08431991245617038,1.460488493813943
2.2315657828914457,0.15707133877632745,0.3918427547595168,0.23477141598318935,-0.05494984673621241,0.009659679769976939,-0.08371201722811714,0.08426749813337929,1.455912637997654
2.2340420210105054,0.15677812553733966,0.3918427547595168,0.23506462922217713,-0.05489296516919546,0.010035700402351907,-0.08361345378419809,0.08421356741219312,1.4513428074744845
2.2365182591295647,0.1564827347304607,0.3918427547595168,0.2353600200290561,-0.05483572903138917,0.010410348094588066,-0.08351174562821723,0.08415810718714242,1.446778781632604
2.2389944972486244,0.15618514732044952,0.3918427547595168,0.23565760743906727,-0.054778141881032374,0.010783613129179762,-0.08340689132935657,0.08410110482833691,1.4422203393725908
2.2414707353676837,0.15588534531622972,0.3918427547595168,0.23595740944328708,-0.05472020742492929,0.011155485725728723,-0.08329888981130104,0.08404254818585769,1.4376672591445019
2.2439469734867434,0.1555833117742836,0.3918427547595168,0.2362594429852332,-0.05466192951741543,0.011525956044164128,-0.08318774035831615,0.08398242559401714,1.4331193189842912
2.2464232116058027,0.1552790308016267,0.3918427547595168,0.2365637239578901,-0.05460331215925015,0.011895014188057551,-0.08307344262117697,0.08392072587548366,1.428576296549623
2.2488994497248624,0.1549724875583578,0.3918427547595168,0.236870267201159,-0.054544359496436226,0.012262650208032091,-0.08295599662294216,0.08385743834526631,1.4240379691550762
2.251375687843922,0.1546636682597809,0.3918427547595168,0.2371790864997359,-0.05448507581896619,0.012628854105260646,-0.0828354027645684,0.0837925528145564,1.4195041138067845
2.2538519259629815,0.15435256017809085,0.3918427547595168,0.23749019458142595,-0.05442546555949571,0.012993615835051785,-0.08271166183035815,0.08372605959442038,1.4149745072365134
2.256328164082041,0.15403915164362297,0.3918427547595168,0.23780360311589382,-0.05436553329194436,0.01335692531051943,-0.0825847749932375,0.08365794949934204,1.4104489259352038
2.2588044022011005,0.15372343204566014,0.3918427547595168,0.23811932271385666,-0.05430528373002395,0.013718772406332645,-0.08245474381985754,0.08358821385060868,1.4059271461860106
2.26128064032016,0.15340539183279162,0.3918427547595168,0.23843736292672518,-0.05424472172569446,0.01407914696254341,-0.08232157027551394,0.08351684447953764,1.4014089440968385
2.2637568784392195,0.15308502251282602,0.3918427547595168,0.23875773224669078,-0.05418385226754881,0.014438038788487484,-0.08218525672888155,0.0834438337305402,1.39689409563242
2.266233116558279,0.15276231665224832,0.3918427547595168,0.23908043810726848,-0.05412268047912582,0.014795437666756518,-0.0820458059565567,0.08336917446401776,1.3923823766459336
2.2687093546773385,0.15243726787522321,0.3918427547595168,0.23940548688429358,-0.05406121161715287,0.015151333357235997,-0.08190322114740488,0.08329286005908791,1.3878735629102066
2.271185592796398,0.15210987086213973,0.3918427547595168,0.23973288389737707,-0.05399945106971819,0.015505715601207646,-0.0817575059067076,0.08321488441613593,1.3833674301485004
2.273661830915458,0.15178012134769564,0.3918427547595168,0.24006263341182116,-0.053937404354373886,0.0158585741255102,-0.08160866426010516,0.0831352419591888,1.378863754064924
2.276138069034517,0.15144801611851985,0.3918427547595168,0.24039473864099695,-0.053875077116170074,0.016209898646756763,-0.08145670065733014,0.08305392763810761,1.374362310374478
2.278614307153577,0.15111355301033097,0.3918427547595168,0.24072920174918583,-0.05381247512562112,0.016559678875604257,-0.08130161997572868,0.082970936930596,1.3698628748327581
2.281090545272636,0.15077673090463123,0.3918427547595168,0.24106602385488557,-0.05374960427660488,0.016907904521070417,-0.08114342752356475,0.08288626584402049,1.365365223265347
2.283566783391696,0.1504375497249344,0.3918427547595168,0.2414052050345824,-0.053686470584195504,0.017254565294895982,-0.08098212904310405,0.08279991091704016,1.360869131596898
2.2860430215107552,0.1500960104325276,0.3918427547595168,0.2417467443269892,-0.05362308018243136,0.01759965091594636,-0.08081773071347412,0.0827118692210422,1.3563743758799551
2.288519259629815,0.14975211502176722,0.3918427547595168,0.24209063973774958,-0.05355943932201841,0.017943151114650648,-0.0806502391532975,0.0826221383613815,1.3518807323235076
2.2909954977488747,0.1494058665149091,0.3918427547595168,0.24243688824460768,-0.05349555436797098,0.01828505563747203,-0.0804796614230944,0.08253071647842006,1.3473879773213226
2.293471735867934,0.14905726895647267,0.3918427547595168,0.24278548580304413,-0.053431431797190225,0.0186253542514073,-0.08030600502745208,0.08243760224836465,1.342895887480059
2.2959479739869937,0.14870632740714118,0.3918427547595168,0.24313642735237562,-0.05336707819598202,0.018964036748510337,-0.08012927791695855,0.08234279488390002,1.338404239647192
2.298424212106053,0.14835304793720006,0.3918427547595168,0.24348970682231674,-0.053302500257515775,0.01930109295043537,-0.07994948848989789,0.08224629413461533,1.3339128109387777
2.3009004502251127,0.14799743761951262,0.3918427547595168,0.24384531714000418,-0.0532377047792247,0.019636512712996948,-0.07976664559370451,0.08214810028722119,1.3294213787670566
2.303376688344172,0.14763950452203917,0.3918427547595168,0.24420325023747763,-0.05317269866014994,0.01997028593074085,-0.07958075852617527,0.08204821416555612,1.3249297208679465
2.3058529264632317,0.14727925769989753,0.3918427547595168,0.24456349705961927,-0.05310748889822914,0.02030240254152364,-0.07939183703643617,0.08194663713037957,1.3204376153284154
2.308329164582291,0.14691670718697397,0.3918427547595168,0.24492604757254283,-0.05304208258753179,0.02063285253109473,-0.07919989132566391,0.08184337107895101,1.3159448406137848
2.3108054027013507,0.14655186398707967,0.3918427547595168,0.24529089077243713,-0.052976486915441955,0.020961625937678672,-0.07900493204755835,0.08173841844439171,1.3114511755949547
2.3132816408204104,0.14618474006466636,0.3918427547595168,0.24565801469485044,-0.052910709159791174,0.021288712856551747,-0.07880697030856787,0.08163178219483028,1.3069563995756022
2.3157578789394697,0.14581534833509702,0.3918427547595168,0.24602740642441978,-0.05284475668594216,0.02161410344461004,-0.07860601766786364,0.08152346583232827,1.3024602923193453
2.3182341170585294,0.14544370265447998,0.3918427547595168,0.24639905210503682,-0.05277863694382561,0.021937787924924342,-0.07840208613706395,0.08141347339158643,1.2979626340769086
2.3207103551775887,0.14506981780907224,0.3918427547595168,0.24677293695044455,-0.052712357464931914,0.02225975659127703,-0.07819518817970804,0.08130180943843042,1.2934632056133148
2.3231865932966485,0.1446937095042547,0.3918427547595168,0.2471490452552621,-0.052645925859259216,0.022579999812678327,-0.07798533671047815,0.0811884790680747,1.2889617882351037
2.3256628314157077,0.14431539435308693,0.3918427547595168,0.24752736040642986,-0.05257934981222009,0.02289850803785605,-0.07777254509417099,0.08107348790316486,1.284458163817621
2.3281390695347675,0.14393488986444736,0.3918427547595168,0.24790786489506944,-0.05251263708150853,0.02321527179971649,-0.07755682714441821,0.08095684209159765,1.279952114832376
2.3306153076538267,0.14355221443076444,0.3918427547595168,0.24829054032875236,-0.05244579549392935,0.023530281719770604,-0.07733819712215652,0.08083854830411856,1.2754434243745092
2.3330915457728865,0.14316738731534728,0.3918427547595168,0.24867536744416951,-0.05237883294219184,0.023843528512523367,-0.07711666973384827,0.08071861373169725,1.2709318761903636
2.335567783891946,0.14278042863932078,0.3918427547595168,0.24906232612019602,-0.05231175738166979,0.024155002989820405,-0.07689226012945341,0.08059704608268074,1.2664172547052075
2.3380440220110055,0.14239135936817615,0.3918427547595168,0.24945139539134065,-0.05224457682713003,0.024464696065149557,-0.07666498390015433,0.08047385357972531,1.2618993450511056
2.340520260130065,0.1420002012979405,0.3918427547595168,0.2498425534615763,-0.05217729934943146,0.02477259875789278,-0.07643485707583415,0.08034904495650677,1.2573779330949617
2.3429964982491245,0.14160697704097802,0.3918427547595168,0.2502357777185388,-0.05210993307219674,0.025078702197524054,-0.07620189612231162,0.08022262945421117,1.2528528054667676
2.345472736368184,0.1412117100114283,0.3918427547595168,0.2506310447480885,-0.05204248616845887,0.025382997627750876,-0.07596611793833309,0.0800946168178058,1.2483237495880506
2.3479489744872435,0.14081442441029268,0.3918427547595168,0.2510283303492241,-0.051974966857284824,0.025685476410594075,-0.0757275398523248,0.07996501729209234,1.243790553700561
2.350425212606303,0.14041514521017684,0.3918427547595168,0.25142760954933996,-0.05190738340037827,0.025986130030403697,-0.07548617961890719,0.07983384161754317,1.239253006895201
2.3529014507253625,0.14001389813969978,0.3918427547595168,0.251828856619817,-0.05183974409866397,0.026284950097806056,-0.07524205541517444,0.07970110102592269,1.2347108991412272
2.3553776888444222,0.1396107096675785,0.3918427547595168,0.2522320450919383,-0.05177205728885575,0.02658192835357994,-0.07499518583674145,0.07956680723569497,1.2301640213157257
2.357853926963482,0.1392056069863999,0.3918427547595168,0.2526371477731169,-0.05170433134001049,0.026877056672456906,-0.0747455898935621,0.07943097244722006,1.2256121652333987
2.3603301650825412,0.1387986179960885,0.3918427547595168,0.2530441367634283,-0.05163657465007047,0.027170327066843615,-0.07449328700552149,0.07929360933774078,1.221055123676663
2.362806403201601,0.13838977128708208,0.3918427547595168,0.2534529834724347,-0.05156879564239605,0.027461731690462822,-0.07423829699780565,0.0791547310561622,1.2164926904260753
2.3652826413206602,0.13797909612322634,0.3918427547595168,0.25386365863629046,-0.05150100276229149,0.027751262841908396,-0.07398064009605348,0.0790143512176268,1.2119246602911262
2.36775887943972,0.13756662242439827,0.3918427547595168,0.25427613233511853,-0.05143320447352567,0.028038912968113915,-0.07372033692129293,0.0788724838978868,1.2073508291413757
2.3702351175587792,0.13715238074887187,0.3918427547595168,0.2546903740106449,-0.05136540925485046,0.028324674667728922,-0.07345740848466781,0.07872914362747781,1.2027709939379922
2.372711355677839,0.1367364022754362,0.3918427547595168,0.2551063524840806,-0.05129762559651863,0.028608540694402728,-0.07319187618195776,0.07858434538569582,1.198184952765669
2.3751875937968987,0.1363187187852783,0.3918427547595168,0.2555240359742385,-0.051229861996804085,0.02889050395997044,-0.07292376178789685,0.07843810459438061,1.1935925048649678
2.377663831915958,0.13589936264364344,0.3918427547595168,0.25594339211587336,-0.05116212695852621,0.02917055753754074,-0.07265308745029536,0.0782904371115096,1.1889934506650766
2.3801400700350177,0.13547836678128328,0.3918427547595168,0.2563643879782335,-0.05109442898558096,0.02944869466448153,-0.07237987568396906,0.07814135922460447,1.1843875918170073
2.382616308154077,0.13505576467570846,0.3918427547595168,0.25678699008380834,-0.051026776579480994,0.029724908745301065,-0.07210414936448267,0.07799088764395558,1.1797747312272564
2.3850925462731367,0.1346315903322512,0.3918427547595168,0.2572111644272656,-0.05095917823590665,0.02999919335442308,-0.07182593172170997,0.07783903949566569,1.1751546730919173
2.387568784392196,0.134205878264959,0.3918427547595168,0.2576368764945578,-0.050891642441270736,0.030271542238852554,-0.07154524633321938,0.07768583231451971,1.1705272229312835
2.3900450225112557,0.1337786634773248,0.3918427547595168,0.258064091282192,-0.050824177669298656,0.030541949320731177,-0.07126211711748719,0.07753128403668141,1.1658921876249315
2.392521260630315,0.13334998144287213,0.3918427547595168,0.25849277331664466,-0.05075679237762659,0.030810408699779194,-0.0709765683269471,0.07737541299222395,1.1612493754473179
2.3949974987493747,0.13291986808560396,0.3918427547595168,0.25892288667391283,-0.05068949500441963,0.031076914655623324,-0.07068862454087933,0.0772182378974961,1.1565985961038763
2.3974737368684345,0.1324883597603317,0.3918427547595168,0.2593543949991851,-0.0506222939650121,0.031341461650007396,-0.07039831065814725,0.07705977784733027,1.1519396607676506
2.3999499749874937,0.13205549323289567,0.3918427547595168,0.2597872615266211,-0.05055519764857226,0.03160404432888542,-0.07010565188978664,0.07690005230709598,1.1472723821164548
2.4024262131065535,0.13162130566029023,0.3918427547595168,0.26022144909922656,-0.05048821441479332,0.03186465752439481,-0.06981067375145364,0.0767390811046032,1.1425965743705766
2.4049024512256127,0.1311858345707076,0.3918427547595168,0.2606569201888092,-0.05042135259061308,0.03212329625670854,-0.06951340205573849,0.0765768844218607,1.1379120533310376
2.4073786893446725,0.13074911784351323,0.3918427547595168,0.26109363691600357,-0.05035462046696391,0.03237995573576533,-0.06921386290435066,0.07641348278669394,1.1332186364184071
2.4098549274637318,0.130311193689166,0.3918427547595168,0.2615315610703508,-0.05028802629555541,0.032634631362876074,-0.0689120826801826,0.07624889706422736,1.1285161427121937
2.4123311655827915,0.1298721006290957,0.3918427547595168,0.2619706541304211,-0.05022157828569135,0.03288731873220637,-0.06860808803925765,0.07608314844823563,1.123804392990799
2.4148074037018508,0.12943187747555307,0.3918427547595168,0.26241087728396373,-0.050155284601123076,0.03313801363213343,-0.0683019059025704,0.07591625845237002,1.1190832097720662
2.4172836418209105,0.12899056331144204,0.3918427547595168,0.26285219144807476,-0.050089153356941106,0.033386712046477425,-0.06799356344782412,0.07574824890126296,1.1143524173544013
2.41975987993997,0.12854819747015184,0.3918427547595168,0.26329455728936496,-0.05002319261650673,0.03363341015560584,-0.06768308810107442,0.07557914192151834,1.1096118418584993
2.4222361180590295,0.12810481951539715,0.3918427547595168,0.26373793524411965,-0.04995741038842551,0.033878104337411195,-0.06737050752828365,0.07540895993259053,1.1048613112696553
2.4247123561780892,0.1276604692210832,0.3918427547595168,0.2641822855384336,-0.04989181462356419,0.03412079116816121,-0.06705584962679474,0.07523772563755883,1.1001006554806776
2.4271885942971485,0.1272151865512059,0.3918427547595168,0.2646275682083109,-0.049826413212112994,0.03436146742322119,-0.06673914251673047,0.075065462013802,1.0953297063354055
2.4296648324162082,0.12676901163980092,0.3918427547595168,0.2650737431197159,-0.0497612139806945,0.0346001300776491,-0.06642041453232499,0.07489219230357813,1.09054829767282
2.4321410705352675,0.12632198477095502,0.3918427547595168,0.2655207699885618,-0.049696224689521215,0.03483677630666239,-0.0660996942131956,0.07471794000451563,1.0857562653717698
2.4346173086543272,0.12587414635888944,0.3918427547595168,0.26596860840062736,-0.0496314530296028,0.03507140348597785,-0.06577701029556007,0.07454272886002011,1.0809534473962867
2.4370935467733865,0.12542553692813063,0.3918427547595168,0.26641721783138617,-0.04956690662000474,0.03530400919202363,-0.0654523917034084,0.07436658284960318,1.0761396838415154
2.4395697848924462,0.12497619709377811,0.3918427547595168,0.2668665576657387,-0.04950259300515987,0.03553459120202486,-0.06512586753963395,0.07418952617913778,1.07131481698023
2.442046023011506,0.12452616754188384,0.3918427547595168,0.26731658721763296,-0.049438519652233885,0.035763147493962484,-0.06479746707713317,0.07401158327104665,1.066478691309959
2.4445222611305653,0.1240754890099503,0.3918427547595168,0.2677672657495665,-0.049374693948546225,0.03598967624640638,-0.06446721974987814,0.0738327787544274,1.061631153600692
2.446998499249625,0.1236242022675651,0.3918427547595168,0.2682185524919517,-0.049311123199047666,0.03621417583822393,-0.06413515514397133,0.07365313745512185,1.0567720529431752
2.4494747373686843,0.12317234809717781,0.3918427547595168,0.268670406662339,-0.049247814623855544,0.03643664484816357,-0.06380130298868823,0.07347268438573347,1.0519012407977952
2.451950975487744,0.12271996727503298,0.3918427547595168,0.2691227874844838,-0.04918477535584793,0.03665708205431595,-0.06346569314751399,0.07329144473559827,1.0470185710440216
2.4544272136068033,0.12226710055226991,0.3918427547595168,0.2695756542072469,-0.049122012438317625,0.03687548643345226,-0.06312835560918278,0.07310944386071584,1.0421239000304297
2.456903451725863,0.12181378863619835,0.3918427547595168,0.27002896612331845,-0.049059532822687116,0.03709185716024217,-0.06278932047872406,0.07292670727364375,1.0372170866252617
2.4593796898449227,0.12136007217176248,0.3918427547595168,0.2704826825877543,-0.04899734336628512,0.03730619360635167,-0.06244861796852486,0.07274326063336288,1.032297992267546
2.461855927963982,0.12090599172320177,0.3918427547595168,0.27093676303631503,-0.04893545083018597,0.037518495339422746,-0.06210627838941264,0.07255912973511679,1.027366481018738
2.4643321660830417,0.12045158775591824,0.3918427547595168,0.27139116700359855,-0.04887386187711214,0.03772876212193633,-0.06176233214176602,0.07237434050023171,1.0224224196148806
2.466808404202101,0.119996900618562,0.3918427547595168,0.2718458541409548,-0.04881258306940117,0.037936993909959776,-0.061416809706660254,0.07218891896592193,1.0174656775192747
2.4692846423211607,0.11954197052534099,0.3918427547595168,0.2723007842341758,-0.04875162086703709,0.038143190851781084,-0.061069741637052304,0.07200289127508504,1.012496126975625
2.47176088044022,0.11908683753856619,0.3918427547595168,0.2727559172209506,-0.04869098162574735,0.03834735328643079,-0.06072115854901337,0.07181628366609312,1.0075136430616685
2.4742371185592797,0.11863154155144062,0.3918427547595168,0.2732112132080762,-0.0486306715951656,0.03854948174209449,-0.060371091113013316,0.07162912246258384,1.0025181037432433
2.476713356678339,0.11817612227109897,0.3918427547595168,0.2736666324884178,-0.04857069691706073,0.038749576934416705,-0.06001957004526442,0.07144143406325688,0.9975093899287968
2.4791895947973988,0.11772061920190824,0.3918427547595168,0.27412213555760856,-0.04851106362363282,0.03894763976469927,-0.05966662609912889,0.07125324493168037,0.9924873855242948
2.4816658329164585,0.11726507162903521,0.3918427547595168,0.2745776831304816,-0.04845177763587603,0.03914367131799523,-0.05931229005659722,0.07106458158611197,0.9874519774885261
2.4841420710355178,0.11680951860228861,0.3918427547595168,0.2750332361572282,-0.04839284476200881,0.03933767286110125,-0.05895659271984183,0.0708754705893395,0.9824030558887634
2.4866183091545775,0.11635399892024345,0.3918427547595168,0.27548875583927335,-0.048334270695971814,0.039529645840450434,-0.058599564902851765,0.07068593853854511,0.9773405139567574
2.4890945472736368,0.11589855111465452,0.3918427547595168,0.2759442036448623,-0.048276061015993486,0.03971959187990756,-0.05824123742315469,0.07049601205519851,0.9722642481450503
2.4915707853926965,0.11544321343516384,0.3918427547595168,0.27639954132435296,-0.048218221183223345,0.039907512778469906,-0.05788164109362932,0.07030571777498226,0.9671741581835527
2.494047023511756,0.11498802383431028,0.3918427547595168,0.2768547309252065,-0.048160756540433246,0.04009341050787476,-0.05752080671441588,0.07011508233775493,0.9620701471363887
2.4965232616308155,0.1145330199528457,0.3918427547595168,0.2773097348066711,-0.0481036723107864,0.040277287210117765,-0.0571587650649269,0.06992413237755492,0.9569521214589375
2.498999499749875,0.11407823910536374,0.3918427547595168,0.27776451565415305,-0.04804697359667419,0.04045914519488303,-0.056795546895965277,0.06973289451265033,0.9518199910550746
2.5014757378689345,0.11362371826624551,0.3918427547595168,0.2782190364932713,-0.047990665378620415,0.040638986936888735,-0.05643118292195252,0.06954139533563788,0.9466736693345498
2.5039519759879942,0.11316949405592802,0.3918427547595168,0.2786732607035888,-0.04793475251425323,0.04081681507314997,-0.0560657038132727,0.0693496614035955,0.9415130732704833
2.5064282141070535,0.11271560272749936,0.3918427547595168,0.27912715203201743,-0.0478792397373439,0.04099263240016224,-0.05569914018873575,0.069157719228292,0.9363381234569301
2.5089044522261132,0.11226208015362377,0.3918427547595168,0.27958067460589303,-0.04782413165691266,0.04116644187100796,-0.05533152260816408,0.06896559526645768,0.9311487441664732
2.5113806903451725,0.1118089618138024,0.3918427547595168,0.2800337929457144,-0.04776943275640106,0.04133824659238826,-0.05496288156510738,0.06877331591011968,0.925944863407817
2.5138569284642323,0.1113562827819714,0.3918427547595168,0.2804864719775454,-0.04771514739291023,0.041508049821583994,-0.054593247479688134,0.06858090747700539,0.9207264129833158
2.5163331665832915,0.11090407771444105,0.3918427547595168,0.28093867704507575,-0.047661279796504974,0.041675854963347254,-0.05422265069158235,0.06838839620101726,0.9154933285464147
2.5188094047023513,0.11045238083817882,0.3918427547595168,0.281390373921338,-0.04760783406958295,0.04184166556672771,-0.05385112145313829,0.06819580822278257,0.910245549658935
2.5212856428214105,0.1100012259394395,0.3918427547595168,0.2818415288200773,-0.04755481418630849,0.04200548532183532,-0.05347868992263724,0.06800316958028137,0.904983019848177
2.5237618809404703,0.10955064635274236,0.3918427547595168,0.28229210840677443,-0.047502223992110314,0.04216731805654329,-0.05310538615769815,0.06781050619955525,0.8997056866637672
2.52623811905953,0.10910067495020115,0.3918427547595168,0.28274207980931565,-0.04745006720324292,0.04232716773313333,-0.052731240108830874,0.06761784388550095,0.8944135017342255
2.5287143571785893,0.10865134413120264,0.3918427547595168,0.28319141062831416,-0.04739834740641031,0.042485038444886644,-0.052356281613138544,0.06742520831275026,0.8891064208231697
2.531190595297649,0.10820268581244175,0.3918427547595168,0.28364006894707505,-0.04734706805845196,0.04264093441262348,-0.05198054038817361,0.06723262501664058,0.883784403885125
2.5336668334167083,0.10775473141830855,0.3918427547595168,0.28408802334120825,-0.047296232486089995,0.042794859981193575,-0.051604046025948966,0.06704011938427781,0.8784474151208774
2.536143071535768,0.10730751187163101,0.3918427547595168,0.2845352428878858,-0.04724584388573686,0.042946819615921436,-0.05122682798710611,0.06684771664569443,0.873095423032299
2.5386193096548273,0.10686105758477249,0.3918427547595168,0.2849816971747443,-0.047195905323362486,0.04309681789900809,-0.050848915595243606,0.06665544186510561,0.867728400476612
2.541095547773887,0.10641539845108483,0.3918427547595168,0.28542735630843197,-0.04714641973442037,0.043244859525893485,-0.05047033803140603,0.06646331993226527,0.8623463247200002
2.5435717858929467,0.10597056383671599,0.3918427547595168,0.2858721909228008,-0.047097389923831556,0.04339094930158119,-0.050091124328736934,0.06627137555392501,0.856949177490536
2.546048024012006,0.10552658257277281,0.3918427547595168,0.286316172186744,-0.04704881856602549,0.04353509213692941,-0.049711303367296025,0.0660796332453977,0.8515369450303355
2.5485242621310658,0.10508348294783698,0.3918427547595168,0.2867592718116798,-0.047000708205037,0.04367729304491027,-0.04933090386904217,0.06588811732222773,0.8461096181468867
2.551000500250125,0.10464129270083433,0.3918427547595168,0.28720146205868247,-0.04695306125465825,0.04381755713684071,-0.04894995439298445,0.06569685189197089,0.8406671922634914
2.5534767383691848,0.10420003901425534,0.3918427547595168,0.28764271574526146,-0.04690587999864485,0.04395588961858785,-0.048568483330500574,0.06550586084608453,0.835209667468734
2.555952976488244,0.10375974850772679,0.3918427547595168,0.28808300625179,-0.04685916659097495,0.04409229578675127,-0.048186518900825655,0.06531516785193155,0.8297370485649358
2.5584292146073038,0.1033204472319299,0.3918427547595168,0.2885223075275869,-0.0468129230561603,0.044226781024825385,-0.04780408914670977,0.06512479634489791,0.8242493451154945
2.560905452726363,0.10288216066286743,0.3918427547595168,0.28896059409664937,-0.046767151289608316,0.04435935079934455,-0.047421221930247254,0.06493476952062795,0.8187465714910678
2.5633816908454228,0.10244491369647274,0.3918427547595168,0.28939784106304406,-0.04672185305803397,0.04449001065601346,-0.04703794492887587,0.06474511032737647,0.8132287469145039
2.5658579289644825,0.1020087306435628,0.3918427547595168,0.289834024115954,-0.04667702999992034,0.044618766215826014,-0.04665428563154834,0.06455584145848178,0.8076958955044676
2.568334167083542,0.10157363522512952,0.3918427547595168,0.2902691195343873,-0.04663268362602708,0.044745623171174774,-0.04627027133507445,0.06436698534495915,0.802148046317673
2.5708104052026015,0.10113965056796759,0.3918427547595168,0.2907031041915492,-0.046588815319945034,0.04487058728195416,-0.04588592914063479,0.06417856414821714,0.7965852333896541
2.573286643321661,0.10070679920063696,0.3918427547595168,0.29113595555887983,-0.04654542633869656,0.04499366437165964,-0.045501285950466146,0.0639905997528984,0.7910074957740079
2.5757628814407205,0.10027510304975484,0.3918427547595168,0.29156765170976195,-0.046502517813379836,0.04511486032348583,-0.045116368464717053,0.06380311375984522,0.7854148775800139
2.57823911955978,0.0998445834366159,0.3918427547595168,0.2919981713229009,-0.046460090749856506,0.04523418107642578,-0.044731203178474774,0.06361612747919247,0.7798074280085799
2.5807153576788395,0.09941526107413506,0.3918427547595168,0.29242749368538173,-0.04641814602948097,0.04535163262137425,-0.044345816378961234,0.06342966192358779,0.7741852013864123
2.583191595797899,0.09898715606411213,0.3918427547595168,0.2928555986954047,-0.04637668440987065,0.045467220997236976,-0.043960234142899186,0.06324373780154133,0.7685482571983611
2.5856678339169585,0.09856028789481053,0.3918427547595168,0.29328246686470627,-0.04633570652571564,0.04558095228704914,-0.04357448233404589,0.06305837551090519,0.7628966601178362
2.5881440720360183,0.09813467543885124,0.3918427547595168,0.29370807932066556,-0.046295212889626916,0.04569283261410462,-0.04318858660089515,0.0628735951324847,0.7572304800352471
2.5906203101550775,0.0977103369514124,0.3918427547595168,0.2941324178081044,-0.046255203893021735,0.045802868138098835,-0.04280257237454488,0.062689416423781,0.7515497920843627
2.5930965482741373,0.09728729006873538,0.3918427547595168,0.2945554646907814,-0.0462156798070449,0.0459110650512877,-0.042416464866730466,0.0625058588128677,0.7458546766665345
2.5955727863931966,0.09686555180692913,0.3918427547595168,0.29497720295258767,-0.046176640783525194,0.04601742957466404,-0.042030289068022184,0.06232294139240116,0.7401452194727086
2.5980490245122563,0.09644513856107173,0.3918427547595168,0.29539761619844507,-0.04613808685596524,0.04612196795415522,-0.04164406974618434,0.062140682913765816,0.7344215115031272
2.6005252626313156,0.0960260661046019,0.3918427547595168,0.2958166886549149,-0.046100017940564196,0.046224686456842426,-0.04125783144469658,0.06195910178135562,0.7286836490846857
2.6030015007503753,0.0956083495889965,0.3918427547595168,0.2962344051705203,-0.04606243383727134,0.0463255913672051,-0.040871598481433256,0.06177821604699155,0.7229317338858302
2.6054777388694346,0.09519200354373225,0.3918427547595168,0.29665075121578455,-0.04602533423087046,0.046424688983391964,-0.04048539494750191,0.06159804340447745,0.7171658729289601
2.6079539769884943,0.09477704187652158,0.3918427547595168,0.2970657128829952,-0.04598871869209273,0.046521985613520875,-0.040099244706236215,0.06141860118429315,0.7113861786002312
2.610430215107554,0.09436347787382326,0.3918427547595168,0.29747927688569353,-0.045952586678757984,0.04661748757200935,-0.039713171392344135,0.061239906348427305,0.7055927686567234
2.6129064532266133,0.09395132420161861,0.3918427547595168,0.2978914305578982,-0.04591693753694239,0.04671120117593789,-0.03932719841120726,0.06106197548534934,0.6997857662308746
2.615382691345673,0.09354059290645167,0.3918427547595168,0.29830216185306513,-0.045881770502172105,0.04680313274144799,-0.03894134893833017,0.06088482480512192,0.6939652998321305
2.6178589294647323,0.09313129541672588,0.3918427547595168,0.2987114593427909,-0.04584708470064123,0.04689328858017645,-0.03855564591893805,0.06070847013465445,0.6881315033457476
2.620335167583792,0.09272344254425391,0.3918427547595168,0.2991193122152629,-0.045812879150453366,0.04698167499572832,-0.03817011206771911,0.060532926913098126,0.6822845160286694
2.6228114057028513,0.09231704448605482,0.3918427547595168,0.299525710273462,-0.045779152762885605,0.04706829828018931,-0.03778476986871094,0.06035821018738311,0.6764244825024415
2.625287643821911,0.09191211082639295,0.3918427547595168,0.29993064393312385,-0.04574590434367356,0.04715316471068074,-0.03739964157532703,0.06018433460789874,0.6705515527430727
2.6277638819409703,0.09150865053905588,0.3918427547595168,0.3003341042204609,-0.045713132594317044,0.047236280545957215,-0.03701474921052256,0.06001131442431716,0.6646658820678251
2.63024012006003,0.0911066719898625,0.3918427547595168,0.3007360827696543,-0.04568083611340458,0.047317652023049675,-0.03663011456709497,0.059839163481560466,0.65876763111884
2.6327163581790898,0.09070618293939975,0.3918427547595168,0.30113657182011705,-0.0456490133979564,0.04739728535395514,-0.03624575920811903,0.05966789521591319,0.6528569658435812
2.635192596298149,0.09030719054598096,0.3918427547595168,0.30153556421353583,-0.04561766284478445,0.047475186722374385,-0.0358617044675121,0.05949752265127928,0.6469340574720296
2.637668834417209,0.0899097013688202,0.3918427547595168,0.3019330533906966,-0.0455867827518687,0.04755136228049932,-0.03547797145072693,0.05932805839558453,0.64099908249058
2.640145072536268,0.08951372137142044,0.3918427547595168,0.30232903338809636,-0.04555637131974872,0.04762581814585146,-0.03509458103557113,0.05915951463732595,0.635052222612624
2.642621310655328,0.08911925592516623,0.3918427547595168,0.30272349883435057,-0.04552642665292941,0.047698560398172885,-0.03471155387314776,0.05899190314226679,0.6290936647457418
2.645097548774387,0.08872630981311946,0.3918427547595168,0.30311644494639733,-0.04549694676130027,0.04776959507637066,-0.034328910388916854,0.05882523525027927,0.6231236009555087
2.647573786893447,0.08833488723401117,0.3918427547595168,0.3035078675255056,-0.045467929561566985,0.047838928175516854,-0.0339466707838728,0.05865952187233462,0.617142228425844
2.6500500250125065,0.08794499180642568,0.3918427547595168,0.3038977629530911,-0.04543937287869469,0.04790656564390449,-0.03356485503583684,0.058494773487641365,0.611149749415915
2.652526263131566,0.08755662657317043,0.3918427547595168,0.30428612818634637,-0.045411274447361934,0.047972513380161105,-0.03318348290085976,0.05833100014093182,0.6051463712135389
2.6550025012506255,0.08716979400582814,0.3918427547595168,0.30467296075368866,-0.04538363191342442,0.048036777230421324,-0.03280257391473293,0.05816821143989767,0.5991323060850745
2.657478739369685,0.08678449600948579,0.3918427547595168,0.305058258750031,-0.045356442835387804,0.0480993629855588,-0.03242214739460505,0.058006416552774914,0.5931077712218051
2.6599549774887445,0.08640073392763581,0.3918427547595168,0.305442020831881,-0.045329704685888914,0.048160276378479555,-0.03204222244070007,0.05784562420607836,0.5870729886827634
2.662431215607804,0.08601850854724391,0.3918427547595168,0.3058242462122729,-0.045303414853184114,0.0482195230814769,-0.03166281793813532,0.057685842682486554,0.581028185334035
2.6649074537268636,0.08563782010398013,0.3918427547595168,0.30620493465553666,-0.045277570642644704,0.04827710870364977,-0.03128395255883446,0.057527079818876795,0.5749735927844941
2.667383691845923,0.08525866828760731,0.3918427547595168,0.3065840864719095,-0.04525216927825806,0.04833303878838459,-0.030905644763534672,0.05736934300451146,0.5689094473180163
2.6698599299649826,0.08488105224752296,0.3918427547595168,0.30696170251199384,-0.04522720790413411,0.04838731881090237,-0.030527912803882604,0.057212639179375094,0.5628359898221355
2.6723361680840423,0.08450497059844997,0.3918427547595168,0.30733778416106683,-0.04520268358601649,0.048439954175871415,-0.030150774724618017,0.05705697483266342,0.5567534657131884
2.6748124062031016,0.08413042142627136,0.3918427547595168,0.30771233333324544,-0.045178593312797395,0.0484909502150867,-0.029774248365840535,0.056902356001423834,0.5506621248579411
2.6772886443221613,0.08375740229400452,0.3918427547595168,0.3080853524655123,-0.04515493399803595,0.0485403121852168,-0.02939835136535683,0.05674878826934796,0.5445622214917233
2.6797648824412206,0.08338591024791231,0.3918427547595168,0.3084568445116045,-0.045131702481479005,0.048588045265618995,-0.029023101161106003,0.056596276765716956,0.5384540141331116
2.6822411205602803,0.0830159418237435,0.3918427547595168,0.3088268129357733,-0.04510889553058424,0.04863415455622351,-0.028648514993658076,0.05644482616449879,0.5323377654951612
2.6847173586793396,0.08264749305310182,0.3918427547595168,0.309195261706415,-0.04508650984204445,0.04867864507548719,-0.028274609908784883,0.05629444068359868,0.5262137423932629
2.6871935967983993,0.08228055946993729,0.3918427547595168,0.3095621952895795,-0.045064542043313095,0.048721521758418145,-0.02790140276009764,0.05614512408426218,0.5200822156496172
2.6896698349174586,0.08191513611715695,0.3918427547595168,0.30992761864235985,-0.04504298869413003,0.04876278945467093,-0.027528910211750704,0.05599687967063163,0.5139434599944249
2.6921460730365183,0.08155121755334982,0.3918427547595168,0.310291537206167,-0.04502184628804723,0.04880245292671382,-0.027157148741205603,0.05584971028945525,0.5077977539637906
2.694622311155578,0.08118879785962418,0.3918427547595168,0.3106539568998926,-0.04500111125395401,0.048840516848068304,-0.026786134642055055,0.055703618329950036,0.5016453797944451
2.6970985492746373,0.08082787064655161,0.3918427547595168,0.3110148841129652,-0.04498077995760105,0.048876985801621434,-0.02641588402690141,0.05555860572381751,0.4954866233153081
2.699574787393697,0.08046842906121399,0.3918427547595168,0.3113743256983028,-0.04496084870312311,0.04891186427801161,-0.0260464128302875,0.055414673945412635,0.48932177383597314
2.7020510255127563,0.0801104657943531,0.3918427547595168,0.3117322889651637,-0.04494131373455988,0.04894515667408851,-0.02567773681167751,0.05527182401206649,0.4831511240321968
2.704527263631816,0.0797539730876135,0.3918427547595168,0.3120887816719033,-0.04492217123737436,0.04897686729144718,-0.025309871558482647,0.055130056484561284,0.47697496982843485
2.7070035017508753,0.07939894274088222,0.3918427547595168,0.3124438120186346,-0.04490341733996888,0.04900700033503734,-0.02494283248913115,0.054989371467759174,0.4707936102775452
2.709479739869935,0.07904536611971502,0.3918427547595168,0.3127973886398018,-0.044885048115197904,0.049035559911847854,-0.024576634856176872,0.05484976861138311,0.4646073474377011
2.7119559779889943,0.07869323416285173,0.3918427547595168,0.31314952059666507,-0.04486705958187761,0.04906255002966712,-0.02421129374944593,0.054711247110951045,0.4584164862466428
2.714432216108054,0.0783425373898135,0.3918427547595168,0.3135002173697033,-0.04484944770629187,0.049087974595919445,-0.02384682409921606,0.054573805708861695,0.4522213343933261
2.716908454227114,0.07799326590858191,0.3918427547595168,0.3138494888509349,-0.04483220840369423,0.04911183741657828,-0.023483240679427555,0.054437442695633116,0.44602220218709276
2.719384692346173,0.07764540942335418,0.3918427547595168,0.3141973453361626,-0.04481533753980584,0.049134142195156,-0.02312055811092137,0.05430215591129234,0.4398194024244468
2.721860930465233,0.07729895724237346,0.3918427547595168,0.31454379751714334,-0.04479883093230872,0.04915489253177126,-0.022758790864701908,0.05416794274691647,0.43361325025354536
2.724337168584292,0.07695389828583132,0.3918427547595168,0.3148888564736855,-0.04478268435233471,0.049174091922293606,-0.02239795326522209,0.05403480014632472,0.4274040630365282
2.726813406703352,0.07661022109383808,0.3918427547595168,0.3152325336656787,-0.04476689352594913,0.049191743757566075,-0.022038059493686236,0.05390272460792028,0.4211921602097718
2.729289644822411,0.07626791383446108,0.3918427547595168,0.3155748409250557,-0.04475145413562976,0.04920785132270589,-0.021679123591369694,0.05377171218668241,0.4149778631422147
2.731765882941471,0.07592696431182466,0.3918427547595168,0.31591579044769214,-0.044736361821740296,0.049222417796483356,-0.02132115946295035,0.05364175849630695,0.40876149499184616
2.7342421210605306,0.0755873599742738,0.3918427547595168,0.316255394785243,-0.04472161218399856,0.04923544625077965,-0.02096418087985093,0.053512858711495866,0.40254338056050554
2.73671835917959,0.07524908792259466,0.3918427547595168,0.31659366683692214,-0.04470720078293909,0.049246939650122924,-0.020608201483587812,0.05338500757039377,0.39632384614710175
2.7391945972986496,0.07491213491829263,0.3918427547595168,0.31693061984122417,-0.04469312314136999,0.04925690085130392,-0.020253234789123838,0.0532581993771716,0.3901032193993801
2.741670835417709,0.07457648739192502,0.3918427547595168,0.3172662673675918,-0.0446793747458243,0.049265332603070346,-0.019899294188223258,0.05313242800475621,0.3838818291643904
2.7441470735367686,0.07424213145148467,0.3918427547595168,0.3176006233080321,-0.044665951048005026,0.04927223754590071,-0.019546392952804,0.053007686897704694,0.3776600053377519
2.746623311655828,0.07390905289083505,0.3918427547595168,0.31793370186868175,-0.044652847466224575,0.04927761821185773,-0.019194544238286936,0.052883969075223226,0.3714380787118931
2.7490995497748876,0.07357723719819231,0.3918427547595168,0.3182655175613245,-0.044640059386838044,0.049281477024521195,-0.01884376108693665,0.05276126713432836,0.3652163808233573
2.751575787893947,0.07324666956465398,0.3918427547595168,0.3185960851948628,-0.04462758216567036,0.049283816299000485,-0.018494056431193746,0.052639573253150565,0.3589952437993607
2.7540520260130066,0.07291733489277114,0.3918427547595168,0.31892541986674566,-0.04461541112943739,0.04928463824202709,-0.018145443096993362,0.052518879194378316,0.3527750002036949
2.7565282641320663,0.07258921780516409,0.3918427547595168,0.3192535369543527,-0.044603541577160885,0.04928394495212682,-0.0177979338070694,0.05239917630884182,0.3465559828821558
2.7590045022511256,0.07226230265317724,0.3918427547595168,0.31958045210633956,-0.04459196878157723,0.049281738419871914,-0.01745154118424024,0.052280455539234855,0.3403385248076115
2.7614807403701853,0.07193657352557337,0.3918427547595168,0.31990618123394343,-0.04458068799054002,0.04927802052821326,-0.0171062777546737,0.05216270742397342,0.3341229589248577
2.7639569784892446,0.07161201425726593,0.3918427547595168,0.32023074050225087,-0.04456969442841649,0.04927279305289263,-0.016762155951129648,0.052045922101190356,0.3279096179954199
2.7664332166083043,0.07128860843808477,0.3918427547595168,0.32055414632143203,-0.0445589832974778,0.04926605766293465,-0.016419188116175508,0.05193008931286332,0.3216988344424096
2.7689094547273636,0.07096633942157865,0.3918427547595168,0.32087641533793815,-0.04454854977928318,0.049257815921219146,-0.016077386505374724,0.05181519840907604,0.3154909401956166
2.7713856928464233,0.07064519033384753,0.3918427547595168,0.32119756442566927,-0.04453838903605793,0.04924806928513312,-0.015736763290442986,0.05170123835240995,0.3092862665369371
2.7738619309654826,0.07032514408240853,0.3918427547595168,0.32151761067710827,-0.04452849621206559,0.04923681910730299,-0.015397330562372238,0.05158819772246593,0.30308514394631714
2.7763381690845423,0.07000618336508874,0.3918427547595168,0.32183657139442806,-0.04451886643497371,0.04922406663640627,-0.015059100334517522,0.05147606472051288,0.2968879019483116
2.778814407203602,0.06968829067894944,0.3918427547595168,0.32215446408056736,-0.044509494817214085,0.049209813018063764,-0.014722084545646576,0.05136482717426356,0.290694868959432
2.7812906453226613,0.06937144832923431,0.3918427547595168,0.3224713064302825,-0.04450037645733689,0.04919405929581052,-0.014386295062947679,0.05125447254277342,0.2845063721363896
2.783766883441721,0.06905563843834522,0.3918427547595168,0.3227871163211716,-0.04449150644135905,0.049176806412147236,-0.01405174368499457,0.051144987921462944,0.278322737225382
2.7862431215607804,0.06874084295484162,0.3918427547595168,0.3231019118046752,-0.044482879844106794,0.04915805520967065,-0.013718442144666223,0.05103636004726025,0.27214428841256233
2.78871935967984,0.06842704366246316,0.3918427547595168,0.32341571109705364,-0.04447449173055282,0.04913780643228339,-0.013386402112017581,0.05092857530386236,0.2659713481757909
2.7911955977988994,0.06811422218917434,0.3918427547595168,0.32372853257034245,-0.0444663371571475,0.049116060726482946,-0.013055635197101323,0.050821619727113694,0.2598042371378386
2.793671835917959,0.06780236001622947,0.3918427547595168,0.32404039474328733,-0.04445841117314491,0.04909281864272965,-0.012726152952735778,0.05071547901049905,0.2536432739211195
2.7961480740370184,0.0674914384872578,0.3918427547595168,0.324351316272259,-0.04445070882192329,0.04906808063689338,-0.012397966877219304,0.050610138510749976,0.24748877500411923
2.798624312156078,0.06718143881736605,0.3918427547595168,0.32466131594215075,-0.04444322514230026,0.049041847071778576,-0.012071088416986283,0.05050558325356136,0.24134105457959035
2.801100550275138,0.06687234210225923,0.3918427547595168,0.32497041265725757,-0.04443595516984277,0.04901411821872796,-0.011745528969205207,0.05040179793941759,0.23520042441467454
2.803576788394197,0.06656412932737682,0.3918427547595168,0.32527862543214,-0.044428893938172065,0.04898489425930379,-0.01142129988431447,0.05029876694952487,0.2290671937130247
2.806053026513257,0.0662567813770436,0.3918427547595168,0.3255859733824732,-0.04442203648026338,0.04895417528704696,-0.0110984124684948,0.05019647435184826,0.22294166897905018
2.808529264632316,0.06595027904363515,0.3918427547595168,0.32589247571588165,-0.044415377829740955,0.04892196130931347,-0.010776877986076641,0.05009490390725136,0.216824153884397
2.811005502751376,0.06564460303675501,0.3918427547595168,0.3261981517227618,-0.044408913022168005,0.048888252249188,-0.010456707661878983,0.04999403907573616,0.21071494913673244
2.813481740870435,0.06533973399242399,0.3918427547595168,0.3265030207670928,-0.04440263709633205,0.04885304794747385,-0.010137912683479494,0.049893863022781,0.20461435235096662
2.815957978989495,0.06503565248227916,0.3918427547595168,0.32680710227723764,-0.044396545095525555,0.04881634816475914,-0.009820504203411974,0.049794358625774214,0.19852265792296062
2.8184342171085546,0.06473233902278241,0.3918427547595168,0.3271104157367344,-0.04439063206882192,0.04877815258355908,-0.00950449334129111,0.04969550848054197,0.19244015690584265
2.820910455227614,0.0644297740844374,0.3918427547595168,0.3274129806750794,-0.0443848930723472,0.048738460810533256,-0.009189891185861063,0.04959729490796704,0.1863671368889856
2.8233866933466736,0.06412793810101147,0.3918427547595168,0.3277148166585053,-0.044379323170547026,0.04869727237877774,-0.008876708796966705,0.049499699960696884,0.18030388187973317
2.825862931465733,0.06382681147876557,0.3918427547595168,0.32801594328075123,-0.044373917437449596,0.04865458675019178,-0.008564957207446051,0.04940270542993895,0.1742506721879529
2.8283391695847926,0.063526374605686,0.3918427547595168,0.3283163801538308,-0.044368670957924086,0.0486104033179179,-0.008254647424940928,0.04930629285234013,0.168207784313461
2.830815407703852,0.0632266078607211,0.3918427547595168,0.3286161468987957,-0.044363578828935026,0.048564721408855385,-0.007945790433625501,0.04921044351694903,0.1621754908364053
2.8332916458229116,0.06292749162301797,0.3918427547595168,0.3289152631364988,-0.04435863616079238,0.04851754028624619,-0.007638397195849603,0.049115138472258076,0.15615406031063728
2.835767883941971,0.0626290062811613,0.3918427547595168,0.3292137484783555,-0.044353838078397746,0.04846885915233287,-0.007332478653696489,0.04902035853332365,0.15014375716014883
2.8382441220610306,0.062331132242408716,0.3918427547595168,0.3295116225171081,-0.04434917972248623,0.04841867715108741,-0.007028045730451959,0.04892608428896142,0.14414484157859242
2.8407203601800903,0.062033849941926233,0.3918427547595168,0.32980890481759056,-0.04434465625086449,0.048366993371010865,-0.006725109331984824,0.04883229610901538,0.13815756943195492
2.8431965982991496,0.061737139852017675,0.3918427547595168,0.3301056149074991,-0.044340262839644685,0.04831380684800243,-0.006423680348035783,0.0487389741516974,0.13218219216439442
2.8456728364182093,0.06144098249134977,0.3918427547595168,0.330401772268167,-0.04433599468447452,0.048259116568297414,-0.006123769653413782,0.04864609837099569,0.12621895670728125
2.8481490745372686,0.061145358434169794,0.3918427547595168,0.330697396325347,-0.04433184700176331,0.048202921471473426,-0.005825388109098882,0.0485536485241497,0.12026810539147725
2.8506253126563283,0.06085024831951402,0.3918427547595168,0.3309925064400028,-0.04432781502990396,0.0481452204535234,-0.005528546563249033,0.04846160417918892,0.11432987586285132
2.8531015507753876,0.06055563286040744,0.3918427547595168,0.33128712189910936,-0.04432389403049119,0.04808601236999513,-0.005233255852110864,0.048369944722533816,0.10840450100107363
2.8555777888944474,0.06026149285304894,0.3918427547595168,0.33158126190646786,-0.04432007928953552,0.04802529603919574,-0.004939526800831549,0.048278649366656094,0.10249220884166761
2.8580540270135066,0.059967809185984766,0.3918427547595168,0.33187494557353203,-0.044316366118673366,0.04796307024546056,-0.0046473702241722654,0.04818769715779648,0.0965932225013592
2.8605302651325664,0.05967456284926531,0.3918427547595168,0.3321681919102515,-0.044312749856373124,0.04789933374248498,-0.0043567969271202005,0.04809706698373742,0.09070776010668706
2.863006503251626,0.0593817349435839,0.3918427547595168,0.3324610198159329,-0.044309225869136847,0.04783408525671848,-0.004067817705399754,0.04800673758162885,0.08483603472590527
2.8654827413706854,0.059089306689396826,0.3918427547595168,0.33275344807012,-0.04430578955269816,0.04776732349081926,-0.0037804433458802945,0.04791668754586428,0.07897825430413802
2.867958979489745,0.058797259436020766,0.3918427547595168,0.33304549532349603,-0.04430243633321532,0.047699047127168805,-0.003494684626880309,0.047826895336005495,0.07313462160178948
2.8704352176088044,0.05850557467070694,0.3918427547595168,0.33333718008880986,-0.044299161668460464,0.04762925483144447,-0.0032105523183670786,0.04773733928475328,0.06730533413619369
2.872911455727864,0.05821423402768877,0.3918427547595168,0.333628520731828,-0.04429596104900402,0.04755794525624934,-0.002928057182049971,0.04764799760596203,0.06149058412646009
2.8753876938469234,0.0579232192972019,0.3918427547595168,0.3339195354623149,-0.04429282999939463,0.0474851170447978,-0.0026472099713679654,0.047558848402696384,0.05569055844151812
2.877863931965983,0.05763251243447276,0.3918427547595168,0.33421024232504404,-0.04428976407933432,0.0474107688346551,-0.0023680214313690725,0.047469869675326966,0.04990543855129796
2.8803401700850424,0.057342095568674256,0.3918427547595168,0.33450065919084254,-0.044286758884848704,0.047334899261529895,-0.0020905022984822877,0.047381039329663754,0.04413540048103949
2.882816408204102,0.0570519510118459,0.3918427547595168,0.3347908037476709,-0.04428381004945234,0.047257506963117916,-0.0018146633001802281,0.04729233518512444,0.03838061476866558
2.885292646323162,0.05676206126777594,0.3918427547595168,0.33508069349174086,-0.04428091324530849,0.04717859058299556,-0.0015405151545329256,0.04720373498293608,0.032641246425198424
2.887768884442221,0.05647240904084194,0.3918427547595168,0.33537034571867486,-0.04427806418438387,0.047098148774560825,-0.0012680685696515844,0.047115216394366735,0.02691745489815868
2.890245122561281,0.05618297724480814,0.3918427547595168,0.33565977751470866,-0.04427525861959738,0.04701618020502139,-0.0009973342430216257,0.04702675702898669,0.02120939403789083
2.89272136068034,0.055893749011576566,0.3918427547595168,0.33594900574794023,-0.04427249234596319,0.046932683559426557,-0.0007283228607259098,0.046938334442955296,0.015517212066788882
2.8951975987994,0.05560470769988779,0.3918427547595168,0.336238047059629,-0.04426976120172761,0.04684765754474221,-0.00046104509655594574,0.0468499261473324,0.00984105155132462
2.897673836918459,0.05531583690397007,0.3918427547595168,0.3365269178555467,-0.04426706106949961,0.04676110089396661,-0.00019551161101284817,0.04676150961641172,0.004181049376860509
2.900150075037519,0.05502712046213254,0.3918427547595168,0.33681563429738426,-0.04426438787737471,0.04667301237028486,6.826694980397504e-05,0.04667306229607394,-0.0014626632748556262
2.9026263131565786,0.05473854246529963,0.3918427547595168,0.33710421229421716,-0.04426173760005187,0.04658339077126055,0.00033027995541872,0.046584561612157675,-0.0070899609455428916
2.905102551275638,0.05445008726548395,0.3918427547595168,0.33739266749403285,-0.044259106259943184,0.04649223493306208,0.0005905167923131315,0.04649598497884567,-0.012700723917686604
2.9075787893946976,0.054161739484192784,0.3918427547595168,0.337681015275324,-0.04425648992827604,0.04639954373472157,0.0008489668653716463,0.046407309807064215,-0.018294838229339763
2.910055027513757,0.05387348402076708,0.3918427547595168,0.3379692707387497,-0.044253884726187256,0.046305316102424575,0.0011056195994372546,0.04631851351289375,-0.023872195686493583
2.9125312656328166,0.053585306060646765,0.3918427547595168,0.33825744869887003,-0.044251286825809,0.046209551013827725,0.001360464440978855,0.04622957352598783,-0.029432693873115413
2.915007503751876,0.05329719108356157,0.3918427547595168,0.33854556367595523,-0.044248692451346106,0.04611224750240271,0.0016134908598685218,0.0461404672979991,-0.03497623615890505
2.9174837418709356,0.05300912487164072,0.3918427547595168,0.3388336298878761,-0.04424609788014433,0.04601340466180358,0.0018646883512694495,0.04605117231100905,-0.0405027317048756
2.919959979989995,0.0527210935174407,0.3918427547595168,0.3391216612420761,-0.044243499443749223,0.04591302165025531,0.002114046437632692,0.045961666085959946,-0.046012095466810864
2.9224362181090546,0.05243308343188435,0.3918427547595168,0.33940967132763245,-0.04424089352895501,0.04581109769496104,0.002361554670803548,0.04587192619108619,-0.051504248196714494
2.9249124562281144,0.05214508135211027,0.3918427547595168,0.33969767340740653,-0.04423827657884328,0.04570763209652558,0.002607202634235405,0.0457819302503433,-0.056979116442303405
2.9273886943471736,0.05185707434922604,0.3918427547595168,0.33998568041029076,-0.04423564509381105,0.04560262423339217,0.002850979945311402,0.04569165595183145,-0.06243663254465736
2.9298649324662334,0.05156904983596233,0.3918427547595168,0.34027370492355447,-0.044232995632587355,0.04549607356629023,0.003092876257772459,0.04560108105621165,-0.06787673463409968
2.9323411705852926,0.05128099557422433,0.3918427547595168,0.34056175918529247,-0.04423032481323837,0.04538797964269146,0.0033328812642502664,0.04551018340511236,-0.07329936662438852
2.9348174087043524,0.05099289968253512,0.3918427547595168,0.3408498550769817,-0.044227629314160244,0.04527834210127092,0.0035709846989052576,0.04541894092952343,-0.07870447820533302
2.9372936468234117,0.0507047506433671,0.3918427547595168,0.3411380041161497,-0.04422490587505923,0.04516716067637083,0.003807176340166852,0.04532733165817535,-0.08409202483389133
2.9397698849424714,0.0504165373103575,0.3918427547595168,0.3414262174491593,-0.04422215129791865,0.04505443520246389,0.0040414460135762085,0.045235333725901355,-0.08946196772387495
2.9422461230615307,0.050128248915403795,0.3918427547595168,0.341714505844113,-0.04421936244795207,0.0449401656186134,0.004273783594728602,0.04514292538197955,-0.09481427383431831
2.9447223611805904,0.0498398750756327,0.3918427547595168,0.3420028796838841,-0.044216536254542124,0.04482435197292677,0.004504179012315179,0.04505008499845261,-0.10014891585663425
2.94719859929965,0.049551405800241755,0.3918427547595168,0.34229134895927504,-0.04421366971216449,0.04470699442699998,0.004732622251261329,0.04495679107842263,-0.10546587220062081
2.9496748374187094,0.049262831497204895,0.3918427547595168,0.3425799232623119,-0.044210759881296406,0.04458809326034916,0.00495910335596086,0.04486302226431804,-0.11076512697943393
2.952151075537769,0.04897414297984071,0.3918427547595168,0.3428686117796761,-0.04420780388930916,0.044467648874826834,0.0051836124336036606,0.04476875734613033,-0.11604666999360633
2.9546273136568284,0.04868533147323717,0.3918427547595168,0.34315742328627963,-0.04420479893134389,0.04434566179901914,0.0054061396575947425,0.04467397526961759,-0.12131049671420267
2.957103551775888,0.04839638862052775,0.3918427547595168,0.34344636613898905,-0.04420174227117015,0.044222132692620805,0.005626675271063301,0.04457865514447197,-0.1265566082652191
2.9595797898949474,0.04810730648901612,0.3918427547595168,0.3437354482705007,-0.04419863124202661,0.0440970623507851,0.005845209590458617,0.044482776252448744,-0.1317850114052959
2.962056028014007,0.04781807757614276,0.3918427547595168,0.34402467718337404,-0.044195463247443154,0.04397045170844473,0.0060617330092316984,0.04438631805545352,-0.13699571850886313
2.9645322661330664,0.04752869481528993,0.3918427547595168,0.34431405994422687,-0.04419223576204408,0.043842301844600806,0.0062762360015990275,0.044289260203584965,-0.14218874754678285
2.967008504252126,0.047239151581419114,0.3918427547595168,0.3446036031780977,-0.0441889463323311,0.0437126139865762,0.006488709126387224,0.04419158254313007,-0.1473641220666089
2.969484742371186,0.04694944169653836,0.3918427547595168,0.34489331306297843,-0.04418559257744637,0.04358138951423013,0.00669914303095486,0.044093265124508965,-0.15252187117252924
2.971960980490245,0.046659559434992115,0.3918427547595168,0.3451831953245247,-0.04418217218991399,0.043448629964130375,0.006907528455189504,0.043994288210166335,-0.15766202950509986
2.974437218609305,0.04636949952857028,0.3918427547595168,0.3454732552309465,-0.04417868293635996,0.043314337033679234,0.00711385623557703,0.04389463228240572,-0.16278463722085884
2.976913456728364,0.04607925717143185,0.3918427547595168,0.34576349758808494,-0.044175122658209706,0.04317851258519067,0.007318117309339829,0.043794278051164724,-0.1678897399718978
2.979389694847424,0.04578882802483808,0.3918427547595168,0.3460539267346787,-0.04417148927236235,0.0430411586499141,0.007520302718641821,0.04369320646172682,-0.17297738888550446
2.981865932966483,0.04549820822168993,0.3918427547595168,0.34634454653782687,-0.0441677807718413,0.04290227743200183,0.007720403614855941,0.043591398702367126,-0.17804764054393674
2.984342171085543,0.045207394370866294,0.3918427547595168,0.3466353603886505,-0.04416399522642035,0.04276187131241641,0.007918411262892229,0.04348883621192869,-0.18310055696444874
2.986818409204602,0.04491638356135719,0.3918427547595168,0.3469263711981596,-0.044160130783224574,0.04261994285277455,0.008114317045581933,0.043385500687326294,-0.1881362055796268
2.989294647323662,0.04462517336618854,0.3918427547595168,0.34721758139332826,-0.044156185667305455,0.04247649479912343,0.008308112468115272,0.04328137409097373,-0.19315465921815056
2.9917708854427216,0.04433376184613258,0.3918427547595168,0.3475089929133842,-0.044152158182189497,0.042331530085646635,0.008499789162528523,0.043176438658132095,-0.19815599608604453
2.994247123561781,0.044042147553201016,0.3918427547595168,0.3478006072063158,-0.0441480467103996,0.042185051838295504,0.008689338892237303,0.04307067690417492,-0.2031402997485202
2.9967233616808406,0.04375032953391461,0.3918427547595168,0.3480924252256022,-0.04414384971394864,0.04203706337834229,0.008876753556612403,0.042964071631766895,-0.20810765911249654
2.9991995997999,0.04345830733234746,0.3918427547595168,0.34838444742716934,-0.044139565734804494,0.04188756822585234,0.0090620251955937,0.04285660593795324,-0.21305816840986652
3.0016758379189596,0.043166080992938616,0.3918427547595168,0.3486766737665782,-0.044135193395325886,0.04173657010307049,0.009245145994339376,0.04274826322115516,-0.21799192718162477
3.004152076038019,0.042873651063069396,0.3918427547595168,0.3489691036964474,-0.0441307313986684,0.04158407293771946,0.009426108287905278,0.042639027188069015,-0.22290904026290898
3.0066283141570787,0.04258101859540098,0.3918427547595168,0.3492617361641158,-0.04412617852915993,0.04143008086620537,0.009604904565951415,0.04252888186046455,-0.2278096177690685
3.0091045522761384,0.04228818514996929,0.3918427547595168,0.3495545696095475,-0.04412153365264513,0.04127459823672853,0.009781527477470603,0.04241781158187992,-0.2326937750828181
3.0115807903951977,0.04199515279603172,0.3918427547595168,0.3498476019634851,-0.044116795716797934,0.04111762961229403,0.009955969835535684,0.042305801024208195,-0.2375616328425833
3.0140570285142574,0.041701924113663746,0.3918427547595168,0.35014083064585305,-0.04411196375140187,0.040959179773620506,0.01012822462206079,0.042192835194173446,-0.24241331693210702
3.0165332666333167,0.04140850219510095,0.3918427547595168,0.35043425256441585,-0.044107036868597224,0.040799253721942916,0.010298284992572142,0.04207889943969197,-0.24724895847140008
3.0190095047523764,0.041114890645822744,0.3918427547595168,0.35072786411369405,-0.04410201426309472,0.04063785668170546,0.010466144280984285,0.04196397945611466,-0.2520686938091289
3.0214857428714357,0.04082109358537506,0.3918427547595168,0.35102166117414174,-0.04409689521235502,0.040474994103142696,0.010631796004376953,0.04184806129234808,-0.25687266451650764
3.0239619809904954,0.04052711564792799,0.3918427547595168,0.3513156391115888,-0.04409167907673341,0.0403106716647441,0.010795233867768476,0.04173113135684939,-0.2616610173827963
3.0264382191095547,0.04023296198256726,0.3918427547595168,0.35160979277694954,-0.044086365299589425,0.04014489527560023,0.010956451768880469,0.04161317642349252,-0.2664339044124635
3.0289144572286144,0.03993863825331345,0.3918427547595168,0.35190411650620335,-0.04408095340736045,0.03997767107762624,0.011115443802890031,0.041494183637301264,-0.27119148282412414
3.031390695347674,0.0396441506388695,0.3918427547595168,0.3521986041206473,-0.044075443009599105,0.03980900544766065,0.011272204267163742,0.041374140520046336,-0.2759339150513034
3.0338669334667334,0.0393495058320924,0.3918427547595168,0.3524932489274244,-0.04406983379897389,0.03963890499943566,0.01142672766596969,0.04125303497570237,-0.2806613687451373
3.036343171585793,0.039054711039186174,0.3918427547595168,0.3527880437203306,-0.04406412555123247,0.03946737658541651,0.011579008715162327,0.04113085529576171,-0.2853740167790799
3.0388194097048524,0.038759773978616074,0.3918427547595168,0.3530829807809007,-0.04405831812512736,0.03929442729850713,0.011729042346835056,0.04100759016440142,-0.2900720372556927
3.041295647823912,0.03846470287973952,0.3918427547595168,0.3533780518797773,-0.04405241146230335,0.03912006447361889,0.011876823713936535,0.04088322866349995,-0.2947556135156205
3.0437718859429714,0.0381695064811548,0.3918427547595168,0.353673248278362,-0.04404640558714662,0.03894429568910061,0.012022348194844927,0.04075776027750042,-0.299424934148813
3.046248124062031,0.037874194028762964,0.3918427547595168,0.35396856073075383,-0.04404030060659468,0.038767128768026266,0.012165611397896195,0.04063117489811673,-0.30408019300810313
3.0487243621810904,0.037578775273544696,0.3918427547595168,0.3542639794859721,-0.044034096709907454,0.03858857177933907,0.012306609165860672,0.04050346282887982,-0.30872158922520115
3.05120060030015,0.03728326046904856,0.3918427547595168,0.35455949429046824,-0.044027794168398436,0.03840863303884854,0.012445337580363793,0.040374614789520195,-0.3133493272292136
3.05367683841921,0.03698766036859147,0.3918427547595168,0.35485509439092533,-0.044021393335126335,0.03822732111007933,0.012581792966245611,0.04024462192018437,-0.31796361676775653
3.056153076538269,0.036691986222170736,0.3918427547595168,0.35515076853734606,-0.044014894644546484,0.03804464480496909,0.012715971895854612,0.04011347578548169,-0.3225646729307635
3.058629314657329,0.03639624977308498,0.3918427547595168,0.3554465049864318,-0.04400829861212203,0.037860613184413285,0.012847871193270792,0.03998116837835841,-0.32715271617707414
3.061105552776388,0.0361004632542683,0.3918427547595168,0.3557422915052485,-0.04400160583389454,0.03767523555865598,0.01297748793845312,0.03984769212379698,-0.331727972363886
3.063581790895448,0.03580463938433237,0.3918427547595168,0.3560381153751844,-0.04399481698601413,0.03748852148752366,0.013104819471307011,0.039713039882336765,-0.33629067277918057
3.066058029014507,0.035508791363322634,0.3918427547595168,0.35633396339619416,-0.0439879328242287,0.037300480780501744,0.01322986339566635,0.039577204953414435,-0.34084105417719096
3.068534267133567,0.0352129328681835,0.3918427547595168,0.3566298218913333,-0.04398095418333231,0.03711112349665109,0.013352617583186285,0.03944018107852072,-0.3453793588170391
3.071010505252626,0.034917078047938865,0.3918427547595168,0.35692567671157793,-0.04397388197657277,0.03692045994436455,0.013473080177141087,0.03930196244417191,-0.3499058345046032
3.073486743371686,0.034621241518584644,0.3918427547595168,0.35722151324093215,-0.0439667171950183,0.03672850068096099,0.013591249596123537,0.03916254368469291,-0.3544207346377529
3.0759629814907457,0.03432543835769836,0.3918427547595168,0.35751731640181844,-0.043959460906883054,0.03653525651211712,0.013707124537640236,0.03902191988481058,-0.3589243182550173
3.078439219609805,0.034029684098764834,0.3918427547595168,0.35781307066075196,-0.04395211425681221,0.03634073849113511,0.013820703981599281,0.038880086582054614,-0.3634168500878211
3.0809154577288647,0.03373399472522148,0.3918427547595168,0.3581087600342953,-0.04394467846512593,0.036144957918045874,0.013931987193685297,0.038737039768964254,-0.3678986006163773
3.083391695847924,0.033438386664225606,0.3918427547595168,0.3584043680952912,-0.04393715482702299,0.035947926338547924,0.014040973728617664,0.03859277589509984,-0.3723698461293449
3.0858679339669837,0.03314287678014505,0.3918427547595168,0.35869987797937175,-0.04392954471174384,0.035749655542780014,0.014147663433287801,0.03844729186885613,-0.376830868787379
3.088344172086043,0.03284748236777657,0.3918427547595168,0.3589952723917402,-0.04392184956169341,0.03555015756392893,0.014252056449771157,0.03830058505907758,-0.3812819566906705
3.0908204102051027,0.03255222114529399,0.3918427547595168,0.3592905336142228,-0.04391407089152414,0.035349444676671296,0.01435415321821015,0.038152653296473334,-0.3857234039506098
3.0932966483241624,0.03225711124692987,0.3918427547595168,0.3595856435125869,-0.04390621028717908,0.03514752939544989,0.014453954479563488,0.03800349487483102,-0.39015551076567895
3.0957728864432217,0.03196217121539413,0.3918427547595168,0.35988058354412267,-0.04389826940489578,0.03494442447258472,0.014551461278218852,0.037853108552028863,-0.39457858350171865
3.0982491245622814,0.03166741999403466,0.3918427547595168,0.36017533476548214,-0.04389024997017127,0.03474014289621918,0.014646674964464677,0.03770149355084496,-0.398992934776687
3.1007253626813407,0.0313728769187428,0.3918427547595168,0.360469877840774,-0.04388215377668828,0.03453469788810222,0.01473959719681727,0.0375486495595636,-0.4033988835500383
3.1032016008004004,0.031078561709608765,0.3918427547595168,0.36076419304990803,-0.043873982685203636,0.03432810290120676,0.01483022994420043,0.03739457673237791,-0.407796755216881
3.1056778389194597,0.030784494462332057,0.3918427547595168,0.36105826029718474,-0.0438657386223987,0.03412037161718597,0.014918575487973497,0.03723927568958926,-0.4121868817070331
3.1081540770385194,0.030490695639391108,0.3918427547595168,0.3613520591201257,-0.04385742357969299,0.033911517943667785,0.015004636423805218,0.037082747517602904,-0.4165696015891458
3.1106303151575787,0.030197186060979486,0.3918427547595168,0.3616455686985373,-0.04384903961202123,0.03370155601138999,0.015088415663389908,0.03692499376872102,-0.4209452601800267
3.1131065532766384,0.0299039868957105,0.3918427547595168,0.3619387678638063,-0.04384058883657439,0.033490500171175795,0.015169916436003244,0.03676601646073242,-0.42531420965934363
3.115582791395698,0.029611119651100526,0.3918427547595168,0.36223163510841627,-0.04383207343150559,0.033278364990753664,0.015249142289894838,0.036605818076301457,-0.4296768091898486
3.1180590295147574,0.02931860616383386,0.3918427547595168,0.36252414859568294,-0.04382349563460149,0.03306516525142101,0.01532609709351501,0.03644440156215531,-0.43403342504331655
3.120535267633817,0.029026468589815946,0.3918427547595168,0.36281628616970085,-0.04381485774191963,0.03285091594455514,0.01540078503657325,0.036281770328072,-0.4383844307323597
3.1230115057528764,0.028734729394023883,0.3918427547595168,0.3631080253654929,-0.043806162106392946,0.03263563226797369,0.0154732106309262,0.036117928245670644,-0.44273020714830097
3.125487743871936,0.02844341134015732,0.3918427547595168,0.3633993434193595,-0.04379741113640185,0.032419329622145526,0.015543378711292993,0.03595287964700462,-0.44707114270531256
3.1279639819909955,0.028152537480099937,0.3918427547595168,0.36369021727941686,-0.04378860729431504,0.03220202360625645,0.015611294435795765,0.03578662932296091,-0.4514076334909881
3.130440220110055,0.027862131143196633,0.3918427547595168,0.36398062361632016,-0.04377975309499959,0.03198373001413062,0.015676963286324272,0.0356191825214667,-0.4557400834235931
3.1329164582291145,0.027572215925355692,0.3918427547595168,0.3642705388341611,-0.043770851104301484,0.03176446483001208,0.01574039106872214,0.035450544945506576,-0.4600689044161645
3.135392696348174,0.02728281567798163,0.3918427547595168,0.36455993908153517,-0.0437619039374975,0.03154424422420782,0.015801583912794064,0.035280722750951975,-0.4643945165477185
3.137868934467234,0.02699395449674835,0.3918427547595168,0.36484880026276845,-0.043752914257719294,0.0313230845485971,0.015860548272132464,0.035109722544207134,-0.4687173482417707
3.140345172586293,0.026705656710219405,0.3918427547595168,0.3651370980492974,-0.04374388477435067,0.031101002332008965,0.01591729092376246,0.03493755137967339,-0.47303783645242137
3.142821410705353,0.02641794686832405,0.3918427547595168,0.36542480789119275,-0.043734818241399444,0.03087801427547199,0.015971818967604766,0.03476421675703613,-0.47735642685826074
3.145297648824412,0.02613084973069818,0.3918427547595168,0.3657119050288186,-0.04372571745584445,0.03065413724734036,0.01602413982575534,0.03458972661837815,-0.4816735740643315
3.147773886943472,0.02584439025489671,0.3918427547595168,0.3659983645046201,-0.04371658525595912,0.030429388278298605,0.016074261241581775,0.03441408934512251,-0.48598974181244986
3.150250125062531,0.02555859358448881,0.3918427547595168,0.366284161175028,-0.04370742451961265,0.030203784556250505,0.01612219127863607,0.03423731375481034,-0.49030540320014177
3.152726363181591,0.02527348503704202,0.3918427547595168,0.3665692697224748,-0.04369823816255,0.02997734342109473,0.016167938319383613,0.03405940909771695,-0.4946210409085026
3.1552026013006502,0.02498909009200667,0.3918427547595168,0.3668536646675101,-0.04368902913665164,0.02975008235939259,0.016211511063748713,0.03388038505331203,-0.498937147439275
3.15767883941971,0.02470543437850775,0.3918427547595168,0.36713732038100905,-0.04367980042817466,0.029522018998930838,0.016252918527476998,0.033700251726567834,-0.5032542253614788
3.1601550775387697,0.02442254366305474,0.3918427547595168,0.36742021109646206,-0.043670555055976,0.029293171103185286,0.016292170040315093,0.033519019644121906,-0.5075727875679028
3.162631315657829,0.02414044383717806,0.3918427547595168,0.36770231092233874,-0.043661296069719475,0.029063556565688594,0.016329275244008592,0.03333669975029881,-0.5118933575418262
3.1651075537768887,0.023859160905000787,0.3918427547595168,0.367983593854516,-0.04365202654806739,0.028833193404307123,0.01636424409011898,0.03315330340299702,-0.5162164696343172
3.167583791895948,0.023578720970757305,0.3918427547595168,0.3682640337887595,-0.04364274959685853,0.028602099755432285,0.016397086837660987,0.032968842369447776,-0.520542669352484
3.1700600300150077,0.02329915022626533,0.3918427547595168,0.36854360453325147,-0.04363346834727337,0.028370293868089806,0.016427814050561367,0.03278332882185083,-0.524872513659078
3.172536268134067,0.023020474938363455,0.3918427547595168,0.36882227982115334,-0.04362418595398808,0.028137794097973106,0.016456436594940817,0.03259677533289509,-0.5292065712838447
3.1750125062531267,0.022742721436322055,0.3918427547595168,0.36910003332319474,-0.04361490559331848,0.027904618901404693,0.016482965636220898,0.032409194871169986,-0.5335454230470638
3.1774887443721864,0.022465916099238092,0.3918427547595168,0.3693768386602787,-0.043605630461355425,0.0276707868292317,0.016507412636057598,0.03222060079647579,-0.5378896621957012
3.1799649824912457,0.022190085343422927,0.3918427547595168,0.36965266941609387,-0.04359636377209284,0.02743631652065931,0.016529789349103728,0.03203100685503885,-0.5422398947526559
3.1824412206103054,0.021915255609792628,0.3918427547595168,0.36992749914972417,-0.04358710875554977,0.027201226697028503,0.016550107819602734,0.03184042717464092,-0.5465967398795719
3.1849174587293647,0.02164145335127088,0.3918427547595168,0.3702013014082459,-0.0435778686558878,0.026965536155542754,0.016568380377815765,0.031648876259669535,-0.5509608302537118
3.1873936968484244,0.02136870502021354,0.3918427547595168,0.37047404973930326,-0.0435686467295253,0.026729263762948742,0.016584619636285276,0.03145636898609793,-0.5553328124594329
3.1898699349674837,0.021097037055864076,0.3918427547595168,0.3707457177036527,-0.0435594462432495,0.026492428449177152,0.01659883848593772,0.03126292059640331,-0.5597133473947955
3.1923461730865434,0.02082647587185027,0.3918427547595168,0.37101627888766653,-0.0435502704723283,0.026255049200947875,0.016611050092028134,0.031068546694431355,-0.5641031106938826
3.1948224112056027,0.020557047843730913,0.3918427547595168,0.3712857069157859,-0.043541122698622765,0.02601714505534611,0.01662126788993016,0.030873263240217157,-0.5685027931654165
3.1972986493246625,0.02028877929660111,0.3918427547595168,0.3715539754629157,-0.043532006208701575,0.02577873509337365,0.01662950558077441,0.030677086544770533,-0.5729131012482985
3.199774887443722,0.020021696492767083,0.3918427547595168,0.3718210582667497,-0.04352292429195923,0.025539838433481975,0.016635777126939023,0.03048003326483668,-0.5773347574847071
3.2022511255627815,0.01975582561949779,0.3918427547595168,0.372086929140019,-0.04351388023873886,0.02530047422509137,0.016640096747395656,0.03028212039764059,-0.5817685010114345
3.204727363681841,0.019491192776863897,0.3918427547595168,0.3723515619826529,-0.043504877338461354,0.025060661642102203,0.016642478912914996,0.030083365275626214,-0.58621508807016
3.2072036018009005,0.01922782396567163,0.3918427547595168,0.37261493079384517,-0.0434959188777618,0.024820419876404026,0.01664293834113547,0.029883785561200728,-0.5906752925373783
3.20967983991996,0.01896574507550086,0.3918427547595168,0.37287700968401594,-0.04348700813863477,0.02457976813138675,0.016641489991499323,0.029683399241493682,-0.5951499064747665
3.2121560780390195,0.018704981872856408,0.3918427547595168,0.3731377728866604,-0.0434781483965897,0.024338725615460986,0.0166381490600601,0.029482224623143274,-0.5996397407007469
3.214632316158079,0.018445559989439975,0.3918427547595168,0.3733971947700768,-0.043469342918817586,0.024097311535590894,0.016632930974165964,0.029280280327119334,-0.6041456253841112
3.2171085542771385,0.0181875049105521,0.3918427547595168,0.3736552498489647,-0.04346059496237023,0.023855545090846975,0.01662585138702312,0.029077585283596226,-0.6086684106605214
3.219584792396198,0.017930841963630983,0.3918427547595168,0.3739119127958858,-0.043451907772353526,0.02361344546598218,0.0166169261721439,0.0288741587268858,-0.6132089672728173
3.222061030515258,0.017675596306937214,0.3918427547595168,0.3741671584525796,-0.04344328458013557,0.023371031825037955,0.016606171417684237,0.02867002019044371,-0.6177681872360384
3.224537268634317,0.01742179291839152,0.3918427547595168,0.3744209618411253,-0.04343472860157127,0.02312832330498471,0.016593603420674917,0.02846518950196069,-0.6223469845281319
3.227013506753377,0.01716945658457275,0.3918427547595168,0.37467329817494405,-0.04342624303524429,0.022885339009401665,0.016579238681151673,0.028259686778551483,-0.6269462958073624
3.2294897448724362,0.016918611889884527,0.3918427547595168,0.37492414286963227,-0.043417831060727774,0.022642098002202102,0.016563093896189207,0.02805353242205524,-0.6315670811574591
3.231965982991496,0.016669283205895835,0.3918427547595168,0.37517347155362096,-0.04340949583686457,0.02239861930140761,0.016545185953843397,0.02784674711445928,-0.6362103248615947
3.2344422211105552,0.016421494680864346,0.3918427547595168,0.37542126007865245,-0.043401240500068626,0.022154921872977514,0.016525531927007286,0.027639351813461086,-0.6408770362063153
3.236918459229615,0.016175270229447314,0.3918427547595168,0.3756674845300695,-0.04339306816264811,0.02191102462469719,0.01650414906718596,0.027431367748181678,-0.6455682503166221
3.2393946973486742,0.015930633522608095,0.3918427547595168,0.3759121212369087,-0.04338498191115162,0.021666946400131126,0.016481054798195026,0.02722281641504535,-0.6502850290233834
3.241870935467734,0.01568760797772245,0.3918427547595168,0.37615514678179435,-0.04337698480473842,0.021422705972643976,0.016456266709788194,0.027013719573839495,-0.6550284617643825
3.2443471735867937,0.015446216748892516,0.3918427547595168,0.3763965380106243,-0.043369079873573635,0.021178322039495743,0.016429802551219196,0.026804099243970873,-0.659799666520277
3.246823411705853,0.015206482717472436,0.3918427547595168,0.37663627204204436,-0.04336127011724942,0.02093381321601388,0.016401680224743014,0.026593977700932282,-0.6645997907868545
3.2492996498249127,0.01496842848281199,0.3918427547595168,0.3768743262767048,-0.04335355850323314,0.02068919802984774,0.016371917779061964,0.02638337747299653,-0.6694300125849741
3.251775887943972,0.014732076353222878,0.3918427547595168,0.3771106784062939,-0.04334594796534317,0.02044449491530942,0.01634053340272208,0.02617232133815395,-0.6742915415096579
3.2542521260630317,0.014497448337172036,0.3918427547595168,0.37734530642234476,-0.043338441402253396,0.02019972220780414,0.016307545417464354,0.02596083232130893,-0.6791856198198323
3.256728364182091,0.014264566134707723,0.3918427547595168,0.3775781886248091,-0.04333104167602727,0.01995489813835575,0.016272972271537272,0.02574893369175459,-0.6841135235702708
3.2592046023011507,0.014033451129121355,0.3918427547595168,0.37780930363039544,-0.043323751610682026,0.01971004082822931,0.01623683253297486,0.02553664896094116,-0.6890765637873507
3.26168084042021,0.01380412437884948,0.3918427547595168,0.3780386303806673,-0.043316573990783896,0.019465168283656072,0.016199144882846288,0.025324001880557806,-0.6940760876902575
3.2641570785392697,0.013576606609620012,0.3918427547595168,0.3782661481498968,-0.043309511560075134,0.019220298390663155,0.016159928108481977,0.02511101644094549,-0.6991134799593562
3.2666333166583295,0.013350918206845197,0.3918427547595168,0.3784918365526716,-0.043302567020133347,0.018975448910012252,0.01611920109668151,0.02489771686986065,-0.7041901640534551
3.2691095547773887,0.01312707920826589,0.3918427547595168,0.3787156755512509,-0.04329574302906394,0.01873063747225009,0.016076982826908746,0.024684127631609307,-0.7093076035777697
3.2715857928964485,0.012905109296847295,0.3918427547595168,0.3789376454626695,-0.043289042200226065,0.01848588157287361,0.01603329236447895,0.024470273426571414,-0.7144673037044144
3.2740620310155077,0.012685027793932713,0.3918427547595168,0.3791577269655841,-0.043282467100993,0.018241198567613887,0.015988148853743563,0.024256179191137678,-0.7196708126472832
3.2765382691345675,0.01246685365265282,0.3918427547595168,0.379375901106864,-0.04327602025154693,0.017996605667839977,0.015941571511277283,0.02404187009807884,-0.7249197231932591
3.2790145072536268,0.01225060545159723,0.3918427547595168,0.37959214930791957,-0.04326970412370932,0.017752119936087205,0.015893579619072968,0.0238273715573715,-0.7302156742916622
3.2814907453726865,0.012036301388745396,0.3918427547595168,0.3798064533707714,-0.04326352113980658,0.01750775828171065,0.015844192517748743,0.023612709217501773,-0.7355603527039333
3.283966983491746,0.01182395927566221,0.3918427547595168,0.3800187954838546,-0.043257473671571976,0.017263537456667706,0.015793429599772833,0.023397908967272046,-0.7409554947155242
3.2864432216108055,0.011613596531956927,0.3918427547595168,0.38022915822755987,-0.043251564039084055,0.01701947405143095,0.015741310302710577,0.023182996938134498,-0.7464028879120118
3.288919459729865,0.01140523018000672,0.3918427547595168,0.3804375245795101,-0.04324579450974155,0.01677558449103371,0.015687854102498563,0.022967999507077053,-0.7519043730214419
3.2913956978489245,0.01119887683994647,0.3918427547595168,0.38064387791957033,-0.04324016729727561,0.016531885031250637,0.0156330805067506,0.02275294330008833,-0.757461845824893
3.293871935967984,0.010994552724923778,0.3918427547595168,0.380848202034593,-0.04323468456079922,0.0162883917549141,0.015577009048099916,0.022537855196227974,-0.7630772591372667
3.2963481740870435,0.010792273636619776,0.3918427547595168,0.381050481122897,-0.0432293484038941,0.016045120568369205,0.015519659277582441,0.02232276233233144,-0.7687526248602298
3.2988244122061032,0.010592054961035657,0.3918427547595168,0.38125069979848114,-0.0432241608737354,0.015802087198067645,0.015461050758065274,0.022107692108377215,-0.7744900161092385
3.3013006503251625,0.010393911664544397,0.3918427547595168,0.3814488430949724,-0.04321912396025417,0.0155593071873029,0.015401203057724888,0.02189267219354755,-0.7802915694164496
3.3037768884442222,0.010197858290205752,0.3918427547595168,0.38164489646931105,-0.04321423959533776,0.015316795893086679,0.015340135743578995,0.021677730533012602,-0.7861594870112909
3.306253126563282,0.010003908954345941,0.3918427547595168,0.38183884580517086,-0.04320950965206823,0.015074568483169019,0.015277868375076727,0.02146289535547155,-0.7920960391802943
3.3087293646823412,0.009812077343398173,0.3918427547595168,0.3820306774161186,-0.04320493594399892,0.01483263993320141,0.015214420497750434,0.021248195181482347,-0.7981035667077004
3.311205602801401,0.009622376711004021,0.3918427547595168,0.3822203780485128,-0.0432005202244688,0.014591025024044428,0.015149811636933476,0.0210336588326153,-0.804184483398135
3.3136818409204603,0.009434819875373757,0.3918427547595168,0.38240793488414304,-0.043196264185955104,0.014349738339220933,0.015084061291547688,0.020819315441466237,-0.8103412786824287
3.31615807903952,0.00924941921690331,0.3918427547595168,0.3825933355426135,-0.043192169459463726,0.014108794262513737,0.015017188927964137,0.020605194462564754,-0.8165765203074702
3.3186343171585793,0.009066186676045529,0.3918427547595168,0.38277656808347127,-0.04318823761395741,0.013868206975709427,0.014949213973940438,0.020391325684216113,-0.8228928571105663
3.321110555277639,0.008885133751434238,0.3918427547595168,0.38295762100808256,-0.04318447015582173,0.013627990456487675,0.014880155812638662,0.0201777392413155,-0.8292930218785283
3.3235867933966983,0.008706271498257923,0.3918427547595168,0.3831364832612589,-0.04318086852836861,0.013388158476456302,0.014810033776726418,0.019964465629174404,-0.8357798342912041
3.326063031515758,0.008529610526879228,0.3918427547595168,0.38331314423263757,-0.043177434111376894,0.013148724599331554,0.014738867142564702,0.019751535718400232,-0.8423562039487417
3.3285392696348177,0.008355161001699751,0.3918427547595168,0.38348759375781705,-0.04317416822067037,0.012909702179264005,0.01466667512448549,0.019538980770871732,-0.8490251334812455
3.331015507753877,0.008182932640264429,0.3918427547595168,0.38365982211925237,-0.04317107210773237,0.01267110435930874,0.014593476869161768,0.019326832456852638,-0.8557897217388819
3.3334917458729367,0.008012934712603836,0.3918427547595168,0.38382982004691296,-0.043168146959357036,0.012432944070039831,0.014519291450072852,0.01911512287328798,-0.862653167059684
3.335967983991996,0.00784517604080981,0.3918427547595168,0.383997578718707,-0.043165393897336715,0.01219523402830848,0.01444413786206788,0.01890388456332814,-0.8696187706114631
3.3384442221110557,0.007679664998841318,0.3918427547595168,0.3841630897606755,-0.04316281397818527,0.011957986736143391,0.014368035016029427,0.01869315053712533,-0.8766899398032313
3.340920460230115,0.007516409512556943,0.3918427547595168,0.38432634524695986,-0.04316040819289704,0.011721214479793303,0.014291001733640285,0.018482954293949486,-0.8838701917603923
3.3433966983491747,0.0073554170599690605,0.3918427547595168,0.38448733769954774,-0.04315817746674076,0.011484929328909583,0.01421305674225493,0.018273329845668682,-0.8911631568566869
3.345872936468234,0.007196694671716464,0.3918427547595168,0.38464606008780033,-0.0431561226590883,0.011249143135868934,0.014134218669878372,0.01806431174164146,-0.898572582294369
3.3483491745872938,0.007040248931750814,0.3918427547595168,0.384802505827766,-0.043154244563277676,0.011013867535233597,0.014054506040254003,0.01785593509506598,-0.9061023357224931
3.3508254127063535,0.006886085978232481,0.3918427547595168,0.3849566687812843,-0.04315254390650991,0.010779113943348897,0.013973937268062347,0.017648235610832046,-0.9137564088812253
3.3533016508254128,0.006734211504631438,0.3918427547595168,0.38510854325488536,-0.043151021349779196,0.010544893558075792,0.013892530654232422,0.01744124961491968,-0.9215389212580545
3.3557778889444725,0.006584630761028498,0.3918427547595168,0.3852581239984883,-0.04314967748783605,0.010311217358657015,0.013810304381367398,0.017235014085386913,-0.9294541237393569
3.3582541270635318,0.006437348555612399,0.3918427547595168,0.3854054062039044,-0.0431485128491827,0.010078096105715577,0.01372727650928565,0.017029566684987174,-0.937506402238062
3.3607303651825915,0.006292369256367225,0.3918427547595168,0.3855503855031496,-0.04314752789610039,0.009845540341383177,0.013643464970678965,0.016824945795453475,-0.945700281275243
3.3632066033016508,0.006149696792946635,0.3918427547595168,0.38569305796657016,-0.04314672302470783,0.0096135603895573,0.0135588875668887,0.016621190553483045,-0.9540404274900147
3.3656828414207105,0.006009334658728327,0.3918427547595168,0.38583342010078847,-0.04314609856505064,0.009382166356284293,0.01347356196380106,0.016418340888450927,-0.9625316530484621
3.3681590795397702,0.005871285913044921,0.3918427547595168,0.3859714688464719,-0.043145654781220656,0.009151368130267323,0.013387505687862563,0.016216437561876063,-0.9711789189180738
3.3706353176588295,0.005735553183585929,0.3918427547595168,0.38610720157593087,-0.043145391871504984,0.008921175383496415,0.013300736122216326,0.016015522208655344,-0.9799873379695977
3.3731115557778892,0.005602138668964862,0.3918427547595168,0.38624061609055194,-0.043145309968564007,0.00869159757199844,0.0132132705029597,0.01581563738007274,-0.9889621778630744
3.3755877938969485,0.005471044141447723,0.3918427547595168,0.3863717106180691,-0.043145409139637714,0.008462643936705384,0.013125125915524467,0.015616826588581573,-0.9981088636691373
3.3780640320160082,0.005342270949836303,0.3918427547595168,0.3865004838096805,-0.04314568938677983,0.008234323504437807,0.013036319291178974,0.015419134354343696,-1.0074329801704345
3.3805402701350675,0.005215820022501816,0.3918427547595168,0.386626934737015,-0.043146150647119054,0.008006645089001984,0.012946867403653818,0.0152226062534979,-1.016940273781164
3.3830165082541273,0.005091691870563464,0.3918427547595168,0.38675106288895333,-0.04314679279314681,0.007779617292397184,0.012856786865889876,0.015027288968110106,-1.026636654015209
3.3854927463731865,0.004969886591206452,0.3918427547595168,0.38687286816831035,-0.04314761563303087,0.007553248506132093,0.012766094126910344,0.014833230337742398,-1.0365281944251183
3.3879689844922463,0.004850403871134112,0.3918427547595168,0.3869923508883827,-0.04314861891095417,0.007327546912646241,0.01267480546881518,0.014640479412551307,-1.0466211329253234
3.390445222611306,0.004733242990149433,0.3918427547595168,0.38710951176936736,-0.04314980230747821,0.007102520486835462,0.012582937003899201,0.014449086507804333,-1.056921871403241
3.3929214607303653,0.004618402824859924,0.3918427547595168,0.3872243519346569,-0.0431511654399304,0.006878176997677454,0.01249050467189281,0.014259103259670832,-1.0674369745116046
3.395397698849425,0.0045058818525005595,0.3918427547595168,0.38733687290701624,-0.043152707862814665,0.006654524009955457,0.01239752423732532,0.014070582682111726,-1.0781731675241297
3.3978739369684843,0.004395678154870408,0.3918427547595168,0.3874470766046464,-0.043154429068244654,0.006431568886077578,0.012304011287010449,0.013883579224653912,-1.0891373331247556
3.400350175087544,0.004287789422376842,0.3918427547595168,0.38755496533713996,-0.04315632848639889,0.006209318787988374,0.012209981227653443,0.013698148830791512,-1.1003365069881819
3.4028264132066033,0.004182212958182274,0.3918427547595168,0.3876605418013345,-0.04315840548599731,0.005987780679170759,0.012115449283579428,0.013514348996708496,-1.11177787199615
3.405302651325663,0.004078945682448043,0.3918427547595168,0.38776380907706876,-0.04316065937479832,0.005766961326734644,0.012020430494581876,0.013332238829961264,-1.123468750920277
3.4077788894447223,0.003977984136671497,0.3918427547595168,0.3878647706228453,-0.043163089400116005,0.005546867303590455,0.011924939713891029,0.01315187910770078,-1.1354165973880865
3.410255127563782,0.0038793244881087374,0.3918427547595168,0.38796343027140806,-0.04316569474935653,0.00532750499070383,0.011828991606260823,0.012973332333944244,-1.1476289849346661
3.4127313656828417,0.003782962534281009,0.3918427547595168,0.3880597922252358,-0.04316847455057332,0.0051088805794296584,0.011732600646173964,0.012796662795333605,-1.1601135939280738
3.415207603801901,0.003688893707556984,0.3918427547595168,0.3881538610519598,-0.04317142787304035,0.004891000073921676,0.011635781116163747,0.012621936614734472,-1.172878196142848
3.4176838419209608,0.0035971130798076456,0.3918427547595168,0.38824564167970915,-0.04317455372784269,0.0046738692936155075,0.011538547105251517,0.012449221801940477,-1.1859306367427864
3.42016008004002,0.003507615367128347,0.3918427547595168,0.38833513939238845,-0.043177851068484006,0.004457493875782325,0.011440912507499226,0.012278588300651226,-1.1992788134223624
3.4226363181590798,0.0034203949346230944,0.3918427547595168,0.3884223598248937,-0.04318131879151008,0.0042418792781495525,0.011342891020675143,0.012110108030785991,-1.212930652446139
3.425112556278139,0.0033354458012468946,0.3918427547595168,0.3885073089582699,-0.04318495573714796,0.004027030781587103,0.011244496145031955,0.011943854925085474,-1.2268940813179172
3.4275887943971988,0.003252761644700175,0.3918427547595168,0.3885899931148166,-0.04318876068995999,0.003812953492854848,0.011145741182195574,0.011779904958834105,-1.2411769978073435
3.430065032516258,0.003172335806372606,0.3918427547595168,0.3886704189531442,-0.043192732379512086,0.0035996523474099568,0.011046639234163795,0.01161833617141374,-1.255787235061598
3.4325412706353178,0.0030941612963298892,0.3918427547595168,0.3887485934631869,-0.043196869481055875,0.003387132112269998,0.010947203202412615,0.011459228678269914,-1.270732522535379
3.4350175087543775,0.00301823079834046,0.3918427547595168,0.38882452396117634,-0.043201170616223826,0.003175397388930303,0.010847445787109718,0.011302664671744879,-1.286020442484211
3.437493746873437,0.0029445366749367707,0.3918427547595168,0.38889821808458,-0.043205634353736956,0.002964452616331688,0.010747379486432514,0.011148728409099676,-1.301658381786077
3.4399699849924965,0.002873070972507663,0.3918427547595168,0.38896968378700914,-0.04321025921012456,0.0027543020738764797,0.010647016595989987,0.010997506185924447,-1.3176534788854235
3.442446223111556,0.002803825426417106,0.3918427547595168,0.3890389293330997,-0.04321504365045531,0.0025449498844900796,0.010546369208346519,0.010849086293016829,-1.334012565693581
3.4449224612306155,0.0027367914661454162,0.3918427547595168,0.3891059632933714,-0.043219986089079135,0.0023364000177249628,0.01044544921264569,0.010703558954702201,-1.350742104332024
3.447398699349675,0.0026719602204492987,0.3918427547595168,0.3891707945390675,-0.043225084890379656,0.0021286562929049083,0.010344268294333037,0.010561016246482504,-1.367848118671118
3.4498749374687345,0.0026093225225359284,0.3918427547595168,0.38923343223698087,-0.04323033836953613,0.0019217223823063314,0.010242837934975378,0.01042155198983471,-1.3853361206987114
3.4523511755877943,0.0025488689152483035,0.3918427547595168,0.3892938858442685,-0.043235744793294825,0.0017156018143747506,0.01014116941217541,0.01028526162194857,-1.403211031851163
3.4548274137068535,0.002490589656257536,0.3918427547595168,0.38935216510325926,-0.043241302380749164,0.0015102979769729182,0.010039273799579645,0.010152242038198991,-1.421477099555438
3.4573036518259133,0.0024344747232589725,0.3918427547595168,0.3894082800362578,-0.04324700930412809,0.0013058141206586833,0.009937161966977956,0.010022591405203786,-1.4401378093648443
3.4597798899449725,0.002380513819167873,0.3918427547595168,0.3894622409403489,-0.04325286368959223,0.0011021533619900627,0.009834844580492774,0.009896408942429274,-1.459195793223158
3.4622561280640323,0.0023286963773120894,0.3918427547595168,0.3895140583822047,-0.04325886361803742,0.000899318686854363,0.009732332102856286,0.00977379467048559,-1.4786527345613063
3.4647323661830915,0.0022790115666183053,0.3918427547595168,0.3895637431928985,-0.04326500712590503,0.0006973129538198324,0.009629634793773798,0.009654849124508568,-1.4985092711153736
3.4672086043021513,0.0022314482967882854,0.3918427547595168,0.3896113064627285,-0.04327129220599876,0.0004961388975063454,0.009526762710371076,0.009539673031364108,-1.5187648965521303
3.4696848424212106,0.002185995223462245,0.3918427547595168,0.38965675953605455,-0.043277716808307394,0.0002957991319737282,0.00942372570772423,0.00942836694984338,-1.5394178621935437
3.4721610805402703,0.002142640753366787,0.3918427547595168,0.38970011400615,-0.04328427884083311,9.629615412447799e-05,0.009320533439470032,0.009321030873544956,-1.5604650803399691
3.47463731865933,0.002101373049444133,0.3918427547595168,0.38974138171007267,-0.04329097617042503,-0.0001023676528807034,0.009217195358494752,0.009217763796768363,-1.581902030895024
3.4771135567783893,0.0020621800359595377,0.3918427547595168,0.38978057472355726,-0.04329780662361736,-0.0003001900161976028,0.009113720717699787,0.009118663244470379,-1.603722673185593
3.479589794897449,0.0020250494035856104,0.3918427547595168,0.3898177053559312,-0.04330476798747215,-0.0004971687698650286,0.009010118570841776,0.009023824768154408,-1.6259193650373889
3.4820660330165083,0.0019899686144595474,0.3918427547595168,0.38985278614505725,-0.043311858010425884,-0.0006933018513657456,0.008906397773446146,0.00893334141046639,-1.6484827912995053
3.484542271135568,0.0019569249072111106,0.3918427547595168,0.3898858298523057,-0.04331907440313973,-0.0008885872981840206,0.00880256698379112,0.008847303142236251,-1.6714019040983017
3.4870185092546273,0.0019259053019607397,0.3918427547595168,0.38991684945755606,-0.04332641483935331,-0.0010830232443616167,0.008698634663961173,0.008765796276716363,-1.6946638771300266
3.489494747373687,0.001896896605282583,0.3918427547595168,0.3899458581542342,-0.043333876956741194,-0.001276607917054905,0.00859460908096757,0.008688902866791496,-1.71825407626165
3.4919709854927463,0.0018698854151333877,0.3918427547595168,0.3899728693443834,-0.043341458357772276,-0.0014693396330942247,0.008490498307934405,0.008616700091938819,-1.7421560485902143
3.494447223611806,0.0018448581257428653,0.3918427547595168,0.38999789663377393,-0.043349156610571406,-0.0016612167955489098,0.008386310225347813,0.008549259642658368,-1.7663515319058134
3.4969234617308658,0.0018218009324655338,0.3918427547595168,0.39002095382705126,-0.043356969249783134,-0.0018522378902981838,0.008282052522367293,0.008486647110932957,-1.790820486206813
3.499399699849925,0.0018006998365906468,0.3918427547595168,0.39004205492292615,-0.0433648937774372,-0.002042401482611613,0.008177732698196293,0.008428921395963004,-1.815541148529594
3.5018759379689848,0.0017815406501096587,0.3918427547595168,0.39006121410940714,-0.04337292766381567,-0.002231706213739904,0.008073358063511034,0.008376134134915936,-1.8404901118822659
3.504352176088044,0.0017643090004393347,0.3918427547595168,0.39007844575907746,-0.04338106834832127,-0.002420150797517999,0.00796893574194555,0.008328329168685894,-1.8656424285240483
3.506828414207104,0.0017489903350986769,0.3918427547595168,0.3900937644244181,-0.04338931324034671,-0.0026077340169830578,0.007864472671630715,0.008285542052645497,-1.8909717372246078
3.509304652326163,0.0017355699263384428,0.3918427547595168,0.39010718483317836,-0.0433976597201449,-0.002794454721007974,0.007759975606786044,0.008247799622061522,-1.916450413491217
3.511780890445223,0.0017240328757225365,0.3918427547595168,0.39011872188379426,-0.043406105139699704,-0.002980311820953197,0.007655451119362255,0.00821511962122635,-1.942049741092396
3.514257128564282,0.0017143641186592729,0.3918427547595168,0.3901283906408575,-0.04341464682359707,-0.003165304287337658,0.007550905600732751,0.008187510404427917,-1.9677401025621357
3.516733366683342,0.0017065484288815158,0.3918427547595168,0.3901362063306353,-0.0434232820698963,-0.003349431146531495,0.007446345263432419,0.008164970715660755,-1.9934911857697801
3.5192096048024015,0.0017005704228755247,0.3918427547595168,0.3901421843366413,-0.04343200815100141,-0.003532691477470838,0.007341776142942093,0.008147489552498288,-2.019272203115704
3.521685842921461,0.0016964145642566764,0.3918427547595168,0.3901463401952601,-0.043440822314532196,-0.003715084408397634,0.007237204099516706,0.008135046117852105,-2.0450521194901623
3.5241620810405205,0.0016940651680911745,0.3918427547595168,0.3901486895914256,-0.04344972178419497,-0.003896609113625127,0.007132634820055771,0.00812760986149424,-2.070799884833321
3.52663831915958,0.0016935064051640247,0.3918427547595168,0.3901492483543528,-0.043458703760652834,-0.004077264810330581,0.0070280738200146345,0.008125140611283915,-2.09648466697585
3.5291145572786395,0.0016947223061916095,0.3918427547595168,0.3901480324533252,-0.043467765422395305,-0.004257050755377316,0.006923526445354257,0.00812758879209439,-2.122076080429828
3.531590795397699,0.0016976967659784736,0.3918427547595168,0.3901450579935383,-0.043476903926606976,-0.004435966242166571,0.006818997874528771,0.008134895728555426,-2.1475444069393075
3.5340670335167585,0.0017024135475187663,0.3918427547595168,0.39014034121199803,-0.04348611641003557,-0.004614010597521456,0.006714493120508602,0.008146994025982691,-2.172860803881912
3.536543271635818,0.0017088562860400058,0.3918427547595168,0.3901338984734768,-0.043495399989858644,-0.004791183178603593,0.006610017032837934,0.00816380802232277,-2.197997497020831
3.5390195097548776,0.0017170084929911678,0.3918427547595168,0.39012574626652563,-0.04350475176454934,-0.004967483369864443,0.00650557429972484,0.008185254302654264,-2.222927954619762
3.5414957478739373,0.001726853559972763,0.3918427547595168,0.39011590119954404,-0.04351416881474078,-0.005142910580031865,0.006401169450162677,0.008211242266788847,-2.2476270405244376
3.5439719859929966,0.0017383747626102397,0.3918427547595168,0.39010437999690656,-0.04352364820408921,-0.005317464239133788,0.0062968068560813745,0.008241674739836563,-2.27207114445471
3.5464482241120563,0.0017515552643698196,0.3918427547595168,0.390091199495147,-0.04353318698013564,-0.005491143795560028,0.006192490734526797,0.008276448615240574,-2.296238288410293
3.5489244622311156,0.0017663781203166584,0.3918427547595168,0.39007637663920014,-0.04354278217516598,-0.005663948713162858,0.006088225149867371,0.008315455519742545,-2.320108208742555
3.5514007003501753,0.0017828262808160522,0.3918427547595168,0.39005992847870075,-0.04355243080706962,-0.005835878468398629,0.005984014016025841,0.00835858248998671,-2.3436624140587843
3.5538769384692346,0.0018008825951769114,0.3918427547595168,0.3900418721643399,-0.04356212988019633,-0.006006932547510065,0.0058798610987356725,0.00840571265097498,-2.366884219681572
3.5563531765882943,0.001820529815238281,0.3918427547595168,0.3900222249442785,-0.04357187638621147,-0.006177110443751956,0.005775770017819792,0.008456725887307424,-2.3897587598692964
3.558829414707354,0.0018417505988991278,0.3918427547595168,0.39000100416061767,-0.04358166730494948,-0.0063464116546596,0.0056717442494913905,0.008511499499032932,-2.4122729794014446
3.5613056528264133,0.0018645275135912298,0.3918427547595168,0.38997822724592557,-0.04359149960526544,-0.006514835679362326,0.0055677871286745695,0.008569908834948396,-2.4344156064408358
3.563781890945473,0.001888843039695609,0.3918427547595168,0.3899539117198212,-0.04360137024588486,-0.0066823820159426,0.005463901851344147,0.008631827897271533,-2.456177108801553
3.5662581290645323,0.001914679573903566,0.3918427547595168,0.38992807518561323,-0.04361127617625159,-0.0068490501588412585,0.005360091476883374,0.008697129912728753,-2.4775496358812275
3.568734367183592,0.0019420194325218132,0.3918427547595168,0.389900735326995,-0.04362121433737374,-0.0070148395963104924,0.0052563589304580995,0.008765687866207201,-2.4985269485661457
3.5712106053026513,0.0019708448547228197,0.3918427547595168,0.389871909904794,-0.04363118166266769,-0.007179749807915016,0.00515270700540632,0.008837374994183458,-2.519104339396723
3.573686843421711,0.00200113800574081,0.3918427547595168,0.389841616753776,-0.04364117507880002,-0.0073437802620824185,0.005049138365642235,0.00891206523613644,-2.5392785452007867
3.5761630815407703,0.002032880980013696,0.3918427547595168,0.3898098737795031,-0.04365119150652762,-0.007506930413703436,0.004945655548073165,0.008989633643056457,-2.5590476542745177
3.57863931965983,0.0020660558042722155,0.3918427547595168,0.3897766989552446,-0.0436612278615355,-0.00766919970178322,0.004842260965028681,0.009069956742965886,-2.5784110100274953
3.58111555777889,0.0021006444405762825,0.3918427547595168,0.3897421103189405,-0.043671281055272855,-0.007830587547144066,0.00473895690670088,0.009152912864058943,-2.597369112820393
3.583591795897949,0.002136628789299655,0.3918427547595168,0.38970612597021714,-0.04368134799578678,-0.007991093350180192,0.004635745543594355,0.009238382416648977,-2.6159235215216525
3.586068034017009,0.0021739906920636987,0.3918427547595168,0.3896687640674531,-0.04369142558855407,-0.008150716488666294,0.004532628928985061,0.009326248135584258,-2.634076756101562
3.588544272136068,0.002212711934621081,0.3918427547595168,0.3896300428248957,-0.043701510737310954,-0.008309456315619034,0.004429609001387674,0.009416395285158528,-2.6518322023758625
3.591020510255128,0.0022527742496897263,0.3918427547595168,0.38958998050982707,-0.04371160034488059,-0.00846731215721359,0.004326687587029071,0.009508711828815115,-2.66919401981276
3.593496748374187,0.002294159319738698,0.3918427547595168,0.3895485954397781,-0.04372169131399853,-0.008624283310754795,0.004223866402328636,0.009603088566127273,-2.6861670531302813
3.595972986493247,0.002336848779726397,0.3918427547595168,0.3895059059797904,-0.043731780548136076,-0.008780369042704485,0.004121147056383062,0.009699419239646158,-2.7027567482398047
3.598449224612306,0.0023808242197921325,0.3918427547595168,0.38946193053972467,-0.043741864952321526,-0.008935568586764645,0.00401853105345588,0.009797600614250631,-2.7189690729368774
3.600925462731366,0.002426067187902059,0.3918427547595168,0.38941668757161474,-0.043751941433959086,-0.009089881142017912,0.003916019795469761,0.00989753253162241,-2.73481044260429
3.6034017008504255,0.0024725591924503743,0.3918427547595168,0.3893701955670664,-0.04376200690364598,-0.009243305871125183,0.0038136145845017975,0.009999117942413826,-2.750287651073879
3.605877938969485,0.00252028170481694,0.3918427547595168,0.38932247305469986,-0.04377205827598698,-0.009395841898581295,0.003711316625280034,0.010102262918584912,-2.7654078066932097
3.6083541770885446,0.0025692161618824927,0.3918427547595168,0.3892735385976343,-0.04378209247040716,-0.009547488309029389,0.003609127027681016,0.010206876648269561,-2.7801782735594096
3.610830415207604,0.002619343968501775,0.3918427547595168,0.389223410791015,-0.04379210641196215,-0.00969824414563401,0.003507046809227287,0.010312871415393273,-2.7946066178143028
3.6133066533266636,0.002670646499936813,0.3918427547595168,0.38917210825958,-0.043802097032146346,-0.009848108408513835,0.003405076897584059,0.010420162566116787,-2.80870055884093
3.615782891445723,0.0027231051042502785,0.3918427547595168,0.3891196496552665,-0.04381206126969884,-0.009997080053234056,0.0033032181330545393,0.010528668464022912,-2.822467925160026
3.6182591295647826,0.002776701104660939,0.3918427547595168,0.38906605365485586,-0.043821996071407146,-0.010145157989359561,0.0032014712710727645,0.010638310435805603,-2.8359166147946566
3.620735367683842,0.002831415801861914,0.3918427547595168,0.3890113389576549,-0.04383189839290864,-0.0102923410790683,0.003099836984693588,0.010749012709060821,-2.8490545598501424
3.6232116058029016,0.0028872304763026824,0.3918427547595168,0.3889555242832141,-0.04384176519948966,-0.010438628135826283,0.0029983158670789526,0.010860702343625918,-2.8618896950436095
3.6256878439219613,0.002944126390436397,0.3918427547595168,0.3888986283690804,-0.043851593466882395,-0.010584017923123492,0.0028969084339798197,0.010973309157763792,-2.8744299299112175
3.6281640820410206,0.003002084790933446,0.3918427547595168,0.38884066996858335,-0.043861380182059255,-0.010728509153272312,0.00279561512621295,0.011086765650348997,-2.8866831244204922
3.6306403201600803,0.003061086910862487,0.3918427547595168,0.3887816678486543,-0.04387112234402508,-0.01087210048626754,0.0026944363121318973,0.011201006920077935,-2.898657067718806
3.6331165582791396,0.003121113971840006,0.3918427547595168,0.3887216407876768,-0.04388081696460666,-0.011014790528709073,0.002593372290091931,0.011315970582603852,-2.9103594597561906
3.6355927963981993,0.0031821471861498973,0.3918427547595168,0.3886606075733669,-0.043890461069240064,-0.01115657783278747,0.002492423290907718,0.01143159668638218,-2.921797895530477
3.6380690345172586,0.0032441677588332385,0.3918427547595168,0.38859858700068356,-0.04390005169775512,-0.011297460895332189,0.002391589480303463,0.011547827627907258,-2.932979851714336
3.6405452726363183,0.003307156889751195,0.3918427547595168,0.3885355978697656,-0.04390958590515761,-0.011437438156923475,0.002290870961354817,0.011664608066927401,-2.943912675436796
3.643021510755378,0.0033710957756205584,0.3918427547595168,0.38847165898389624,-0.043919060762408674,-0.0115765080010673,0.002190267776922055,0.011781884842137878,-2.954603575005573
3.6454977488744373,0.0034359656120237503,0.3918427547595168,0.38840678914749305,-0.04392847335720157,-0.01171466875343426,0.0020897799120738973,0.011899606887775605,-2.965059612370788
3.647973986993497,0.003501747595394733,0.3918427547595168,0.38834100716412207,-0.043937820794735634,-0.011851918681162327,0.0019894072965011144,0.012017725151469243,-2.97528769714492
3.6504502251125563,0.0035684229249811072,0.3918427547595168,0.3882743318345357,-0.04394710019848738,-0.011988255992223348,0.0018891498069200686,0.012136192513637263,-2.9852945820079286
3.652926463231616,0.0036359728047850592,0.3918427547595168,0.38820678195473174,-0.04395630871097879,-0.012123678834854093,0.0017890072694647884,0.012254963708672783,-2.9950868593403617
3.6554027013506754,0.003704378445482215,0.3918427547595168,0.3881383763140346,-0.043965443494542414,-0.012258185297051041,0.0016889794620678121,0.012373995248105002,-3.004670958940394
3.657878939469735,0.0037736210663218417,0.3918427547595168,0.38806913369319496,-0.043974501732083615,-0.01239177340613026,0.0015890661168285096,0.012493245345887095,-3.0140531466935485
3.6603551775887944,0.003843681897006901,0.3918427547595168,0.3879990728625099,-0.04398348062783924,-0.012524441128350973,0.0014892669223692209,0.01261267384592151,-3.0232395240756564
3.662831415707854,0.0039145421795583335,0.3918427547595168,0.38792821257995846,-0.04399237740813347,-0.012656186368604177,0.0013895815261778946,0.01273224215190463,-3.0322360283810426
3.665307653826914,0.003986183170160917,0.3918427547595168,0.3878565715893559,-0.04400118932212976,-0.012787006970165452,0.0012900095369372954,0.012851913159543564,-3.041048433578267
3.667783891945973,0.004058586140995468,0.3918427547595168,0.38778416861852133,-0.04400991364257971,-0.012916900714512642,0.0011905505268399131,0.012971651191175933,-3.0496823517056306
3.670260130065033,0.004131732382055275,0.3918427547595168,0.3877110223774615,-0.044018547666567855,-0.013045865321207774,0.0010912040338883753,0.013091421932802636,-3.058143234727563
3.672736368184092,0.004205603202949881,0.3918427547595168,0.3876371515565669,-0.04402708871625296,-0.01317389844784359,0.0009919695641806665,0.013211192373527704,-3.0664363767813967
3.675212606303152,0.004280179934696593,0.3918427547595168,0.3875625748248202,-0.04403553413960526,-0.013300997690054644,0.0008928465941797675,0.013330930747385098,-3.0745669167515626
3.677688844422211,0.004355443931500669,0.3918427547595168,0.38748731082801613,-0.04404388131113968,-0.013427160581592592,0.0007938345729673061,0.01345060647752034,-3.0825398411152234
3.680165082541271,0.004431376572524737,0.3918427547595168,0.38741137818699206,-0.044052127632644746,-0.013552384594465823,0.000694932924480518,0.013570190122685887,-3.090359987009684
3.68264132066033,0.0045079592636496635,0.3918427547595168,0.38733479549586713,-0.04406027053390723,-0.01367666713914329,0.000596141049732532,0.013689653326001288,-3.09803204547761
3.68511755877939,0.0045851734392263754,0.3918427547595168,0.3872575813202904,-0.04406830747343212,-0.013800005564822268,0.0004974583290147495,0.01380896876592281,-3.1055605648513778
3.6875937968984496,0.0046630005638206296,0.3918427547595168,0.38717975419569617,-0.044076235939157986,-0.013922397159759861,0.0003988841240818681,0.013928110109362792,-3.112949954242427
3.690070035017509,0.004741422133950568,0.3918427547595168,0.38710133262556623,-0.044084053449167306,-0.014043839151668291,0.0003004177803181823,0.01404705196689549,-3.120204487105858
3.6925462731365686,0.00482041967981961,0.3918427547595168,0.3870223350796972,-0.04409175755239188,-0.014164328708173515,0.00020205862888515334,0.01416576984998328,-3.1273283048542164
3.695022511255628,0.004899974767043291,0.3918427547595168,0.3869427799924735,-0.04409934582931274,-0.014283862937336852,0.00010380598885006455,0.01428424013015556,-3.134325420497809
3.6974987493746876,0.004980068998372722,0.3918427547595168,0.3868626857611441,-0.04410681589265474,-0.014402438888239777,5.659169294545255e-06,0.014402440000072158,-3.141199722292031
3.699974987493747,0.0050606840154147625,0.3918427547595168,0.38678207074410204,-0.044114165388075416,-0.01452005355163086,-9.238252859651537e-05,0.014520347436401715,3.1352303298048185
3.7024512256128066,0.005141801500349152,0.3918427547595168,0.38670095325916765,-0.04412139199484783,-0.01463670386063542,-0.00019031980946701744,0.014637941164447115,3.128590471800103
3.704927463731866,0.005223403177644248,0.3918427547595168,0.38661935158187255,-0.044128493426537435,-0.01475238669152656,-0.0002881533817422161,0.014755200624448975,3.1220624751679344
3.7074037018509256,0.00530547081577154,0.3918427547595168,0.38653728394374526,-0.04413546743167241,-0.014867098864558151,-0.00038588395560304315,0.014872105939500906,3.1156429146013953
3.7098799399699853,0.005387986228919783,0.3918427547595168,0.386454768530597,-0.04414231179440762,-0.014980837144858632,-0.00048351224098193733,0.014988637885009948,3.1093284717184195
3.7123561780890446,0.0054709312787085684,0.3918427547595168,0.38637182348080823,-0.044149024335181385,-0.015093598243385364,-0.0005810389455810366,0.015104777859637913,3.103115931650997
3.7148324162081043,0.0055542878759039516,0.3918427547595168,0.38628846688361285,-0.044155602911365575,-0.015205378817939551,-0.0006784647729130126,0.015220507857661277,3.097002179703181
3.7173086543271636,0.005638037982134136,0.3918427547595168,0.38620471677738266,-0.044162045417908025,-0.015316175474240346,-0.0007757904203648388,0.015335810442687772,3.0909841980826345
3.7197848924462233,0.005722163611607378,0.3918427547595168,0.3861205911479094,-0.04416834978796748,-0.015425984767058438,-0.0008730165772851872,0.015450668722671318,3.085059062709421
3.7222611305652826,0.005806646832832496,0.3918427547595168,0.3860361079266843,-0.044174513993540665,-0.015534803201408062,-0.0009701439230954546,0.015565066326167621,3.079223940104889
3.7247373686843424,0.005891469770341884,0.3918427547595168,0.3859512849891749,-0.0441805360460812,-0.01564262723379719,-0.001067173125425468,0.015678987379775643,3.073476084362673
3.727213606803402,0.005976614606417574,0.3918427547595168,0.3858661401530992,-0.044186413997110076,-0.015749453273534712,-0.0011641048382734147,0.01579241648671111,3.0678128342032474
3.7296898449224614,0.006062063582820798,0.3918427547595168,0.385780691176696,-0.044192145938817345,-0.01585527768409479,-0.0012609397001912424,0.01590533870646182,3.0622316101127836
3.732166083041521,0.006147799002525989,0.3918427547595168,0.3856949557569908,-0.04419773000465501,-0.015960096784537088,-0.0013576783324954517,0.016017739535474997,3.0567299115666486
3.7346423211605804,0.006233803231458057,0.3918427547595168,0.38560895152805874,-0.0442031643699204,-0.01606390685098205,-0.001454321337503659,0.016129604888829314,3.0513053143374127
3.73711855927964,0.006320058700234887,0.3918427547595168,0.3855226960592819,-0.04420844725233008,-0.016166704118141376,-0.001550869296797741,0.016240921082847463,3.0459554678868503
3.7395947973986994,0.006406547905914328,0.3918427547595168,0.38543620685360247,-0.04421357691258384,-0.016268484780901638,-0.0016473227695133878,0.01635167481860453,3.040678092841158
3.742071035517759,0.0064932534137456255,0.3918427547595168,0.3853495013457712,-0.04421855165491843,-0.01636924499596147,-0.0017436822906569702,0.016461853166292072,3.0354709785482923
3.7445472736368184,0.006580157858926072,0.3918427547595168,0.3852625969005907,-0.04422336982765087,-0.01646898088352046,-0.0018399483694498014,0.01657144355039727,3.030331980716154
3.747023511755878,0.006667243948363377,0.3918427547595168,0.3851755108111534,-0.0442280298237109,-0.016567688529019645,-0.0019361214877003504,0.016680433735659996,3.0252590191301434
3.749499749874938,0.006754494462442029,0.3918427547595168,0.38508826029707477,-0.04423253008116215,-0.016665363984932402,-0.002032202098204587,0.01678881181377137,3.0202500754484745
3.751975987993997,0.006841892256795878,0.3918427547595168,0.3850008625027209,-0.044236869083712105,-0.016762003272604346,-0.0021281906231750444,0.016896566190778794,3.0153031910735
3.754452226113057,0.006929420264085717,0.3918427547595168,0.3849133344954311,-0.044241045361210055,-0.01685760238414248,-0.0022240874526990866,0.01700368557516575,3.0104164650972187
3.756928464232116,0.007017061495781185,0.3918427547595168,0.3848256932637356,-0.044245057490132966,-0.016952157284350913,-0.002319892943226215,0.01711015896657312,3.005588052319084
3.759404702351176,0.007104799043948895,0.3918427547595168,0.3847379557155679,-0.04424890409405905,-0.017045663912713782,-0.0024156074160854254,0.01721597564513379,3.000816161334133
3.761880940470235,0.007192616083044889,0.3918427547595168,0.3846501386764719,-0.04425258384412837,-0.017138118185423157,-0.002511231156032595,0.01732112516139066,2.996099052689472
3.764357178589295,0.007280495871711867,0.3918427547595168,0.38456225888780493,-0.044256095459490476,-0.017229515997451202,-0.0026067644098284395,0.017425597326771188,2.9914350371070904
3.766833416708354,0.007368421754580856,0.3918427547595168,0.38447433300493594,-0.04425943770773854,-0.017319853224665564,-0.002702207384847156,0.017529382204592398,2.986822473771021
3.769309654827414,0.007456377164077599,0.3918427547595168,0.3843863775954392,-0.04426260940532975,-0.017409125725986827,-0.0027975602477165766,0.017632470101571714,2.9822597686767893
3.7717858929464736,0.007544345622232496,0.3918427547595168,0.3842984091372843,-0.04426560941799165,-0.01749732934558649,-0.0028928231229894694,0.017734851559819288,2.977745373041208
3.774262131065533,0.007632310742494708,0.3918427547595168,0.3842104440170221,-0.04426843666111399,-0.017584459915124622,-0.0029879960918470236,0.017836517349289847,2.9732777817704834
3.7767383691845926,0.007720256231548817,0.3918427547595168,0.384122498527968,-0.04427109010012574,-0.017670513256025797,-0.003083079190834565,0.017937458460672195,2.968855531984716
3.779214607303652,0.007808165891135643,0.3918427547595168,0.38403458886838115,-0.04427356875085734,-0.017755485181792013,-0.003178072410629565,0.018037666098695823,2.9644772015968655
3.7816908454227116,0.007896023619874237,0.3918427547595168,0.38394673113964256,-0.04427587167988715,-0.017839371500351156,-0.003272975694842789,0.01813713167583487,2.960141407944286
3.784167083541771,0.007983813415086694,0.3918427547595168,0.3838589413444301,-0.044277998004872386,-0.017922168016439845,-0.0033677889388523735,0.01823584680639086,2.955846806471
3.7866433216608306,0.008071519374624303,0.3918427547595168,0.3837712353848925,-0.044279946894864024,-0.018003870534019233,-0.003462511988671658,0.01833380330093625,2.951592089458889
3.78911955977989,0.008159125698694536,0.3918427547595168,0.38368362906082226,-0.04428171757060519,-0.01808447485872216,-0.003557144639850464,0.01843099316110151,2.947375984806069
3.7915957978989496,0.00824661669168858,0.3918427547595168,0.3835961380678282,-0.044283309304812966,-0.01816397680033059,-0.003651686636410723,0.01852740857468978,2.943197254850713
3.7940720360180094,0.008333976764008544,0.3918427547595168,0.38350877799550825,-0.044284721422443184,-0.01824237217528136,-0.0037461376698161714,0.0186230419111029,2.939054695238672
3.7965482741370686,0.008421190433893666,0.3918427547595168,0.38342156432562313,-0.04428595330093791,-0.0183196568091991,-0.0038404973779768317,0.01871788571706436,2.934947133833275
3.7990245122561284,0.00850824232924513,0.3918427547595168,0.38333451243027167,-0.04428700437045527,-0.018395826539454905,-0.003934765344288257,0.01881193271262486,2.9308734296657395
3.8015007503751876,0.00859511718944872,0.3918427547595168,0.3832476375700681,-0.044287874114081506,-0.018470877217748708,-0.004028941096705796,0.018905175787436442,2.926832471924685
3.8039769884942474,0.008681799867194029,0.3918427547595168,0.38316095489232277,-0.044288562068024694,-0.018544804712714198,-0.004123024106854362,0.01899760799728242,2.9228231789832577
3.8064532266133067,0.00876827533029012,0.3918427547595168,0.3830744794292267,-0.0442890678217901,-0.018617604912544578,-0.004217013789173463,0.019089222560850484,2.918844497462481
3.8089294647323664,0.008854528663476635,0.3918427547595168,0.38298822609604016,-0.044289391018336725,-0.01868927372763748,-0.004310909500098306,0.019180012856737046,2.914895401329427
3.811405702851426,0.008940545070229455,0.3918427547595168,0.38290220968928734,-0.04428953135421486,-0.018759807093257447,-0.004404710537276502,0.019269972420671157,2.9109748910289133
3.8138819409704854,0.009026309874559657,0.3918427547595168,0.38281644488495714,-0.044289488579684386,-0.018829200972214053,-0.00449841613882112,0.01935909494294692,2.9070819926474223
3.816358179089545,0.009111808522805798,0.3918427547595168,0.382730946236711,-0.04428926249881342,-0.018897451357554648,-0.004592025482600017,0.019447374266054324,2.9032157571080286
3.8188344172086044,0.009197026585417989,0.3918427547595168,0.3826457281740988,-0.04428885296955743,-0.01896455427526903,-0.00468553768556141,0.019534804382497436,2.8993752593951485
3.821310655327664,0.009281949758732533,0.3918427547595168,0.38256080500078427,-0.04428825990381808,-0.01903050578700526,-0.0047789518030963325,0.01962137943279112,2.895559597807952
3.8237868934467234,0.009366563866736899,0.3918427547595168,0.3824761908927799,-0.044287483267481983,-0.019095301992794026,-0.004872266828437453,0.019707093703625996,2.8917678932413553
3.826263131565783,0.009450854862823821,0.3918427547595168,0.382391899896693,-0.04428652308043902,-0.019158939033780797,-0.004965481692094981,0.019791941626193726,2.8879992884935275
3.8287393696848424,0.009534808831532904,0.3918427547595168,0.3823079459279839,-0.04428537941657989,-0.019221413094962628,-0.005058595261329294,0.01987591777466248,2.8842529475988847
3.831215607803902,0.00961841199027963,0.3918427547595168,0.38222434276923717,-0.04428405240377294,-0.019282720407929322,-0.005151606339660746,0.01995901686479589,2.8805280551856023
3.833691845922962,0.009701650691070318,0.3918427547595168,0.3821411040684465,-0.04428254222381992,-0.019342857253605954,-0.005244513666416086,0.020041233752705983,2.876823815856711
3.836168084042021,0.009784511422201658,0.3918427547595168,0.38205824333731514,-0.044280849112390504,-0.019401819964995404,-0.005337315916312556,0.020122563433733226,2.8731394535938324
3.838644322161081,0.009866980809944303,0.3918427547595168,0.3819757739495725,-0.04427897335893547,-0.01945960492991939,-0.005430011699078583,0.02020300104144613,2.869474211182742
3.84112056028014,0.009949045620209096,0.3918427547595168,0.3818937091393077,-0.04427691530657849,-0.01951620859375547,-0.005522599559111726,0.020282541846752735,2.8658273496598743
3.8435967983992,0.010030692760195026,0.3918427547595168,0.3818120619993218,-0.044274675351986065,-0.01957162746216867,-0.005615077975173885,0.020361181257117614,2.8621981477789853
3.846073036518259,0.010111909280017595,0.3918427547595168,0.3817308454794992,-0.04427225394521595,-0.019625858103835735,-0.005707445360123301,0.02043891481587728,2.8585859014972095
3.848549274637319,0.010192682374316642,0.3918427547595168,0.38165007238520016,-0.04426965158954355,-0.019678897153160197,-0.005799700060683751,0.02051573820164782,2.854989923479753
3.851025512756378,0.010272999383842463,0.3918427547595168,0.38156975537567434,-0.044266868841266474,-0.019730741312976342,-0.005891840357250578,0.020591647227818324,2.851409542622527
3.853501750875438,0.010352847797019005,0.3918427547595168,0.3814899069624978,-0.04426390630948694,-0.019781387357240214,-0.005983864463733616,0.020666637842124125,2.847844103592027
3.8559779889944976,0.010432215251483135,0.3918427547595168,0.38141053950803366,-0.0442607646558723,-0.019830832133705876,-0.006075770527436866,0.02074070612629406,2.8442929663818073
3.858454227113557,0.010511089535598872,0.3918427547595168,0.3813316652239179,-0.04425744459439323,-0.01987907256658504,-0.006167556628974735,0.02081384829576607,2.8407555058849234
3.8609304652326166,0.010589458589945255,0.3918427547595168,0.38125329616957154,-0.04425394689103984,-0.01992610565918825,-0.0062592207822247566,0.02088606069946576,2.837231111481735
3.863406703351676,0.010667310508776673,0.3918427547595168,0.3811754442507401,-0.04425027236351567,-0.019971928496545582,-0.006350760934316573,0.02095733981964245,2.8337191866424885
3.8658829414707356,0.010744633541455051,0.3918427547595168,0.38109812121806175,-0.04424642188090937,-0.020016538248005464,-0.006442174965657126,0.021027682271757983,2.830219148544124
3.868359179589795,0.010821416093851843,0.3918427547595168,0.38102133866566495,-0.04424239636334437,-0.020059932169809284,-0.00653346068999148,0.02109708480442294,2.826730427700781
3.8708354177088546,0.010897646729719712,0.3918427547595168,0.3809451080297971,-0.0442381967816063,-0.020102107607640307,-0.006624615854499653,0.021165544299375776,2.823252467607466
3.873311655827914,0.010973314172032178,0.3918427547595168,0.3808694405874846,-0.04423382415674841,-0.02014306199914507,-0.006715638139928436,0.021233057771500165,2.8197847243964262
3.8757878939469737,0.011048407304289687,0.3918427547595168,0.3807943474552271,-0.04422927955967492,-0.020182792876425236,-0.006806525160758726,0.021299622368876,2.816326666505715
3.8782641320660334,0.011122915171792425,0.3918427547595168,0.3807198395877244,-0.04422456411070248,-0.020221297868498543,-0.006897274465407353,0.021365235372859902,2.8128777743595386
3.8807403701850927,0.011196826982877273,0.3918427547595168,0.3806459277766395,-0.04421967897909977,-0.02025857470372669,-0.006987883536463572,0.021429894198190844,2.809437540059913
3.8832166083041524,0.01127013211011857,0.3918427547595168,0.38057262264939823,-0.04421462538260543,-0.020294621212208735,-0.00707834979095981,0.021493596393117032,2.8060054670892303
3.8856928464232117,0.011342820091491679,0.3918427547595168,0.3804999346680251,-0.04420940458692438,-0.020329435328138058,-0.007168670580675884,0.021556339639539818,2.8025810700233396
3.8881690845422714,0.011414880631497981,0.3918427547595168,0.3804278741280188,-0.04420401790520264,-0.020363015092121513,-0.007258843192477082,0.021618121753171328,2.7991638742547367
3.8906453226613307,0.011486303602250503,0.3918427547595168,0.3803564511572663,-0.044198466697481065,-0.02039535865345883,-0.0073488648486848005,0.021678940683701617,2.79575341572552
3.8931215607803904,0.011557079044518803,0.3918427547595168,0.380285675714998,-0.044192752370127805,-0.020426464272380686,-0.0074387327074801664,0.02173879451497207,2.7923492406697292
3.8955977988994497,0.011627197168733061,0.3918427547595168,0.38021555759078374,-0.044186876375250046,-0.020456330322243955,-0.007528443863339542,0.02179768146515157,2.788950905364746
3.8980740370185094,0.011696648355944916,0.3918427547595168,0.3801461064035719,-0.04418084021008497,-0.020484955291682656,-0.0076179953475018205,0.021855599886912203,2.7855579758914284
3.900550275137569,0.011765423158745625,0.3918427547595168,0.3800773316007712,-0.044174645416370395,-0.020512337786712718,-0.0077073841284668754,0.021912548267601042,2.7821700279026493
3.9030265132566284,0.011833512302139582,0.3918427547595168,0.3800092424573772,-0.04416829357969522,-0.02053847653278925,-0.007796607112524721,0.02196852522940504,2.778786646399956
3.905502751375688,0.011900906684372936,0.3918427547595168,0.37994184807514386,-0.04416178632882997,-0.0205633703768153,-0.007885661144314802,0.022023529529506418,2.77540742551805
3.9079789894947474,0.011967597377715689,0.3918427547595168,0.3798751573818011,-0.044155125335037654,-0.0205870182890995,-0.007974543007414866,0.022077560060224648,2.7720319683168078
3.910455227613807,0.012033575629197879,0.3918427547595168,0.3798091791303189,-0.04414831231136553,-0.02060941936526267,-0.008063249424959004,0.022130615849143595,2.7686598865805783
3.9129314657328664,0.012098832861296982,0.3918427547595168,0.3797439218982198,-0.04414134901191766,-0.020630572828090873,-0.008151777060283966,0.022182696059219974,2.7652908006245043
3.915407703851926,0.012163360672577894,0.3918427547595168,0.3796793940869389,-0.044134237231108986,-0.02065047802933427,-0.008240122517603449,0.022233799988871285,2.7619243391076114
3.917883941970986,0.012227150838282907,0.3918427547595168,0.3796156039212339,-0.044126978802900965,-0.02066913445145008,-0.00832828234270959,0.022283927072040265,2.7585601388524266
3.920360180090045,0.01229019531087261,0.3918427547595168,0.3795525594486442,-0.044119575600019466,-0.020686541709288946,-0.008416253023700993,0.022333076878233937,2.7551978446709144
3.922836418209105,0.01235248622051599,0.3918427547595168,0.3794902685390008,-0.04411202953315498,-0.02070269955172296,-0.008504030991736883,0.022381249112534616,2.75183710919648
3.925312656328164,0.012414015875528928,0.3918427547595168,0.37942873888398787,-0.04410434255014571,-0.020717607863214534,-0.008591612621816186,0.022428443615580638,2.7484775927218643
3.927788894447224,0.012474776762761985,0.3918427547595168,0.3793679779967548,-0.044096516635144044,-0.020731266665325196,-0.008678994233581512,0.02247466036351528,2.7451189630426978
3.930265132566283,0.012534761547934925,0.3918427547595168,0.3793079932115819,-0.04408855380776654,-0.020743676118162777,-0.008766172092146756,0.022519899467901033,2.7417608953065344
3.932741370685343,0.012593963075919146,0.3918427547595168,0.37924879168359765,-0.04408045612222833,-0.020754836521766608,-0.008853142408948009,0.022564161175598146,2.7384030718671704
3.935217608804402,0.012652374370966668,0.3918427547595168,0.37919038038855013,-0.0440722256664619,-0.020764748317429246,-0.008939901342616697,0.022607445868604897,2.735045182144067
3.937693846923462,0.012709988636885217,0.3918427547595168,0.3791327661226316,-0.04406386456122095,-0.020773412088954404,-0.00902644499987464,0.022649754063858593,2.731686922486704
3.9401700850425216,0.012766799257159844,0.3918427547595168,0.37907595550235695,-0.04405537495917007,-0.020780828563849683,-0.009112769436449591,0.022691086412994877,2.7283279960437032
3.942646323161581,0.012822799795019879,0.3918427547595168,0.3790199549644969,-0.04404675904396019,-0.020786998614453926,-0.009198870658011353,0.022731443702064584,2.724968112636537
3.9451225612806406,0.012877983993450748,0.3918427547595168,0.37896477076606605,-0.04403801902929066,-0.02079192325899798,-0.009284744621126932,0.022770826851206055,2.721606988637694
3.9475987993997,0.012932345775152065,0.3918427547595168,0.37891040898436473,-0.04402915715795862,-0.02079560366259871,-0.009370387234234192,0.022809236914271988,2.7182443468531394
3.9500750375187597,0.012985879242439324,0.3918427547595168,0.3788568755170775,-0.044020175700895704,-0.020798041138185,-0.00945579435863339,0.022846675078409085,2.714879916408917
3.952551275637819,0.01303857867709124,0.3918427547595168,0.37880417608242556,-0.04401107695619309,-0.020799237147356122,-0.009540961809495556,0.02288314266358997,2.7115134326417647
3.9550275137568787,0.013090438540141636,0.3918427547595168,0.37875231621937516,-0.044001863248115274,-0.020799193301171016,-0.009625885356886845,0.02291864112209548,2.7081446369936075
3.957503751875938,0.013141453471615272,0.3918427547595168,0.3787013012879015,-0.04399253692610298,-0.020797911360868813,-0.009710560726808232,0.02295317203794688,2.7047732769097905
3.9599799899949977,0.013191618290208984,0.3918427547595168,0.3786511364693078,-0.04398310036376605,-0.020795393238519873,-0.009794983602249542,0.022986737126286877,2.701399105740935
3.9624562281140574,0.01324092799291715,0.3918427547595168,0.37860182676659965,-0.04397355595786676,-0.020791640997607122,-0.009879149624256975,0.02301933823270847,2.6980218826482942
3.9649324662331167,0.013289377754601706,0.3918427547595168,0.3785533770049151,-0.043963906127294096,-0.02078665685353739,-0.009963054393013402,0.023050977332530972,2.694641372512483
3.9674087043521764,0.013336962927507245,0.3918427547595168,0.37850579183200955,-0.043954153312029634,-0.020780443174082813,-0.010046693468930445,0.023081656530022594,2.6912573458454836
3.9698849424712357,0.013383679040720797,0.3918427547595168,0.378459075718796,-0.043944299972105784,-0.02077300247975175,-0.010130062373751364,0.023111378057568646,2.687869578705812
3.9723611805902954,0.013429521799577238,0.3918427547595168,0.37841323295993956,-0.043934348586556676,-0.02076433744408952,-0.01021315659166433,0.02314014427478521,2.6844778526167232
3.9748374187093547,0.013474487085009534,0.3918427547595168,0.37836826767450726,-0.043924301652362566,-0.020754450893908913,-0.010295971570424485,0.02316795766757756,2.681081954487393
3.9773136568284144,0.013518570952846143,0.3918427547595168,0.37832418380667066,-0.043914161683388415,-0.02074334580945031,-0.010378502722484839,0.023194820847143114,2.6776816765369245
3.9797898949474737,0.01356176963305239,0.3918427547595168,0.3782809851264644,-0.04390393120931693,-0.020731025324471693,-0.01046074542613409,0.023220736548918337,2.6742768162211363
3.9822661330665334,0.013604079528920787,0.3918427547595168,0.378238675230596,-0.043893612774577095,-0.020717492726268785,-0.010542695026641492,0.023245707631469756,2.670867176161998
3.984742371185593,0.013645497216207003,0.3918427547595168,0.3781972575433098,-0.0438832089372686,-0.020702751455625473,-0.010624346837407112,0.02326973707532866,2.667452564079654
3.9872186093046524,0.013686019442213704,0.3918427547595168,0.3781567353173031,-0.04387272226808285,-0.020686805106694718,-0.010705696141117087,0.023292827981769407,2.6640327927269256
3.989694847423712,0.01372564312482244,0.3918427547595168,0.37811711163469436,-0.04386215534922113,-0.020669657426810404,-0.010786738190902853,0.023314983571531434,2.6606076798262195
3.9921710855427714,0.013764365351474739,0.3918427547595168,0.37807838940804206,-0.0438515107733107,-0.020651312316230644,-0.010867468211503422,0.023336207183485,2.6571770480087635
3.994647323661831,0.013802183378102129,0.3918427547595168,0.37804057138141467,-0.043840791142319396,-0.020631773827812845,-0.01094788140042987,0.02335650227324077,2.6537407247560854
3.9971235617808905,0.013839094628005866,0.3918427547595168,0.37800366013151093,-0.04382999906646921,-0.020611046166620947,-0.011027972929131304,0.02337587241170333,2.6502985423436494
3.99959979989995,0.013875096690688371,0.3918427547595168,0.3779676580688284,-0.043819137163149766,-0.020589133689465834,-0.01110773794416143,0.023394321283569237,2.6468503377865935
4.00207603801901,0.013910187320635536,0.3918427547595168,0.37793256743888126,-0.04380820805583223,-0.020566040904379038,-0.011187171568344574,0.023411852685769424,2.643395952787484
4.004552276138069,0.01394436443605146,0.3918427547595168,0.37789839032346534,-0.043797214372984034,-0.020541772470020953,-0.011266268901940726,0.02342847052585694,2.639935233686021
4.007028514257129,0.013977626117546604,0.3918427547595168,0.3778651286419702,-0.04378615874698548,-0.020516333195023512,-0.011345025023808818,0.023444178820339858,2.6364680314106113
4.009504752376189,0.014009970606780109,0.3918427547595168,0.3778327841527367,-0.04377504381304854,-0.020489728037269308,-0.01142343499256674,0.02345898169296055,2.6329942014317784
4.011980990495248,0.014041396305056741,0.3918427547595168,0.37780135845446006,-0.0437638722081385,-0.0204619621031066,-0.011501493847748297,0.023472883372921246,2.629513603717297
4.014457228614307,0.014071901771880557,0.3918427547595168,0.37777085298763624,-0.04375264656989931,-0.02043304064650227,-0.011579196610955397,0.023485888193057015,2.6260261026890275
4.016933466733367,0.014101485723464813,0.3918427547595168,0.377741269036052,-0.043741369535582816,-0.020402969068133,-0.011656538287005313,0.023498000587956685,2.6225315671813707
4.019409704852427,0.014130147031200468,0.3918427547595168,0.37771260772831633,-0.043730043740983035,-0.020371752914415828,-0.011733513865071819,0.023509225092032328,2.6190298704012878
4.021885942971486,0.014157884720083946,0.3918427547595168,0.37768487003943285,-0.04371867181937553,-0.0203393978764792,-0.011810118319819863,0.02351956633753844,2.6155208898898197
4.024362181090546,0.014184697967104476,0.3918427547595168,0.3776580567924123,-0.043707256400462864,-0.020305909789075392,-0.01188634661253269,0.023529029052541357,2.6120045074850573
4.026838419209605,0.01421058609959358,0.3918427547595168,0.3776321686599232,-0.04369580010932655,-0.02027129462943556,-0.011962193692230658,0.023537618058839894,2.6084806092865094
4.029314657328665,0.014235548593536929,0.3918427547595168,0.37760720616597987,-0.043684305565386106,-0.02023555851606874,-0.012037654496781477,0.023545338269838584,2.6049490856208024
4.031790895447724,0.014259585071849656,0.3918427547595168,0.37758316968766714,-0.04367277538136587,-0.02019870770750525,-0.012112723954000705,0.023552194688373617,2.6014098310086573
4.034267133566784,0.014282695302617054,0.3918427547595168,0.37756005945689974,-0.04366121216226991,-0.02016074860098701,-0.01218739698274191,0.023558192404493736,2.5978627441331197
4.036743371685843,0.014304879197301223,0.3918427547595168,0.3775378755622156,-0.043649618504365856,-0.020121687731104534,-0.0122616684939761,0.023563336593195983,2.5943077278089475
4.039219609804903,0.014326136808916035,0.3918427547595168,0.37751661795060076,-0.04363799699417811,-0.020081531768383284,-0.012335533391859525,0.023567632512118575,2.5907446889531442
4.041695847923962,0.014346468330169726,0.3918427547595168,0.37749628642934707,-0.04362635020749076,-0.020040287517819493,-0.012408986574789213,0.02357108549919097,2.587173538556569
4.044172086043022,0.014365874091578745,0.3918427547595168,0.37747688066793805,-0.043614680708361074,-0.01999796191736799,-0.012482022936445842,0.023573700970243524,2.5835941916565828
4.046648324162081,0.014384354559552559,0.3918427547595168,0.37745840019996424,-0.04360299104814379,-0.019954562036382417,-0.012554637366822982,0.023575484416576944,2.5800065673106887
4.049124562281141,0.014401910334451762,0.3918427547595168,0.37744084442506504,-0.04359128376452693,-0.01991009507400978,-0.012626824753242831,0.0235764414024936,2.5764105885710924
4.0516008004002,0.014418542148620206,0.3918427547595168,0.3774242126108966,-0.04357956138057937,-0.019864568357540767,-0.012698579981356931,0.02357657756279161,2.5728061824601878
4.05407703851926,0.014434250864392872,0.3918427547595168,0.3774085038951239,-0.043567826403810864,-0.01981798934071712,-0.012769897936132197,0.023575898600223293,2.569193279946873
4.056553276638319,0.014449037472080595,0.3918427547595168,0.3773937172874362,-0.04355608132524491,-0.019770365601997582,-0.01284077350282121,0.023574410282919157,2.5655718159236867
4.059029514757379,0.01446290308793452,0.3918427547595168,0.3773798516715823,-0.04354432861850496,-0.019721704842784245,-0.012911201567916742,0.023572118441779373,2.5619417291847024
4.061505752876438,0.014475848952088921,0.3918427547595168,0.3773669058074279,-0.043532570738914166,-0.019672014885610153,-0.012981177020089432,0.023569028967833302,2.5583029624041562
4.063981990995498,0.01448787642648619,0.3918427547595168,0.3773548783330306,-0.04352081012260941,-0.019621303672290397,-0.013050694751108897,0.023565147809569493,2.5546554621157433
4.0664582291145575,0.014498986992785567,0.3918427547595168,0.37734376776673123,-0.043509049185669994,-0.019569579262038124,-0.01311974965674714,0.0235604809702372,2.550999178692581
4.068934467233617,0.014509182250254604,0.3918427547595168,0.3773335725092622,-0.043497290323260974,-0.019516849829546414,-0.013188336637664543,0.023555034505120784,2.5473340663277457
4.071410705352677,0.014518463913648028,0.3918427547595168,0.37732429084586877,-0.04348553590879214,-0.019463123663038463,-0.013256450600277619,0.02354881451878902,2.5436600830153884
4.073886943471736,0.014526833811072892,0.3918427547595168,0.3773159209484439,-0.04347378829309248,-0.019408409162287192,-0.013324086457608061,0.02354182716232043,2.5399771905323836
4.0763631815907955,0.01453429388184313,0.3918427547595168,0.37730846087767367,-0.043462049803600813,-0.019352714836606062,-0.013391239130113457,0.023534078630506744,2.5362853544204476
4.078839419709855,0.01454084617432444,0.3918427547595168,0.37730190858519236,-0.04345032274357274,-0.019296049302812292,-0.013457903546498524,0.023525575159035333,2.5325845439687167
4.081315657828915,0.014546492843770464,0.3918427547595168,0.37729626191574633,-0.043438609391304325,-0.019238421283164806,-0.013524074644507115,0.023516323021653043,2.5288747321967375
4.083791895947974,0.014551236150152747,0.3918427547595168,0.37729151860936405,-0.04342691199937281,-0.019179839603277946,-0.01358974737169453,0.023506328527312544,2.5251558958378397
4.0862681340670335,0.01455507845598536,0.3918427547595168,0.37728767630353144,-0.04341523279389455,-0.019120313190012624,-0.013654916686180131,0.02349559801730297,2.5214280153228352
4.088744372186094,0.014558022224145706,0.3918427547595168,0.3772847325353711,-0.043403573973800666,-0.019059851069346913,-0.013719577557379624,0.023484137862366573,2.5176910747640435
4.091220610305153,0.014560070015692705,0.3918427547595168,0.3772826847438241,-0.04339193771013034,-0.018998462364227198,-0.013783724966717231,0.0234719544598029,2.513945061939578
4.093696848424212,0.01456122448768521,0.3918427547595168,0.3772815302718316,-0.04338032614534244,-0.01893615629240179,-0.013847353908317466,0.0234590542305623,2.5101899682778743
4.0961730865432715,0.0145614883909998,0.3918427547595168,0.377281266368517,-0.04336874139264527,-0.01887294216423848,-0.01391045938967625,0.02344544361633029,2.506425788842423
4.098649324662332,0.014560864568151144,0.3918427547595168,0.37728189019136565,-0.04335718553534483,-0.018808829380527643,-0.013973036432311417,0.023431129076604527,2.502652522316678
4.101125562781391,0.01455935595111646,0.3918427547595168,0.37728339880840034,-0.04334566062621199,-0.018743827430272624,-0.014035080072392377,0.02341611708576608,2.4988701709891075
4.10360180090045,0.014556965559164081,0.3918427547595168,0.3772857892003527,-0.04333416868686845,-0.01867794588846858,-0.01409658536134905,0.023400414130146516,2.4950787407383475
4.1060780390195095,0.014553696496688473,0.3918427547595168,0.3772890582628283,-0.043322711707191645,-0.01861119441387181,-0.014157547366459867,0.023384026705092688,2.4912782410184398
4.10855427713857,0.014549551951054007,0.3918427547595168,0.3772932028084628,-0.04331129164473922,-0.018543582746760684,-0.014217961171418913,0.023366961312030633,2.4874686848441105
4.111030515257629,0.014544535190446184,0.3918427547595168,0.3772982195690706,-0.04329991042419254,-0.018475120706690263,-0.01427782187688187,0.023349224455530462,2.4836500887760886
4.113506753376688,0.014538649561734562,0.3918427547595168,0.37730410519778224,-0.04328856993681982,-0.01840581819024109,-0.014337124600991685,0.02333082264037363,2.479822472906373
4.115982991495748,0.014531898488347572,0.3918427547595168,0.3773108562711692,-0.043277272039958924,-0.01833568516876506,-0.01439586447988286,0.02331176236862464,2.4759858608434997
4.118459229614808,0.014524285468159648,0.3918427547595168,0.37731846929135715,-0.04326601855651972,-0.018264731686128598,-0.014454036668165079,0.023292050136708247,2.47214027969772
4.120935467733867,0.014515814071393462,0.3918427547595168,0.37732694068812334,-0.04325481127450634,-0.01819296785645518,-0.01451163633938648,0.023271692432494325,2.468285760066082
4.123411705852926,0.014506487938537704,0.3918427547595168,0.3773362668209791,-0.043243651946559096,-0.01812040386186859,-0.014568658686475916,0.023250695732391587,2.4644223360173974
4.125887943971986,0.014496310778282062,0.3918427547595168,0.37734644398123474,-0.043232542289516486,-0.018047049950238137,-0.014625098922165193,0.02322906649845206,2.460550045077047
4.128364182091046,0.014485286365469918,0.3918427547595168,0.3773574683940469,-0.043221483983996896,-0.01797291643292749,-0.01468095227939049,0.023206811175487594,2.4566689282116316
4.130840420210105,0.014473418539071414,0.3918427547595168,0.3773693362204454,-0.043210478674000526,-0.01789801368254814,-0.014736214011674372,0.023183936188200412,2.4527790298133945
4.133316658329165,0.014460711200176113,0.3918427547595168,0.3773820435593407,-0.0431995279665309,-0.017822352130718935,-0.014790879393487336,0.023160447938328613,2.4488803976844307
4.1357928964482245,0.014447168310008529,0.3918427547595168,0.37739558644950827,-0.04318863343123669,-0.017745942265833394,-0.014844943720589759,0.023136352801808875,2.444973083020659
4.138269134567284,0.01443279388796559,0.3918427547595168,0.3774099608715512,-0.04317779660007315,-0.01766879463083526,-0.014898402310354551,0.023111657125957256,2.441057140395498
4.140745372686343,0.014417592009679292,0.3918427547595168,0.3774251627498375,-0.043167018966983696,-0.017590919821004254,-0.01495125050207042,0.02308636722666997,2.4371326277432597
4.143221610805403,0.014401566805103239,0.3918427547595168,0.37744118795441356,-0.04315630198760116,-0.017512328481752854,-0.015003483657226254,0.02306048938564547,2.4331996063422188
4.1456978489244625,0.014384722456626808,0.3918427547595168,0.37745803230289,-0.043145647078968924,-0.017433031306435684,-0.015055097159776702,0.023034029847629423,2.429258140797354
4.148174087043522,0.014367063197215424,0.3918427547595168,0.3774756915623014,-0.04313505561928179,-0.017353039034171725,-0.015106086416389617,0.023006994817683563,2.425308299022707
4.150650325162582,0.014348593308579405,0.3918427547595168,0.3774941614509374,-0.04312452894764639,-0.017272362447681794,-0.015156446856675202,0.02297939045848057,2.4213501522233813
4.153126563281641,0.014329317119372575,0.3918427547595168,0.3775134376401442,-0.04311406836386134,-0.017191012371141425,-0.01520617393339758,0.022951222887625782,2.417383774877136
4.1556028014007005,0.014309239003420404,0.3918427547595168,0.3775335157560964,-0.04310367512821669,-0.01710899966805023,-0.015255263122669003,0.022922498175007185,2.4134092447155497
4.15807903951976,0.01428836337797934,0.3918427547595168,0.37755439138153746,-0.04309335046131278,-0.017026335239119325,-0.01530370992412702,0.022893222340175275,2.409426642704763
4.16055527763882,0.014266694702028182,0.3918427547595168,0.3775760600574886,-0.04308309554389833,-0.016943030020177226,-0.015351509861094993,0.02286340134975379,2.405436053025759
4.163031515757879,0.014244237474592525,0.3918427547595168,0.3775985172849243,-0.04307291151672763,-0.01685909498009561,-0.015398658480726473,0.02283304111488293,2.401437563054179
4.1655077538769385,0.014220996233102301,0.3918427547595168,0.3776217585264145,-0.043062799480436564,-0.016774541118735293,-0.015445151354133801,0.022802147488695933,2.397431263339645
4.167983991995998,0.014196975551784174,0.3918427547595168,0.3776457792077326,-0.04305276049543766,-0.01668937946491393,-0.01549098407650115,0.022770726263830563,2.3934172475845905
4.170460230115058,0.014172180040088855,0.3918427547595168,0.37767057471942794,-0.04304279558183354,-0.016603621074395853,-0.01553615226718283,0.02273878316997663,2.389395612622576
4.172936468234117,0.014146614341154162,0.3918427547595168,0.37769614041836264,-0.04303290571934894,-0.016517277027904995,-0.01558065156978689,0.022706323871460585,2.385366458396076
4.1754127063531765,0.014120283130305389,0.3918427547595168,0.3777224716292114,-0.043023091847281106,-0.01643035842916145,-0.015624477652244879,0.02267335396486846,2.3813298879337212
4.177888944472237,0.014093191113591752,0.3918427547595168,0.37774956364592505,-0.04301335486446812,-0.016342876402942845,-0.015667626206867923,0.022639878976708345,2.377286007327003
4.180365182591296,0.014065343026361865,0.3918427547595168,0.37777741173315493,-0.043003695629275286,-0.016254842093170872,-0.01571009295038962,0.022605904361113302,2.3732349257064116
4.182841420710355,0.01403674363187668,0.3918427547595168,0.3778060111276401,-0.04299411495959915,-0.016166266661023398,-0.015751873623996576,0.022571435497585786,2.3691767552169987
4.1853176588294145,0.014007397719962067,0.3918427547595168,0.37783535703955473,-0.042984613632889065,-0.016077161283073522,-0.015792963993346742,0.022536477688785018,2.365111610993368
4.187793896948475,0.013977310105700913,0.3918427547595168,0.3778654446538159,-0.042975192386186044,-0.015987537149455305,-0.015833359848575933,0.02250103615835746,2.361039611134081
4.190270135067534,0.013946485628164695,0.3918427547595168,0.3778962691313521,-0.042965851916178695,-0.015897405462057528,-0.015873057004293662,0.022465116048812492,2.3569608766754704
4.192746373186593,0.01391492914918624,0.3918427547595168,0.37792782561033056,-0.04295659287927597,-0.015806777432744997,-0.01591205129956824,0.022428722419443065,2.3528755315648437
4.195222611305653,0.013882645552172834,0.3918427547595168,0.37796010920734396,-0.042947415891696615,-0.01571566428160892,-0.015950338597901816,0.022391860244293123,2.3487837026330998
4.197698849424713,0.01384963974096115,0.3918427547595168,0.37799311501855565,-0.042938321529574865,-0.015624077235246118,-0.01598791478719597,0.02235453441017226,2.344685519566735
4.200175087543772,0.01381591663871351,0.3918427547595168,0.3780268381208033,-0.0429293103290825,-0.015532027525067466,-0.01602477577970857,0.02231674971471849,2.340581114879228
4.202651325662831,0.013781481186856126,0.3918427547595168,0.37806127357266067,-0.042920382786566576,-0.015439526385636351,-0.016060917512001966,0.022278510864510055,2.3364706238818322
4.2051275637818915,0.013746338344060194,0.3918427547595168,0.3780964164154566,-0.04291153935870299,-0.015346585053037003,-0.01609633594488361,0.022239822473226957,2.332354184653743
4.207603801900951,0.013710493085264674,0.3918427547595168,0.3781322616742521,-0.04290278046266527,-0.015253214763273416,-0.016131027063339173,0.02220068905986305,2.328231938011667
4.21008004002001,0.013673950400742929,0.3918427547595168,0.37816880435877387,-0.042894106476308695,-0.015159426750698568,-0.016164986876459324,0.022161115046989345,2.3241040274787683
4.212556278139069,0.01363671529521171,0.3918427547595168,0.3782060394643051,-0.042885517738369225,-0.015065232246474672,-0.01619821141736006,0.022121104759069202,2.319970599253017
4.2150325162581295,0.013598792786983283,0.3918427547595168,0.3782439619725335,-0.04287701454867697,-0.014970642477064335,-0.016230696743097617,0.022080662420826114,2.315831802174933
4.217508754377189,0.01356018790716168,0.3918427547595168,0.3782825668523551,-0.042868597168384176,-0.014875668662753123,-0.016262438934578478,0.022039792155664928,2.3116877876947366
4.219984992496248,0.013520905698881536,0.3918427547595168,0.37832184906063526,-0.04286026582020715,-0.014780322016202923,-0.0162934340964648,0.02199849798414643,2.307538709838899
4.222461230615308,0.013480951216590986,0.3918427547595168,0.3783618035429258,-0.042852020688682185,-0.014684613741036946,-0.016323678357076314,0.02195678382251674,2.303384725176107
4.2249374687343675,0.013440329525378436,0.3918427547595168,0.37840242523413836,-0.0428438619204349,-0.014588555030456368,-0.016353167868288627,0.021914653481291492,2.2992259927826697
4.227413706853427,0.01339904570034206,0.3918427547595168,0.37844370905917474,-0.042835789624462904,-0.014492157065887717,-0.01638189880542915,0.021872110663895248,2.2950626742073292
4.229889944972486,0.013357104826004162,0.3918427547595168,0.37848564993351264,-0.04282780387243158,-0.014395431015662263,-0.016409867367170847,0.021829158965357087,2.290894933435537
4.232366183091546,0.013314511995767941,0.3918427547595168,0.37852824276374886,-0.04281990469898239,-0.01429838803372642,-0.016437069775424466,0.02178580187106234,2.286722936853171
4.2348424212106055,0.013271272311418947,0.3918427547595168,0.37857148244809785,-0.042812092102053896,-0.014201039258383664,-0.016463502275229833,0.021742042755561214,2.282546853209734
4.237318659329665,0.013227390882669332,0.3918427547595168,0.37861536387684747,-0.042804366043214866,-0.014103395811067248,-0.01648916113464696,0.021697884881434433,2.278366853581009
4.239794897448725,0.013182872826745351,0.3918427547595168,0.37865988193277145,-0.04279672644800918,-0.014005468795144289,-0.016514042644647082,0.021653331398216367,2.2741831113312383
4.242271135567784,0.01313772326801893,0.3918427547595168,0.37870503149149787,-0.04278917320631271,-0.013907269294750689,-0.016538143119004884,0.021608385341376248,2.2699958020747935
4.2447473736868435,0.013091947337681431,0.3918427547595168,0.37875080742183537,-0.04278170617270123,-0.013808808373656377,-0.016561458894191795,0.02156304963135704,2.2658051036373794
4.247223611805903,0.013045550173460596,0.3918427547595168,0.3787972045860562,-0.042774325166829656,-0.013710097074161496,-0.016583986329271286,0.02151732707267305,2.2616111960167933
4.249699849924963,0.012998536919380466,0.3918427547595168,0.37884421784013633,-0.04276702997382202,-0.01361114641602236,-0.01660572180579691,0.021471220353066037,2.257414261343233
4.252176088044022,0.012950912725563257,0.3918427547595168,0.37889184203395354,-0.04275982034467206,-0.013511967395407734,-0.016626661727713148,0.021424732042720225,2.2532144838392094
4.2546523261630815,0.01290268274807349,0.3918427547595168,0.3789400720114433,-0.04275269599665408,-0.013412570983884332,-0.016646802521259878,0.021377864593536,2.249012049779055
4.257128564282142,0.012853852148804412,0.3918427547595168,0.3789889026107124,-0.04274565661374386,-0.013312968127432014,-0.01666614063488132,0.021330620338463273,2.244807147448067
4.259604802401201,0.01280442609540533,0.3918427547595168,0.37903832866411147,-0.04273870184704927,-0.013213169745487885,-0.0166846725391394,0.02128300149089383,2.2405999671013093
4.26208104052026,0.012754409761250696,0.3918427547595168,0.3790883449982661,-0.0427318313152505,-0.013113186730018699,-0.016702394726632434,0.021235010144112894,2.2363907009220862
4.2645572786393195,0.01270380832544954,0.3918427547595168,0.37913894643406726,-0.04272504460504936,-0.013013029944621779,-0.016719303711919882,0.02118664827081058,2.2321795429801177
4.26703351675838,0.01265262697289593,0.3918427547595168,0.37919012778662087,-0.04271834127162774,-0.012912710223653721,-0.016735396031453076,0.021137917722652503,2.227966689189462
4.269509754877439,0.012600870894359018,0.3918427547595168,0.3792418838651578,-0.042711720839114675,-0.012812238371386554,-0.016750668243512987,0.021088820229910075,2.2237523372661934
4.271985992996498,0.012548545286613089,0.3918427547595168,0.3792942094729037,-0.04270518280106187,-0.01271162516119042,-0.016765116928155462,0.021039357401150212,2.2195366866858506
4.274462231115558,0.012495655352606327,0.3918427547595168,0.37934709940691047,-0.04269872662092742,-0.012610881334743213,-0.016778738687164087,0.020989530722984533,2.215319938640733
4.276938469234618,0.012442206301669034,0.3918427547595168,0.37940054845784776,-0.04269235173256767,-0.012510017601265841,-0.016791530144011756,0.02093934155987806,2.2111022959970223
4.279414707353677,0.012388203349759264,0.3918427547595168,0.37945455140975753,-0.04268605754073651,-0.01240904463678331,-0.016803487943830856,0.020888791154017254,2.206883963251809
4.281890945472736,0.012333651719746652,0.3918427547595168,0.37950910303977015,-0.042679843421592305,-0.012307973083410334,-0.016814608753392916,0.02083788062523708,2.202665146490016
4.2843671835917965,0.01227855664173344,0.3918427547595168,0.37956419811778336,-0.042673708723212044,-0.01220681354866155,-0.016824889261098194,0.020786610971007386,2.1984460533412773
4.286843421710856,0.012222923353411907,0.3918427547595168,0.3796198314061049,-0.04266765276611238,-0.012105576604785756,-0.016834326176975445,0.020734983066478183,2.194226892936811
4.289319659829915,0.012166757100457948,0.3918427547595168,0.37967599765905885,-0.042661674843777496,-0.012004272788123145,-0.01684291623269257,0.020682997664583647,2.1900078758663
4.291795897948974,0.012110063136960503,0.3918427547595168,0.3797326916225563,-0.042655774223193464,-0.011902912598485384,-0.016850656181578404,0.02063065539620466,2.1857892141348376
4.2942721360680345,0.012052846725885025,0.3918427547595168,0.3797899080336318,-0.04264995014538884,-0.011801506498557792,-0.016857542798656196,0.020577956770389698,2.181571121119969
4.296748374187094,0.011995113139572355,0.3918427547595168,0.37984764161994444,-0.04264420182598135,-0.011700064913323155,-0.01686357288068931,0.020524902174634,2.1773538115288704
4.299224612306153,0.011936867660269912,0.3918427547595168,0.3799058870992469,-0.04263852845573041,-0.011598598229506107,-0.016868743246239236,0.020471491875216227,2.173137501355693
4.301700850425213,0.011878115580697124,0.3918427547595168,0.3799646391788197,-0.042632929201095175,-0.011497116795037943,-0.016873050735736767,0.020417726017592914,2.168922407839126
4.3041770885442725,0.011818862204642344,0.3918427547595168,0.38002389255487445,-0.04262740320479808,-0.011395630918541408,-0.01687649221156628,0.020363604626850183,2.1647087494202366
4.306653326663332,0.011759112847591291,0.3918427547595168,0.3800836419119255,-0.04262194958639347,-0.011294150868833638,-0.016879064558163893,0.02030912760821203,2.1604967457005713
4.309129564782391,0.011698872837387131,0.3918427547595168,0.38014388192212967,-0.04261656744284114,-0.011192686874448155,-0.01688076468212974,0.020254294747605577,2.156286617400631
4.311605802901451,0.01163814751492015,0.3918427547595168,0.38020460724459665,-0.04261125584908482,-0.01109124912317425,-0.016881589512354578,0.020199105712282256,2.1520785863187264
4.3140820410205105,0.011576942234846843,0.3918427547595168,0.38026581252466995,-0.04260601385863491,-0.010989847761613325,-0.016881536000161294,0.020143560051494848,2.1478728752902603
4.31655827913957,0.01151526236633793,0.3918427547595168,0.38032749239317887,-0.04260084050415584,-0.010888492894751464,-0.016880601119461644,0.020087657197229915,2.143669708147487
4.31903451725863,0.011453113293854345,0.3918427547595168,0.38038964146566245,-0.04259573479805725,-0.010787194585547789,-0.016878781866928348,0.020031396464995164,2.139469309679807
4.321510755377689,0.011390500417950089,0.3918427547595168,0.3804522543415667,-0.04259069573308941,-0.010685962854537675,-0.016876075262183134,0.019974777054661424,2.1352719055946254
4.3239869934967485,0.011327429156101632,0.3918427547595168,0.38051532560341517,-0.0425857222829422,-0.010584807679450138,-0.016872478348000753,0.019917798051358508,2.131077722478835
4.326463231615808,0.011263904943563108,0.3918427547595168,0.3805788498159537,-0.04258081340284767,-0.010483738994838876,-0.01686798819052957,0.01986045842642486,2.126886987760971
4.328939469734868,0.011199933234245285,0.3918427547595168,0.3806428215252715,-0.04257596803018589,-0.010382766691725998,-0.016862601879528785,0.019802757038410144,2.122699929674081
4.331415707853927,0.011135519501620061,0.3918427547595168,0.38070723525789674,-0.04257118508509419,-0.010281900617258253,-0.01685631652862243,0.019744692634130454,2.118516777219388
4.3338919459729865,0.011070669239646225,0.3918427547595168,0.3807720855198706,-0.04256646347107916,-0.010181150574373977,-0.016849129275570987,0.01968626384977553,2.114337760130733
4.336368184092046,0.011005387963718638,0.3918427547595168,0.38083736679579816,-0.042561802075631455,-0.010080526321481698,-0.016841037282560027,0.019627469212067615,2.110163108839951
4.338844422211106,0.010939681211638297,0.3918427547595168,0.3809030735478785,-0.04255719977084343,-0.00998003757214797,-0.01683203773650675,0.019568307139471018,2.105993054443132
4.341320660330165,0.010873554544602815,0.3918427547595168,0.380969200214914,-0.04255265541402901,-0.00987969399479511,-0.01682212784938441,0.01950877594345235,2.1018278286678944
4.343796898449225,0.010807013548216726,0.3918427547595168,0.38103574121130007,-0.04254816784834599,-0.009779505212407153,-0.016811304858564698,0.019448873829790242,2.0976676638416856
4.346273136568285,0.01074006383351972,0.3918427547595168,0.3811026909259971,-0.04254373590342025,-0.009679480802243897,-0.016799566027178536,0.01938859889993445,2.0935127928611825
4.348749374687344,0.0106727110380338,0.3918427547595168,0.381170043721483,-0.04253935839597216,-0.009579630295562419,-0.01678690864449523,0.01932794915241361,2.0893634491628585
4.351225612806403,0.010604960826825938,0.3918427547595168,0.38123779393269086,-0.04253503413044449,-0.009479963177344548,-0.01677333002632012,0.019266922484290547,2.0852198666947435
4.353701850925463,0.010536818893587596,0.3918427547595168,0.3813059358659292,-0.04253076189963213,-0.009380488886030689,-0.016758827515411134,0.019205516692665327,2.0810822798894737
4.356178089044523,0.010468290961728466,0.3918427547595168,0.38137446379778833,-0.0425265404853131,-0.009281216813258553,-0.016743398481914057,0.01914372947622472,2.0769509236386656
4.358654327163582,0.01039938278548469,0.3918427547595168,0.3814433719740321,-0.042522368658880844,-0.00918215630360662,-0.016727040323816732,0.019081558436837745,2.0728260332687025
4.361130565282641,0.010330100151039856,0.3918427547595168,0.38151265460847694,-0.04251824518197779,-0.009083316654340947,-0.016709750467422364,0.01901900108119639,2.068707844517954
4.3636068034017015,0.01026044887765759,0.3918427547595168,0.3815823058818592,-0.0425141688071297,-0.008984707115165346,-0.016691526367841904,0.018956054822501026,2.0645965935155304
4.366083041520761,0.010190434818826088,0.3918427547595168,0.3816523199406907,-0.04251013827838081,-0.008886336887974376,-0.016672365509505606,0.01889271698218989,2.060492516761646
4.36855927963982,0.01012006386341191,0.3918427547595168,0.3817226908961049,-0.04250615233192977,-0.0087882151266073,-0.016652265406693796,0.01882898479171143,2.0563958511095963
4.371035517758879,0.010049341936823109,0.3918427547595168,0.3817934128226937,-0.04250220969676591,-0.008690350936604054,-0.01663122360408687,0.018764855394339475,2.052306833749501
4.3735117558779395,0.009978275002180015,0.3918427547595168,0.3818644797573368,-0.042498309095305914,-0.008592753374961041,-0.016609237677334496,0.018700325847029835,2.048225702193811
4.375987993996999,0.009906869061493906,0.3918427547595168,0.3819358856980229,-0.042494449244030674,-0.008495431449887418,-0.016586305233644207,0.018635393122318336,2.0441526942647044
4.378464232116058,0.009835130156850613,0.3918427547595168,0.3820076246026662,-0.04249062885412212,-0.008398394120560041,-0.016562423912389,0.018570054110258603,2.040088048083403
4.380940470235117,0.009763064371599406,0.3918427547595168,0.3820796903879174,-0.04248684663209999,-0.008301650296877345,-0.016537591385734164,0.01850430562039961,2.0360320020615146
4.3834167083541775,0.009690677831546313,0.3918427547595168,0.3821520769279705,-0.04248310128045834,-0.00820520883921135,-0.0165118053592834,0.018438144383802077,2.0319847948944667
4.385892946473237,0.00961797670614939,0.3918427547595168,0.3822247780533674,-0.042479391498301475,-0.008109078558156914,-0.016485063572743756,0.01837156705509259,2.02794666555711
4.388369184592296,0.009544967209716315,0.3918427547595168,0.3822977875498005,-0.04247571598197954,-0.008013268214277785,-0.016457363800609522,0.018304570214554818,2.0239178533015703
4.390845422711356,0.00947165560260238,0.3918427547595168,0.3823710991569144,-0.042472073425723185,-0.007917786517849187,-0.0164287038528651,0.01823715037025738,2.0198985976574493
4.3933216608304155,0.009398048192408859,0.3918427547595168,0.38244470656710794,-0.042468462522277504,-0.007822642128595961,-0.01639908157570652,0.018169303960217115,2.0158891384344404
4.395797898949475,0.00932415133517861,0.3918427547595168,0.3825186034243382,-0.04246488196353488,-0.007727843655425828,-0.016368494852281312,0.018101027354596896,2.0118897157274596
4.398274137068534,0.00924997143659062,0.3918427547595168,0.3825927833229262,-0.04246133044116661,-0.007633399656157471,-0.01633694160344716,0.018032316857937797,2.007900569924383
4.400750375187594,0.009175514953149722,0.3918427547595168,0.3826672398063671,-0.042457806647253356,-0.007539318637242538,-0.01630441978854837,0.01796316871142395,2.003921941716485
4.4032266133066535,0.009100788393372528,0.3918427547595168,0.38274196636614427,-0.042454309274914,-0.007445609053481609,-0.01627092740621059,0.017893579095179985,1.999954072111687
4.405702851425713,0.009025798318967104,0.3918427547595168,0.3828169564405497,-0.04245083701893296,-0.007352279307732733,-0.0162364624951532,0.017823544130599597,1.9959972024506847
4.408179089544773,0.008950551346005642,0.3918427547595168,0.38289220341351116,-0.04244738857638563,-0.007259337750613227,-0.01620102313501938,0.01775305988270505,1.9920515744261107
4.410655327663832,0.008875054146089467,0.3918427547595168,0.38296770061342733,-0.04244396264726205,-0.0071667926801932975,-0.016164607447223214,0.01768212236253602,1.9881174301048055
4.413131565782892,0.008799313447505008,0.3918427547595168,0.3830434413120118,-0.0424405579350884,-0.007074652341681319,-0.01612721359581418,0.01761072752956762,1.9841950119533103
4.415607803901951,0.008723336036368878,0.3918427547595168,0.3831194187231479,-0.042437173147546255,-0.006982924927100976,-0.01608883978835802,0.01753887129415631,1.9802845628667474
4.418084042021011,0.008647128757762579,0.3918427547595168,0.3831956260017542,-0.04243380699708957,-0.006891618574958578,-0.0160494842768342,0.017466549520012885,1.9763863262011407
4.42056028014007,0.008570698516853714,0.3918427547595168,0.3832720562426631,-0.04243045820155896,-0.0068007413699015945,-0.016009145358549463,0.0173937580267019,1.9725005458093805
4.42303651825913,0.008494052280004827,0.3918427547595168,0.38334870247951197,-0.042427125484793535,-0.0067103013423667115,-0.015967821377067096,0.01732049259216635,1.968627466080902
4.42551275637819,0.008417197075866134,0.3918427547595168,0.38342555768365066,-0.042423807577239576,-0.006620306468218049,-0.015925510723151393,0.017246748955276753,1.9647673319852765
4.427988994497249,0.008340139996454055,0.3918427547595168,0.38350261476306274,-0.042420503216556577,-0.00653076466837482,-0.015882211835727446,0.017172522818404225,1.9609203891198312
4.430465232616308,0.008262888198211138,0.3918427547595168,0.38357986656130566,-0.04241721114821972,-0.006441683808427735,-0.015837923202855177,0.017097809850015834,1.9570868837614506
4.432941470735368,0.008185448903049397,0.3918427547595168,0.3836573058564674,-0.04241393012611937,-0.006353071698244627,-0.015792643362717726,0.017022605687292094,1.9532670629227522
4.435417708854428,0.00810782939937349,0.3918427547595168,0.3837349253601433,-0.04241065891315689,-0.006264936091564383,-0.015746370904623413,0.016946905938765248,1.949461174412783
4.437893946973487,0.008030037043084137,0.3918427547595168,0.38381271771643266,-0.04240739628183689,-0.006177284685579185,-0.01569910447002115,0.016870706186977745,1.9456694669024241
4.440370185092546,0.007952079258559674,0.3918427547595168,0.3838906755009571,-0.04240414101485556,-0.006090125120504601,-0.015650842753528266,0.016794001991159505,1.9418921899946955
4.442846423211606,0.007873963539615558,0.3918427547595168,0.38396879121990124,-0.042400891905685155,-0.006003464979137747,-0.015601584503971064,0.01671678888992391,1.9381295943001684
4.445322661330666,0.0077956974504400645,0.3918427547595168,0.38404705730907673,-0.04239764775915425,-0.005917311786402719,-0.015551328525436644,0.016639062403980578,1.934381931517682
4.447798899449725,0.007717288626505003,0.3918427547595168,0.3841254661330118,-0.04239440739202366,-0.005831673008883674,-0.01550007367833647,0.016560818038865152,1.9306494545206017
4.450275137568784,0.007638744775450734,0.3918427547595168,0.38420400998406606,-0.04239116963355786,-0.005746556054344867,-0.015447818880480033,0.016482051287683916,1.9269324174488445
4.4527513756878445,0.007560073677944312,0.3918427547595168,0.3842826810815725,-0.04238793332609184,-0.005661968271237893,-0.015394563108159048,0.016402757633873524,1.9232310758069224
4.455227613806904,0.007481283188509491,0.3918427547595168,0.3843614715710073,-0.04238469732559293,-0.0055779169481960465,-0.015340305397241055,0.016322932553974354,1.9195456865682823
4.457703851925963,0.00740238123632736,0.3918427547595168,0.38444037352318944,-0.04238146050221779,-0.00549440931351515,-0.015285044844271685,0.01624257152041629,1.9158765082861895
4.460180090045022,0.007323375826007283,0.3918427547595168,0.3845193789335095,-0.042378221740864086,-0.005411452534621355,-0.015228780607585488,0.016161670004316748,1.9122238012114774
4.4626563281640825,0.007244275038325754,0.3918427547595168,0.38459847972119104,-0.04237497994171677,-0.005329053717525831,-0.015171511908424265,0.016080223478289572,1.9085878274174786
4.465132566283142,0.007165087030933548,0.3918427547595168,0.38467766772858325,-0.04237173402078881,-0.005247219906265806,-0.015113238032062392,0.015998227419263964,1.9049688509324405
4.467608804402201,0.007085820039029023,0.3918427547595168,0.3847569347204878,-0.042368482910456265,-0.0051659580823324395,-0.015053958328938343,0.015915677311312514,1.9013671378798103
4.470085042521261,0.007006482375997214,0.3918427547595168,0.3848362723835196,-0.04236522555998726,-0.005085275164085296,-0.014993672215791988,0.015832568648487692,1.8977829566267408
4.4725612806403205,0.0069270824340127435,0.3918427547595168,0.38491567232550405,-0.04236196093606487,-0.00500517800615375,-0.014932379176806647,0.015748896937665634,1.8942165779412428
4.47503751875938,0.006847628684607199,0.3918427547595168,0.3849951260749096,-0.04235868802330381,-0.004925673398824673,-0.01487007876475527,0.015664657701396304,1.8906682751583619
4.477513756878439,0.006768129679197488,0.3918427547595168,0.3850746250803193,-0.042355405824760356,-0.004846768067417389,-0.01480677060215028,0.015579846480759644,1.8871383243558804
4.479989994997499,0.006688594049577279,0.3918427547595168,0.3851541607099395,-0.042352113362435835,-0.004768468671645388,-0.014742454382395674,0.015494458838226036,1.8836270045399999
4.482466233116559,0.006609030508367253,0.3918427547595168,0.38523372425114955,-0.04234880967777305,-0.004690781804965193,-0.014677129870941472,0.015408490360521207,1.8801345978415176
4.484942471235618,0.0065294478494255515,0.3918427547595168,0.38531330691009125,-0.042345493832145524,-0.004613713993912144,-0.014610796906438909,0.015321936661493727,1.8766613897230324
4.487418709354677,0.0064498549482165934,0.3918427547595168,0.3853928998113002,-0.04234216490733965,-0.0045372716974239734,-0.014543455401895986,0.015234793384984981,1.8732076691978004
4.489894947473737,0.006370260762137259,0.3918427547595168,0.38547249399737954,-0.042338822006029224,-0.004461461306151524,-0.014475105345832764,0.015147056207700673,1.8697737290608036
4.492371185592797,0.0062906743307997726,0.3918427547595168,0.385552080428717,-0.042335464252242154,-0.004386289141757661,-0.014405746803434975,0.015058720842082776,1.8663598661327636
4.494847423711856,0.006211104776269627,0.3918427547595168,0.38563164998324717,-0.04233209079181949,-0.004311761456203798,-0.014335379917705563,0.014969783039181318,1.862966381517743
4.497323661830916,0.006131561303259314,0.3918427547595168,0.3857111934562575,-0.042328700792866165,-0.0042378844310249734,-0.014264004910613201,0.014880238591525385,1.8595935808751476
4.499799899949975,0.0060520531992745985,0.3918427547595168,0.3857907015602422,-0.04232529344619341,-0.004164664176593466,-0.014191622084236978,0.01479008333599252,1.8562417747069124
4.502276138069035,0.005972589834714881,0.3918427547595168,0.3858701649248019,-0.042321867965752824,-0.004092106731371087,-0.014118231821905972,0.014699313156675416,1.8529112786607467
4.504752376188094,0.0058931806629248795,0.3918427547595168,0.3859495740965919,-0.04231842358906143,-0.004020218061150866,-0.014043834589333526,0.014607923987745979,1.8496024138503748
4.507228614307154,0.005813835220198071,0.3918427547595168,0.3860289195393187,-0.042314959577617973,-0.003949004058288288,-0.01396843093574451,0.014515911816315282,1.8463155071937805
4.509704852426213,0.0057345631257307295,0.3918427547595168,0.38610819163378607,-0.04231147521731004,-0.0038784705409223713,-0.013892021494995601,0.014423272685289649,1.8430508917705
4.512181090545273,0.005655374081525055,0.3918427547595168,0.38618738067799174,-0.04230796981881173,-0.0038086232521871172,-0.013814606986686488,0.014330002696221223,1.8398089071991448
4.514657328664333,0.005576277872241853,0.3918427547595168,0.38626647688727495,-0.04230444271797177,-0.003739467859413625,-0.013736188217262269,0.014236098012153552,1.836589900036363
4.517133566783392,0.005497284365001631,0.3918427547595168,0.38634547039451517,-0.042300893276191964,-0.0036710099533236885,-0.013656766081105292,0.014141554860461052,1.8333942241986014
4.519609804902451,0.0054184035091324745,0.3918427547595168,0.3864243512503843,-0.04229732088079541,-0.0036032550472146173,-0.013576341561615725,0.014046369535681884,1.8302222414080487
4.522086043021511,0.0053396453358655616,0.3918427547595168,0.38650310942365124,-0.042293724945384734,-0.003536208576136615,-0.013494915732279938,0.013950538402344146,1.8270743216643492
4.524562281140571,0.005261019957976454,0.3918427547595168,0.38658173480154034,-0.042290104910189745,-0.00346987589606252,-0.013412489757725838,0.013854057897784901,1.8239508437436962
4.52703851925963,0.005182537569372481,0.3918427547595168,0.3866602171901443,-0.042286460242404546,-0.003404262283050994,-0.013329064894763992,0.01375692453496178,1.8208521957271213
4.529514757378689,0.005104208444624336,0.3918427547595168,0.38673854631489246,-0.042282790436513736,-0.003339372932403075,-0.01324464249341354,0.0136591349052567,1.8177787755598684
4.5319909954977495,0.005026042938443276,0.3918427547595168,0.3868167118210735,-0.042279095014607665,-0.0032752129578134392,-0.013159223997912244,0.013560685681272115,1.8147309916439636
4.534467233616809,0.004948051485101357,0.3918427547595168,0.38689470327441544,-0.04227537352668626,-0.003211787390516422,-0.013072810947709373,0.013461573619619303,1.811709263466194
4.536943471735868,0.004870244597795392,0.3918427547595168,0.3869725101617214,-0.04227162555095158,-0.0031491011784272674,-0.012985404978440486,0.013361795563698726,1.8087140222638984
4.539419709854927,0.004792632867954394,0.3918427547595168,0.3870501218915624,-0.04226785069408859,-0.0030871591852799987,-0.012897007822883319,0.013261348446473014,1.8057457117312365
4.5418959479739875,0.004715226964488783,0.3918427547595168,0.387127527795028,-0.04226404859153403,-0.003025966189761725,-0.01280762131189363,0.013160229293232432,1.8028047887687064
4.544372186093047,0.0046380376329824835,0.3918427547595168,0.3872047171265343,-0.04226021890773336,-0.002965526884644458,-0.012717247375320293,0.013058435224353642,1.7998917242789962
4.546848424212106,0.004561075694826777,0.3918427547595168,0.38728167906469,-0.042256361336385294,-0.002905845875915261,-0.012625888042897762,0.01295596345805137,1.797007004012516
4.549324662331165,0.00448435204629527,0.3918427547595168,0.38735840271322153,-0.04225247560067391,-0.002846927681904917,-0.012533545445116557,0.012852811313125176,1.7941511294661328
4.551800900450226,0.004407877657560455,0.3918427547595168,0.38743487710195634,-0.04224856145348805,-0.00278877673241645,-0.012440221814068994,0.012748976211700508,1.7913246188390983
4.554277138569285,0.0043316635716517116,0.3918427547595168,0.3875110911878651,-0.04224461867762804,-0.0027313973678538446,-0.012345919484270775,0.012644455681966529,1.7885280080503432
4.556753376688344,0.004255720903353133,0.3918427547595168,0.38758703385616367,-0.04224064708599915,-0.002674793838351657,-0.01225064089345594,0.01253924736091042,1.7857618518217717
4.559229614807404,0.004180060838042843,0.3918427547595168,0.38766269392147396,-0.04223664652179194,-0.0026189703029066286,-0.01215438858334579,0.012433348997051171,1.7830267248325664
4.561705852926464,0.004104694630472694,0.3918427547595168,0.3877380601290441,-0.042232616858649166,-0.0025639308285120184,-0.012057165200389644,0.01232675845317338,1.7803232229499761
4.564182091045523,0.004029633603488458,0.3918427547595168,0.38781312115602834,-0.04222855800081917,-0.0025096793892948437,-0.011958973496476882,0.012219473709063244,1.7776519645424773
4.566658329164582,0.003954889146690177,0.3918427547595168,0.3878878656128266,-0.04222446988329542,-0.002456219865657798,-0.011859816329619511,0.012111492864249297,1.7750135918818721
4.569134567283642,0.003880472715033445,0.3918427547595168,0.38796228204448335,-0.0422203524719421,-0.0024035560434260243,-0.01175969666460417,0.012002814140750167,1.7724087726413478
4.571610805402702,0.003806395827370912,0.3918427547595168,0.3880363589321459,-0.0422162057636058,-0.0023516916129996367,-0.011658617573612667,0.011893435885832275,1.7698382014972487
4.574087043521761,0.0037326700649344957,0.3918427547595168,0.3881100846945823,-0.042212029786212725,-0.0023006301685130105,-0.011556582236809984,0.01178335657478056,1.7673026018430311
4.576563281640821,0.0036593070697581442,0.3918427547595168,0.38818344768975865,-0.04220782459885159,-0.0022503752070016925,-0.011453593942899156,0.011672574813686316,1.7648027276246683
4.57903951975988,0.003586318543042477,0.3918427547595168,0.3882564362164743,-0.04220359029184208,-0.0022009301275776397,-0.011349656089642236,0.011561089342256291,1.7623393653076418
4.58151575787894,0.0035137162434589753,0.3918427547595168,0.3883290385160578,-0.042199326986788355,-0.0021522982306136397,-0.011244772184345745,0.011448899036647078,1.7599133359866694
4.583991995997999,0.0034415119853971055,0.3918427547595168,0.3884012427741197,-0.04219503483661794,-0.0021044827169381386,-0.011138945844310839,0.01133600291233118,1.7575254976504184
4.586468234117059,0.0033697176371528803,0.3918427547595168,0.3884730371223639,-0.042190714025605626,-0.0020574866870408035,-0.011032180797246358,0.011222400126999635,1.7551767476146178
4.588944472236118,0.0032983451190590207,0.3918427547595168,0.3885444096404578,-0.04218636476938214,-0.0020113131402903113,-0.01092448088164502,0.011108089983508956,1.752868025138411
4.591420710355178,0.003227406401558386,0.3918427547595168,0.3886153483579584,-0.04218198731492776,-0.001965964974164753,-0.010815850047120532,0.010993071932878445,1.7506003142402378
4.593896948474238,0.0031569135032202267,0.3918427547595168,0.38868584125629657,-0.04217758194055055,-0.0019214449834957861,-0.010706292354706423,0.010877345577347736,1.7483746467312309
4.596373186593297,0.003086878488700151,0.3918427547595168,0.38875587627081665,-0.04217314895584917,-0.0018777558597277179,-0.010595811977114853,0.010760910673503071,1.746192105486046
4.598849424712356,0.003017313466643745,0.3918427547595168,0.38882544129287305,-0.04216868870166018,-0.0018349001901915019,-0.01048441319895478,0.010643767135482719,1.7440538279730076
4.601325662831416,0.002948230587535794,0.3918427547595168,0.388894524171981,-0.04216420154998967,-0.0017928804573958922,-0.010372100416909209,0.010525915038273883,1.7419610100680183
4.603801900950476,0.002879642041494379,0.3918427547595168,0.3889631127180224,-0.04215968790392943,-0.001751699038335424,-0.010258878139870437,0.010407354621113704,1.7399149101790954
4.606278139069535,0.002811560056011131,0.3918427547595168,0.38903119470350567,-0.04215514819755703,-0.0017113582038169178,-0.010144750989032997,0.010288086291009491,1.7379168537115355
4.608754377188594,0.0027439968936388004,0.3918427547595168,0.389098757865878,-0.042150582895820354,-0.001671860117805079,-0.010029723697943074,0.010168110626394075,1.7359682379069663
4.611230615307654,0.00267696484962604,0.3918427547595168,0.38916578990989076,-0.04214599249440615,-0.0016332068367880433,-0.009913801112504754,0.010047428380935676,1.7340705370932987
4.613706853426714,0.002610476249500948,0.3918427547595168,0.38923227851001585,-0.04214137751959258,-0.0015954003091641737,-0.009796988190941488,0.009926040487522107,1.7322253083869195
4.616183091545773,0.002544543446604375,0.3918427547595168,0.3892982113129124,-0.042136738528085985,-0.0015584423746503769,-0.00967929000371327,0.009803948062443493,1.730434197893129
4.618659329664832,0.002479178819573269,0.3918427547595168,0.38936357593994353,-0.04213207610684155,-0.001522334763713374,-0.00956071173338792,0.009681152409798726,1.7286989474564056
4.621135567783893,0.0024143947697757295,0.3918427547595168,0.38942835998974107,-0.04212739087286797,-0.0014870790970245608,-0.009441258674467027,0.009557655026156063,1.727021402018136
4.623611805902952,0.002350203718698207,0.3918427547595168,0.3894925510408186,-0.04212268347301611,-0.0014526768849392538,-0.009320936233165678,0.009433457605500625,1.72540351764648
4.626088044022011,0.002286618105286742,0.3918427547595168,0.38955613665423006,-0.04211795458375171,-0.0014191295270014823,-0.00919974992714511,0.009308562044505796,1.7238473703110562
4.62856428214107,0.0022236503832425702,0.3918427547595168,0.38961910437627423,-0.04211320491091202,-0.001386438311474808,-0.009077705385198953,0.009182970448171724,1.7223551654841123
4.631040520260131,0.002161313018273714,0.3918427547595168,0.3896814417412431,-0.042108435189446486,-0.001354604414900342,-0.0089548083468916,0.009056685135877639,1.7209292486603405
4.63351675837919,0.002099618485303656,0.3918427547595168,0.38974313627421314,-0.0421036461831415,-0.0013236289016825206,-0.008831064662149472,0.008929708647903045,1.7195721168992661
4.635992996498249,0.0020385792656385515,0.3918427547595168,0.38980417549387825,-0.04209883868432921,-0.0012935127237036909,-0.008706480290803863,0.00880204375247814,1.718286431507854
4.638469234617309,0.0019782078440940265,0.3918427547595168,0.38986454691542277,-0.04209401351358059,-0.0012642567199681112,-0.008581061302085927,0.008673693453433846,1.7170750319965467
4.640945472736369,0.0019185167060832842,0.3918427547595168,0.3899242380534335,-0.04208917151938257,-0.0012358616162762327,-0.008454813874073546,0.008544660998530686,1.715940951460018
4.643421710855428,0.0018595183346671318,0.3918427547595168,0.38998323642484967,-0.042084313577799605,-0.0012083280249302747,-0.008327744293089134,0.008414949888556114,1.7148874335547584
4.645897948974487,0.0018012252075687019,0.3918427547595168,0.3900415295519481,-0.04207944059211953,-0.001181656444471095,-0.00819985895304947,0.008284563887294588,1.7139179512695162
4.648374187093547,0.0017436497941528684,0.3918427547595168,0.39009910496536393,-0.042074553492483915,-0.00115584725944827,-0.008071164354766472,0.008153507032487736,1.7130362277127735
4.650850425212607,0.0016868045523733,0.3918427547595168,0.3901559502071435,-0.042069653235503095,-0.0011309007402228836,-0.007941667105199708,0.00802178364792069,1.7122462591735284
4.653326663331666,0.0016307019256872057,0.3918427547595168,0.3902120528338296,-0.04206474080385574,-0.0011068170428044678,-0.00781137391665953,0.007889398356789399,1.7115523407496709
4.655802901450725,0.0015753543399409375,0.3918427547595168,0.39026740041957586,-0.04205981720587344,-0.0010835962087227154,-0.007680291605962331,0.0077563560965297155,1.710959094882191
4.658279139569785,0.00152077420022656,0.3918427547595168,0.39032198055929024,-0.042054883475110105,-0.0010612381649342285,-0.007548427093536732,0.007622662135314169,1.710471503185057
4.660755377688845,0.0014669738877127192,0.3918427547595168,0.3903757808718041,-0.04204994066989669,-0.0010397427237653252,-0.007415787402481789,0.0074883220904572835,1.7100949420212637
4.663231615807904,0.0014139657564496977,0.3918427547595168,0.3904287890030671,-0.042044989872881085,-0.0010191095828912394,-0.0072823796575764675,0.00735334194900688,1.7098352223467959
4.665707853926964,0.0013617621301516003,0.3918427547595168,0.3904809926293652,-0.0420400321905535,-0.0009993383253525702,-0.007148211084241484,0.007217728090846267,1.7096986344284895
4.668184092046023,0.0013103752989576667,0.3918427547595168,0.39053237946055913,-0.04203506875275759,-0.000980428419609155,-0.007013289007453409,0.007081487314684969,1.7096919981413545
4.670660330165083,0.0012598175161730452,0.3918427547595168,0.39058293724334375,-0.04203010071218744,-0.0009623792196322492,-0.006877620850610935,0.006944626867380152,1.7098227196693858
4.673136568284142,0.0012101009949923025,0.3918427547595168,0.3906326537645245,-0.04202512924387054,-0.0009451899650353736,-0.0067412141343544075,0.006807154477108861,1.710098855574759
4.675612806403202,0.0011612379052067245,0.3918427547595168,0.3906815168543101,-0.042020155544637186,-0.0009288597812440597,-0.006604076475338507,0.006669078391002181,1.7105291853687856
4.678089044522261,0.001113240369898072,0.3918427547595168,0.3907295143896187,-0.042015180832576354,-0.0009133876797054775,-0.006466215584958676,0.006530407417964076,1.7111232939200782
4.680565282641321,0.001066120462119069,0.3918427547595168,0.39077663429739773,-0.042010206346478396,-0.0008987725581378649,-0.0063276392680315634,0.006391150977531097,1.7118916652782463
4.683041520760381,0.0010198902015645106,0.3918427547595168,0.3908228645579523,-0.042005233345264695,-0.0008850132008201804,-0.006188355421430297,0.006251319155791978,1.712845789784899
4.68551775887944,0.0009745615512337658,0.3918427547595168,0.39086819320828303,-0.042000263107404866,-0.0008721082789226314,-0.006048372032675241,0.006110922769583446,1.7139982866993135
4.687993996998499,0.0009301464140864524,0.3918427547595168,0.39091260834543035,-0.04199529693032115,-0.0008600563508782272,-0.005907697178479993,0.005969973440418847,1.7153630449985404
4.690470235117559,0.0008866566296942269,0.3918427547595168,0.39095609812982257,-0.041990336129781106,-0.0008488558627953932,-0.005766339023254467,0.005828483679904181,1.716955385539741
4.692946473236619,0.0008441039708892983,0.3918427547595168,0.3909986507886275,-0.04198538203927815,-0.0008385051489123128,-0.005624305817564852,0.005686466988759039,1.718792248420169
4.695422711355678,0.000802500140413831,0.3918427547595168,0.39104025461910297,-0.041980436009400865,-0.0008290024320929852,-0.00548160589655177,0.005543937972012964,1.7208924101671719
4.697898949474737,0.0007618567675686805,0.3918427547595168,0.3910808979919481,-0.041975499407190836,-0.000820345824365,-0.005338247678306531,0.0054009124735083566,1.7232767363761627
4.700375187593798,0.0007221854048678478,0.3918427547595168,0.39112056935464895,-0.041970573615489844,-0.0008125333274997711,-0.005194239662207408,0.005257407733545723,1.725968476638489
4.702851425712857,0.0006834975246968189,0.3918427547595168,0.39115925723482,-0.04196566003227637,-0.0008055628336345946,-0.005049590427216191,0.005113442574388295,1.7289936101276422
4.705327663831916,0.0006458045159791759,0.3918427547595168,0.3911969502435376,-0.041960760069992095,-0.0007994321259369892,-0.004904308630135443,0.004969037619459237,1.7323812521257902
4.707803901950975,0.0006091176808525889,0.3918427547595168,0.3912336370786642,-0.04195587515485843,-0.0007941388793115019,-0.004758403003828541,0.004824215553484174,1.7361641341817007
4.710280140070036,0.0005734482313559663,0.3918427547595168,0.39126930652816083,-0.041951006726183654,-0.000789680661148668,-0.004611882355402313,0.004679001432641733,1.7403791736392278
4.712756378189095,0.0005388072861307602,0.3918427547595168,0.39130394747338604,-0.04194615623566096,-0.0007860549321161495,-0.004464755564354106,0.004533423056117206,1.7450681521508546
4.715232616308154,0.000505205867137315,0.3918427547595168,0.3913375488923795,-0.04194132514665791,-0.0007832590469922414,-0.0043170315806836095,0.004387511413468325,1.7502785277419775
4.717708854427213,0.00047265489638897984,0.3918427547595168,0.3913700998631278,-0.04193651493349738,-0.0007812902555412692,-0.004168719422971152,0.004241301226140472,1.756064411347751
4.720185092546274,0.00044116519270553933,0.3918427547595168,0.39140158956681126,-0.04193172708073079,-0.0007801457034309137,-0.004019828176423152,0.004094831606616712,1.7624877469437257
4.722661330665333,0.0004107474684882373,0.3918427547595168,0.39143200729102856,-0.04192696308240377,-0.0007798224331913815,-0.003870366990886186,0.003948146865486379,1.7696197450164068
4.725137568784392,0.00038141232651867085,0.3918427547595168,0.3914613424329981,-0.04192222444131474,-0.0007803173852159243,-0.003720345078830175,0.003801297505753281,1.7775426329463986
4.727613806903452,0.00035317025678227587,0.3918427547595168,0.3914895845027345,-0.04191751266826686,-0.0007816273988027478,-0.0035697717133028285,0.0036543414558106307,1.7863518039364001
4.730090045022512,0.00032603163332012297,0.3918427547595168,0.3915167231261967,-0.04191282928131372,-0.0007837492132378339,-0.003418656225856165,0.00350734560883812,1.7961584697724555
4.732566283141571,0.00030000671110863575,0.3918427547595168,0.39154274804840816,-0.04190817580499914,-0.0007866794689182638,-0.003267008004445577,0.0033603877585673043,1.8070929537441789
4.73504252126063,0.0002751056229724491,0.3918427547595168,0.39156764913654435,-0.04190355376959192,-0.0007904147085160476,-0.00311483649130436,0.0032135590517368383,1.8193088007587752
4.73751875937969,0.00025133837652824287,0.3918427547595168,0.39159141638298856,-0.041898964710315297,-0.00079495137818145,-0.002962151180793539,0.0030669671194111527,1.8329879349052751
4.73999499749875,0.00022871485116476853,0.3918427547595168,0.39161403990835203,-0.04189441016657209,-0.0008002858287861903,-0.002808961617229196,0.0029207401073739615,1.8483471637569173
4.742471235617809,0.00020724479505918048,0.3918427547595168,0.3916355099644576,-0.04188989168116593,-0.0008064143172051008,-0.0026552773926880597,0.002775031906683898,1.865646416847122
4.744947473736869,0.0001869378222317808,0.3918427547595168,0.391655816937285,-0.04188541079951878,-0.0008133330076364569,-0.0025011081447932643,0.0026300289985591737,1.885199215066993
4.747423711855928,0.0001678034096409542,0.3918427547595168,0.39167495134987584,-0.04188096906888547,-0.0008210379729601675,-0.00234646355448167,0.0024859594859034393,1.9073859958960995
4.749899949974988,0.00014985089432056897,0.3918427547595168,0.39169290386519623,-0.04187656803756544,-0.0008295251961332253,-0.002191353343753297,0.00234310510395898,1.9326710526798196
4.752376188094047,0.00013308947056045461,0.3918427547595168,0.39170966528895634,-0.04187220925411258,-0.0008387905716217905,-0.00203578727340565,0.00220181730522812,1.9616239441524277
4.754852426213107,0.0001175281871321765,0.3918427547595168,0.3917252265723846,-0.04186789426654305,-0.0008488299068693632,-0.0018797751407534469,0.0020625389185638396,1.9949461935513542
4.757328664332166,0.00010317594456277224,0.3918427547595168,0.391739578814954,-0.0418636246215422,-0.0008596389238001954,-0.0017233267773355096,0.0019258333938308243,2.0335037004163783
4.759804902451226,9.004149245550597e-05,0.3918427547595168,0.3917527132670613,-0.04185940186367047,-0.0008712132603574396,-0.0015664520466101605,0.0017924242130008734,2.0783640544622037
4.762281140570286,7.813342686191493e-05,0.3918427547595168,0.3917646213326549,-0.041855227534569175,-0.0008835484720752136,-0.0014091608416409405,0.0016632474801185325,2.1308349073815855
4.764757378689345,6.746018770487083e-05,0.3918427547595168,0.3917752945718119,-0.04185110317216641,-0.0008966400336835496,-0.001251463082774186,0.0015395204440184307,2.192492929690439
4.767233616808404,5.803005625459878e-05,0.3918427547595168,0.3917847247032622,-0.04184703030988367,-0.0009104833407457893,-0.0010933687153090463,0.0014228264340361994,2.2651797335987203
4.769709854927464,4.985115265954132e-05,0.3918427547595168,0.39179290360685726,-0.04184301047584353,-0.0009250737113275995,-0.0009348877071630045,0.0013152096397129694,2.350918087863559
4.772186093046524,4.293143353262252e-05,0.3918427547595168,0.3917998233259842,-0.04183904519207911,-0.0009404063876961681,-0.0007760300465330253,0.0012192566617172142,2.4516693817013326
4.774662331165583,3.727868959468861e-05,0.3918427547595168,0.3918054760699221,-0.04183513597374542,-0.0009564765380495055,-0.0006168057395550541,0.0011381110175142073,2.568830213218239
4.777138569284642,3.29005433764018e-05,0.3918427547595168,0.3918098542161404,-0.041831284328333364,-0.000973279258274326,-0.000457224807962113,0.0010753264804714024,2.7024139309184623
4.779614807403702,2.9804446980030708e-05,0.3918427547595168,0.39181295031253677,-0.0418274917548869,-0.0009908095737317518,-0.0002972972867436906,0.0010344512014124475,2.850085475142845
4.782091045522762,2.7997679900915173e-05,0.3918427547595168,0.3918147570796159,-0.041823759743223395,-0.0010090624410699738,-0.00013703322180747208,0.0010183246603402227,3.0066158543057258
4.784567283641821,2.748734691204735e-05,0.3918427547595168,0.39181526741260475,-0.04182008977315821,-0.0010280327500627878,2.3557332354951725e-05,0.001028302622339037,-3.1186817002482554
4.78704352176088,2.828037601099176e-05,0.3918427547595168,0.3918144743835058,-0.041816483313733575,-0.0010477153254728443,0.0001844643149973824,0.0010638301023838917,-2.967315379570863
4.789519759879941,3.038351643031012e-05,0.3918427547595168,0.3918123712430865,-0.04181294182245237,-0.0010681049289389677,0.0003456776614408248,0.0011226491815535763,-2.8285945547654516
4.791995997999,3.3803336713655874e-05,0.3918427547595168,0.39180895142280314,-0.04180946674451721,-0.0010891962608859211,0.0005071873053867845,0.001201493844126294,-2.7057983592804
4.794472236118059,3.854622285692777e-05,0.3918427547595168,0.39180420853665987,-0.041806059512075305,-0.0011109839624561767,0.0006689831812211871,0.0012968515187143234,-2.599591003695686
4.7969484742371185,4.461837651620337e-05,0.3918427547595168,0.3917981363830006,-0.04180272154346953,-0.0011334626174620555,0.0008310552263060037,0.0014054857858955589,-2.5089302795987507
4.799424712356179,5.2025813283118616e-05,0.3918427547595168,0.3917907289462337,-0.041799454242496197,-0.0011566267543573552,0.000993393383258512,0.0015246690994432275,-2.4319709056620855
4.801900950475238,6.0774361028193e-05,0.3918427547595168,0.3917819803984886,-0.041796258997669776,-0.0011804708482274807,0.0011559876022153494,0.001652216317553637,-2.366672891783192
4.804377188594297,7.086965831271108e-05,0.3918427547595168,0.3917718851012041,-0.041793137181495306,-0.0012049893227965638,0.0013188278430816631,0.0017864227236970408,-2.3111193502226195
4.806853426713357,8.23171528701594e-05,0.3918427547595168,0.39176043760664664,-0.04179009014974855,-0.0012301765524508172,0.0014819040777619868,0.0019259735319799656,-2.2636425368537836
4.809329664832417,9.512210015738543e-05,0.3918427547595168,0.3917476326593594,-0.04178711924076459,-0.0012560268642765639,0.0016452062923724697,0.002069856813464735,-2.2228477524627643
4.811805902951476,0.00010928956197581163,0.3918427547595168,0.391733465197541,-0.041784225774735125,-0.0012825345401121444,0.001808724489433384,0.002217290942852725,-2.1875918289159815
4.814282141070535,0.0001248244051639813,0.3918427547595168,0.3917179303543528,-0.041781411053014916,-0.0013096938186121822,0.0019724486900394938,0.002367667994747041,-2.156946242102579
4.816758379189595,0.000141731300360326,0.3918427547595168,0.39170102345915647,-0.041778676357437684,-0.0013374988973232395,0.002136368936007702,0.0025205109662684595,-2.130158791044149
4.819234617308655,0.00016001472083820856,0.3918427547595168,0.3916827400386786,-0.04177602294964207,-0.0013659439347694508,0.002300475292000128,0.002675441907804489,-2.1066193693805295
4.821710855427714,0.0001796789414117983,0.3918427547595168,0.391663075818105,-0.04177345207040767,-0.001395023052547125,0.002464757847622097,0.0028321582873407007,-2.085831379807698
4.824187093546773,0.0002007280374145548,0.3918427547595168,0.39164202672210224,-0.041770964939001835,-0.0014247303374270714,0.002629206719492607,0.002990415440738984,-2.0673886505049377
4.826663331665833,0.00022316588374832191,0.3918427547595168,0.3916195888757685,-0.041768562752537396,-0.0014550598434630753,0.002793812053287009,0.003150013482058539,-2.050957109252528
4.829139569784893,0.0002469961540060295,0.3918427547595168,0.39159575860551077,-0.041766246685341776,-0.0014860055941058256,0.0029585640257499125,0.003310787477349662,-2.0362603487252096
4.831615807903952,0.00027222231966511634,0.3918427547595168,0.3915705324398517,-0.04176401788833773,-0.0015175615843208354,0.0031234528466779683,0.003472600012616925,-2.0230682850612274
4.834092046023012,0.00029884764935322883,0.3918427547595168,0.39154390711016357,-0.04176187748843606,-0.001549721782708919,0.0032884687608704627,0.003635335527158865,-2.011188239884765
4.836568284142071,0.0003268752081858617,0.3918427547595168,0.39151587955133094,-0.04175982658794067,-0.0015824801336282966,0.0034536020500468114,0.0037988959571717373,-2.0004579082374634
4.839044522261131,0.00035630785717533087,0.3918427547595168,0.39148644690234147,-0.04175786626396616,-0.0016158305593171225,0.003618843034730654,0.0039631973590072015,-1.990739791063277
4.84152076038019,0.0003871482527114667,0.3918427547595168,0.39145560650680533,-0.041755997567868484,-0.0016497669620147565,0.0037841820760981734,0.004128167270595764,-1.9819167659629375
4.84399699849925,0.00041939884611302825,0.3918427547595168,0.39142335591340377,-0.04175422152468858,-0.001684283226081329,0.003949609577790553,0.004293742633488156,-1.9738885449690196
4.846473236618309,0.0004530618832500055,0.3918427547595168,0.3913896928762668,-0.04175253913260958,-0.0017193732201134723,0.004115115987688962,0.004459868144034829,-1.9665688261817926
4.848949474737369,0.00048813940423630964,0.3918427547595168,0.3913546153552805,-0.04175095136242769,-0.0017550307990560482,0.004280691799651966,0.004626494935611936,-1.9598829906276418
4.851425712856429,0.0005246332431925183,0.3918427547595168,0.3913181215163243,-0.041749459157037136,-0.0017912498063075467,0.004446327555213267,0.004793579518151922,-1.9537662296685134
4.853901950975488,0.0005625450280776767,0.3918427547595168,0.3912802097314391,-0.041748063430929086,-0.00182802407581905,0.004612013845239552,0.004961082919127175,-1.9481620141763523
4.856378189094547,0.0006018761805900441,0.3918427547595168,0.39124087857892675,-0.041746765069705254,-0.0018653474341847054,0.0047777413115478555,0.005128969983368053,-1.9430208364334902
4.858854427213607,0.0006426279161364512,0.3918427547595168,0.39120012684338035,-0.04174556492960594,-0.0019032137027232832,0.0049435006484810605,0.005297208798958781,-1.9382991708230757
4.861330665332667,0.0006848012438686046,0.3918427547595168,0.3911579535156482,-0.041744463837053145,-0.0019416166995489398,0.005109282604440707,0.005465770223857543,-1.933958610963858
4.863806903451726,0.0007283969667867818,0.3918427547595168,0.39111435779273,-0.041743462588208394,-0.0019805502416305777,0.005275077983376877,0.005634627493484409,-1.9299651498753143
4.8662831415707855,0.0007734156819096394,0.3918427547595168,0.39106933907760716,-0.04174256194854613,-0.002020008146838656,0.005440877646234469,0.005803755893780206,-1.9262885766723132
4.868759379689846,0.0008198577805091922,0.3918427547595168,0.3910228969790076,-0.04174176265244227,-0.002059984235978002,0.005606672512354442,0.005973132487503416,-1.9229019686648459
4.871235617808905,0.0008677234484100738,0.3918427547595168,0.3909750313111067,-0.04174106540277831,-0.0021004723348056857,0.005772453560830037,0.0061427358840522705,-1.9197812619397243
4.873711855927964,0.0009170126663532452,0.3918427547595168,0.39092574209316355,-0.04174047087056125,-0.002141466276033198,0.00593821183181764,0.006312546045053969,-1.9169048868004182
4.8761880940470235,0.0009677252104214884,0.3918427547595168,0.3908750295490953,-0.0417399796945592,-0.0021829599013113224,0.006103938427801027,0.00648254411948883,-1.9142534570445746
4.878664332166084,0.00101986065252746,0.3918427547595168,0.39082289410698934,-0.04173959248095302,-0.0022249470631971364,0.006269624514809023,0.006652712303318388,-1.9118095041232026
4.881140570285143,0.0010734183609617531,0.3918427547595168,0.39076933639855504,-0.041739309803003895,-0.0022674216271016782,0.006435261323585746,0.006823033719533195,-1.9095572488700725
4.883616808404202,0.0011283975010015768,0.3918427547595168,0.3907143572585152,-0.0417391322007372,-0.0023103774732178735,0.006600840150713832,0.006993492315290581,-1.907482404806399
4.8860930465232615,0.0011847970355771675,0.3918427547595168,0.39065795772393963,-0.04173906018064245,-0.0023538084984271596,0.006766352359689137,0.00716407277341169,-1.9055720080842848
4.888569284642322,0.0012426157259964876,0.3918427547595168,0.3906001390335203,-0.041739094215389655,-0.002397708618184117,0.006931789381947438,0.007334760435992006,-1.903814269987294
4.891045522761381,0.0013018521327262111,0.3918427547595168,0.3905409026267906,-0.041739234743562094,-0.00244207176837807,0.007097142717842361,0.007505541238267367,-1.902198448599942
4.89352176088044,0.001362504616227389,0.3918427547595168,0.3904802501432894,-0.0417394821694052,-0.0024868919071712597,0.0072624039375751535,0.007676401651194458,-1.9007147368227006
4.8959979989995,0.0014245713378465141,0.3918427547595168,0.3904181834216703,-0.0417398368625924,-0.002532163016811549,0.007427564682074703,0.007847328631458712,-1.8993541643709184
4.89847423711856,0.0014880502607577673,0.3918427547595168,0.39035470449875903,-0.04174029915800695,-0.0025778791054202436,0.007592616663828785,0.00801830957783577,-1.8981085117755192
4.900950475237619,0.0015529391509584434,0.3918427547595168,0.39028981560855835,-0.04174086935554061,-0.0026240342087528457,0.007757551667666372,0.0081893322930028,-1.8969702347156527
4.903426713356678,0.0016192355783136714,0.3918427547595168,0.3902235191812031,-0.041741547719908685,-0.002670622391933046,0.00792236155149011,0.008360384950038064,-1.8959323972723734
4.905902951475738,0.0016869369176509275,0.3918427547595168,0.39015581784186587,-0.041742334480481584,-0.0027176377511583492,0.008087038246959992,0.008531456062965731,-1.8949886129068088
4.908379189594798,0.0017560403499016775,0.3918427547595168,0.3900867144096151,-0.04174322983113292,-0.0027650744153770064,0.008251573760127131,0.008702534460798826,-1.8941329921453678
4.910855427713857,0.001826542863289926,0.3918427547595168,0.39001621189622687,-0.04174423393010402,-0.0028129265479353103,0.008415960172018969,0.008873609264616559,-1.8933600961038757
4.913331665832917,0.0018984412545659524,0.3918427547595168,0.38994431350495085,-0.04174534689988492,-0.0028611883481949717,0.008580189639175013,0.009044669867278346,-1.8926648951080571
4.915807903951976,0.001971732130283288,0.3918427547595168,0.3898710226292335,-0.04174656882711174,-0.0029098540531189727,0.00874425439413314,0.009215705915434238,-1.8920427317730866
4.918284142071036,0.002046411908118606,0.3918427547595168,0.3897963428513982,-0.041747899762480334,-0.0029589179388264126,0.00890814674586804,0.009386707293541654,-1.8914892879941032
4.920760380190095,0.002122476818232244,0.3918427547595168,0.38972027794128455,-0.04174933972067631,-0.0030083743221148602,0.009071859080179993,0.00955766410963496,-1.8910005553748133
4.923236618309155,0.002199922904668583,0.3918427547595168,0.3896428318548482,-0.04175088868032114,-0.0030582175619499868,0.00923538386003603,0.00972856668263282,-1.8905728086852382
4.925712856428214,0.0022787460267944537,0.3918427547595168,0.38956400873272234,-0.04175254658393449,-0.0031084420609215745,0.009398713625862396,0.009899405530994164,-1.890202581994122
4.928189094547274,0.002358941860774677,0.3918427547595168,0.3894838128987421,-0.0417543133379125,-0.0031590422666661778,0.009561840995789871,0.010070171362561374,-1.889886647167961
4.930665332666333,0.0024405059010825236,0.3918427547595168,0.3894022488584343,-0.04175618881252196,-0.0032100126732547505,0.00972475866585112,0.010240855065447542,-1.8896219944682564
4.933141570785393,0.0025234334620445886,0.3918427547595168,0.3893193212974722,-0.04175817284191045,-0.003261347822545663,0.009887459410131359,0.010411447699845516,-1.8894058150127877
4.9356178089044525,0.0026077196794179747,0.3918427547595168,0.3892350350800988,-0.04176026522413188,-0.0033130423055023842,0.010049936080872082,0.01058194049065024,-1.889235484895965
4.938094047023512,0.002693359511999005,0.3918427547595168,0.3891493952475178,-0.04176246572118804,-0.003365090763475199,0.010212181608529212,0.010752324820800773,-1.8891085507885248
4.940570285142572,0.00278034774326108,0.3918427547595168,0.3890624070162557,-0.0417647740590851,-0.0034174878894468134,0.010374189001785123,0.01092259222525839,-1.8890227168587692
4.943046523261631,0.0028686789830216775,0.3918427547595168,0.3889740757764951,-0.04176718992790582,-0.0034702284292413895,0.010535951347515456,0.011092734385548402,-1.8889758328763637
4.9455227613806905,0.002958347669135275,0.3918427547595168,0.3888844070903815,-0.04176971298189656,-0.0035233071826967846,0.01069746181071202,0.011262743124802448,-1.8889658833761178
4.94799899949975,0.0030493480692133645,0.3918427547595168,0.38879340669030343,-0.04177234283956966,-0.003576719004799214,0.010858713634361044,0.011432610403243447,-1.8889909777734424
4.95047523761881,0.0031416742823665578,0.3918427547595168,0.38870108047715024,-0.04177507908382028,-0.0036304588067808015,0.011019700139278383,0.011602328314064565,-1.8890493413356417
4.952951475737869,0.0032353202409712845,0.3918427547595168,0.3886074345185455,-0.04177792126205813,-0.0036845215571790265,0.011180414723901801,0.0117718890796574,-1.8891393069239624
4.9554277138569285,0.0033302797124571404,0.3918427547595168,0.38851247504705966,-0.041780868886353684,-0.0037389022828584386,0.011340850864041612,0.011941285048151116,-1.8892593074308979
4.957903951975989,0.0034265463011139974,0.3918427547595168,0.3884162084584028,-0.04178392143359861,-0.0037935960699938785,0.011501002112589446,0.012110508690226843,-1.8894078688455065
4.960380190095048,0.0035241134499185978,0.3918427547595168,0.3883186413095982,-0.041787078345680434,-0.0038485980650154513,0.011660862099186566,0.01227955259617737,-1.8895836038868505
4.962856428214107,0.00362297444237758,0.3918427547595168,0.3882197803171392,-0.041790339029671025,-0.0039039034755149332,0.011820424529852587,0.01244840947318485,-1.889785206152051
4.9653326663331665,0.003723122404387491,0.3918427547595168,0.3881196323551293,-0.04179370285802895,-0.003959507571113565,0.01197968318657462,0.01261707214279146,-1.8900114447311636
4.967808904452227,0.0038245503061088426,0.3918427547595168,0.38801820445340796,-0.041797169168815256,-0.00401540568429073,0.012138631926858323,0.012785533538541852,-1.8902611592460032
4.970285142571286,0.003927250963853657,0.3918427547595168,0.38791550379566314,-0.04180073726592267,-0.0040715932111742344,0.012297264683241212,0.012953786703777847,-1.8905332552745857
4.972761380690345,0.004031217041986113,0.3918427547595168,0.3878115377175307,-0.04180440641931792,-0.0041280656122913775,0.012455575462769786,0.013121824789568536,-1.8908267001266248
4.975237618809405,0.004136441054832907,0.3918427547595168,0.3877063137046839,-0.04180817586529692,-0.004184818413281159,0.012613558346440254,0.013289641052759461,-1.8911405189391206
4.977713856928465,0.004242915368603883,0.3918427547595168,0.3875998393909129,-0.04181204480675264,-0.004241847205567443,0.012771207488604351,0.013457228854127591,-1.8914737910640833
4.980190095047524,0.004350632203321547,0.3918427547595168,0.38749212255619525,-0.041816012413455554,-0.004299147646993507,0.012928517116341605,0.013624581656630328,-1.8918256467232208
4.982666333166583,0.0044595836347574025,0.3918427547595168,0.3873831711247594,-0.04182007782234627,-0.004356715462417272,0.013085481528797653,0.013791693023736075,-1.8921952639068318
4.985142571285643,0.004569761596374788,0.3918427547595168,0.387272993163142,-0.041824240137840155,-0.004414546444268185,0.013242095096491172,0.013958556617828235,-1.8925818654963673
4.987618809404703,0.004681157881276543,0.3918427547595168,0.38716159687824026,-0.041828498432143826,-0.004472636453064898,0.013398352260588272,0.01412516619867164,-1.8929847165920353
4.990095047523762,0.004793764144156665,0.3918427547595168,0.38704899061536013,-0.04183285174558315,-0.004530981417894866,0.013554247532148,0.01429151562193628,-1.8934031220285963
4.992571285642821,0.004907571903255192,0.3918427547595168,0.3869351828562616,-0.041837299086942614,-0.004589577336854958,0.013709775491337263,0.01445759883776848,-1.8938364240640342
4.995047523761881,0.0050225725423146406,0.3918427547595168,0.38682018221720216,-0.04184183943381578,-0.00464842027745422,0.013864930786617786,0.014623409889405045,-1.894284000227235
4.997523761880941,0.0051387573125367125,0.3918427547595168,0.3867039974469801,-0.04184647173296651,-0.004707506376978057,0.014019708133905424,0.014788942911823784,-1.894745261311992
5.0,0.005256117334539845,0.3918427547595168,0.38658663742497695,-0.04185119490070097,-0.004766831842814822,0.014174102315703286,0.014954192130426123,-1.8952196495058697
