k,delta_chi2,chi2_null,chi2_cos,C,a,b,A,phi
0.05,0.0006473667153120213,0.05495932002694312,0.0543119533116311,2.1490719052449094,-2.1590355695479957,-0.07278303236664385,2.160262011973067,3.1078945147712824
0.052476238119059535,0.000647264513948767,0.05495932002694312,0.05431205551299435,1.9500987771334621,-1.960061886982885,-0.069354753770142,1.961288526115784,3.106223448498408
0.054952476238119066,0.0006471573753872237,0.05495932002694312,0.0543121626515559,1.7774128446831128,-1.7873753731155375,-0.06623572866763539,1.7886022185416297,3.10455206604862
0.05742871435717859,0.000647045300381531,0.05495932002694312,0.05431227472656159,1.6265795408996837,-1.63654146093063,-0.06338595360472254,1.6377685222458453,3.1028803522743007
0.05990495247623812,0.0006469282888943786,0.05495932002694312,0.05431239173804874,1.4940614582232001,-1.5040227428410162,-0.06077203954676236,1.505250029654106,3.1012082919806185
0.062381190595297654,0.0006468063414950681,0.05495932002694312,0.05431251368544805,1.377009037308767,-1.386969659477586,-0.05836589894245492,1.388197181408582,3.0995358699567235
0.06485742871435718,0.0006466794585119687,0.05495932002694312,0.05431264056843115,1.273106092459443,-1.2830660251159998,-0.056143733794755235,1.2842937917981958,3.097863070943568
0.06733366683341671,0.0006465476403430259,0.05495932002694312,0.054312772386600094,1.180454343522797,-1.1904135595759726,-0.05408524683698346,1.1916415806557588,3.0961898796515195
0.06980990495247624,0.0006464108873307298,0.05495932002694312,0.05431290913961239,1.0974860941053066,-1.107444566434424,-0.05217302069291918,1.108672851572254,3.094516280748242
0.07228614307153577,0.000646269199925234,0.05495932002694312,0.054313050827017886,1.022897477675599,-1.032855179130081,-0.05039202457857783,1.0340837380004386,3.0928422588673605
0.0747623811905953,0.0006461225785584501,0.05495932002694312,0.05431319744838467,0.9555969170389744,-0.9655538204367531,-0.04872921909690575,0.9667826627292216,3.09116779859548
0.07723861930965484,0.0006459710236692492,0.05495932002694312,0.05431334900327387,0.894664958697831,-0.9046210368243237,-0.047173237000972534,0.9058501722438785,3.089492884478813
0.07971485742871437,0.0006458145357474965,0.05495932002694312,0.054313505491195624,0.8393227018279958,-0.8492779274351392,-0.045714123485421254,0.8505073657027115,3.0878175010188436
0.0821910955477739,0.0006456531152606027,0.05495932002694312,0.05431366691168252,0.788906782193294,-0.7988611279982365,-0.044343123416549446,0.8000908788512403,3.08614163267121
0.08466733366683342,0.0006454867626752223,0.05495932002694312,0.0543138332642679,0.7428494006278754,-0.7528028393117268,-0.04305250590248022,0.7540329125046735,3.084465263843115
0.08714357178589295,0.0006453154785431708,0.05495932002694312,0.05431400454839995,0.7006622660404105,-0.7106147702475027,-0.041835418766698496,0.7118451755524484,3.0827883788938863
0.08961980990495248,0.0006451392634223355,0.05495932002694312,0.054314180763520785,0.6619236001517095,-0.6718751424883465,-0.04068576715628325,0.673105889695545,3.0811109621307926
0.09209604802401201,0.000644958117802151,0.05495932002694312,0.05431436190914097,0.6262675543075602,-0.6362181073405395,-0.03959811172374117,0.6374492062588706,3.0794329978105
0.09457228614307155,0.0006447720422755737,0.05495932002694312,0.05431454798466755,0.5933755400996006,-0.6033250763555031,-0.03856758281196804,0.6045565368130029,3.077754470136256
0.09704852426213106,0.0006445810374582847,0.05495932002694312,0.054314738989484836,0.562969088226879,-0.5729175801908184,-0.03758980778058252,0.574149412035477,3.076075363252527
0.0995247623811906,0.0006443851039207929,0.05495932002694312,0.05431493492302233,0.5348039350830902,-0.5447513551974623,-0.0366608491624838,0.5459835682974225,3.074395661251924
0.10200100050025013,0.0006441842423194968,0.05495932002694312,0.054315135784623624,0.508665102028516,-0.5186114226920324,-0.03577715185443964,0.5198440269364163,3.07271534816471
0.10447723861930966,0.000643978453265838,0.05495932002694312,0.05431534157367728,0.48436278097503305,-0.49430797454131437,-0.0349354977971732,0.49554097984069184,3.071034407962347
0.10695347673836919,0.0006437677374342976,0.05495932002694312,0.05431555228950882,0.4617288789773397,-0.4716729177540202,-0.03413296695887169,0.472906334040903,3.069352824555726
0.10942971485742872,0.0006435520955074894,0.05495932002694312,0.05431576793143563,0.4406141038669915,-0.45055696011444013,-0.03336690361920702,0.45179079734396826,3.0676705817905074
0.11190595297648825,0.0006433315281896418,0.05495932002694312,0.05431598849875348,0.42088549615139925,-0.4308271420816112,-0.03263488712262763,0.43206141023205885,3.065987663448424
0.11438219109554779,0.0006431060361726734,0.05495932002694312,0.05431621399077045,0.40242433083044205,-0.41236473860577405,-0.03193470643338969,0.41359944767902573,3.0643040532462633
0.11685842921460732,0.0006428756202290706,0.05495932002694312,0.05431644440671405,0.3851243271207636,-0.3950634688529675,-0.03126433793115169,0.3962986288752623,3.0626197348297883
0.11933466733366684,0.0006426402810974716,0.05495932002694312,0.05431667974584565,0.36889011539197014,-0.3788279631408358,-0.03062192596088309,0.38006358416321373,3.060934691777142
0.12181090545272637,0.0006424000195716581,0.05495932002694312,0.05431692000737146,0.3536359200671768,-0.36357244583950177,-0.030005765763579717,0.3648085379384318,3.059248907594189
0.1242871435717859,0.0006421548364373905,0.05495932002694312,0.05431716519050573,0.33928442431176364,-0.34921960006006714,-0.029414288442595193,0.3504561733379759,3.0575623657146407
0.12676338169084544,0.0006419047325236793,0.05495932002694312,0.05431741529441944,0.32576578845196025,-0.3356995860733676,-0.028846047695974875,0.3369366506593024,3.055875049495999
0.12923961980990495,0.0006416497086739748,0.05495932002694312,0.054317670318269146,0.3130167987241208,-0.3229491900591981,-0.02829970806907589,0.324186756109325,3.054186942220999
0.1317158579289645,0.0006413897657434539,0.05495932002694312,0.054317930261199666,0.3009801270132968,-0.31091108384478616,-0.027774034537261016,0.31214916154302996,3.052498027093308
0.134192096048024,0.0006411249046228765,0.05495932002694312,0.054318195122320244,0.28960368529056524,-0.2995331793422764,-0.027267883238578428,0.3007717789008887,3.0508082872372877
0.13666833416708357,0.0006408551262196138,0.05495932002694312,0.054318464900723507,0.27884006118677007,-0.288768064122344,-0.026780193215799386,0.2900071957825215,3.049117705695335
0.13914457228614308,0.0006405804314652055,0.05495932002694312,0.054318739595477915,0.2686460232310566,-0.2785725066528002,-0.026309979038453335,0.279812180685238,3.047426265427556
0.1416208104052026,0.0006403008213027167,0.05495932002694312,0.054319019205640404,0.25898208612364115,-0.26890702157124835,-0.025856324201178893,0.27014724827678016,3.0457339493083735
0.14409704852426214,0.0006400162967129322,0.05495932002694312,0.05431930373023019,0.24981212783111317,-0.25973548678054215,-0.025418375200518817,0.2609762764907177,3.0440407401261034
0.14657328664332167,0.0006397268586951915,0.05495932002694312,0.05431959316824793,0.24110305158651357,-0.2510248054487434,-0.02499533621370631,0.25226616852645084,3.0423466205803824
0.1490495247623812,0.0006394325082681035,0.05495932002694312,0.05431988751867502,0.23282448685928614,-0.24274460697908395,-0.02458646430692557,0.2439865538191514,3.040651573280921
0.15152576288144073,0.0006391332464771304,0.05495932002694312,0.05432018678046599,0.2249485242517224,-0.2348669819064355,-0.024191065113849497,0.23610952293624332,3.0389555807455726
0.15400200100050027,0.0006388290743940261,0.05495932002694312,0.054320490952549094,0.21744947999147612,-0.22736624638980985,-0.023808488931186478,0.22860939206991943,3.0372586253982865
0.1564782391195598,0.0006385199931106186,0.05495932002694312,0.0543208000338325,0.21030368629920915,-0.22021873257998337,-0.02343812718436533,0.22146249340474045,3.035560689567974
0.15895447723861933,0.0006382060037490381,0.05495932002694312,0.05432111402319408,0.20348930444086832,-0.21340260167179537,-0.023079409224447733,0.21464698816997288,3.033861755485876
0.16143071535767883,0.0006378871074515305,0.05495932002694312,0.05432143291949159,0.19698615769240035,-0.20689767686882732,-0.022731799418947762,0.20814269960424017,3.032161805284511
0.1639069534767384,0.0006375633053874175,0.05495932002694312,0.0543217567215557,0.19077558183775167,-0.20068529388141343,-0.022394794507073268,0.2019309634535608,3.0304608209952733
0.1663831915957979,0.0006372345987552888,0.05495932002694312,0.05432208542818783,0.18484029112135758,-0.19474816687914753,-0.022067921190572548,0.19599449392383864,3.028758784547117
0.16885942971485746,0.0006369009887758487,0.05495932002694312,0.05432241903816727,0.17916425786195234,-0.1890702681046328,-0.021750733937164757,0.19031726329464455,3.027055677763987
0.17133566783391696,0.00063656247669934,0.05495932002694312,0.05432275755024378,0.17373260415198644,-0.18363671957295225,-0.021442812973621717,0.18488439361865247,3.0253514823639533
0.17381190595297652,0.0006362190638029425,0.05495932002694312,0.05432310096314018,0.1685315042844895,-0.1784336954984891,-0.021143762451311332,0.17968205914849988,3.023646179956409
0.17628814407203602,0.0006358707513891629,0.05495932002694312,0.05432344927555396,0.16354809670276182,-0.17344833424460937,-0.020853208765802655,0.17469739828646527,3.021939752040419
0.17876438219109558,0.000635517540790817,0.05495932002694312,0.0543238024861523,0.15877040442727974,-0.1686686587505939,-0.020570799016012664,0.16991843401138523,3.0202321800033163
0.1812406203101551,0.0006351594333693228,0.05495932002694312,0.0543241605935738,0.15418726304288022,-0.1640835045187945,-0.020296199590160047,0.16533400186583783,3.0185234451181984
0.18371685842921465,0.0006347964305132431,0.05495932002694312,0.05432452359642988,0.1497882554324761,-0.15968245434833506,-0.020029094865783748,0.1609336846898457,3.0168135285420408
0.18619309654827415,0.0006344285336415539,0.05495932002694312,0.054324891493301566,0.14556365254510872,-0.15545577910318187,-0.019769186013335105,0.15670775338893453,3.015102411314217
0.18866933466733365,0.0006340557442022499,0.05495932002694312,0.05432526428274087,0.14150435957133922,-0.1513943838875118,-0.01951618989431747,0.1526471131095192,3.0133900743541604
0.19114557278639321,0.0006336780636756953,0.05495932002694312,0.054325641963267425,0.13760186696736554,-0.14748975906983297,-0.019269838045015586,0.1487432542630371,3.0116764984591735
0.19362181090545272,0.0006332954935698507,0.05495932002694312,0.05432602453337327,0.13384820583387658,-0.14373393566181747,-0.019029875737915036,0.1449882079047671,3.0099616643029456
0.19609804902451228,0.0006329080354249075,0.05495932002694312,0.05432641199151821,0.13023590721522282,-0.1401194446174827,-0.0187960611145066,0.1413745050330224,3.0082455524333778
0.19857428714357178,0.0006325156908138715,0.05495932002694312,0.05432680433612925,0.12675796492926583,-0.13663927966302758,-0.018568164383036212,0.1378951394190039,3.006528143270197
0.20105052526263134,0.0006321184613403627,0.05495932002694312,0.05432720156560276,0.12340780158038989,-0.1332868633098352,-0.01834596707520908,0.1345435336197892,3.004809417103458
0.20352676338169085,0.000631716348640031,0.05495932002694312,0.05432760367830309,0.1201792374508619,-0.13005601574582304,-0.01812926135749615,0.13131350786970156,3.003089354091102
0.2060030015007504,0.0006313093543846016,0.05495932002694312,0.05432801067255852,0.11706646199304593,-0.12694092632766996,-0.017917849391939855,0.12819925157253909,3.0013679342569644
0.2084792396198099,0.0006308974802747558,0.05495932002694312,0.054328422546668365,0.11406400767746305,-0.12393612742883509,-0.01771154274246589,0.12519529714959202,2.999645137488889
0.21095547773886947,0.0006304807280493041,0.05495932002694312,0.054328839298893816,0.111166725977764,-0.12103647042456078,-0.01751016182319809,0.12229649602466197,2.9979209435363092
0.21343171585792897,0.0006300590994790106,0.05495932002694312,0.05432926092746411,0.10836976529392306,-0.11823710361502915,-0.017313535385011125,0.11949799654721903,2.996195332008265
0.21590795397698853,0.0006296325963721719,0.05495932002694312,0.05432968743057095,0.1056685506376942,-0.11553345191083508,-0.01712150003745938,0.11679522367787976,2.9944682823712676
0.21838419209604804,0.0006292012205697597,0.05495932002694312,0.05433011880637336,0.1030587649213377,-0.11292119812168178,-0.01693389980322868,0.11418386027710702,2.992739773947211
0.2208604302151076,0.0006287649739512222,0.05495932002694312,0.0543305550529919,0.10053633170671272,-0.11039626570548666,-0.016750585702627996,0.11165982985432808,2.9910097859109652
0.2233366683341671,0.0006283238584313885,0.05495932002694312,0.05433099616851173,0.09809739928538175,-0.10795480284846448,-0.01657141536561091,0.10921928064801764,2.989278297288389
0.22581290645322666,0.0006278778759639947,0.05495932002694312,0.054331442150979126,0.09573832597427057,-0.10559316776079175,-0.01639625266941125,0.10685857092137198,2.987545286953972
0.22828914457228616,0.0006274270285382966,0.05495932002694312,0.054331892998404824,0.09345566652154158,-0.10330791508245518,-0.01622496739970658,0.10457425536816081,2.985810733628708
0.23076538269134567,0.0006269713181840386,0.05495932002694312,0.05433234870875908,0.09124615952820303,-0.10109578330487157,-0.016057434933654635,0.10236307253435734,2.9840746158776925
0.23324162081040523,0.0006265107469692818,0.05495932002694312,0.05433280927997384,0.08910671579921337,-0.09895368312197439,-0.015893535943037662,0.10022193316922574,2.9823369121080328
0.23571785892946473,0.0006260453170013752,0.05495932002694312,0.054333274709941745,0.08703440754701619,-0.096878686633739,-0.015733156116215175,0.09814790942885843,2.980597600566355
0.2381940970485243,0.0006255750304281701,0.05495932002694312,0.05433374499651495,0.08502645837628453,-0.09486801733092465,-0.015576185897329453,0.09613822486091983,2.9788566593366625
0.2406703351675838,0.0006250998894385615,0.05495932002694312,0.05433422013750456,0.08308023398657083,-0.09291904079771296,-0.015422520241699322,0.09419024510729693,2.9771140663377964
0.24314657328664335,0.0006246198962628208,0.05495932002694312,0.0543347001306803,0.0811932335340333,-0.09102925607342671,-0.015272058386073928,0.09230146926582017,2.9753697993212396
0.24562281140570286,0.0006241350531733664,0.05495932002694312,0.054335184973769754,0.07936308159992489,-0.08919628762100906,-0.015124703632853898,0.09046952185875327,2.9736238358686014
0.24809904952476242,0.0006236453624852353,0.05495932002694312,0.054335674664457885,0.07758752071717456,-0.08741787785359811,-0.014980363147173992,0.08869214535937107,2.9718761533893567
0.2505752876438219,0.0006231508265570132,0.05495932002694312,0.05433616920038611,0.07586440441152131,-0.08569188017565121,-0.014838947766064092,0.08696719323309304,2.970126729118322
0.2530515257628815,0.0006226514477907646,0.05495932002694312,0.054336668579152356,0.07419169071695286,-0.08401625249837208,-0.014700371818803903,0.08529262345291823,2.9683755401132053
0.255527763881941,0.0006221472286345453,0.05495932002694312,0.054337172798308575,0.07256743612885108,-0.08238905119285533,-0.014564552957724075,0.08366649245257797,2.9666225632520877
0.25800400200100054,0.0006216381715811042,0.05495932002694312,0.054337681855362016,0.07098978996130345,-0.0808084254473811,-0.014431411998711674,0.08208694948383395,2.964867775231075
0.26048024012006005,0.0006211242791686819,0.05495932002694312,0.05433819574777444,0.06945698907831277,-0.07927261199861535,-0.01430087277087111,0.08055223134768928,2.96311115256167
0.2629564782391196,0.000620605553983633,0.05495932002694312,0.05433871447295949,0.0679673529706144,-0.077779930208425,-0.014172861974670048,0.07906065747121328,2.9613526715681404
0.2654327163581791,0.0006200819986590875,0.05495932002694312,0.05433923802828403,0.06651927915231859,-0.0763287774605046,-0.014047309047970247,0.07761062530417095,2.9595923083851488
0.2679089544772386,0.0006195536158767334,0.05495932002694312,0.05433976641106639,0.06511123885419767,-0.07491762485365694,-0.0139241460395505,0.07620060601231467,2.957830038955037
0.2703851925962982,0.0006190204083670325,0.05495932002694312,0.05434029961857609,0.06374177299173356,-0.07354501316982853,-0.01380330748955938,0.07482914044542793,2.956065839025195
0.2728614307153577,0.0006184823789103719,0.05495932002694312,0.05434083764803275,0.062409488388089684,-0.07220954909707356,-0.01368473031646944,0.07349483536029708,2.9542996841454325
0.27533766883441724,0.000617939530337383,0.05495932002694312,0.05434138049660574,0.06111305423376545,-0.07090990168919831,-0.013568353710121883,0.07219635988036202,2.9525315496653963
0.27781390695347674,0.0006173918655305172,0.05495932002694312,0.0543419281614126,0.059851198766288416,-0.06964479904544474,-0.013454119030535505,0.07093244217541222,2.95076141073171
0.2802901450725363,0.0006168393874236705,0.05495932002694312,0.05434248063951945,0.058622706154142,-0.06841302519440418,-0.01334196971202195,0.06970186634550536,2.94898924228539
0.2827663831915958,0.0006162820990042381,0.05495932002694312,0.05434303792793888,0.05742641357102607,-0.06721341716827278,-0.013231851172388231,0.06850346949523431,2.9472150190589894
0.28524262131065536,0.0006157200033126767,0.05495932002694312,0.054343600023630444,0.056261208446998445,-0.06604486225397799,-0.013123710726826499,0.06733613898485974,2.9454387155739252
0.28771885942971487,0.000615153103444073,0.05495932002694312,0.05434416692349905,0.05512602588463533,-0.0649062954093309,-0.013017497506291886,0.06619880984647417,2.9436603061375637
0.2901950975487744,0.0006145814025488236,0.05495932002694312,0.0543447386243943,0.054019846228732016,-0.06379669683271683,-0.012913162380018772,0.06509046235369904,2.9418797648404893
0.29267133566783393,0.0006140049038335441,0.05495932002694312,0.054345315123109576,0.05294169277945704,-0.06271508967623807,-0.01281065788200969,0.06401011973483943,2.9400970655535392
0.2951475737868935,0.0006134236105617141,0.05495932002694312,0.054345896416381406,0.051890629639125274,-0.061660537892476164,-0.012709938141189259,0.06295684601965339,2.9383121819249953
0.297623811905953,0.0006128375260547256,0.05495932002694312,0.054346482500888395,0.05086575968392992,-0.06063214420621321,-0.012610958815069129,0.06192974401108408,2.936525087377616
0.3001000500250125,0.0006122466536923124,0.05495932002694312,0.05434707337325081,0.04986622265230278,-0.0596290482027797,-0.0125136770266846,0.0609279533736166,2.934735755105716
0.30257628814407206,0.0006116509969142439,0.05495932002694312,0.054347669030028876,0.048891193342356365,-0.05865042452548841,-0.012418051304637079,0.05995064883072252,2.932944158072147
0.30505252626313156,0.0006110505592204704,0.05495932002694312,0.05434826946772265,0.04793987991131465,-0.05769548117505097,-0.012324041526048046,0.05899703846428579,2.9311502690053093
0.3075287643821911,0.0006104453441725249,0.05495932002694312,0.054348874682770595,0.047011522270413275,-0.056763457904468684,-0.012231608862273147,0.058066362109503875,2.9293540603961077
0.3100050025012506,0.0006098353553939881,0.05495932002694312,0.05434948467154913,0.04610539056917817,-0.05585362470329813,-0.01214071572721348,0.05715788983916292,2.9275555044949013
0.3124812406203102,0.0006092205965719591,0.05495932002694312,0.05435009943037116,0.045220783763491035,-0.054965280365705915,-0.012051325728101192,0.05627092053170492,2.9257545733083106
0.3149574787393697,0.000608601071457264,0.05495932002694312,0.054350718955485856,0.044357028262064446,-0.054097751136930716,-0.011963403618574675,0.05540478051769734,2.9239512385962136
0.31743371685842925,0.0006079767838663916,0.05495932002694312,0.05435134324307673,0.04351347664663119,-0.053250389433463496,-0.011876915253986042,0.05455882230002666,2.922145471868456
0.31990995497748875,0.000607347737681542,0.05495932002694312,0.05435197228926158,0.04268950646115177,-0.05242257263223915,-0.01179182754876179,0.05373242334310008,2.9203372443816824
0.3223861930965483,0.0006067139368522018,0.05495932002694312,0.05435260609009092,0.041884519065875314,-0.05161370192468828,-0.011708108435731501,0.0529249849269078,2.9185265271361267
0.3248624312156078,0.0006060753853957268,0.05495932002694312,0.054353244641547394,0.04109793855231747,-0.05082320123170081,-0.011625726827319216,0.052135931061997966,2.916713290872325
0.3273386693346673,0.0006054320873988342,0.05495932002694312,0.054353887939544286,0.04032921071548834,-0.05005051617584344,-0.011544652578500403,0.05136470746170606,2.9148975060677933
0.3298149074537269,0.0006047840470180949,0.05495932002694312,0.054354535979925026,0.03957780207991901,-0.049295113107371,-0.011464856451423144,0.050610780568177756,2.9130791429336798
0.3322911455727864,0.0006041312684814323,0.05495932002694312,0.05435518875846169,0.038843198976287185,-0.04855647818084208,-0.011386310081605733,0.049873636628995376,2.911258171411428
0.33476738369184594,0.0006034737560888931,0.05495932002694312,0.05435584627085423,0.038124906665712666,-0.047834116479399835,-0.0113089859456465,0.04915278082147155,2.90943456116932
0.33724362181090545,0.0006028115142138052,0.05495932002694312,0.054356508512729315,0.03742244850886667,-0.04712755118386891,-0.011232857330346457,0.04844773642175764,2.9076082815990487
0.339719859929965,0.0006021445473038678,0.05495932002694312,0.05435717547963925,0.03673536517732834,-0.04643632278409904,-0.011157898303184643,0.04775804401619947,2.9057793018122373
0.3421960980490245,0.0006014728598822544,0.05495932002694312,0.054357847167060866,0.036063213904767744,-0.04575998833013417,-0.011084083684083923,0.047083260752520006,2.9039475906368577
0.34467233616808407,0.0006007964565485843,0.05495932002694312,0.054358523570394536,0.03540556777559234,-0.04509812072084607,-0.01101138901837223,0.04642295962846331,2.9021131166137737
0.3471485742871436,0.0006001153419801994,0.05495932002694312,0.05435920468496292,0.03476201504906262,-0.044450308028035845,-0.010939790550929529,0.0457767288159112,2.900275847993028
0.34962481240620313,0.0005994295209334338,0.05495932002694312,0.054359890506009687,0.034132158516730904,-0.04381615285386076,-0.010869265201408962,0.0451441710183214,2.8984357527302813
0.35210105052526264,0.0005987389982443705,0.05495932002694312,0.05436058102869875,0.03351561489144006,-0.0431952717198163,-0.01079979054051794,0.04452490285972359,2.8965927984830806
0.3545772886443222,0.0005980437788304094,0.05495932002694312,0.05436127624811271,0.032912014226073705,-0.04258729448547505,-0.010731344767287376,0.04391855430347132,2.8947469526071674
0.3570535267633817,0.0005973438676911899,0.05495932002694312,0.05436197615925193,0.03232099936041766,-0.04199186379533282,-0.010663906687284591,0.043324768099101185,2.892898182152732
0.35952976488244126,0.0005966392699098613,0.05495932002694312,0.05436268075703326,0.03174222539462401,-0.04140863455225785,-0.010597455691736674,0.042743199255797,2.8910464538605516
0.36200600300150076,0.0005959299906545326,0.05495932002694312,0.05436339003628859,0.031175359187765705,-0.04083727341603338,-0.010531971737496926,0.04217351454094502,2.889191734158209
0.3644822411205603,0.0005952160351790428,0.05495932002694312,0.05436410399176408,0.030620078880181145,-0.040277458325684634,-0.010467435327837088,0.04161539200247565,2.887333989156177
0.36695847923961983,0.0005944974088246263,0.05495932002694312,0.054364822618118494,0.030076073438296103,-0.039728878044288596,-0.01040382749401389,0.04106852051368731,2.885473184643905
0.36943471735867933,0.0005937741170210231,0.05495932002694312,0.0543655459099221,0.029543042220735116,-0.03919123172506944,-0.010341129777579339,0.0405325993393568,2.883609286085819
0.3719109554777389,0.0005930461652876931,0.05495932002694312,0.05436627386165543,0.029020694564583283,-0.03866422849764517,-0.010279324213394198,0.04000733772200031,2.8817422586173342
0.3743871935967984,0.0005923135592351553,0.05495932002694312,0.054367006467707965,0.02850874939074105,-0.03814758707336752,-0.010218393313317808,0.039492454487228504,2.879872067040773
0.37686343171585795,0.0005915763045665212,0.05495932002694312,0.0543677437223766,0.02800693482736688,-0.03764103536875074,-0.010158320050537795,0.038987677667189954,2.8779986758212988
0.37933966983491746,0.0005908344070784666,0.05495932002694312,0.054368485619864654,0.027514987850484895,-0.03714431014606151,-0.010099087844520183,0.03849274414117735,2.8761220490827073
0.381815907953977,0.0005900878726627784,0.05495932002694312,0.05436923215428034,0.027032653940836426,-0.036657156670156066,-0.01004068054653734,0.03800739929247963,2.8742421506032634
0.3842921460730365,0.0005893367073078262,0.05495932002694312,0.054369983319635294,0.026559686756170542,-0.03617932838075588,-0.009983082425759376,0.037531396680673554,2.872358943811462
0.3867683841920961,0.0005885809170996653,0.05495932002694312,0.054370739109843455,0.02609584781817048,-0.035710586579356496,-0.009926278155878598,0.03706449772854866,2.8704723917817248
0.3892446223111556,0.0005878205082237298,0.05495932002694312,0.05437149951871939,0.025640906213283632,-0.03525070013004289,-0.00987025280224721,0.036606471422939345,2.868582457230043
0.39172086043021515,0.0005870554869660469,0.05495932002694312,0.054372264539977073,0.02519463830673463,-0.03479944517348571,-0.00981499180949627,0.03615709402873683,2.866689102509634
0.39419709854927465,0.0005862858597148884,0.05495932002694312,0.05437303416722823,0.024756827469090303,-0.03435660485349079,-0.009760480989629255,0.03571614881545631,2.8647922896064575
0.3966733366683342,0.0005855116329619367,0.05495932002694312,0.054373808393981184,0.024327263814722833,-0.0339219690554442,-0.009706706510554525,0.0352834257956984,2.8628919801347577
0.3991495747873937,0.0005847328133040675,0.05495932002694312,0.05437458721363905,0.023905743951603164,-0.033495334156090906,-0.009653654885049184,0.03485872147494547,2.860988135332511
0.4016258129064533,0.0005839494074446477,0.05495932002694312,0.05437537061949847,0.023492070741858162,-0.033076502784073814,-0.009601312960129449,0.03444183861211814,2.859080716056834
0.4041020510255128,0.0005831614221952011,0.05495932002694312,0.05437615860474792,0.023086053072563117,-0.03266528359071036,-0.009549667906810638,0.03403258599036959,2.857169682779353
0.40657828914457234,0.0005823688644767261,0.05495932002694312,0.054376951162466394,0.02268750563628147,-0.03226149103051401,-0.009498707210242652,0.033630778197625034,2.8552549955815096
0.40905452726363184,0.0005815717413215418,0.05495932002694312,0.05437774828562158,0.022296248720871492,-0.031864945150985036,-0.009448418660203017,0.03323623541639091,2.853336614149808
0.41153076538269134,0.0005807700598746343,0.05495932002694312,0.054378549967068486,0.021912108008125986,-0.03147547139123169,-0.009398790341934249,0.03284878322239473,2.8514144977710094
0.4140070035017509,0.0005799638273953772,0.05495932002694312,0.05437935619954774,0.02153491438080879,-0.031092900388989986,-0.009349810627307026,0.032468252391623376,2.849488605327296
0.4164832416208104,0.0005791530512590792,0.05495932002694312,0.05438016697568404,0.021164503737709728,-0.030717067795660136,-0.009301468166303256,0.032094478715379286,2.847558895291326
0.41895947973986997,0.0005783377389586425,0.05495932002694312,0.05438098228798448,0.020800716816314957,-0.030347814098959702,-0.009253751878794708,0.03172730282295225,2.845625325721308
0.42143571785892947,0.000577517898106325,0.05495932002694312,0.054381802128836795,0.020443399022760433,-0.029984984452859076,-0.009206650946616435,0.03136657001157497,2.8436878542559594
0.42391195597798903,0.0005766935364352466,0.05495932002694312,0.054382626490507874,0.020092400268715505,-0.029628428514446303,-0.009160154805916504,0.031012130083307884,2.8417464381094173
0.42638819409704853,0.0005758646618012273,0.05495932002694312,0.05438345536514189,0.0197475748148771,-0.02927800028740324,-0.0091142531397716,0.030663837188535627,2.839801034066106
0.4288644322161081,0.0005750312821844253,0.05495932002694312,0.054384288744758695,0.019408781120768936,-0.028933557971786372,-0.009068935871056935,0.03032154967576799,2.8378515984755617
0.4313406703351676,0.000574193405691141,0.05495932002694312,0.05438512662125198,0.019075881700567038,-0.02859496381983337,-0.009024193155565477,0.029985129947467864,2.835898087247143
0.43381690845422716,0.0005733510405555517,0.05495932002694312,0.05438596898638757,0.01874874298466117,-0.028262083997506043,-0.008980015375358447,0.029654444321614952,2.833940455844747
0.43629314657328666,0.000572504195141578,0.05495932002694312,0.05438681583180154,0.018427235186708107,-0.027934788451524167,-0.008936393132346163,0.02932936289876157,2.831978659281388
0.4387693846923462,0.0005716528779445493,0.05495932002694312,0.05438766714899857,0.01811123217591329,-0.02761295078162851,-0.008893317242080256,0.029009759434316593,2.830012652113829
0.4412456228114057,0.0005707970975932369,0.05495932002694312,0.05438852292934988,0.01780061135432784,-0.027296448117858085,-0.008850778727762673,0.02869551121584584,2.8280423884370047
0.4437218609304653,0.0005699368628514917,0.05495932002694312,0.05438938316409163,0.017495253538914235,-0.026985161002596264,-0.008808768814447546,0.028386498945139848,2.826067821878514
0.4461980990495248,0.0005690721826203463,0.05495932002694312,0.054390247844322774,0.017195042848187736,-0.02667897327719304,-0.008767278923440883,0.028082606624859292,2.8240889055929617
0.4486743371685843,0.0005682030659397708,0.05495932002694312,0.05439111696100335,0.016899866593221957,-0.02637777197295038,-0.00872630066688286,0.027783721449543202,2.822105592256286
0.45115057528764385,0.0005673295219906643,0.05495932002694312,0.054391990504952456,0.016609615172833575,-0.026081447206286856,-0.008685825842510153,0.027489733700797207,2.820117834059986
0.45362681340670336,0.0005664515600968395,0.05495932002694312,0.05439286846684628,0.01632418197275806,-0.0257898920778937,-0.008645846428588067,0.027200536646473233,2.8181255827053127
0.4561030515257629,0.0005655691897269235,0.05495932002694312,0.0543937508372162,0.016043463268648944,-0.02550300257571314,-0.008606354579008338,0.026916026443671973,2.8161287893973697
0.4585792896448224,0.000564682420496461,0.05495932002694312,0.05439463760644666,0.015767358132735165,-0.02522067748157575,-0.008567342618546317,0.026636102045404883,2.814127404839155
0.461055527763882,0.0005637912621698216,0.05495932002694312,0.0543955287647733,0.015495768343972843,-0.02494281828133102,-0.008528803038268043,0.02636066511074922,2.8121213792255495
0.4635317658829415,0.0005628957246624142,0.05495932002694312,0.054396424302280706,0.015228598301556429,-0.024669329078338242,-0.008490728491088478,0.02608961991836459,2.810110662237201
0.46600800400200104,0.0005619958180426571,0.05495932002694312,0.05439732420890046,0.014965754941631132,-0.02440011651015761,-0.008453111787467465,0.025822873283209355,2.8080952030343713
0.46848424212106055,0.0005610915525341084,0.05495932002694312,0.05439822847440901,0.014707147657081282,-0.024135089668317428,-0.008415945891242893,0.025560334476333654,2.806074950250712
0.4709604802401201,0.0005601829385176102,0.05495932002694312,0.05439913708842551,0.014452688220266158,-0.023874160021028545,-0.008379223915596909,0.025301915147620525,2.804049851986935
0.4734367183591796,0.0005592699865334949,0.05495932002694312,0.054400050040409625,0.014202290708573512,-0.023617241338716594,-0.008342939119146367,0.025047529251344666,2.8020198558044442
0.47591295647823917,0.0005583527072837019,0.05495932002694312,0.05440096731965942,0.01395587143267904,-0.023364249622259525,-0.008307084902155606,0.024797092974437066,2.799984908718889
0.4783891945972987,0.0005574311116340394,0.05495932002694312,0.05440188891530908,0.013713348867398667,-0.023115103033818196,-0.008271654802866818,0.024550524667343077,2.7979449571936326
0.48086543271635823,0.0005565052106163773,0.05495932002694312,0.05440281481632674,0.01347464358502884,-0.022869721830154233,-0.00823664249394429,0.024307744777368422,2.795899947133145
0.48334167083541774,0.0005555750154310479,0.05495932002694312,0.05440374501151207,0.013239678191067639,-0.0226280282983298,-0.0082020417790261,0.024068675784407082,2.7938498238763363
0.48581790895447724,0.0005546405374489832,0.05495932002694312,0.05440467948949414,0.013008377262227061,-0.02238994669369651,-0.008167846589381939,0.023833242138958967,2.7917945321898037
0.4882941470735368,0.0005537017882141573,0.05495932002694312,0.05440561823872896,0.01278066728663943,-0.022155403180080024,-0.008134050980672977,0.023601370202343912,2.7897340162609896
0.4907703851925963,0.0005527587794458971,0.05495932002694312,0.05440656124749722,0.012556476606168515,-0.021924325772068015,-0.008100649129807569,0.02337298818901892,2.787668219691293
0.49324662331165586,0.000551811523041304,0.05495932002694312,0.054407508503901816,0.012335735360746947,-0.02169664427932491,-0.008067635331894155,0.023148026110923352,2.78559708548906
0.49572286143071537,0.0005508600310776338,0.05495932002694312,0.05440845999586549,0.012118375434650372,-0.021472290252843015,-0.008035003997282006,0.022926415723760113,2.7835205560625433
0.4981990995497749,0.0005499043158147879,0.05495932002694312,0.05440941571112833,0.01190433040464163,-0.02125119693306332,-0.008002749648693394,0.022708090475147887,2.7814385732127267
0.5006753376688344,0.0005489443896977142,0.05495932002694312,0.054410375637245406,0.011693535489901014,-0.021033299199782265,-0.007970866918437125,0.022492985454558866,2.779351078126123
0.503151575787894,0.0005479802653590576,0.05495932002694312,0.05441133976158406,0.01148592750368134,-0.02081853352378367,-0.007939350545707186,0.022281037344982966,2.777258011367441
0.5056278139069535,0.0005470119556215264,0.05495932002694312,0.054412308071321594,0.011281444806612903,-0.020606837920119456,-0.007908195373957455,0.022072184376240502,2.7751593128722156
0.508104052026013,0.0005460394735006049,0.05495932002694312,0.054413280553442515,0.011080027261601622,-0.020398151902984107,-0.00787739634835588,0.02186636627988987,2.773054921939309
0.5105802901450726,0.00054506283220708,0.05495932002694312,0.05441425719473604,0.010881616190250451,-0.02019241644211206,-0.007846948513309665,0.02166352424565796,2.7709447772233635
0.5130565282641322,0.0005440820451497186,0.05495932002694312,0.0544152379817934,0.010686154330753747,-0.019989573920647624,-0.007816847010064083,0.02146360087934416,2.7688288167271415
0.5155327663831917,0.0005430971259379053,0.05495932002694312,0.054416222901005215,0.010493585797201208,-0.019789568094424656,-0.00778708707436844,0.021266540162134185,2.766706977793803
0.5180090045022512,0.000542108088384334,0.05495932002694312,0.054417211938558786,0.010303856040241713,-0.01959234405260564,-0.0077576640342094105,0.021072287411274027,2.7645791970990823
0.5204852426213107,0.000541114946507798,0.05495932002694312,0.05441820508043532,0.010116911809054094,-0.019397848179627877,-0.007728573307608913,0.02088078924205159,2.7624454106433727
0.5229614807403703,0.0005401177145358954,0.05495932002694312,0.054419202312407225,0.009932701114575462,-0.019206028118406757,-0.007699810400483634,0.02069199353103579,2.760305553743738
0.5254377188594298,0.0005391164069078608,0.05495932002694312,0.05442020362003526,0.009751173193939824,-0.019016832734749287,-0.007671370904565072,0.020505849380526513,2.7581595610258196
0.5279139569784893,0.0005381110382774099,0.05495932002694312,0.05442120898866571,0.0095722784760819,-0.01883021208293266,-0.007643250495377771,0.020322307084170235,2.756007366415658
0.5303901950975488,0.0005371016235155845,0.05495932002694312,0.054422218403427536,0.0093959685484626,-0.018646117372404306,-0.007615444930273614,0.020141318093697534,2.7538489031314297
0.5328664332166083,0.0005360881777136742,0.05495932002694312,0.054423231849229446,0.009222196124873905,-0.01846450093556115,-0.00758795004652052,0.01996283498674047,2.751684103675081
0.5353426713356679,0.0005350707161861507,0.05495932002694312,0.05442424931075697,0.009050915014285302,-0.018285316196570214,-0.007560761759444333,0.019786811435691925,2.7495128998238716
0.5378189094547274,0.0005340492544736661,0.05495932002694312,0.054425270772469454,0.008882080090690095,-0.018108517641189203,-0.007533876060620587,0.01961320217756531,2.7473352226218384
0.5402951475737869,0.0005330238083459948,0.05495932002694312,0.054426296218597126,0.008715647263919102,-0.017934060787553746,-0.00750728901611665,0.019441962984821738,2.7451510023711445
0.5427713856928464,0.0005319943938051908,0.05495932002694312,0.05442732563313793,0.008551573451383007,-0.017761902157893902,-0.007480996764781082,0.01927305063712699,2.7429601686233425
0.5452476238119061,0.0005309610270885917,0.05495932002694312,0.05442835899985453,0.008389816550711846,-0.017591999251146864,-0.007454995516579188,0.01910642289400524,2.740762650170543
0.5477238619309656,0.000529923724671949,0.05495932002694312,0.05442939630227117,0.00823033541325778,-0.017424310516433422,-0.007429281550972999,0.018942038468357097,2.7385583750364932
0.5502001000500251,0.0005288825032726541,0.05495932002694312,0.054430437523670466,0.008073089818432744,-0.017258795327368653,-0.007403851215345855,0.018779857000812875,2.7363472704675287
0.5526763381690847,0.0005278373798528677,0.05495932002694312,0.05443148264709025,0.007918040448846198,-0.017095413957173095,-0.007378700923466673,0.018619839034886326,2.7341292629234766
0.5551525762881442,0.0005267883716227606,0.05495932002694312,0.05443253165532036,0.007765148866220983,-0.016934127554560925,-0.007353827153997246,0.01846194599290678,2.7319042780683995
0.5576288144072037,0.0005257354960438443,0.05495932002694312,0.054433584530899276,0.007614377488053457,-0.01677489812037361,-0.007329226449036934,0.01830614015269676,2.7296722407613006
0.5601050525262632,0.0005246787708322667,0.05495932002694312,0.054434641256110854,0.007465689564996256,-0.016617688484934938,-0.007304895412706673,0.018152384624972064,2.7274330750466844
0.5625812906453228,0.0005236182139621223,0.05495932002694312,0.054435701812981,0.007319049158935852,-0.016462462286100932,-0.007280830709769495,0.018000643331437298,2.7251867041450293
0.5650575287643823,0.0005225538436689076,0.05495932002694312,0.05443676618327421,0.007174421121740951,-0.016309183947980893,-0.007257029064286512,0.017850880983553075,2.722933050443175
0.5675337668834418,0.0005214856784529279,0.05495932002694312,0.05443783434849019,0.007031771074659583,-0.016157818660306418,-0.007233487258308462,0.01770306306195222,2.7206720354845726
0.5700100050025013,0.000520413737082781,0.05495932002694312,0.05443890628986034,0.0068910653883403825,-0.016008332358424818,-0.007210202130599773,0.01755715579648072,2.7184035799594723
0.5724862431215608,0.0005193380385988822,0.05495932002694312,0.05443998198834424,0.006752271163458501,-0.015860691703896902,-0.007187170575396071,0.017413126146844028,2.7161276036949764
0.5749624812406204,0.0005182586023170441,0.05495932002694312,0.054441061424626076,0.006615356211923641,-0.01571486406567687,-0.007164389541192778,0.017270941783836067,2.713844025645004
0.5774387193596799,0.0005171754478320301,0.05495932002694312,0.05444214457911109,0.006480289038651804,-0.015570817501855412,-0.00714185602956445,0.017130571071132243,2.711552763880149
0.5799149574787394,0.0005160885950212454,0.05495932002694312,0.054443231431921875,0.0063470388238808725,-0.015428520741946929,-0.007119567094014366,0.016991983047627453,2.7092537355774184
0.582391195597799,0.000514998064048422,0.05495932002694312,0.0544443219628947,0.006215575406010435,-0.015287943169700773,-0.007097519838851717,0.01685514741029856,2.7069468570098985
0.5848674337168586,0.0005139038753673164,0.05495932002694312,0.054445416151575804,0.006085869264950486,-0.015149054806420745,-0.007075711418097895,0.016720034497576267,2.704632043536272
0.5873436718359181,0.0005128060497255477,0.05495932002694312,0.05444651397721757,0.005957891505959947,-0.01501182629477528,-0.007054139034419326,0.016586615273208243,2.70230920959027
0.5898199099549776,0.0005117046081683715,0.05495932002694312,0.05444761541877475,0.005831613843959409,-0.014876228883080538,-0.007032799938086715,0.01645486131059609,2.699978268669982
0.5922961480740371,0.0005105995720425804,0.05495932002694312,0.05444872045490054,0.005707008588302143,-0.014742234410042618,-0.007011691425959896,0.01632474477759221,2.69763913332708
0.5947723861930967,0.0005094909630003683,0.05495932002694312,0.05444982906394275,0.005584048627987802,-0.014609815289941652,-0.006990810840496981,0.01619623842173926,2.695291715155936
0.5972486243121562,0.0005083788030033551,0.05495932002694312,0.054450941223939765,0.005462707417304868,-0.014478944498245126,-0.0069701555687882895,0.016069315555939937,2.692935924782614
0.5997248624312157,0.0005072631143265491,0.05495932002694312,0.05445205691261657,0.005342958961887238,-0.014349595557634598,-0.006949723041613044,0.01594395004454084,2.6905716718537693
0.6022011005502752,0.000506143919562399,0.05495932002694312,0.05445317610738072,0.005224777805171034,-0.014221742524432965,-0.006929510732518688,0.015820116289817738,2.688198865025438
0.6046773386693347,0.000505021241624902,0.05495932002694312,0.05445429878531822,0.005108139015239238,-0.014095359975419414,-0.0069095161569224205,0.015697789218849498,2.6858174119517124
0.6071535767883943,0.0005038951037537875,0.05495932002694312,0.05445542492318933,0.004993018172041369,-0.013970422995019056,-0.006889736871234172,0.015576944270767642,2.683427219273303
0.6096298149074538,0.0005027655295186187,0.05495932002694312,0.0544565544974245,0.0048793913549754,-0.013846907162854846,-0.006870170471999563,0.015457557384368837,2.6810281926060173
0.6121060530265133,0.0005016325428231494,0.05495932002694312,0.05445768748411997,0.004767235130821189,-0.013724788541651087,-0.00685081459506405,0.015339604986080299,2.6786202365290914
0.6145822911455728,0.0005004961679095157,0.05495932002694312,0.054458823859033605,0.004656526542013241,-0.013604043665475747,-0.006831666914755605,0.015223063978264598,2.676203254573446
0.6170585292646324,0.0004993564293626698,0.05495932002694312,0.05445996359758045,0.004547243095242362,-0.013484649528312076,-0.006812725143086867,0.01510791172785488,2.6737771492098203
0.619534767383692,0.000498213352114682,0.05495932002694312,0.05446110667482844,0.00443936275037593,-0.013366583572948336,-0.006793987028975726,0.014994126055309216,2.6713418218367937
0.6220110055027515,0.0004970669614492718,0.05495932002694312,0.05446225306549385,0.004332863909686041,-0.013249823680175549,-0.006775450357483573,0.01488168522387384,2.6688971727687094
0.624487243621811,0.0004959172830062211,0.05495932002694312,0.0544634027439369,0.0042277254073760755,-0.013134348158283512,-0.006757112949070984,0.014770567929145726,2.6664431012234817
0.6269634817408706,0.0004947643427859888,0.05495932002694312,0.05446455568415713,0.004123926499396625,-0.013020135732846085,-0.006738972658870419,0.014660753288925453,2.6639795053103024
0.6294397198599301,0.0004936081671542414,0.05495932002694312,0.05446571185978888,0.0040214468535411,-0.012907165536786225,-0.0067210273759751755,0.014552220833350825,2.661506282017239
0.6319159579789896,0.0004924487828465787,0.05495932002694312,0.05446687124409654,0.003920266539812534,-0.012795417100711876,-0.006703275022744374,0.01444495049530245,2.659023327198716
0.6343921960980491,0.0004912862169731483,0.05495932002694312,0.05446803380996997,0.0038203660210531544,-0.012684870343514829,-0.00668571355412324,0.014338922601073249,2.6565305355629123
0.6368684342171087,0.0004901204970234746,0.05495932002694312,0.054469199529919646,0.003721726143828555,-0.01257550556322403,-0.006668340956978668,0.014234117861293609,2.6540278006590325
0.6393446723361682,0.0004889516508712471,0.05495932002694312,0.05447036837607187,0.00362432812955861,-0.012467303428105567,-0.006651155249449418,0.01413051736210431,2.6515150148644797
0.6418209104552277,0.0004877797067791498,0.05495932002694312,0.05447154032016397,0.003528153565887142,-0.01236024496800138,-0.006634154480310031,0.01402810255656912,2.64899206937194
0.6442971485742872,0.00048660469340382206,0.05495932002694312,0.0544727153335393,0.003433184398283752,-0.012254311565900067,-0.0066173367283491845,0.013926855256320833,2.646458854176343
0.6467733866933467,0.00048542663980081363,0.05495932002694312,0.05447389338714231,0.0033394029218701826,-0.012149484949732274,-0.006600700101761274,0.013826757623432991,2.643915258061728
0.6492496248124063,0.00048424557542960794,0.05495932002694312,0.05447507445151351,0.0032467917734641007,-0.012045747184383407,-0.006584242737550625,0.013727792162509925,2.641361168588021
0.6517258629314658,0.00048306153015871545,0.05495932002694312,0.054476258496784405,0.0031553339238348313,-0.011943080663918214,-0.006567962800949057,0.013629941712990108,2.6387964720777006
0.6542021010505253,0.00048187453427080834,0.05495932002694312,0.05447744549267231,0.0030650126701630732,-0.01184146810400958,-0.006551858484845243,0.01353318944165472,2.636221053602369
0.6566783391695848,0.0004806846184679317,0.05495932002694312,0.05447863540847519,0.0029758116286998197,-0.011740892534566248,-0.006535928009226272,0.013437518835336454,2.6336347969692344
0.6591545772886445,0.00047949181387672846,0.05495932002694312,0.05447982821306639,0.00288771472761774,-0.011641337292553053,-0.006520169620630881,0.013342913693822062,2.631037584707488
0.661630815407704,0.00047829615205380316,0.05495932002694312,0.05448102387488932,0.0028007062000493348,-0.01154278601499819,-0.006504581591613863,0.013249358122943153,2.6284292980546007
0.6641070535267635,0.0004770976649910372,0.05495932002694312,0.05448222236195208,0.002714770577306725,-0.011445222632181732,-0.006489162220221617,0.01315683652784956,2.6258098169425232
0.666583291645823,0.00047589638512104265,0.05495932002694312,0.05448342364182208,0.0026298926822771913,-0.011348631361000273,-0.006473909829478423,0.013065333606460122,2.6231790199837963
0.6690595297648826,0.000474692345322672,0.05495932002694312,0.05448462768162045,0.0025460576229893103,-0.011252996698501973,-0.006458822766882916,0.01297483434308513,2.620536784457581
0.6715357678839421,0.00047348557892653437,0.05495932002694312,0.054485834448016586,0.002463250786345173,-0.011158303415587899,-0.006443899403914936,0.012885324002216468,2.6178829862956032
0.6740120060030016,0.000472276119720616,0.05495932002694312,0.054487043907222504,0.002381457832013132,-0.011064536550873784,-0.006429138135552029,0.012796788122479459,2.615217500068018
0.6764882441220611,0.00047106400195595644,0.05495932002694312,0.054488256024987164,0.002300664686476765,-0.01097168140470813,-0.00641453737979562,0.01270921251074249,2.6125401989691923
0.6789644822411207,0.0004698492603523799,0.05495932002694312,0.05448947076659074,0.0022208575372354364,-0.010879723533342005,-0.006400095577206392,0.012622583236379655,2.609850954803419
0.6814407203601802,0.0004686319301042685,0.05495932002694312,0.05449068809683885,0.002142022827152045,-0.010788648743246114,-0.006385811190448832,0.01253688662568213,2.6071496379705583
0.6839169584792397,0.0004674120468864465,0.05495932002694312,0.054491907980056674,0.002064147248943545,-0.010698443085570603,-0.00637168270384441,0.012452109256413688,2.6044361174516037
0.6863931965982992,0.0004661896468600435,0.05495932002694312,0.05449313038008308,0.001987217739810457,-0.010609092850744031,-0.0063577086229334116,0.012368237952506815,2.601710260794194
0.6888694347173587,0.00046496476667853837,0.05495932002694312,0.05449435526026458,0.001911221476200986,-0.010520584563207196,-0.006343887474045138,0.012285259778895209,2.5989719340980555
0.6913456728364183,0.00046373744349376134,0.05495932002694312,0.05449558258344936,0.0018361458687061773,-0.0104329049762778,-0.006330217803876055,0.012203162036478556,2.5962210020003895
0.6938219109554778,0.0004625077149620002,0.05495932002694312,0.05449681231198112,0.0017619785570821053,-0.010346041067142608,-0.006316698179075779,0.012121932257216281,2.593457327661216
0.6962981490745374,0.000461275619250176,0.05495932002694312,0.054498044407692944,0.0016887074053958777,-0.010259980031973266,-0.006303327185840897,0.01204155819934659,2.5906807727486534
0.6987743871935969,0.00046004119504208796,0.05495932002694312,0.05449927883190103,0.0016163204972914416,-0.01017470928116229,-0.006290103429516005,0.01196202784272713,2.587891197424167
0.7012506253126565,0.00045880448154467235,0.05495932002694312,0.05450051554539845,0.0015448061313722474,-0.010090216434675952,-0.006277025534202126,0.011883329384294209,2.585088460327774
0.703726863431716,0.0004575655184944141,0.05495932002694312,0.054501754508448706,0.0014741528166971243,-0.01000648931752063,-0.006264092142371992,0.011805451233636986,2.5822724185632175
0.7062031015507755,0.00045632434616373757,0.05495932002694312,0.05450299568077938,0.0014043492683864529,-0.009923515955319545,-0.006251301914492253,0.011728382008683725,2.579442927683113
0.708679339669835,0.0004550810053675289,0.05495932002694312,0.05450423902157559,0.0013353844033354382,-0.00984128456999689,-0.006238653528652312,0.011652110531497065,2.5765998416740685
0.7111555777888946,0.0004538355374696518,0.05495932002694312,0.05450548448947347,0.0012672473360315246,-0.009759783575566217,-0.006226145680199593,0.0115766258241752,2.5737430129417955
0.7136318159079541,0.0004525879843896366,0.05495932002694312,0.054506732042553484,0.001199927374472923,-0.009679001574020275,-0.006213777081381054,0.011501917104856192,2.570872292296207
0.7161080540270136,0.000451338388609307,0.05495932002694312,0.05450798163833381,0.001133414016185632,-0.009598927351319474,-0.0062015464609907235,0.011427973783822556,2.5679875289365173
0.7185842921460731,0.0004500867931796007,0.05495932002694312,0.05450923323376352,0.0010676969443362098,-0.009519549873476413,-0.006189452564023376,0.011354785459703778,2.5650885704363393
0.7210605302651327,0.0004488332417273422,0.05495932002694312,0.05451048678521578,0.0010027660239374844,-0.009440858282733559,-0.006177494151333649,0.011282341915773528,2.5621752627288026
0.7235367683841922,0.0004475777784621743,0.05495932002694312,0.054511742248480946,0.0009386112981449382,-0.00936284189383196,-0.006165669999301082,0.011210633116339873,2.5592474500916835
0.7260130065032517,0.0004463204481835112,0.05495932002694312,0.05451299957875961,0.0008752229846408898,-0.00928549019036796,-0.006153978899500209,0.011139649203225091,2.556304975132573
0.7284892446223112,0.00044506129628756746,0.05495932002694312,0.05451425873065555,0.0008125914721045929,-0.009208792821236211,-0.006142419658376244,0.01106938049233373,2.5533476787740748
0.7309654827413707,0.00044380036877445656,0.05495932002694312,0.054515519658168664,0.0007507073167653949,-0.009132739597156072,-0.006130991096925749,0.010999817470305826,2.5503754002390524
0.7334417208604304,0.00044253771225535865,0.05495932002694312,0.05451678231468776,0.0006895612390370471,-0.009057320487279386,-0.006119692050382217,0.010930950791253348,2.5473879770359282
0.7359179589794899,0.00044127337395977184,0.05495932002694312,0.05451804665298335,0.0006291441202309067,-0.008982525615877698,-0.006108521367906578,0.010862771273577947,2.5443852449440594
0.7383941970985494,0.0004400074017428049,0.05495932002694312,0.054519312625200315,0.0005694469993457602,-0.008908345259106342,-0.006097477912282393,0.010795269896867521,2.5413670379991724
0.7408704352176089,0.0004387398440925533,0.05495932002694312,0.05452058018285057,0.0005104610699324247,-0.008834769841843691,-0.006086560559615497,0.010728437798869773,2.5383331884789024
0.7433466733366685,0.0004374707501375516,0.05495932002694312,0.05452184927680557,0.00045217767703094325,-0.008761789934603512,-0.006075768199038194,0.010662266272540901,2.5352835268884166
0.745822911455728,0.0004362001696543022,0.05495932002694312,0.05452311985728882,0.0003945883141785386,-0.008689396250518407,-0.006065099732417565,0.010596746763167221,2.5322178819461603
0.7482991495747875,0.00043492815307481086,0.05495932002694312,0.05452439187386831,0.0003376846204864118,-0.008617579642392643,-0.006054554074068096,0.01053187086555825,2.529136080569718
0.750775387693847,0.00043365475149433064,0.05495932002694312,0.05452566527544879,0.0002814583777835493,-0.008546331099822361,-0.006044130150468284,0.010467630321309146,2.5260379478618042
0.7532516258129066,0.0004323800166790015,0.05495932002694312,0.05452694001026412,0.00022590150782581843,-0.008475641746381657,-0.0060338268999811165,0.010404017016130992,2.522923307096421
0.7557278639319661,0.00043110400107369135,0.05495932002694312,0.05452821602586943,0.00017100606956849031,-0.008405502836872532,-0.006023643272578265,0.010341022977246959,2.5197919797051704
0.7582041020510256,0.0004298267578098716,0.05495932002694312,0.05452949326913325,0.00011676425650075564,-0.008335905754637399,-0.006013578229568236,0.010278640370853236,2.51664378526373
0.7606803401700851,0.0004285483407135138,0.05495932002694312,0.05453077168622961,6.316839404032527e-05,-0.008266842008932206,-0.006003630743327746,0.010216861499642458,2.5134785414785474
0.7631565782891447,0.0004272688043131592,0.05495932002694312,0.05453205122262996,1.0210936986759095e-05,-0.0081983032323589,-0.005993799797036704,0.010155678800388658,2.51029606417373
0.7656328164082042,0.00042598820384793373,0.05495932002694312,0.05453333182309519,-4.211553296804959e-05,-0.00813028117835561,-0.005984084384416609,0.01009508484159208,2.507096167278161
0.7681090545272637,0.0004247065952757492,0.05495932002694312,0.05453461343166737,-9.38183096738307e-05,-0.008062767718742972,-0.005974483509472015,0.010035072321182184,2.5038786628128578
0.7705852926463232,0.00042342403528151246,0.05495932002694312,0.05453589599166161,-0.000144904564901697,-0.007995754841325408,-0.005964996186235198,0.009975634064277776,2.5006433608786027
0.7730615307653828,0.0004221405812853893,0.05495932002694312,0.05453717944565773,-0.00019538135067101014,-0.007929234647545833,-0.005955621438513934,0.009916763021002774,2.4973900696438394
0.7755377688844424,0.0004208562914512007,0.05495932002694312,0.05453846373549192,-0.0002452556015249711,-0.007863199350192415,-0.005946358299641985,0.00985845226435608,2.494118595332882
0.7780140070035019,0.00041957122469485353,0.05495932002694312,0.05453974880224827,-0.00029453413675600143,-0.007797641271156251,-0.005937205812232718,0.00980069498813473,2.490828742214433
0.7804902451225614,0.0004182854406928199,0.05495932002694312,0.0545410345862503,-0.00034322366258233983,-0.007732552839238517,-0.005928163027935186,0.009743484504908567,2.4875203125904526
0.7829664832416209,0.00041699899989072753,0.05495932002694312,0.05454232102705239,-0.00039133077427710734,-0.007667926588005972,-0.005919229007192945,0.009686814244045525,2.4841931067853884
0.7854427213606805,0.00041571196351202627,0.05495932002694312,0.054543608063431094,-0.00043886195825089923,-0.0076037551536937,-0.005910402819005621,0.009630677749786518,2.4808469231357835
0.78791895947974,0.000414424393566655,0.05495932002694312,0.054544895633376465,-0.00048582359408944585,-0.007540031273153655,-0.005901683540692502,0.009575068679368097,2.477481557980312
0.7903951975987995,0.0004131363528598539,0.05495932002694312,0.054546183674083266,-0.0005322219565470389,-0.007476747781848196,-0.005893070257658906,0.009519980801192611,2.4740968056502335
0.792871435717859,0.00041184790500103235,0.05495932002694312,0.05454747212194209,-0.0005780632174970804,-0.007413897611887476,-0.00588456206316474,0.009465407993044381,2.470692458460312
0.7953476738369186,0.00041055911441265774,0.05495932002694312,0.05454876091253046,-0.0006233534478409944,-0.0073514737901093224,-0.00587615805809502,0.009411344240350544,2.467268306700233
0.7978239119559781,0.0004092700463392551,0.05495932002694312,0.054550049980603865,-0.0006680986193761292,-0.007289469436201083,-0.0058678573507329156,0.009357783634486323,2.4638241386265185
0.8003001500750376,0.0004079807668565111,0.05495932002694312,0.05455133926008661,-0.0007123046066241038,-0.007227877760861982,-0.0058596590565345216,0.009304720371122942,2.460359740454997
0.8027763881940971,0.00040669134288032205,0.05495932002694312,0.0545526286840628,-0.0007559771886203812,-0.007166692064005247,-0.00585156229790569,0.009252148748617649,2.4568748963538436
0.8052526263131566,0.0004054018421760647,0.05495932002694312,0.054553918184767056,-0.000799122050666061,-0.007105905732999134,-0.005843566203980818,0.009200063166444932,2.453369388437225
0.8077288644322163,0.00040411233336782454,0.05495932002694312,0.054555207693575296,-0.0008417447860428534,-0.007045512240945633,-0.005835669910403292,0.009148458123667677,2.4498429967595787
0.8102051025512758,0.00040282288594772203,0.05495932002694312,0.0545564971409954,-0.0008838508976921323,-0.006985505144996458,-0.005827872559107921,0.009097328217447971,2.446295499310561
0.8126813406703353,0.00040153357028532843,0.05495932002694312,0.05455778645665779,-0.0009254457998590969,-0.0069258780847048125,-0.005820173298104697,0.00904666814159585,2.4427266720107035
0.8151575787893948,0.0004002444576371028,0.05495932002694312,0.05455907556930602,-0.0009665348197027052,-0.006866624780412735,-0.005812571281264395,0.008996472685155991,2.4391362887078043
0.8176338169084544,0.0003989556201559538,0.05495932002694312,0.05456036440678717,-0.0010071231988722901,-0.006807739031672819,-0.005805065668105709,0.008946736731031104,2.435524121174089
0.8201100550275139,0.0003976671309007876,0.05495932002694312,0.05456165289604233,-0.001047216095051887,-0.006749214715703625,-0.005797655623583595,0.008897455254641118,2.4318899391042046
0.8225862931465734,0.00039637906384620836,0.05495932002694312,0.05456294096309691,-0.0010868185834727296,-0.006691045785878001,-0.005790340317879301,0.008848623322617724,2.4282335101140418
0.8250625312656329,0.0003950914938921843,0.05495932002694312,0.054564228533050936,-0.0011259356583949564,-0.006633226270243648,-0.005783118926191513,0.008800236091533279,2.424554599740469
0.8275387693846925,0.00039380449687388686,0.05495932002694312,0.054565515530069233,-0.001164572234559214,-0.0065757502700750994,-0.00577599062852884,0.008752288806663415,2.4208529714419966
0.830015007503752,0.0003925181495714816,0.05495932002694312,0.05456680187737164,-0.0012027331486088896,-0.00651861195845645,-0.005768954609503504,0.008704776800782611,2.417128386600416
0.8324912456228115,0.00039123252972005085,0.05495932002694312,0.05456808749722307,-0.0012404231604836906,-0.006461805578894179,-0.005762010058126035,0.008657695492991974,2.413380604523476
0.834967483741871,0.0003899477160195647,0.05495932002694312,0.054569372310923556,-0.0012776469547852495,-0.0064053254439594065,-0.0057551561676012965,0.008611040387578785,2.409609382448608
0.8374437218609306,0.00038866378814486624,0.05495932002694312,0.054570656238798254,-0.0013144091421154933,-0.006349165933958855,-0.005748392135125244,0.008564807072906744,2.4058144755477926
0.8399199599799901,0.00038738082675579544,0.05495932002694312,0.054571939200187325,-0.0013507142603885343,-0.006293321495633991,-0.005741717161682742,0.008518991220336536,2.401995636933582
0.8423961980990496,0.00038609891350727815,0.05495932002694312,0.05457322111343584,-0.0013865667761163829,-0.006237786640887735,-0.005735130451846383,0.00847358858317615,2.39815261766634
0.8448724362181091,0.00038481813105953333,0.05495932002694312,0.05457450189588359,-0.0014219710856695916,-0.006182555945538029,-0.005728631213575964,0.00842859499565998,2.3942851667627574
0.8473486743371687,0.00038353856308832174,0.05495932002694312,0.0545757814638548,-0.0014569315165130943,-0.006127624048097863,-0.005722218658018859,0.008384006371956453,2.3903930312056954
0.8498249124562283,0.0003822602942952155,0.05495932002694312,0.054577059732647905,-0.0014914523284179184,-0.0060729856485810625,-0.005715891999311115,0.008339818705203391,2.3864759559554027
0.8523011505752878,0.00038098341041797185,0.05495932002694312,0.05457833661652515,-0.0015255377146495546,-0.006018635507333385,-0.005709650454379151,0.008296028066570546,2.3825336839621802
0.8547773886943473,0.00037970799824092044,0.05495932002694312,0.0545796120287022,-0.0015591918031331964,-0.0059645684438883444,-0.005703493242742243,0.008252630604348837,2.378565956180532
0.8572536268134068,0.0003784341456053719,0.05495932002694312,0.05458088588133775,-0.001592418657596847,-0.005910779335847243,-0.005697419586315261,0.008209622543065394,2.374572511584897
0.8597298649324664,0.00037716194142015796,0.05495932002694312,0.05458215808552296,-0.0016252222786922801,-0.005857263117783088,-0.005691428709212434,0.008167000182624558,2.3705530871869693
0.8622061030515259,0.0003758914756721368,0.05495932002694312,0.054583428551270984,-0.0016576066050950765,-0.00580401478016758,-0.005685519837551022,0.008124759897473273,2.3665074180547436
0.8646823411705854,0.00037462283943678204,0.05495932002694312,0.05458469718750634,-0.0016895755145835373,-0.005751029368321052,-0.005679692199255905,0.008082898135791371,2.362435237333275
0.8671585792896449,0.0003733561248887851,0.05495932002694312,0.054585963902054335,-0.001721132825097564,-0.0056983019813847055,-0.005673945023864216,0.008041411418705447,2.3583362762672904
0.8696348174087045,0.00037209142531275524,0.05495932002694312,0.054587228601630365,-0.001752282295777614,-0.005645827771314736,-0.005668277542330494,0.00800029633952624,2.3542102642256704
0.872111055527764,0.00037082883511384973,0.05495932002694312,0.05458849119182927,-0.0017830276279844225,-0.005593601941897961,-0.005662688986832006,0.007959549563008771,2.350056928727906
0.8745872936468235,0.0003695684498285848,0.05495932002694312,0.054589751577114536,-0.0018133724662998205,-0.005541619747788541,-0.005657178590574468,0.007919167824634988,2.3458759954725785
0.877063531765883,0.0003683103661355422,0.05495932002694312,0.05459100966080758,-0.0018433203995092328,-0.0054898764935653235,-0.005651745587597813,0.007879147929918085,2.3416671883679614
0.8795397698849426,0.000367054681866201,0.05495932002694312,0.05459226534507692,-0.0018728749615661879,-0.005438367532809487,-0.005646389212582204,0.007839486753728272,2.337430229564805
0.8820160080040021,0.00036580149601574824,0.05495932002694312,0.05459351853092737,-0.0019020396325393385,-0.005387088267202113,-0.00564110870065416,0.007800181239639418,2.333164839491392
0.8844922461230617,0.0003645509087539453,0.05495932002694312,0.054594769118189175,-0.0019308178395424365,-0.005336034145641223,-0.0056359032871927455,0.007761228399296019,2.328870736890937
0.8869684842421212,0.00036330302143600807,0.05495932002694312,0.05459601700550711,-0.00195921295764757,-0.005285200663378075,-0.0056307722076358105,0.00772262531180012,2.324547638861421
0.8894447223611807,0.000362057936613501,0.05495932002694312,0.05459726209032962,-0.001987228310782205,-0.005234583361172248,-0.005625714697286244,0.007684369123117642,2.320195260897943
0.8919209604802403,0.00036081575804527283,0.05495932002694312,0.05459850426889785,-0.002014867172610318,-0.005184177824465208,-0.005620729991118149,0.007646457045503613,2.3158133169376676
0.8943971985992998,0.0003595765907083784,0.05495932002694312,0.05459974343623474,-0.002042132767398004,-0.005133979682572165,-0.005615817323583089,0.007608886356946049,2.3114015194074717
0.8968734367183593,0.000358340540809049,0.05495932002694312,0.05460097948613407,-0.002069028270864151,-0.005083984607891594,-0.005610975928415951,0.007571654400627507,2.3069595792743693
0.8993496748374188,0.000357107715793642,0.05495932002694312,0.05460221231114948,-0.0020955568110160834,-0.00503418831513254,-0.005606205038441024,0.007534758584404582,2.302487206098803
0.9018259129564784,0.0003558782243596459,0.05495932002694312,0.054603441802583474,-0.0021217214689711063,-0.004984586560559013,-0.005601503885377604,0.007498196380304129,2.297984108090914
0.9043021510755379,0.0003546521764666022,0.05495932002694312,0.05460466785047652,-0.002147525279763837,-0.004935175141251471,-0.005596871699645569,0.007461965324036286,2.293449992169862
0.9067783891945974,0.0003534296833471659,0.05495932002694312,0.054605890343595954,-0.002172971233139873,-0.004885949894384957,-0.005592307710170696,0.007426063014523576,2.2888845640263082
0.9092546273136569,0.0003522108575179997,0.05495932002694312,0.05460710916942512,-0.0021980622743361924,-0.004836906696523677,-0.005587811144189583,0.00739048711344556,2.2842875281881603
0.9117308654327165,0.00035099581279082054,0.05495932002694312,0.0546083242141523,-0.002222801304848388,-0.004788041462931776,-0.0055833812270544856,0.007355235344798854,2.2796585880896605
0.914207103551776,0.00034978466428332855,0.05495932002694312,0.05460953536265979,-0.0022471911831852672,-0.004739350146900044,-0.005579017182037662,0.007320305494471725,2.274997446143948
0.9166833416708355,0.0003485775284301981,0.05495932002694312,0.05461074249851292,-0.0022712347256110548,-0.004690828739088276,-0.0055747182301354396,0.00728569540983295,2.2703038038191674
0.919159579789895,0.0003473745229939651,0.05495932002694312,0.054611945503949155,-0.00229493470687541,-0.004642473266883108,-0.005570483589871899,0.007251402999334434,2.265577361718248
0.9216358179089545,0.00034617576707601794,0.05495932002694312,0.0546131442598671,-0.00231829386093176,-0.00459427979377111,-0.005566312477102164,0.007217426232127125,2.2608178196624547
0.9241120560280142,0.00034498138112744325,0.05495932002694312,0.05461433864581568,-0.002341314881644007,-0.00454624441872681,-0.005562204104815222,0.007183763137689603,2.2560248767788025
0.9265882941470737,0.00034379148695994066,0.05495932002694312,0.05461552853998318,-0.002364000423482073,-0.0044983632756156,-0.005558157682936355,0.007150411805469077,2.2511982315914687
0.9290645322661332,0.0003426062077566336,0.05495932002694312,0.05461671381918649,-0.0023863531022065183,-0.0044506325326111535,-0.005554172418129017,0.007117370384534017,2.24633758211728
0.9315407703851927,0.00034142566808290087,0.05495932002694312,0.05461789435886022,-0.002408375495542336,-0.004403048391627313,-0.005550247513596375,0.007084637083238253,2.241442625965401
0.9340170085042523,0.000340249993897139,0.05495932002694312,0.05461907003304598,-0.0024300701438425224,-0.004355607087764143,-0.005546382168882122,0.00705221016889562,2.2365130604413337
0.9364932466233118,0.0003390793125614758,0.05495932002694312,0.054620240714381645,-0.00245143955074131,-0.004308304888768018,-0.005542575579670964,0.007020087967465033,2.2315485826553223
0.9389694847423713,0.0003379137528524631,0.05495932002694312,0.05462140627409066,-0.0024724861837976397,-0.004261138094505541,-0.00553882693758843,0.006988268863245141,2.226548889635288
0.9414457228614308,0.00033675344497168663,0.05495932002694312,0.054622566581971434,-0.0024932124751288944,-0.0042141030364511506,-0.005535135430000132,0.006956751298578206,2.2215136784443916
0.9439219609804904,0.0003355985205563336,0.05495932002694312,0.05462372150638679,-0.00251362082203518,-0.004167196077188262,-0.005531500239810541,0.006925533773562678,2.2164426463033364
0.9463981990995499,0.0003344491126897123,0.05495932002694312,0.05462487091425341,-0.002533713587614551,-0.004120413609923731,-0.005527920545261057,0.006894614845773766,2.2113354907175196
0.9488744372186094,0.00033330535591163946,0.05495932002694312,0.05462601467103148,-0.002553493101369158,-0.004073752058015518,-0.005524395519727488,0.006863993129991522,2.206191909609137
0.9513506753376689,0.0003321673862288488,0.05495932002694312,0.05462715264071427,-0.0025729616598027397,-0.004027207874513451,-0.005520924331517033,0.006833667297936003,2.201011601454346
0.9538269134567285,0.0003310353411252395,0.05495932002694312,0.05462828468581788,-0.0025921215270096136,-0.003980777541712857,-0.005517506143664443,0.006803636078008607,2.1957942654255964
0.956303151575788,0.00032990935957206285,0.05495932002694312,0.05462941066737106,-0.002610974935255336,-0.003934457570721006,-0.0055141401137276756,0.006773898255039302,2.1905396015392244
0.9587793896948476,0.0003287895820380665,0.05495932002694312,0.054630530444905054,-0.0026295240855493166,-0.003888244501036199,-0.0055108253935829375,0.006744452670039043,2.1852473108084087
0.961255627813907,0.00032767615049945215,0.05495932002694312,0.05463164387644367,-0.002647771148209541,-0.003842134900139396,-0.005507561129218957,0.006715298219956635,2.1799170954016014
0.9637318659329666,0.00032656920844981174,0.05495932002694312,0.05463275081849331,-0.0026657182634197162,-0.0037961253630982095,-0.005504346460530617,0.006686433857439513,2.174548658806512
0.9662081040520262,0.00032546890090991154,0.05495932002694312,0.05463385112603321,-0.002683367541778756,-0.003750212512183265,-0.005501180521112081,0.006657858590597948,2.1691417059997393
0.9686843421710857,0.0003243753744373648,0.05495932002694312,0.054634944652505756,-0.0027007210648431605,-0.0037043929964967006,-0.005498062438049081,0.006629571482771719,2.163695943622151
0.9711605802901452,0.0003232887771362075,0.05495932002694312,0.05463603124980691,-0.0027177808856622618,-0.0036586634916127487,-0.0054949913317106,0.006601571652298764,2.1582110801600836
0.9736368184092047,0.0003222092586663214,0.05495932002694312,0.0546371107682768,-0.0027345490293065114,-0.0036130206992303383,-0.005491966315539954,0.006573858272285187,2.1526868261324474
0.9761130565282643,0.00032113697025271115,0.05495932002694312,0.05463818305669041,-0.0027510274933890914,-0.0035674613468375245,-0.005488986495845081,0.006546430570375696,2.1471228942838105
0.9785892946473238,0.0003200720646946778,0.05495932002694312,0.05463924796224844,-0.002767218248580952,-0.0035219821873877844,-0.0054860509715883654,0.006519287828524101,2.1415189997835284
0.9810655327663833,0.00031901469637483915,0.05495932002694312,0.05464030533056828,-0.0027831232391194944,-0.003476579998987973,-0.00548315883417563,0.006492429382762778,2.135874860430993
0.9835417708854428,0.00031796502126792137,0.05495932002694312,0.0546413550056752,-0.0027987443833110024,-0.0034312515845979314,-0.005480309167244593,0.006465854622970651,2.1301901968670456
0.9860180090045024,0.000316923196949509,0.05495932002694312,0.05464239682999361,-0.0028140835740270783,-0.0033859937717416297,-0.005477501046452648,0.006439562992638783,2.124464732791614
0.9884942471235619,0.0003158893826045034,0.05495932002694312,0.05464343064433862,-0.002829142679195178,-0.003340803412229799,-0.00547473353926402,0.006413553988632871,2.1186981951876094
0.9909704852426214,0.000314863739035498,0.05495932002694312,0.05464445628790762,-0.0028439235422833414,-0.003295677381893975,-0.005472005704736392,0.006387827160951926,2.112890314551118
0.9934467233616809,0.0003138464286708831,0.05495932002694312,0.05464547359827224,-0.0028584279827795064,-0.0032506125803318485,-0.005469316593306753,0.006362382112482106,2.1070408251279273
0.9959229614807406,0.00031283761557285295,0.05495932002694312,0.05464648241137027,-0.00287265779666521,-0.003205605930663902,-0.005466665246576899,0.00633721849874527,2.1011494651563694
0.9983991995998001,0.0003118374654450945,0.05495932002694312,0.054647482561498026,-0.0028866147568841734,-0.0031606543793013145,-0.005464050697098142,0.006312336027641056,2.0952159771165375
1.0008754377188596,0.00031084614564037133,0.05495932002694312,0.05464847388130275,-0.00290030061380564,-0.003115754895724908,-0.005461471968155634,0.0062877344591819005,2.0892401079858165
1.003351675837919,0.00030986382516780264,0.05495932002694312,0.05464945620177532,-0.002913717095682725,-0.003070904472275323,-0.005458928073552114,0.006263413605220078,2.083221609500753
1.0058279139569786,0.0003088906746999895,0.05495932002694312,0.05465042935224313,-0.0029268659091059874,-0.0030261001239541385,-0.005456418017391113,0.006239373329165808,2.077160238425214
1.008304152076038,0.0003079268665798357,0.05495932002694312,0.054651393160363285,-0.002939748739452127,-0.002981338888236099,-0.0054539407938598,0.006215613545695785,2.0710557568248036
1.0107803901950976,0.0003069725748271676,0.05495932002694312,0.05465234745211595,-0.002952367251328244,-0.0029366178248922056,-0.005451495387011169,0.006192134220450869,2.0649079323474804
1.013256628314157,0.00030602797514506924,0.05495932002694312,0.05465329205179805,-0.0029647230890114404,-0.0028919340158237885,-0.005449080770546094,0.0061689353697225524,2.0587165385102906
1.0157328664332166,0.00030509324492597467,0.05495932002694312,0.054654226782017146,-0.0029768178768842363,-0.002847284564907445,-0.0054466959075947135,0.00614601706012676,2.05248135499217
1.0182091045522763,0.000304168563257462,0.05495932002694312,0.05465515146368566,-0.0029886532198656313,-0.0028026665978508024,-0.005444339750497643,0.00612337940826447,2.0462021679326674
1.0206853426713358,0.00030325411092780447,0.05495932002694312,0.054656065916015316,-0.003000230703838096,-0.002758077262059098,-0.005442011240586802,0.006101022580368025,2.0398787702365055
1.0231615807903953,0.00030235007043116074,0.05495932002694312,0.05465696995651196,-0.0030115518960705315,-0.00271351372651254,-0.005439709307965971,0.006078946791932267,2.0335109618838345
1.0256378189094548,0.0003014566259725293,0.05495932002694312,0.05465786340097059,-0.0030226183456373667,-0.0026689731816544036,-0.005437432871291102,0.006057152307329528,2.027098550246019
1.0281140570285143,0.00030057396347233506,0.05495932002694312,0.054658746063470785,-0.0030334315838338437,-0.0026244528392898488,-0.005435180837550393,0.006035639439407522,2.0206413504068
1.0305902951475738,0.00029970227057072446,0.05495932002694312,0.054659617756372396,-0.0030439931245875794,-0.0025799499324954105,-0.005432952101844293,0.006014408549069259,2.014139185488617
1.0330665332666333,0.00029884173663152075,0.05495932002694312,0.0546604782903116,-0.0030543044648666164,-0.002535461715539189,-0.0054307455471653086,0.005993460044833932,2.0075918869839096
1.0355427713856928,0.0002979925527458113,0.05495932002694312,0.05466132747419731,-0.0030643670850839266,-0.0024909854638116378,-0.0054285600441778105,0.0059727943823778724,2.0009992950911317
1.0380190095047526,0.0002971549117351882,0.05495932002694312,0.05466216511520793,-0.0030741824494985226,-0.002446518473767002,-0.005426394450997785,0.005952412064054603,1.9943612590552464
1.040495247623812,0.0002963290081546624,0.05495932002694312,0.05466299101878846,-0.003083752006613283,-0.0024020580628753693,-0.00542424761297273,0.0059323136383931125,1.9876776375124094
1.0429714857428716,0.0002955150382951133,0.05495932002694312,0.05466380498864801,-0.003093077189569593,-0.002357601569585229,-0.005422118362461443,0.005912499699573125,1.9809482988385474
1.045447723861931,0.00029471320018541886,0.05495932002694312,0.0546646068267577,-0.0031021594165387576,-0.0023131463532966878,-0.00542000551861427,0.0058929708868769165,1.9741731215014933
1.0479239619809906,0.00029392369359416276,0.05495932002694312,0.05466539633334896,-0.0031110000911105007,-0.0022686897943451734,-0.005417907887153294,0.00587372788411617,1.9673519944163484
1.05040020010005,0.00029314672003092485,0.05495932002694312,0.054666173306912196,-0.0031196006026783596,-0.0022242292939956784,-0.005415824260153025,0.005854771419033417,1.9604848173036675
1.0528764382191096,0.00029238248274714856,0.05495932002694312,0.05466693754419597,-0.003127962326822333,-0.0021797622744475185,-0.005413753415821273,0.005836102262676788,1.9535715010500938
1.0553526763381693,0.0002916311867365573,0.05495932002694312,0.05466768884020656,-0.003136086625688583,-0.0021352861788496006,-0.005411694118280603,0.005817721228747473,1.9466119680709928
1.0578289144572288,0.0002908930387351613,0.05495932002694312,0.05466842698820796,-0.003143974848366456,-0.0020907984713261817,-0.005409645117350213,0.005799629172918808,1.9396061526746475
1.0603051525762883,0.0002901682472207581,0.05495932002694312,0.05466915177972236,-0.0031516283312628705,-0.002046296637013056,-0.005407605148328325,0.0057818269921260995,1.9325540014275258
1.0627813906953478,0.0002894570224119819,0.05495932002694312,0.05466986300453114,-0.0031590483984739607,-0.0020017781821042428,-0.005405572931775397,0.005764315623826599,1.925455473520107
1.0652576288144073,0.0002887595762668671,0.05495932002694312,0.05467056045067625,-0.003166236362154343,-0.0019572406339091117,-0.00540354717329786,0.005747096045228428,1.918310541132757
1.0677338669334668,0.00028807612248091946,0.05495932002694312,0.0546712439044622,-0.003173193522883744,-0.001912681540919909,-0.005401526563332848,0.005730169272488041,1.911119189801052
1.0702101050525263,0.0002874068764846596,0.05495932002694312,0.05467191315045846,-0.0031799211700312574,-0.0018680984728897468,-0.005399509776933811,0.005713536359875275,1.9038814187799948
1.0726863431715858,0.0002867520554406533,0.05495932002694312,0.05467256797150247,-0.0031864205821172794,-0.0018234890209209154,-0.005397495473556954,0.005697198398905107,1.896597241406493
1.0751625812906456,0.00028611187824001405,0.05495932002694312,0.054673208148703106,-0.003192693027172987,-0.0017788507975636842,-0.005395482296848987,0.005681156517435845,1.88926668545946
1.077638819409705,0.00028548656549834406,0.05495932002694312,0.054673833461444776,-0.0031987397630976445,-0.0017341814369253735,-0.00539346887443595,0.005665411878732733,1.8818897935168597
1.0801150575287646,0.0002848763395511128,0.05495932002694312,0.05467444368739201,-0.003204562038013632,-0.0016894785947898245,-0.005391453817713317,0.00564996568049652,1.8744666233090177
1.082591295647824,0.00028428142444846677,0.05495932002694312,0.054675038602494654,-0.0032101610906192803,-0.0016447399487472016,-0.005389435721637524,0.00563481915385645,1.8669972480674657
1.0850675337668836,0.00028370204594946324,0.05495932002694312,0.05467561798099366,-0.0032155381505395626,-0.0015999631983340964,-0.005387413164518942,0.005619973562327092,1.8594817568685789
1.087543771885943,0.0002831384315156796,0.05495932002694312,0.05467618159542744,-0.0032206944386746414,-0.0015551460651839345,-0.005385384707816545,0.005605430200728697,1.8519202549712377
1.0900200100050026,0.00028259081030423266,0.05495932002694312,0.05467672921663889,-0.003225631167546381,-0.0015102862931876326,-0.005383348895934155,0.005591190394070472,1.8443128641477244
1.092496248124062,0.00028205941316014616,0.05495932002694312,0.054677260613782974,-0.003230349541642741,-0.001465381648664527,-0.005381304256018633,0.005577255496396685,1.836659723007044
1.0949724862431216,0.0002815444726080932,0.05495932002694312,0.05467777555433503,-0.003234850757760171,-0.0014204299205435116,-0.00537924929776,0.005563626889595195,1.8289609873098336
1.0974487243621813,0.00028104622284349373,0.05495932002694312,0.05467827380409963,-0.0032391360053440474,-0.0013754289205543551,-0.005377182513193498,0.005550305982168125,1.8212168302740204
1.0999249624812408,0.00028056489972292514,0.05495932002694312,0.054678755127220195,-0.003243206466827016,-0.0013303764834292058,-0.005375102376504058,0.005537294207964846,1.8134274428703487
1.1024012006003003,0.0002801007407538664,0.05495932002694312,0.054679219286189254,-0.0032470633179654874,-0.0012852704671141883,-0.0053730073438329,0.005524593024876873,1.805593034106907
1.1048774387193598,0.0002796539850837415,0.05495932002694312,0.05467966604185938,-0.0032507077281741046,-0.0012401087529911345,-0.005370895853086686,0.005512203913494945,1.7977138313017575
1.1073536768384193,0.00027922487348826935,0.05495932002694312,0.05468009515345485,-0.0032541408608582818,-0.001194889246109341,-0.005368766323749257,0.005500128375728322,1.7897900803427618
1.1098299149574788,0.0002788136483590775,0.05495932002694312,0.05468050637858404,-0.0032573638737448565,-0.0011496098754273528,-0.0053666171566960266,0.0054883679333864125,1.7818220459336969
1.1123061530765384,0.0002784205536905948,0.05495932002694312,0.054680899473252526,-0.003260377919210779,-0.0011042685940647074,-0.005364446734011305,0.005476924126723156,1.7738100118257365
1.1147823911955979,0.0002780458350661874,0.05495932002694312,0.05468127419187693,-0.0032631841446098676,-0.0010588633795636142,-0.0053622534188086405,0.005465798512944457,1.765754281033385
1.1172586293146576,0.0002776897396435732,0.05495932002694312,0.05468163028729955,-0.0032657836925976827,-0.0010133922341604802,-0.005360035555054252,0.0054549926646790745,1.7576551760339374
1.119734867433717,0.0002773525161393897,0.05495932002694312,0.05468196751080373,-0.0032681777014544394,-0.0009678531850672934,-0.005357791467393837,0.005444508168413664,1.749513038949556
1.1222111055527766,0.0002770344148130474,0.05495932002694312,0.05468228561213007,-0.0032703673054060318,-0.0009222442847627152,-0.005355519460982776,0.005434346622892465,1.7413282317110426
1.124687343671836,0.0002767356874497848,0.05495932002694312,0.054682584339493336,-0.0032723536349430265,-0.0008765636112928951,-0.005353217821320079,0.005424509637482612,1.7331011362024116
1.1271635817908956,0.00027645658734284234,0.05495932002694312,0.05468286343960028,-0.003274137817137804,-0.000830809268581912,-0.005350884814085945,0.0054149988305056155,1.7248321543853782
1.129639819909955,0.0002761973692749081,0.05495932002694312,0.05468312265766821,-0.0032757209759596744,-0.0007849793867517512,-0.0053485186849833825,0.005405815827536259,1.7165217084028785
1.1321160580290146,0.00027595828949866785,0.05495932002694312,0.05468336173744445,-0.00327710423258795,-0.0007390721224517843,-0.005346117659583961,0.005396962259669867,1.7081702406607813
1.134592296148074,0.0002757396057165157,0.05495932002694312,0.054683580421226605,-0.0032782887057231443,-0.0006930856591976309,-0.005343679943177693,0.005388439761758961,1.6997782138869577
1.1370685342671336,0.00027554157705943216,0.05495932002694312,0.05468377844988369,-0.0032792755118959613,-0.0006470182077193288,-0.0053412037206275595,0.005380249970620883,1.6913461111669041
1.1395447723861933,0.000275364464064988,0.05495932002694312,0.05468395556287813,-0.0032800657657743298,-0.0006008680063187399,-0.005338687156228558,0.005372394523217484,1.682874435955158
1.1420210105052528,0.0002752085286544248,0.05495932002694312,0.054684111498288696,-0.0032806605804682953,-0.0005546333212360643,-0.005336128393571541,0.0053648750548084285,1.6743637120617672
1.1444972486243123,0.00027507403410891723,0.05495932002694312,0.0546842459928342,-0.0032810610678327455,-0.0005083124470253607,-0.005333525555412158,0.005357693197079828,1.665814483613112
1.1469734867433719,0.0002749612450448635,0.05495932002694312,0.05468435878189826,-0.003281268338768012,-0.00046190370693901996,-0.005330876743544834,0.005350850576249648,1.6572273149864478
1.1494497248624314,0.0002748704273883018,0.05495932002694312,0.05468444959955482,-0.003281283503518192,-0.000415405453320989,-0.005328180038682234,0.005344348811151891,1.6486027907175378
1.1519259629814909,0.0002748018483483827,0.05495932002694312,0.05468451817859474,-0.0032811076719672524,-0.00036881606800868473,-0.005325433500340187,0.005338189511301272,1.6399415153808417
1.1544022011005504,0.00027475577638994,0.05495932002694312,0.05468456425055318,-0.0032807419539327655,-0.0003221339627434705,-0.005322635166728445,0.005332374274940494,1.6312441134417552
1.1568784392196099,0.0002747324812050894,0.05495932002694312,0.05468458754573803,-0.0032801874594573155,-0.00027535757958952085,-0.005319783054647312,0.005326904687072041,1.6225112290804569
1.1593546773386694,0.00027473223368385674,0.05495932002694312,0.054684587793259264,-0.0032794452990974722,-0.00022848539136097277,-0.005316875159390427,0.005321782317476763,1.613743525986986
1.161830915457729,0.00027475530588391694,0.05495932002694312,0.0546845647210592,-0.0032785165842102427,-0.00018151590205720252,-0.0053139094546539815,0.005317008718721515,1.6049416871272406
1.1643071535767886,0.00027480197099928605,0.05495932002694312,0.054684518055943834,-0.0032774024272370244,-0.0001344476473060588,-0.005310883892452343,0.0053125854241579855,1.596106414479645
1.166783391695848,0.00027487250332807606,0.05495932002694312,0.054684447523615044,-0.003276103941984915,-8.727919481490466e-05,-0.00530779640304049,0.005308513945915288,1.5872384287423174
1.1692596298149076,0.0002749671782392646,0.05495932002694312,0.054684352848703856,-0.0032746222439053578,-4.000914482930624e-05,-0.005304644894843446,0.005304795772888774,1.5783384690106366
1.1717358679339671,0.00027508627213848613,0.05495932002694312,0.054684233754804634,-0.0032729584503700068,7.363869400834125e-06,-0.005301427254392827,0.005301432368727496,1.5694072924251914
1.1742121060530266,0.0002752300624327547,0.05495932002694312,0.054684089964510366,-0.0032711136809437974,5.484118114788394e-05,-0.005298141346270754,0.005298425169822952,1.560445673790157
1.1766883441720861,0.00027539882749430533,0.05495932002694312,0.054683921199448815,-0.0032690890576550593,0.0001024240897259613,-0.005294785013061439,0.005295775583301865,1.5514544051622594
1.1791645822911456,0.00027559284662329736,0.05495932002694312,0.05468372718031982,-0.0032668857052626935,0.000150113860003619,-0.005291356075310451,0.005293484985025461,1.5424342954105197
1.1816408204102054,0.00027581240000960905,0.05495932002694312,0.05468350762693351,-0.0032645047515202446,0.00019791172190979957,-0.005287852331492113,0.00529155471759821,1.533386169747115
1.1841170585292649,0.0002760577686935495,0.05495932002694312,0.05468326225824957,-0.0032619473274367885,0.000245818869933365,-0.005284271557985061,0.0052899860883886245,1.524310869229728
1.1865932966483244,0.0002763292345255783,0.05495932002694312,0.05468299079241754,-0.0032592145675346034,0.00029383646261644386,-0.005280611509056323,0.005288780367565007,1.5152092502358663
1.1890695347673839,0.00027662708012500536,0.05495932002694312,0.054682692946818115,-0.0032563076101034937,0.0003419656220417476,-0.0052768699168539495,0.005287938786148778,1.5060821839097243
1.1915457728864434,0.0002769515888376359,0.05495932002694312,0.054682368438105484,-0.003253227597451581,0.0003902074333142205,-0.0052730444914087455,0.00528746253408852,1.4969305555822228
1.1940220110055029,0.0002773030446924299,0.05495932002694312,0.05468201698225069,-0.003249975676152696,0.00043856294403713317,-0.0052691329206448366,0.005287352758357031,1.4877552641649838
1.1964982491245624,0.00027768173235712124,0.05495932002694312,0.054681638294586,-0.0032465529972899657,0.0004870331637830622,-0.005265132870399834,0.0052876105610747594,1.4785572215190348
1.1989744872436219,0.00027808793709276775,0.05495932002694312,0.05468123208985035,-0.0032429607166957544,0.0005356190635598373,-0.00526104198445436,0.0052882369976619045,1.469337351799174
1.2014507253626814,0.00027852194470735087,0.05495932002694312,0.05468079808223577,-0.003239199995187661,0.0005843215752719339,-0.0052568578845714605,0.0052892330750222575,1.4600965907749535
1.203926963481741,0.00027898404150829975,0.05495932002694312,0.05468033598543482,-0.003235271998800598,0.0006331415911774293,-0.005252578170545929,0.005290599749761297,1.450835885129375
1.2064032016008006,0.00027947451425400227,0.05495932002694312,0.05467984551268912,-0.0032311778990147103,0.0006820799633409395,-0.005248200420263921,0.005292337926441354,1.441556191736416
1.2088794397198601,0.0002799936501043168,0.05495932002694312,0.054679326376838804,-0.003226918872979156,0.0007311375030828503,-0.005243722189772924,0.005294448455876322,1.4322584769186055
1.2113556778389196,0.0002805417365700433,0.05495932002694312,0.05467877829037308,-0.003222496103731487,0.0007803149804250665,-0.005239141013362417,0.005296932133468575,1.4229437156859495
1.2138319159579791,0.00028111906146142257,0.05495932002694312,0.0546782009654817,-0.0032179107804126196,0.0008296131235337248,-0.005234454403655404,0.005299789697590541,1.4136128909575387
1.2163081540770386,0.00028172591283561615,0.05495932002694312,0.054677594114107504,-0.003213164098477196,0.0008790326181591689,-0.0052296598517109875,0.005303021828013303,1.4042669927672569
1.2187843921960981,0.0002823625789431794,0.05495932002694312,0.05467695744799994,-0.0032082572598992666,0.0009285741070735147,-0.00522475482713826,0.0053066291443845896,1.3949070174550695
1.2212606303151576,0.00028302934817357045,0.05495932002694312,0.05467629067876955,-0.003203191473373103,0.000978238189506226,-0.005219736778221714,0.005310612204758394,1.3855339668454014
1.2237368684342174,0.0002837265089996946,0.05495932002694312,0.054675593517943426,-0.003197967954509075,0.001028025420578037,-0.005214603132058311,0.005314971504178268,1.3761488474141808
1.2262131065532769,0.0002844543499214494,0.05495932002694312,0.05467486567702167,-0.003192587926024381,0.0010779363107335897,-0.005209351294706561,0.005319707473316448,1.3667526694461705
1.2286893446723364,0.0002852131594083679,0.05495932002694312,0.05467410686753475,-0.003187052617928606,0.0011279713251732626,-0.005203978651347601,0.005324820477170542,1.357346446184208
1.2311655827913959,0.00028600322584125537,0.05495932002694312,0.054673316801101865,-0.0031813632677038153,0.0011781308832844884,-0.0051984825664587175,0.005330310813819763,1.3479311929720659
1.2336418209104554,0.00028682483745295917,0.05495932002694312,0.05467249518949016,-0.0031755211204792235,0.0012284153580730296,-0.005192860383999295,0.005336178713242182,1.338507926392613
1.2361180590295149,0.00028767828226822223,0.05495932002694312,0.0546716417446749,-0.00316952742920014,0.0012788250755946988,-0.005187109427609527,0.005342424336194704,1.329077663402993
1.2385942971485744,0.000288563848042607,0.05495932002694312,0.05467075617890051,-0.0031633834547911306,0.0013293603143878074,-0.005181227000822042,0.005349047773157071,1.3196414204685771
1.241070535267634,0.00028948182220056573,0.05495932002694312,0.054669838204742555,-0.003157090466313266,0.0013800213049069351,-0.005175210387286539,0.005356049043341139,1.3102002126973973
1.2435467733866934,0.0002904324917726922,0.05495932002694312,0.05466888753517043,-0.0031506497411152483,0.00143080822895841,-0.005169056851007742,0.005363428093766632,1.3007550529768102
1.2460230115057531,0.0002914161433320503,0.05495932002694312,0.05466790388361107,-0.003144062564978292,0.0014817212191379813,-0.005162763636596831,0.005371184798404378,1.2913069511141189
1.2484992496248126,0.0002924330629297603,0.05495932002694312,0.05466688696401336,-0.0031373302322546927,0.0015327603582710805,-0.005156327969536362,0.0053793189573876615,1.281856912982867
1.2509754877438721,0.0002934835360297802,0.05495932002694312,0.05466583649091334,-0.0031304540459997938,0.0015839256788563313,-0.005149747056459056,0.005387830296292673,1.2724059396764786
1.2534517258629316,0.00029456784744289616,0.05495932002694312,0.054664752179500224,-0.0031234353180972984,0.001635217162512641,-0.0051430180854405054,0.00539671846548845,1.2629550266709333
1.2559279639819911,0.000295686281259977,0.05495932002694312,0.05466363374568314,-0.0031162753693777844,0.001686634739430419,-0.0051361382263058804,0.005405983039556639,1.2535051629980922
1.2584042021010506,0.00029683912078452834,0.05495932002694312,0.05466248090615859,-0.003108975529730212,0.0017381782878274727,-0.005129104630950933,0.00541562351678153,1.2440573304312768
1.2608804402201101,0.0002980266484645597,0.05495932002694312,0.05466129337847856,-0.0031015371382063167,0.0017898476334100863,-0.005121914433677337,0.00542563931871037,1.2346125026846384
1.2633566783391696,0.0002992491458237573,0.05495932002694312,0.05466007088111936,-0.0030939615431177653,0.0018416425488397585,-0.005114564751542464,0.005436029789783866,1.2251716446278327
1.2658329164582294,0.00030050689339206765,0.05495932002694312,0.05465881313355105,-0.003086250102125842,0.001893562753206221,-0.00510705268472381,0.005446794197036877,1.215735711517427
1.2683091545772889,0.000301800170635691,0.05495932002694312,0.05465751985630743,-0.0030784041823236083,0.0019456079115072232,-0.0050993753168981255,0.005457931729868867,1.206305648246439
1.2707853926963484,0.00030312925588645706,0.05495932002694312,0.05465619077105666,-0.0030704251603103213,0.0019977776341356763,-0.0050915297156353505,0.005469441499883743,1.196882388613314
1.2732616308154079,0.00030449442627077106,0.05495932002694312,0.05465482560067235,-0.003062314422258054,0.002050071476374646,-0.0050835129328074095,0.005481322540798444,1.1874668546116065
1.2757378689344674,0.0003058959576379555,0.05495932002694312,0.054653424069305165,-0.0030540733639702177,0.002102488937900867,-0.005075322005012146,0.005493573808419801,1.1780599557415412
1.278214107053527,0.0003073341244882455,0.05495932002694312,0.054651985902454875,-0.003045703390932032,0.0021550294622972675,-0.005066953954012133,0.005506194180688549,1.1686625883445507
1.2806903451725864,0.00030880919990029787,0.05495932002694312,0.05465051082704282,-0.0030372059183526685,0.0022076924365751153,-0.005058405787188734,0.005519182457789871,1.1592756349618336
1.283166583291646,0.0003103214554583747,0.05495932002694312,0.054648998571484746,-0.003028582371198957,0.0022604771907063772,-0.005049674498011325,0.005532537362329307,1.1498999637178702
1.2856428214107054,0.00031187116117917246,0.05495932002694312,0.05464744886576395,-0.0030198341842205814,0.0023133829971668587,-0.005040757066521727,0.005546257539572919,1.1405364277297663
1.2881190595297651,0.0003134585854383809,0.05495932002694312,0.05464586144150474,-0.003010962801966519,0.0023664090704907667,-0.0050316504598338545,0.005560341557750496,1.131185864543194
1.2905952976488246,0.00031508399489699884,0.05495932002694312,0.05464423603204612,-0.0030019696787926898,0.0024195545668372204,-0.005022351632648728,0.00557478790842057,1.1218490955956528
1.2930715357678841,0.00031674765442745584,0.05495932002694312,0.054642572372515665,-0.0029928562788606554,0.002472818583569414,-0.005012857527784665,0.0055895950068957255,1.112526925707624
1.2955477738869436,0.00031844982703957414,0.05495932002694312,0.054640870199903546,-0.002983624076127199,0.0025262001588469323,-0.0050031650767228125,0.005604761192726864,1.1032201426021782
1.2980240120060031,0.00032019077380648214,0.05495932002694312,0.05463912925313664,-0.0029742745543247457,0.00257969827123193,-0.004993271200167864,0.005620284730244797,1.0939295164534444
1.3005002501250627,0.0003219707537904168,0.05495932002694312,0.054637349273152704,-0.0029648092069324353,0.002633311839309669,-0.004983172808624068,0.0056361638091576745,1.0846557994643218
1.3029764882441222,0.0003237900239686023,0.05495932002694312,0.05463553000297452,-0.0029552295371377607,0.002687039721324191,-0.00497286680298634,0.005652396545202536,1.0753997254736645
1.3054527263631817,0.000325648839159115,0.05495932002694312,0.054633671187784005,-0.002945537057788641,0.0027408807148295838,-0.004962350075146553,0.005668980980849356,1.0661620095931594
1.3079289644822414,0.00032754745194694956,0.05495932002694312,0.05463177257499617,-0.0029357332913359123,0.0027948335563575217,-0.0049516195086147675,0.005685915086055752,1.056943347873973
1.310405202601301,0.000329486112610175,0.05495932002694312,0.054629833914332945,-0.002925819769765953,0.0028488969211017366,-0.004940671979155532,0.005703196759070793,1.0477444170031975
1.3128814407203604,0.00033146506904638273,0.05495932002694312,0.05462785495789674,-0.002915798034523562,0.002903069422619949,-0.004929504355438898,0.005720823827285891,1.0385658740300376
1.31535767883942,0.00033348456669936993,0.05495932002694312,0.05462583546024375,-0.002905669636424831,0.0029573496125539517,-0.004918113499706275,0.005738794048131202,1.0294083561216016
1.3178339169584794,0.0003355448484862397,0.05495932002694312,0.05462377517845688,-0.0028954361355600236,0.003011735980368388,-0.0049064962684507675,0.005757105110015523,1.020272480348093
1.320310155077539,0.0003376461547248133,0.05495932002694312,0.05462167387221831,-0.002885099101186348,0.003066226953108874,-0.004894649513112021,0.005775754633308021,1.0111588434971257
1.3227863931965984,0.0003397887230616112,0.05495932002694312,0.05461953130388151,-0.002874660111610504,0.0031208208951800966,-0.004882570080785336,0.005794740171359956,1.0020680219168152
1.325262631315658,0.0003419727884002993,0.05495932002694312,0.05461734723854282,-0.002864120754061076,0.003175516108144384,-0.004870254814944806,0.005814059211564458,0.9930005713872424
1.3277388694347174,0.0003441985828307667,0.05495932002694312,0.054615121444112354,-0.0028534826245505338,0.0032303108305414517,-0.004857700556180417,0.0058337091764527425,0.98395702701982
1.3302151075537771,0.00034646633555885514,0.05495932002694312,0.054612853691384265,-0.0028427473277269208,0.0032852032377298675,-0.004844904142948794,0.0058536874248249025,0.9749379031840381
1.3326913456728366,0.0003487762728368038,0.05495932002694312,0.05461054375410632,-0.0028319164767151373,0.003340191441750768,-0.004831862412337347,0.005873991252913436,0.9659436934610114
1.3351675837918962,0.00035112861789454025,0.05495932002694312,0.05460819140904858,-0.002820991692947773,0.003395273491214497,-0.004818572200841684,0.005894617895577978,0.9569748706232034
1.3376438219109557,0.0003535235908717488,0.05495932002694312,0.05460579643607137,-0.002809974605985451,0.0034504473712106782,-0.004805030345155881,0.005915564527529349,0.9480318866396465
1.3401200600300152,0.00035596140875097937,0.05495932002694312,0.05460335861819214,-0.0027988668533267405,0.003505711003242218,-0.00479123368297542,0.00593682826458133,0.939115172705965
1.3425962981490747,0.00035844228529164496,0.05495932002694312,0.054600877741651475,-0.0027876700802074795,0.003561062245183875,-0.0047771790538124696,0.005958406164928556,0.9302251392984345
1.3450725362681342,0.00036096643096518444,0.05495932002694312,0.054598353595977936,-0.0027763859393896313,0.003616498891265937,-0.004762863299823164,0.005980295230448924,0.9213621762512896
1.3475487743871937,0.00036353405289132196,0.05495932002694312,0.0545957859740518,-0.0027650160909396424,0.0036720186720833785,-0.004748283266646561,0.006002492408028911,0.91252665285649
1.3500250125062534,0.0003661453547755267,0.05495932002694312,0.054593174672167594,-0.002753562201996262,0.003727619254631204,-0.004733435804254991,0.006024994590910467,0.9037189179850847
1.352501250625313,0.0003688005368477909,0.05495932002694312,0.05459051949009533,-0.0027420259465279154,0.0037832982423662937,-0.004718317767815262,0.006047798620057805,0.8949393002293208
1.3549774887443724,0.00037149979580276826,0.05495932002694312,0.05458782023114035,-0.002730409005079636,0.003839053175296368,-0.004702926018560505,0.0060709012855429045,0.8861881080646166
1.357453726863432,0.00037424332474127187,0.05495932002694312,0.05458507670220185,-0.0027187130645095325,0.00389488153009646,-0.004687257424672204,0.006094299327948312,0.8774656300305103
1.3599299649824914,0.00037703131311336846,0.05495932002694312,0.05458228871382975,-0.002706939817715013,0.003950780720253291,-0.004671308862171843,0.00611798943978578,0.8687721349296691
1.362406203101551,0.0003798639466629783,0.05495932002694312,0.05457945608028014,-0.002695090963348603,0.00400674809623814,-0.0046550772158220205,0.006141968266929849,0.8601078720440565
1.3648824412206104,0.0003827414073741542,0.05495932002694312,0.054576578619568966,-0.002683168205523609,0.004062780945708407,-0.004638559380036246,0.006166232410064799,0.8514730713673311
1.36735867933967,0.00038566387341902597,0.05495932002694312,0.054573656153524094,-0.0026711732535096176,0.004118876493738443,-0.0046217522597972165,0.006190778426144144,0.8428679438525637
1.3698349174587294,0.00038863151910762533,0.05495932002694312,0.054570688507835495,-0.002659107821417944,0.004175031903079897,-0.004604652771582909,0.006215602829861406,0.8342926816743511
1.3723111555777892,0.00039164451483948703,0.05495932002694312,0.05456767551210363,-0.0026469736278771274,0.00423124427445199,-0.004587257844300055,0.006240702095131214,0.8257474585044129
1.3747873936968487,0.00039470302705723465,0.05495932002694312,0.054564616999885886,-0.002634772395698627,0.004287510646861971,-0.004569564420224461,0.006266072656579723,0.8172324297997711
1.3772636318159082,0.0003978072182021161,0.05495932002694312,0.054561512808741004,-0.0026225058515327547,0.004343827997956154,-0.004551569455947606,0.006291710911043431,0.8087477331025997
1.3797398699349677,0.00040095724667169735,0.05495932002694312,0.05455836278027142,-0.0026101757255150796,0.004400193244401746,-0.004533269923329026,0.006317613219075564,0.8002934883508754
1.3822161080540272,0.0004041532667796305,0.05495932002694312,0.05455516676016349,-0.00259778375090337,0.004456603242299717,-0.0045146628104538325,0.006343775906459121,0.7918697981989434
1.3846923461730867,0.0004073954287176357,0.05495932002694312,0.054551924598225485,-0.00258533166370531,0.0045130547876289714,-0.00449574512259485,0.00637019526572586,0.7834767483471493
1.3871685842921462,0.0004106838785198283,0.05495932002694312,0.05454863614842329,-0.002572821202297069,0.004569544616722007,-0.004476513883178714,0.006396867557680466,0.7751144078796919
1.3896448224112057,0.0004140187580293428,0.05495932002694312,0.05454530126891378,-0.0025602541070329854,0.004626069406772208,-0.0044569661347553385,0.006423789012929185,0.7667828296098785
1.3921210605302654,0.00041740020486736445,0.05495932002694312,0.054541919822075756,-0.0025476321198464958,0.004682625776373033,-0.004437098939970188,0.0064509558334124185,0.7584820504319822
1.394597298649325,0.00042082835240470073,0.05495932002694312,0.05453849167453842,-0.0025349569838425835,0.004739210286088974,-0.0044169093825385565,0.006478364193940371,0.7502120916789257
1.3970735367683844,0.000424303329735809,0.05495932002694312,0.05453501669720731,-0.0025222304428818643,0.004795819439058685,-0.004396394568221372,0.006506010243731526,0.7419729594850258
1.399549774887444,0.000427825261655565,0.05495932002694312,0.054531494765287555,-0.002509454241156635,0.0048524496816300874,-0.0043755516258017334,0.006533890107953158,0.733764645153077
1.4020260130065034,0.00043139426863852276,0.05495932002694312,0.0545279257583046,-0.002496630122759075,0.0049090974040275695,-0.004354377708061571,0.006561999889263467,0.725587125525066
1.404502251125563,0.0004350104668210883,0.05495932002694312,0.05452430956012203,-0.002483759831241805,0.004965758941051326,-0.004332869992757751,0.006590335669354918,0.7174403633558308
1.4069784892446224,0.00043867396798633745,0.05495932002694312,0.05452064605895678,-0.0024708451091711766,0.005022430572808715,-0.004311025683596839,0.006618893510498206,0.7093243076890087
1.409454727363682,0.00044238487955175487,0.05495932002694312,0.054516935147391365,-0.002457887697673477,0.005079108525477591,-0.004288842011207932,0.00664766945708654,0.7012388942346517
1.4119309654827414,0.00044614330455984563,0.05495932002694312,0.054513176722383275,-0.0024448893359743347,0.005135788972101551,-0.004266316234112728,0.00667665953717978,0.6931840457478947
1.4144072036018012,0.0004499493416716821,0.05495932002694312,0.05450937068527144,-0.0024318517609316324,0.005192468033416943,-0.004243445639692222,0.006705859764048138,0.6851596724081106
1.4168834417208607,0.00045380308516348306,0.05495932002694312,0.05450551694177964,-0.002418776706562333,0.0052491417787113165,-0.004220227545149197,0.006735266137714873,0.6771656721980099
1.4193596798399202,0.00045770462492621816,0.05495932002694312,0.0545016154020169,-0.002405665903563281,0.005305806226713497,-0.004196659298465836,0.006764874646498003,0.6692019312821339
1.4218359179589797,0.00046165404646830027,0.05495932002694312,0.05449766598047482,-0.0023925210788266205,0.0053624573465144935,-0.004172738279355688,0.006794681268550242,0.6612683243842946
1.4243121560780392,0.0004656514309214141,0.05495932002694312,0.054493668596021706,-0.0023793439549498916,0.005419091058519558,-0.004148461900209263,0.00682468197339733,0.6533647151634452
1.4267883941970987,0.0004696968550495645,0.05495932002694312,0.054489623171893556,-0.0023661362497413314,0.005475703235430592,-0.004123827607032433,0.006854872723474003,0.645490956587574
1.4292646323161582,0.0004737903912612543,0.05495932002694312,0.054485529635681866,-0.0023528996757206724,0.005532289703258808,-0.004098832880376995,0.006885249475657582,0.637646891305199
1.4317408704352177,0.00047793210762497873,0.05495932002694312,0.05448138791931814,-0.0023396359396157486,0.00558884624236732,-0.004073475236262576,0.006915808182798867,0.6298323520140613
1.4342171085542774,0.00048212206788799533,0.05495932002694312,0.054477197959055125,-0.0023263467418553853,0.005645368588543047,-0.004047752227089077,0.006946544795249873,0.6220471618266683
1.436693346673337,0.0004863603314983686,0.05495932002694312,0.05447295969544475,-0.0023130337760589063,0.005701852434097576,-0.004021661442539023,0.006977455262388251,0.6142911346323516
1.4391695847923964,0.0004906469536303734,0.05495932002694312,0.05446867307331275,-0.0022996987285226296,0.005758293428996593,-0.003995200510468943,0.007008535534138116,0.6065640754555045
1.441645822911456,0.0004949819852132636,0.05495932002694312,0.05446433804172986,-0.0022863432777037555,0.005814687182017216,-0.00396836709778909,0.007039781562486887,0.598865780809728
1.4441220610305154,0.0004993654729634339,0.05495932002694312,0.054459954553979686,-0.0022729690937021117,0.0058710292619327566,-0.003941158911330771,0.00707118930299795,0.5911960390476146
1.446598299149575,0.0005037974594199329,0.05495932002694312,0.05445552256752319,-0.002259577837740113,0.005927315198724246,-0.003913573698700413,0.007102754716318668,0.5835546307059125
1.4490745372686344,0.0005082779829834183,0.05495932002694312,0.0544510420439597,-0.002246171161641347,0.0059835404848182176,-0.0038856092491198245,0.007134473769683659,0.5759413288458639
1.451550775387694,0.0005128070779585533,0.05495932002694312,0.05444651294898457,-0.002232750707308281,0.006039700576349987,-0.0038572633942517394,0.007166342438412835,0.5683558993884986
1.4540270135067535,0.0005173847745997828,0.05495932002694312,0.05444193525234334,-0.0022193181061994326,0.0060957908944517716,-0.0038285340090100112,0.007198356707403947,0.5607981014447125
1.4565032516258132,0.0005220110991605853,0.05495932002694312,0.054437308927782535,-0.0022058749788065645,0.006151806826564882,-0.003799419012353664,0.007230512572619231,0.5532676876399572
1.4589794897448727,0.0005266860739461254,0.05495932002694312,0.054432633952996995,-0.0021924229341321677,0.006207743727775368,-0.0037699163680642495,0.007262806042565998,0.545764404433408
1.4614557278639322,0.0005314097173693619,0.05495932002694312,0.05442791030957376,-0.002178963569167934,0.006263596922172061,-0.0037400240855055365,0.007295233139770437,0.53828799243147
1.4639319659829917,0.0005361820440105206,0.05495932002694312,0.0544231379829326,-0.0021654984683743784,0.006319361704226506,-0.003709740220365131,0.007327789902244691,0.5308381866955206
1.4664082041020512,0.0005410030646800582,0.05495932002694312,0.05441831696226306,-0.002152029203162367,0.006375033340193634,-0.00367906287537716,0.007360472384946421,0.523414717043797
1.4688844422211107,0.0005458727864849494,0.05495932002694312,0.05441344724045817,-0.0021385573313767404,0.006430607069532515,-0.0036479902010254565,0.0073932766612307506,0.5160173083473436
1.4713606803401702,0.0005507912128983952,0.05495932002694312,0.054408528814044725,-0.0021250843967826755,0.006486078106346188,-0.003616520396226531,0.007426198824294018,0.5086456808199548
1.4738369184592297,0.0005557583438328267,0.05495932002694312,0.054403561683110294,-0.002111611928555246,0.00654144164083946,-0.0035846517089917172,0.007459234988608798,0.5012995503020788
1.4763131565782894,0.0005607741757162957,0.05495932002694312,0.054398545851226825,-0.002098141440772463,0.006596692840794146,-0.0035523824370679233,0.007492381291350125,0.49397862853861957
1.478789394697349,0.0005658387015721258,0.05495932002694312,0.054393481325370995,-0.0020846744319125473,0.006651826853060141,-0.0035197109285563326,0.007525633893811927,0.48668262345064683
1.4812656328164084,0.000570951911101826,0.05495932002694312,0.054388368115841294,-0.002071212384355637,0.00670683880506192,-0.0034866355825084873,0.007558988982813686,0.47941123940096597
1.483741870935468,0.0005761137907712433,0.05495932002694312,0.05438320623617188,-0.00205775676389058,0.006761723806318893,-0.0034531548494991992,0.007592442772096441,0.47216417745357636
1.4862181090545274,0.0005813243238998803,0.05495932002694312,0.05437799570304324,-0.0020443090192271765,0.006816476949978929,-0.0034192672321757627,0.007625991503707892,0.4649411356270083
1.488694347173587,0.0005865834907533424,0.05495932002694312,0.05437273653618978,-0.0020308705815144084,0.0068710933143636636,-0.0033849712857829356,0.007659631449375879,0.4577418091415712
1.4911705852926465,0.0005918912686388861,0.05495932002694312,0.054367428758304234,-0.0020174428638650103,0.006925567964524726,-0.00335026561866319,0.007693358911869887,0.4505658906605265
1.493646823411706,0.0005972476320040068,0.05495932002694312,0.054362072394939114,-0.002004027260887005,0.006979895953809531,-0.003315148892731771,0.007727170226349835,0.44341307052523476
1.4961230615307655,0.0006026525525379689,0.05495932002694312,0.05435666747440515,-0.0019906251482225065,0.007034072325435662,-0.003279619823926105,0.007761061761701742,0.4362830369843101
1.4985992996498252,0.0006081059992762636,0.05495932002694312,0.05435121402766686,-0.001977237882094326,0.007088092114072488,-0.0032436771826291413,0.0077950299218595386,0.4291754764168434
1.5010755377688847,0.0006136079387079607,0.05495932002694312,0.05434571208823516,-0.001963866798860797,0.0071419503474290675,-0.0032073197940662547,0.007829071147112624,0.4220900735497425
1.5035517758879442,0.0006191583348857457,0.05495932002694312,0.054340161692057375,-0.0019505132145793205,0.007195642047846838,-0.003170546538675244,0.007863181915398308,0.41502651166925714
1.5060280140070037,0.0006247571495387599,0.05495932002694312,0.05433456287740436,-0.0019371784245789652,0.007249162233896194,-0.0031333563524492234,0.007897358743578815,0.40798447282675876
1.5085042521260632,0.0006304043421880082,0.05495932002694312,0.05432891568475511,-0.001923863703042667,0.0073025059219754464,-0.003095748227251957,0.007931598188701953,0.4009636380388471
1.5109804902451227,0.0006360998702643894,0.05495932002694312,0.05432322015667873,-0.0019105703025993313,0.0073556681279111965,-0.0030577212111054805,0.007965896849245098,0.39396368748186444
1.5134567283641822,0.0006418436892291005,0.05495932002694312,0.05431747633771402,-0.0018972994539264432,0.007408643868558535,-0.003019274408449565,0.008000251366341464,0.3869843006808962
1.5159329664832417,0.0006476357526965376,0.05495932002694312,0.05431168427424658,-0.0018840523653633305,0.007461428163400244,-0.002980406980373034,0.008034658424988498,0.3800251566933494
1.5184092046023012,0.000653476012559398,0.05495932002694312,0.05430584401438372,-0.001870830222535735,0.007514016036143363,-0.0029411181448165,0.008069114755237309,0.37308593428719183
1.520885442721361,0.0006593644191160639,0.05495932002694312,0.054299955607827056,-0.0018576341879919037,0.0075664025163121665,-0.002901407176746552,0.008103617133362823,0.366166312113951
1.5233616808404205,0.0006653009212000266,0.05495932002694312,0.054294019105743094,-0.0018444654008507172,0.007618582640835977,-0.0028612734083010936,0.008138162383013639,0.359265968876564
1.52583791895948,0.000671285466311386,0.05495932002694312,0.054288034560631734,-0.0018313249764621044,0.007670551455630897,-0.002820716228905815,0.008172747376341319,0.35238458349216917
1.5283141570785395,0.0006773180007502155,0.05495932002694312,0.054282002026192905,-0.0018182140060801835,0.007722304017173939,-0.0027797350853617274,0.008207369035108129,0.345521835249951
1.530790395197599,0.000683398469751767,0.05495932002694312,0.05427592155719135,-0.0018051335565494615,0.007773835394068455,-0.0027383294819036882,0.00824202433177277,0.33867740396412527
1.5332666333166585,0.0006895268176233191,0.05495932002694312,0.0542697932093198,-0.0017920846700044141,0.007825140668599509,-0.0026964989802298603,0.008276710290553286,0.33185097012216747
1.535742871435718,0.0006957029878827056,0.05495932002694312,0.054263617039060415,-0.0017790683635827802,0.007876214938278047,-0.0026542431995022838,0.00831142398846662,0.32504221502839686
1.5382191095547775,0.0007019269233982176,0.05495932002694312,0.0542573931035449,-0.0017660856291529092,0.007927053317372552,-0.0026115618163183984,0.008346162556344048,0.3182508209429988
1.5406953476738372,0.0007081985665299689,0.05495932002694312,0.05425112146041315,-0.001753137433055411,0.00797765093842705,-0.0025684545646537937,0.008380923179821953,0.3114764712166042
1.5431715857928967,0.0007145178592724427,0.05495932002694312,0.05424480216767068,-0.001740224715859419,0.008028002953764143,-0.002524921235776187,0.008415703100307148,0.30471885042051994
1.5456478239119562,0.0007208847433981952,0.05495932002694312,0.054238435283544925,-0.001727348392133756,0.008078104536972002,-0.002480961678130838,0.008450499615916294,0.297977644472713
1.5481240620310157,0.0007272991606025736,0.05495932002694312,0.05423202086634055,-0.0017145093502332273,0.008127950884374026,-0.0024365757971975327,0.00848531008238858,0.29125254075964957
1.5506003001500752,0.0007337610526492941,0.05495932002694312,0.054225558974293826,-0.0017017084521003586,0.008177537216480017,-0.002391763555319446,0.008520131913971172,0.2845432282540976
1.5530765382691347,0.0007402703615168524,0.05495932002694312,0.05421904966542627,-0.0016889465330826268,0.008226858779417909,-0.002346524971504015,0.008554962584276885,0.2778493976289764
1.5555527763881942,0.0007468270295454757,0.05495932002694312,0.054212492997397645,-0.0016762244017656646,0.00827591084634454,-0.0023008601211961643,0.008589799627113199,0.27117074136737024
1.5580290145072537,0.0007534309995846783,0.05495932002694312,0.05420588902735844,-0.001663542839822377,0.008324688718834811,-0.0022547691360241943,0.008624640637282395,0.26450695386879003
1.5605052526263132,0.0007600822151411502,0.05495932002694312,0.05419923781180197,-0.0016509026018783415,0.008373187728247808,-0.002208252203518684,0.008659483271351982,0.2578577315517924
1.562981490745373,0.0007667806205269509,0.05495932002694312,0.05419253940641617,-0.001638304415393527,0.008421403237069025,-0.0021613095668047196,0.00869432524839497,0.2512227729530386
1.5654577288644325,0.0007735261610077454,0.05495932002694312,0.054185793865935375,-0.0016257489805605822,0.008469330640227491,-0.0021139415242679162,0.008729164350699347,0.2446017788228986
1.567933966983492,0.0007803187829511782,0.05495932002694312,0.05417900124399194,-0.0016132369702197193,0.00851696536638708,-0.002066148429194644,0.008763998424446487,0.23799445221768462
1.5704102051025515,0.0007871584339749632,0.05495932002694312,0.05417216159296816,-0.0016007690297904602,0.008564302879210605,-0.002017930689386886,0.008798825380357568,0.23140049858861028
1.572886443221611,0.0007940450630948073,0.05495932002694312,0.05416527496384831,-0.0015883457772201473,0.008611338678596182,-0.001969288766752276,0.00883364319430796,0.2248196258675619
1.5753626813406705,0.0008009786208719311,0.05495932002694312,0.05415834140607119,-0.0015759678029494996,0.008658068301884652,-0.0019202231768697955,0.008868449907908806,0.2182515445497711
1.57783891945973,0.0008079590595600206,0.05495932002694312,0.0541513609673831,-0.0015636356698951245,0.00870448732503738,-0.0018707344885316563,0.008903243629055547,0.21169596777346789
1.5803151575787895,0.0008149863332515619,0.05495932002694312,0.05414433369369156,-0.0015513499134491415,0.00875059136378334,-0.001820823323261984,0.008938022532442755,0.20515261139660884
1.5827913956978492,0.0008220603980233568,0.05495932002694312,0.054137259628919764,-0.0015391110414959084,0.00879637607473493,-0.0017704903548128698,0.008972784860045097,0.19862119407075224
1.5852676338169087,0.0008291812120811634,0.05495932002694312,0.05413013881486196,-0.001526919534445807,0.008841837156471632,-0.0017197363086384166,0.009007528921563986,0.19210143731216217
1.5877438719359682,0.0008363487359032279,0.05495932002694312,0.05412297129103989,-0.0015147758452862068,0.008886970350590708,-0.00166856196134741,0.009042253094839463,0.1855930655702207
1.5902201100550277,0.000843562932382684,0.05495932002694312,0.054115757094560436,-0.0015026803996495523,0.00893177144272427,-0.0016169681401352852,0.00907695582622706,0.17909580629322122
1.5926963481740872,0.0008508237669686003,0.05495932002694312,0.05410849625997452,-0.001490633595898393,0.008976236263522185,-0.0015649557221961337,0.00911163563093944,0.1726093899916201
1.5951725862931467,0.0008581312078056458,0.05495932002694312,0.054101188819137475,-0.0014786358052275607,0.009020360689599953,-0.0015125256341153434,0.00914629109335233,0.16613355029881044
1.5976488244122062,0.0008654852258721465,0.05495932002694312,0.054093834801070974,-0.001466687371783201,0.009064140644451171,-0.0014596788512437236,0.009180920867274692,0.15966802402949512
1.6001250625312657,0.0008728857951164626,0.05495932002694312,0.05408643423182666,-0.0014547886127987356,0.009107572099323884,-0.0014064163970537746,0.009215523676182736,0.15321255123571959
1.6026013006503252,0.0008803328925915399,0.05495932002694312,0.05407898713435158,-0.001442939818747508,0.009150651074060455,-0.0013527393424789052,0.009250098313417755,0.1467668752606304
1.605077538769385,0.0008878264985875753,0.05495932002694312,0.054071493528355545,-0.001431141253512137,0.00919337363790042,-0.0012986488052364057,0.009284643642347526,0.14033074279002583
1.6075537768884445,0.000895366596762523,0.05495932002694312,0.0540639534301806,-0.0014193931545703788,0.00923573591024577,-0.0012441459491349287,0.009319158596491,0.13390390390175566
1.610030015007504,0.0009029531742705404,0.05495932002694312,0.05405636685267258,-0.0014076957331973158,0.009277734061388598,-0.001189231983367282,0.009353642179606502,0.12748611211302252
1.6125062531265635,0.0009105862218880476,0.05495932002694312,0.05404873380505507,-0.0013960491746837778,0.009319364313200467,-0.0011339081617894448,0.009388093465743038,0.12107712442565441
1.614982491245623,0.0009182657341373981,0.05495932002694312,0.05404105429280572,-0.0013844536385708393,0.009360622939783264,-0.0010781757821865536,0.009422511599254748,0.11467670136939101
1.6174587293646825,0.0009259917094080403,0.05495932002694312,0.05403332831753508,-0.0013729092589000562,0.009401506268081481,-0.0010220361855267676,0.009456895794778616,0.10828460704323967
1.619934967483742,0.0009337641500750393,0.05495932002694312,0.05402555587686808,-0.0013614161444794187,0.009442010678455464,-0.0009654907552038283,0.009491245337175257,0.10190060915494913
1.6224112056028015,0.0009415830626147842,0.05495932002694312,0.054017736964328336,-0.0013499743791647156,0.009482132605215486,-0.0009085409162692442,0.009525559581432787,0.09552447905865431
1.6248874437218612,0.0009494484577179871,0.05495932002694312,0.05400987156922513,-0.001338584022156029,0.009521868537116817,-0.0008511881346549006,0.009559837952534156,0.08915599179072685
1.6273636818409207,0.0009573603503995123,0.05495932002694312,0.05400195967654361,-0.00132724510830925,0.00956121501781517,-0.0007934339163870862,0.009594079945287494,0.08279492610389184
1.6298399199599802,0.0009653187601053673,0.05495932002694312,0.05399400126683775,-0.0013159576484621932,0.009600168646283066,-0.0007352798067926675,0.009628285124120157,0.07644106449963027
1.6323161580790397,0.0009733237108163414,0.05495932002694312,0.05398599631612678,-0.0013047216297752094,0.009638726077186648,-0.0006767273896984833,0.009662453122836147,0.07009419325892988
1.6347923961980992,0.0009813752311485235,0.05495932002694312,0.0539779447957946,-0.001293537016085873,0.00967688402122326,-0.0006177782866247406,0.009696583644337373,0.06375410247140831
1.6372686343171587,0.0009894733544503834,0.05495932002694312,0.05396984667249274,-0.001282403748277549,0.00971463924541975,-0.000558434155973346,0.009730676460308773,0.05742058606284918
1.6397448724362182,0.000997618118896454,0.05495932002694312,0.053961701908046666,-0.0012713217446614859,0.009751988573391674,-0.0004986966922120503,0.009764731410867634,0.051093441821182806
1.6422211105552778,0.0010058095675774675,0.05495932002694312,0.05395351045936565,-0.00126029090137216,0.009788928885563498,-0.000438567625055354,0.009798748404177245,0.04477247142094976
1.6446973486743373,0.0010140477485868563,0.05495932002694312,0.053945272278356264,-0.0012493110927754812,0.009825457119350144,-0.00037804871864302505,0.009832727416025325,0.0384574804462726
1.647173586793397,0.0010223327151036021,0.05495932002694312,0.05393698731183952,-0.0012383821718896359,0.009861570269299944,-0.0003171417707171473,0.00986666848936733,0.03214827841236838
1.6496498249124565,0.0010306645254712712,0.05495932002694312,0.05392865550147185,-0.0012275039708181182,0.00989726538719937,-0.0002558486117985933,0.00990057173383507,0.02584467878562942
1.652126063031516,0.0010390432432732175,0.05495932002694312,0.0539202767836699,-0.0012166763011946993,0.009932539582139877,-0.0001941711043637668,0.009934437325210987,0.019546499002294025
1.6546023011505755,0.0010474689374038101,0.05495932002694312,0.05391185108953931,-0.0012058989546398814,0.00996739002054717,-0.00013211114202256192,0.009968265504868429,0.013253560485738808
1.657078539269635,0.0010559416821357623,0.05495932002694312,0.05390337834480736,-0.0011951717032285362,0.010001813926173398,-6.967064869837993e-05,0.010002056579178412,0.006965688662412006
1.6595547773886945,0.001064461557183323,0.05495932002694312,0.0538948584697598,-0.001184494299968382,0.010035808580052442,-6.851577811038375e-06,0.010035810918883073,0.0006827129764269144
1.662031015507754,0.0010730286477613274,0.05495932002694312,0.05388629137918179,-0.0011738664792888534,0.01006937132041905,5.634408853650045e-05,0.01006952895843647,-0.005595533097157974
1.6645072536268135,0.0010816430446401598,0.05495932002694312,0.05387767698230296,-0.0011632879575400063,0.010102499542592213,0.00011991434036681242,0.010103211195313176,-0.011869212040360457
1.6669834917458732,0.0010903048441963867,0.05495932002694312,0.053869015182746734,-0.0011527584335011233,0.010135190698823186,0.0001838571406312047,0.010136858189284937,-0.018138482281573783
1.6694597298649327,0.0010990141484591293,0.05495932002694312,0.05386030587848399,-0.0011422775888985494,0.010167442298108917,0.0002481704260066184,0.010170470561666192,-0.02440349818612935
1.6719359679839922,0.0011077710651520856,0.05495932002694312,0.053851548961791035,-0.001131845088932438,0.010199251905971315,0.00031285210768547443,0.010204048994528729,-0.030664410048112285
1.6744122061030517,0.0011165757077312016,0.05495932002694312,0.05384274431921192,-0.0011214605828119163,0.010230617144203095,0.0003779000721575846,0.010237594229886189,-0.03692136408340765
1.6768884442221113,0.0011254281954178255,0.05495932002694312,0.053833891831525295,-0.0011111237042984272,0.010261535690580696,0.0004433121819833774,0.010271107068848824,-0.04317450242396801
1.6793646823411708,0.0011343286532274968,0.05495932002694312,0.053824991373715624,-0.0011008340722566175,0.01029200527854516,0.0005090862765577146,0.01030458837074926,-0.049423963113294174
1.6818409204602303,0.0011432772119941217,0.05495932002694312,0.053816042814949,-0.001090591291212602,0.01032202369685147,0.0005752201728634697,0.010338039052239664,-0.05566988010311101
1.6843171585792898,0.0011522740083896657,0.05495932002694312,0.053807046018553455,-0.0010803949519190238,0.01035158878918717,0.0006417116662141948,0.010371460086361077,-0.06191238325123441
1.6867933966983493,0.0011613191849392732,0.05495932002694312,0.05379800084200385,-0.0010702446319265785,0.010380698453761099,0.0007085585309851249,0.010404852501585491,-0.06815159832061626
1.689269634817409,0.0011704128900317592,0.05495932002694312,0.05378890713691136,-0.0010601398961616092,0.010409350642862731,0.0007757585213318306,0.01043821738083116,-0.07438764697956186
1.6917458729364685,0.0011795552779254662,0.05495932002694312,0.053779764749017654,-0.0010500802975093098,0.010437543362393284,0.0008433093718958148,0.010471555860452038,-0.08062064680310803
1.694222111055528,0.001188746508749533,0.05495932002694312,0.05377057351819359,-0.0010400653774021301,0.010465274671369203,0.000911208798496456,0.010504869129201903,-0.08685071127556199
1.6966983491745875,0.0011979867485004125,0.05495932002694312,0.05376133327844271,-0.0010300946664130771,0.010492542681398737,0.0009794544988085707,0.010538158427173627,-0.09307794979418829
1.699174587293647,0.0012072761690337871,0.05495932002694312,0.05375204385790933,-0.001020167684853363,0.010519345556132782,0.0010480441530250186,0.010571425044714663,-0.09930246767403973
1.7016508254127065,0.001216614948051746,0.05495932002694312,0.053742705078891374,-0.0010102839433740567,0.010545681510690607,0.0011169754245037558,0.010604670321319143,-0.10552436615392997
1.704127063531766,0.0012260032690852643,0.05495932002694312,0.053733316757857856,-0.0010004429435714023,0.010571548811061367,0.0011862459603987517,0.010637895644497335,-0.11174374240354293
1.7066033016508255,0.0012354413214719986,0.05495932002694312,0.05372387870547112,-0.0009906441785952937,0.010596945773482427,0.0012558533922741623,0.010671102448623272,-0.11796068953166913
1.7090795397698852,0.0012449293003293296,0.05495932002694312,0.05371439072661379,-0.000980887133760557,0.010621870763795314,0.0013257953367013095,0.010704292213761197,-0.12417529659557447
1.7115557778889448,0.0012544674065227066,0.05495932002694312,0.053704852620420414,-0.0009711712871606744,0.010646322196780158,0.0013960693958378731,0.01073746646447145,-0.1303876486114913
1.7140320160080043,0.0012640558466293222,0.05495932002694312,0.0536952641803138,-0.0009614961102835141,0.010670298535469813,0.0014666731579888498,0.010770626768596813,-0.13659782656623057
1.7165082541270638,0.0012736948328969863,0.05495932002694312,0.053685625194046134,-0.0009518610686287156,0.010693798290444123,0.0015376041981488234,0.010803774736029557,-0.14280590742991872
1.7189844922461233,0.0012833845831983978,0.05495932002694312,0.05367593544374472,-0.0009422656223262984,0.010716820019105885,0.0016088600785250137,0.010836912017460518,-0.14901196416984216
1.7214607303651828,0.001293125320980637,0.05495932002694312,0.05366619470596248,-0.000932709226756168,0.01073936232493897,0.0016804383490407913,0.01087004030311045,-0.1552160657654128
1.7239369684842423,0.001302917275210043,0.05495932002694312,0.05365640275173308,-0.0009231913331681557,0.010761423856749715,0.0017523365478192077,0.010903161321444569,-0.16141827722424623
1.7264132066033018,0.001312760680312372,0.05495932002694312,0.05364655934663075,-0.0009137113893021307,0.010783003307892758,0.0018245522016461478,0.010936276837871194,-0.1676186595993458
1.7288894447223613,0.0013226557761083363,0.05495932002694312,0.053636664250834784,-0.0009042688400079336,0.010804099415481955,0.0018970828264127902,0.010969388653424943,-0.17381727000739872
1.731365682841421,0.0013326028077445262,0.05495932002694312,0.053626717219198594,-0.0008948631278647137,0.01082471095958755,0.001969925927537054,0.011002498603435383,-0.18001416164818002
1.7338419209604805,0.001342602025619609,0.05495932002694312,0.05361671800132351,-0.000885493693799348,0.0108448367624205,0.0020430790003636108,0.011035608556181844,-0.18620938382505206
1.73631815907954,0.0013526536853061127,0.05495932002694312,0.05360666634163701,-0.0008761599777035445,0.010864475687505008,0.0021165395305424535,0.011068720411535215,-0.19240298196658204
1.7387943971985995,0.001362758047467487,0.05495932002694312,0.05359656197947563,-0.0008668614190493482,0.010883626638840196,0.00219030499438542,0.011101836099587387,-0.19859499764924265
1.741270635317659,0.001372915377770699,0.05495932002694312,0.05358640464917242,-0.0008575974575027109,0.01090228856005172,0.002264372859200694,0.011134957579268964,-0.20478546862122105
1.7437468734367185,0.0013831259467943086,0.05495932002694312,0.05357619408014881,-0.000848367533534765,0.010920460433534614,0.002338740583604986,0.011168086836956274,-0.21097442882731895
1.746223111555778,0.0013933900299320373,0.05495932002694312,0.05356592999701108,-0.0008391710890304814,0.010938141279588101,0.0024134056178132246,0.011201225885068191,-0.2171619084349461
1.7486993496748375,0.0014037079072919054,0.05495932002694312,0.053555612119651215,-0.0008300075678944726,0.0109553301555433,0.0024883654039055325,0.01123437676065345,-0.22334793386119944
1.7511755877938973,0.0014140798635909474,0.05495932002694312,0.05354524016335217,-0.000820876416653518,0.010972026154885042,0.0025636173760714945,0.011267541523969509,-0.22953252780103145
1.7536518259129568,0.0014245061880455226,0.05495932002694312,0.0535348138388976,-0.0008117770850556375,0.010988228406368351,0.002639158960831406,0.011300722257053178,-0.23571570925649454
1.7561280640320163,0.0014349871742573364,0.05495932002694312,0.053524332852685784,-0.0008027090266652737,0.011003936073130978,0.002714987577234656,0.011333921062284301,-0.24189749356706935
1.7586043021510758,0.001445523120095063,0.05495932002694312,0.05351379690684806,-0.0007936716994545031,0.011019148351802439,0.002791100637034882,0.011367140060942634,-0.24807789244105619
1.7610805402701353,0.0014561143275717628,0.05495932002694312,0.05350320569937136,-0.0007846645663897528,0.011033864471610927,0.0028674955448421543,0.011400381391759114,-0.25425691398804207
1.7635567783891948,0.0014667611027180533,0.05495932002694312,0.05349255892422507,-0.0007756870960139725,0.011048083693488683,0.0029441696982519107,0.011433647209461875,-0.26043456275242094
1.7660330165082543,0.0014774637554510958,0.05495932002694312,0.053481856271492025,-0.0007667387630238632,0.01106180530917691,0.0030211204879508086,0.01146693968331789,-0.26661083974797334
1.7685092546273138,0.0014882225994394052,0.05495932002694312,0.053471097427503715,-0.0007578190488419529,0.01107502864033104,0.0030983452977994376,0.011500260995670867,-0.2727857424934917
1.7709854927463733,0.001499037951963579,0.05495932002694312,0.05346028207497954,-0.000748927442183276,0.011087753037627247,0.0031758415048919594,0.011533613340476031,-0.27895926504944696
1.773461730865433,0.0015099101337729959,0.05495932002694312,0.053449409893170124,-0.0007400634396164093,0.011099977879871093,0.0032536064795927223,0.011566998921832548,-0.2851313980556865
1.7759379689844925,0.0015208394689384327,0.05495932002694312,0.05343848055800469,-0.0007312265461186379,0.011111702573109103,0.0033316375855499186,0.011600419952514148,-0.2913021287701536
1.778414207103552,0.0015318262847007977,0.05495932002694312,0.05342749374224232,-0.0007224162756249682,0.011122926549744283,0.0034099321796865196,0.011633878652498826,-0.2974714411086275
1.7808904452226115,0.0015428709113158856,0.05495932002694312,0.053416449115627235,-0.0007136321515708666,0.011133649267656094,0.003488487612168356,0.011667377247497878,-0.3036393156854581
1.783366683341671,0.0015539736818952904,0.05495932002694312,0.05340534634504783,-0.0007048737074284595,0.011143870209326005,0.0035673012263497715,0.011700917967485295,-0.3098057298553023
1.7858429214607305,0.0015651349322435074,0.05495932002694312,0.05339418509469961,-0.0006961404872359647,0.011153588880969265,0.0036463703586967944,0.011734503045227941,-0.3159706577558349
1.78831915957979,0.0015763550006912402,0.05495932002694312,0.05338296502625188,-0.0006874320461201884,0.011162804811673668,0.00372569233868816,0.011768134714817146,-0.32213407035143476
1.7907953976988495,0.0015876342279250305,0.05495932002694312,0.05337168579901809,-0.0006787479508119009,0.011171517552546157,0.0038052644886942956,0.0118018152102024,-0.328295935477824
1.793271635817909,0.0015989729568131675,0.05495932002694312,0.05336034707012995,-0.0006700877801539022,0.011179726675867958,0.003885084123834524,0.011835546763727675,-0.3344562178876502
1.7957478739369688,0.0016103715322280804,0.05495932002694312,0.05334894849471504,-0.000661451125601586,0.011187431774258946,0.003965148551812729,0.011869331604670975,-0.340614879296999
1.7982241120560283,0.001621830300865039,0.05495932002694312,0.05333748972607808,-0.000652837591715803,0.01119463245985209,0.004045455072731712,0.011903171957787756,-0.3467718784328158
1.8007003501750878,0.0016333496110575024,0.05495932002694312,0.05332597041588562,-0.0006442467966479805,0.011201328363478508,0.004126000978886554,0.011937070041858719,-0.3529271710812281
1.8031765882941473,0.0016449298125888953,0.05495932002694312,0.053314390214354225,-0.0006356783726171435,0.011207519133863978,0.0042067835545372585,0.011971028068242606,-0.35908071013674625
1.8056528264132068,0.001656571256501052,0.05495932002694312,0.05330274877044207,-0.000627131966378907,0.011213204436837338,0.004287800075660926,0.012005048239434376,-0.3652324456523262
1.8081290645322663,0.0016682742948993246,0.05495932002694312,0.053291045732043796,-0.0006186072396860776,0.011218383954551776,0.004369047809683886,0.012039132747629636,-0.3713823248902754
1.8106053026513258,0.0016800392807543862,0.05495932002694312,0.053279280746188734,-0.0006101038697409154,0.011223057384719234,0.004450524015194046,0.012073283773295477,-0.37753029237398594
1.8130815407703853,0.001691866567700831,0.05495932002694312,0.05326745345924229,-0.0006016215496387643,0.0112272244398589,0.004532225941633854,0.012107503483748575,-0.3836762899404694
1.815557778889445,0.0017037565098326143,0.05495932002694312,0.053255563517110506,-0.0005931599888030353,0.011230884846560058,0.004614150828974211,0.012141794031740769,-0.38982025679367766
1.8180340170085045,0.0017157094614953447,0.05495932002694312,0.053243610565447776,-0.0005847189134113489,0.01123403834476017,0.004696295907369728,0.012176157554052899,-0.3959621295585826
1.820510255127564,0.0017277257770756116,0.05495932002694312,0.05323159424986751,-0.0005762980668127778,0.011236684687038454,0.004778658396795765,0.012210596170097149,-0.40210184233600144
1.8229864932466235,0.001739805810787226,0.05495932002694312,0.053219514216155894,-0.0005678972099359726,0.011238823637925801,0.004861235506667609,0.012245111980528623,-0.40823932675813185
1.825462731365683,0.00175194991645463,0.05495932002694312,0.05320737011048849,-0.0005595161216882258,0.011240454973231223,0.004944024435442222,0.012279707065866365,-0.41437451204478515
1.8279389694847425,0.0017641584472933639,0.05495932002694312,0.053195161579649757,-0.0005511545993452044,0.011241578479385624,0.00502702237020302,0.012314383485124522,-0.42050732506028304
1.830415207603802,0.0017764317556877504,0.05495932002694312,0.05318288827125537,-0.0005428124589313549,0.01124219395280315,0.005110226486228132,0.01234914327445395,-0.4266376903710009
1.8328914457228616,0.0017887701929659092,0.05495932002694312,0.05317054983397721,-0.0005344895355908243,0.011242301199260795,0.005193633946542629,0.012383988445794863,-0.43276553030352677
1.835367683841921,0.001801174109171945,0.05495932002694312,0.053158145917771175,-0.0005261856839489298,0.011241900033296375,0.005277241901455025,0.01241892098554064,-0.4388907650034069
1.8378439219609808,0.0018136438528356738,0.05495932002694312,0.05314567617410745,-0.0005179007784638281,0.011240990277625814,0.0053610474880789,0.012453942853213804,-0.4450133124944594
1.8403201600800403,0.0018261797707396707,0.05495932002694312,0.05313314025620345,-0.0005096347137686962,0.011239571762579474,0.005445047829839643,0.012489055980153794,-0.4511330887386159
1.8427963981990998,0.0018387822076839297,0.05495932002694312,0.05312053781925919,-0.0005013874050038844,0.01123764432555861,0.0055292400359673605,0.012524262268217795,-0.457250007696276
1.8452726363181593,0.0018514515062480266,0.05495932002694312,0.053107868520695094,-0.0004931587881394205,0.011235207810511771,0.00561362120097598,0.012559563588494294,-0.46336398138712986
1.8477488744372188,0.001864188006550964,0.05495932002694312,0.053095132020392156,-0.0004849488202874133,0.011232262067431819,0.0056981884041294555,0.012594961780030263,-0.46947491995143503
1.8502251125562783,0.0018769920460087186,0.05495932002694312,0.0530823279809344,-0.0004767574800045391,0.011228806951873737,0.005782938708895352,0.012630458648572039,-0.47558273171170323
1.8527013506753378,0.0018898639590895772,0.05495932002694312,0.05306945606785354,-0.0004685847675844415,0.011224842324493622,0.0058678691623865326,0.012666055965320467,-0.48168732323477736
1.8551775887943973,0.0019028040770672633,0.05495932002694312,0.05305651594987586,-0.0004604307053399752,0.011220368050609135,0.00595297679479136,0.012701755465700583,-0.4877885993942562
1.857653826913457,0.0019158127277720746,0.05495932002694312,0.053043507299171046,-0.000452295337875273,0.011215383999781676,0.006038258618793138,0.012737558848146235,-0.4938864634332475
1.8601300650325165,0.001928890235339903,0.05495932002694312,0.05303042979160322,-0.00044417873234757575,0.011209890045420513,0.006123711628979153,0.012773467772899904,-0.4999808170274038
1.862606303151576,0.0019420369199593945,0.05495932002694312,0.053017283106983726,-0.00043608097871872947,0.011203886064409209,0.006209332801240168,0.012809483860828271,-0.5060715603482216
1.8650825412706356,0.0019552530976171753,0.05495932002694312,0.053004066929325945,-0.00042800218999636003,0.011197371936754434,0.006295119092160678,0.012845608692253615,-0.5121585921265588
1.867558779389695,0.0019685390798413263,0.05495932002694312,0.052990780947101794,-0.0004199425024645929,0.011190347545257499,0.006381067438400754,0.012881843805801593,-0.5182418097163458
1.8700350175087546,0.0019818951734430768,0.05495932002694312,0.052977424853500044,-0.00041190207590437265,0.011182812775208677,0.006467174756069897,0.012918190697265547,-0.5243211091584508
1.872511255627814,0.0019953216802569146,0.05495932002694312,0.052963998346686206,-0.00040388109380326727,0.011174767514104596,0.006553437940093668,0.012954650818487798,-0.5303963852446699
1.8749874937468736,0.0020088188968790457,0.05495932002694312,0.052950501130064075,-0.00039587976355468044,0.011166211651388766,0.006639853863573592,0.01299122557625813,-0.5364675315818052
1.877463731865933,0.002022387114404417,0.05495932002694312,0.0529369329125387,-0.00038789831664655817,0.01115714507821545,0.006726419377141041,0.01302791633122986,-0.5425344406557964
1.8799399699849928,0.0020360266181622885,0.05495932002694312,0.05292329340878083,-0.0003799370088393827,0.01114756768723698,0.006813131308305669,0.013064724396853725,-0.5485970038958726
1.8824162081040523,0.0020497376874504605,0.05495932002694312,0.05290958233949266,-0.0003719961203335828,0.011137479372414515,0.006899986460799031,0.013101651038329816,-0.5546551117386896
1.8848924462231118,0.0020635205952682645,0.05495932002694312,0.052895799431674856,-0.00036407595592615957,0.01112688002885259,0.006986981613914152,0.01313869747157811,-0.5607086536924193
1.8873686843421713,0.002077375608048347,0.05495932002694312,0.05288194441889477,-0.0003561768451566163,0.011115769552657168,0.007074113521841462,0.013175864862227464,-0.5667575184007531
1.8898449224612308,0.002091302985387372,0.05495932002694312,0.05286801704155575,-0.0003482991424420979,0.011104147840817629,0.007161378913002003,0.013213154324623798,-0.5728015937067891
1.8923211605802903,0.0021053029797757083,0.05495932002694312,0.05285401704716741,-0.0003404432272017246,0.011092014791112393,0.007248774489378306,0.013250566920857304,-0.578840766716763
1.8947973986993498,0.0021193758363261955,0.05495932002694312,0.052839944190616925,-0.00033260950397005946,0.011079370302038453,0.00733629692584386,0.013288103659809316,-0.5848749238635972
1.8972736368184093,0.0021335217925020702,0.05495932002694312,0.05282579823444105,-0.00032479840249969357,0.011066214272764729,0.007423942869491652,0.013325765496218885,-0.5909039509702233
1.899749874937469,0.0021477410778441217,0.05495932002694312,0.052811578949099,-0.00031701037785295937,0.011052546603109113,0.00751170893896247,0.013363553329769275,-0.5969277333126539
1.9022261130565286,0.0021620339136972366,0.05495932002694312,0.052797286113245884,-0.00030924591048264597,0.01103836719353953,0.007599591723773734,0.013401468004194913,-0.6029461556827586
1.904702351175588,0.002176400512936341,0.05495932002694312,0.05278291951400678,-0.0003015055063017632,0.01102367594519853,0.00768758778364944,0.013439510306408668,-0.6089591024507247
1.9071785892946476,0.002190841079691863,0.05495932002694312,0.05276847894725126,-0.0002937896967423301,0.01100847275995167,0.00777569364785192,0.013477680965649937,-0.6149664576271578
1.909654827413707,0.00220535580907482,0.05495932002694312,0.0527539642178683,-0.00028609903880307463,0.01099275754045954,0.007863905814516115,0.013515980652653749,-0.620968104924793
1.9121310655327666,0.0022199448869016855,0.05495932002694312,0.052739375140041435,-0.0002784341150861092,0.010976530190273337,0.007952220749987051,0.01355440997884108,-0.6269639278197867
1.914607303651826,0.002234608489418956,0.05495932002694312,0.052724711537524165,-0.0002707955338225052,0.010959790613953834,0.00804063488816112,0.013592969495530561,-0.632953809612552
1.9170835417708856,0.00224934678302776,0.05495932002694312,0.05270997324391536,-0.00026318392888675804,0.010942538717213688,0.008129144629832021,0.013631659693171897,-0.6389376334881154
1.919559779889945,0.0022641599240083854,0.05495932002694312,0.052695160102934735,-0.00025559995980008665,0.010924774407083067,0.008217746342041865,0.013670481000601245,-0.6449152825759468
1.9220360180090048,0.0022790480582450187,0.05495932002694312,0.0526802719686981,-0.00024804431172258676,0.010906497592098177,0.008306436357438279,0.013709433784318588,-0.650886640009254
1.9245122561280643,0.0022940113209506258,0.05495932002694312,0.052665308705992495,-0.00024051769543417768,0.010887708182512824,0.008395210973638077,0.013748518347787512,-0.6568515889836902
1.9269884942471238,0.0023090498363922338,0.05495932002694312,0.05265027019055089,-0.00023302084730433652,0.010868406090532634,0.008484066452598348,0.013787734930757538,-0.6628100128154645
1.9294647323661833,0.0023241637176166785,0.05495932002694312,0.05263515630932644,-0.00022555452925056112,0.010848591230571934,0.008572999019995513,0.013827083708609213,-0.6687617949988085
1.9319409704852428,0.0023393530661768164,0.05495932002694312,0.052619966960766304,-0.00021811952868561104,0.010828263519532826,0.008662004864613092,0.013866564791722076,-0.6747068192627882
1.9344172086043023,0.002354617971858486,0.05495932002694312,0.052604702055084634,-0.0002107166584534026,0.010807422877106612,0.008751080137738903,0.013906178224865942,-0.6806449696274162
1.9368934467233618,0.002369958512408274,0.05495932002694312,0.052589361514534846,-0.00020334675675363336,0.010786069226096984,0.008840220952572381,0.013945923986615448,-0.6865761304590534
1.9393696848424213,0.002385374753262115,0.05495932002694312,0.052573945273681005,-0.00019601068705506382,0.010764202492764937,0.008929423383642655,0.01398580198878817,-0.6925001865250654
1.941845922961481,0.0024008667472749795,0.05495932002694312,0.05255845327966814,-0.00018870933799740829,0.010741822607195197,0.00901868346623819,0.014025812075906616,-0.6984170230477077
1.9443221610805406,0.0024164345344516586,0.05495932002694312,0.05254288549249146,-0.00018144362328191164,0.01071892950368366,0.009107997195848526,0.01406595402468402,-0.7043265257572211
1.9467983991996,0.002432078141678881,0.05495932002694312,0.05252724188526424,-0.0001742144815504742,0.010695523121145894,0.009197360527619002,0.014106227543534468,-0.7102285809441086
1.9492746373186596,0.0024477975824587633,0.05495932002694312,0.05251152244448436,-0.00016702287625341202,0.010671603403546096,0.009286769375818944,0.01414663227210721,-0.7161230755105725
1.951750875437719,0.0024635928566438398,0.05495932002694312,0.05249572717029928,-0.0001598697955057433,0.010647170300346443,0.009376219613324223,0.014187167780845661,-0.7220098970210924
1.9542271135567786,0.002479463950173691,0.05495932002694312,0.05247985607676943,-0.0001527562519320889,0.01062222376697632,0.00946570707111464,0.01422783357057097,-0.727888933752119
1.956703351675838,0.0024954108348134094,0.05495932002694312,0.05246390919212971,-0.00014568328250005565,0.010596763765321319,0.009555227537787016,0.014268629072090639,-0.7337600747408629
1.9591795897948976,0.002511433467893974,0.05495932002694312,0.052447886559049146,-0.0001386519483422251,0.0105707902642314,0.009644776759084551,0.014309553645832104,-0.7396232098331682
1.961655827913957,0.0025275317920546297,0.05495932002694312,0.05243178823488849,-0.0001316633345665773,0.010544303240048103,0.009734350437443192,0.014350606581501682,-0.7454782297304406
1.9641320660330168,0.0025437057349875433,0.05495932002694312,0.05241561429195558,-0.00012471855005549357,0.010517302677150299,0.009823944231555614,0.01439178709776891,-0.7513250260356193
1.9666083041520763,0.0025599552091847347,0.05495932002694312,0.052399364817758386,-0.00011781872725325849,0.010489788568518127,0.009913553755953534,0.014433094341976496,-0.7571634912981762
1.9690845422711358,0.002576280111687465,0.05495932002694312,0.052383039915255655,-0.0001109650219420096,0.010461760916314738,0.010003174580609054,0.01447452738987611,-0.7629935190581271
1.9715607803901953,0.002592680323838352,0.05495932002694312,0.05236663970310477,-0.00010415861300625863,0.010433219732485472,0.010092802230555576,0.01451608524539009,-0.7688150038890356
1.9740370185092548,0.002609155711036086,0.05495932002694312,0.052350164315907034,-9.740070218585209e-05,0.010404165039373933,0.010182432185529042,0.014557766840399269,-0.7746278414400043
1.9765132566283143,0.0026257061224932085,0.05495932002694312,0.05233361390444991,-9.069251381746846e-05,0.010374596870354696,0.010272059879630133,0.014599571034557161,-0.7804319284766335
1.9789894947473738,0.0026423313909968577,0.05495932002694312,0.05231698863594626,-8.403529456457379e-05,0.010344515270482113,0.010361680701008041,0.014641496615130577,-0.786227162920939
1.9814657328664333,0.0026590313326727566,0.05495932002694312,0.052300288694270364,-7.743031313595106e-05,0.010313920297154664,0.010451289991566404,0.014683542296866756,-0.7920134438902211
1.983941970985493,0.002675805746752566,0.05495932002694312,0.052283514280190554,-7.087885999268939e-05,0.010282812020794639,0.010540883046692165,0.014725706721887444,-0.7977906717348692
1.9864182091045526,0.0026926544153447612,0.05495932002694312,0.05226666561159836,-6.438224704371272e-05,0.010251190525542478,0.010630455115007872,0.014767988459609823,-0.8035587480750979
1.988894447223612,0.0027095771032091404,0.05495932002694312,0.05224974292373398,-5.79418073298932e-05,0.01021905590996523,0.010720001398148002,0.014810386006694438,-0.8093175758366093
1.9913706853426716,0.0027265735575352362,0.05495932002694312,0.052232746469407884,-5.155889469671618e-05,0.010186408287778883,0.010809517050559988,0.014852897787020465,-0.8150670592851649
1.993846923461731,0.002743643507724637,0.05495932002694312,0.05221567651921848,-4.523488345548705e-05,0.010153247788583813,0.010898997179330586,0.014895522151688344,-0.8208071040600755
1.9963231615807906,0.0027607866651775323,0.05495932002694312,0.05219853336176559,-3.8971168033212836e-05,0.010119574558612931,0.010988436844037955,0.014938257379049837,-0.8265376172065904
1.99879939969985,0.0027780027230834836,0.05495932002694312,0.05218131730385964,-3.276916261111141e-05,0.01008538876149193,0.011077831056630284,0.014981101674765783,-0.8322585072071965
2.0012756378189094,0.0027952913562167836,0.05495932002694312,0.05216402867072634,-2.6630300751785164e-05,0.010050690579011241,0.011167174781331331,0.015024053171891658,-0.8379696840118084
2.003751875937969,0.00281265222073631,0.05495932002694312,0.05214666780620681,-2.0556035015115073e-05,0.010015480211908939,0.011256462934573594,0.015067109930991036,-0.8436710590668646
2.006228114057029,0.002830084953990321,0.05495932002694312,0.0521292350729528,-1.4547836562928042e-05,0.00997975788066414,0.011345690384959443,0.015110269940277015,-0.8493625453433156
2.008704352176088,0.0028475891743260998,0.05495932002694312,0.05211173085261702,-8.607194752464475e-06,0.009943523826300326,0.011434851953250932,0.015153531115781858,-0.8550440573635096
2.011180590295148,0.0028651644809048193,0.05495932002694312,0.0520941555460383,-2.735616718685255e-06,0.009906778311197949,0.011523942412388823,0.015196891301554934,-0.8607155112269828
2.013656828414207,0.0028828104535216365,0.05495932002694312,0.052076509573421484,3.0653730544610326e-06,0.00986952161991577,0.011612956487540974,0.015240348269888874,-0.8663768246351353
2.016133066533267,0.002900526652431318,0.05495932002694312,0.0520587933745118,8.794233173859897e-06,0.00983175406002025,0.011701888856181213,0.015283899721574424,-0.872027916914831
2.018609304652326,0.0029183126181794652,0.05495932002694312,0.052041007408763655,1.4449405787948311e-05,0.009793475962922554,0.011790734148198442,0.015327543286183689,-0.8776687090408779
2.021085542771386,0.002936167871439528,0.05495932002694312,0.05202315215550359,2.0029317048345227e-05,0.00975468768472216,0.011879486946037061,0.015371276522382099,-0.8832991236574472
2.023561780890445,0.0029540919128558107,0.05495932002694312,0.05200522811408731,2.5532377582288554e-05,0.00971538960705704,0.0119681417848687,0.015415096918269184,-0.8889190850983804
2.026038019009505,0.002972084222892628,0.05495932002694312,0.05198723580405049,3.095698297578861e-05,0.00967558213795901,0.012056693152796012,0.015459001891748047,-0.8945285194064445
2.0285142571285646,0.002990144261689767,0.05495932002694312,0.05196917576525335,3.630151426741238e-05,0.009635265712714374,0.012145135491088681,0.015502988790923869,-0.9001273543514943
2.030990495247624,0.0030082714689243714,0.05495932002694312,0.05195104855801875,4.156433845260081e-05,0.009594440794728534,0.012233463194452199,0.015547054894531237,-0.9057155194475841
2.0334667333666836,0.0030264652636795633,0.05495932002694312,0.05193285476326356,4.674380899845126e-05,0.009553107876394339,0.012321670611329837,0.015591197412390652,-0.9112929459690228
2.035942971485743,0.003044725044319789,0.05495932002694312,0.05191459498262333,5.183826636877297e-05,0.00951126747996327,0.012409752044237847,0.01563541348589388,-0.916859566965375
2.0384192096048026,0.003063050188373183,0.05495932002694312,0.05189626983856994,5.68460385594004e-05,0.009468920158418829,0.012497701750134687,0.015679700188518594,-0.9224153172754359
2.040895447723862,0.0030814400524210722,0.05495932002694312,0.05187787997452205,6.176544164356468e-05,0.009426066496351523,0.012585513940824187,0.015724054526372027,-0.9279601335401683
2.0433716858429216,0.0030998939719948035,0.05495932002694312,0.05185942605494832,6.659478032725041e-05,0.009382707110834512,0.012673182783393301,0.015768473438763846,-0.9334939542146392
2.045847923961981,0.003118411261479971,0.05495932002694312,0.05184090876546315,7.133234851434641e-05,0.00933884265229951,0.012760702400684285,0.01581295379880806,-0.9390167195789352
2.0483241620810406,0.00313699121402837,0.05495932002694312,0.05182232881291475,7.597642988151228e-05,0.009294473805411978,0.012848066871802127,0.015857492414054267,-0.9445283717481021
2.0508004002001,0.0031556331014776853,0.05495932002694312,0.051803686925465435,8.052529846253281e-05,0.009249601289945019,0.012935270232656853,0.015902086027147856,-0.9500288546810938
2.0532766383191596,0.0031743361742791187,0.05495932002694312,0.051784983852664,8.49772192420971e-05,0.009204225861651157,0.013022306476541469,0.01594673131651944,-0.9555181141887664
2.055752876438219,0.003193099661433156,0.05495932002694312,0.051766220365509964,8.933044875872472e-05,0.00915834831313143,0.013109169554745259,0.015991424897103364,-0.9609960979409082
2.0582291145572786,0.003211922770433605,0.05495932002694312,0.051747397256509516,9.35832357167629e-05,0.009111969474700781,0.013195853377203,0.01603616332108521,-0.9664627554723471
2.0607053526763384,0.003230804687219979,0.05495932002694312,0.05172851533972314,9.773382160724298e-05,0.009065090215249346,0.013282351813179898,0.01608094307867834,-0.9719180381881193
2.0631815907953976,0.0032497445761385177,0.05495932002694312,0.0517095754508046,0.00010178044133737061,0.009017711443098592,0.013368658691992623,0.01612576059892932,-0.9773618993677441
2.0656578289144574,0.003268741579911881,0.05495932002694312,0.05169057844703124,0.00010572132386850105,0.008969834106851707,0.013454767803766423,0.016170612250552226,-0.9827942941686024
2.0681340670335167,0.003287794819617669,0.05495932002694312,0.05167152520732545,0.000109554692862361,0.008921459196237519,0.013540672900228208,0.016215494342791573,-0.988215179628433
2.0706103051525764,0.003306903394676007,0.05495932002694312,0.05165241663226711,0.00011327876733533576,0.008872587742947038,0.013626367695536103,0.016260403126314056,-0.9936245146669815
2.0730865432716357,0.00332606638284616,0.05495932002694312,0.05163325364409696,0.0001168917623205765,0.008823220821462042,0.013711845867144874,0.016305334794128556,-0.9990222600867948
2.0755627813906954,0.0033452828402325066,0.05495932002694312,0.051614037186710614,0.0001203918895376862,0.008773359549874807,0.013797101056707785,0.016350285482534747,-1.0044083785731983
2.0780390195097547,0.0033645518012998185,0.05495932002694312,0.0515947682256433,0.00012377735806980616,0.008723005090698309,0.013882126871014401,0.016395251272099755,-1.0097828346934585
2.0805152576288144,0.003383872278898137,0.05495932002694312,0.051575447748044984,0.00012704637504775665,0.008672158651666057,0.013966916882964545,0.016440228188662906,-1.015145594895161
2.082991495747874,0.0034032432642972163,0.05495932002694312,0.051556076762645904,0.00013019714634108755,0.008620821486520928,0.014051464632578134,0.016485212204368348,-1.0204966275038074
2.0854677338669334,0.003422663727230768,0.05495932002694312,0.05153665629971235,0.00013322787725568886,0.00856899489579207,0.014135763628040846,0.016530199238725257,-1.0258359027196626
2.087943971985993,0.003442132615950576,0.05495932002694312,0.051517187410992545,0.0001361367732377525,0.008516680227559234,0.01421980734678555,0.016575185159695645,-1.0311633926138686
2.0904202101050524,0.003461648857290521,0.05495932002694312,0.0514976711696526,0.00013892204058375097,0.008463878878203815,0.014303589236608969,0.016620165784809144,-1.0364790711238259
2.092896448224112,0.0034812113567407946,0.05495932002694312,0.051478108670202326,0.00014158188715618044,0.008410592293145665,0.014387102716823832,0.016665136882304955,-1.0417829140478916
2.0953726863431714,0.0035008189985321556,0.05495932002694312,0.051458501028410965,0.000144114523104765,0.008356821967565141,0.014470341179445774,0.01671009417230027,-1.0470748990393814
2.097848924462231,0.003520470645730578,0.05495932002694312,0.05143884938121254,0.00014651816159281985,0.008302569447109501,0.014553297990415229,0.01675503332798536,-1.052355005599921
2.100325162581291,0.0035401651403421663,0.05495932002694312,0.051419154886600954,0.00014879101952844354,0.008247836328582963,0.014635966490853388,0.016799949976844458,-1.0576232150721412
2.10280140070035,0.0035599013034285157,0.05495932002694312,0.051399418723514605,0.00015093131830024205,0.008192624260619664,0.014718339998352451,0.016844839701902644,-1.062879510631758
2.10527763881941,0.0035796779352326308,0.05495932002694312,0.05137964209171049,0.00015293728451722685,0.008136934944338812,0.014800411808299475,0.016889698042998065,-1.0681238772790407
2.107753876938469,0.0035994938153153244,0.05495932002694312,0.051359826211627796,0.00015480715075259592,0.008080770133981303,0.014882175195233398,0.016934520498079194,-1.0733563018296919
2.110230115057529,0.0036193477027023635,0.05495932002694312,0.05133997232424076,0.00015653915629100035,0.00802413163752703,0.014963623414235034,0.01697930252452689,-1.0785767729051636
2.112706353176588,0.003639238336042211,0.05495932002694312,0.05132008169090091,0.00015813154787897422,0.007967021317292308,0.01504474970234923,0.017024039540500583,-1.0837852809224156
2.115182591295648,0.0036591644337745227,0.05495932002694312,0.0513001555931686,0.0001595825804781668,0.007909441090506506,0.015125547280039042,0.017068726926308512,-1.088981818083151
2.117658829414707,0.003679124694309484,0.05495932002694312,0.05128019533263364,0.00016089051802101797,0.00785139292986746,0.015206009352671069,0.01711336002580127,-1.0941663783625306
2.120135067533767,0.0036991177962178642,0.05495932002694312,0.051260202230725256,0.00016205363416846443,0.007792878864074692,0.01528612911203166,0.01715793414778842,-1.0993389574974037
2.1226113056528266,0.0037191423984319696,0.05495932002694312,0.05124017762851115,0.00016307021306934209,0.007733900978340027,0.015365899737873076,0.017202444567477514,-1.1044995529740524
2.125087543771886,0.003739197140457437,0.05495932002694312,0.05122012288648568,0.00016393855012105415,0.007674461414874797,0.015445314399489284,0.017246886527935212,-1.109648164015486
2.1275637818909456,0.003759280642595897,0.05495932002694312,0.05120003938434722,0.00016465695273119716,0.0076145623733529745,0.015524366257320635,0.017291255241569894,-1.1147847915682985
2.130040020010005,0.003779391506178467,0.05495932002694312,0.05117992852076465,0.0001652237410795855,0.007554206111349764,0.015603048464586442,0.017335545891635124,-1.1199094382890957
2.1325162581290646,0.003799528313810162,0.05495932002694312,0.05115979171313296,0.00016563724888041427,0.007493394944754751,0.0156813541689452,0.017379753633753586,-1.1250221085305334
2.134992496248124,0.003819689629625103,0.05495932002694312,0.05113963039731802,0.00016589582414413455,0.00743213124815938,0.015759276514181315,0.017423873597460865,-1.1301228083269566
2.1374687343671837,0.003839873999552601,0.05495932002694312,0.05111944602739052,0.00016599782993848393,0.007370417455217736,0.015836808641917787,0.017467900887768405,-1.1352115453796865
2.139944972486243,0.0038600799515940004,0.05495932002694312,0.05109924007534912,0.0001659416451484742,0.007308256058980498,0.015913943693353822,0.017511830586745096,-1.1402883290419434
2.1424212106053027,0.003880305996110299,0.05495932002694312,0.05107901403083282,0.00016572566523465724,0.007245649612201069,0.015990674811026694,0.017555657755116815,-1.145353170303451
2.1448974487243624,0.0039005506261204498,0.05495932002694312,0.05105876940082267,0.00016534830298945878,0.007182600727613779,0.016066995140596837,0.01759937743388329,-1.150406081774712
2.1473736868434217,0.003920812317610371,0.05495932002694312,0.05103850770933275,0.00016480798929100656,0.0071191120781832545,0.016142897832655392,0.017642984645951626,-1.1554470776709953
2.1498499249624814,0.003941089529852483,0.05495932002694312,0.05101823049709064,0.0001641031738540565,0.007055186397324675,0.016218376044553215,0.0176864743977858,-1.160476173796041
2.1523261630815407,0.00396138070573579,0.05495932002694312,0.05099793932120733,0.00016323232597756062,0.006990826479094436,0.016293422942250183,0.017729841681071282,-1.1654933875254894
2.1548024012006004,0.003981684272106399,0.05495932002694312,0.05097763575483672,0.00016219393528845374,0.00692603517835057,0.0163680317021842,0.017773081474394267,-1.1704987377900749
2.1572786393196597,0.004001998640118382,0.05495932002694312,0.05095732138682474,0.00016098651248118318,0.00686081541088277,0.01644219551315853,0.017816188744934677,-1.175492245058573
2.1597548774387194,0.004022322205594835,0.05495932002694312,0.050936997821348286,0.0001596085900525223,0.006795170153511224,0.016515907578246496,0.017859158450171997,-1.180473931320541
2.1622311155577787,0.004042653349399086,0.05495932002694312,0.050916666677544034,0.00015805872303124418,0.0067291024441543034,0.016589161116712558,0.017901985539603458,-1.1854438200688435
2.1647073536768384,0.004062990437815939,0.05495932002694312,0.05089632958912718,0.00015633548970216032,0.006662615381864294,0.016661949365948614,0.01794466495647356,-1.1904019362820013
2.167183591795898,0.004083331822942765,0.05495932002694312,0.050875988204000355,0.00015443749232411946,0.006595712126831169,0.01673426558342433,0.017987191639514153,-1.1953483064063586
2.1696598299149574,0.004103675843090321,0.05495932002694312,0.0508556441838528,0.00015236335784142688,0.006528395900353826,0.016806103048650402,0.018029560524694243,-1.2002829583380947
2.172136068034017,0.004124020823193221,0.05495932002694312,0.0508352992037499,0.00015011173858832792,0.006460669984778616,0.016877455065153705,0.01807176654697879,-1.2052059214050939
2.1746123061530764,0.00414436507522975,0.05495932002694312,0.05081495495171337,0.00014768131298596417,0.006392537723404894,0.016948314962462737,0.01811380464209529,-1.210117226348675
2.177088544272136,0.004164706898651047,0.05495932002694312,0.050794613128292074,0.00014507078623149578,0.0063240025203572066,0.017018676098102724,0.018155669748307752,-1.2150169053052153
2.1795647823911954,0.004185044580819301,0.05495932002694312,0.05077427544612382,0.0001422788909788336,0.006255067840424119,0.017088531859598563,0.018197356808196712,-1.219904991787658
2.182041020510255,0.004205376397454927,0.05495932002694312,0.050753943629488193,0.00013930438801049727,0.006185737208863159,0.017157875666484804,0.01823886077044467,-1.22478152066694
2.184517258629315,0.004225700613092409,0.05495932002694312,0.05073361941385071,0.00013614606690027145,0.006116014211172072,0.017226700972321048,0.01828017659162585,-1.2296465281533293
2.186993496748374,0.004246015481544692,0.05495932002694312,0.05071330454539843,0.00013280274666607907,0.006045902492826004,0.01729500126671176,0.0183212992379995,-1.2345000517777005
2.189469734867434,0.004266319246375855,0.05495932002694312,0.050693000780567266,0.00012927327641267094,0.005975405758980385,0.017362770077328983,0.018362223687305595,-1.239342130372763
2.191945972986493,0.004286610141381916,0.05495932002694312,0.050672709885561204,0.00012555653596374298,0.005904527774139923,0.017430000971936702,0.018402944930562177,-1.244172804054227
2.194422211105553,0.0043068863910794425,0.05495932002694312,0.05065243363586368,0.0001216514364829242,0.005833272361792992,0.017496687560415624,0.018443457973863275,-1.2489921142019589
2.196898449224612,0.004327146211201803,0.05495932002694312,0.05063217381574132,0.00011755692108328271,0.00576164340401192,0.017562823496786728,0.01848375784017628,-1.253800103441097
2.199374687343672,0.004347387809202852,0.05495932002694312,0.05061193221774027,0.0001132719654249077,0.005689644841018833,0.017628402481232718,0.01852383957113816,-1.258596815623172
2.201850925462731,0.004367609384767643,0.05495932002694312,0.05059171064217548,0.00010879557830011364,0.005617280670717372,0.017693418262115436,0.018563698228849092,-1.2633822958072118
2.204327163581791,0.0043878091303300795,0.05495932002694312,0.05057151089661304,0.00010412680220582237,0.005544554948189927,0.017757864637988355,0.01860332889766277,-1.2681565902408733
2.2068034017008507,0.004407985231597168,0.05495932002694312,0.05055133479534595,9.926471390282514e-05,0.0054714717851610545,0.017821735459602465,0.018642726685972347,-1.2729197463415762
2.20927963981991,0.004428135868079511,0.05495932002694312,0.05053118415886361,9.420842496133135e-05,0.005398035349426607,0.017885024631904282,0.018681886727990888,-1.2776718126776776
2.2117558779389697,0.0044482592136279725,0.05495932002694312,0.05051106081331515,8.895708229259386e-05,0.005324249864249114,0.017947726116024652,0.018720804185525526,-1.2824128389496807
2.214232116058029,0.00446835343697595,0.05495932002694312,0.05049096658996717,8.350986866607377e-05,0.005250119607719494,0.018009833931256724,0.01875947424974396,-1.2871428759714862
2.2167083541770887,0.004488416702287203,0.05495932002694312,0.05047090332465592,7.786600321182218e-05,0.005175648912085185,0.018071342157022035,0.018797892142932683,-1.2918619756517062
2.219184592296148,0.004508447169708746,0.05495932002694312,0.050450872857234375,7.202474190770885e-05,0.005100842163045152,0.018132244934822916,0.018836053120245503,-1.2965701909750313
2.2216608304152077,0.004528442995928687,0.05495932002694312,0.05043087703101443,6.598537805111175e-05,0.00502570379901179,0.018192536470180317,0.018873952471441757,-1.3012675759836798
2.224137068534267,0.004548402334738445,0.05495932002694312,0.050410917692204675,5.974724271470129e-05,0.004950238310340338,0.018252211034555123,0.01891158552261277,-1.3059541857589114
2.2266133066533267,0.004568323337599267,0.05495932002694312,0.05039099668934385,5.330970518596897e-05,0.004874450238525704,0.01831126296725198,0.01894894763789581,-1.3106300764026417
2.2290895447723864,0.0045882041542125995,0.05495932002694312,0.05037111587273052,4.667217339025359e-05,0.0047983441753675984,0.018369686677304153,0.018986034221174515,-1.3152953050191338
2.2315657828914457,0.004608042933093963,0.05495932002694312,0.05035127709384916,3.983409429675718e-05,0.004721924762103863,0.018427476645337865,0.019022840717764583,-1.3199499296967991
2.2340420210105054,0.004627837822150038,0.05495932002694312,0.05033148220479308,3.279495430741309e-05,0.00464519668851265,0.01848462742541508,0.019059362616083896,-1.3245940094901039
2.2365182591295647,0.004647586969258606,0.05495932002694312,0.050311733057684514,2.5554279628214877e-05,0.004568164691984074,0.018541133646853024,0.019095595449305978,-1.3292276044015743
2.2389944972486244,0.004667288522851046,0.05495932002694312,0.050292031504092075,1.8111636622739134e-05,0.004490833556561356,0.01859699001601952,0.019131534796995957,-1.333850775363937
2.2414707353676837,0.004686940632496854,0.05495932002694312,0.050272379394446266,1.0466632147547407e-05,0.004413208111952491,0.018652191318102244,0.019167176286727577,-1.3384635842223636
2.2439469734867434,0.004706541449490148,0.05495932002694312,0.05025277857745297,2.618913869275631e-06,0.004335293232512482,0.018706732418851346,0.01920251559568101,-1.3430660937168597
2.2464232116058027,0.004726089127437438,0.05495932002694312,0.05023323089950568,-5.431829436914248e-06,0.004257093836197195,0.018760608266293336,0.019237548452219737,-1.3476583674647704
2.2488994497248624,0.004745581822846623,0.05495932002694312,0.0502137382040965,-1.3685867607716453e-05,0.004178614883488902,0.018813813892415685,0.019272270637446135,-1.3522404699434385
2.251375687843922,0.004765017695716592,0.05495932002694312,0.05019430233122653,-2.2143428831140216e-05,0.004099861376294672,0.018866344414820338,0.019306677986734418,-1.3568124664729906
2.2538519259629815,0.004784394910127263,0.05495932002694312,0.05017492511681586,-3.08046994052227e-05,0.004020838356817809,0.018918195038345218,0.019340766391240213,-1.3613744231992762
2.256328164082041,0.004803711634829552,0.05495932002694312,0.05015560839211357,-3.9669823516263255e-05,0.003941550906403166,0.018969361056652524,0.019374531799385836,-1.365926407076961
2.2588044022011005,0.004822966043834982,0.05495932002694312,0.05013635398310814,-4.8738903036679905e-05,0.0038620041443572506,0.019019837853782296,0.019407970218320168,-1.3704684858527576
2.26128064032016,0.004842156317004541,0.05495932002694312,0.05011716370993858,-5.801199734268477e-05,0.003782203226743357,0.019069620905670617,0.019441077715352556,-1.3750007280488337
2.2637568784392195,0.00486128064063638,0.05495932002694312,0.05009803938630674,-6.748912315193371e-05,0.0037021533451530326,0.01911870578163081,0.019473850419359576,-1.3795232029463602
2.266233116558279,0.004880337208052074,0.05495932002694312,0.050078982818891046,-7.717025438129245e-05,0.0036218597254541072,0.019167088145796953,0.019506284522164043,-1.3840359805692397
2.2687093546773385,0.004899324220180953,0.05495932002694312,0.05005999580676217,-8.705532202481438e-05,0.00354132762651657,0.01921476375852823,0.019538376279885167,-1.388539131667985
2.271185592796398,0.004918239886142234,0.05495932002694312,0.050041080140800887,-9.714421405204615e-05,0.0034605623389166278,0.019261728477773417,0.019570122014259277,-1.3930327277037797
2.273661830915458,0.0049370824238245264,0.05495932002694312,0.050022237603118594,-0.00010743677532673948,0.0033795691836202373,0.01930797826039435,0.019601518113930266,-1.3975168408326977
2.276138069034517,0.004955850060462383,0.05495932002694312,0.05000346996648074,-0.00011793280754603928,0.0032983535106466005,0.01935350916344734,0.01963256103570889,-1.4019915438901014
2.278614307153577,0.004974541033209462,0.05495932002694312,0.04998477899373366,-0.00012863206920022226,0.0032169206977126176,0.019398317345421707,0.01966324730580024,-1.4064569103752163
2.281090545272636,0.004993153589708053,0.05495932002694312,0.04996616643723507,-0.00013953427555299795,0.003135276148859371,0.0194423990674344,0.019693573520998684,-1.4109130144358708
2.283566783391696,0.005011685988654445,0.05495932002694312,0.049947634038288675,-0.00015063909864240332,0.003053425293061117,0.019485750694379952,0.01972353634984949,-1.4153599308534297
2.2860430215107552,0.005030136500359925,0.05495932002694312,0.049929183526583196,-0.0001619461673022815,0.0029713735828182514,0.019528368696034824,0.01975313253377659,-1.419797735027889
2.288519259629815,0.005048503407307024,0.05495932002694312,0.049910816619636096,-0.00017345506720435353,0.0028891264927346206,0.019570249648115507,0.01978235888817575,-1.4242265029631667
2.2909954977488747,0.005066785004700501,0.05495932002694312,0.04989253502224262,-0.0001851653409208391,0.002806689518080663,0.019611390233289304,0.01981121230347247,-1.4286463112525611
2.293471735867934,0.005084979601012965,0.05495932002694312,0.049874340425930155,-0.0001970764880075885,0.002724068173342927,0.019651787242137425,0.019839689746144095,-1.4330572370643986
2.2959479739869937,0.005103085518524619,0.05495932002694312,0.0498562345084185,-0.00020918796510765279,0.0026412679907611173,0.019691437574069576,0.019867788259705668,-1.4374593581278634
2.298424212106053,0.005121101093856807,0.05495932002694312,0.04983821893308631,-0.00022149918607520657,0.002558294518853788,0.019730338238189274,0.019895504965658728,-1.4418527527190035
2.3009004502251127,0.005139024678499103,0.05495932002694312,0.04982029534844402,-0.0002340095221197764,0.0024751533209333237,0.01976848635410949,0.01992283706440276,-1.446237499646928
2.303376688344172,0.00515685463932955,0.05495932002694312,0.04980246538761357,-0.00024671830197055494,0.0023918499736116745,0.01980587915271801,0.019949781836108786,-1.4506136782401784
2.3058529264632317,0.005174589359127742,0.05495932002694312,0.04978473066781538,-0.00025962481206081407,0.002308390065297378,0.019842513976891938,0.019976336641554567,-1.454981368333292
2.308329164582291,0.005192227237080405,0.05495932002694312,0.049767092789862716,-0.00027272829673216344,0.0022247791946853534,0.019878388282160892,0.02000249892292101,-1.4593406502535378
2.3108054027013507,0.005209766689279277,0.05495932002694312,0.04974955333766384,-0.0002860279584585098,0.002141022969240065,0.01991349963731863,0.020028266204549578,-1.4636916048078454
2.3132816408204104,0.005227206149210795,0.05495932002694312,0.049732113877732326,-0.00029952295808960877,0.002057127003673503,0.01994784572498243,0.020053636093659986,-1.4680343132699043
2.3157578789394697,0.005244544068237482,0.05495932002694312,0.04971477595870564,-0.00031321241511391286,0.0019730969184186277,0.019981424342100193,0.02007860628102825,-1.4723688573674538
2.3182341170585294,0.005261778916070624,0.05495932002694312,0.0496975411108725,-0.00032709540794061126,0.0018889383380995704,0.020014233400404827,0.020103174541624576,-1.4766953192697498
2.3207103551775887,0.005278909181233998,0.05495932002694312,0.04968041084570912,-0.00034117097420055217,0.0018046568899996343,0.020046270926815626,0.020127338735210786,-1.4810137815752065
2.3231865932966485,0.005295933371518409,0.05495932002694312,0.04966338665542471,-0.0003554381110658717,0.0017202582025278887,0.020077535063786643,0.0201510968068973,-1.4853243272992256
2.3256628314157077,0.005312850014426655,0.05495932002694312,0.049646470012516465,-0.0003698957755880198,0.001635747903685748,0.020108024069601705,0.020174446787659228,-1.4896270398621925
2.3281390695347675,0.005329657657608851,0.05495932002694312,0.04962966236933427,-0.00038454288505400847,0.0015511316195341942,0.02013773631861608,0.020197386794811548,-1.4939220030776603
2.3306153076538267,0.005346354869287653,0.05495932002694312,0.04961296515765547,-0.0003993783173604613,0.0014664149726631057,0.02016667030144468,0.02021991503244317,-1.498209301140694
2.3330915457728865,0.005362940238673342,0.05495932002694312,0.04959637978826978,-0.0004144009114053401,0.0013816035806632166,0.020194824625096912,0.020242029791809963,-1.5024890186164037
2.335567783891946,0.005379412376368395,0.05495932002694312,0.049579907650574725,-0.0004296094674968614,0.0012967030546022313,0.020222198013058024,0.020263729451686394,-1.5067612404286357
2.3380440220110055,0.005395769914761324,0.05495932002694312,0.049563550112181796,-0.00044500274777947257,0.001211718997505776,0.020248789305317087,0.020285012478675975,-1.5110260518488408
2.340520260130065,0.005412011508409774,0.05495932002694312,0.049547308518533346,-0.0004605794766763644,0.0011266570028442408,0.020274597458342015,0.020305877427480606,-1.5152835384851127
2.3429964982491245,0.005428135834412359,0.05495932002694312,0.04953118419253076,-0.00047633834134830805,0.0010415226530267312,0.020299621545001225,0.020326322941128475,-1.5195337862713845
2.345472736368184,0.005444141592769312,0.05495932002694312,0.04951517843417381,-0.0004922779921684567,0.0009563215179027847,0.02032386075443272,0.020346347751161006,-1.5237768814567998
2.3479489744872435,0.005460027506731642,0.05495932002694312,0.04949929252021148,-0.0005083970432126213,0.0008710591532731988,0.020347314391860525,0.02036595067777872,-1.5280129105952347
2.350425212606303,0.005475792323138669,0.05495932002694312,0.04948352770380445,-0.0005246940727648154,0.0007857410994105423,0.02036998187835886,0.02038513062994621,-1.5322419605349933
2.3529014507253625,0.005491434812743744,0.05495932002694312,0.04946788521419938,-0.0005411676238375054,0.0007003728795907382,0.020391862750564465,0.02040388660545644,-1.5364641184086474
2.3553776888444222,0.005506953770528053,0.05495932002694312,0.04945236625641507,-0.0005578162047063533,0.0006149599986362168,0.020412956660337347,0.020422217690954463,-1.5406794716230456
2.357853926963482,0.0055223480160023,0.05495932002694312,0.04943697201094082,-0.0005746382894588567,0.0005295079414720062,0.02043326337437043,0.020440123061920886,-1.5448881078494636
2.3603301650825412,0.005537616393496231,0.05495932002694312,0.04942170363344689,-0.0005916323185566121,0.0004440221716953095,0.020452782773748616,0.020457601982615294,-1.5490901150139136
2.362806403201601,0.005552757772435787,0.05495932002694312,0.04940656225450733,-0.0006087966994107143,0.00035850813015963004,0.02047151485345778,0.020474653805980042,-1.5532855812876014
2.3652826413206602,0.005567771047607861,0.05495932002694312,0.04939154897933526,-0.0006261298069698139,0.0002729712335744279,0.020489459721844128,0.020491277973504533,-1.5574745950775242
2.36775887943972,0.005582655139412487,0.05495932002694312,0.04937666488753063,-0.0006436299843205614,0.00018741687312087674,0.020506617600024576,0.020507474015050417,-1.56165724501722
2.3702351175587792,0.005597408994102444,0.05495932002694312,0.049361911032840676,-0.0006612955432997456,0.00010185041308493183,0.02052298882124889,0.020523241548638278,-1.5658336199576484
2.372711355677839,0.005612031584010177,0.05495932002694312,0.04934728844293294,-0.000679124765117889,1.6277189508161368e-05,0.02053857383021409,0.020538580280195937,-1.57000380895822
2.3751875937968987,0.005626521907761944,0.05495932002694312,0.049332798119181176,-0.0006971159009937152,-6.929749114253979e-05,0.02055337318233182,0.02055349000326892,-1.574167901277952
2.377663831915958,0.00564087899047918,0.05495932002694312,0.04931844103646394,-0.0007152671727990768,-0.00015486835328570636,0.02056738754294958,0.020567970598693662,-1.5783259863667585
2.3801400700350177,0.005655101883967013,0.05495932002694312,0.04930421814297611,-0.000733576773713864,-0.00024043015351591762,0.020580617686526446,0.02058202203423378,-1.582478153856878
2.382616308154077,0.0056691896668899025,0.05495932002694312,0.04929013036005322,-0.000752042868890395,-0.000325977681873114,0.02059306449576403,0.02059564436417993,-1.586624493554414
2.3850925462731367,0.0056831414449344045,0.05495932002694312,0.049276178582008716,-0.0007706635961268638,-0.0004115057630904344,0.020604728960693784,0.020608837728914014,-1.5907650954310126
2.387568784392196,0.005696956350959008,0.05495932002694312,0.04926236367598411,-0.0007894370665492855,-0.0004970092578193445,0.02061561217772114,0.020621602354437985,-1.5949000496156505
2.3900450225112557,0.005710633545131058,0.05495932002694312,0.04924868648181206,-0.0008083613653015878,-0.0005824830638318861,0.020625715348627643,0.02063393855186801,-1.5990294463865489
2.392521260630315,0.005724172215050886,0.05495932002694312,0.049235147811892234,-0.000827434552243144,-0.0006679221171989147,0.020635039779532047,0.020645846716894744,-1.6031533761631938
2.3949974987493747,0.005737571575862903,0.05495932002694312,0.04922174845108022,-0.000846654662653583,-0.0007533213934442048,0.020643586879810858,0.02065732732920984,-1.6072719294984774
2.3974737368684345,0.005750830870354037,0.05495932002694312,0.04920848915658908,-0.0008660197079440089,-0.0008386759086732972,0.020651358160980023,0.02066838095190006,-1.6113851970709376
2.3999499749874937,0.005763949369039262,0.05495932002694312,0.04919537065790386,-0.0008855276763744548,-0.0009239807206770039,0.020658355235538172,0.020679008230809093,-1.6154932696771103
2.4024262131065535,0.005776926370234414,0.05495932002694312,0.049182393656708706,-0.000905176533776966,-0.0010092309300087162,0.02066457981577254,0.02068920989386787,-1.6195962382239817
2.4049024512256127,0.0057897612001163445,0.05495932002694312,0.049169558826826776,-0.0009249642242837284,-0.00109442168103503,0.020670033712528953,0.020698986750394402,-1.623694193721535
2.4073786893446725,0.005802453212770502,0.05495932002694312,0.04915686681417262,-0.0009448886710599564,-0.0011795481629593852,0.020674718833946552,0.020708339690363523,-1.6277872272753997
2.4098549274637318,0.00581500179022585,0.05495932002694312,0.04914431823671727,-0.0009649477770408734,-0.0012646056108179587,0.020678637184158383,0.020717269683647264,-1.6318754300795861
2.4123311655827915,0.005827406342477547,0.05495932002694312,0.049131913684465574,-0.0009851394256724217,-0.00134958930644768,0.02068179086195929,0.020725777779227027,-1.635958893409315
2.4148074037018508,0.005839666307497111,0.05495932002694312,0.04911965371944601,-0.0010054614816551182,-0.001434494579425649,0.020684182059441766,0.02073386510437777,-1.640037708613925
2.4172836418209105,0.005851781151230473,0.05495932002694312,0.04910753887571265,-0.0010259117916907171,-0.001519316807979876,0.020685813060601216,0.02074153286382542,-1.6441119671098716
2.41975987993997,0.005863750367583846,0.05495932002694312,0.049095569659359274,-0.001046488185231053,-0.0016040514198706604,0.02068668623991165,0.020748782338878082,-1.6481817603737943
2.4222361180590295,0.005875573478397671,0.05495932002694312,0.04908374654854545,-0.0010671884752286676,-0.0016886938932425882,0.020686804060873004,0.02075561488653195,-1.6522471799356677
2.4247123561780892,0.00588725003340862,0.05495932002694312,0.0490720699935345,-0.001088010458888815,-0.0017732397574466503,0.02068616907453118,0.020762031938552635,-1.6563083173720214
2.4271885942971485,0.005898779610199981,0.05495932002694312,0.04906054041674314,-0.0011089519184222284,-0.0018576845938321354,0.020684783917972144,0.020768035000532918,-1.6603652642992242
2.4296648324162082,0.005910161814140412,0.05495932002694312,0.04904915821280271,-0.0011300106217983425,-0.001942024036508382,0.020682651312791064,0.02077362565092753,-1.6644181123668418
2.4321410705352675,0.005921396278311286,0.05495932002694312,0.049037923748631834,-0.0011511843234984374,-0.002026253773075669,0.020679774063537857,0.020778805540065975,-1.6684669532510457
2.4346173086543272,0.005932482663422806,0.05495932002694312,0.049026837363520315,-0.0011724707652682935,-0.002110369545325563,0.02067615505614021,0.020783576389144146,-1.6725118786480901
2.4370935467733865,0.005943420657719044,0.05495932002694312,0.04901589936922408,-0.0011938676768698795,-0.0021943671499100753,0.020671797256305417,0.020787939989195675,-1.6765529802678347
2.4395697848924462,0.005954209976872085,0.05495932002694312,0.049005110050071035,-0.0012153727768316948,-0.0022782424389799286,0.020666703707902134,0.02079189820004381,-1.680590349827326
2.442046023011506,0.005964850363865362,0.05495932002694312,0.04899446966307776,-0.0012369837731972973,-0.0023619913207913617,0.020660877531323233,0.020795452949234624,-1.6846240790444187
2.4445222611305653,0.0059753415888665964,0.05495932002694312,0.048983978438076524,-0.0012586983642716156,-0.002445609760281743,0.020654321921831153,0.020798606230952598,-1.6886542596314447
2.446998499249625,0.005985683449090284,0.05495932002694312,0.048973636577852836,-0.00128051423936465,-0.002529093779613834,0.020647040147886694,0.020801360104919255,-1.692680983288928
2.4494747373686843,0.005995875768650065,0.05495932002694312,0.048963444258293055,-0.0013024290795321178,-0.002612439458688377,0.020639035549462698,0.0208037166952758,-1.6967043416993215
2.451950975487744,0.006005918398401228,0.05495932002694312,0.04895340162854189,-0.0013244405583126867,-0.0026956429356255443,0.02063031153634369,0.02080567818945067,-1.700724426520797
2.4544272136068033,0.006015811215773353,0.05495932002694312,0.04894350881116977,-0.001346546342461401,-0.0027787004072145675,0.020620871586412702,0.02080724683701275,-1.7047413293810443
2.456903451725863,0.006025554124593588,0.05495932002694312,0.04893376590234953,-0.0013687440926789347,-0.002861608129332274,0.020610719243926497,0.020808424948511182,-1.7087551418711144
2.4593796898449227,0.0060351470549004915,0.05495932002694312,0.04892417297204263,-0.0013910314643362292,-0.00294436241732999,0.020599858117780423,0.0208092148943027,-1.7127659555392736
2.461855927963982,0.006044589962748856,0.05495932002694312,0.048914730064194265,-0.0014134061081943036,-0.0030269596463892642,0.02058829187976389,0.020809619103367094,-1.7167738618848807
2.4643321660830417,0.006053882830005769,0.05495932002694312,0.04890543719693735,-0.0014358656711187308,-0.003109396251846404,0.020576024262808013,0.02080964006211209,-1.7207789523522836
2.466808404202101,0.006063025664137842,0.05495932002694312,0.04889629436280528,-0.0014584077967885391,-0.0031916687294857972,0.02056305905922616,0.020809280313167984,-1.7247813183247187
2.4692846423211607,0.0060720184979902725,0.05495932002694312,0.04888730152895285,-0.0014810301263991814,-0.0032737736358024834,0.02054940011894883,0.020808542454173226,-1.72878105111823
2.47176088044022,0.006080861389557615,0.05495932002694312,0.048878458637385505,-0.0015037302993592136,-0.0033557075882337207,0.020535051347754008,0.02080742913655176,-1.7327782419755813
2.4742371185592797,0.0060895544217466555,0.05495932002694312,0.048869765605196465,-0.001526505953980482,-0.0034374672653602043,0.020520016705493912,0.02080594306428267,-1.7367729820601823
2.476713356678339,0.006098097702131634,0.05495932002694312,0.048861222324811486,-0.0015493547281613528,-0.0035190494070766465,0.020504300204319533,0.020804086992663354,-1.74076536245
2.4791895947973988,0.006106491362702027,0.05495932002694312,0.048852828664241094,-0.0015722742600628669,-0.0036004508147324367,0.020487905906903876,0.020801863727066723,-1.7447554741314764
2.4816658329164585,0.006114735559603096,0.05495932002694312,0.048844584467340024,-0.0015952621887773935,-0.0036816683512421555,0.020470837924665038,0.020799276121693334,-1.7487434079934263
2.4841420710355178,0.00612283047286951,0.05495932002694312,0.04883648955407361,-0.0016183161549896494,-0.003762698941166563,0.0204531004159902,0.02079632707831925,-1.7527292548209297
2.4866183091545775,0.006130776306152302,0.05495932002694312,0.04882854372079082,-0.0016414338016296896,-0.0038435395707642405,0.0204346975844617,0.020793019545040477,-1.7567131052892067
2.4890945472736368,0.0061385732864392695,0.05495932002694312,0.04882074674050385,-0.0016646127745177188,-0.003924187288013973,0.02041563367708601,0.020789356515014575,-1.7606950499574678
2.4915707853926965,0.006146221663769241,0.05495932002694312,0.04881309836317388,-0.0016878507230004944,-0.004004639202608579,0.020395912982526788,0.020785341025200292,-1.76467517926275
2.494047023511756,0.006153721710940356,0.05495932002694312,0.048805598316002764,-0.001711145300578966,-0.004084892485920107,0.02037553982934306,0.020780976155096085,-1.768653583513715
2.4965232616308155,0.006161073723212646,0.05495932002694312,0.048798246303730475,-0.0017344941655271255,-0.00416494437093713,0.02035451858423338,0.02077626502547806,-1.7726303528844287
2.498999499749875,0.006168278018005062,0.05495932002694312,0.04879104200893806,-0.0017578949815016862,-0.004244792152174086,0.020332853650286923,0.020771210797138066,-1.776605577408097
2.5014757378689345,0.006175334934587384,0.05495932002694312,0.048783985092355736,-0.0017813454181425442,-0.004324433185553516,0.02031054946524272,0.02076581666962289,-1.780579346970774
2.5039519759879942,0.00618224483376708,0.05495932002694312,0.04877707519317604,-0.0018048431516636963,-0.004403864888261059,0.02028761049975756,0.020760085879974865,-1.784551751305019
2.5064282141070535,0.006189008097571447,0.05495932002694312,0.048770311929371674,-0.001828385865434589,-0.004483084738574098,0.020264041255683814,0.020754021701474914,-1.7885228799835196
2.5089044522261132,0.006195625128925304,0.05495932002694312,0.048763694898017816,-0.0018519712505516098,-0.004562090275664207,0.020239846264357896,0.020747627442388495,-1.7924928224126646
2.5113806903451725,0.006202096351324349,0.05495932002694312,0.04875722367561877,-0.0018755970063996318,-0.0046408790993737025,0.020215030084900214,0.0207409064447151,-1.7964616678260594
2.5138569284642323,0.006208422208504594,0.05495932002694312,0.04875089781843853,-0.0018992608412034988,-0.0047194488699671385,0.02018959730252751,0.020733862082942006,-1.8004295052779988
2.5163331665832915,0.00621460316410799,0.05495932002694312,0.04874471686283513,-0.0019229604725692195,-0.004797797307857762,0.02016355252687842,0.02072649776280287,-1.804396423636872
2.5188094047023513,0.006220639701344552,0.05495932002694312,0.04873868032559857,-0.0019466936280148704,-0.004875922193309758,0.02013690039035295,0.020718816920041728,-1.808362511578517
2.5212856428214105,0.0062265323226511,0.05495932002694312,0.04873278770429202,-0.001970458045491003,-0.0049538213661163245,0.020109645546466718,0.020710823019182974,-1.8123278575794985
2.5237618809404703,0.006232281549347116,0.05495932002694312,0.048727038477596005,-0.001994251473890518,-0.005031492725254582,0.020081792668220782,0.020702519552308014,-1.8162925499103333
2.52623811905953,0.006237887921287558,0.05495932002694312,0.04872143210565556,-0.002018071673547852,-0.005108934228517257,0.02005334644648751,0.020693910037838874,-1.820256676628631
2.5287143571785893,0.00624335199651322,0.05495932002694312,0.0487159680304299,-0.0020419164167274884,-0.005186143892122038,0.020024311588413567,0.02068499801932958,-1.8242203255721714
2.531190595297649,0.006248674350898688,0.05495932002694312,0.04871064567604443,-0.0020657834881016223,-0.00526311979029896,0.019994692815840362,0.02067578706426565,-1.8281835843519019
2.5336668334167083,0.006253855577798055,0.05495932002694312,0.048705464449145065,-0.0020896706852169718,-0.005339860054856125,0.019964494863742813,0.02066628076287219,-1.8321465403448496
2.536143071535768,0.006258896287688845,0.05495932002694312,0.048700423739254275,-0.0021135758189507123,-0.005416362874724731,0.019933722478686997,0.020656482726931213,-1.8361092806869617
2.5386193096548273,0.006263797107814051,0.05495932002694312,0.04869552291912907,-0.0021374967139553827,-0.005492626495483316,0.019902380417307238,0.020646396588608385,-1.8400718922658454
2.541095547773887,0.006268558681822807,0.05495932002694312,0.04869076134512031,-0.0021614312090928807,-0.005568649218862385,0.01987047344480333,0.02063602599928995,-1.8440344617134328
2.5435717858929467,0.0062731816694096484,0.05495932002694312,0.04868613835753347,-0.0021853771578573752,-0.005644429402229321,0.019838006333458315,0.02062537462842998,-1.8479970753985406
2.546048024012006,0.006277666745952773,0.05495932002694312,0.04868165328099035,-0.002209332428787224,-0.005719965458054587,0.019804983861177506,0.020614446162408515,-1.8519598194193438
2.5485242621310658,0.006282014602151317,0.05495932002694312,0.0486773054247918,-0.002233294905865855,-0.0057952558533595315,0.01977141081004909,0.020603244303400957,-1.8559227795957485
2.551000500250125,0.006286225943661995,0.05495932002694312,0.048673094083281125,-0.0022572624889115756,-0.0058702991091462,0.019737291964926938,0.020591772768258982,-1.8598860414616583
2.5534767383691848,0.006290301490735228,0.05495932002694312,0.04866901853620789,-0.002281233093956391,-0.005945093799810087,0.01970263211203604,0.02058003528740352,-1.8638496902571466
2.555952976488244,0.006294241977850931,0.05495932002694312,0.04866507804909219,-0.0023052046536137473,-0.006019638552535847,0.01966743603760099,0.020568035603729933,-1.8678138109205111
2.5584292146073038,0.006298048153354184,0.05495932002694312,0.048661271873588936,-0.002329175117435379,-0.0060939320466769885,0.019631708526497878,0.020555777471525767,-1.8717784880802293
2.560905452726363,0.006301720779090976,0.05495932002694312,0.048657599247852144,-0.002353142452257088,-0.00616797301311964,0.01959545436093019,0.02054326465540154,-1.8757438060467906
2.5633816908454228,0.006305260630044149,0.05495932002694312,0.04865405939689897,-0.0023771046425336857,-0.006241760233631354,0.019558678319128768,0.02053050092923452,-1.8797098488044244
2.5658579289644825,0.006308668493969757,0.05495932002694312,0.04865065153297336,-0.0024010596906630086,-0.0063152925401950485,0.01952138517407654,0.020517490075126113,-1.8836767000027006
2.568334167083542,0.006311945171033985,0.05495932002694312,0.048647374855909135,-0.0024250056172991277,-0.006388568814328994,0.019483579692257967,0.020504235882372795,-1.8876444429480164
2.5708104052026015,0.006315091473450843,0.05495932002694312,0.04864422855349228,-0.002448940461654802,-0.00646158798639318,0.01944526663243386,0.020490742146451076,-1.8916131605949593
2.573286643321661,0.006318108225120661,0.05495932002694312,0.04864121180182246,-0.002472862281793209,-0.006534349034882529,0.01940645074444163,0.020477012668016523,-1.8955829355375402
2.5757628814407205,0.006320996261269744,0.05495932002694312,0.048638323765673376,-0.002496769154909079,-0.006606850985707729,0.019367136768021185,0.02046305125191708,-1.8995538500003066
2.57823911955978,0.006323756428091125,0.05495932002694312,0.048635563598851995,-0.0025206591775992215,-0.006679092911463908,0.019327329431667067,0.020448861706220997,-1.9035259858293168
2.5807153576788395,0.006326389582386745,0.05495932002694312,0.048632930444556376,-0.0025445304661226523,-0.006751073930687981,0.019287033451506504,0.020434447841259275,-1.9074994244829917
2.583191595797899,0.006328896591211053,0.05495932002694312,0.04863042343573207,-0.0025683811566502793,-0.006822793207104851,0.019246253530204118,0.02041981346868307,-1.9114742470228214
2.5856678339169585,0.006331278331516213,0.05495932002694312,0.04862804169542691,-0.002592209405504348,-0.006894249948863314,0.019204994355892954,0.020404962400535857,-1.915450534103946
2.5881440720360183,0.006333535689799191,0.05495932002694312,0.04862578433714393,-0.0026160133893876406,-0.006965443407761938,0.019163260601132586,0.020389898448340903,-1.9194283659655893
2.5906203101550775,0.006335669561750551,0.05495932002694312,0.04862365046519257,-0.0026397913056026403,-0.00703637287846547,0.019121056921893736,0.02037462542220359,-1.9234078224213544
2.5930965482741373,0.006337680851905329,0.05495932002694312,0.04862163917503779,-0.0026635413722607007,-0.007107037697712431,0.019078387956570096,0.020359147129929204,-1.9273889828493815
2.5955727863931966,0.006339570473296086,0.05495932002694312,0.048619749553647035,-0.002687261828481315,-0.007177437243514094,0.01903525832501728,0.020343467376155985,-1.9313719261823512
2.5980490245122563,0.00634133934710808,0.05495932002694312,0.04861798067983504,-0.0027109509345816843,-0.007247570934345704,0.018991672627618743,0.020327589961503446,-1.9353567308973538
2.6005252626313156,0.006342988402336859,0.05495932002694312,0.04861633162460626,-0.002734606972256585,-0.007317438228330036,0.01894763544437917,0.020311518681736224,-1.9393434750055991
2.6030015007503753,0.006344518575448252,0.05495932002694312,0.04861480145149487,-0.0027582282447488095,-0.007387038622414182,0.018903151334044944,0.020295257326943258,-1.9433322360419887
2.6054777388694346,0.006345930810040971,0.05495932002694312,0.04861338921690215,-0.00278181307701013,-0.0074563716515395895,0.018858224833252137,0.020278809680732517,-1.9473230910545232
2.6079539769884943,0.006347226056511751,0.05495932002694312,0.04861209397043137,-0.002805359815853092,-0.00752543688780633,0.01881286045570159,0.02026217951944106,-1.9513161165935744
2.610430215107554,0.006348405271723319,0.05495932002694312,0.0486109147552198,-0.0028288668300936043,-0.007594233939631539,0.018767062691361514,0.020245370611360634,-1.9553113887009879
2.6129064532266133,0.006349469418675167,0.05495932002694312,0.04860985060826795,-0.002852332510684606,-0.007662762450902917,0.018720836005697364,0.020228386715978673,-1.9593089828990402
2.615382691345673,0.006350419466177135,0.05495932002694312,0.048608900560765986,-0.002875755270840847,-0.0077310221001275275,0.018674184838928777,0.020211231583234547,-1.9633089741792422
2.6178589294647323,0.0063512563885261,0.05495932002694312,0.04860806363841702,-0.002899133546154966,-0.0077990125995762525,0.018627113605314074,0.02019390895279133,-1.967311436990974
2.620335167583792,0.006351981165185594,0.05495932002694312,0.048607338861757526,-0.002922465794704993,-0.007866733694424706,0.018579626692461545,0.02017642255332264,-1.9713164452299807
2.6228114057028513,0.006352594780468665,0.05495932002694312,0.048606725246474455,-0.002945750497153437,-0.007934185161890496,0.01853172846066816,0.02015877610181485,-1.9753240722266883
2.625287643821911,0.006353098223223809,0.05495932002694312,0.04860622180371931,-0.002968986156838097,-0.008001366810367843,0.018483423242284948,0.020140973302884235,-1.9793343907343817
2.6277638819409703,0.006353492486524247,0.05495932002694312,0.048605827540418874,-0.0029921712998546915,-0.008068278478559524,0.018434715341109558,0.020123017848109336,-1.9833474729172087
2.63024012006003,0.00635377856736042,0.05495932002694312,0.0486055414595827,-0.0030153044751315946,-0.008134920034606747,0.018385609031805288,0.020104913415378005,-1.987363390338033
2.6327163581790898,0.006353957466335908,0.05495932002694312,0.04860536256060721,-0.003038384254496636,-0.008201291375217353,0.018336108559346982,0.020086663668249443,-1.9913822139461206
2.635192596298149,0.00635403018736673,0.05495932002694312,0.04860528983957639,-0.0030614092327362753,-0.008267392424792706,0.018286218138493293,0.020068272255330824,-1.995404014064672
2.637668834417209,0.0063539977373840775,0.05495932002694312,0.04860532228955904,-0.0030843780276472517,-0.008333223134553742,0.018235941953285307,0.02004974280966848,-1.999428860378195
2.640145072536268,0.006353861126040583,0.05495932002694312,0.04860545890090254,-0.0031072892800807755,-0.00839878348166634,0.018185284156571425,0.02003107894815352,-2.003456821919709
2.642621310655328,0.006353621365420073,0.05495932002694312,0.04860569866152305,-0.003130141653979588,-0.00846407346836676,0.018134248869558035,0.02001228427094161,-2.0074879670578047
2.645097548774387,0.006353279469750943,0.05495932002694312,0.04860604055719218,-0.0031529338364078598,-0.00852909312108705,0.01808284018138627,0.01999336236088698,-2.011522363483529
2.647573786893447,0.006352836455123093,0.05495932002694312,0.04860648357182003,-0.0031756645375742125,-0.008593842489581333,0.0180310621487342,0.019974316782990317,-2.015560078197126
2.6500500250125065,0.006352293339208455,0.05495932002694312,0.048607026687734665,-0.0031983324908479395,-0.008658321646052713,0.017978918795444488,0.01995515108386033,-2.01960117749461
2.652526263131566,0.006351651140985307,0.05495932002694312,0.048607668885957814,-0.003220936452768615,-0.008722530684281752,0.017926414112177304,0.019935868791189068,-2.0236457269541894
2.6550025012506255,0.0063509108804660555,0.05495932002694312,0.048608409146477065,-0.0032434752030492493,-0.008786469718756388,0.017873552056088073,0.019916473413240435,-2.0276937914225335
2.657478739369685,0.006350073578428879,0.05495932002694312,0.04860924644851424,-0.003265947544573075,-0.008850138883803853,0.017820336550530207,0.019896968438352106,-2.031745435000881
2.6599549774887445,0.006349140256152991,0.05495932002694312,0.04861017977079013,-0.0032883523033842297,-0.00891353833272496,0.017766771484782094,0.019877357334450257,-2.035800721031005
2.662431215607804,0.00634811193515767,0.05495932002694312,0.04861120809178545,-0.0033106883286723584,-0.008976668236930878,0.01771286071379862,0.019857643548577317,-2.0398597120810176
2.6649074537268636,0.006346989636944925,0.05495932002694312,0.048612330389998196,-0.0033329544927514043,-0.009039528785082903,0.017658608057986417,0.01983783050643203,-2.0439224699310348
2.667383691845923,0.006345774382746,0.05495932002694312,0.04861354564419712,-0.003355149691032612,-0.00910212018223543,0.017604017303003146,0.019817921611922168,-2.0479890555586873
2.6698599299649826,0.006344467193271558,0.05495932002694312,0.04861485283367156,-0.0033772728419920305,-0.009164442648982482,0.017549092199580077,0.019797920246729234,-2.0520595291244934
2.6723361680840423,0.006343069088465582,0.05495932002694312,0.04861625093847754,-0.0033993228871325143,-0.009226496420607957,0.017493836463367975,0.019777829769885128,-2.056133949957082
2.6748124062031016,0.00634158108726305,0.05495932002694312,0.04861773893968007,-0.003421298790940485,-0.009288281746240131,0.017438253774805946,0.019757653517360595,-2.060212376538283
2.6772886443221613,0.006340004207351341,0.05495932002694312,0.04861931581959178,-0.003443199540837543,-0.00934979888801046,0.017382347779012815,0.01973739480166502,-2.0642948664880834
2.6797648824412206,0.006338339464935304,0.05495932002694312,0.048620980562007816,-0.0034650241471270507,-0.009411048120216979,0.017326122085701064,0.019717056911457597,-2.0683814765494355
2.6822411205602803,0.006336587874506153,0.05495932002694312,0.04862273215243697,-0.003486771642935899,-0.009472029728492828,0.017269580269112666,0.01969664311116941,-2.0724722625729552
2.6847173586793396,0.006334750448613917,0.05495932002694312,0.0486245695783292,-0.003508441084151493,-0.009532744008979698,0.017212725867976834,0.019676156640636332,-2.076567279501474
2.6871935967983993,0.006332828197643706,0.05495932002694312,0.048626491829299415,-0.0035300315493542052,-0.009593191267507002,0.017155562385489074,0.019655600714742354,-2.0806665813544867
2.6896698349174586,0.006330822129595626,0.05495932002694312,0.048628497897347495,-0.003551542139745313,-0.009653371818776478,0.017098093289311694,0.019634978523073394,-2.0847702212124593
2.6921460730365183,0.006328733249868296,0.05495932002694312,0.048630586777074825,-0.0035729719790706816,-0.009713285985552978,0.017040322011594795,0.01961429322958087,-2.0888782512010433
2.694622311155578,0.006326562561046051,0.05495932002694312,0.04863275746589707,-0.003594320213540183,-0.00977293409786123,0.01698225194901813,0.019593547972255276,-2.0929907224751636
2.6970985492746373,0.00632431106268979,0.05495932002694312,0.04863500896425333,-0.0036155860117430944,-0.009832316492189125,0.016923886462853022,0.019572745862809184,-2.097107685203005
2.699574787393697,0.006321979751131336,0.05495932002694312,0.048637340275811784,-0.0036367685645595513,-0.009891433510697656,0.016865228879044143,0.01955188998636953,-2.101229188549904
2.7020510255127563,0.006319569619271478,0.05495932002694312,0.04863975040767164,-0.0036578670850681448,-0.009950285500437603,0.016806282488311085,0.019530983401179026,-2.1053552806621334
2.704527263631816,0.006317081656381444,0.05495932002694312,0.048642238370561676,-0.0036788808084498763,-0.01000887281257346,0.016747050546268887,0.019510029138306205,-2.1094860086506073
2.7070035017508753,0.006314516847908035,0.05495932002694312,0.048644803179035086,-0.003699808991888484,-0.010067195801614488,0.0166875362735678,0.019489030201364187,-2.1136214185744895
2.709479739869935,0.0063118761752820884,0.05495932002694312,0.04864744385166103,-0.0037206509144673433,-0.010125254824653427,0.01662774285605131,0.01946798956623752,-2.1177615554247367
2.7119559779889943,0.006309160615730579,0.05495932002694312,0.04865015941121254,-0.0037414058770629745,-0.010183050240612756,0.016567673444932773,0.019446910180817262,-2.1219064631075524
2.714432216108054,0.006306371142092024,0.05495932002694312,0.0486529488848511,-0.0037620732022353616,-0.010240582409499028,0.016507331156989637,0.0194257949647437,-2.126056184427791
2.716908454227114,0.006303508722635333,0.05495932002694312,0.04865581130430779,-0.0037826522341150894,-0.010297851691665114,0.016446719074775486,0.019404646809156663,-2.130210761072287
2.719384692346173,0.00630057432088206,0.05495932002694312,0.04865874570606106,-0.003803142338287488,-0.010354858447080846,0.016385840246849213,0.019383468576453105,-2.1343702335931383
2.721860930465233,0.006297568895431968,0.05495932002694312,0.04866175113151115,-0.003823542901673852,-0.010411603034612192,0.016324697688021125,0.019362263100051815,-2.138534641390947
2.724337168584292,0.00629449339979192,0.05495932002694312,0.0486648266271512,-0.0038438533324097893,-0.010468085811308904,0.01626329437961562,0.0193410331841648,-2.1427040226980107
2.726813406703352,0.0062913487822079395,0.05495932002694312,0.04866797124473518,-0.0038640730597209365,-0.010524307131701133,0.016201633269750014,0.01931978160357528,-2.1468784145614928
2.729289644822411,0.006288135985500702,0.05495932002694312,0.04867118404144242,-0.003884201533795926,-0.010580267347105016,0.016139717273629357,0.01929851110342211,-2.1510578528265634
2.731765882941471,0.006284855946904033,0.05495932002694312,0.04867446408003909,-0.0039042382256569293,-0.01063596680493745,0.016077549273856653,0.019277224398990118,-2.15524237211953
2.7342421210605306,0.006281509597906694,0.05495932002694312,0.048677810429036426,-0.003924182627027654,-0.010691405848040172,0.016015132120758356,0.019255924175506447,-2.159432005830959
2.73671835917959,0.006278097864097214,0.05495932002694312,0.04868122216284591,-0.003944034250199034,-0.010746584814013346,0.01595246863272461,0.019234613087942394,-2.1636267860987974
2.7391945972986496,0.006274621665011873,0.05495932002694312,0.04868469836193125,-0.003963792627892635,-0.010801504034558908,0.015889561596564003,0.01921329376082076,-2.167826743791514
2.741670835417709,0.006271081913985718,0.05495932002694312,0.0486882381129574,-0.003983457313121829,-0.010856163834833578,0.01582641376787253,0.01919196878802833,-2.1720319084912503
2.7441470735367686,0.00626747951800654,0.05495932002694312,0.04869184050893658,-0.0040030278790508704,-0.010910564532812026,0.01576302787141612,0.01917064073263325,-2.176242308477015
2.746623311655828,0.006263815377571938,0.05495932002694312,0.04869550464937118,-0.004022503918851936,-0.01096470643865996,0.015699406601526907,0.01914931212670726,-2.1804579707079
2.7490995497748876,0.006260090386549233,0.05495932002694312,0.04869922964039389,-0.004041885045560165,-0.011018589854117725,0.015635552622512264,0.01912798547115237,-2.1846789208063693
2.751575787893947,0.006256305432038291,0.05495932002694312,0.04870301459490483,-0.004061170891926808,-0.011072215071894112,0.015571468569076785,0.019106663235531875,-2.188905183041591
2.7540520260130066,0.006252461394237255,0.05495932002694312,0.048706858632705866,-0.004080361110270561,-0.011125582375070886,0.01550715704675651,0.0190853478579055,-2.1931367803128476
2.7565282641320663,0.006248559146311047,0.05495932002694312,0.04871076088063207,-0.0040994553723270695,-0.0111786920365179,0.015442620632365277,0.01906404174466848,-2.197373734133028
2.7590045022511256,0.006244599554262743,0.05495932002694312,0.04871472047268038,-0.004118453369096782,-0.011231544318319157,0.015377861874452633,0.01904274727039434,-2.2016160646122125
2.7614807403701853,0.0062405834768075805,0.05495932002694312,0.04871873655013554,-0.0041373548106911195,-0.011284139471209815,0.015312883293773108,0.019021466777681233,-2.205863790441367
2.7639569784892446,0.006236511765249787,0.05495932002694312,0.04872280826169333,-0.004156159426177065,-0.01133647773402421,0.015247687383766521,0.01900020257700163,-2.2101169288761415
2.7664332166083043,0.006232385263362006,0.05495932002694312,0.048726934763581115,-0.004174866963420187,-0.011388559333155291,0.015182276611048696,0.01897895694655517,-2.214375495720816
2.7689094547273636,0.006228204807267448,0.05495932002694312,0.04873111521967567,-0.004193477188926184,-0.01144038448202529,0.0151166534159127,0.018957732132124618,-2.218639505312367
2.7713856928464233,0.006223971225324559,0.05495932002694312,0.04873534880161856,-0.004211989887681001,-0.011491953380568009,0.015050820212839697,0.018936530346934533,-2.222908970504708
2.7738619309654826,0.006219685338014307,0.05495932002694312,0.048739634688928814,-0.004230404862989515,-0.01154326621472254,0.014984779391019564,0.018915353771512693,-2.2271839026530755
2.7763381690845423,0.006215347957830034,0.05495932002694312,0.04874397206911309,-0.004248721936312906,-0.011594323155939026,0.014918533314880569,0.01889420455355412,-2.231464311598612
2.778814407203602,0.006210959889169712,0.05495932002694312,0.04874836013777341,-0.004266940947104659,-0.01164512436069598,0.014852084324627937,0.018873084807787353,-2.2357502056531295
2.7812906453226613,0.0062065219282307835,0.05495932002694312,0.04875279809871234,-0.004285061752645345,-0.01169566997002978,0.014785434736790842,0.018851996615843046,-2.2400415915840823
2.783766883441721,0.006202034862907317,0.05495932002694312,0.0487572851640358,-0.004303084227876135,-0.011745960109076288,0.014718586844777526,0.0188309420261247,-2.2443384745997657
2.7862431215607804,0.006197499472689723,0.05495932002694312,0.0487618205542534,-0.00432100826523109,-0.011795994886624526,0.014651542919438303,0.018809923053681392,-2.248640858334732
2.78871935967984,0.006192916528566628,0.05495932002694312,0.04876640349837649,-0.00433883377446832,-0.011845774394682897,0.014584305209635691,0.018788941680082244,-2.252948744835477
2.7911955977988994,0.006188286792929307,0.05495932002694312,0.048771033234013814,-0.00435656068249993,-0.01189529870805763,0.014516875942821927,0.018767999853292826,-2.25726213454636
2.793671835917959,0.006183611019478286,0.05495932002694312,0.048775709007464835,-0.004374188933220922,-0.011944567883944037,0.014449257325622886,0.018747099487553105,-2.261581026295831
2.7961480740370184,0.006178889953132254,0.05495932002694312,0.04878043007381087,-0.004391718487336918,-0.011993581961530175,0.014381451544428549,0.018726242463256965,-2.2659054172829176
2.798624312156078,0.0061741243299392665,0.05495932002694312,0.048785195697003854,-0.004409149322190881,-0.012042340961613515,0.01431346076598924,0.01870543062683316,-2.270235303064045
2.801100550275138,0.006169314876990163,0.05495932002694312,0.04879000514995296,-0.004426481431588716,-0.012090844886230353,0.014245287138017699,0.018684665790627757,-2.274570677540158
2.803576788394197,0.006164462312334133,0.05495932002694312,0.04879485771460899,-0.0044437148256238745,-0.01213909371829821,0.01417693278979623,0.01866394973278771,-2.278911532944185
2.806053026513257,0.0061595673448965466,0.05495932002694312,0.048799752682046574,-0.00446084953050094,-0.012187087421271434,0.01410839983278881,0.018643284197145837,-2.2832578598288578
2.808529264632316,0.006154630674398871,0.05495932002694312,0.04880468935254425,-0.004477885588358147,-0.012234825938809856,0.0140396903612578,0.018622670893106867,-2.2876096470548872
2.811005502751376,0.006149652991280716,0.05495932002694312,0.048809667035662405,-0.0044948230570889935,-0.012282309194460805,0.013970806452884676,0.0186021114955346,-2.291966881779533
2.813481740870435,0.006144634976624042,0.05495932002694312,0.04881468505031908,-0.004511662010162773,-0.012329537091354486,0.013901750169394794,0.018581607644640282,-2.2963295494455584
2.815957978989495,0.006139577302079431,0.05495932002694312,0.04881974272486369,-0.004528402536444209,-0.012376509511912935,0.013832523557185368,0.01856116094587188,-2.300697633770616
2.8184342171085546,0.006134480629794339,0.05495932002694312,0.04882483939714878,-0.004545044740012058,-0.012423226317572303,0.013763128647956722,0.018540772969804362,-2.305071116737039
2.820910455227614,0.006129345612343559,0.05495932002694312,0.04882997441459956,-0.004561588739976781,-0.012469687348519085,0.013693567459346221,0.018520445252031136,-2.3094499785820983
2.8233866933466736,0.00612417289266156,0.05495932002694312,0.04883514713428156,-0.004578034670297243,-0.012515892423439947,0.013623841995564497,0.018500179293056276,-2.3138341977887134
2.825862931465733,0.006118963103976957,0.05495932002694312,0.04884035692296616,-0.004594382679596441,-0.012561841339285442,0.013553954248033809,0.018479976558187904,-2.318223751076636
2.8283391695847926,0.006113716869748903,0.05495932002694312,0.04884560315719422,-0.004610632930976295,-0.012607533871047641,0.013483906196027894,0.018459838477432378,-2.3226186133941362
2.830815407703852,0.006108434803605491,0.05495932002694312,0.04885088522333763,-0.004626785601831451,-0.012652969771551741,0.013413699807313263,0.01843976644538965,-2.327018757910184
2.8332916458229116,0.0061031175092841755,0.05495932002694312,0.048856202517658945,-0.004642840883662154,-0.012698148771261896,0.013343337038791245,0.018419761821149544,-2.3314241560071745
2.835767883941971,0.006097765580574059,0.05495932002694312,0.04886155444636906,-0.004658798981886101,-0.01274307057810101,0.013272819837140666,0.01839982592818906,-2.3358347772741745
2.8382441220610306,0.006092379601260231,0.05495932002694312,0.04886694042568289,-0.004674660115649409,-0.01278773487728499,0.013202150139460701,0.01837996005427088,-2.340250589500742
2.8407203601800903,0.006086960145069986,0.05495932002694312,0.048872359881873134,-0.004690424517636522,-0.012832141331171148,0.013131329873913525,0.018360165451342877,-2.3446715586713074
2.8431965982991496,0.006081507775620998,0.05495932002694312,0.04887781225132212,-0.004706092433879179,-0.012876289579121125,0.013060360960366408,0.01834044333543893,-2.34909764896015
2.8456728364182093,0.006076023046371427,0.05495932002694312,0.04888329698057169,-0.004721664123564406,-0.012920179237378194,0.01298924531103286,0.01832079488658087,-2.353528822726978
2.8481490745372686,0.006070506500571941,0.05495932002694312,0.04888881352637118,-0.0047371398588414645,-0.012963809898959072,0.01291798483111258,0.018301221248681845,-2.3579650405131214
2.8506253126563283,0.006064958671219679,0.05495932002694312,0.04889436135572344,-0.00475251992462786,-0.01300718113356043,0.012846581419429617,0.018281723529451063,-2.3624062610383723
2.8531015507753876,0.0060593800810140805,0.05495932002694312,0.04889993994592904,-0.004767804618414261,-0.01305029248747986,0.012775036969068645,0.018262302800299963,-2.3668524411984615
2.8555777888944474,0.006053771242314689,0.05495932002694312,0.04890554878462843,-0.004782994250068457,-0.013093143483551794,0.012703353368008673,0.018242960096250063,-2.371303536063216
2.8580540270135066,0.006048132657100858,0.05495932002694312,0.04891118736984226,-0.004798089141638257,-0.013135733621097878,0.012631532499754237,0.01822369641584244,-2.37575949887538
2.8605302651325664,0.006042464816933303,0.05495932002694312,0.04891685521000982,-0.004813089627153331,-0.013178062375892413,0.012559576243963129,0.01820451272104898,-2.3802202810501476
2.863006503251626,0.006036768202917708,0.05495932002694312,0.04892255182402541,-0.004827996052426016,-0.013220129200142433,0.012487486477070993,0.01818540993718562,-2.3846858321753888
2.8654827413706854,0.0060310432856701054,0.05495932002694312,0.048928276741273015,-0.004842808774851033,-0.013261933522482824,0.012415265072911739,0.018166388952827576,-2.389156100012614
2.867958979489745,0.006025290525284298,0.05495932002694312,0.04893402950165882,-0.004857528163204166,-0.013303474747986262,0.012342913903333886,0.01814745061972676,-2.3936310304986654
2.8704352176088044,0.0060195103713011205,0.05495932002694312,0.048939809655642,-0.004872154597439775,-0.013344752258188096,0.012270434838812277,0.018128595752731493,-2.398110567748161
2.872911455727864,0.0060137032626797204,0.05495932002694312,0.0489456167642634,-0.0048866884684873,-0.013385765411126339,0.012197829749054744,0.018109825129708768,-2.40259465405671
2.8753876938469234,0.006007869627770723,0.05495932002694312,0.0489514503991724,-0.004901130178046563,-0.013426513541396448,0.01212510050360356,0.018091139491469007,-2.407083229904891
2.877863931965983,0.006002009884291372,0.05495932002694312,0.04895731014265175,-0.004915480138382014,-0.013466995960221334,0.012052248972430991,0.018072539541693678,-2.411576233963039
2.8803401700850424,0.005996124439302641,0.05495932002694312,0.04896319558764048,-0.004929738772115796,-0.013507211955536252,0.011979277026528993,0.01805402594686589,-2.4160736030968093
2.882816408204102,0.005990213689188326,0.05495932002694312,0.048969106337754795,-0.004943906512019687,-0.013547160792088841,0.011906186538492245,0.018035599336204026,-2.4205752723735814
2.885292646323162,0.005984278019636059,0.05495932002694312,0.04897504200730706,-0.0049579838008058695,-0.013586841711554078,0.01183297938309454,0.018017260301598746,-2.4250811750696633
2.887768884442221,0.005978317805620449,0.05495932002694312,0.04898100222132267,-0.004971971090916544,-0.013626253932664397,0.011759657437857916,0.017999009397553493,-2.429591242678347
2.890245122561281,0.0059723334113881005,0.05495932002694312,0.04898698661555502,-0.00498586884431237,-0.013665396651354805,0.011686222583614212,0.01798084714112864,-2.4341054049188053
2.89272136068034,0.005966325190444724,0.05495932002694312,0.048992994836498396,-0.004999677532259708,-0.013704269040922912,0.011612676705058866,0.017962774011889563,-2.4386235897458346
2.8951975987994,0.005960293485544298,0.05495932002694312,0.04899902654139882,-0.005013397635116678,-0.013742870252204116,0.011539021691296246,0.01794479045185878,-2.4431457233604794
2.897673836918459,0.00595423862868031,0.05495932002694312,0.04900508139826281,-0.005027029642118018,-0.013781199413761627,0.011465259436376619,0.017926896865472476,-2.447671730221512
2.900150075037519,0.005948160941078931,0.05495932002694312,0.04901115908586419,-0.005040574051158753,-0.013819255632091456,0.011391391839823831,0.017909093619541343,-2.4522015330578055
2.9026263131565786,0.005942060733194532,0.05495932002694312,0.04901725929374859,-0.005054031368576616,-0.01385703799184236,0.011317420807153963,0.017891381043216425,-2.456735052881591
2.905102551275638,0.005935938304707067,0.05495932002694312,0.049023381722236054,-0.005067402108933295,-0.013894545556050521,0.011243348250384113,0.017873759427959712,-2.46127220900261
2.9075787893946976,0.005929793944521727,0.05495932002694312,0.04902952608242139,-0.005080686794794458,-0.01393177736638911,0.01116917608853111,0.017856229027519977,-2.465812919043172
2.910055027513757,0.005923627930770739,0.05495932002694312,0.04903569209617238,-0.005093885956508524,-0.013968732443432507,0.011094906248100085,0.01783879005791408,-2.470357098954112
2.9125312656328166,0.005917440530817261,0.05495932002694312,0.04904187949612586,-0.005107000131984277,-0.014005409786935243,0.011020540663562003,0.017821442697413842,-2.474904663031673
2.915007503751876,0.00591123200126159,0.05495932002694312,0.04904808802568153,-0.0051200298664672095,-0.014041808376125484,0.010946081277820388,0.01780418708653888,-2.479455523935292
2.9174837418709356,0.005905002587949418,0.05495932002694312,0.0490543174389937,-0.005132975712314688,-0.014077927170012997,0.010871530042666458,0.01778702332805547,-2.484009592706316
2.919959979989995,0.005898752525982515,0.05495932002694312,0.049060567500960606,-0.005145838228769884,-0.014113765107711548,0.01079688891922267,0.017769951486981874,-2.4885667787876353
2.9224362181090546,0.005892482039731514,0.05495932002694312,0.049066837987211606,-0.005158617981734542,-0.014149321108775615,0.010722159878374011,0.017752971590600165,-2.493126990044248
2.9249124562281144,0.005886191342851066,0.05495932002694312,0.049073128684092054,-0.005171315543540489,-0.014184594073551297,0.010647344901187131,0.01773608362847509,-2.497690132784745
2.9273886943471736,0.005879880638297266,0.05495932002694312,0.049079439388645854,-0.0051839314927200324,-0.014219582883541181,0.010572445979316518,0.017719287552479736,-2.5022561117837245
2.9298649324662334,0.0058735501183474065,0.05495932002694312,0.049085769908595714,-0.005196466413775134,-0.014254286401783356,0.010497465115397757,0.0177025832768288,-2.5068248303051406
2.9323411705852926,0.005867199964622087,0.05495932002694312,0.04909212006232103,-0.005208920896945426,-0.014288703473244133,0.010422404323427472,0.017685970678119386,-2.511396190126565
2.9348174087043524,0.005860830348109705,0.05495932002694312,0.049098489678833415,-0.005221295537975107,-0.014322832925224375,0.010347265629129479,0.017669449595379468,-2.515970091564387
2.9372936468234117,0.005854441429193315,0.05495932002694312,0.049104878597749806,-0.00523359093787869,-0.014356673567779442,0.010272051070307167,0.01765301983012469,-2.520546433499921
2.9397698849424714,0.005848033357679944,0.05495932002694312,0.04911128666926318,-0.005245807702705654,-0.014390224194152486,0.010196762697181406,0.017636681146423264,-2.5251251134064474
2.9422461230615307,0.0058416062728323045,0.05495932002694312,0.049117713754110816,-0.005257946443303975,-0.014423483581220857,0.010121402572714107,0.01762043327096957,-2.5297060273771583
2.9447223611805904,0.005835160303403052,0.05495932002694312,0.04912415972354007,-0.005270007775082644,-0.01445645048995561,0.010045972772916793,0.017604275893166505,-2.5342890701540166
2.94719859929965,0.005828695567671412,0.05495932002694312,0.04913062445927171,-0.005281992317773101,-0.014489123665893692,0.00997047538714424,0.01758820866521687,-2.5388741351575117
2.9496748374187094,0.005822212173482437,0.05495932002694312,0.04913710785346068,-0.005293900695189681,-0.014521501839622846,0.00989491251837258,0.017572231202224037,-2.543461114517321
2.952151075537769,0.005815710218288736,0.05495932002694312,0.049143609808654384,-0.005305733534989073,-0.014553583727278914,0.009819286283461797,0.01755634308230215,-2.5480498991038583
2.9546273136568284,0.005809189789194744,0.05495932002694312,0.04915013023774838,-0.005317491468428833,-0.014585368031055208,0.009743598813402492,0.017540543846696025,-2.5526403785606937
2.957103551775888,0.005802650963003607,0.05495932002694312,0.04915666906393951,-0.005329175130124975,-0.014616853439723947,0.009667852253546251,0.017524832999910988,-2.5572324413378564
2.9595797898949474,0.005796093806266674,0.05495932002694312,0.04916322622067645,-0.005340785157808706,-0.01464803862916933,0.009592048763819886,0.017509210009852973,-2.56182597472599
2.962056028014007,0.005789518375335548,0.05495932002694312,0.04916980165160757,-0.005352322192082296,-0.014678922262932164,0.009516190518922885,0.017493674307978966,-2.5664208648913647
2.9645322661330664,0.0057829247164168235,0.05495932002694312,0.0491763953105263,-0.005363786876174181,-0.014709502992765475,0.009440279708508187,0.01747822528945796,-2.571016996911715
2.967008504252126,0.00577631286562949,0.05495932002694312,0.04918300716131363,-0.005375179855693298,-0.014739779459201394,0.009364318537345744,0.01746286231334292,-2.575614254812923
2.969484742371186,0.005769682849064921,0.05495932002694312,0.0491896371778782,-0.0053865017783827455,-0.014769750292128209,0.009288309225469069,0.01744758470275342,-2.580212521606486
2.971960980490245,0.005763034682849687,0.05495932002694312,0.049196285344093434,-0.005397753293872746,-0.014799414111378275,0.009212254008304176,0.01743239174506983,-2.5848116793278026
2.974437218609305,0.005756368373211002,0.05495932002694312,0.04920295165373212,-0.00540893505343306,-0.014828769527325682,0.009136155136780916,0.017417282692138606,-2.589411609075238
2.976913456728364,0.0057496839165448455,0.05495932002694312,0.049209636110398275,-0.005420047709724823,-0.014857815141493657,0.009060014877426732,0.017402256760489194,-2.594012191049937
2.979389694847424,0.005742981299486936,0.05495932002694312,0.049216338727456184,-0.005431091916551906,-0.014886549547171536,0.00898383551244217,0.017387313131562627,-2.5986133045964075
2.981865932966483,0.005736260498986366,0.05495932002694312,0.049223059527956754,-0.005442068328611847,-0.0149149713300407,0.008907619339758577,0.017372450951951973,-2.6032148282438183
2.984342171085543,0.0057295214823820315,0.05495932002694312,0.04922979854456109,-0.005452977601246429,-0.014943079068809347,0.008831368673077383,0.017357669333654808,-2.607816639748019
2.986818409204602,0.005722764207481849,0.05495932002694312,0.04923655581946127,-0.005463820390191937,-0.014970871335855599,0.008755085841891183,0.017342967354337786,-2.6124186161342435
2.989294647323662,0.005715988622644719,0.05495932002694312,0.0492433314042984,-0.005474597351329207,-0.014998346697878698,0.008678773191486168,0.017328344057613465,-2.6170206337404953
2.9917708854427216,0.005709194666865314,0.05495932002694312,0.04925012536007781,-0.005485309140433515,-0.015025503716557783,0.008602433082926235,0.017313798453329515,-2.6216225682615715
2.994247123561781,0.005702382269861632,0.05495932002694312,0.04925693775708149,-0.005495956412924337,-0.015052340949218082,0.00852606789301823,0.01729932951787045,-2.6262242947937295
2.9967233616808406,0.005695551352165408,0.05495932002694312,0.04926376867477771,-0.005506539823615162,-0.01507885694950392,0.008449680014258559,0.017284936194471856,-2.6308256878799545
2.9991995997999,0.005688701825215262,0.05495932002694312,0.04927061820172786,-0.005517060026463311,-0.01510505026805821,0.008373271854761062,0.017270617393547318,-2.6354266215558058
3.0016758379189596,0.0056818335914527035,0.05495932002694312,0.04927748643549042,-0.005527517674319936,-0.01513091945320815,0.008296845838165867,0.017256371993028055,-2.64002696939584
3.004152076038019,0.005674946544420946,0.05495932002694312,0.049284373482522174,-0.005537913418680232,-0.015156463051656412,0.0082204044035297,0.017242198838715337,-2.644626604560545
3.0066283141570787,0.005668040568866467,0.05495932002694312,0.04929127945807665,-0.005548247909433979,-0.015181679609177759,0.008143950005196904,0.01722809674464566,-2.6492253998438127
3.0091045522761384,0.005661115540843496,0.05495932002694312,0.049298204486099624,-0.005558521794616438,-0.015206567671320455,0.00806748511265192,0.017214064493468958,-2.6538232277208746
3.0115807903951977,0.005654171327821152,0.05495932002694312,0.04930514869912197,-0.005568735720159806,-0.015231125784111888,0.007991012210352663,0.017200100836839396,-2.6584199603967087
3.0140570285142574,0.005647207788793504,0.05495932002694312,0.049312112238149616,-0.005578890329645192,-0.0152553524947684,0.007914533797545103,0.017186204495819316,-2.663015469854877
3.0165332666333167,0.005640224774392355,0.05495932002694312,0.049319095252550765,-0.005588986264055286,-0.015279246352408325,0.007838052388059078,0.01717237416129586,-2.6676096279067614
3.0190095047523764,0.0056332221270027905,0.05495932002694312,0.04932609789994033,-0.005599024161527814,-0.015302805908768247,0.007761570510085211,0.01715860849441052,-2.67220230624119
3.0214857428714357,0.005626199680881537,0.05495932002694312,0.04933312034606158,-0.0056090046571098395,-0.015326029718921611,0.007685090705933284,0.01714490612700141,-2.676793376474395
3.0239619809904954,0.0056191572622780045,0.05495932002694312,0.049340162764665116,-0.005618928382513035,-0.015348916341999573,0.007608615531771827,0.017131265662058394,-2.6813827102003103
3.0264382191095547,0.005612094689558152,0.05495932002694312,0.04934722533738497,-0.005628795965870038,-0.015371464341913303,0.007532147557349381,0.017117685674190784,-2.6859701790411408
3.0289144572286144,0.005605011773330955,0.05495932002694312,0.049354308253612166,-0.00563860803149196,-0.015393672288077467,0.007455689365697127,0.017104164710107693,-2.690555654698215
3.031390695347674,0.0055979083165776725,0.05495932002694312,0.04936141171036545,-0.005648365199627186,-0.01541553875613417,0.0073792435528135065,0.017090701289110822,-2.6951390090030483
3.0338669334667334,0.005590784114783705,0.05495932002694312,0.049368535912159416,-0.005658068086221533,-0.015437062328677188,0.0073028127273305115,0.01707729390359974,-2.6997201139686235
3.036343171585793,0.005583638956073153,0.05495932002694312,0.04937568107086997,-0.005667717302679954,-0.015458241595975631,0.007226399510162067,0.017063941019589284,-2.704298841840842
3.0388194097048524,0.005576472621345946,0.05495932002694312,0.049382847405597174,-0.005677313455629766,-0.015479075156696734,0.007150006534134745,0.017050641077239165,-2.708875065150107
3.041295647823912,0.005569284884417609,0.05495932002694312,0.04939003514252551,-0.0056868571466856645,-0.015499561618627228,0.007073636443600717,0.017037392491395464,-2.7134486567630276
3.0437718859429714,0.005562075512161549,0.05495932002694312,0.04939724451478157,-0.005696348972216498,-0.01551969959939275,0.006997291894033511,0.017024193652143957,-2.718019489934195
3.046248124062031,0.005554844264653899,0.05495932002694312,0.04940447576228922,-0.005705789523114026,-0.015539487727174828,0.006920975551606395,0.017011042925374992,-2.7225874383580195
3.0487243621810904,0.0055475908953208156,0.05495932002694312,0.049411729131622305,-0.005715179384563694,-0.015558924641424771,0.006844690092754143,0.016997938653359756,-2.7271523762205683
3.05120060030015,0.005540315151088264,0.05495932002694312,0.049419004875854856,-0.005724519135817601,-0.01557800899357412,0.006768438203717877,0.016984879155337664,-2.7317141782514054
3.05367683841921,0.005533016772534156,0.05495932002694312,0.049426303254408964,-0.005733809349969728,-0.015596739447741025,0.00669222258007377,0.01697186272811474,-2.736272719775375
3.056153076538269,0.005525695494042984,0.05495932002694312,0.049433624532900136,-0.00574305059373355,-0.01561511468143216,0.006616045926245475,0.016958887646672686,-2.7408278767643237
3.058629314657329,0.005518351043962595,0.05495932002694312,0.049440968982980525,-0.005752243427222199,-0.015633133386239333,0.006539910955000889,0.01694595216478825,-2.7453795258887044
3.061105552776388,0.005510983144763393,0.05495932002694312,0.04944833688217973,-0.005761388403731223,-0.01565079426853063,0.0064638203869334995,0.016933054515662804,-2.749927544569042
3.063581790895448,0.005503591513199693,0.05495932002694312,0.04945572851374343,-0.005770486069524114,-0.015668096050135374,0.006387776949928461,0.016920192912561756,-2.754471811027245
3.066058029014507,0.00549617586047331,0.05495932002694312,0.04946314416646981,-0.005779536963620671,-0.015685037469022396,0.0063117833786140954,0.016907365549463513,-2.7590122043377026
3.068534267133567,0.00548873589239917,0.05495932002694312,0.04947058413454395,-0.005788541617588381,-0.015701617279971092,0.006235842413798836,0.016894570601717562,-2.763548604478165
3.071010505252626,0.005481271309573127,0.05495932002694312,0.04947804871736999,-0.0057975005553368725,-0.015717834255234757,0.0061599568018943125,0.0168818062267115,-2.7680808923803513
3.073486743371686,0.0054737818075416625,0.05495932002694312,0.04948553821940146,-0.0058064142929155835,-0.0157336871851957,0.006084129294324633,0.016869070564546538,-2.7726089499802877
3.0759629814907457,0.005466267076973612,0.05495932002694312,0.04949305294996951,-0.0058152833383147695,-0.015749174879011563,0.006008362646922657,0.01685636173872121,-2.7771326602683066
3.078439219609805,0.005458726803833781,0.05495932002694312,0.04950059322310934,-0.005824108191269967,-0.01576429616525245,0.005932659619313344,0.016843677856822847,-2.7816519073387136
3.0809154577288647,0.005451160669558322,0.05495932002694312,0.0495081593573848,-0.005832889343069987,-0.015779049892528128,0.005857022974284767,0.01683101701122637,-2.7861665764390744
3.083391695847924,0.005443568351231928,0.05495932002694312,0.04951575167571119,-0.0058416272763686305,-0.015793434930105023,0.005781455477147425,0.016818377279800196,-2.790676554019085
3.0858679339669837,0.005435949521766709,0.05495932002694312,0.04952337050517641,-0.005850322465000144,-0.01580745016851251,0.005705959895081787,0.01680575672661865,-2.7951817277790343
3.088344172086043,0.005428303850082708,0.05495932002694312,0.04953101617686041,-0.005858975373798605,-0.015821094520137816,0.005630538996475247,0.01679315340268061,-2.7996819867177813
3.0908204102051027,0.00542063100128988,0.05495932002694312,0.04953868902565324,-0.005867586458421328,-0.015834366919809145,0.005555195550248368,0.016780565346633747,-2.804177221180261
3.0932966483241624,0.005412930636871677,0.05495932002694312,0.049546389390071444,-0.005876156165176351,-0.015847266325366722,0.005479932325171301,0.016767990585504256,-2.8086673229044736
3.0957728864432217,0.005405202414869928,0.05495932002694312,0.04955411761207319,-0.005884684930854197,-0.015859791718220953,0.005404752089170725,0.016755427135431232,-2.8131521850679317
3.0982491245622814,0.005397445990071116,0.05495932002694312,0.049561874036872004,-0.00589317318256393,-0.01587194210389756,0.005329657608627783,0.016742873002405536,-2.817631702333553
3.1007253626813407,0.005389661014193858,0.05495932002694312,0.04956965901274926,-0.005901621337573685,-0.015883716512568948,0.005254651647667865,0.01673032618301251,-2.8221057708949466
3.1032016008004004,0.005381847136077575,0.05495932002694312,0.049577472890865545,-0.005910029803155715,-0.015895113999571647,0.005179736967442268,0.016717784665178176,-2.8265742885211087
3.1056778389194597,0.005374004001872254,0.05495932002694312,0.049585316025070866,-0.005918398976436072,-0.01590613364590921,0.005104916325402777,0.016705246428918335,-2.831037154600468
3.1081540770385194,0.005366131255229202,0.05495932002694312,0.04959318877171392,-0.005926729244249062,-0.01591677455874017,0.005030192474569407,0.016692709447090157,-2.8354942701842787
3.1106303151575787,0.005358228537492717,0.05495932002694312,0.049601091489450404,-0.005935020982996501,-0.01592703587185065,0.004955568162792134,0.01668017168614569,-2.83994553802933
3.1131065532766384,0.005350295487892606,0.05495932002694312,0.049609024539050514,-0.005943274558511901,-0.01593691674611132,0.004881046132006828,0.016667631106886856,-2.844390862639964
3.115582791395698,0.00534233174373748,0.05495932002694312,0.04961698828320564,-0.005951490325929687,-0.015946416369918195,0.004806629117486453,0.016655085665221406,-2.8488301503093614
3.1180590295147574,0.005334336940608635,0.05495932002694312,0.049624983086334486,-0.005959668629559511,-0.015955533959616873,0.004732319847087729,0.01664253331291927,-2.853263309160091
3.120535267633817,0.0053263107125545925,0.05495932002694312,0.04963300931438853,-0.005967809802765758,-0.01596426875991008,0.004658121040493982,0.0166299719983689,-2.857690249183909
3.1230115057528764,0.005318252692286085,0.05495932002694312,0.049641067334657035,-0.0059759141678523125,-0.015972620044247838,0.004584035408454989,0.01661739966733294,-2.8621108822807635
3.125487743871936,0.005310162511371418,0.05495932002694312,0.0496491575155717,-0.005983982035952689,-0.015980587115200236,0.004510065652023975,0.016604814263702868,-2.8665251222970247
3.1279639819909955,0.005302039800432201,0.05495932002694312,0.04965728022651092,-0.00599201370692556,-0.015988169304812266,0.004436214461792933,0.016592213730251968,-2.8709328850628912
3.130440220110055,0.005293884189339217,0.05495932002694312,0.049665435837603904,-0.0060000094692558206,-0.01599536597494053,0.004362484517126371,0.01657959600938613,-2.875334088428978
3.1329164582291145,0.005285695307408481,0.05495932002694312,0.04967362471953464,-0.006007969599961188,-0.01600217651757148,0.004288878485394531,0.016566959043892035,-2.879728652302061
3.135392696348174,0.005277472783597262,0.05495932002694312,0.04968184724334586,-0.00601589436450442,-0.016008600355120996,0.004215399021206321,0.016554300777682135,-2.8841164986799743
3.137868934467234,0.005269216246700126,0.05495932002694312,0.049690103780242995,-0.006023784016711262,-0.016014636940714852,0.0041420487656429646,0.01654161915653583,-2.8884975516856337
3.140345172586293,0.0052609253255447574,0.05495932002694312,0.04969839470139836,-0.00603163879869411,-0.01602028575845017,0.004068830345492677,0.016528912128836653,-2.892871737600189
3.142821410705353,0.00525259964918752,0.05495932002694312,0.0497067203777556,-0.006039458940781487,-0.016025546323637153,0.003995746372487129,0.016516177646304375,-2.8972389848952864
3.145297648824412,0.005244238847108812,0.05495932002694312,0.04971508117983431,-0.006047244661453357,-0.016030418183021512,0.003922799442540445,0.01650341366472229,-2.901599224264431
3.147773886943472,0.005235842549407774,0.05495932002694312,0.04972347747753535,-0.006054996167282361,-0.016034900914986713,0.003849992134990996,0.016490618144658322,-2.905952388653446
3.150250125062531,0.0052274103869966795,0.05495932002694312,0.04973190963994644,-0.006062713652880974,-0.016038994129736407,0.003777327011847197,0.01647778905218019,-2.910298413290006
3.152726363181591,0.005218941991794547,0.05495932002694312,0.04974037803514857,-0.006070397300854634,-0.01604269746945668,0.003704806617037174,0.0164649243595637,-2.9146372357122643
3.1552026013006502,0.00521043699692017,0.05495932002694312,0.04974888303002295,-0.006078047281760884,-0.016046010608457915,0.003632433475663731,0.016452022045993813,-2.918968795796533
3.15767883941971,0.005201895036884251,0.05495932002694312,0.04975742499005887,-0.006085663754074582,-0.016048933253296344,0.003560210093264472,0.016439080098258035,-2.923293035784045
3.1601550775387697,0.005193315747780723,0.05495932002694312,0.0497660042791624,-0.006093246864159102,-0.01605146514287501,0.0034881389550783194,0.01642609651143163,-2.9276099003067646
3.162631315657829,0.005184698767476993,0.05495932002694312,0.04977462125946613,-0.00610079674624371,-0.01605360604852409,0.0034162225253186345,0.01641306928955409,-2.9319193364122578
3.1651075537768887,0.005176043735803243,0.05495932002694312,0.04978327629113988,-0.006108313522406969,-0.016055355774060708,0.0033444632464536103,0.016399996446296673,-2.936221293587626
3.167583791895948,0.0051673502947404484,0.05495932002694312,0.04979196973220267,-0.006115797302566286,-0.016056714155827875,0.003272863538494753,0.016386876005620218,-2.940515723782479
3.1700600300150077,0.005158618088607209,0.05495932002694312,0.04980070193833591,-0.006123248184473593,-0.01605768106271277,0.0032014257982937197,0.01637370600242306,-2.944802581430967
3.172536268134067,0.005149846764245278,0.05495932002694312,0.04980947326269784,-0.006130666253717096,-0.01605825639614436,0.0031301523988483135,0.016360484483178582,-2.949081823472865
3.1750125062531267,0.005141035971203599,0.05495932002694312,0.04981828405573952,-0.006138051583729232,-0.016058440090070146,0.0030590456886180947,0.016347209506561818,-2.953353409373704
3.1774887443721864,0.0051321853619209,0.05495932002694312,0.04982713466502222,-0.006145404235800637,-0.01605823211091239,0.0029881079908502532,0.016333879144064978,-2.9576173011439613
3.1799649824912457,0.005123294591906698,0.05495932002694312,0.04983602543503642,-0.00615272425910032,-0.016057632457503582,0.0029173416029162286,0.016320491480601263,-2.961873463357299
3.1824412206103054,0.005114363319920601,0.05495932002694312,0.04984495670702252,-0.006160011690701859,-0.01605664116100144,0.0028467487956595925,0.016307044615096723,-2.9661218631678725
3.1849174587293647,0.005105391208149873,0.05495932002694312,0.04985392881879325,-0.006167266555615689,-0.0160552582847833,0.002776331812755897,0.016293536661069728,-2.970362470326688
3.1873936968484244,0.005096377922385251,0.05495932002694312,0.04986294210455787,-0.006174488866827462,-0.016053483924320357,0.002706092870084725,0.01627996574719786,-2.9745952571970418
3.1898699349674837,0.005087323132194767,0.05495932002694312,0.049871996894748354,-0.0061816786253423685,-0.016051318207031484,0.0026360341551147585,0.01626633001787164,-2.9788201987690193
3.1923461730865434,0.005078226511095629,0.05495932002694312,0.04988109351584749,-0.006188835820235523,-0.01604876129211704,0.0025661578263020497,0.016252627633734966,-2.9830372726730876
3.1948224112056027,0.005069087736724084,0.05495932002694312,0.049890232290219036,-0.006195960428708245,-0.016045813370372742,0.0024964660125023977,0.0162388567722119,-2.9872464591927534
3.1972986493246625,0.005059906491003158,0.05495932002694312,0.04989941353593996,-0.006203052416150265,-0.01604247466398382,0.002426960812397671,0.016225015628019493,-2.9914477412763425
3.199774887443722,0.00505068246030814,0.05495932002694312,0.04990863756663498,-0.0062101117362078125,-0.016038745426299558,0.002357644293937289,0.016211102413666384,-2.995641104547852
3.2022511255627815,0.005041415335629962,0.05495932002694312,0.04991790469131316,-0.006217138330857496,-0.016034625941588644,0.00228851849379468,0.01619711535993702,-2.999826537316936
3.204727363681841,0.005032104812736096,0.05495932002694312,0.049927215214207024,-0.006224132130485973,-0.016030116524775293,0.0022195854168393834,0.016183052716361026,-3.004004030588003
3.2072036018009005,0.005022750592329178,0.05495932002694312,0.04993656943461394,-0.006231093053975303,-0.01602521752115658,0.002150847035625383,0.0161689127516677,-3.008173578068439
3.20967983991996,0.005013352380203208,0.05495932002694312,0.04994596764673991,-0.006238021008793977,-0.01601992930610131,0.002082305289895674,0.01615469375422546,-3.0123351761759856
3.2121560780390195,0.005003909887397177,0.05495932002694312,0.04995541013954594,-0.0062449158910934735,-0.01601425228473046,0.002013962086103825,0.016140394032465828,-3.016488824045259
3.214632316158079,0.004994422830346186,0.05495932002694312,0.049964897196596934,-0.006251777585810409,-0.016008186891579682,0.0019458192969526236,0.016126011915291914,-3.0206345235334418
3.2171085542771385,0.004984890931029988,0.05495932002694312,0.04997442909591313,-0.006258605966774045,-0.01600173359024427,0.0018778787609504202,0.01611154575247144,-3.0247722792251452
3.219584792396198,0.004975313917118827,0.05495932002694312,0.04998400610982429,-0.006265400896819215,-0.015994892873006608,0.0018101422819850653,0.016096993915013687,-3.0289020984364767
3.222061030515258,0.004965691522116608,0.05495932002694312,0.04999362850482651,-0.006272162227904505,-0.015987665260446815,0.0017426116289163793,0.0160823547955308,-3.0330239912182932
3.224537268634317,0.0049560234855013305,0.05495932002694312,0.05000329654144179,-0.006278889801235661,-0.01598005130103664,0.0016752885351868862,0.016067626808582883,-3.037137970358686
3.227013506753377,0.004946309552862689,0.05495932002694312,0.05001301047408043,-0.0062855834473940905,-0.015972051570717245,0.0016081746984512786,0.016052808391007166,-3.0412440513846994
3.2294897448724362,0.004936549476036917,0.05495932002694312,0.050022770550906204,-0.00629224298647041,-0.01596366667246102,0.0015412717802251526,0.016037898002230874,-3.0453422525632865
3.231965982991496,0.004926743013238685,0.05495932002694312,0.050032577013704435,-0.006298868228202888,-0.01595489723581805,0.0014745814055527142,0.01602289412456802,-3.0494325949015417
3.2344422211105552,0.004916889929190149,0.05495932002694312,0.05004243009775297,-0.006305458972120791,-0.015945743916447486,0.0014081051626942346,0.01600779526349985,-3.0535151021462013
3.236918459229615,0.004906989995247066,0.05495932002694312,0.050052330031696055,-0.006312015007692414,-0.015936207395634346,0.00134184460283301,0.015992599947939137,-3.0575898007824476
3.2393946973486742,0.004897042989521948,0.05495932002694312,0.05006227703742117,-0.006318536114477758,-0.015926288379792236,0.0012758012398023464,0.015977306730478275,-3.0616567200320217
3.241870935467734,0.0048870486970041815,0.05495932002694312,0.05007227132993894,-0.0063250220622857725,-0.015915987599952153,0.0012099765498325013,0.015961914187620958,-3.0657158918506657
3.2443471735867937,0.0048770069096772395,0.05495932002694312,0.05008231311726588,-0.006331472611336005,-0.015905305811238297,0.0011443719713179873,0.015946420919997973,-3.0697673509249075
3.246823411705853,0.004866917426632707,0.05495932002694312,0.050092402600310414,-0.006337887512424576,-0.015894243792330873,0.0010789889046050644,0.015930825552566613,-3.0738111346682113
3.2492996498249127,0.004856780054181421,0.05495932002694312,0.0501025399727617,-0.0063442665070943625,-0.0158828023449168,0.0010138287117997503,0.015915126734794297,-3.0778472832165122
3.251775887943972,0.00484659460596145,0.05495932002694312,0.05011272542098167,-0.00635060932780929,-0.015870982293128503,0.0009488927165964564,0.0158993231408261,-3.0818758394231422
3.2542521260630317,0.004836360903042972,0.05495932002694312,0.05012295912390015,-0.006356915698132598,-0.01585878448297138,0.0008841822041271239,0.015883413469636457,-3.08589684885318
3.256728364182091,0.004826078774030171,0.05495932002694312,0.05013324125291295,-0.006363185332908983,-0.015846209781740554,0.0008196984208312589,0.015867396445165265,-3.0899103597772255
3.2592046023011507,0.004815748055159899,0.05495932002694312,0.05014357197178322,-0.006369417938450468,-0.015833259077427282,0.0007554425743464478,0.015851270816438303,-3.0939164231646417
3.26168084042021,0.004805368590397353,0.05495932002694312,0.05015395143654577,-0.006375613212725951,-0.015819933278115594,0.0006914158334199003,0.015835035357672334,-3.097915092676254
3.2641570785392697,0.004794940231528565,0.05495932002694312,0.050164379795414556,-0.006381770845554208,-0.01580623331136974,0.0006276193278405614,0.015818688868364957,-3.101906424656551
3.2666333166583295,0.004784462838249841,0.05495932002694312,0.05017485718869328,-0.006387890518800314,-0.01579216012361282,0.0005640541483921202,0.015802230173369368,-3.1058904781253838
3.2691095547773887,0.0047739362782541,0.05495932002694312,0.05018538374868902,-0.006393971906575322,-0.015777714679497453,0.0005007213468266399,0.015785658122954436,-3.109867314769204
3.2715857928964485,0.004763360427314019,0.05495932002694312,0.0501959595996291,-0.0064000146754390926,-0.015762897961268466,0.00043762193585893637,0.015768971592849877,-3.1138369989318417
3.2740620310155077,0.0047527351693622405,0.05495932002694312,0.05020658485758088,-0.006406018484606109,-0.015747710968118864,0.0003747568891815647,0.015752169484277403,-3.1177995976048516
3.2765382691345675,0.004742060396568382,0.05495932002694312,0.05021725963037474,-0.006411982986154228,-0.01573215471553903,0.00031212714150033764,0.015735250723967448,-3.1217551804174413
3.2790145072536268,0.0047313360094130286,0.05495932002694312,0.05022798401753009,-0.006417907825236129,-0.01571623023465995,0.000249733588590287,0.015718214264162127,-3.1257038196260067
3.2814907453726865,0.004720561916758695,0.05495932002694312,0.050238758110184425,-0.006423792640293485,-0.015699938571591104,0.00018757708737194298,0.01570105908260462,-3.129645590103288
3.283966983491746,0.004709738035917677,0.05495932002694312,0.050249581991025444,-0.006429637063273564,-0.015683280786753347,0.0001256584560078147,0.01568378418251517,-3.1335805693271697
3.2864432216108055,0.004698864292716952,0.05495932002694312,0.05026045573422617,-0.006435440719848257,-0.015666257954207483,6.397847401898131e-05,0.01566638859255403,-3.1375088373691344
3.288919459729865,0.004687940621560083,0.05495932002694312,0.05027137940538304,-0.0064412032296353484,-0.015648871160979124,2.537882421417125e-06,0.015648871366771833,-3.141430476882409
3.2913956978489245,0.004676966965486147,0.05495932002694312,0.05028235306145697,-0.006446924206421926,-0.01563112150638026,-5.866261611774245e-05,0.015631231584547434,3.1378397340897948
3.293871935967984,0.004665943276225659,0.05495932002694312,0.05029337675071746,-0.00645260325838978,-0.0156130101013281,-0.00011962235710465206,0.015613468350513686,3.1339310934083717
3.2963481740870435,0.004654869514253694,0.05495932002694312,0.050304450512689426,-0.006458239988342686,-0.015594538067661893,-0.00018034071402361386,0.01559558079447157,3.1300288179285642
3.2988244122061032,0.004643745648840014,0.05495932002694312,0.050315574378103106,-0.0064638339939354335,-0.015575706537458128,-0.00024081709812313022,0.01557756807129291,3.1261328147945644
3.3013006503251625,0.004632571658096406,0.05495932002694312,0.050326748368846715,-0.006469384867904481,-0.015556516652344667,-0.0003010509581828488,0.01555942936081204,3.122242988632291
3.3037768884442222,0.004621347529021186,0.05495932002694312,0.050337972497921935,-0.006474892198300117,-0.015536969562814452,-0.0003610417802620159,0.015541163867706868,3.118359241562782
3.306253126563282,0.00461007325754087,0.05495932002694312,0.05034924676940225,-0.006480355568719996,-0.015517066427539174,-0.0004207890874294699,0.015522770821369587,3.1144814732157844
3.3087293646823412,0.004598748848549182,0.05495932002694312,0.05036057117839394,-0.006485774558543917,-0.015496808412683673,-0.00048029243947560456,0.015504249475767631,3.1106095807435143
3.311205602801401,0.004587374315943256,0.05495932002694312,0.050371945710999864,-0.006491148743169749,-0.015476196691221305,-0.0005395514326065655,0.015485599109294966,3.1067434588345666
3.3136818409204603,0.004575949682657211,0.05495932002694312,0.05038337034428591,-0.00649647769425036,-0.015455232442251053,-0.0005985656991207423,0.015466819024614381,3.102882999727979
3.31615807903952,0.00456447498069313,0.05495932002694312,0.05039484504624999,-0.0065017609799314525,-0.015433916850316788,-0.0006573349070682288,0.015447908548491051,3.0990280932274064
3.3186343171585793,0.004552950251149372,0.05495932002694312,0.05040636977579375,-0.006506998165090148,-0.015412251104729215,-0.0007158587598932848,0.015428867031617806,3.0951786267153962
3.321110555277639,0.004541375544246391,0.05495932002694312,0.05041794448269673,-0.006512188811574264,-0.015390236398890972,-0.0007741369960602481,0.015409693848432477,3.091334485167763
3.3235867933966983,0.0045297509193500465,0.05495932002694312,0.050429569107593074,-0.00651733247844209,-0.01536787392962554,-0.0008321693886631789,0.015390388396927883,3.087495551168026
3.326063031515758,0.0045180764449924485,0.05495932002694312,0.05044124358195067,-0.006522428722202648,-0.015345164896510199,-0.0008899557450196692,0.01537095009845463,3.083661704921897
3.3285392696348177,0.0045063521988903885,0.05495932002694312,0.05045296782805273,-0.006527477097056226,-0.015322110501213784,-0.0009474959062489184,0.015351378397517408,3.0798328242718256
3.331015507753877,0.004494578267961451,0.05495932002694312,0.05046474175898167,-0.006532477155135145,-0.015298711946839596,-0.001004789746834895,0.015331672761565097,3.076008784711539
3.3334917458729367,0.004482754748337758,0.05495932002694312,0.05047656527860536,-0.006537428446744615,-0.015274970437273888,-0.0010618371741744678,0.015311832680775024,3.072189459400613
3.335967983991996,0.004470881745377471,0.05495932002694312,0.05048843828156565,-0.006542330520603601,-0.015250887176540518,-0.0011186381281110642,0.015291857667831983,3.068374719179026
3.3384442221110557,0.004458959373674132,0.05495932002694312,0.05050036065326899,-0.006547182924085557,-0.015226463368162161,-0.001175192580454484,0.015271747257702356,3.0645644325816823
3.340920460230115,0.004446987757063758,0.05495932002694312,0.05051233226987936,-0.00655198520345897,-0.015201700214528522,-0.0012315005344867862,0.015251501007403755,3.060758465852912
3.3433966983491747,0.004434967028629867,0.05495932002694312,0.05052435299831325,-0.006556736904127585,-0.015176598916271954,-0.0012875620244549705,0.015231118495770612,3.056956682960909
3.345872936468234,0.004422897330706485,0.05495932002694312,0.050536422696236635,-0.006561437570870212,-0.015151160671651086,-0.0013433771150508655,0.015210599323216327,3.0531589456121027
3.3483491745872938,0.004410778814879057,0.05495932002694312,0.05054854121206406,-0.006566086748080059,-0.015125386675942603,-0.0013989459008783493,0.015189943111492103,3.049365113265455
3.3508254127063535,0.004398611641983505,0.05495932002694312,0.050560708384959616,-0.0065706839800034125,-0.015099278120841832,-0.00145426850590865,0.015169149503443185,3.0455750431466577
3.3533016508254128,0.004386395982103289,0.05495932002694312,0.05057292404483983,-0.006575228810977683,-0.01507283619387243,-0.0015093450829238675,0.015148218162762812,3.0417885902622257
3.3557778889444725,0.0043741320145646995,0.05495932002694312,0.05058518801237842,-0.006579720785668652,-0.015046062077805516,-0.001564175812949305,0.015127148773744273,3.038005607413471
3.3582541270635318,0.004361819927930298,0.05495932002694312,0.05059750009901282,-0.006584159449306856,-0.015018956950088754,-0.0016187609046748595,0.015105941041031606,3.034225945210347
3.3607303651825915,0.004349459919990632,0.05495932002694312,0.05060986010695249,-0.006588544347922995,-0.014991521982285646,-0.0016731005938661703,0.015084594689369318,3.0304494520851386
3.3632066033016508,0.004337052197754286,0.05495932002694312,0.050622267829188834,-0.006592875028582376,-0.014963758339525474,-0.001727195142765539,0.015063109463351551,3.02667597430601
3.3656828414207105,0.004324596977436243,0.05495932002694312,0.05063472304950688,-0.006597151039618168,-0.014935667179964134,-0.001781044839483546,0.015041485127171078,3.0229053559903694
3.3681590795397702,0.004312094484444709,0.05495932002694312,0.05064722554249841,-0.006601371930863541,-0.014907249654256329,-0.0018346499973811872,0.015019721464368646,3.019137439118074
3.3706353176588295,0.00429954495336634,0.05495932002694312,0.05065977507357678,-0.006605537253882493,-0.01487850690503934,-0.00188801095444358,0.014997818277582987,3.0153720635444263
3.3731115557778892,0.004286948627950066,0.05495932002694312,0.050672371398993055,-0.006609646562199368,-0.014849440066428722,-0.0019411280726452653,0.014975775388301941,3.011609067012978
3.3755877938969485,0.00427430576108942,0.05495932002694312,0.0506850142658537,-0.006613699411526965,-0.014820050263526322,-0.0019940017373075345,0.014953592636615191,3.00784828516813
3.3780640320160082,0.004261616614803489,0.05495932002694312,0.05069770341213963,-0.0066176953599932,-0.014790338611940679,-0.002046632356448433,0.014931269880968764,3.0040895515675046
3.3805402701350675,0.004248881460216555,0.05495932002694312,0.050710438566726565,-0.006621633968366163,-0.014760306217320373,-0.0020990203601257565,0.014908806997922032,3.000332697694087
3.3830165082541273,0.004236100577536456,0.05495932002694312,0.050723219449406665,-0.006625514800277679,-0.014729954174900362,-0.002151166199773312,0.014886203881907293,2.9965775529681373
3.3854927463731865,0.004223274256031674,0.05495932002694312,0.050736045770911446,-0.006629337422445126,-0.014699283569061724,-0.0022030703475311407,0.014863460444992578,2.992823944758847
3.3879689844922463,0.004210402794007265,0.05495932002694312,0.050748917232935856,-0.006633101404891576,-0.014668295472904892,-0.002254733295569929,0.01484057661664781,2.9890716983957435
3.390445222611306,0.004197486498779608,0.05495932002694312,0.05076183352816351,-0.0066368063211641685,-0.014636990947836805,-0.0023061555554100255,0.01481755234351494,2.985320637179835
3.3929214607303653,0.004184525686650162,0.05495932002694312,0.05077479434029296,-0.0066404517485506385,-0.014605371043172067,-0.00235733765723565,0.01479438758918227,2.9815705823944794
3.395397698849425,0.004171520682877988,0.05495932002694312,0.05078779934406513,-0.006644037268293991,-0.014573436795748294,-0.0024082801492045437,0.01477108233396331,2.9778213533159756
3.3978739369684843,0.004158471821651445,0.05495932002694312,0.050800848205291675,-0.006647562465805252,-0.014541189229556039,-0.0024589835967534484,0.01474763657468067,2.9740727672238774
3.400350175087544,0.0041453794460588125,0.05495932002694312,0.05081394058088431,-0.0066510269308742145,-0.01450862935538328,-0.0025094485819000755,0.014724050324455217,2.970324639411005
3.4028264132066033,0.004132243908058025,0.05495932002694312,0.050827076118885095,-0.0066544302578782286,-0.014475758170474766,-0.0025596757025415744,0.014700323612500803,2.9665767831931724
3.405302651325663,0.004119065568445504,0.05495932002694312,0.050840254458497616,-0.006657772045988894,-0.014442576658206327,-0.0026096655717503317,0.014676456483925035,2.962829009918598
3.4077788894447223,0.0041058447968241665,0.05495932002694312,0.050853475230118954,-0.0066610518993766655,-0.014409085787774415,-0.002659418817067073,0.014652448999536325,2.959081128977025
3.410255127563782,0.0040925819715706,0.05495932002694312,0.05086673805537252,-0.0066642694274133465,-0.014375286513900822,-0.002708936079792052,0.014628301235657474,2.9553329478085106
3.4127313656828417,0.004079277479801496,0.05495932002694312,0.050880042547141624,-0.00666742424487238,-0.014341179776552963,-0.0027582180142744204,0.014604013283946287,2.9515842719119134
3.415207603801901,0.004065931717339308,0.05495932002694312,0.05089338830960381,-0.006670515972126965,-0.014306766500679621,-0.002807265287200305,0.014579585251223316,2.947834904853051
3.4176838419209608,0.004052545088677244,0.05495932002694312,0.05090677493826588,-0.006673544235345929,-0.014272047595962421,-0.0028560785768800096,0.014555017259307173,2.9440846482725322
3.42016008004002,0.004039118006943565,0.05495932002694312,0.050920202019999555,-0.006676508666687334,-0.01423702395658307,-0.0029046585725344565,0.014530309444857606,2.9403333018932742
3.4226363181590798,0.004025650893865265,0.05495932002694312,0.050933669133077855,-0.0066794089044898,-0.014201696461006455,-0.0029530059735816865,0.014505461959226683,2.9365806635276677
3.425112556278139,0.004012144179731121,0.05495932002694312,0.050947175847212,-0.006682244593461488,-0.014166065971779733,-0.003001121488923308,0.014480474968318302,2.93282652908443
3.4275887943971988,0.0039985983033541395,0.05495932002694312,0.05096072172358898,-0.006685015384866784,-0.014130133335347368,-0.003049005836231549,0.014455348652456259,2.929070692575108
3.430065032516258,0.003985013712033525,0.05495932002694312,0.050974306314909595,-0.006687720936710561,-0.01409389938188241,-0.003096659741237157,0.014430083206261298,2.9253129461202585
3.4325412706353178,0.003971390861516037,0.05495932002694312,0.05098792916542708,-0.006690360913920099,-0.014057364925133771,-0.003144083937018612,0.014404678838537138,2.921553079955271
3.4350175087543775,0.00395773021595687,0.05495932002694312,0.05100158981098625,-0.006692934988524565,-0.014020530762289743,-0.003191279163292731,0.014379135772165843,2.9177908824358734
3.437493746873437,0.003944032247880085,0.05495932002694312,0.051015287779063036,-0.0066954428398321095,-0.01398339767385785,-0.0032382461657072736,0.014353454244012867,2.914026140043288
3.4399699849924965,0.003930297438138483,0.05495932002694312,0.05102902258880464,-0.006697884154604463,-0.013945966423560753,-0.0032849856951358268,0.014327634504841714,2.910258637389045
3.442446223111556,0.0039165262758731195,0.05495932002694312,0.05104279375107,-0.006700258627229141,-0.013908237758248588,-0.003331498506975028,0.014301676819238664,2.9064881572194734
3.4449224612306155,0.0039027192584723674,0.05495932002694312,0.05105660076847075,-0.0067025659598891054,-0.013870212407827497,-0.0033777853604449255,0.014275581465547662,2.902714480419835
3.447398699349675,0.0038888768915305363,0.05495932002694312,0.051070443135412584,-0.006704805862730015,-0.01383189108520453,-0.003423847017892268,0.014249348735815624,2.898937386018143
3.4498749374687345,0.0038749996888061133,0.05495932002694312,0.05108432033813701,-0.006706978054024914,-0.01379327448624865,-0.0034696842440974426,0.014222978935748165,2.8951566511886306
3.4523511755877943,0.0038610881721796303,0.05495932002694312,0.05109823185476349,-0.006709082260336443,-0.013754363289768161,-0.0035152978055850996,0.014196472384676183,2.8913720512549026
3.4548274137068535,0.0038471428716110936,0.05495932002694312,0.05111217715533203,-0.006711118216676551,-0.013715158157504244,-0.00356068846993885,0.014169829415533226,2.8875833596927514
3.4573036518259133,0.0038331643250971367,0.05495932002694312,0.051126155701845984,-0.006713085666663631,-0.013675659734140717,-0.003605857005120423,0.014143050374843955,2.8837903481326457
3.4597798899449725,0.003819153078627721,0.05495932002694312,0.0511401669483154,-0.006714984362677167,-0.013635868647329978,-0.0036508041787932572,0.01411613562272377,2.879992786361914
3.4622561280640323,0.0038051096861425326,0.05495932002694312,0.05115421034080059,-0.006716814066009817,-0.01359578550773494,-0.003695530757651251,0.0140890855328897,2.876190442326591
3.4647323661830915,0.0037910347094870234,0.05495932002694312,0.0511682853174561,-0.006718574547016943,-0.013555410909087158,-0.0037400375067524806,0.01406190049268286,2.8723830821329734
3.4672086043021513,0.0037769287183680306,0.05495932002694312,0.05118239130857509,-0.0067202655852636045,-0.013514745428260675,-0.003784325188858451,0.014034580903102214,2.8685704700488546
3.4696848424212106,0.003762792290309208,0.05495932002694312,0.05119652773663391,-0.00672188696966899,-0.013473789625362137,-0.0038283945637789985,0.014007127178850378,2.8647523685044742
3.4721610805402703,0.003748626010605882,0.05495932002694312,0.05121069401633724,-0.0067234384986482616,-0.013432544043836309,-0.0038722463877232187,0.013979539748390783,2.8609285380931615
3.47463731865933,0.0037344304722797886,0.05495932002694312,0.05122488955466333,-0.006724919980251868,-0.013391009210587685,-0.003915881412656449,0.013951819054017024,2.8570987375717043
3.4771135567783893,0.0037202062760332485,0.05495932002694312,0.05123911375090987,-0.006726331232302258,-0.013349185636117485,-0.003959300385663766,0.013923965551933926,2.853262723860433
3.479589794897449,0.0037059540302031083,0.05495932002694312,0.05125336599674001,-0.006727672082528025,-0.01330707381467626,-0.004002504048320125,0.013895979712350674,2.8494202520430374
3.4820660330165083,0.003691674350714276,0.05495932002694312,0.051267645676228844,-0.0067289423686955,-0.013264674224432046,-0.004045493136067258,0.013867862019586119,2.8455710753661303
3.484542271135568,0.003677367861032843,0.05495932002694312,0.05128195216591028,-0.006730141938737725,-0.013221987327653608,-0.0040882683775978436,0.013839612972186005,2.8417149452385457
3.4870185092546273,0.0036630351921188645,0.05495932002694312,0.051296284834824256,-0.006731270650880864,-0.013179013570909101,-0.004130830494246836,0.013811233083052571,2.83785161123041
3.489494747373687,0.0036486769823787096,0.05495932002694312,0.05131064304456441,-0.0067323283737680505,-0.013135753385279643,-0.004173180199390376,0.013782722879586222,2.8339808210719757
3.4919709854927463,0.0036342938776170106,0.05495932002694312,0.05132502614932611,-0.006733314986580596,-0.013092207186587917,-0.004215318197852319,0.013754082903839471,2.830102320652242
3.494447223611806,0.003619886530988145,0.05495932002694312,0.051339433495954975,-0.006734230379156667,-0.013048375375641507,-0.004257245185318869,0.013725313712683158,2.8262158540173603
3.4969234617308658,0.0036054556029473314,0.05495932002694312,0.05135386442399579,-0.0067350744521073305,-0.01300425833849096,-0.004298961847761019,0.013696415877984886,2.82232116336886
3.499399699849925,0.0035910017612012027,0.05495932002694312,0.05136831826574192,-0.0067358471169300296,-0.012959856446702328,-0.004340468860865493,0.01366738998679978,2.818417989061684
3.5018759379689848,0.0035765256806579437,0.05495932002694312,0.05138279434628518,-0.006736548296119445,-0.012915170057643992,-0.004381766889474083,0.013638236641573402,2.8145060696020585
3.504352176088044,0.003562028043376894,0.05495932002694312,0.051397291983566226,-0.006737177923275777,-0.012870199514787866,-0.004422856587031558,0.013608956460357063,2.810585141645224
3.506828414207104,0.0035475095385176167,0.05495932002694312,0.051411810488425504,-0.006737735943210419,-0.012824945148024368,-0.004463738595042407,0.013579550077035134,2.806654939993016
3.509304652326163,0.0035329708622884523,0.05495932002694312,0.05142634916465467,-0.006738222312049014,-0.01277940727399153,-0.00450441354253656,0.01355001814156477,2.8027151975913402
3.511780890445223,0.0035184127178944993,0.05495932002694312,0.05144090730904862,-0.006738636997331924,-0.012733586196417564,-0.004544882045544172,0.013520361320227567,2.7987656455275425
3.514257128564282,0.0035038358154849403,0.05495932002694312,0.05145548421145818,-0.0067389799781120766,-0.01268748220647709,-0.0045851447065797185,0.013490580295893458,2.7948060130276957
3.516733366683342,0.0034892408720998275,0.05495932002694312,0.05147007915484329,-0.006739251245050204,-0.012641095583160565,-0.004625202114135491,0.013460675768296515,2.7908360274538238
3.5192096048024015,0.0034746286116161262,0.05495932002694312,0.051484691415326994,-0.006739450800507439,-0.012594426593656958,-0.004665054842184624,0.013430648454322815,2.786855414301087
3.521685842921461,0.003459999764693182,0.05495932002694312,0.05149932026224994,-0.0067395786586353324,-0.012547475493749308,-0.004704703449693805,0.013400499088310114,2.7828638971949413
3.5241620810405205,0.0034453550687173484,0.05495932002694312,0.05151396495822577,-0.006739634845463185,-0.012500242528222951,-0.004744148480145881,0.01337022842235929,2.778861197888298
3.52663831915958,0.0034306952677460104,0.05495932002694312,0.05152862475919711,-0.006739619398982772,-0.012452727931286448,-0.0047833904610723585,0.01333983722665759,2.774847036258706
3.5291145572786395,0.0034160211124507345,0.05495932002694312,0.051543298914492386,-0.00673953236923043,-0.0124049319270047,-0.004822429903596011,0.01330932628981338,2.770821130305579
3.531590795397699,0.0034013333600596274,0.05495932002694312,0.05155798666688349,-0.0067393738183664734,-0.012356854729744248,-0.004861267301983611,0.013278696419202369,2.766783196147503
3.5340670335167585,0.003386632774298917,0.05495932002694312,0.0515726872526442,-0.006739143820751963,-0.012308496544630494,-0.004899903133209097,0.013247948441325288,2.7627329480196265
3.536543271635818,0.0033719201253335773,0.05495932002694312,0.05158739990160954,-0.006738842463022794,-0.012259857568016511,-0.004938337856527069,0.013217083202176648,2.758670098271188
3.5390195097548776,0.003357196189707104,0.05495932002694312,0.051602123837236016,-0.006738469844161132,-0.012210937987963456,-0.004976571913056845,0.013186101567624727,2.7545943573631875
3.5414957478739373,0.003342461750280301,0.05495932002694312,0.05161685827666282,-0.006738026075564135,-0.012161737984732104,-0.005014605725377123,0.0131550044238024,2.750505433866248
3.5439719859929966,0.0033277175961691358,0.05495932002694312,0.051631602430773985,-0.006737511281109986,-0.012112257731285466,-0.005052439697131484,0.01312379267750884,2.7464030344586754
3.5464482241120563,0.0033129645226815108,0.05495932002694312,0.05164635550426161,-0.006736925597221215,-0.012062497393802055,-0.00509007421264456,0.013092467256621668,2.742286863924778
3.5489244622311156,0.0032982033312530315,0.05495932002694312,0.05166111669569009,-0.006736269172925303,-0.01201245713219987,-0.005127509636549242,0.01306102911051977,2.738156625153452
3.5514007003501753,0.0032834348293816554,0.05495932002694312,0.051675885197561465,-0.006735542169912545,-0.011962137100670454,-0.005164746313424906,0.013029479210516157,2.734012019137078
3.5538769384692346,0.003268659830561224,0.05495932002694312,0.051690660196381896,-0.006734744762591166,-0.011911537448223207,-0.005201784567446545,0.012997818550301004,2.729852744970776
3.5563531765882943,0.003253879154213747,0.05495932002694312,0.05170544087272937,-0.0067338771381396725,-0.011860658319239248,-0.005238624702045368,0.012966048146394455,2.7256784998520223
3.558829414707354,0.003239093625620623,0.05495932002694312,0.0517202264013225,-0.006732939496556402,-0.01180949985403507,-0.005275266999580454,0.012934169038609201,2.7214889790807053
3.5613056528264133,0.0032243040758524327,0.05495932002694312,0.05173501595109069,-0.006731932050706335,-0.0117580621894353,-0.005311711721021678,0.012902182290522294,2.7172838760596396
3.563781890945473,0.0032095113416975643,0.05495932002694312,0.051749808685245556,-0.006730855026365013,-0.011706345459354466,-0.005347959105644279,0.012870088989956226,2.71306288229557
3.5662581290645323,0.0031947162655894396,0.05495932002694312,0.05176460376135368,-0.0067297086622596855,-0.011654349795387677,-0.005384009370734657,0.012837890249469006,2.708825687400734
3.568734367183592,0.003179919695532364,0.05495932002694312,0.051779400331410756,-0.006728493210107583,-0.011602075327409611,-0.0054198627113077845,0.012805587206852773,2.704571979095009
3.5712106053026513,0.0031651224850260395,0.05495932002694312,0.05179419754191708,-0.006727208934651325,-0.011549522184181872,-0.005455519299836233,0.012773181025640984,2.700301443208691
3.573686843421711,0.0031503254929884927,0.05495932002694312,0.05180899453395463,-0.006725856113691424,-0.011496690493968138,-0.005490979285990814,0.012740672895623587,2.6960137636859574
3.5761630815407703,0.0031355295836775765,0.05495932002694312,0.051823790443265544,-0.00672443503811589,-0.01144358038515708,-0.00552624279639294,0.012708064033370178,2.6917086225890605
3.57863931965983,0.003120735626610964,0.05495932002694312,0.051838584400332156,-0.006722946011926905,-0.011390191986892622,-0.00556130993437875,0.01267535568276065,2.6873857001033015
3.58111555777889,0.003105944496484464,0.05495932002694312,0.051853375530458656,-0.006721389352264523,-0.011336525429711277,-0.005596180779774957,0.012642549115523068,2.683044674542846
3.583591795897949,0.0030911570730888377,0.05495932002694312,0.05186816295385428,-0.006719765389427401,-0.011282580846186396,-0.005630855388686706,0.012609645631778644,2.678685222357417
3.586068034017009,0.0030763742412248107,0.05495932002694312,0.05188294578571831,-0.006718074466890528,-0.011228358371578701,-0.005665333793297205,0.012576646560593043,2.674307018139939
3.588544272136068,0.003061596890616504,0.05495932002694312,0.051897723136326616,-0.006716316941319907,-0.011173858144493341,-0.005699616001679275,0.012543553260534218,2.669909734635189
3.591020510255128,0.003046825915823073,0.05495932002694312,0.05191249411112005,-0.006714493182584196,-0.01111908030754259,-0.005733701997619081,0.012510367120236019,2.665493042749496
3.593496748374187,0.0030320622161485594,0.05495932002694312,0.05192725781079456,-0.006712603573763265,-0.011064025008014386,-0.005767591740451541,0.012477089558967371,2.6610566115615852
3.595972986493247,0.0030173066955499067,0.05495932002694312,0.051942013331393214,-0.006710648511153645,-0.011008692398546023,-0.005801285164908063,0.012443722027206625,2.6566001083345965
3.598449224612306,0.003002560262543197,0.05495932002694312,0.051956759764399923,-0.006708628404270814,-0.010953082637802985,-0.0058347821809762975,0.012410266007220784,2.6521231985293583
3.600925462731366,0.002987823830107879,0.05495932002694312,0.05197149619683524,-0.00670654367584837,-0.010897195891162342,-0.0058680826737718215,0.012376723013648906,2.6476255458189963
3.6034017008504255,0.0029730983155891455,0.05495932002694312,0.051986221711353975,-0.006704394761833951,-0.010841032331400671,-0.005901186503422191,0.01234309459408972,2.6431068121049206
3.605877938969485,0.002958384640598284,0.05495932002694312,0.052000935386344836,-0.006702182111381982,-0.01078459213938594,-0.005934093504962978,0.012309382329692616,2.6385666575342874
3.6083541770885446,0.0029436837309110703,0.05495932002694312,0.05201563629603205,-0.006699906186843114,-0.010727875504773148,-0.005966803488246078,0.012275587835751788,2.6340047405189946
3.610830415207604,0.0029289965163641074,0.05495932002694312,0.05203032351057901,-0.006697567463750461,-0.010670882626703494,-0.005999316237860062,0.012241712762303071,2.6294207177563065
3.6133066533266636,0.002914323930749002,0.05495932002694312,0.05204499609619412,-0.0066951664308024135,-0.010613613714506457,-0.006031631513062915,0.012207758794722854,2.624814244251156
3.615782891445723,0.0028996669117046167,0.05495932002694312,0.052059653115238504,-0.0066927035898422145,-0.01055606898840486,-0.006063749047726824,0.01217372765432884,2.6201849733402427
3.6182591295647826,0.002885026400606963,0.05495932002694312,0.05207429362633616,-0.006690179455834087,-0.010498248680222142,-0.006095668550295263,0.012139621098981826,2.6155325567179797
3.620735367683842,0.002870403342457105,0.05495932002694312,0.052088916684486015,-0.006687594556835981,-0.010440153034091959,-0.006127389703752283,0.012105440923688366,2.6108566444643952
3.6232116058029016,0.0028557986857667486,0.05495932002694312,0.05210352134117637,-0.006684949433968879,-0.01038178230716936,-0.006158912165604071,0.012071188961203473,2.606156885075064
3.6256878439219613,0.002841213382441629,0.05495932002694312,0.05211810664450149,-0.006682244641382626,-0.01032313677034349,-0.006190235567872637,0.012036867082632977,2.601432925493172
3.6281640820410206,0.002826648387662674,0.05495932002694312,0.052132671639280447,-0.006679480746218257,-0.010264216708951364,-0.0062213595171018024,0.012002477198034977,2.596684411143802
3.6306403201600803,0.002812104659764815,0.05495932002694312,0.052147215367178305,-0.006676658328566788,-0.010205022423492268,-0.006252283594375436,0.011968021257019734,2.591910985970521
3.6331165582791396,0.0027975831601135606,0.05495932002694312,0.05216173686682956,-0.006673777981424446,-0.010145554230342765,-0.006283007355347769,0.011933501249347576,2.587112292474411
3.6355927963981993,0.0027830848529791646,0.05495932002694312,0.052176235173963956,-0.006670840310644284,-0.010085812462471441,-0.00631353033028608,0.01189891920552394,2.58228797175558
3.6380690345172586,0.002768610705408507,0.05495932002694312,0.05219070932153461,-0.006667845934884167,-0.010025797470153612,-0.00634385202412541,0.011864277197391278,2.5774376635573213
3.6405452726363183,0.002754161687094539,0.05495932002694312,0.05220515833984858,-0.006664795485551123,-0.009965509621685142,-0.006373971916535553,0.011829577338716842,2.572561006312981
3.643021510755378,0.0027397387702433815,0.05495932002694312,0.05221958125669974,-0.006661689606741944,-0.00990494930409535,-0.006403889462000137,0.011794821785775966,2.567657637195663
3.6454977488744373,0.002725342929438962,0.05495932002694312,0.05223397709750416,-0.006658528955180116,-0.009844116923858476,-0.006433604089907807,0.011760012737929978,2.5627271921708803
3.647973986993497,0.00271097514150527,0.05495932002694312,0.05224834488543785,-0.006655314200148953,-0.009783012907603346,-0.006463115204655602,0.011725152438198152,2.5577693060522524
3.6504502251125563,0.002696636385366151,0.05495932002694312,0.05226268364157697,-0.006652046023420957,-0.009721637702821017,-0.006492422185764247,0.011690243173822985,2.5527836125603915
3.652926463231616,0.0026823276419026265,0.05495932002694312,0.052276992385040494,-0.006648725119183369,-0.009659991778569809,-0.006521524388005651,0.011655287276828005,2.5477697443850595
3.6554027013506754,0.0026680498938077904,0.05495932002694312,0.05229127013313533,-0.0066453521939598414,-0.009598075626177585,-0.006550421141542207,0.011620287124567419,2.5427273332507534
3.657878939469735,0.0026538041254391756,0.05495932002694312,0.052305515901503945,-0.006641927966528271,-0.009535889759940672,-0.006579111752078232,0.011585245140266789,2.537656009985805
3.6603551775887944,0.0026395913226687218,0.05495932002694312,0.0523197287042744,-0.006638453167834711,-0.009473434717819341,-0.006607595501023147,0.01155016379355402,2.5325554045951586
3.662831415707854,0.002625412472730161,0.05495932002694312,0.05233390755421296,-0.006634928540903335,-0.00941071106212912,-0.0066358716456667004,0.011515045600979731,2.527425146336907
3.665307653826914,0.0026112685640640176,0.05495932002694312,0.0523480514628791,-0.006631354840742471,-0.00934771938022795,-0.006663939419365767,0.011479893126526317,2.5222648638027723
3.667783891945973,0.002597160586160052,0.05495932002694312,0.05236215944078307,-0.0066277328342466395,-0.00928446028519846,-0.006691798031743143,0.01144470898210474,2.517074185002601
3.670260130065033,0.0025830895293972173,0.05495932002694312,0.0523762304975459,-0.006624063300094558,-0.009220934416525144,-0.006719446668897895,0.011409495828038192,2.511852737453048
3.672736368184092,0.0025690563848812104,0.05495932002694312,0.05239026364206191,-0.006620347028643153,-0.009157142440766158,-0.006746884493627386,0.011374256373531875,2.5066001482705786
3.675212606303152,0.00255506214427946,0.05495932002694312,0.05240425788266366,-0.006616584821817503,-0.009093085052219167,-0.006774110645660813,0.011338993377127743,2.501316044268908
3.677688844422211,0.002541107799653712,0.05495932002694312,0.05241821222728941,-0.006612777492996676,-0.009028762973580934,-0.006801124241904366,0.01130370964714351,2.496000052061025
3.680165082541271,0.002527194343290122,0.05495932002694312,0.052432125683653,-0.006608925866895517,-0.008964176956600312,-0.006827924376697669,0.011268408042094778,2.4906517981659433
3.68264132066033,0.0025133227675269154,0.05495932002694312,0.052445997259416205,-0.006605030779442271,-0.008899327782724247,-0.006854510122081629,0.011233091471099448,2.485270909120321
3.68511755877939,0.002499494064579638,0.05495932002694312,0.05245982596236348,-0.006601093077652115,-0.008834216263736283,-0.006880880528077631,0.011197762894263327,2.479857011595064
3.6875937968984496,0.0024857092263640204,0.05495932002694312,0.0524736108005791,-0.006597113619496523,-0.00876884324238753,-0.006907034622977661,0.011162425323045956,2.4744097325171097
3.690070035017509,0.0024719692443163563,0.05495932002694312,0.052487350782626764,-0.006593093273768447,-0.008703209593019137,-0.0069329714136458,0.011127081820605534,2.4689286991964603
3.6925462731365686,0.0024582751092116356,0.05495932002694312,0.052501044917731485,-0.006589032919943358,-0.00863731622217652,-0.00695868988583053,0.011091735502122009,2.463413539458671
3.695022511255628,0.0024446278109792816,0.05495932002694312,0.05251469221596384,-0.006584933448036086,-0.008571164069214578,-0.0069841890044879205,0.011056389535097114,2.4578638817829086
3.6974987493746876,0.002431028338516557,0.05495932002694312,0.052528291688426564,-0.006580795758453432,-0.008504754106893532,-0.007009467714115707,0.011021047139630284,2.452279355445708
3.699974987493747,0.0024174776794997493,0.05495932002694312,0.05254184234744337,-0.0065766207618426316,-0.008438087341965224,-0.007034524939097901,0.010985711588669352,2.4466595906706052
3.7024512256128066,0.0024039768201930614,0.05495932002694312,0.05255534320675006,-0.006572409378935562,-0.008371164815749288,-0.007059359584060102,0.01095038620823485,2.4410042187837484
3.704927463731866,0.002390526745255306,0.05495932002694312,0.052568793281687815,-0.006568162540388764,-0.008303987604698922,-0.007083970534235079,0.010915074377616681,2.4353128723756563
3.7074037018509256,0.0023771284375444166,0.05495932002694312,0.052582191589398704,-0.006563881186619216,-0.008236556820955816,-0.007108356655838814,0.01087977952954203,2.4295851854692376
3.7098799399699853,0.0023637828779198705,0.05495932002694312,0.05259553714902325,-0.006559566267635939,-0.008168873612893977,-0.0071325167964566465,0.010844505150313299,2.4238207936942233
3.7123561780890446,0.0023504910450429586,0.05495932002694312,0.05260882898190016,-0.006555218742867341,-0.008100939165651962,-0.007156449785439504,0.010809254779914804,2.4180193344681333
3.7148324162081043,0.0023372539151750443,0.05495932002694312,0.052622066111768076,-0.006550839580984394,-0.008032754701653188,-0.00718015443430996,0.010774032012086859,2.412180447183916
3.7173086543271636,0.0023240724619738654,0.05495932002694312,0.052635247564969255,-0.00654642975971959,-0.00796432148111409,-0.007203629537178198,0.010738840494366303,2.4063037734043777
3.7197848924462233,0.0023109476562878234,0.05495932002694312,0.0526483723706553,-0.006541990265681696,-0.007895640802539381,-0.007226873871167493,0.01070368392809168,2.400388957063521
3.7222611305652826,0.002297880465948421,0.05495932002694312,0.0526614395609947,-0.006537522094166361,-0.007826714003204636,-0.007249886196849164,0.010668566068372243,2.3944356446749286
3.7247373686843424,0.0022848718555609007,0.05495932002694312,0.05267444817138222,-0.006533026248962539,-0.007757542459625263,-0.007272665258686891,0.01063349072401909,2.388443485547276
3.727213606803402,0.002271922786293054,0.05495932002694312,0.052687397240650066,-0.006528503742154766,-0.007688127588011963,-0.007295209785490071,0.01059846175743729,2.382412132007107
3.7296898449224614,0.002259034215662356,0.05495932002694312,0.052700285811280764,-0.006523955593921313,-0.007618470844711988,-0.007317518490876228,0.010563483084477491,2.3763412396289465
3.732166083041521,0.0022462070973214426,0.05495932002694312,0.05271311292962168,-0.006519382832328227,-0.007548573726636056,-0.00733959007374225,0.010528558674245774,2.3702304674728496
3.7346423211605804,0.0022334423808420614,0.05495932002694312,0.05272587764610106,-0.0065147864931193135,-0.007478437771670652,-0.007361423218744093,0.010493692548870247,2.3640794783294985
3.73711855927964,0.0022207410114973986,0.05495932002694312,0.05273857901544572,-0.006510167619502037,-0.007408064559075043,-0.007383016596785083,0.010458888783222991,2.3578879389728695
3.7395947973986994,0.002208103930043115,0.05495932002694312,0.052751216096900005,-0.006505527261929418,-0.007337455709863057,-0.007404368865512359,0.010424151504595986,2.3516555204205845
3.742071035517759,0.002195532072496939,0.05495932002694312,0.05276378795444618,-0.006500866477877943,-0.00726661288716914,-0.007425478669821399,0.010389484892329609,2.345381898201979
3.7445472736368184,0.002183026369916956,0.05495932002694312,0.052776293657026165,-0.006496186331621508,-0.007195537796598266,-0.0074463446423683735,0.010354893177392147,2.3390667526339364
3.747023511755878,0.002170587748178819,0.05495932002694312,0.0527887322787643,-0.006491487894001469,-0.007124232186559656,-0.0074669654040901414,0.010320380641909077,2.332709769104523
3.749499749874938,0.002158217127751688,0.05495932002694312,0.05280110289919143,-0.0064867722421928006,-0.007052697848583679,-0.007487339564731701,0.01028595161864052,2.3263106383644376
3.751975987993997,0.0021459154234732686,0.05495932002694312,0.05281340460346985,-0.006482040459466446,-0.006980936617621958,-0.007507465723380811,0.010251610490405537,2.3198690568262914
3.754452226113057,0.0021336835443238056,0.05495932002694312,0.052825636482619315,-0.0064772936349478775,-0.006908950372330078,-0.007527342469009633,0.010217361689451731,2.313384726871702
3.756928464232116,0.002121522393199307,0.05495932002694312,0.05283779763374381,-0.0064725328633719525,-0.00683674103533299,-0.007546968381023101,0.010183209696768915,2.306857357166188
3.759404702351176,0.0021094328666839413,0.05495932002694312,0.05284988716025918,-0.006467759244834052,-0.006764310573472295,-0.007566342029813872,0.0101491590413451,2.3002866629817986
3.761880940470235,0.0020974158548218366,0.05495932002694312,0.052861904172121284,-0.006462973884537666,-0.006691660998035816,-0.007585461977323534,0.010115214299363842,2.2936723665274585
3.764357178589295,0.002085472240888203,0.05495932002694312,0.05287384778605492,-0.006458177892538366,-0.006618794364968511,-0.007604326777609875,0.010081380093341065,2.28701419728691
3.766833416708354,0.0020736029011601195,0.05495932002694312,0.052885717125783,-0.00645337238348434,-0.006545712775065101,-0.0076229349774199345,0.010047661091200416,2.2803118923641965
3.769309654827414,0.002061808704686849,0.05495932002694312,0.05289751132225627,-0.006448558476353458,-0.006472418374143542,-0.007641285116768691,0.01001406200528545,2.2735651968365174
3.7717858929464736,0.002050090513059946,0.05495932002694312,0.052909229513883174,-0.006443737294187015,-0.0063989133531998045,-0.007659375729522947,0.009980587591307636,2.2667738641143815
3.774262131065533,0.002038449180183151,0.05495932002694312,0.05292087084675997,-0.006438909963820179,-0.0063251999485430515,-0.007677205343990311,0.009947242647228549,2.2599376563088307
3.7767383691845926,0.0020268855520423,0.05495932002694312,0.05293243447490082,-0.0064340776156092405,-0.006251280441911481,-0.0076947724835129145,0.009914032012075233,2.2530563446055933
3.779214607303652,0.002015400466475241,0.05495932002694312,0.05294391956046788,-0.006429241383155737,-0.006177157160568442,-0.007712075667065698,0.009880960564687465,2.246129709645933
3.7816908454227116,0.002003994752941926,0.05495932002694312,0.052955325274001194,-0.006424402403027531,-0.0061028324773786235,-0.007729113409858809,0.009848033222395554,2.239157541913963
3.784167083541771,0.001992669232294797,0.05495932002694312,0.05296665079464832,-0.0064195618144769345,-0.006028308810864148,-0.007745884223944064,0.009815254939627796,2.232139642130158
3.7866433216608306,0.001981424716549565,0.05495932002694312,0.052977895310393555,-0.00641472075915597,-0.005953588625240443,-0.007762386618825028,0.00978263070644631,2.2250758216507656
3.78911955977989,0.0019702620086565134,0.05495932002694312,0.05298905801828661,-0.00640988038082885,-0.005878674430431704,-0.007778619102070406,0.009750165547010272,2.217965902872816
3.7915957978989496,0.0019591819022723653,0.05495932002694312,0.053000138124670755,-0.006405041825081767,-0.005803568782065687,-0.00779458017993068,0.009717864517965642,2.2108097196443346
3.7940720360180094,0.001948185181533002,0.05495932002694312,0.05301113484541012,-0.006400206239030123,-0.005728274281447883,-0.007810268357957366,0.009685732706760358,2.2036071176794207
3.7965482741370686,0.001937272620826963,0.05495932002694312,0.05302204740611616,-0.006395374771023266,-0.005652793575514898,-0.007825682141624858,0.009653775229884354,2.196357954977753
3.7990245122561284,0.0019264449845699874,0.05495932002694312,0.05303287504237313,-0.006390548570346832,-0.005577129356766671,-0.007840820036954478,0.009621997231033453,2.189062102248055
3.8015007503751876,0.001915703026980617,0.05495932002694312,0.0530436169999625,-0.006385728786922841,-0.005501284363177869,-0.007855680551140316,0.009590403879196619,2.181719443335079
3.8039769884942474,0.0019050474918570898,0.05495932002694312,0.05305427253508603,-0.006380916571007628,-0.005425261378087934,-0.007870262193176788,0.009559000366665989,2.174329875649551
3.8064532266133067,0.0018944791123556015,0.05495932002694312,0.05306484091458752,-0.006376113072887711,-0.005349063230070175,-0.00788456347448732,0.00952779190696923,2.1668933106005657
3.8089294647323664,0.0018839986107699325,0.05495932002694312,0.05307532141617319,-0.0063713194425737306,-0.0052726927927791295,-0.007898582909554062,0.009496783732723646,2.159409674029784
3.811405702851426,0.0018736066983128519,0.05495932002694312,0.05308571332863027,-0.006366536829492594,-0.005196152984777037,-0.007912319016548248,0.009465981093412259,2.151878906646883
3.8138819409704854,0.0018633040748991803,0.05495932002694312,0.05309601595204394,-0.006361766382177902,-0.005119446769338685,-0.007925770317960826,0.009435389253081251,2.14430096446554
3.816358179089545,0.001853091428930663,0.05495932002694312,0.05310622859801246,-0.0063570092479588065,-0.005042577154234795,-0.007938935341233081,0.009405013487958977,2.1366758192392785
3.8188344172086044,0.001842969437082953,0.05495932002694312,0.05311635058986017,-0.006352266572647446,-0.004965547191494207,-0.007951812619386992,0.009374859083996849,2.129003458896449
3.821310655327664,0.001832938764094641,0.05495932002694312,0.05312638126284848,-0.006347539500225047,-0.004888359977144432,-0.007964400691654884,0.009344931334332014,2.1212838879735574
3.8237868934467234,0.001823000062558526,0.05495932002694312,0.053136319964384594,-0.006342829172526835,-0.004811018650930944,-0.00797669810410807,0.009315235536672526,2.11351712804616
3.826263131565783,0.001813153972715309,0.05495932002694312,0.05314616605422781,-0.0063381367289259164,-0.004733526396014978,-0.00798870341028427,0.009285776990605475,2.105703218156455
3.8287393696848424,0.0018034011222497898,0.05495932002694312,0.05315591890469333,-0.006333463306016229,-0.004655886438650191,-0.008000415171813323,0.009256560994828888,2.09784221523673
3.831215607803902,0.001793742126089612,0.05495932002694312,0.05316557790085351,-0.00632881003729471,-0.0045781020478377794,-0.008011831959040941,0.009227592844308113,2.089934194527717
3.833691845922962,0.0017841775862069004,0.05495932002694312,0.05317514244073622,-0.006324178052842851,-0.0045001765349607,-0.008022952351650188,0.009198877827358084,2.0819792499909537
3.836168084042021,0.0017747080914226956,0.05495932002694312,0.053184611935520425,-0.006319568479007721,-0.004422113253396611,-0.008033774939280305,0.009170421222652438,2.073977494714139
3.838644322161081,0.0017653342172144135,0.05495932002694312,0.05319398580972871,-0.006314982438082664,-0.004343915598109747,-0.008044298322142611,0.00914222829616104,2.0659290613084864
3.84112056028014,0.0017560565255264615,0.05495932002694312,0.05320326350141666,-0.006310421047987774,-0.004265587005222172,-0.008054521111633012,0.009114304298017602,2.057834102297073
3.8435967983992,0.0017468755645841313,0.05495932002694312,0.05321244446235899,-0.006305885421950327,-0.004187130951563993,-0.008064441930941033,0.00908665445931918,2.049692790493062
3.846073036518259,0.0017377918687108557,0.05495932002694312,0.053221528158232265,-0.006301376668185268,-0.00410855095420319,-0.008074059415654762,0.009059283988859565,2.041505319366766
3.848549274637319,0.0017288059581489698,0.05495932002694312,0.05323051406879415,-0.00629689588957598,-0.004029850569954816,-0.008083372214361586,0.00903219806979885,2.033271903400399
3.851025512756378,0.0017199183388841646,0.05495932002694312,0.053239401688058956,-0.006292444183355405,-0.003951033394870133,-0.00809237898924428,0.009005401856271671,2.0249927784294255
3.853501750875438,0.00171112950247361,0.05495932002694312,0.05324819052446951,-0.006288022640787718,-0.003872103063705436,-0.008101078416672187,0.008978900469936671,2.0166682019693067
3.8559779889944976,0.001702439925878034,0.05495932002694312,0.053256880101065086,-0.006283632346850722,-0.0037930632493713015,-0.0081094691877871,0.008952698996470257,2.0082984535265425
3.858454227113557,0.0016938500712977353,0.05495932002694312,0.053265469955645385,-0.006279274379919041,-0.0037139176623618734,-0.00811755000908358,0.00892680248200756,1.999883834892765
3.8609304652326166,0.0016853603860127325,0.05495932002694312,0.05327395964093039,-0.006274949811448372,-0.003634670050164974,-0.008125319602983325,0.008901215929534086,1.9914246704207614
3.863406703351676,0.0016769713022271315,0.05495932002694312,0.05328234872471599,-0.006270659705660869,-0.003555324196652964,-0.008132776708403405,0.008875944295231633,1.982921307281198
3.8658829414707356,0.001668683236917816,0.05495932002694312,0.053290636790025304,-0.006266405119231847,-0.00347588392145464,-0.008139920081317817,0.008850992484782029,1.9743741156988683
3.868359179589795,0.0016604965916875991,0.05495932002694312,0.05329882343525552,-0.006262187100977978,-0.003396353079308671,-0.008146748495312297,0.008826365349633034,1.9657834891672958
3.8708354177088546,0.0016524117526229357,0.05495932002694312,0.053306908274320185,-0.006258006691547104,-0.003316735559398529,-0.008153260742131942,0.008802067683230377,1.9571498446404816
3.873311655827914,0.0016444290901562464,0.05495932002694312,0.053314890936786874,-0.006253864923109846,-0.003237035284669557,-0.008159455632221285,0.008778104217220447,1.9484736227006731
3.8757878939469737,0.0016365489589330803,0.05495932002694312,0.05332277106801004,-0.006249762819053175,-0.0031572562111282067,-0.008165331995256729,0.008754479617628387,1.939755287700968
3.8782641320660334,0.0016287716976840505,0.05495932002694312,0.05333054832925907,-0.006245701393676062,-0.003077402327123924,-0.008170888680670783,0.00873119848101632,1.9309953278816545
3.8807403701850927,0.001621097629101828,0.05495932002694312,0.05333822239784129,-0.0062416816518874275,-0.0029974776526142132,-0.008176124558167984,0.008708265330626946,1.9221942554592024
3.8832166083041524,0.0016135270597231188,0.05495932002694312,0.05334579296722,-0.006237704588906483,-0.002917486238412642,-0.008181038518232223,0.008685684612517681,1.913352606686778
3.8856928464232117,0.0016060602798158297,0.05495932002694312,0.05335325974712729,-0.006233771189965666,-0.002837432165420971,-0.008185629472625033,0.008663460691690885,1.9044709418853516
3.8881690845422714,0.001598697563271488,0.05495932002694312,0.05336062246367163,-0.0062298824300163055,-0.0027573195438451064,-0.008189896354874734,0.008641597848225793,1.8955498454443267
3.8906453226613307,0.0015914391675029144,0.05495932002694312,0.053367880859440206,-0.0062260392734371775,-0.002677152512395725,-0.008193838120756034,0.008620100273418025,1.886589925790819
3.8931215607803904,0.0015842853333474377,0.05495932002694312,0.05337503469359568,-0.006222242673746106,-0.0025969352374736396,-0.008197453748759952,0.008598972065932698,1.8775918153266555
3.8955977988994497,0.0015772362849754487,0.05495932002694312,0.05338208374196767,-0.006218493573314755,-0.0025166719123406395,-0.00820074224055363,0.008578217227977202,1.8685561703323181
3.8980740370185094,0.0015702922298046762,0.05495932002694312,0.053389027797138444,-0.006214792903086776,-0.0024363667562759587,-0.008203702621429974,0.008557839661500071,1.859483670837033
3.900550275137569,0.0015634533584199944,0.05495932002694312,0.053395866668523126,-0.006211141582299458,-0.0023560240137191456,-0.008206333940746673,0.00853784316442227,1.8503750204543687
3.9030265132566284,0.0015567198444990105,0.05495932002694312,0.05340260018244411,-0.006207540518209013,-0.002275647953399355,-0.008208635272354561,0.008518231426907472,1.841230946182674
3.905502751375688,0.0015500918447433829,0.05495932002694312,0.05340922818219974,-0.006203990605819669,-0.002195242867451933,-0.008210605715014871,0.008499008027677904,1.8320521981698767
3.9079789894947474,0.0015435694988160387,0.05495932002694312,0.05341575052812708,-0.006200492727616708,-0.0021148130705225953,-0.008212244392805391,0.008480176430382612,1.822839549442177
3.910455227613807,0.0015371529292842814,0.05495932002694312,0.05342216709765884,-0.006197047753303579,-0.002034362898859607,-0.008213550455515055,0.008461739980024677,1.813593795596272
3.9129314657328664,0.0015308422415688042,0.05495932002694312,0.053428477785374316,-0.00619365653954325,-0.0019538967093947228,-0.008214523079026943,0.008443701899454398,1.8043157544548807
3.915407703851926,0.0015246375238988294,0.05495932002694312,0.05343468250304429,-0.006190319929703913,-0.0018734188788129228,-0.008215161465689486,0.00842606528593519,1.7950062656853532
3.917883941970986,0.001518538847273182,0.05495932002694312,0.05344078117966994,-0.006187038753609211,-0.001792933802612126,-0.008215464844675422,0.008408833107788912,1.7856661903813829
3.920360180090045,0.0015125462654275515,0.05495932002694312,0.05344677376151557,-0.006183813827293096,-0.0017124458941528149,-0.008215432472328728,0.008392008201127675,1.7762964106077972
3.922836418209105,0.0015066598148078883,0.05495932002694312,0.05345266021213523,-0.006180645952759458,-0.001631959583698208,-0.008215063632498971,0.008375593266678583,1.7668978289085921
3.925312656328164,0.0015008795145499479,0.05495932002694312,0.05345844051239317,-0.006177535917746663,-0.0015514793174459674,-0.008214357636863158,0.008359590866708412,1.7574713677785296
3.927788894447224,0.00149520536646508,0.05495932002694312,0.05346411466047804,-0.006174484495497098,-0.0014710095565512913,-0.008213313825234762,0.00834400342205453,1.7480179690985929
3.930265132566283,0.0014896373550322417,0.05495932002694312,0.05346968267191088,-0.006171492444531909,-0.001390554776142569,-0.00821193156585989,0.008328833209268811,1.738538593535864
3.932741370685343,0.0014841754473962632,0.05495932002694312,0.05347514457954686,-0.006168560508430961,-0.0013101194643296414,-0.008210210255700357,0.008314082357880677,1.7290342199083704
3.935217608804402,0.0014788195933724546,0.05495932002694312,0.053480500433570666,-0.006165689415618237,-0.0012297081212056808,-0.008208149320703614,0.008299752847785674,1.7195058445156766
3.937693846923462,0.0014735697254574173,0.05495932002694312,0.0534857503014857,-0.006162879879152706,-0.0011493252578428379,-0.008205748216059315,0.008285846506765384,1.709954480436008
3.9401700850425216,0.0014684257588462243,0.05495932002694312,0.053490894268096896,-0.006160132596524827,-0.001068975395282677,-0.008203006426442479,0.00827236500814467,1.7003811567909142
3.942646323161581,0.0014633875914559155,0.05495932002694312,0.053495932435487205,-0.0061574482494587655,-0.0009886630635214074,-0.008199923466243124,0.008259309868591696,1.6907869179784683
3.9451225612806406,0.0014584551039553,0.05495932002694312,0.05350086492298782,-0.006154827503720448,-0.0009083928004910724,-0.008196498879782242,0.00824668244606615,1.6811728228762504
3.9475987993997,0.0014536281598010181,0.05495932002694312,0.0535056918671421,-0.006152271008931532,-0.0008281691510369025,-0.008192732241514072,0.008234483937920662,1.6715399440153564
3.9500750375187597,0.0014489066052800204,0.05495932002694312,0.0535104134216631,-0.006149779398389401,-0.0007479966658914929,-0.008188623156214579,0.008222715379160243,1.661889366726831
3.952551275637819,0.0014442902695582308,0.05495932002694312,0.05351502975738489,-0.006147353288893298,-0.0006678799006465129,-0.008184171259156074,0.008211377640864163,1.6522221882620347
3.9550275137568787,0.001439778964735565,0.05495932002694312,0.053519541062207555,-0.006144993280576616,-0.000587823414722322,-0.008179376216267874,0.008200471428774347,1.6425395168885102
3.957503751875938,0.0014353724859071382,0.05495932002694312,0.05352394754103598,-0.006142699956745527,-0.0005078317703362826,-0.008174237724283055,0.008189997282054193,1.632842470963055
3.9599799899949977,0.0014310706112307947,0.05495932002694312,0.053528249415712326,-0.006140473883723961,-0.00042790953147024533,-0.008168755510871177,0.008179955572221117,1.623132177983756
3.9624562281140574,0.0014268731020007641,0.05495932002694312,0.053532446924942356,-0.006138315610705005,-0.00034806126283781546,-0.008162929334756947,0.00817034650225581,1.6134097736228443
3.9649324662331167,0.001422779702727535,0.05495932002694312,0.053536540324215585,-0.0061362256696088635,-0.0002682915288519865,-0.00815675898582491,0.008161170105891014,1.603676400742288
3.9674087043521764,0.0014187901412238274,0.05495932002694312,0.05354052988571929,-0.006134204574947379,-0.00018860489259366016,-0.008150244285210018,0.008152426247081837,1.593933208394116
3.9698849424712357,0.0014149041286967215,0.05495932002694312,0.0535444158982464,-0.006132252823695196,-0.00010900591478194097,-0.008143385085374205,0.008144114619659555,1.5841813508075595
3.9723611805902954,0.0014111213598457795,0.05495932002694312,0.05354819866709734,-0.006130370895167643,-2.9499152746164997e-05,-0.00813618127016892,0.008136234747170235,1.574421986365038
3.9748374187093547,0.0014074415129671503,0.05495932002694312,0.05355187851397597,-0.0061285592509053655,4.991084059901001e-05,-0.008128632754883597,0.008128785982899032,1.5646562765692367
3.9773136568284144,0.0014038642500637175,0.05495932002694312,0.0535554557768794,-0.006126818334565782,0.00012921951777551514,-0.008120739486280278,0.008121767510080907,1.5548853850033781
3.9797898949474737,0.0014003892169610205,0.05495932002694312,0.0535589308099821,-0.006125148571821383,0.00020842233775972003,-0.008112501442614174,0.008115178342297493,1.5451104762869627
3.9822661330665334,0.0013970160434290668,0.05495932002694312,0.053562303983514054,-0.006123550370264931,0.00028751476699606453,-0.008103918633640449,0.00810901732406003,1.5353327150291562
3.984742371185593,0.0013937443433098967,0.05495932002694312,0.053565575683633224,-0.006122024119321587,0.00036649228040569785,-0.008094991100607178,0.008103283131577373,1.5255532647820944
3.9872186093046524,0.001390573714650803,0.05495932002694312,0.05356874631229232,-0.006120570190168008,0.0004453503623894256,-0.008085718916234537,0.008097974273707802,1.5157732869963598
3.989694847423712,0.0013875037398432405,0.05495932002694312,0.05357181628709988,-0.006119188935658434,0.0005240845078248672,-0.0080761021846804,0.008093089093093043,1.5059939399808084
3.9921710855427714,0.0013845339857671835,0.05495932002694312,0.05357478604117594,-0.006117880690257786,0.0006026902230567003,-0.008066141041492374,0.008088625767472235,1.496216377869031
3.994647323661831,0.001381664003941012,0.05495932002694312,0.05357765602300211,-0.006116645769981766,0.0006811630268800847,-0.00805583565354635,0.008084582311173347,1.4864417495945623
3.9971235617808905,0.0013788933306767628,0.05495932002694312,0.05358042669626636,-0.006115484472344061,0.0007594984515160464,-0.008045186218971776,0.008080956576779054,1.4766711978770741
3.99959979989995,0.0013762214872406336,0.05495932002694312,0.05358309853970249,-0.006114397076310525,0.0008376920435790395,-0.008034192967063689,0.008077746256963713,1.4669058582215728
4.00207603801901,0.0013736479800187176,0.05495932002694312,0.0535856720469244,-0.006113383842260464,0.0009157393650354659,-0.008022856158181687,0.008074948886497634,1.4571468579327465
4.004552276138069,0.0013711723006878257,0.05495932002694312,0.053588147726255295,-0.006112445011954945,0.0009936359941531644,-0.008011176083635956,0.008072561844414539,1.4473953151463965
4.007028514257129,0.0013687939263913318,0.05495932002694312,0.05359052610055179,-0.006111580808512182,0.0010713775264412282,-0.007999153065560495,0.008070582356337688,1.4376523378799078
4.009504752376189,0.0013665123199198895,0.05495932002694312,0.05359280770702323,-0.006110791436389901,0.0011489595755794016,-0.007986787456773772,0.008069007496959862,1.4279190231036434
4.011980990495248,0.0013643269298969918,0.05495932002694312,0.05359499309704613,-0.006110077081374794,0.001226377774337066,-0.007974079640626887,0.008067834192672043,1.4181964558349884
4.014457228614307,0.0013622371909691594,0.05495932002694312,0.05359708283597396,-0.006109437910578915,0.0013036277754809506,-0.007961030030839396,0.00806705922433523,1.408485708256778
4.016933466733367,0.0013602425240008334,0.05495932002694312,0.05359907750294229,-0.0061088740724430865,0.0013807052526712588,-0.007947639071323162,0.008066679230189862,1.3987878388616994
4.019409704852427,0.0013583423362735977,0.05495932002694312,0.05360097769066952,-0.006108385696747242,0.0014576059013456466,-0.007933907235994235,0.008066690708896637,1.389103891624179
4.021885942971486,0.0013565360216898567,0.05495932002694312,0.053602784005253264,-0.006107972894627684,0.0015343254395910574,-0.007919835028572964,0.008067090022702585,1.3794348952011044
4.024362181090546,0.0013548229609807519,0.05495932002694312,0.05360449706596237,-0.006107635758601213,0.0016108596090023252,-0.007905422982372737,0.008067873400726004,1.369781862162766
4.026838419209605,0.0013532025219181454,0.05495932002694312,0.053606117505024975,-0.006107374362596105,0.0016872041755275767,-0.007890671660077378,0.008069036942353528,1.3601457882551429
4.029314657328665,0.0013516740595306484,0.05495932002694312,0.05360764596741247,-0.00610718876198987,0.001763354930300018,-0.00787558165350741,0.008070576620742528,1.3505276516946172
4.031790895447724,0.0013502369163235634,0.05495932002694312,0.05360908311061956,-0.006107078993653756,0.0018393076904555821,-0.007860153583375683,0.008072488286422139,1.3409284124961012
4.034267133566784,0.0013488904225024828,0.05495932002694312,0.05361042960444064,-0.006107045076003925,0.0019150582999360615,-0.007844388099032162,0.008074767670985427,1.331349011835418
4.036743371685843,0.0013476338962006007,0.05495932002694312,0.05361168613074252,-0.00610708700905928,0.001990602630277439,-0.007828285878198562,0.008077410390866027,1.321790371446671
4.039219609804903,0.0013464666437095,0.05495932002694312,0.05361285338323362,-0.006107204774505837,0.002065936581383209,-0.0078118476266927795,0.00808041195119178,1.3122533930551958
4.041695847923962,0.0013453879597132914,0.05495932002694312,0.05361393206722983,-0.006107398335767614,0.0021410560822819292,-0.00779507407814351,0.008083767749708136,1.3027389578466542
4.044172086043022,0.001344397127525987,0.05495932002694312,0.05361492289941713,-0.00610766763808393,0.0022159570918692463,-0.007777965993695197,0.008087473080764135,1.2932479259725875
4.046648324162081,0.0013434934193320147,0.05495932002694312,0.053615826607611106,-0.006108012608593086,0.0022906355996334827,-0.007760524161703822,0.008091523139353742,1.2837811360927847
4.049124562281141,0.0013426760964296708,0.05495932002694312,0.05361664393051345,-0.006108433156422308,0.002365087626365205,-0.007742749397423439,0.008095913025205176,1.2743394049545347
4.0516008004002,0.0013419444094773872,0.05495932002694312,0.05361737561746573,-0.006108929172783898,0.0024393092248496916,-0.007724642542684079,0.008100637746911138,1.2649235270089252
4.05407703851926,0.0013412975987427411,0.05495932002694312,0.05361802242820038,-0.0061095005310775035,0.0025132964805427765,-0.0077062044655610545,0.008105692226092837,1.2555342740640443
4.056553276638319,0.0013407348943539968,0.05495932002694312,0.053618585132589124,-0.0061101470869984135,0.002587045512229212,-0.007687436060036188,0.008111071301590809,1.2461723949750125
4.059029514757379,0.0013402555165540828,0.05495932002694312,0.05361906451038904,-0.006110868678651794,0.002660552472663897,-0.007668338245650872,0.008116769733675453,1.2368386153705124
4.061505752876438,0.0013398586759568107,0.05495932002694312,0.05361946135098631,-0.006111665126672772,0.0027338135491952226,-0.007648911967151746,0.008122782208270795,1.227533637415551
4.063981990995498,0.0013395435738053144,0.05495932002694312,0.053619776453137806,-0.006112536234352275,0.0028068249643706513,-0.007629158194128897,0.008129103341184586,1.2182581396099712
4.0664582291145575,0.0013393094022324248,0.05495932002694312,0.053620010624710696,-0.0061134817877685115,0.0028795829765241227,-0.00760907792064702,0.008135727682338287,1.2090127766222145
4.068934467233617,0.0013391553445229326,0.05495932002694312,0.05362016468242019,-0.00611450155592401,0.0029520838803455303,-0.007588672164869864,0.00814264971999082,1.1997981791576922
4.071410705352677,0.0013390805753775992,0.05495932002694312,0.05362023945156552,-0.006115595290888109,0.003024324007431524,-0.0075679419686782426,0.008149863884949747,1.1906149538611503
4.073886943471736,0.001339084261178708,0.05495932002694312,0.05362023576576441,-0.006116762727944763,0.0030962997268177985,-0.007546888397281908,0.008157364554764011,1.1814636832522447
4.0763631815907955,0.0013391655602571148,0.05495932002694312,0.053620154466686006,-0.006118003585745613,0.0031680074454930023,-0.007525512538825572,0.008165146057892658,1.1723449256934801
4.078839419709855,0.0013393236231605543,0.05495932002694312,0.053619996403782566,-0.0061193175664681475,0.00323944360889353,-0.007503815503989448,0.00817320267784383,1.1632592153897157
4.081315657828915,0.0013395575929231532,0.05495932002694312,0.05361976243401997,-0.006120704355978883,0.003310604701379648,-0.0074817984255846,0.008181528657278982,1.1542070624182401
4.083791895947974,0.00133986660533595,0.05495932002694312,0.05361945342160717,-0.006122163624001426,0.0033814872466925053,-0.007459462458143353,0.00819011820207707,1.1451889527884804
4.0862681340670335,0.0013402497892183174,0.05495932002694312,0.0536190702377248,-0.006123695024289319,0.003452087808392312,-0.007436808777505157,0.008198965485354148,1.1362053485302848
4.088744372186094,0.0013407062666901531,0.05495932002694312,0.05361861376025297,-0.006125298194803522,0.003522402990277279,-0.007413838580398187,0.008208064651433668,1.1272566878097556
4.091220610305153,0.0013412351534446351,0.05495932002694312,0.053618084873498485,-0.00612697275789445,0.003592429436783292,-0.0073905530840170305,0.008217409819763205,1.1183433850715445
4.093696848424212,0.0013418355590215647,0.05495932002694312,0.053617484467921556,-0.006128718320488394,0.003662163833364788,-0.00736695352559666,0.008226995088773673,1.1094658312064198
4.0961730865432715,0.001342506587080905,0.05495932002694312,0.053616813439862215,-0.0061305344742782495,0.0037316029068561064,-0.0073430411619831255,0.00823681453967706,1.1006243937430558
4.098649324662332,0.0013432473356767213,0.05495932002694312,0.0536160726912664,-0.006132420795918389,0.0038007434258138435,-0.007318817269201305,0.008246862240199384,1.0918194170628168
4.101125562781391,0.0013440568975310319,0.05495932002694312,0.05361526312941209,-0.006134376847223588,0.003869582200839856,-0.0072942831420198875,0.00825713224824528,1.0830512226364029
4.10360180090045,0.0013449343603077202,0.05495932002694312,0.0536143856666354,-0.0061364021753718394,0.003938116084885404,-0.00726944009351396,0.008267618615491489,1.0743201092811165
4.1060780390195095,0.0013458788068862332,0.05495932002694312,0.05361344122005689,-0.006138496313110957,0.004006341973535934,-0.007244289454625615,0.008278315390906274,1.0656263534376378
4.10855427713857,0.0013468893156350081,0.05495932002694312,0.05361243071130811,-0.006140658778968833,0.00407425680527696,-0.007218832573722721,0.00828921662419229,1.0569702094650573
4.111030515257629,0.0013479649606843933,0.05495932002694312,0.05361135506625873,-0.006142889077467198,0.00414185756174078,-0.00719307081615632,0.008300316369150578,1.0483519099530365
4.113506753376688,0.0013491048121991034,0.05495932002694312,0.05361021521474402,-0.006145186699338799,0.004209141267934595,-0.007167005563816767,0.008311608686963706,1.0397716660498504
4.115982991495748,0.0013503079366499401,0.05495932002694312,0.05360901209029318,-0.006147551121747808,0.004276104992449518,-0.007140638214689163,0.008323087649396162,1.0312296678052282
4.118459229614808,0.0013515733970847488,0.05495932002694312,0.05360774662985837,-0.006149981808513376,0.004342745847650969,-0.0071139701824081665,0.008334747341910384,1.0227260845267923
4.120935467733867,0.0013529002533984244,0.05495932002694312,0.053606419773544696,-0.006152478210336183,0.0044090609898506505,-0.007087002895812581,0.008346581866697211,1.0142610651489525
4.123411705852926,0.001354287562601919,0.05495932002694312,0.0536050324643412,-0.0061550397650278485,0.004475047619459732,-0.007059737798500011,0.008358585345619316,1.005834738613204
4.125887943971986,0.0013557343790900692,0.05495932002694312,0.05360358564785305,-0.006157665897743079,0.0045407029811240455,-0.007032176348381863,0.008370751923067011,0.9974472142586631
4.128364182091046,0.001357239754908167,0.05495932002694312,0.05360208027203495,-0.006160356021214412,0.004606024363840788,-0.007004320017239032,0.008383075768725363,0.9890985822218519
4.130840420210105,0.0013588027400171787,0.05495932002694312,0.05360051728692594,-0.0061631095359894385,0.004671009101057527,-0.00697617029027842,0.008395551080252299,0.9807889138446187
4.133316658329165,0.001360422382557465,0.05495932002694312,0.053598897644385655,-0.0061659258306703746,0.004735654570753212,-0.0069477286656907415,0.008408172085867215,0.9725182620892476
4.1357928964482245,0.0013620977291108893,0.05495932002694312,0.05359722229783223,-0.0061688042821558195,0.004799958195501433,-0.00691899665420982,0.00842093304684986,0.9642866619597649
4.138269134567284,0.0013638278249612917,0.05495932002694312,0.05359549220198183,-0.006171744255884624,0.004863917442516434,-0.006889975778673621,0.008433828259949617,0.9560941309284687
4.140745372686343,0.001365611714353121,0.05495932002694312,0.05359370831259,-0.0061747451060816805,0.004927529823681826,-0.006860667573587299,0.008446852059705206,0.947940669366794
4.143221610805403,0.0013674484407481674,0.05495932002694312,0.05359187158619495,-0.006177806176005564,0.004990792895562071,-0.00683107358468861,0.008459998820675056,0.939826260979653
4.1456978489244625,0.0013693370470803518,0.05495932002694312,0.05358998297986277,-0.006180926798197845,0.005053704259397384,-0.006801195368515879,0.008473262959578978,0.9317508732423655
4.148174087043522,0.0013712765760083706,0.05495932002694312,0.05358804345093475,-0.006184106294733994,0.00511626156108198,-0.006771034491978724,0.0084866389373515,0.9237144578393947
4.150650325162582,0.001373266070166232,0.05495932002694312,0.05358605395677689,-0.006187343977475703,0.005178462491125907,-0.0067405925319319075,0.00850012126110764,0.9157169511041274
4.153126563281641,0.0013753045724114454,0.05495932002694312,0.053584015454531675,-0.0061906391483245535,0.005240304784600819,-0.006709871074752582,0.008513704486022027,0.9077582744589537
4.1556028014007005,0.0013773911260709301,0.05495932002694312,0.05358192890087219,-0.006193991099476848,0.005301786221070057,-0.006678871715920901,0.008527383217122151,0.899838334854919
4.15807903951976,0.0013795247751844306,0.05495932002694312,0.05357979525175869,-0.0061973991136795425,0.005362904624502897,-0.006647596059604677,0.008541152110996864,0.8919570252103557
4.16055527763882,0.0013817045647454632,0.05495932002694312,0.05357761546219766,-0.006200862464487118,0.005423657863173745,-0.006616045718247887,0.008555005877421277,0.8841142248477901
4.163031515757879,0.0013839295409396046,0.05495932002694312,0.053575390486003516,-0.006204380416519267,0.005484043849546088,-0.006584222312163566,0.008568939280899171,0.8763097999286019
4.1655077538769385,0.0013861987513801646,0.05495932002694312,0.053573121275562956,-0.006207952225719332,0.005544060540141974,-0.006552127469131111,0.008582947142124422,0.868543603884821
4.167983991995998,0.001388511245341069,0.05495932002694312,0.05357080878160205,-0.006211577139613303,0.005603705935396842,-0.006519762823998294,0.008597024339362545,0.860815477847592
4.170460230115058,0.001390866073986946,0.05495932002694312,0.053568453952956174,-0.006215254397569315,0.005662978079500307,-0.006487130018288236,0.008611165809754061,0.8531252510717993
4.172936468234117,0.001393262290600307,0.05495932002694312,0.05356605773634281,-0.006218983231057502,0.00572187506022298,-0.006454230699811475,0.008625366550540949,0.8454727413564106
4.1754127063531765,0.001395698950805789,0.05495932002694312,0.05356362107613733,-0.006222762863910128,0.005780395008730082,-0.00642106652228329,0.008639621620218033,0.8378577554600842
4.177888944472237,0.001398175112791361,0.05495932002694312,0.05356114491415176,-0.00622659251258185,0.005838536099381403,-0.006387639144946634,0.008653926139610527,0.8302800895117308
4.180365182591296,0.0014006898375264615,0.05495932002694312,0.05355863018941666,-0.006230471386409991,0.005896296549518769,-0.006353950232200665,0.008668275292879767,0.8227395294155839
4.182841420710355,0.0014032421889770344,0.05495932002694312,0.053556077837966086,-0.006234398687874813,0.005953674619240654,-0.006320001453235236,0.008682664328458508,0.8152358512505331
4.1853176588294145,0.0014058312343173049,0.05495932002694312,0.053553488792625815,-0.006238373612859555,0.006010668611164751,-0.006285794481671375,0.00869708855991771,0.8077688216633682
4.187793896948475,0.001408456044138355,0.05495932002694312,0.053550863982804765,-0.006242395350910203,0.006067276870178515,-0.006251330995207952,0.008711543366766354,0.800338198255699
4.190270135067534,0.0014111156926534182,0.05495932002694312,0.0535482043342897,-0.006246463085494922,0.006123497783178118,-0.006216612675274911,0.00872602419518626,0.7929437299643182
4.192746373186593,0.0014138092578998146,0.05495932002694312,0.053545510769043306,-0.006250575994262979,0.006179329778796343,-0.006181641206692746,0.008740526558703486,0.7855851574347432
4.195222611305653,0.001416535821937473,0.05495932002694312,0.05354278420500565,-0.00625473324930309,0.006234771327119395,-0.006146418277338881,0.008755046038798174,0.7782622133878186
4.197698849424713,0.0014192944710440802,0.05495932002694312,0.05354002555589904,-0.006258934017401129,0.006289820939393161,-0.006110945577820881,0.008769578285454624,0.7709746229791823
4.200175087543772,0.0014220842959067406,0.05495932002694312,0.05353723573103638,-0.006263177460297061,0.006344477167719487,-0.006075224801156445,0.008784119017653406,0.7637221041514232
4.202651325662831,0.0014249043918101029,0.05495932002694312,0.05353441563513302,-0.006267462734941017,0.0063987386047423414,-0.006039257642460677,0.008798664023807232,0.7565043679788809
4.2051275637818915,0.0014277538588210112,0.05495932002694312,0.05353156616812211,-0.0062717889937484615,0.0064526038833246325,-0.006003045798640504,0.008813209162142444,0.7493211190049337
4.207603801900951,0.0014306318019694925,0.05495932002694312,0.05352868822497363,-0.006276155384854303,0.006506071676215702,-0.005966590968096493,0.008827750361027821,0.7421720555717358
4.21008004002001,0.00143353733142626,0.05495932002694312,0.05352578269551686,-0.006280561052365921,0.006559140695710287,-0.005929894850431978,0.008842283619252581,0.7350568701422938
4.212556278139069,0.0014364695626764706,0.05495932002694312,0.05352285046426665,-0.006285005136615001,0.00661180969329876,-0.005892959146169886,0.008856805006255178,0.7279752496149068
4.2150325162581295,0.0014394276166899353,0.05495932002694312,0.053519892410253185,-0.006289486774408095,0.0066640774593094395,-0.005855785556477165,0.008871310662304795,0.7209268756298964
4.217508754377189,0.0014424106200875558,0.05495932002694312,0.053516909406855565,-0.006294005099275834,0.006715942822542907,-0.005818375782897,0.008885796798637017,0.7139114248686571
4.219984992496248,0.001445417705304132,0.05495932002694312,0.05351390232163899,-0.006298559241720744,0.0067674046498993655,-0.005780731527088751,0.008900259697545763,0.7069285693449696
4.222461230615308,0.0014484480107474565,0.05495932002694312,0.053510872016195664,-0.006303148329463543,0.006818461845998547,-0.0057428544905759335,0.008914695712432707,0.6999779766886804
4.2249374687343675,0.0014515006809536213,0.05495932002694312,0.0535078193459895,-0.006307771487687883,0.006869113352793009,-0.005704746374502203,0.008929101267816108,0.6930593104217364
4.227413706853427,0.0014545748667386324,0.05495932002694312,0.05350474516020449,-0.006312427839283469,0.0069193581491753114,-0.005666408879395191,0.008943472859300656,0.6861722302265877
4.229889944972486,0.00145766972534625,0.05495932002694312,0.05350165030159687,-0.006317116505087477,0.0069691952505789,-0.005627843704938772,0.00895780705350983,0.6793163922071007
4.232366183091546,0.0014607844205920748,0.05495932002694312,0.053498535606351046,-0.006321836604124195,0.007018623708573574,-0.005589052549753194,0.008972100487982386,0.6724914491419538
4.2348424212106055,0.001463918123003824,0.05495932002694312,0.053495401903939296,-0.006326587253842872,0.007067642610455432,-0.005550037111183765,0.008986349871034529,0.6656970507306805
4.237318659329665,0.0014670700099579034,0.05495932002694312,0.05349225001698522,-0.006331367570353659,0.007116251078832155,-0.005510799085097485,0.0090005519815893,0.6589328438323524
4.239794897448725,0.0014702392658120997,0.05495932002694312,0.05348908076113102,-0.006336176668661609,0.007164448271203387,-0.005471340165688187,0.009014703668974486,0.6521984726970799
4.242271135567784,0.0014734250820345601,0.05495932002694312,0.05348589494490856,-0.0063410136628987025,0.007212233379536954,-0.005431662045290014,0.009028801852690707,0.6454935791903862
4.2447473736868435,0.0014766266573289916,0.05495932002694312,0.05348269336961413,-0.006345877666553815,0.007259605629841256,-0.005391766414199213,0.009042843522151066,0.638817803010556
4.247223611805903,0.0014798431977559937,0.05495932002694312,0.05347947682918713,-0.006350767792700562,0.007306564281733834,-0.005351654960504247,0.00905682573639343,0.6321707818990955
4.249699849924963,0.0014830739168507495,0.05495932002694312,0.05347624611009237,-0.006355683154223045,0.007353108628006828,-0.005311329369924523,0.009070745623767171,0.6255521518444153
4.252176088044022,0.0014863180357367958,0.05495932002694312,0.053473001991206325,-0.006360622864039352,0.007399237994189462,-0.005270791325657365,0.00908460038159532,0.6189615472788443
4.2546523261630815,0.001489574783236143,0.05495932002694312,0.05346974524370698,-0.006365586035322845,0.007444951738107844,-0.005230042508233377,0.009098387275813394,0.6123986012691113
4.257128564282142,0.0014928433959755794,0.05495932002694312,0.05346647663096754,-0.006370571781721169,0.00749024924944255,-0.005189084595380406,0.009112103640586454,0.6058629457004358
4.259604802401201,0.0014961231184892343,0.05495932002694312,0.053463196908453886,-0.006375579217572913,0.007535129949284161,-0.005147919261895779,0.009125746877905211,0.5993542114543434
4.26208104052026,0.0014994132033174373,0.05495932002694312,0.05345990682362568,-0.00638060745812193,0.00757959328968722,-0.005106548179526908,0.00913931445716259,0.5928720285803398
4.2645572786393195,0.0015027129111017806,0.05495932002694312,0.05345660711584134,-0.006385655619729256,0.007623638753222682,-0.005064973016860417,0.009152803914711754,0.586416026461614
4.26703351675838,0.0015060215106766014,0.05495932002694312,0.05345329851626652,-0.006390722820082584,0.007667265852529534,-0.005023195439219489,0.009166212853406849,0.5799858339748595
4.269509754877439,0.0015093382791566134,0.05495932002694312,0.05344998174778651,-0.006395808178403261,0.007710474129865386,-0.004981217108569694,0.009179538942127257,0.5735810796444166
4.271985992996498,0.0015126625020209852,0.05495932002694312,0.053446657524922135,-0.006400910815650831,0.007753263156656912,-0.0049390396834329085,0.0091927799152867,0.5672013917908058
4.274462231115558,0.0015159934731937344,0.05495932002694312,0.053443326553749386,-0.006406029854724979,0.007795632533049894,-0.004896664818809715,0.009205933572327941,0.560846398673868
4.276938469234618,0.00151933049512043,0.05495932002694312,0.05343998953182269,-0.006411164420664999,0.007837581887459515,-0.004854094166109866,0.009218997777204163,0.5545157286306022
4.279414707353677,0.0015226728788413496,0.05495932002694312,0.05343664714810177,-0.006416313640846598,0.007879110876121025,-0.004811329373091058,0.009231970457847957,0.5482090102078763
4.281890945472736,0.0015260199440610203,0.05495932002694312,0.0534333000828821,-0.006421476645176153,0.007920219182641115,-0.004768372083805655,0.009244849605628713,0.5419258722901255
4.2843671835917965,0.0015293710192141388,0.05495932002694312,0.05342994900772898,-0.00642665256628231,0.00796090651755025,-0.004725223938555603,0.009257633274799395,0.5356659442222083
4.286843421710856,0.0015327254415280211,0.05495932002694312,0.0534265945854151,-0.0064318405397049356,0.008001172617856142,-0.004681886573855416,0.009270319581933436,0.5294288559275623
4.289319659829915,0.0015360825570815,0.05495932002694312,0.05342323746986162,-0.006437039704081399,0.008041017246598961,-0.004638361622402843,0.009282906705352664,0.523214238021752
4.291795897948974,0.0015394417208602768,0.05495932002694312,0.053419878306082844,-0.006442249201330161,0.008080440192408004,-0.004594650713057694,0.009295392884546854,0.5170217219216278
4.2942721360680345,0.0015428022968088997,0.05495932002694312,0.05341651773013422,-0.006447468176831664,0.00811944126906057,-0.004550755470828272,0.009307776419585795,0.5108509399501654
4.296748374187094,0.0015461636578791987,0.05495932002694312,0.05341315636906392,-0.006452695779606488,0.00815802031504296,-0.004506677516865672,0.009320055670524517,0.5047015254371698
4.299224612306153,0.0015495251860753803,0.05495932002694312,0.05340979484086774,-0.006457931162490774,0.008196177193114055,-0.004462418468465545,0.009332229056802312,0.4985731128159388
4.301700850425213,0.0015528862724957238,0.05495932002694312,0.0534064337544474,-0.006463173482308919,0.008233911789871673,-0.004417979939077523,0.009344295056636384,0.49246533771604817
4.3041770885442725,0.001556246317370849,0.05495932002694312,0.05340307370957227,-0.006468421900043466,0.008271224015321595,-0.004373363538322216,0.009356252206410369,0.48637783705240795
4.306653326663332,0.0015596047300988,0.05495932002694312,0.05339971529684432,-0.00647367558100227,0.008308113802450192,-0.004328570872015277,0.0093680991000588,0.48031024911064335
4.309129564782391,0.0015629609292766786,0.05495932002694312,0.05339635909766644,-0.0064789336949828665,0.008344581106800114,-0.004283603542199039,0.009379834388447675,0.4742622136290241
4.311605802901451,0.001566314342729136,0.05495932002694312,0.053393005684213984,-0.006484195416434047,0.008380625906049755,-0.00423846314718117,0.00939145677875191,0.4682333718769997
4.3140820410205105,0.0015696644075335747,0.05495932002694312,0.053389655619409546,-0.006489459924614634,0.00841624819959642,-0.004193151281580467,0.009402965033830016,0.46222336673049713
4.31655827913957,0.001573010570042166,0.05495932002694312,0.053386309456900954,-0.006494726403749494,0.008451448008143736,-0.004147669536379503,0.009414357971596751,0.4562318427440697
4.31903451725863,0.0015763522859006882,0.05495932002694312,0.05338296774104243,-0.006499994043182701,0.008486225373292983,-0.004102019498984274,0.009425634464393833,0.45025844622006445
4.321510755377689,0.001579689020064265,0.05495932002694312,0.053379631006878855,-0.006505262037527915,0.008520580357138974,-0.004056202753290501,0.00943679343835945,0.4443028252748797
4.3239869934967485,0.0015830202468099935,0.05495932002694312,0.05337629978013313,-0.006510529586815967,0.00855451304187064,-0.004010220879756531,0.009447833872796987,0.4383646299024348
4.326463231615808,0.0015863454497464999,0.05495932002694312,0.05337297457719662,-0.0065157958966395955,0.008588023529376113,-0.003964075455482795,0.00945875479954306,0.43244351203498677
4.328939469734868,0.0015896641218204471,0.05495932002694312,0.05336965590512267,-0.006521060178295388,0.008621111940852945,-0.003917768054297581,0.00946955530233558,0.42653912560136886
4.331415707853927,0.0015929757653200954,0.05495932002694312,0.053366344261623025,-0.006526321648922925,0.008653778416423345,-0.0038713002468491815,0.009480234516182027,0.42065112658278925
4.3338919459729865,0.0015962798918759055,0.05495932002694312,0.053363040135067215,-0.006531579531641091,0.008686023114754702,-0.0038246736007039837,0.009490791626728244,0.41477917306625517
4.336368184092046,0.0015995760224581448,0.05495932002694312,0.053359744004484976,-0.00653683305568158,0.008717846212685463,-0.0037778896804506893,0.00950122586962809,0.4089229252957611
4.338844422211106,0.0016028636873716903,0.05495932002694312,0.05335645633957143,-0.006542081456519601,0.008749247904856646,-0.003730950047810334,0.00951153652991431,0.40308204572131057
4.341320660330165,0.0016061424262479237,0.05495932002694312,0.0533531776006952,-0.00654732397600177,0.00878022840334898,-0.003683856261752074,0.009521722941370755,0.39725619904588505
4.343796898449225,0.0016094117880338654,0.05495932002694312,0.053349908238909255,-0.006552559862471202,0.008810787937325875,-0.003636609878614486,0.00953178448590628,0.3914450522704374
4.346273136568285,0.001612671330978449,0.05495932002694312,0.05334664869596467,-0.006557788370889814,0.008840926752682447,-0.003589212452232326,0.009541720592930595,0.3856482747370045
4.348749374687344,0.001615920622616146,0.05495932002694312,0.053343399404326974,-0.0065630087629578214,0.008870645111700477,-0.0035416655340687075,0.009551530738732182,0.37986553817004637
4.351225612806403,0.0016191592397477791,0.05495932002694312,0.05334016078719534,-0.006568220307230451,0.00889994329270964,-0.003493970673352194,0.00956121444585846,0.37409651671605193
4.353701850925463,0.0016223867684187834,0.05495932002694312,0.05333693325852434,-0.00657342227923188,0.008928821589755111,-0.0034461294172190744,0.00957077128249859,0.3683408869815352
4.356178089044523,0.0016256028038947185,0.05495932002694312,0.0533337172230484,-0.006578613961566392,0.008957280312271443,-0.003398143310860478,0.009580200861868785,0.3625983280694904
4.358654327163582,0.0016288069506342276,0.05495932002694312,0.05333051307630889,-0.006583794644026761,0.00898531978476301,-0.0033500138976741557,0.009589502841600475,0.3568685216143724
4.361130565282641,0.0016319988222594922,0.05495932002694312,0.05332732120468363,-0.006588963623699872,0.009012940346491121,-0.00330174271942073,0.009598676923131402,0.35115115181567436
4.3636068034017015,0.0016351780415240352,0.05495932002694312,0.053324141985419085,-0.006594120205069608,0.00904014235116772,-0.0032533313163844867,0.009607722851099745,0.34544590547020154
4.366083041520761,0.0016383442402781515,0.05495932002694312,0.05332097578666497,-0.006599263700116941,0.00906692616665588,-0.0032047812275383374,0.009616640412741406,0.3397524720030858
4.36855927963982,0.0016414970594318193,0.05495932002694312,0.0533178229675113,-0.006604393428417339,0.009093292174677182,-0.003156093990712773,0.009625429437290502,0.3340705434976063
4.371035517758879,0.0016446361489152184,0.05495932002694312,0.0533146838780279,-0.006609508717235403,0.009119240770525972,-0.0031072711427689126,0.009634089795383244,0.3283998147239087
4.3735117558779395,0.0016477611676368256,0.05495932002694312,0.053311558859306295,-0.0066146089016167805,0.009144772362790557,-0.00305831421977505,0.009642621398465058,0.32273998316664365
4.375987993996999,0.0016508717834392492,0.05495932002694312,0.05330844824350387,-0.006619693324477393,0.00916988737308152,-0.0030092247571871316,0.009651024198201342,0.31709074905163853
4.378464232116058,0.0016539676730526684,0.05495932002694312,0.05330535235389045,-0.0066247613366899275,0.009194586235767058,-0.002960004290032294,0.00965929818589149,0.31145181537159683
4.380940470235117,0.0016570485220460188,0.05495932002694312,0.0533022715048971,-0.006629812297167633,0.009218869397715384,-0.0029106543530958997,0.009667443391886467,0.3058228879109393
4.3834167083541775,0.001660114024775991,0.05495932002694312,0.05329920600216713,-0.00663484557294545,0.00924273731804446,-0.0028611764811116124,0.00967545988501001,0.3002036752698058
4.385892946473237,0.0016631638843337543,0.05495932002694312,0.053296156142609366,-0.006639860539258431,0.009266190467878806,-0.0028115722089543677,0.00968334777198323,0.2945938888872792
4.388369184592296,0.001666197812489549,0.05495932002694312,0.05329312221445357,-0.006644856579617494,0.009289229330113556,-0.0027618430718360397,0.009691107196852724,0.2889932430638752
4.390845422711356,0.0016692155296351568,0.05495932002694312,0.053290104497307964,-0.006649833085882557,0.00931185439918582,-0.0027119906055038303,0.009698738340422291,0.2834014549833615
4.3933216608304155,0.0016722167647242256,0.05495932002694312,0.053287103262218895,-0.006654789458332943,0.00933406618085322,-0.002662016346441022,0.009706241419688006,0.27781824473393846
4.395797898949475,0.0016752012552105969,0.05495932002694312,0.053284118771732523,-0.006659725105735213,0.009355865191979876,-0.0026119218320698238,0.009713616687276867,0.2722433353288073
4.398274137068534,0.0016781687469845721,0.05495932002694312,0.05328115127995855,-0.006664639445408326,0.009377251960329522,-0.002561708600956504,0.009720864430888767,0.2666764527262114
4.400750375187594,0.0016811189943071597,0.05495932002694312,0.05327820103263596,-0.006669531903286185,0.009398227024365985,-0.002511378193018289,0.009727984972741834,0.2611173258489498
4.4032266133066535,0.0016840517597423998,0.05495932002694312,0.05327526826720072,-0.0066744019139775455,0.009418790933060934,-0.00246093214973203,0.009734978669021087,0.2555656866034197
4.405702851425713,0.0016869668140877814,0.05495932002694312,0.05327235321285534,-0.00667924892082338,0.009438944245709003,-0.0024103720143443634,0.009741845909330409,0.2500212698982105
4.408179089544773,0.0016898639363027088,0.05495932002694312,0.05326945609064041,-0.006684072375951555,0.009458687531750032,-0.002359699332083243,0.00974858711614753,0.24448381366229413
4.410655327663832,0.0016927429134351649,0.05495932002694312,0.053266577113507955,-0.00668887174032899,0.009478021370598642,-0.0023089156503708287,0.009755202744282248,0.23895305886285362
4.413131565782892,0.001695603540546535,0.05495932002694312,0.053263716486396585,-0.006693646483811219,0.009496946351481083,-0.002258022519037122,0.009761693280337618,0.23342874952273748
4.415607803901951,0.0016984456206346338,0.05495932002694312,0.05326087440630849,-0.006698396085189352,0.009515463073279211,-0.0022070214905346632,0.009768059242174061,0.2279106327376194
4.418084042021011,0.001701268964555011,0.05495932002694312,0.05325805106238811,-0.006703120032234515,0.009533572144381615,-0.0021559141201537985,0.009774301178376263,0.22239845869285682
4.42056028014007,0.0017040733909404818,0.05495932002694312,0.05325524663600264,-0.006707817821739718,0.009551274182541937,-0.0021047019662385398,0.009780419667722879,0.21689198068009136
4.42303651825913,0.0017068587261190038,0.05495932002694312,0.05325246130082412,-0.006712488959559164,0.009568569814744224,-0.0020533865904025497,0.009786415318658785,0.21139095511358746
4.42551275637819,0.0017096248040299328,0.05495932002694312,0.05324969522291319,-0.006717132960645066,0.0095854596770754,-0.002001969557745471,0.009792288768769947,0.20589514154636696
4.427988994497249,0.0017123714661385833,0.05495932002694312,0.05324694856080454,-0.006721749349081876,0.009601944414604576,-0.0019504524370691806,0.009798040684260559,0.20040430268614007
4.430465232616308,0.00171509856134925,0.05495932002694312,0.05324422146559387,-0.006726337658118051,0.009618024681269419,-0.0018988368010936939,0.009803671759432557,0.1949182044110353
4.432941470735368,0.001717805945916688,0.05495932002694312,0.05324151408102643,-0.006730897430195274,0.009633701139769378,-0.0018471242266728661,0.009809182716167318,0.18943661578517973
4.435417708854428,0.0017204934833559976,0.05495932002694312,0.05323882654358712,-0.006735428216975183,0.009648974461465594,-0.001795316295009429,0.009814574303409275,0.18395930907411853
4.437893946973487,0.0017231610443511416,0.05495932002694312,0.05323615898259198,-0.0067399295793636035,0.009663845326287737,-0.0017434145918693998,0.009819847296651639,0.17848605976010207
4.440370185092546,0.0017258085066618745,0.05495932002694312,0.053233511520281246,-0.006744401087532299,0.009678314422647258,-0.001691420707795459,0.009825002497423662,0.1730166465572382
4.442846423211606,0.0017284357550293311,0.05495932002694312,0.05323088427191379,-0.00674884232093823,0.009692382447357475,-0.0016393362383193145,0.009830040732779809,0.16755085142653028
4.445322661330666,0.001731042681080222,0.05495932002694312,0.0532282773458629,-0.006753252868340368,0.009706050105559997,-0.0015871627841728588,0.00983496285479028,0.1620884595908159
4.447798899449725,0.0017336291832296263,0.05495932002694312,0.053225690843713494,-0.006757632327814003,0.009719318110657545,-0.001534901951497885,0.009839769740032932,0.15662925954960435
4.450275137568784,0.0017361951665824937,0.05495932002694312,0.05322312486036063,-0.00676198030676264,0.009732187184253229,-0.0014825553520541575,0.009844462289086552,0.15117304309381482
4.4527513756878445,0.0017387405428338498,0.05495932002694312,0.05322057948410927,-0.006766296421927425,0.009744658056095926,-0.001430124603425785,0.009849041426025124,0.1457196053204355
4.455227613806904,0.0017412652301677309,0.05495932002694312,0.05321805479677539,-0.0067705802993941215,0.009756731464031854,-0.0013776113292257395,0.009853508097913162,0.14026874464710606
4.457703851925963,0.0017437691531548838,0.05495932002694312,0.05321555087378824,-0.006774831574597674,0.009768408153962129,-0.0013250171592980972,0.0098578632743018,0.134820262826602
4.460180090045022,0.0017462522426493071,0.05495932002694312,0.05321306778429381,-0.00677904989232434,0.009779688879806295,-0.001272343729918216,0.009862107946725644,0.12937396496125889
4.4626563281640825,0.0017487144356835987,0.05495932002694312,0.05321060559125952,-0.006783234906711393,0.009790574403471674,-0.0012195926839903642,0.009866243128200194,0.12392965951730518
4.465132566283142,0.0017511556753631308,0.05495932002694312,0.05320816435157999,-0.006787386281244411,0.009801065494828268,-0.0011667656712429147,0.00987026985271954,0.11848715833913208
4.467608804402201,0.0017535759107592669,0.05495932002694312,0.05320574411618385,-0.006791503688752197,0.009811162931689552,-0.0011138643484205986,0.009874189174754633,0.11304627666345805
4.470085042521261,0.0017559750968013307,0.05495932002694312,0.05320334493014179,-0.006795586811399257,0.009820867499798403,-0.001060890379474018,0.009878002168751385,0.10760683313342846
4.4725612806403205,0.001758353194167686,0.05495932002694312,0.053200966832775434,-0.006799635340675909,0.009830179992818593,-0.0010078454357460923,0.009881709928629011,0.10216864981262193
4.47503751875938,0.0017607101691757415,0.05495932002694312,0.05319860985776738,-0.0068036489773860235,0.009839101212331457,-0.0009547311961551977,0.009885313567278193,0.09673155219895284
4.477513756878439,0.001763045993671039,0.05495932002694312,0.05319627403327208,-0.006807627431632367,0.009847631967837604,-0.0009015493473749696,0.009888814216058939,0.09129536923847519
4.479989994997499,0.001765360644915337,0.05495932002694312,0.05319395938202778,-0.006811570422799598,0.009855773076763625,-0.0008483015840106879,0.009892213024298142,0.08585993333908651
4.482466233116559,0.0017676541054738731,0.05495932002694312,0.05319166592146925,-0.006815477679534875,0.00986352536447368,-0.000794989608771904,0.009895511158786643,0.08042508038410344
4.484942471235618,0.0017699263631017134,0.05495932002694312,0.05318939366384141,-0.006819348939726168,0.009870889664285678,-0.0007416151326412318,0.00989870980327559,0.07499064974570761
4.487418709354677,0.0017721774106292526,0.05495932002694312,0.05318714261631387,-0.006823183950478156,0.009877866817492127,-0.0006881798750391785,0.009901810157972176,0.06955648429825094
4.489894947473737,0.0017744072458469873,0.05495932002694312,0.05318491278109613,-0.0068269824680858735,0.009884457673385309,-0.00063468556398499,0.00990481343903441,0.06412243043142209
4.492371185592797,0.0017766158713894212,0.05495932002694312,0.0531827041555537,-0.00683074425800593,0.009890663089286772,-0.0005811339362531787,0.009907720878064987,0.0586883380632409
4.494847423711856,0.0017788032946183113,0.05495932002694312,0.05318051673232481,-0.006834469094825511,0.009896483930580935,-0.0005275267375255056,0.009910533721604046,0.05325406065285826
4.497323661830916,0.0017809695275051857,0.05495932002694312,0.053178350499437935,-0.006838156762229014,0.009901921070752677,-0.0004738657225387532,0.009913253230620764,0.04781945521319427
4.499799899949975,0.0017831145865132153,0.05495932002694312,0.053176205440429905,-0.006841807052962381,0.00990697539142878,-0.00042015265522763644,0.00991588068000368,0.042384382323346556
4.502276138069035,0.0017852384924784068,0.05495932002694312,0.053174081534464714,-0.0068454197687951735,0.009911647782422948,-0.00036638930886293203,0.00991841735804956,0.03694870614077424
4.504752376188094,0.00178734127049026,0.05495932002694312,0.05317197875645286,-0.006848994720480343,0.009915939141784496,-0.00031257746618479685,0.00992086456595091,0.03151229441324887
4.507228614307154,0.0017894229497718225,0.05495932002694312,0.0531698970771713,-0.006852531727711737,0.009919850375850324,-0.0002587189195309698,0.00992322361728189,0.026075018490537283
4.509704852426213,0.0017914835635592305,0.05495932002694312,0.05316783646338389,-0.006856030619079336,0.00992338239930003,-0.00020481547095990905,0.009925495837482486,0.020636753335814655
4.512181090545273,0.0017935231489807496,0.05495932002694312,0.05316579687796237,-0.006859491232022255,0.009926536135214253,-0.0001508689323685156,0.00992768256334117,0.0151973775367643
4.514657328664333,0.0017955417469353654,0.05495932002694312,0.053163778280007755,-0.006862913412779507,0.009929312515135734,-9.688112560459264e-05,0.009929785142475618,0.009756773316371632
4.517133566783392,0.0017975394019709573,0.05495932002694312,0.05316178062497216,-0.0068662970163384865,0.00993171247913319,-4.285388257375242e-05,0.009931804932811638,0.004314826543372832
4.519609804902451,0.0017995161621620556,0.05495932002694312,0.053159803864781065,-0.006869641906381335,0.00993373697586776,1.121095465930233e-05,0.009933743302060243,-0.0011285732576595286
4.522086043021511,0.001801472078987322,0.05495932002694312,0.0531578479479558,-0.0068729479552290095,0.009935386962661844,6.531153377520829e-05,0.00993560162719274,-0.0065735328966141275
4.524562281140571,0.001803407207206599,0.05495932002694312,0.05315591281973652,-0.006876215043783207,0.009936663405570076,0.00011944599211015772,0.009937381293913737,-0.01202015550854209
4.52703851925963,0.0018053216047378001,0.05495932002694312,0.05315399842220532,-0.006879443061466092,0.00993756727945259,0.00017361245657198732,0.009939083696132342,-0.017468540544783757
4.529514757378689,0.0018072153325334739,0.05495932002694312,0.053152104694409646,-0.006882631906157882,0.009938099568049986,0.00022780904356248791,0.009940710235431076,-0.022918783764570568
4.5319909954977495,0.0018090884544572153,0.05495932002694312,0.053150231572485905,-0.00688578148413225,0.009938261264060078,0.0002820338589055798,0.009942262320532797,-0.02837097722708162
4.534467233616809,0.0018109410371598966,0.05495932002694312,0.053148378989783224,-0.006888891709989616,0.009938053369216344,0.0003362849977817493,0.0099437413667656,-0.03382520928401036
4.536943471735868,0.001812773149955739,0.05495932002694312,0.05314654687698738,-0.00689196250658832,0.009937476894367579,0.00039056054466881637,0.00994514879552546,-0.03928156457266606
4.539419709854927,0.001814584864698314,0.05495932002694312,0.053144735162244806,-0.006894993804973658,0.009936532859558927,0.0004448585732890653,0.009946486033736894,-0.04474012400963028
4.5418959479739875,0.001816376255656546,0.05495932002694312,0.053142943771286574,-0.006897985544304885,0.009935222294113937,0.0004991771465626824,0.009947754513311487,-0.05020096478498129
4.544372186093047,0.0018181473993905545,0.05495932002694312,0.053141172627552566,-0.006900937671780084,0.00993354623671749,0.0005535143165677344,0.00994895567060431,-0.055664160357129386
4.546848424212106,0.0018198983746276903,0.05495932002694312,0.05313942165231543,-0.006903850142559041,0.009931505735499474,0.0006078681245068547,0.009950090945868306,-0.061129780448299316
4.549324662331165,0.0018216292621384966,0.05495932002694312,0.053137690764804624,-0.00690672291968405,0.009929101848119038,0.0006622366006803731,0.00995116178270666,-0.06659789104065376
4.551800900450226,0.0018233401446128353,0.05495932002694312,0.053135979882330285,-0.006909555973998709,0.009926335641849202,0.0007166177644662348,0.009952169627523155,-0.07206855437311398
4.554277138569285,0.0018250311065361596,0.05495932002694312,0.05313428892040696,-0.006912349284064737,0.009923208193661753,0.0007710096243065766,0.009953115928970642,-0.07754182893888534
4.556753376688344,0.0018267022340658912,0.05495932002694312,0.05313261779287723,-0.006915102836076797,0.0099197205903121,0.0008254101777012468,0.009954002137397533,-0.0830177694837399
4.559229614807404,0.0018283536149081223,0.05495932002694312,0.053130966412035,-0.006917816623775395,0.009915873928424145,0.0008798174112080114,0.009954829704292609,-0.08849642700505113
4.561705852926464,0.0018299853381944509,0.05495932002694312,0.05312933468874867,-0.006920490648357804,0.009911669314574753,0.0009342293004496495,0.009955600081727942,-0.09397784875162644
4.564182091045523,0.0018315974943592384,0.05495932002694312,0.05312772253258388,-0.006923124918387131,0.009907107865377917,0.000988643810128123,0.009956314721800313,-0.0994620782243772
4.566658329164582,0.0018331901750170826,0.05495932002694312,0.05312612985192604,-0.006925719449699483,0.009902190707568209,0.001043058894045458,0.00995697507607092,-0.10494915517781636
4.569134567283642,0.0018347634728407697,0.05495932002694312,0.05312455655410235,-0.00692827426530925,0.009896918978083539,0.0010974724951318298,0.00995758259500372,-0.11043911562245524
4.571610805402702,0.001836317481439552,0.05495932002694312,0.05312300254550357,-0.006930789395312605,0.009891293824146977,0.0011518825454803828,0.00995813872740235,-0.11593199182807833
4.574087043521761,0.00183785229523796,0.05495932002694312,0.05312146773170516,-0.006933264876789165,0.009885316403347489,0.0012062869663893676,0.009958644919845862,-0.12142781232797874
4.576563281640821,0.0018393680093550593,0.05495932002694312,0.05311995201758806,-0.006935700753701873,0.009878987883719433,0.0012606836684110742,0.00995910261612329,-0.12692660192412739
4.57903951975988,0.0018408647194842614,0.05495932002694312,0.05311845530745886,-0.00693809707679515,0.009872309443820663,0.0013150705514078387,0.009959513256667253,-0.13242838169332904
4.58151575787894,0.0018423425217737183,0.05495932002694312,0.0531169775051694,-0.006940453903491322,0.009865282272809094,0.0013694455046151918,0.009959878277986741,-0.13793316899439692
4.583991995997999,0.0018438015127073201,0.05495932002694312,0.0531155185142358,-0.006942771297785342,0.009857907570517566,0.0014238064067119433,0.009960199112099192,-0.14344097747635098
4.586468234117059,0.0018452417889863668,0.05495932002694312,0.053114078237956754,-0.0069450493301378745,0.009850186547526823,0.001478151125897307,0.009960477185962019,-0.14895181708767652
4.588944472236118,0.001846663447411953,0.05495932002694312,0.05311265657953117,-0.006947288077366732,0.009842120425236604,0.0015324775199750456,0.009960713920903884,-0.15446569408666386
4.591420710355178,0.0018480665847680489,0.05495932002694312,0.05311125344217507,-0.006949487622536739,0.009833710435934413,0.00158678343644471,0.009960910732055612,-0.15998261105286649
4.593896948474238,0.0018494512977054109,0.05495932002694312,0.05310986872923771,-0.006951648054848018,0.009824957822862196,0.0016410667125997596,0.009961069027781306,-0.165502566899676
4.596373186593297,0.0018508176826263212,0.05495932002694312,0.0531085023443168,-0.006953769469522762,0.009815863840280468,0.001695325175632508,0.009961190209109502,-0.171025556888038
4.598849424712356,0.001852165835570102,0.05495932002694312,0.05310715419137302,-0.006955851967690509,0.00980642975352988,0.0017495566427463802,0.009961275669164773,-0.17655157264138052
4.601325662831416,0.0018534958520997,0.05495932002694312,0.05310582417484342,-0.006957895656271979,0.009796656839090225,0.0018037589212746613,0.00996132679260003,-0.1820806021616951
4.603801900950476,0.0018548078271890325,0.05495932002694312,0.05310451219975409,-0.006959900647861469,0.009786546384636398,0.0018579298088063222,0.009961344955029459,-0.18761262984685986
4.606278139069535,0.0018561018551114666,0.05495932002694312,0.053103218171831654,-0.006961867060607898,0.009776099689091588,0.001912067093318456,0.009961331522462645,-0.1931476365091741
4.608754377188594,0.001857378029329275,0.05495932002694312,0.053101941997613845,-0.006963795018094507,0.009765318062677318,0.0019661685533157395,0.009961287850739964,-0.19868559939517408
4.611230615307654,0.0018586364423841192,0.05495932002694312,0.053100683584559,-0.006965684649217253,0.009754202826960202,0.0020202319579763336,0.009961215284969363,-0.20422649220669514
4.613706853426714,0.0018598771857887275,0.05495932002694312,0.05309944284115439,-0.006967536088061953,0.009742755314895529,0.002074255067304541,0.009961115158965066,-0.20977028512322926
4.616183091545773,0.0018611003499196532,0.05495932002694312,0.05309821967702347,-0.0069693494737802335,0.009730976870867313,0.002128235632289962,0.009960988794688168,-0.21531694482557945
4.618659329664832,0.001862306023911263,0.05495932002694312,0.05309701400303186,-0.006971124950464274,0.00971886885072477,0.002182171395073263,0.009960837501689515,-0.2208664345208418
4.621135567783893,0.0018634942955509382,0.05495932002694312,0.05309582573139218,-0.006972862667020449,0.009706432621815178,0.0022360600891182638,0.009960662576555108,-0.226418713968706
4.623611805902952,0.001864665251175568,0.05495932002694312,0.05309465477576755,-0.006974562777041907,0.009693669563013015,0.002289899439390366,0.009960465302354365,-0.2319737395090954
4.626088044022011,0.001865818975569318,0.05495932002694312,0.0530935010513738,-0.006976225438680069,0.009680581064745114,0.0023436871625413503,0.009960246948091335,-0.23753146409117268
4.62856428214107,0.001866955551862802,0.05495932002694312,0.05309236447508032,-0.006977850814515175,0.009667168529011934,0.0023974209671002106,0.009960008768159317,-0.24309183730369213
4.631040520260131,0.0018680750614335842,0.05495932002694312,0.053091244965509536,-0.006979439071425883,0.009653433369404774,0.002451098553670219,0.009959752001799133,-0.24865480540673682
4.63351675837919,0.0018691775838081473,0.05495932002694312,0.05309014244313497,-0.006980990380457976,0.009639377011118857,0.0025047176151317256,0.009959477872561285,-0.2542203113648079
4.635992996498249,0.0018702631965653166,0.05495932002694312,0.053089056830377804,-0.006982504916692216,0.009625000890962047,0.002558275836851176,0.009959187587772247,-0.2597882948813331
4.638469234617309,0.0018713319752411903,0.05495932002694312,0.05308798805170193,-0.0069839828591114275,0.00961030645735947,0.002611770896895617,0.009958882338005409,-0.2653586924345281
4.640945472736369,0.0018723839932356101,0.05495932002694312,0.05308693603370751,-0.0069854243904668226,0.009595295170353589,0.0026652004662529563,0.009958563296556682,-0.27093143731466085
4.643421710855428,0.0018734193217202141,0.05495932002694312,0.053085900705222906,-0.006986829697143649,0.009579968501599857,0.002718562209057844,0.009958231618925263,-0.27650645966271215
4.645897948974487,0.0018744380295480922,0.05495932002694312,0.05308488199739503,-0.006988198969026196,0.009564327934357866,0.0027718537828228355,0.009957888442299776,-0.2820836865104118
4.648374187093547,0.001875440183165114,0.05495932002694312,0.053083879843778006,-0.006989532399362222,0.009548374963477935,0.0028250728386750613,0.009957534885050206,-0.2876630418216821
4.650850425212607,0.0018764258465229292,0.05495932002694312,0.05308289418042019,-0.006990830184626839,0.009532111095382958,0.0028782170215977754,0.009957172046225678,-0.29324444653544
4.653326663331666,0.001877395080993688,0.05495932002694312,0.05308192494594943,-0.006992092524385948,0.009515537848045588,0.002931283970677291,0.009956801005058687,-0.2988278186098116
4.655802901450725,0.0018783479452865598,0.05495932002694312,0.05308097208165656,-0.006993319621159241,0.009498656750960772,0.002984271319354602,0.009956422820475992,-0.3044130730676954
4.658279139569785,0.0018792844953659515,0.05495932002694312,0.05308003553157717,-0.006994511680282823,0.009481469345113278,0.003037176695681809,0.009956038530616254,-0.3100001220437007
4.660755377688845,0.0018802047843716613,0.05495932002694312,0.05307911524257146,-0.006995668909771577,0.00946397718294064,0.003089997722583226,0.009955649152355188,-0.31558887483243936
4.663231615807904,0.0018811088625408229,0.05495932002694312,0.0530782111644023,-0.006996791520181227,0.009446181828291045,0.0031427320181209735,0.009955255680838071,-0.3211792379381679
4.665707853926964,0.001881996777131724,0.05495932002694312,0.053077323249811396,-0.006997879724470229,0.009428084856376334,0.0031953771957649343,0.009954859089020163,-0.32677111512576335
4.668184092046023,0.0018828685723496358,0.05495932002694312,0.053076451454593485,-0.006998933737861555,0.009409687853720245,0.003247930864666676,0.009954460327215371,-0.3323644074729906
4.670660330165083,0.0018837242892744618,0.05495932002694312,0.05307559573766866,-0.006999953777704357,0.009390992418101476,0.0033003906299378318,0.009954060322653306,-0.3379590134241188
4.673136568284142,0.0018845639657905089,0.05495932002694312,0.05307475606115261,-0.007000940063335646,0.009372000158491975,0.0033527540929319173,0.009953659979045163,-0.3435548288447732
4.675612806403202,0.0018853876365181321,0.05495932002694312,0.05307393239042499,-0.00700189281594201,0.00935271269499013,0.00340501885153014,0.009953260176158623,-0.34915174707808205
4.678089044522261,0.001886195332747559,0.05495932002694312,0.05307312469419556,-0.0070028122584214385,0.009333131658749131,0.003457182500430593,0.009952861769402247,-0.35474965900204575
4.680565282641321,0.0018869870823746346,0.05495932002694312,0.053072332944568486,-0.0070036986152452844,0.009313258691900169,0.003509242631441,0.009952465589419387,-0.360348453088147
4.683041520760381,0.0018877629098387888,0.05495932002694312,0.05307155711710433,-0.007004552112320504,0.009293095447470798,0.003561196833774564,0.009952072441692154,-0.3659480154611429
4.68551775887944,0.001888522836063014,0.05495932002694312,0.053070797190880106,-0.007005372976852127,0.009272643589298303,0.003613042694348788,0.009951683106155565,-0.3715482299600198
4.687993996998499,0.0018892668783961064,0.05495932002694312,0.053070053148547014,-0.007006161437206116,0.009251904791938102,0.0036647777980874357,0.009951298336822276,-0.37714897820011695
4.690470235117559,0.0018899950505569252,0.05495932002694312,0.053069324976386195,-0.007006917722772597,0.009230880740567186,0.0037163997282249157,0.009950918861417996,-0.38275013963633797
4.692946473236619,0.0018907073625809845,0.05495932002694312,0.053068612664362136,-0.007007642063829598,0.009209573130882755,0.0037679060666133244,0.009950545381028072,-0.3883515916274546
4.695422711355678,0.0018914038207691747,0.05495932002694312,0.053067916206173946,-0.007008334691407277,0.009187983668995852,0.003819294394031803,0.00995017856975528,-0.39395320950146245
4.697898949474737,0.0018920844276387253,0.05495932002694312,0.053067235599304395,-0.007008995837152781,0.009166114071320241,0.003870562290498109,0.009949819074389287,-0.3995548666219555
4.700375187593798,0.0018927491818764575,0.05495932002694312,0.05306657084506666,-0.0070096257331957405,0.009143966064456435,0.003921707335582161,0.00994946751408787,-0.40515643445548255
4.702851425712857,0.0018933980782942922,0.05495932002694312,0.05306592194864883,-0.007010224612014457,0.009121541385071,0.003972727108721274,0.009949124480070187,-0.41075778263983814
4.705327663831916,0.0018940311077870128,0.05495932002694312,0.05306528891915611,-0.007010792706302919,0.009098841779771067,0.004023619189537213,0.009948790535322351,-0.41635877905328267
4.707803901950975,0.0018946482572923945,0.05495932002694312,0.053064671769650726,-0.007011330248838603,0.009075869004974283,0.004074381158154563,0.009948466214315542,-0.42195928988461573
4.710280140070036,0.0018952495097536229,0.05495932002694312,0.0530640705171895,-0.007011837472351207,0.009052624826774054,0.00412501059552041,0.009948152022736766,-0.42755917970408835
4.712756378189095,0.0018958348440840586,0.05495932002694312,0.05306348518285906,-0.007012314609392324,0.009029111020800335,0.004175505083724966,0.009947848437232601,-0.43315831153508666
4.715232616308154,0.0018964042351343538,0.05495932002694312,0.05306291579180877,-0.007012761892206151,0.009005329372075859,0.004225862206323364,0.00994755590516607,-0.4387565469265896
4.717708854427213,0.0018969576536619417,0.05495932002694312,0.05306236237328118,-0.007013179552601273,0.008981281674868028,0.004276079548657844,0.009947274844386785,-0.44435374602629635
4.720185092546274,0.001897495066302879,0.05495932002694312,0.05306182496064024,-0.007013567821823571,0.008956969732536412,0.004326154698180669,0.00994700564301459,-0.4499497676544316
4.722661330665333,0.0018980164355461085,0.05495932002694312,0.05306130359139701,-0.007013926930430363,0.00893239535737606,0.004376085244777244,0.009946748659236872,-0.45554446937814613
4.725137568784392,0.0018985217197100973,0.05495932002694312,0.05306079830723302,-0.007014257108165767,0.008907560370456499,0.004425868781089554,0.009946504221119612,-0.4611377075865022
4.727613806903452,0.0018990108729218733,0.05495932002694312,0.05306030915402125,-0.00701455858383742,0.008882466601456864,0.004475502902839373,0.009946272626432492,-0.46672933756594776
4.730090045022512,0.0018994838450985194,0.05495932002694312,0.0530598361818446,-0.0070148315851945395,0.008857115888496891,0.0045249852091513365,0.009946054142487988,-0.4723192135762708
4.732566283141571,0.0018999405819309853,0.05495932002694312,0.053059379445012135,-0.007015076338807429,0.008831510077963916,0.0045743133028757505,0.009945849005994625,-0.4779071889269889
4.73504252126063,0.0019003810248704386,0.05495932002694312,0.05305893900207268,-0.007015293069948499,0.008805651024336371,0.004623484790910581,0.009945657422924723,-0.4834931160540704
4.73751875937969,0.0019008051111169613,0.05495932002694312,0.05305851491582616,-0.007015482002474783,0.008779540590003266,0.004672497284522915,0.009945479568396334,-0.4890768465970091
4.73999499749875,0.0019012127736107165,0.05495932002694312,0.053058107253332404,-0.007015643358712115,0.008753180645080318,0.004721348399669222,0.00994531558656978,-0.4946582314761296
4.742471235617809,0.0019016039410255023,0.05495932002694312,0.05305771608591762,-0.007015777359340921,0.008726573067222467,0.004770035757314838,0.009945165590558795,-0.500237120970144
4.744947473736869,0.0019019785377647758,0.05495932002694312,0.053057341489178345,-0.007015884223283739,0.00869971974143299,0.004818556983751947,0.009945029662356143,-0.5058133647938527
4.747423711855928,0.001902336483960057,0.05495932002694312,0.05305698354298306,-0.007015964167594494,0.008672622559869538,0.00486690971091602,0.009944907852774037,-0.5113868121759411
4.749899949974988,0.0019026776954718383,0.05495932002694312,0.05305664233147128,-0.007016017407349625,0.008645283421646879,0.004915091576700903,0.00994480018139925,-0.5169573119368637
4.752376188094047,0.0019030020838927894,0.05495932002694312,0.05305631794305033,-0.007016044155541026,0.008617704232636691,0.004963100225271869,0.009944706636562892,-0.5225247125667125
4.754852426213107,0.0019033095565535105,0.05495932002694312,0.05305601047038961,-0.007016044622970947,0.008589886905264459,0.005010933307376816,0.009944627175324985,-0.5280888623030445
4.757328664332166,0.0019036000165305947,0.05495932002694312,0.053055720010412526,-0.007016019018148856,0.00856183335830365,0.005058588480655229,0.009944561723473737,-0.5336496092085983
4.759804902451226,0.0019038733626571408,0.05495932002694312,0.05305544666428598,-0.0070159675471903075,0.008533545516667195,0.005106063409945034,0.009944510175539581,-0.539206801248876
4.762281140570286,0.0019041294895356456,0.05495932002694312,0.053055190537407475,-0.007015890413717895,0.008505025311196552,0.005153355767586819,0.009944472394823888,-0.5447602863694977
4.764757378689345,0.0019043682875532833,0.05495932002694312,0.05305495173938984,-0.00701578781876429,0.008476274678448362,0.005200463233725483,0.009944448213442281,-0.5503099125733019
4.767233616808404,0.0019045896428995651,0.05495932002694312,0.053054730384043555,-0.007015659960677467,0.008447295560478902,0.00524738349660931,0.009944437432382705,-0.5558555279971484
4.769709854927464,0.0019047934375863232,0.05495932002694312,0.0530545265893568,-0.007015507035028111,0.008418089904626495,0.005294114252885812,0.009944439821577847,-0.5613969809883286
4.772186093046524,0.0019049795494701094,0.05495932002694312,0.05305434047747301,-0.007015329234519273,0.00838865966329189,0.005340653207894823,0.009944455119992129,-0.5669341201805886
4.774662331165583,0.0019051478522768422,0.05495932002694312,0.05305417217466628,-0.007015126748898322,0.008359006793716975,0.0053869980759582055,0.00994448303572307,-0.5724667945696643
4.777138569284642,0.0019052982156288548,0.05495932002694312,0.053054021811314266,-0.007014899764871203,0.008329133257761748,0.005433146580666292,0.009944523246116862,-0.5779948535883084
4.779614807403702,0.0019054305050741627,0.05495932002694312,0.05305388952186896,-0.007014648466019082,0.00829904102167979,0.005479096455160859,0.009944575397898104,-0.5835181471807507
4.782091045522762,0.0019055445821181127,0.05495932002694312,0.05305377544482501,-0.007014373032717394,0.008268732055892482,0.005524845442414496,0.009944639107313656,-0.5890365258765348
4.784567283641821,0.001905640304257189,0.05495932002694312,0.05305367972268593,-0.007014073642057313,0.008238208334761929,0.005570391295506188,0.009944713960290261,-0.5945498408636906
4.78704352176088,0.001905717525015116,0.05495932002694312,0.053053602501928004,-0.007013750467769711,0.008207471836362785,0.005615731777893146,0.009944799512605934,-0.6000579440612027
4.789519759879941,0.0019057760939812304,0.05495932002694312,0.05305354393296189,-0.00701340368015164,0.008176524542253386,0.005660864663678588,0.009944895290075044,-0.605560688190703
4.791995997999,0.0019058158568509495,0.05495932002694312,0.05305350417009217,-0.007013033445995321,0.008145368437245882,0.005705787737875424,0.009945000788746624,-0.6110579268473677
4.794472236118059,0.0019058366554685208,0.05495932002694312,0.0530534833714746,-0.007012639928519745,0.008114005509175964,0.0057504987966658155,0.009945115475116057,-0.6165495145699609
4.7969484742371185,0.0019058383278718685,0.05495932002694312,0.05305348169907125,-0.0070122232873048584,0.008082437748672048,0.005794995647656398,0.009945238786349751,-0.6220353069099851
4.799424712356179,0.0019058207083395562,0.05495932002694312,0.053053499318603564,-0.007011783678228366,0.008050667148924214,0.005839276110129036,0.009945370130522605,-0.6275151604998871
4.801900950475238,0.0019057836274399206,0.05495932002694312,0.0530535363995032,-0.007011321253405221,0.008018695705453029,0.005883338015287125,0.009945508886868158,-0.6329889331202876
4.804377188594297,0.0019057269120822118,0.05495932002694312,0.05305359311486091,-0.007010836161129783,0.007986525415878321,0.00592717920649735,0.00994565440604111,-0.6384564837661997
4.806853426713357,0.0019056503855698348,0.05495932002694312,0.053053669641373286,-0.007010328545820668,0.00795415827968819,0.0059707975395266785,0.00994580601039202,-0.6439176727121785
4.809329664832417,0.0019055538676555558,0.05495932002694312,0.053053766159287565,-0.007009798547968356,0.007921596298008385,0.006014190882774553,0.009945962994253935,-0.6493723615763701
4.811805902951476,0.001905437174598762,0.05495932002694312,0.05305388285234436,-0.0070092463040855165,0.007888841473371997,0.006057357117500394,0.009946124624240677,-0.6548204133834488
4.814282141070535,0.0019053001192246496,0.05495932002694312,0.05305401990771847,-0.007008671946660144,0.007855895809490036,0.006100294138046047,0.00994629013955666,-0.660261692626362
4.816758379189595,0.0019051425109853151,0.05495932002694312,0.053054177515957805,-0.007008075604111409,0.007822761311022514,0.006142999852053289,0.009946458752317701,-0.6656960653268946
4.819234617308655,0.001904964156022787,0.05495932002694312,0.05305435587092033,-0.0070074574007483875,0.0077894399833507814,0.0061854721806762,0.009946629647882895,-0.6711233990949727
4.821710855427714,0.001904764857233926,0.05495932002694312,0.053054555169709194,-0.007006817456731563,0.007755933832350643,0.00622770905878865,0.009946801985197028,-0.676543563186741
4.824187093546773,0.0019045444143370796,0.05495932002694312,0.05305477561260604,-0.007006155888037144,0.007722244864166897,0.006269708435186369,0.009946974897143308,-0.6819564285613166
4.826663331665833,0.0019043026239406319,0.05495932002694312,0.05305501740300249,-0.007005472806424252,0.007688375084989211,0.006311468272783973,0.009947147490906203,-0.6873618679362358
4.829139569784893,0.0019040392796132732,0.05495932002694312,0.05305528074732985,-0.007004768319404949,0.00765432650082961,0.006352986548806591,0.009947318848344008,-0.6927597558415408
4.831615807903952,0.001903754171955943,0.05495932002694312,0.05305556585498718,-0.007004042530217089,0.0076201011173013975,0.006394261254976409,0.009947488026370802,-0.6981499686725255
4.834092046023012,0.0019034470886755417,0.05495932002694312,0.05305587293826758,-0.007003295537800087,0.007585700939400205,0.006435290397693686,0.009947654057347677,-0.7035323847410533
4.836568284142071,0.0019031178146602795,0.05495932002694312,0.05305620221228284,-0.007002527436773496,0.00755112797128683,0.0064760719982125126,0.009947815949482708,-0.7089068843254775
4.839044522261131,0.0019027661320565534,0.05495932002694312,0.05305655389488657,-0.007001738317418495,0.007516384216072163,0.006516604092811183,0.009947972687239456,-0.7142733497191295
4.84152076038019,0.0019023918203475432,0.05495932002694312,0.05305692820659558,-0.007000928265662225,0.00748147167560442,0.006556884732957193,0.009948123231753732,-0.7196316652773498
4.84399699849925,0.0019019946564332244,0.05495932002694312,0.053057325370509896,-0.007000097363065009,0.007446392350258746,0.006596911985466794,0.009948266521258234,-0.7249817174630501
4.846473236618309,0.0019015744147119137,0.05495932002694312,0.05305774561223121,-0.0069992456868104135,0.007411148238729238,0.006636683932659123,0.00994840147151467,-0.7303233948907965
4.848949474737369,0.0019011308671633212,0.05495932002694312,0.0530581891597798,-0.0069983733096982215,0.007375741337823764,0.006676198672504986,0.0099485269762533,-0.7356565883693922
4.851425712856429,0.0019006637834329335,0.05495932002694312,0.05305865624351019,-0.006997480300140214,0.007340173642261331,0.006715454318770177,0.0099486419076192,-0.7409811909429637
4.853901950975488,0.0019001729309178483,0.05495932002694312,0.05305914709602527,-0.006996566722158838,0.00730444714447259,0.006754449001153365,0.009948745116625284,-0.7462970979305125
4.856378189094547,0.0018996580748539063,0.05495932002694312,0.053059661952089214,-0.006995632635388705,0.00726856383440313,0.006793180865418661,0.009948835433611481,-0.7516042069639624
4.858854427213607,0.0018991189784041337,0.05495932002694312,0.05306020104853899,-0.00699467809508094,0.007232525699320046,0.006831648073522751,0.009948911668709901,-0.7569024180246621
4.861330665332667,0.001898555402748421,0.05495932002694312,0.0530607646241947,-0.006993703152110328,0.007196334723621691,0.006869848803736715,0.009948972612315608,-0.7621916334783602
4.863806903451726,0.0018979671071744433,0.05495932002694312,0.05306135291976868,-0.006992707852985307,0.007159992888650896,0.006907781250762418,0.00994901703556267,-0.7674717581086256
4.8662831415707855,0.0018973538491697042,0.05495932002694312,0.053061966177773416,-0.006991692239860718,0.007123502172511415,0.006945443625843786,0.009949043690805107,-0.772742699148759
4.868759379689846,0.0018967153845147328,0.05495932002694312,0.05306260464242839,-0.006990656350553387,0.007086864549888312,0.006982834156872652,0.00994905131210263,-0.7780043663121259
4.871235617808905,0.0018960514673773965,0.05495932002694312,0.053063268559565724,-0.00698960021856042,0.007050081991871721,0.007019951088489435,0.009949038615710462,-0.7832566718209744
4.873711855927964,0.0018953618504081726,0.05495932002694312,0.05306395817653495,-0.006988523873080279,0.007013156465784545,0.007056792682178709,0.009949004300573326,-0.7884995304337133
4.8761880940470235,0.0018946462848364806,0.05495932002694312,0.05306467374210664,-0.006987427339036581,0.006976089935014041,0.007093357216359531,0.009948947048823008,-0.7937328594706474
4.878664332166084,0.0018939045205679655,0.05495932002694312,0.053065415506375155,-0.006986310637104585,0.0069388843588473,0.0071296429864708185,0.009948865526279278,-0.7989565788382008
4.881140570285143,0.0018931363062826417,0.05495932002694312,0.05306618372066048,-0.0069851737837403815,0.006901541692310955,0.0071656483050515545,0.009948758382953853,-0.8041706110515997
4.883616808404202,0.0018923413895339802,0.05495932002694312,0.05306697863740914,-0.006984016791212732,0.006864063886014826,0.007201371501816262,0.00994862425355709,-0.8093748812560737
4.8860930465232615,0.0018915195168487386,0.05495932002694312,0.05306780051009438,-0.006982839667637536,0.006826452885999982,0.007236810923725374,0.009948461758007033,-0.8145693172465295
4.888569284642322,0.0018906704338276098,0.05495932002694312,0.05306864959311551,-0.0069816424170149214,0.006788710633591075,0.007271964935050919,0.00994826950194066,-0.8197538494857454
4.891045522761381,0.0018897938852466267,0.05495932002694312,0.053069526141696494,-0.006980425039268907,0.006750839065253067,0.007306831917437386,0.009948046077226855,-0.8249284111210836
4.89352176088044,0.00188888961515922,0.05495932002694312,0.0530704304117839,-0.006979187530289604,0.006712840112452376,0.007341410269958062,0.009947790062480978,-0.8300929379997506
4.8959979989995,0.0018879573669989339,0.05495932002694312,0.053071362659944187,-0.006977929881977957,0.006674715701522614,0.007375698409166577,0.009947500023580542,-0.83524736868259
4.89847423711856,0.001886996883682747,0.05495932002694312,0.05307232314326037,-0.0069766520822929475,0.006636467753534969,0.007409694769144078,0.009947174514181933,-0.8403916444564458
4.900950475237619,0.0018860079077149816,0.05495932002694312,0.05307331211922814,-0.0069753541153012985,0.0065980981841730945,0.007443397801542096,0.009946812076237793,-0.845525709345128
4.903426713356678,0.0018849901812916722,0.05495932002694312,0.05307432984565145,-0.00697403596122954,0.006559608903612884,0.007476805975620807,0.009946411240514662,-0.850649510118947
4.905902951475738,0.0018839434464054533,0.05495932002694312,0.05307537658053767,-0.006972697596518521,0.006521001816406879,0.007509917778283371,0.00994597052711089,-0.8557629963028969
4.908379189594798,0.001882867444950892,0.05495932002694312,0.05307645258199223,-0.0069713389938802234,0.00648227882137363,0.00754273171410591,0.009945488445974295,-0.860866120183455
4.910855427713857,0.0018817619188301327,0.05495932002694312,0.05307755810811299,-0.006969960122356936,0.006443441811491773,0.007575246305363653,0.009944963497419489,-0.8659588368140637
4.913331665832917,0.001880626610058951,0.05495932002694312,0.05307869341688417,-0.006968560947382655,0.006404492673799076,0.00760746009205296,0.009944394172644429,-0.8710411040192776
4.915807903951976,0.0018794612608731276,0.05495932002694312,0.05307985876606999,-0.0069671414308467745,0.0063654332892965045,0.007639371631909707,0.009943778954246262,-0.8761128823976191
4.918284142071036,0.0018782656138349937,0.05495932002694312,0.05308105441310813,-0.006965701531159937,0.0063262655328570625,0.007670979500423886,0.009943116316735853,-0.8811741353231736
4.920760380190095,0.0018770394119402706,0.05495932002694312,0.05308228061500285,-0.006964241203322037,0.006286991273139782,0.007702282290850553,0.009942404727050987,-0.8862248289459196
4.923236618309155,0.0018757823987250524,0.05495932002694312,0.05308353762821807,-0.0069627603989923835,0.006247612372508699,0.007733278614217415,0.009941642645068078,-0.8912649321908479
4.925712856428214,0.0018744943183729434,0.05495932002694312,0.05308482570857018,-0.006961259066561882,0.006208130686956871,0.0077639670993288916,0.009940828524111916,-0.8962944167558704
4.928189094547274,0.0018731749158222497,0.05495932002694312,0.05308614511112087,-0.0069597371512272735,0.0061685480660353875,0.007794346392767096,0.009939960811463512,-0.9013132571085744
4.930665332666333,0.0018718239368732542,0.05495932002694312,0.053087496090069866,-0.006958194595067359,0.006128866352787501,0.00782441515888957,0.009939037948865657,-0.9063214304818176
4.933141570785393,0.001870441128295472,0.05495932002694312,0.05308887889864765,-0.006956631337121146,0.0060890873836878506,0.007854172079823972,0.009938058373026038,-0.9113189168682033
4.9356178089044525,0.0018690262379349315,0.05495932002694312,0.05309029378900819,-0.006955047313467909,0.006049212988586775,0.007883615855460007,0.009937020516117865,-0.9163056990134684
4.938094047023512,0.0018675790148212773,0.05495932002694312,0.05309174101212184,-0.006953442457309065,0.006009244990659514,0.007912745203438475,0.009935922806277486,-0.9212817624088177
4.940570285142572,0.0018660992092749198,0.05495932002694312,0.0530932208176682,-0.006951816699051912,0.005969185206360796,0.007941558859137778,0.009934763668099322,-0.9262470952822031
4.943046523261631,0.001864586573013853,0.05495932002694312,0.05309473345392927,-0.006950169966395028,0.00592903544538424,0.007970055575657713,0.009933541523127353,-0.931201688588603
4.9455227613806905,0.0018630408592604161,0.05495932002694312,0.053096279167682704,-0.006948502184415452,0.005888797510626861,0.007998234123801178,0.009932254790343566,-0.9361455359993384
4.94799899949975,0.0018614618228477847,0.05495932002694312,0.053097858204095336,-0.0069468132756574956,0.00584847319815873,0.008026093292053352,0.009930901886652833,-0.9410786338904135
4.95047523761881,0.0018598492203261777,0.05495932002694312,0.05309947080661694,-0.0069451031602231214,0.0058080642971974055,0.00805363188655887,0.009929481227364145,-0.9460009813299635
4.952951475737869,0.0018582028100687722,0.05495932002694312,0.05310111721687435,-0.006943371755863944,0.005767572590087683,0.008080848731096955,0.009927991226668265,-0.9509125800647826
4.9554277138569285,0.0018565223523772795,0.05495932002694312,0.05310279767456584,-0.0069416189780746795,0.005726999852286011,0.008107742667054697,0.00992643029811136,-0.9558134345060173
4.957903951975989,0.0018548076095871446,0.05495932002694312,0.053104512417355976,-0.006939844740188064,0.005686347852349898,0.008134312553398611,0.009924796855064718,-0.9607035517140221
4.960380190095048,0.0018530583461723038,0.05495932002694312,0.05310626168077082,-0.006938048953471197,0.005645618351932464,0.008160557266644464,0.009923089311190361,-0.9655829413823888
4.962856428214107,0.0018512743288495379,0.05495932002694312,0.05310804569809358,-0.006936231527223193,0.005604813105781444,0.008186475700825854,0.009921306080902434,-0.9704516158212477
4.9653326663331665,0.0018494553266822644,0.05495932002694312,0.053109864700260856,-0.00693439236887416,0.005563933861743303,0.00821206676746113,0.009919445579824169,-0.975309589939787
4.967808904452227,0.0018476011111838789,0.05495932002694312,0.05311171891575924,-0.0069325313840854115,0.005522982360772025,0.008237329395519357,0.009917506225240609,-0.980156881228079
4.970285142571286,0.0018457114564204985,0.05495932002694312,0.05311360857052262,-0.006930648476850887,0.005481960336942665,0.008262262531385067,0.009915486436546727,-0.9849935097382154
4.972761380690345,0.00184378613911311,0.05495932002694312,0.05311553388783001,-0.00692874354959966,0.005440869517469367,0.008286865138822007,0.00991338463569082,-0.9898194980648003
4.975237618809405,0.0018418249387390853,0.05495932002694312,0.053117495088204035,-0.006926816503299606,0.0053997116227283435,0.00831113619893616,0.009911199247613507,-0.9946348713247974
4.977713856928465,0.0018398276376331082,0.05495932002694312,0.05311949238931001,-0.006924867237562038,0.0053584883662851045,0.00833507471013801,0.009908928700681777,-0.9994396571368024
4.980190095047524,0.0018377940210872537,0.05495932002694312,0.05312152600585587,-0.006922895650747341,0.005317201454926215,0.008358679688104173,0.009906571427118201,-1.0042338855997424
4.982666333166583,0.0018357238774505125,0.05495932002694312,0.05312359614949261,-0.006920901640071546,0.005275852588695689,0.008381950165738688,0.009904125863425496,-1.0090175892710267
4.985142571285643,0.0018336169982274345,0.05495932002694312,0.053125703028715686,-0.0069188851017137525,0.005234443460935468,0.008404885193133843,0.009901590450805901,-1.0137908031442011
4.987618809404703,0.0018314731781760366,0.05495932002694312,0.053127846848767084,-0.006916845930924346,0.005192975758330323,0.00842748383753092,0.00989896363557576,-1.0185535646261177
4.990095047523762,0.0018292922154048707,0.05495932002694312,0.05313002781153825,-0.006914784022134037,0.005151451160956976,0.008449745183280802,0.009896243869575065,-1.023305913513644
4.992571285642821,0.0018270739114692389,0.05495932002694312,0.05313224611547388,-0.006912699269063528,0.005109871342337215,0.008471668331804582,0.009893429610571845,-1.0280478919699594
4.995047523761881,0.00182481807146654,0.05495932002694312,0.05313450195547658,-0.006910591564833896,0.005068237969495249,0.008493252401554402,0.009890519322661624,-1.0327795445004364
4.997523761880941,0.0018225245041306806,0.05495932002694312,0.05313679552281244,-0.006908460802077524,0.005026552703018916,0.008514496527974513,0.009887511476661698,-1.0375009179281585
5.0,0.0018201930219255494,0.05495932002694312,0.05313912700501757,-0.006906306873049599,0.004984817197124734,0.00853539986346271,0.009884404550500235,-1.042212061369095
