null_delta_chi2,null_best_k
0.008559141430626478,3.6133066533266636
0.010099454727639769,0.05
0.0014173636905345371,2.5708104052026015
0.0025510789508283588,2.117658829414707
0.0018872946839911253,0.05
0.0025744833232104816,3.509304652326163
0.0016822746809283667,3.2963481740870435
0.0018105239478890048,1.5753626813406705
0.004513958624349765,0.05
0.0037237277844685904,0.5452476238119061
0.00994312677715635,2.0904202101050524
0.002287780044074532,4.834092046023012
0.0037723224889381138,3.061105552776388
0.011007862311639,0.3223861930965483
0.014495559112264245,1.0058279139569786
0.0027600635849208827,4.400750375187594
0.0074710261011784115,2.1548024012006004
0.007479355072953241,3.6182591295647826
0.00530041905308478,3.742071035517759
0.009023406508438525,2.006228114057029
0.006411065562778442,4.163031515757879
0.004014783833135936,4.415607803901951
0.0037336335569428253,1.4490745372686344
0.00545652982685018,2.9249124562281144
0.0068285062213343725,3.690070035017509
0.0030392204714751667,0.05
0.0012590532445874922,5.0
0.006893085592693957,3.5192096048024015
0.00400576568183595,0.05
0.009474992148590891,3.6182591295647826
0.005486226235217523,5.0
0.002399707073209828,3.415207603801901
0.0016805947918011183,5.0
0.00984799418857387,0.05
0.005637129257630262,0.05
0.002394617012280338,1.203926963481741
0.008629835121971019,0.05
0.007984740773297139,0.3322911455727864
0.007604214933991681,1.3227863931965984
0.0024954879577415157,5.0
0.012478536987589404,2.494047023511756
0.004943452583381955,3.326063031515758
0.004456168289176388,1.3128814407203604
0.00220489141746482,2.3801400700350177
0.007564017731882748,4.437893946973487
0.008876300880580175,0.05
0.007076078287361821,2.8580540270135066
0.0033397383278655005,0.05
0.004985169068880753,1.9492746373186596
0.007255917326122546,0.05
0.008942829201060182,2.900150075037519
0.008015418051865945,4.73751875937969
0.019469093737587782,2.36775887943972
0.0013645457098769506,1.6843171585792898
0.0022948814589439023,4.118459229614808
0.009834800240991703,2.26128064032016
0.018020356394381196,4.73751875937969
0.008448136976967557,1.6001250625312657
0.005496383266698504,4.687993996998499
0.005912775917247634,3.236918459229615
0.0023731969092395666,0.05
0.006969178161518992,4.326463231615808
0.008044836253550666,3.4721610805402703
0.009673757640169423,0.05
0.01210324963240117,2.350425212606303
0.0024236651313326307,4.445322661330666
0.005843062264318785,4.509704852426213
0.003941789063343963,5.0
0.008252334441900891,2.625287643821911
0.00670207756474709,1.8848924462231118
0.008664613448648412,3.1799649824912457
0.0012908351210050226,4.0516008004002
0.003525747219165279,3.288919459729865
0.0040560286418304045,3.120535267633817
0.00888010078981874,3.246823411705853
0.004793645436737604,5.0
0.0052761313518184805,1.6917458729364685
0.003524480880358956,5.0
0.00472874162858522,2.3974737368684345
0.005795493087311664,4.791995997999
0.003964558847897044,4.341320660330165
0.004639572933229252,1.0380190095047526
0.001899472039187021,1.05040020010005
0.004434627803520198,3.9451225612806406
0.004383988146135553,4.016933466733367
0.005492152719063927,3.8757878939469737
0.004240612452999434,0.9364932466233118
0.00576588759657258,4.2447473736868435
0.009662135371591024,2.6921460730365183
0.005681466534653408,1.8601300650325165
0.0058420475526458834,4.58151575787894
0.005296585040989718,0.05
0.007135210425407983,5.0
0.001795685238892862,2.100325162581291
0.0022239422463350214,4.2249374687343675
0.005567010418282475,4.207603801900951
0.0024350192960822248,1.3227863931965984
0.006534507838563242,4.690470235117559
0.006493143819020268,4.928189094547274
0.0054426499836710066,4.380940470235117
0.0039292235919778234,0.5402951475737869
0.0120921417773006,1.4862181090545274
0.0029680984859302983,5.0
0.005608516430478716,1.5753626813406705
0.00805755890915829,0.05
0.008923832405456252,2.2340420210105054
0.004831576872422701,2.3281390695347675
0.012711218305176117,0.9785892946473238
0.0034845565811441534,4.992571285642821
0.0027086218285618732,2.5584292146073038
0.01304805095650971,4.697898949474737
0.003022352128917577,3.1948224112056027
0.010513146855074665,2.751575787893947
0.0026360440576648284,5.0
0.0023819957990293614,0.05
0.005205304425881949,1.6496498249124565
0.007858576141474637,3.1180590295147574
0.0038869172437440563,1.5431715857928967
0.0037223315837749335,4.336368184092046
0.004120330188868107,3.7990245122561284
0.0035757817877452303,0.6789644822411207
0.003295584780773457,1.815557778889445
0.003654836328976882,2.340520260130065
0.004655040282040064,2.751575787893947
0.004273274280208732,1.8873686843421713
0.010299065777915534,0.05
0.0077026746760773535,2.9422461230615307
0.002608593515533518,4.863806903451726
0.0038884831068762143,4.1853176588294145
0.004769209724423518,3.1923461730865434
0.002744262175253094,5.0
0.006449849991739018,1.0231615807903953
0.00036243426431922104,3.2913956978489245
0.008154049640926392,5.0
0.008257357339364599,0.05
0.003306672906067641,2.919959979989995
0.003254302521126587,1.5456478239119562
0.0023137943573871,4.873711855927964
0.012592649491371552,4.673136568284142
0.0014957191543428505,0.5526763381690847
0.0026710018866931834,5.0
0.002536194422906278,1.8601300650325165
0.0013092730025324323,4.707803901950975
0.0036997403867303214,5.0
0.002589094615869189,4.477513756878439
0.013741015003571,0.05
0.004129164843157486,0.9290645322661332
0.0016109907670856308,3.7940720360180094
0.007951900939813308,3.288919459729865
0.0046786797259922505,0.05
0.0012791627409040468,5.0
0.005845145677289228,2.635192596298149
0.001244412112277847,2.2538519259629815
0.0020596405239061352,2.167183591795898
0.004297103281223916,0.05
0.004620505770679718,3.8881690845422714
0.004148476485334,2.0904202101050524
0.008186330798383053,1.0058279139569786
0.006484209237374618,2.3429964982491245
0.008280722981436318,1.1222111055527766
0.008638638694297304,0.8250625312656329
0.0022669034174989736,2.1696598299149574
0.00687527508585542,5.0
0.004220470444158818,4.593896948474238
0.0038941367238090815,1.283166583291646
0.005613839955031494,2.2266133066533267
0.008245655017825149,3.7915957978989496
0.002392086096415856,0.05
0.007746293876461592,4.8959979989995
0.006253324255408192,3.1329164582291145
0.006299798679527277,1.5109804902451227
0.0019480308690318915,5.0
0.003325005785004616,2.2365182591295647
0.005250745350773051,1.619934967483742
0.003950681239784544,2.5906203101550775
0.0032509677301249054,4.120935467733867
0.00892059988215061,1.2732616308154079
0.010139620627479515,2.0730865432716357
0.0034073141611215343,3.766833416708354
0.014586989339952429,1.087543771885943
0.006919523505289862,4.336368184092046
0.006889847340631139,0.05
0.009649613389695319,3.8832166083041524
0.0045810659012717955,2.8332916458229116
0.0038948163445833572,4.940570285142572
0.00637641814891346,1.9368934467233618
0.00896817559872417,2.8332916458229116
0.007609266839883576,1.1816408204102054
0.020440590453854462,3.586068034017009
0.007160644227788206,2.494047023511756
0.011002881211722423,4.990095047523762
0.011433811073403535,1.1469734867433719
0.0054648708917003005,0.7111555777888946
0.005148903118493413,2.726813406703352
0.002054579317386958,0.05
0.004873828745170193,2.3108054027013507
0.0060042743286050845,4.465132566283142
0.009301150606214503,5.0
0.0037493949962260006,1.7957478739369688
0.004879904563040362,4.202651325662831
0.006283643375621137,1.1841170585292649
0.006958636658316905,0.2654327163581791
0.0034799625485388563,4.004552276138069
0.00915996131116719,2.442046023011506
0.005452503291039981,1.830415207603802
0.007569863464103467,3.568734367183592
0.0078020921151964115,1.6125062531265635
0.0025524318951253566,2.7565282641320663
0.0020225541213449855,5.0
0.006534217555252644,0.05
0.008026259139584331,3.3136818409204603
0.005323356832880842,4.923236618309155
0.006230108285518315,3.219584792396198
0.0032983649651664726,2.667383691845923
0.004002851488682534,4.915807903951976
0.00879732376056612,4.430465232616308
0.0013321225784439644,2.1647073536768384
0.0033499347445741234,1.783366683341671
0.004250596984660723,4.650850425212607
0.009168794104559057,4.42056028014007
0.003368892938792528,3.7965482741370686
0.007748985527835456,3.7915957978989496
0.015051462143686814,1.3797398699349677
0.002660792353639939,2.011180590295148
0.004053602608315561,4.482466233116559
0.004860800371690538,0.830015007503752
0.0058840599754132125,4.1556028014007005
0.016010583920594394,2.6797648824412206
0.0005358271990239527,2.2637568784392195
0.01040048171915156,2.3256628314157077
0.0014425557214744408,5.0
0.00599022063612107,0.792871435717859
0.012986629364110804,4.757328664332166
0.008926161966928012,4.613706853426714
0.007769856181075112,0.05
0.003536061138172071,0.05
0.008591379776531682,3.7346423211605804
0.0072191842824908675,0.619534767383692
0.001998265343207753,4.2843671835917965
0.003913634710042836,0.05
0.003590128482184811,2.741670835417709
0.009920725481800542,4.465132566283142
0.0028142004119843175,4.05407703851926
0.0011365429251770365,5.0
0.004457617938855428,1.778414207103552
0.0050007701962139495,2.981865932966483
0.01171760100083822,4.717708854427213
0.004369058825331881,0.05
0.009254126066160294,1.5085042521260632
0.003442622778642608,0.05
0.002090590874625771,2.885292646323162
0.0030359399778752336,4.170460230115058
0.00907926172076183,2.0012756378189094
0.014256965800932227,0.8622061030515259
0.006310097524658852,0.05
0.0029281088588349324,2.3429964982491245
0.0023817322491587536,3.57863931965983
0.0071120975416750845,4.1060780390195095
0.008370921893788269,2.793671835917959
0.0031766785309296705,2.134992496248124
0.010287069952295343,0.05
0.00562698150661485,0.6022011005502752
0.006603623714517615,5.0
0.005476352934779931,2.0681340670335167
0.0016425520042255073,3.833691845922962
0.0012384828037434459,4.1060780390195095
0.0032518173717271392,1.9963231615807906
0.0068173940483358675,4.326463231615808
0.009258483862727977,2.981865932966483
0.003798061065604867,3.930265132566283
0.01980315960258327,3.3087293646823412
0.002201338172410805,3.657878939469735
0.004460340905377259,2.8803401700850424
0.0061512918743437325,5.0
0.0036524949024210607,1.1643071535767886
0.006216028709833649,5.0
0.007102087166870094,0.05
0.010531174012835362,0.05
0.008854657529115025,1.1766883441720861
0.01710827658665827,1.1370685342671336
0.013272197426616207,3.588544272136068
0.008779313154079288,2.7342421210605306
0.0023840681745393236,1.7486993496748375
0.010093439827451159,1.6669834917458732
0.0013017085842461362,3.925312656328164
0.005343360297233819,1.1964982491245624
0.0019856156345710585,5.0
0.0063627168765630696,3.1898699349674837
0.0052906281355754314,0.05
0.006400784776655573,2.6228114057028513
0.0054125428371586334,4.163031515757879
0.0014673906037285592,5.0
0.0033626132226987,5.0
0.0032467461987591498,2.9249124562281144
0.01356976863754833,3.0016758379189596
0.007591943870516225,0.13666833416708357
0.005674904811572179,3.8559779889944976
0.002077779514602668,4.616183091545773
0.002690095123721481,1.0627813906953478
0.004212863031907987,4.3834167083541775
0.0023279544914771994,0.05
0.008327356583833705,0.05
0.002374794647689568,3.6355927963981993
0.005607938342017005,3.568734367183592
0.0024120890682902962,1.7387943971985995
0.0028146041364676133,5.0
0.008381459662636169,2.1622311155577787
0.005558222684446584,4.593896948474238
0.007101955667386015,4.638469234617309
0.004796223997158122,2.1226113056528266
0.008757389285839703,3.3433966983491747
0.00406898458847426,1.4020260130065034
0.00895250197421038,4.8959979989995
0.002276826149870466,4.415607803901951
0.013697428485273399,2.5534767383691848
0.0040751710665099805,2.652526263131566
0.00768528940411746,4.52703851925963
0.005501697729662067,1.956703351675838
0.004956797973201019,4.551800900450226
0.006015632279813443,2.9075787893946976
0.006071004442026233,4.123411705852926
0.003910051483776024,5.0
0.0016478296357341563,1.793271635817909
0.018783594204477796,3.1849174587293647
0.004184166157352592,2.1325162581290646
0.002086204384092176,0.39172086043021515
0.006649306546076775,1.2559279639819911
0.00415932351974968,5.0
0.005602201796317388,5.0
0.002941432298077473,2.560905452726363
0.0034832731888313137,4.762281140570286
0.0030053625922432936,1.899749874937469
0.007785413199475455,2.6129064532266133
0.004392764735814694,0.25800400200100054
0.004339870378478702,1.3401200600300152
0.007299065094887931,1.2633566783391696
0.0027503288287393027,1.488694347173587
0.004210794634310247,5.0
0.0027703839768064495,2.647573786893447
0.0020103365725728725,1.0999249624812408
0.014365180534670723,4.460180090045022
0.0081222764720855,4.182841420710355
0.006373401603298363,2.5856678339169585
0.0037396521338112845,1.6001250625312657
0.004572209354651469,5.0
0.004922979808448517,4.0763631815907955
0.005884025644546528,3.425112556278139
0.006073528218859092,2.5906203101550775
0.0025083418947386624,1.4565032516258132
0.00609542216027717,3.536543271635818
0.004788499209777891,4.5418959479739875
0.0105543516448975,1.9170835417708856
0.009061772341819159,0.05
0.012159523919627574,0.1564782391195598
0.003737801670968842,1.7561280640320163
0.00277538431002132,4.873711855927964
0.003949697275072807,2.055752876438219
0.00761645273372779,5.0
0.003370268658832623,0.05
0.006913732224984752,3.742071035517759
0.005804007679859974,1.5184092046023012
0.00569216937884974,0.05
0.0025504769121639445,3.120535267633817
0.007392793730596071,0.05
0.00470375383819923,2.2488994497248624
0.005932595765405328,3.588544272136068
0.012605719807322405,2.783766883441721
0.004670493271188549,2.52623811905953
0.006496772527088017,4.606278139069535
0.0012967887605097594,4.385892946473237
0.0055065163094562206,5.0
0.005816184991386357,0.05
0.002214727363934098,0.05
0.006200045114556088,3.071010505252626
0.0034552716892383498,2.2167083541770887
0.00316910746750286,4.606278139069535
0.0034977079429773586,0.5774387193596799
0.0035321173443033232,3.851025512756378
0.0031563913002399177,3.31615807903952
0.006967351164688357,1.362406203101551
0.002061987986723801,4.467608804402201
0.004620680235584554,3.8609304652326166
0.004734970860040107,0.05
0.005426034592268002,0.05
0.010500150560031403,1.899749874937469
0.004030162570776062,1.1766883441720861
0.006389056660698313,3.9649324662331167
0.003998026153030652,0.5006753376688344
0.0024617061521950215,1.830415207603802
0.005791516640567471,2.793671835917959
0.004980375346783181,0.05
0.0057776062787558286,0.05
0.0025680318866917115,2.729289644822411
0.005899936176684467,3.236918459229615
0.005133711130555656,5.0
0.003779584486246476,4.039219609804903
0.0012720039560757262,0.05
0.005961758334570161,2.8382441220610306
0.002049358997679329,0.05
0.003113590861409332,2.6649074537268636
0.008801269497915612,3.15767883941971
0.003606812021200445,2.2340420210105054
0.005743913010844003,1.9245122561280643
0.0017312880190758495,0.05
0.005892778587334245,3.7098799399699853
0.004735192549737907,2.640145072536268
0.0023190932770587175,2.741670835417709
0.007807308863585827,0.9711605802901452
0.009962272448401359,1.7561280640320163
0.0014562172232554793,4.697898949474737
0.0020768575241575243,3.1898699349674837
0.01180323169202089,3.8881690845422714
0.0029468151159561806,1.5902201100550277
0.00511789635641597,4.653326663331666
0.0013972665388560998,5.0
0.012427638111094305,0.745822911455728
0.006161649092127783,5.0
0.005835120242132841,3.1923461730865434
0.006812730536244413,3.672736368184092
0.008264567562320628,5.0
0.006747635980626596,1.5431715857928967
0.0035491349584324747,3.9500750375187597
0.008250351797431513,5.0
0.003138730816542576,5.0
0.010259611434834781,3.3607303651825915
0.009823712087337316,2.0681340670335167
0.0028208566064727714,5.0
0.002115683027931005,1.0801150575287646
0.006151809934007067,4.405702851425713
0.004285904275022595,5.0
0.001774941594571762,3.4498749374687345
0.0035050178477529295,0.8374437218609306
0.00852506392793663,0.9785892946473238
0.00402290702086297,1.6372686343171587
0.010641294447830747,4.182841420710355
0.0025236415609046076,5.0
0.009726798375721261,2.1226113056528266
0.0053176516393136294,3.9451225612806406
0.006661880044398959,4.9554277138569285
0.0031297365723551643,2.5386193096548273
0.002549505887045035,2.003751875937969
0.0022421080486788175,5.0
0.003529267173144897,4.794472236118059
0.006908364296170921,2.9125312656328166
0.0044858291219711105,4.356178089044523
0.0036431686991957313,5.0
0.004407177374799967,0.05
0.0027581525149337413,0.05
0.010647475156820518,0.05
0.0038193197264074913,2.9075787893946976
0.009541467329407166,3.2393946973486742
0.003978470431102478,2.820910455227614
0.01234304369812983,1.2732616308154079
0.006140144700040304,1.899749874937469
0.0049205763234503735,4.482466233116559
0.007108291140672948,2.811005502751376
0.004326921196092862,2.5138569284642323
0.008388417909049546,2.082991495747874
0.007036860798135175,3.84112056028014
0.003821836818246417,4.118459229614808
0.0009219396120005025,4.618659329664832
0.00341728817742068,0.6368684342171087
0.005778112608396516,3.4820660330165083
0.004953730268202242,5.0
0.00350389701548548,0.05
0.0017808605563372215,0.05
0.006319006313918511,4.497323661830916
0.00888879596184338,3.3755877938969485
0.00513885663706061,5.0
0.013741236683594428,2.4965232616308155
0.0025017537226986047,2.885292646323162
0.003790882677550185,1.783366683341671
0.0027194318643201307,4.42303651825913
0.0011309497786316583,0.05
0.003483300249270564,2.6277638819409703
0.004515882716407356,5.0
0.0014079806625698008,2.6500500250125065
0.005618732879807152,3.142821410705353
0.0033436590801781962,5.0
0.010880674125459754,3.8955977988994497
0.004119714012338717,0.5328664332166083
0.006096171463265729,5.0
0.006791453460330221,0.05
0.0046076798532466365,5.0
0.0034927359236401057,4.539419709854927
0.0039110797670945385,1.283166583291646
0.003543515572771855,0.05
0.0077166265961861255,1.008304152076038
0.007874000961817618,2.7391945972986496
0.009150517538222894,4.846473236618309
0.006590829511838932,4.113506753376688
0.011027433547640554,3.8237868934467234
0.004995302577418308,4.26208104052026
0.002300760027940142,3.1601550775387697
0.010537019122618944,4.556753376688344
0.005116563147978807,3.521685842921461
0.0066331174191157916,4.061505752876438
0.00790451630558444,1.6372686343171587
0.011097048210645541,4.26208104052026
0.014158034439572233,1.0206853426713358
0.004911336232649076,2.115182591295648
0.002245607261959555,0.05
0.0034802525058647005,1.5976488244122062
0.0018721970719194833,0.05
0.0025640407645510996,1.2311655827913959
0.01643096839944288,1.8056528264132068
0.0018907401611149774,5.0
0.0031871542474763495,5.0
0.00613049044198917,4.95047523761881
0.004240596875896098,0.6517258629314658
0.0039150315468925515,5.0
0.0032467772154158164,1.6446973486743373
0.005606759965934564,5.0
0.009628529656937432,4.120935467733867
0.0034297003089413386,3.293871935967984
0.008199871675626275,2.040895447723862
0.0032681545528498515,2.446998499249625
0.0037508183825808797,2.298424212106053
0.010005845653931568,2.647573786893447
0.0033850478214997037,3.1230115057528764
0.00690223736913053,0.05
0.011016560827709278,5.0
0.006622623879610573,3.5018759379689848
0.009852462383092842,4.286843421710856
0.008109379712607591,3.236918459229615
0.0030774020729606097,2.0384192096048026
0.000937996086083609,0.05
0.001433657267582135,5.0
0.005560036943082644,2.1325162581290646
0.00612110409387797,4.467608804402201
0.003980411634498478,5.0
0.008412037469541542,2.303376688344172
0.012195110032156668,0.05
0.0016261580446681467,2.0384192096048026
0.004311931308466965,2.008704352176088
0.0038078184415352087,0.05
0.008691813053573576,5.0
0.0019314447599385054,5.0
0.004381183788065693,1.3351675837918962
0.006669165135611346,2.2414707353676837
0.005255442676743945,3.836168084042021
0.008822475810626798,4.418084042021011
0.0029561951243720352,4.274462231115558
0.002109266223677006,5.0
0.005844125903955839,1.8947973986993498
0.0033313682608562267,3.7346423211605804
0.004370008586483433,1.8700350175087546
0.007816595694804078,2.377663831915958
0.0023761983729190736,3.0066283141570787
0.004503665811393803,1.567933966983492
0.004266771760895384,0.05
0.0035939615026925956,1.4985992996498252
0.004263306090261598,3.0388194097048524
0.009236543509969296,0.05
0.0024938117384524644,5.0
0.00908883627967983,5.0
0.009890237670964058,1.6347923961980992
0.007483958885875629,3.6974987493746876
0.00727699256409875,3.600925462731366
0.004737748597432874,3.6504502251125563
0.0018599765492754508,1.5951725862931467
0.0037966765832470745,4.990095047523762
0.010515439521128059,4.10855427713857
0.004899716366223453,3.591020510255128
0.004717039893425562,4.57903951975988
0.011964984286647627,2.4494747373686843
0.002275344177505162,4.1556028014007005
0.0024336069472442393,2.8605302651325664
0.007878392839287755,3.046248124062031
0.014919894664550876,2.657478739369685
0.0019630737878236007,5.0
0.0060648891675502276,1.2014507253626814
0.005484157690857194,3.3731115557778892
0.0062091902304793264,0.05
0.003212600350911525,3.5018759379689848
0.0026237248892759524,1.2484992496248126
0.008388802356932769,5.0
0.004189430786993922,4.207603801900951
0.0019526612870479354,3.937693846923462
0.004112206302011666,3.42016008004002
0.0068147300431565735,2.6847173586793396
0.002618672761226029,1.0479239619809906
0.006378942029287779,0.7383941970985494
0.016566875266943212,2.5757628814407205
0.0063224153453472764,2.915007503751876
0.006471821125950926,5.0
0.0014541872983316884,4.544372186093047
0.003490508330170443,5.0
0.00714273408903339,4.710280140070036
0.008650792147503174,4.26703351675838
0.0037729424380709767,1.5580290145072537
0.005066432869584574,2.4791895947973988
0.002180449063425176,5.0
0.005722829617376898,4.524562281140571
0.010930812003332645,4.113506753376688
0.0009630888483973463,0.503151575787894
0.003625611628048808,3.1081540770385194
0.007380413032219778,5.0
0.003060014597448972,4.910855427713857
0.0009404510068299413,5.0
0.006976727815189876,3.588544272136068
0.004577548938464286,4.643421710855428
0.008421164184867276,0.05
0.005142180126035248,2.610430215107554
0.0060792717632348545,0.05
0.003992566142223035,2.4816658329164585
0.007845537723349526,2.6970985492746373
0.011374761429759524,2.813481740870435
0.008477666138682394,1.4144072036018012
0.003794044259452886,0.8126813406703353
0.0032816095945925328,1.3896448224112057
0.007002780345451848,4.395797898949475
0.007395463201259993,0.5427713856928464
0.0044933588543159125,3.4820660330165083
0.010935855545518292,3.1774887443721864
0.002867104648939231,2.182041020510255
0.010721261276526714,3.479589794897449
0.004596915698384572,3.6355927963981993
0.0021888812008260122,0.05
0.0055230717459726145,1.0974487243621813
0.0036213077450676714,4.725137568784392
0.006458612330150264,4.091220610305153
0.009555164413882572,2.3751875937968987
0.006141068107162313,3.816358179089545
0.01203039717508135,3.167583791895948
0.008066273241699028,1.161830915457729
0.00491998801518749,0.05
0.003485584409133484,1.3599299649824914
0.00509902569105488,3.288919459729865
0.0015548188070600016,0.05
0.005548135318248472,3.516733366683342
0.004957216799147866,4.73504252126063
0.011066619864098105,3.942646323161581
0.008550626394963824,0.05
0.0032755316468457557,0.05
0.001915775143081229,0.05
0.002802945031314244,2.8654827413706854
0.020430786697530734,3.4226363181590798
0.008407816041213295,0.05
0.008446512766421117,4.093696848424212
0.00456399738515334,5.0
0.004387466645224367,1.8229864932466235
0.0064719609305182585,0.05
0.007101670646225973,2.172136068034017
0.00924076141993184,0.05
0.004758156305647916,2.3108054027013507
0.006894373845371324,0.05
0.006149612207294,0.05
0.012118990787486544,1.3772636318159082
0.0016532712381592055,0.05
0.0057318650344331395,4.465132566283142
0.003892194848523621,5.0
0.00401126458655509,4.985142571285643
0.0037260086732645234,4.081315657828915
0.0010770780074665712,4.390845422711356
0.006841722930048949,2.6327163581790898
0.015833283192728184,3.57863931965983
0.011197259968150061,0.48086543271635823
0.003905822317110022,3.764357178589295
0.0052899199597534405,3.2393946973486742
0.0038556712661166614,4.747423711855928
0.0037178574318074073,0.05
0.0031284230805683835,3.0264382191095547
0.001136584111348829,5.0
0.0033644383016949164,0.05
0.002420275972000681,3.2542521260630317
0.006424382306539411,2.7540520260130066
0.005214376052262187,4.3933216608304155
0.005485804612150494,1.4218359179589797
0.0037146333531500805,0.05
0.003806859477791809,1.8824162081040523
0.009590168769176462,2.1795647823911954
0.008637888191549495,1.1865932966483244
0.015875547791392018,0.7780140070035019
0.006029271954885722,0.6022011005502752
0.009906500014089464,3.9698849424712357
0.006525461499176155,5.0
0.00704771602632738,2.283566783391696
0.00736372959387805,1.6694597298649327
0.0052455439576280655,2.7689094547273636
0.0032602968013981243,2.0953726863431714
0.00312892304469279,5.0
0.004952091107506114,5.0
0.00446757376364957,3.0066283141570787
0.0037275503850682234,4.73504252126063
0.00362626091390595,5.0
0.007486634846157893,2.897673836918459
0.001242615528385671,5.0
0.007905461187645589,2.63024012006003
0.004105987831954677,0.7284892446223112
0.004016451141250946,3.558829414707354
0.0072888396778116316,2.008704352176088
0.0036256482774604526,0.05
0.012205718049169069,4.378464232116058
0.006919221428282246,1.241070535267634
0.005696096435427955,2.662431215607804
0.0062317050115579045,4.059029514757379
0.0032514502828096814,3.675212606303152
0.009125765081042889,1.7685092546273138
0.007339800649465572,0.5972486243121562
0.0026949821310277636,5.0
0.008073510648798722,3.321110555277639
0.006842541181598431,2.335567783891946
0.002404838006954124,4.861330665332667
0.005692691476522849,5.0
0.0022241695861690627,3.6331165582791396
0.003040654101921378,3.1849174587293647
0.004039132637212416,2.199374687343672
0.01137863566029828,0.05
0.005484655368052427,0.05
0.0042130420681921465,3.675212606303152
0.005057119485596812,1.4243121560780392
0.005888734192786099,2.801100550275138
0.0027929776823627794,3.6331165582791396
0.004950053253951897,1.2881190595297651
0.005680296897857401,0.4561030515257629
0.004713317578065618,1.6768884442221113
0.003971490507577793,0.05
0.0037869331614655694,1.983941970985493
0.004871057360941983,3.8757878939469737
0.00818244084357242,3.5514007003501753
0.0020622498941683803,0.05
0.0024821707528757536,0.4486743371685843
0.005420626091670919,4.321510755377689
0.0030989257280017862,4.385892946473237
0.0016319885419497915,0.05
0.006166604892640863,4.967808904452227
0.0044615822272731365,2.9273886943471736
0.0014175410486152937,5.0
0.0052906128975770475,4.868759379689846
0.003941602449482641,3.219584792396198
0.007613841034243694,4.326463231615808
0.006569650073599782,3.3681590795397702
0.0031178233553783435,3.061105552776388
0.006433830966815629,5.0
0.0052255178791291435,0.9587793896948476
0.006539962797464292,5.0
0.00456397558375498,3.130440220110055
0.012977289216957968,4.566658329164582
0.008428516288608696,4.987618809404703
0.005800430843810725,0.5155327663831917
0.004864411122486319,3.6603551775887944
0.004277491494781294,0.05
0.0052048344709175465,0.05
0.0030485374972103324,4.153126563281641
0.0055465506930752265,2.0631815907953976
0.006444658597732696,1.8180340170085045
0.006235571459980306,0.05
0.009249698029596541,0.8126813406703353
0.012385865252448627,1.872511255627814
0.007289142295141902,3.3681590795397702
0.0013177482859638365,3.536543271635818
0.0019044933922208879,3.7024512256128066
0.016644414168661047,3.3632066033016508
0.003576380728769958,2.045847923961981
0.00609216451796242,0.5724862431215608
0.0022859608413877894,0.05
0.0012865870372394533,0.05
0.004546429039493649,0.05
0.0038331256497430716,5.0
0.007722811743869615,1.4862181090545274
0.006183854772279299,1.8527013506753378
0.00800781617822778,2.4321410705352675
0.002425011766658061,3.4077788894447223
0.0020182318300785568,0.05
0.00914900497875927,2.3108054027013507
0.01110723509282005,2.3330915457728865
0.0007241066583219477,2.7738619309654826
0.0018250043612573,0.05
0.0072840519864073305,2.2538519259629815
0.006008032160578783,3.152726363181591
0.0090839061413822,5.0
0.007710243218750273,1.7907953976988495
0.007977737569628947,2.6896698349174586
0.003404479492545756,2.112706353176588
0.008988334650945277,4.73999499749875
0.0083716515143058,1.409454727363682
0.005235056250138856,2.357853926963482
0.012760367946224413,3.932741370685343
0.007619907029821918,1.7858429214607305
0.007787596389780702,3.2740620310155077
0.001731042793773896,1.2806903451725864
0.011670180513228892,2.716908454227114
0.0024991776113558045,0.05
0.005368218520170616,3.4275887943971988
0.00830329277328383,3.99959979989995
0.01834436114604518,5.0
0.002119126464513156,1.5159329664832417
0.012655318011874202,4.806853426713357
0.008212180342637557,4.336368184092046
0.008385084989190557,3.8757878939469737
0.0009612622580045249,1.9393696848424213
0.00967651959211191,4.068934467233617
0.005438667366608918,3.727213606803402
0.003647757212994686,0.05
0.01005755237539404,1.1024012006003003
0.0047910293928057,2.6178589294647323
0.011664546904563915,1.4812656328164084
0.010193272980197149,0.05
0.0025999286232862157,2.5386193096548273
0.007465934327709367,1.446598299149575
0.009960644094358186,0.05
0.002591290161922874,3.831215607803902
0.007797117176497989,2.357853926963482
0.005691721673577649,5.0
0.004765034687065274,2.863006503251626
0.006167903300240515,3.3755877938969485
0.006898548006825531,1.0182091045522763
0.009559767444247448,2.9273886943471736
0.01096718380167691,2.783766883441721
0.0041878152166944654,0.37933966983491746
0.004047123696457364,2.887768884442221
0.004449088092033718,5.0
0.002981555069899368,2.560905452726363
0.002165349508472962,3.3681590795397702
0.0049455999684996435,1.9443221610805406
0.0061976715886112935,1.983941970985493
0.002210373630916078,2.023561780890445
0.00624919521202922,2.6327163581790898
0.009730056985044686,4.281890945472736
0.0007791435279807593,2.5930965482741373
0.0035547842005085734,3.073486743371686
0.003354668142585747,0.05
0.0020821825783341116,2.969484742371186
0.0036413248294994913,5.0
0.0048486153320801695,3.749499749874938
0.0050832670006235176,4.89847423711856
0.0024108674565211513,2.177088544272136
0.006265742987956291,5.0
0.011274227888179333,4.460180090045022
0.01170315021657796,3.568734367183592
0.0035495057802009886,0.05
0.004579896385152833,0.9488744372186094
0.004075469405144992,4.418084042021011
0.0022345262546927466,1.1841170585292649
0.004134609410919053,5.0
0.006934216271140103,0.05
0.007868125624655088,3.4919709854927463
0.008495650954689384,4.957903951975989
0.003962934037832037,2.20927963981991
0.003997147727947674,0.05
0.00625981538516885,0.05
0.002876784380841671,4.621135567783893
0.006634362502965445,3.0016758379189596
0.00660923553483183,3.6182591295647826
0.00474950923858386,0.05
0.0037798378020573523,5.0
0.0013991345495433308,4.4527513756878445
0.007276947594255241,0.6863931965982992
0.0032250183026737572,5.0
0.004978119162050716,1.2064032016008006
0.002110366407698759,3.227013506753377
0.007438924397996816,2.281090545272636
0.0054975236866469795,3.6380690345172586
0.009620886907264758,0.05
0.008239135073594653,3.3557778889444725
0.007396243260776127,0.05
0.006855231780759391,0.05
0.0014060921934596904,3.2641570785392697
0.003232143631140161,3.6454977488744373
0.006778445863225346,3.1651075537768887
0.00289190958996733,5.0
0.002969129300267631,0.7260130065032517
0.013656699828323828,2.6723361680840423
0.0062921927250540605,4.3041770885442725
0.0030982901642868307,1.013256628314157
0.011847129627023556,5.0
0.01482413948193876,3.0016758379189596
0.0015769394404193462,4.559229614807404
0.001055836873236106,5.0
0.003956614903393288,3.1032016008004004
0.002194229135557446,0.05
0.012566169046222611,1.6867933966983493
0.005289812516807178,0.05
0.001779543320950816,4.569134567283642
0.0033196673065295154,2.887768884442221
0.007306930829880938,1.2311655827913959
0.00800800076845104,2.6599549774887445
0.0034789562165228258,2.130040020010005
0.006055083447207239,4.31655827913957
0.006498428541280472,4.195222611305653
0.0036323340547354532,0.6517258629314658
0.008106285730083283,1.203926963481741
0.007269584493725188,0.9637318659329666
0.004020253485369614,4.673136568284142
0.005356784438869541,0.05
0.003472956957718591,2.2464232116058027
0.0032390347460240013,2.3207103551775887
0.003224535476345776,3.2913956978489245
0.005891638275617658,4.482466233116559
0.0030674139332408576,4.353701850925463
0.0021540538162478917,5.0
0.005427993018951832,0.9909704852426214
0.0030808550389203326,3.727213606803402
0.0057576386666705615,3.675212606303152
0.00575864355090306,4.658279139569785
0.005527059584430831,2.1647073536768384
0.0031282247431105095,0.05
0.006350042498508658,3.7445472736368184
0.0060428545726682464,0.7953476738369186
0.007714075585655664,4.202651325662831
0.005969248616299244,2.1226113056528266
0.007178308578960055,1.5951725862931467
0.001366501333859814,3.430065032516258
0.0027345722995323687,3.1552026013006502
0.003407202535419762,0.7557278639319661
0.01132161641516799,2.357853926963482
0.004865705887795065,3.779214607303652
0.00988355216477542,1.9913706853426716
0.0015623786533566844,2.134992496248124
0.008848017491820473,5.0
0.005058273349385196,4.556753376688344
0.007190179789459301,5.0
0.004213525591132715,4.883616808404202
0.006527739128972171,1.689269634817409
0.004595911649704701,2.6822411205602803
0.0033896068101493745,0.05
0.009156804275965512,1.087543771885943
0.006909080258555501,0.05
0.008582008521408571,2.2315657828914457
0.004111561791367499,4.7969484742371185
0.004766087577305858,3.831215607803902
0.007480919048646846,4.873711855927964
0.003472827753077473,3.0338669334667334
0.010342778184698774,3.8856928464232117
0.003132147252850506,0.05
0.005252514527760391,2.9967233616808406
0.0016476688186976562,4.445322661330666
0.0030009462121123806,3.4275887943971988
0.00853832537626105,2.1473736868434217
0.004539344532811164,2.694622311155578
0.008356652559413827,2.194422211105553
0.0040172276915448266,5.0
0.006065374756750862,3.610830415207604
0.004505042754302628,1.6793646823411708
0.0026726614656226513,1.0578289144572288
0.003537052100729951,0.05
0.0051971676082599935,1.6917458729364685
0.002635742602869841,3.137868934467234
0.004234845258122982,1.1123061530765384
0.0029240966853825434,1.7858429214607305
0.017015339675901783,1.820510255127564
0.003060383869023922,5.0
0.008476223903721075,2.3132816408204104
0.007034015237801165,3.3533016508254128
0.006806801011960031,4.561705852926464
0.010779466003708375,4.943046523261631
0.007601420249293542,1.9220360180090048
0.011318070951189835,2.5336668334167083
0.007279163779413338,0.05
0.004301214218665396,0.961255627813907
0.002284948282016641,4.918284142071036
0.010125300590788658,2.9546273136568284
0.0066320945072131585,0.05
0.005960191067898482,0.9785892946473238
0.0046201150112551576,2.256328164082041
0.0025564647596974313,2.3900450225112557
0.010634422645188574,2.112706353176588
0.009443943566015647,0.8374437218609306
0.0038958262863331705,4.00207603801901
0.00408009034281346,0.05
0.0023363449991467833,3.848549274637319
0.007259745374063611,4.353701850925463
0.003552769145156384,4.586468234117059
0.009903608013623465,4.784567283641821
0.0031754106695973602,4.0961730865432715
0.0031618698120666894,1.9269884942471238
0.0028500110687464525,3.7123561780890446
0.0026186436129204405,1.1593546773386694
0.005632100622255817,0.05
0.005507419403836332,1.4961230615307655
0.0026650841519094692,5.0
0.001901446719784733,3.9451225612806406
0.007554914396110737,4.2051275637818915
0.004207488403655833,3.430065032516258
0.005641518426054634,3.7395947973986994
0.0054069544752494494,4.378464232116058
0.010504247728080396,2.110230115057529
0.003661429733456366,4.995047523761881
0.0072519416883218765,1.1420210105052528
0.001997794260207901,0.05
0.004109779734405246,3.7940720360180094
0.006226277561152502,3.3186343171585793
0.00590768625161657,0.05
0.009035863536535231,1.9294647323661833
0.011819293397197096,2.640145072536268
0.00566528638865043,2.3330915457728865
0.005938785884114665,3.6454977488744373
0.008342017201052446,0.05
0.005631653557703717,0.42638819409704853
0.012896405528000962,5.0
0.009423980185822661,4.544372186093047
0.0040538208473988036,1.535742871435718
0.0036253080761938228,3.5192096048024015
0.006054783273859783,3.1898699349674837
0.008525620863700088,4.910855427713857
0.007039143900635911,1.857653826913457
0.008458597226414732,2.905102551275638
0.003396389107206056,0.9067783891945974
0.002196164869563484,0.2951475737868935
0.0061689552125923156,4.479989994997499
0.004435074123050602,5.0
0.002386581588997898,5.0
0.006040804857222741,0.05
0.007802614311415879,4.301700850425213
0.0058546176225412125,3.7395947973986994
0.008058108220398319,5.0
0.0019426525471074596,3.447398699349675
0.007044855019575219,0.05
0.00556444001912576,0.05
0.004524361190226658,3.4127313656828417
0.007347324491089616,1.8403201600800403
0.0022277723132396246,0.05
0.0017173263508256653,1.4911705852926465
0.0053815122687362535,1.520885442721361
0.004301822546775282,0.05
0.004646092238722033,1.409454727363682
0.008011644243242896,0.05
0.004954088528565374,0.05
0.0020639648214545586,2.2687093546773385
0.002600953057990886,3.583591795897949
0.007187500314358067,1.6719359679839922
0.00914165631619153,0.8696348174087045
0.009427866545884893,4.534467233616809
0.004862108987330402,2.3182341170585294
0.002043474898635121,4.125887943971986
0.0045917919623581355,1.6966983491745875
0.00428165916507052,0.05
0.003911675045108358,5.0
0.004463806701183237,2.7119559779889943
0.00365455312966282,4.673136568284142
0.00663245378386159,0.05
0.008178315924914671,0.05
0.004330037690422617,2.5113806903451725
0.004282064935375411,3.219584792396198
0.001133991173032499,4.2348424212106055
0.007562912575612965,0.05
0.0023227906937067014,4.873711855927964
0.005183379383163225,3.690070035017509
0.004549835729368991,1.203926963481741
0.010006579609053948,2.4445222611305653
0.006728302837881617,4.487418709354677
0.006142666124314258,4.536943471735868
0.008322994677021335,1.7907953976988495
0.0036681568254810296,3.4969234617308658
0.0020310836500946686,5.0
0.00921723867103108,1.7214607303651828
0.012278862090024316,2.919959979989995
0.007353653091413552,1.2163081540770386
0.004833724456736285,0.05
0.0019868055253413758,5.0
0.00949797381533548,2.3529014507253625
0.009631928450791083,3.1750125062531267
0.005467678913686713,5.0
0.006062474685492356,5.0
0.004790715775301997,4.608754377188594
0.01366650287837097,4.021885942971486
0.010315758538603989,2.3281390695347675
0.002008881192893032,3.0858679339669837
0.008410603898370797,0.8523011505752878
0.010259997502439513,1.4713606803401702
0.009086950790846156,2.4148074037018508
0.004872315971112311,3.99959979989995
0.0028764105387658542,2.3380440220110055
0.004505173992975488,3.851025512756378
0.004375833329227231,4.021885942971486
0.006430863717567244,0.8968734367183593
0.0013924806430386794,1.9740370185092548
0.008587780279338389,3.2691095547773887
0.002166870686489672,5.0
0.005548083732373296,1.1568784392196099
0.007187648316544851,1.1098299149574788
0.00440755369260315,3.3235867933966983
0.005501075772444179,5.0
0.008173212699455694,0.05
0.008254641649873912,4.1853176588294145
0.0004939933861081297,0.05
0.006678716306993217,3.6306403201600803
0.0032670165854287586,4.752376188094047
0.010177330336104358,4.779614807403702
0.006710637074621183,1.5605052526263132
0.003778663438721734,4.286843421710856
0.0022640373445680304,1.003351675837919
0.006685763984016005,4.913331665832917
0.0069458099516585756,4.489894947473737
0.002205280199083705,0.05
0.004202887134298158,5.0
0.002818703739724225,5.0
0.007824293491316275,0.05
0.004574780704775044,1.9344172086043023
0.0069142069863284555,4.717708854427213
0.0033801392095438726,4.861330665332667
0.011660877925518426,3.1824412206103054
0.0034558459020312543,5.0
0.005484542534504561,4.821710855427714
0.003227268755693638,4.098649324662332
0.005512495322739883,2.466808404202101
0.007076005737569287,4.720185092546274
0.0035524559800443403,1.6125062531265635
0.00858391004559815,1.1172586293146576
0.011475102073478419,0.05
0.0050917308465267055,2.5584292146073038
0.010231886297414228,4.237318659329665
0.010330682518916383,4.497323661830916
0.001996565005816124,5.0
0.014273120386321204,2.387568784392196
0.008315659243449638,1.013256628314157
0.005511736310546182,2.021085542771386
0.0029078405811359884,1.3475487743871937
0.005758763660365519,0.5873436718359181
0.006643177161166192,4.242271135567784
0.006739505682228468,1.3227863931965984
0.006109034681307128,5.0
0.0033448496185191356,0.05
0.005732509009863114,2.5856678339169585
0.00316485012896809,1.1742121060530266
0.005454667006422248,0.6987743871935969
0.003426443240877916,4.398274137068534
0.007060879859963724,2.5807153576788395
0.0015525411915987275,4.752376188094047
0.006081349510704756,3.1601550775387697
0.01027109302571308,3.568734367183592
0.002309201168980042,0.05
0.009143671553821904,4.180365182591296
0.0054024717978990305,5.0
0.009270427203115682,3.667783891945973
0.010374770987171773,1.778414207103552
0.012060259141228227,1.5803151575787895
0.002592706099758736,4.868759379689846
0.003995660309817524,4.925712856428214
0.009624433686724325,4.3140820410205105
0.0048229915639504545,0.05
0.0029295637592357607,5.0
0.009412425888219778,3.147773886943472
0.001383154477209693,1.0900200100050026
0.0030869439896797357,4.286843421710856
0.003644892636094181,2.3058529264632317
0.006058422000824702,4.598849424712356
0.003483415982057772,3.7346423211605804
0.007616877949503366,1.7536518259129568
0.0039523665074559025,3.586068034017009
0.006549438189153545,1.278214107053527
0.006138912877609808,2.635192596298149
0.005838697634697153,0.8250625312656329
0.01108667140607604,2.446998499249625
0.0047021046838635824,0.05
0.009391389765473684,4.088744372186094
0.006676795249773278,4.036743371685843
0.003358023936256199,4.299224612306153
0.0025178145785274136,2.887768884442221
0.004829590736750662,1.1593546773386694
0.0076460098702282805,0.05
0.00737199407288263,4.536943471735868
0.0023247788018545407,1.2732616308154079
0.0041812455658815015,4.281890945472736
0.0056572598355913856,2.726813406703352
0.009894786794231045,0.9884942471235619
0.0018293677464434818,0.05
0.005541019840478785,5.0
0.005685125726710767,2.652526263131566
0.013726127752736315,1.4069784892446224
0.007355273003392261,2.494047023511756
0.0057770240627354405,3.4919709854927463
0.0035575869027279564,5.0
0.011366701533940149,2.815957978989495
0.0031702969235812423,4.829139569784893
0.008268095111199414,1.1865932966483244
0.004673447067890746,1.1098299149574788
0.0047445339816965665,2.6772886443221613
0.007339064615550284,3.222061030515258
0.007995180196477096,1.6273636818409207
0.011692842758255523,1.535742871435718
0.0054816445089186025,3.57863931965983
0.0009112435078508993,0.05
0.011681919777885533,1.1766883441720861
0.0038291790232111572,1.9715607803901953
0.008259820012178891,4.140745372686343
0.006436917503475692,2.830815407703852
0.007035686709205485,0.5254377188594298
0.007125052736902053,4.975237618809405
0.002101692446116188,3.2814907453726865
0.00563420813204589,2.986818409204602
0.007851583728117124,5.0
0.006168899902645089,2.023561780890445
0.006710411267327909,1.4738369184592297
0.011182326213843553,1.2856428214107054
0.014369845476607468,2.8580540270135066
0.004620989255063497,0.05
0.006787458020848791,0.05
0.00893995606235496,2.9447223611805904
0.004858856463022317,3.47463731865933
0.01256733692753946,5.0
0.0021804698508300566,1.7858429214607305
0.0036062374745186795,2.6649074537268636
0.0017713508114731921,0.8919209604802403
0.01152069856964038,0.48086543271635823
0.006620411383604988,0.05
0.004555101508731986,0.8646823411705854
0.002893956824905071,3.8609304652326166
0.016777507180440077,1.731365682841421
0.0015499801651299508,4.237318659329665
0.013427917500471495,4.467608804402201
0.005122077077998728,3.499399699849925
0.0025995985602620883,0.3322911455727864
0.003909526450835629,5.0
0.007470663283784519,2.6550025012506255
0.008086627914288304,0.9166833416708355
0.0021305495760888596,1.3475487743871937
0.00994817936630217,4.212556278139069
0.00695409821479618,4.274462231115558
0.006777712113572011,3.1799649824912457
0.002304845193399095,4.073886943471736
0.00442393136188949,0.05
0.007686070851912918,3.241870935467734
0.003004113657844601,4.447798899449725
0.01222975400025534,2.610430215107554
0.006598713495441784,4.913331665832917
0.0009187007456394822,3.9550275137568787
0.006926232905105398,1.9294647323661833
0.005224544591767452,3.516733366683342
0.011835359097936274,5.0
0.007380641991259838,1.0206853426713358
0.005030961911708917,0.05
0.004338003639881162,2.3603301650825412
0.0066455387175639175,5.0
0.004337982792886282,1.9690845422711358
0.007508719456792073,5.0
0.004680981381463223,1.2881190595297651
0.008343993840260237,3.749499749874938
0.007352770697182029,2.867958979489745
0.001954575208408846,5.0
0.004350373441712109,0.5873436718359181
0.01108346850075232,0.5155327663831917
0.0023356855257998035,5.0
0.005148772217441602,0.05
0.0019249516328117139,0.05
0.0039164992513406605,5.0
0.00468950223589832,1.3723111555777892
0.005562239234694337,1.241070535267634
0.002664337742080157,0.05
0.008871452133545316,5.0
0.007460077404306854,1.562981490745373
0.0013585446053839823,2.7911955977988994
0.0037985142406624095,0.05
0.006806796705723386,3.7445472736368184
0.004332551397261228,4.655802901450725
0.008661836646531265,0.05
0.003127955951240567,1.6026013006503252
0.0062006370404861025,0.05
0.013209983137812423,3.3533016508254128
0.011434536128100456,3.6306403201600803
0.00452146927411419,5.0
0.0075473386610879906,3.150250125062531
0.0073788720405663435,3.2641570785392697
0.0032851487666886517,4.120935467733867
0.009153292118203885,1.7140320160080043
0.0024036852036484688,3.605877938969485
0.003954585367523349,4.2942721360680345
0.003412969852858619,2.813481740870435
0.0030634954448357996,2.9348174087043524
0.006079351122997359,3.0338669334667334
0.007893594216310446,1.2856428214107054
0.008583245173496158,3.415207603801901
0.0034415966331688697,4.019409704852427
0.009028004312003075,2.9595797898949474
0.004826183120734864,3.256728364182091
0.010358906959041916,1.9666083041520763
0.004451699322744113,2.0334667333666836
0.008720837474321598,1.325262631315658
0.004271108575211249,4.0961730865432715
0.005033139703274812,5.0
0.005769902285929461,1.8007003501750878
0.010464615276839874,1.3500250125062534
0.002357948798272884,4.839044522261131
0.016345954956378445,1.4589794897448727
0.001728478329011282,1.9492746373186596
0.004820648327594712,5.0
0.01232686561395041,3.47463731865933
0.008603362807977799,3.3483491745872938
0.004757688594303672,5.0
0.0033801562088728795,0.05
0.003747265783325432,4.640945472736369
0.0024847525759580935,5.0
0.00436947854097397,2.1696598299149574
0.0037947671124954133,0.16143071535767883
0.017351053602422423,1.919559779889945
0.008092854322086784,0.05
0.009713800999413616,3.5613056528264133
0.004360299610626436,3.4275887943971988
0.00445720335478441,4.57903951975988
0.005257362910254915,5.0
0.013589159432863415,3.6306403201600803
0.0041409687794828134,2.125087543771886
0.002458224073232103,0.05
0.0012323417844564005,2.1226113056528266
0.0036425896044623707,3.769309654827414
0.00999063823469127,1.1865932966483244
0.003451098394442298,0.05742871435717859
0.0028960852841317455,1.951750875437719
0.008792827496193915,0.05
0.008811199898669332,0.05
0.008482280588060852,1.4317408704352177
0.0015597751974244858,2.021085542771386
0.0017974522108528193,4.195222611305653
0.0016298072606268296,3.816358179089545
0.009277924582148066,1.9393696848424213
0.006528318290163794,3.848549274637319
0.005507552423708047,4.863806903451726
0.005895760640549343,2.7342421210605306
0.005636839263531139,5.0
0.006113033269189966,2.4370935467733865
0.0022828089147739414,0.05
0.006509231389010772,4.140745372686343
0.007200395371745022,2.4866183091545775
0.00374186757717513,2.204327163581791
0.0040472209358787745,3.061105552776388
0.007568937245864729,4.0862681340670335
0.00676681282164112,3.256728364182091
0.006166334354607603,2.7862431215607804
0.009343683803756088,0.9736368184092047
0.009585200627605421,3.147773886943472
0.0056253352497233275,0.46848424212106055
0.006624869407361629,3.516733366683342
0.004126259032003615,3.2691095547773887
0.005677578354732919,0.05
0.003509856297296471,5.0
0.00311743244663832,2.5906203101550775
0.0025116686727160234,4.482466233116559
0.005399517611340013,1.9715607803901953
0.004002721232050553,3.930265132566283
0.007016775825930396,1.5976488244122062
0.0018388773757778837,1.2955477738869436
0.0030400626651270815,0.05
0.0028390305793964815,3.516733366683342
0.013717284651481296,4.772186093046524
0.006366294729646393,5.0
0.011763941221388255,3.073486743371686
0.0048750613877614896,3.821310655327664
0.007723984290340102,0.5477238619309656
0.00786232334684038,0.05
0.010710180238161698,3.2913956978489245
0.004318240468825216,1.3376438219109557
0.010450263730944688,4.477513756878439
0.003768900612362687,5.0
0.00528497589939006,2.9224362181090546
0.0029565328537882324,4.120935467733867
0.003936382976709944,3.3632066033016508
0.00873078327981417,1.7165082541270638
0.004081520151407579,2.2315657828914457
0.0022811262853123238,2.971960980490245
0.0049565548477047,1.961655827913957
0.006257877687545217,5.0
0.0033439748489951515,0.05
0.008756022955053441,1.6966983491745875
0.006840769258178829,1.9789894947473738
0.005138316350563256,4.0862681340670335
0.0022905269404799034,4.598849424712356
0.007958263582829285,0.05
0.00897621593283271,2.003751875937969
0.008739030223943837,4.767233616808404
0.0012194335231155429,0.05
0.013859259306664963,4.680565282641321
0.004977805187519474,5.0
0.002442272893210508,0.05
0.004957107436421158,3.071010505252626
0.00928216639114144,1.825462731365683
0.0012172493902696258,3.9500750375187597
0.012211474731450227,1.2732616308154079
0.003653848847968391,2.177088544272136
0.005678991759561457,2.877863931965983
0.003282089832921234,3.665307653826914
0.004913282681667616,4.212556278139069
0.003919179533821787,0.48086543271635823
0.0065909998158818345,0.05
0.003734104769888988,3.8757878939469737
0.007697707977965269,4.470085042521261
0.005104131586762095,4.150650325162582
0.0038047971909164063,3.6554027013506754
0.004292497806988843,2.3603301650825412
0.003854674961372151,5.0
0.003826969018759535,3.061105552776388
0.011947359551401998,1.3599299649824914
0.0029463769247129526,4.400750375187594
0.006293141647202308,0.05
0.006259767108800912,2.278614307153577
0.00901350740473289,3.930265132566283
0.011177675916687967,3.7990245122561284
0.0017888655154276734,4.891045522761381
0.0074233767730388575,5.0
0.008461053401642916,4.445322661330666
0.002951836477251543,4.631040520260131
0.005167326678955482,2.6550025012506255
0.00433314035981322,0.05
0.011850395810137235,1.8229864932466235
0.007695738997982739,2.657478739369685
0.009849870601174926,1.0429714857428716
0.0061988093920478105,1.6843171585792898
0.02168030636218999,1.0157328664332166
0.014501012091805425,3.8906453226613307
0.0031419490286481652,3.8931215607803904
0.0014718952228688145,2.1696598299149574
0.007210698514702234,0.05
0.004411963930015764,1.3029764882441222
0.003664486589003091,4.504752376188094
0.003724604906583072,3.1230115057528764
0.007053284374921594,2.806053026513257
0.003701606394683074,5.0
0.00533185274597231,0.05
0.004217692826754403,2.040895447723862
0.0011238531673004384,5.0
0.013637941352298233,2.4222361180590295
0.009283427683412566,3.662831415707854
0.005111490011721599,5.0
0.00458008524825302,0.05
0.001377779852493738,5.0
0.004140202851330717,1.3772636318159082
0.00804640891982996,1.5951725862931467
0.006209330998369761,5.0
0.013061599682455134,2.3529014507253625
0.006983803252316088,1.1544022011005504
0.00462737590782647,2.013656828414207
0.0016767116542297858,4.31655827913957
0.010105200452845374,4.390845422711356
0.012222296916384962,1.914607303651826
0.004517318151853758,2.6921460730365183
0.008598182877743936,4.84152076038019
0.005343415067309044,4.8761880940470235
0.020093553761298455,1.1989744872436219
0.005377388427114667,1.9071785892946476
0.008099049336154122,4.42551275637819
0.009681541556545513,1.8130815407703853
0.006314024731941113,2.1647073536768384
0.004953734915473226,3.3978739369684843
0.004542466675856935,2.2167083541770887
0.003325635440092914,5.0
0.003182065692157371,4.217508754377189
0.002861221643277609,3.0115807903951977
0.012930240827978001,3.4548274137068535
0.00834745141302063,4.702851425712857
0.001717827300080653,0.05
0.008603551297170324,0.8572536268134068
0.003930133010668531,3.690070035017509
0.01928373796847531,3.0809154577288647
0.007179100170082879,4.467608804402201
0.008177377191600811,0.05
0.005889723526190882,3.7940720360180094
0.003679513342575838,0.05
0.00450681099479739,4.326463231615808
0.005574862835473565,5.0
0.006742146550916456,1.3079289644822414
0.005314588940914945,3.754452226113057
0.0029027960137334233,0.28771885942971487
0.005181460239085271,4.744947473736869
0.0038415821128431962,0.6863931965982992
0.00469236229868325,4.799424712356179
0.010445289713367917,2.976913456728364
0.010670606121424953,3.5538769384692346
0.005538761153436059,1.1073536768384193
0.0029638239157701793,4.806853426713357
0.0034894318350786185,5.0
0.0017282523752638265,5.0
0.0032626419047587854,1.129639819909955
0.0016281109473615177,5.0
0.01275817929749011,4.811805902951476
0.00799542411432455,3.620735367683842
0.007148000037622643,1.05040020010005
0.003191111366161306,0.05
0.007677067065920598,4.172936468234117
0.002897915755398814,3.8039769884942474
0.002739830228107587,0.9241120560280142
0.01038238110986553,2.1374687343671837
0.008904969754864434,4.717708854427213
0.008655923375403059,4.881140570285143
0.0033924232036859,1.1766883441720861
0.005928085126151443,5.0
0.003836914903352563,0.05
0.0038222102917768314,0.05
0.0046002192649460885,4.900950475237619
0.002454172973983794,5.0
0.003275963924976283,1.5926963481740872
0.0018768114772612088,3.699974987493747
0.005952731571747694,4.192746373186593
0.010295831737235979,3.2913956978489245
0.005944258632120149,0.6814407203601802
0.0037912541418552576,5.0
0.005765649465319961,3.5712106053026513
0.006572853329325286,0.05
0.0027827731083561943,3.142821410705353
0.006011846649281526,2.751575787893947
0.014462855241178532,4.398274137068534
0.0030432458206575905,5.0
0.003056924527336115,5.0
0.005248865276713935,2.4841420710355178
0.005715484126170414,0.05
0.0013515291639194862,5.0
0.008151834452026517,3.905502751375688
0.0065408724418618835,2.885292646323162
0.006831714992632042,0.05
0.009360826827103548,1.3425962981490747
0.004464450014200018,4.529514757378689
0.009949903602237894,2.78871935967984
0.01597241840816311,1.3302151075537771
0.005874944501370022,5.0
0.0026931405484950793,0.05
0.0029246997881462455,3.430065032516258
0.016751527537384008,3.759404702351176
0.015226388730887198,1.746223111555778
0.009912883302256877,4.509704852426213
0.007251347098250961,0.05
0.010217655424978017,1.6966983491745875
0.00812594334981516,3.204727363681841
0.00923239280765123,2.808529264632316
0.005251306692028307,2.6005252626313156
0.003530423873004916,1.2113556778389196
0.007164538583003498,1.0107803901950976
0.004093223812152824,2.350425212606303
0.003769389613491679,2.451950975487744
0.005724153716752896,1.1420210105052528
0.011030142647042378,0.6740120060030016
0.00704279629990269,1.3921210605302654
0.004562156458909825,5.0
0.004111152688591607,1.8947973986993498
0.009905168101053914,2.726813406703352
0.006498831347409882,2.714432216108054
0.0026305523170166573,0.5873436718359181
0.00865077658734869,3.4226363181590798
0.005790488636516662,3.321110555277639
0.004873902284768625,3.4176838419209608
0.012590982875674596,1.6546023011505755
0.003832780202834979,1.9740370185092548
0.0026368122920746653,2.699574787393697
0.01021344882266359,4.0516008004002
0.0038781594516050927,4.118459229614808
0.007214000200691649,4.366083041520761
0.0034538740414486596,3.5514007003501753
0.0036426248020896904,3.9723611805902954
0.0017701131627166425,3.4672086043021513
0.0037363476506905163,2.6277638819409703
0.0034632995693843344,1.5605052526263132
0.007556337461172187,0.05
0.0037329420643782904,0.05
0.0025034979029273097,3.5340670335167585
0.0030248488870348034,2.8753876938469234
0.00633249898107939,1.7288894447223613
0.008191660357202347,2.7441470735367686
0.0107760630024685,3.9649324662331167
0.009876168854977961,0.05
0.003328141838227487,1.3970735367683844
0.002084129296277902,4.257128564282142
0.010052811149075275,4.856378189094547
0.010882249306532997,1.9071785892946476
0.012610606295643742,5.0
0.0035632941859922926,2.2687093546773385
0.009449741879914098,3.231965982991496
0.002547564204853567,3.595972986493247
0.003669922464113004,2.3429964982491245
0.0020080592950048534,1.6966983491745875
0.009004549337152674,1.8180340170085045
0.003359560217172014,4.925712856428214
0.005131035252235461,1.572886443221611
0.0038174124986081887,3.690070035017509
0.012283743405110216,1.4144072036018012
0.0007878158038814934,5.0
0.01219282755462392,2.5336668334167083
0.011793512594033523,0.8869684842421212
0.0067446991956762944,2.6723361680840423
0.004899142789229115,0.3248624312156078
0.009213608358026405,4.059029514757379
0.002882777691855666,0.05
0.013062350244371433,4.460180090045022
0.005318546834450932,4.242271135567784
0.0039188802486716245,0.05
0.001144425919752258,1.2732616308154079
0.0077566583759577715,1.2559279639819911
0.007871039258475217,0.703726863431716
0.004763586567639123,1.0355427713856928
0.0011761180301122082,2.5188094047023513
0.009517797818374557,1.3475487743871937
0.006577311948274378,5.0
0.006879053535066217,3.083391695847924
0.004522086673451026,3.620735367683842
0.006075406598117755,1.1123061530765384
0.006839807231582791,2.6327163581790898
0.002970889907968191,4.68551775887944
0.011533006878310673,4.068934467233617
0.0047371757366933345,4.8860930465232615
0.008030928704112282,5.0
0.005150704299199643,3.6256878439219613
0.009123306984506675,2.7961480740370184
0.002074964936395432,5.0
0.004180308248320962,0.8869684842421212
0.005885932388829659,2.008704352176088
0.0036376487332896376,2.199374687343672
0.004261304685360803,1.362406203101551
0.004990698402511824,3.3285392696348177
0.006361532713520211,3.7024512256128066
0.012932858432327783,0.05
0.0077674078903401805,4.358654327163582
0.004321868654933905,5.0
0.009549775109545314,1.3401200600300152
0.002889711328792066,3.8559779889944976
0.0051456271577491955,3.620735367683842
0.00407460905403377,2.7862431215607804
0.00631559501870585,3.7222611305652826
0.004855445944624413,5.0
0.008259540153323003,4.059029514757379
0.008111529855353482,2.0953726863431714
0.005202950033091937,5.0
0.0007061302518926518,4.638469234617309
0.006594847329745843,2.055752876438219
0.00518445647752433,4.94799899949975
0.005607867972999454,3.851025512756378
0.004738160643889711,1.3871685842921462
0.00761754536415566,2.387568784392196
0.00970312829410764,5.0
0.00793604161347343,2.9447223611805904
0.012644807643977247,4.056553276638319
0.004331424384646891,0.05
0.005922791639533506,3.6133066533266636
0.008857526919452949,0.05
0.0023644751590126273,3.1700600300150077
0.00604947421708836,1.357453726863432
0.006916231966957391,1.694222111055528
0.0029657248952749404,0.3545772886443222
0.003957252776945176,3.0932966483241624
0.008075084153064002,1.0999249624812408
0.005149115605322441,3.150250125062531
0.009741103783710355,0.9909704852426214
0.004778802091167225,2.3281390695347675
0.0050484409912716285,0.05
0.006988089963698728,1.4985992996498252
0.003999356156515747,3.05367683841921
0.006477050352471765,1.2683091545772889
0.0030557035186568465,1.3351675837918962
0.008199786946880054,2.2315657828914457
0.0007843382977841956,1.8873686843421713
0.003313407595092868,3.747023511755878
0.0021535144825687996,5.0
0.010858521457754074,3.2443471735867937
0.0031222080240607755,2.4346173086543272
0.012923849039575698,4.9356178089044525
0.004939114658864756,2.3330915457728865
0.005009470869166713,2.219184592296148
0.003644509731189849,5.0
0.004340865121943031,2.1696598299149574
0.008053297750924442,1.3351675837918962
0.010374828453167895,3.675212606303152
0.006509733530804515,1.446598299149575
0.0021717079424938626,3.447398699349675
0.0077919661848750155,2.382616308154077
0.0044476726951471895,0.7309654827413707
0.003741538308678828,3.952551275637819
0.007366192251863593,2.006228114057029
0.004146463599223708,0.05
0.005900225835011201,4.655802901450725
0.005437750992190904,2.9075787893946976
0.010763791163789498,4.366083041520761
0.0020201707615092393,3.8856928464232117
0.003981189484111872,0.05
0.008212462157453679,4.546848424212106
0.005298381184032773,1.7387943971985995
0.008361844293194483,1.8650825412706356
0.0043296286048371616,2.3553776888444222
0.0035297330176256234,5.0
0.007189362806223024,2.877863931965983
0.004643975305255059,4.353701850925463
0.006968140200245172,3.331015507753877
0.003438868982871754,1.3054527263631817
0.0060751349244304725,2.976913456728364
0.007611916016731841,1.99879939969985
0.004461169756037636,4.207603801900951
0.006412330574503709,2.377663831915958
0.006828813754047418,5.0
0.006567897392402752,2.139944972486243
0.003400506268191314,1.830415207603802
0.0009601295409902219,5.0
0.00983478405172531,4.777138569284642
0.0021969882834367224,1.2683091545772889
0.009855437027942303,2.7763381690845423
0.0038921701475130577,4.846473236618309
0.002001396597709648,0.05
0.006484966110759403,5.0
0.003913772703432246,0.05
0.004367947484469996,5.0
0.003131341662004253,0.05
0.01275934431665627,4.873711855927964
0.0027467219329905604,0.5947723861930967
0.00368387552286905,0.05
0.0033533268029607155,2.377663831915958
0.0055580061879871995,0.4734367183591796
0.004252413341909872,4.418084042021011
0.007029748716396486,2.0532766383191596
0.0025989528380466337,3.3013006503251625
0.011243685216556644,3.3483491745872938
0.00658352558653727,4.182841420710355
0.0042779788702276625,2.110230115057529
0.0032979870960125057,2.026038019009505
0.00576868945632953,0.05
0.00484306866337092,2.4370935467733865
0.005396629540056111,3.8807403701850927
0.00514982260353776,4.645897948974487
0.008483520062985382,5.0
0.007512592261605826,1.2435467733866934
0.006278279255744049,2.8803401700850424
0.006479395571978554,5.0
0.0013059136139933133,4.098649324662332
0.006614192505847778,3.662831415707854
0.004063010843773425,2.8531015507753876
0.0029238313914226807,1.6001250625312657
0.002770448404331216,5.0
0.0033765381943094766,4.413131565782892
0.005894803191817094,1.6496498249124565
0.010691922833362691,3.7173086543271636
0.0019193660153876343,2.885292646323162
0.005782223235917171,5.0
0.00569784212958032,2.177088544272136
0.007650039431494213,2.699574787393697
0.0028361394198100007,1.488694347173587
0.006975801705891238,5.0
0.012740843611867163,2.4222361180590295
0.011480736997721161,3.05120060030015
0.005390261475092389,5.0
0.005657008033057187,4.494847423711856
0.004963195950939081,3.8015007503751876
0.006905234547937039,2.905102551275638
0.00785230713420601,3.6355927963981993
0.005161230673108065,5.0
0.004383039766996763,0.05
0.007657603687573601,0.9340170085042523
0.004204381845858467,1.7759379689844925
0.007135754932424208,3.5464482241120563
0.004051958126687322,3.4969234617308658
0.006002576036507924,4.73504252126063
0.008605078606029486,2.78871935967984
0.013483313608177686,0.872111055527764
0.01319435914639918,1.8279389694847425
0.006983039650005109,1.8427963981990998
0.0023786058146776853,4.952951475737869
0.011146526579829855,0.05
0.00836362748058881,3.036343171585793
0.007651877013563763,4.658279139569785
0.004010650808204445,1.7536518259129568
0.004185152023610819,0.9414457228614308
0.013041598609376023,2.7119559779889943
0.003898868344408217,3.920360180090045
0.006120576897831298,4.586468234117059
0.00611219693562523,0.9884942471235619
0.005712567199889933,3.2988244122061032
0.0015224550121384975,4.2447473736868435
0.009644686607203225,4.62856428214107
0.0032499113318532405,3.5291145572786395
0.005698005221182446,1.1717358679339671
0.003906338810008014,4.601325662831416
0.005357354861072833,1.8328914457228616
0.01636149383670274,4.670660330165083
0.0016715583186496796,1.2856428214107054
0.01562056305408295,3.5241620810405205
0.0036696092786249815,1.5580290145072537
0.011655377815349088,0.05
0.004726994472140575,1.6347923961980992
0.009786917343985124,4.5319909954977495
0.0014633220676774916,0.9513506753376689
0.005510861363140565,3.1007253626813407
0.007948036970109491,0.05
0.004631937620521172,0.05
0.005527807675877162,3.7197848924462233
0.013148219045743037,2.2167083541770887
0.013496974834260184,1.8056528264132068
0.0018721145293571148,1.0281140570285143
0.0040649578478735085,0.05
0.005077374955499772,1.4961230615307655
0.004053951473692759,0.05
0.004811378367034824,5.0
0.0052983722519298615,2.26128064032016
0.005225843838081369,0.05
0.003592531021312094,4.041695847923962
0.005619443511953988,5.0
0.002702651669086835,4.574087043521761
0.005921754544024625,5.0
0.005413169930876684,0.9686843421710857
0.003732654845387394,1.6719359679839922
0.008878885409175176,1.0256378189094548
0.0032714071612786957,5.0
0.014198833218840051,2.3256628314157077
0.0024642015625198493,1.3921210605302654
0.00783018948758412,3.068534267133567
0.008000132399849265,3.8435967983992
0.011067265514358944,5.0
0.009154424889225167,2.0681340670335167
0.009814753092965249,4.0664582291145575
0.01072145235590427,5.0
0.018628419126218876,1.1643071535767886
0.0036366611516735273,0.6913456728364183
0.006587241908145129,1.5753626813406705
0.011524360327646255,5.0
0.006915122507889969,5.0
0.0030909816796177436,0.6715357678839421
0.00765884829985896,4.009504752376189
0.001435688432697299,4.913331665832917
0.008622236152143081,4.217508754377189
0.012014286740195348,0.956303151575788
0.008997010761791588,4.593896948474238
0.004553952380334965,3.9921710855427714
0.005300692010555129,4.133316658329165
0.004335119824884236,4.455227613806904
0.0031720849520685476,3.826263131565783
0.005619449513384417,4.561705852926464
0.0018617555058398766,1.3871685842921462
0.008061145676455904,2.5930965482741373
0.006221053770587084,5.0
0.0021775988188665676,3.9723611805902954
0.011925488064283077,3.593496748374187
0.00450179975597783,3.6875937968984496
0.0034473211151266475,2.2167083541770887
0.006568651975636254,2.7614807403701853
0.0027300673797532593,2.107753876938469
0.002311236175932062,4.177888944472237
0.004210279994119728,5.0
0.010248145214167288,2.3157578789394697
0.0040110908649109225,2.9174837418709356
0.004347402035681,4.650850425212607
0.006334379456238104,4.675612806403202
0.004250840630242912,4.702851425712857
0.009035555268069512,4.336368184092046
0.0037953144787882948,1.0751625812906456
0.006944783036414132,4.341320660330165
0.004357664733029863,5.0
0.0038600449262063893,3.6034017008504255
0.0076788176980032985,3.7296898449224614
0.007036953989586363,0.05
0.014063419421686166,4.269509754877439
0.006765273945464008,0.05
0.006780277682979181,3.858454227113557
0.00895848413412946,0.4561030515257629
0.0045787066608186655,3.046248124062031
0.0012054851969286948,5.0
0.0015023151682822533,1.2435467733866934
0.009785711125781048,4.227413706853427
0.003041420908128291,5.0
0.0030253080266916393,2.815957978989495
0.002299295749548895,2.47176088044022
0.0019715419219844613,1.0850675337668836
0.00367712360568153,3.57863931965983
0.008263687327089,5.0
0.0010947226967143037,3.2492996498249127
0.004656415306393755,0.05
0.00905190250794733,0.05
0.0012128890075424545,0.05
0.003560609383300807,2.2488994497248624
0.002294285386052919,3.3433966983491747
0.0031835500496239996,2.994247123561781
0.007317832638221521,0.05
0.0038242425964068807,0.9315407703851927
0.0014284796142927866,3.7346423211605804
0.0038602432896202438,1.8328914457228616
0.005696566537114721,1.6026013006503252
0.008089036902964891,0.05
0.00995525292938608,3.8881690845422714
0.013154299202753093,0.9835417708854428
0.005537159413316728,1.9913706853426716
0.0038450841258173413,0.05
0.0016757384986723842,1.662031015507754
0.012219488072160868,2.919959979989995
0.004463343371562928,5.0
0.01094839493460275,0.05
0.006299108529954835,3.6256878439219613
0.0042720486954915884,3.8980740370185094
0.004330525761303501,1.2881190595297651
0.009804658482648353,1.52583791895948
0.009667002479656892,4.4032266133066535
0.0021166931561112934,1.5753626813406705
0.00961168919345673,2.1696598299149574
0.0024421348007902938,4.78704352176088
0.003720313159042629,1.3599299649824914
0.007096980000400863,0.36200600300150076
0.012749306330196504,4.415607803901951
0.0024849045911707265,4.517133566783392
0.00625167656743162,2.177088544272136
0.0032727993809093456,3.056153076538269
0.008490762731423247,4.762281140570286
0.0026902613990470448,4.616183091545773
0.006327860069804285,1.2806903451725864
0.0028911226951238017,3.6454977488744373
0.0017034462319232627,0.05
0.0031177138854616426,5.0
0.010305457550093787,5.0
0.0053489548066097195,1.134592296148074
0.0018245119924993267,1.6446973486743373
0.006607390843618818,3.5018759379689848
0.007178570103191846,1.5555527763881942
0.0027019706196722212,0.05
0.0018159069831044303,0.05
0.008274929618849583,0.05
0.006791316196972541,0.7606803401700851
0.003077324598863271,0.05
0.006514025163782446,0.877063531765883
0.003142681573295683,4.928189094547274
0.007585742447854239,1.2608804402201101
0.008955781495903661,0.05
0.008066102591998449,5.0
0.0030595887011143977,0.05
0.009913769467382906,1.7660330165082543
0.005313623808488863,1.3549774887443724
0.0095521742285124,0.05
0.0019468085703139223,3.1700600300150077
0.011733126904929787,2.219184592296148
0.007338829285049676,4.970285142571286
0.004756417853893115,0.05
0.00373831103471986,4.700375187593798
0.009288906367102397,3.5340670335167585
0.0061925192494777445,5.0
0.003348690875130081,2.887768884442221
0.0022817920786898996,3.761880940470235
0.0037861886035938097,1.6546023011505755
0.002882674508335757,2.647573786893447
0.007926868780100287,5.0
0.0018730572794600844,0.6046773386693347
0.002441187401444382,4.229889944972486
0.0029942776997213955,5.0
0.00424037138943207,4.952951475737869
0.005833472062693454,1.0801150575287646
0.0015127086044550153,2.994247123561781
0.003712677054203646,4.098649324662332
0.009994881466245713,2.6748124062031016
0.006062639083730038,5.0
0.004509260600341458,2.0607053526763384
0.005007313016029018,0.05
0.00659232850454914,3.0388194097048524
0.002852808213705489,1.3921210605302654
0.003045305225736643,2.7590045022511256
0.0043064655974010685,4.078839419709855
0.00847248509728734,3.732166083041521
0.004449468026587383,1.7486993496748375
0.0021498515786246147,2.5485242621310658
0.003055718390995027,5.0
0.0029050363601040297,1.134592296148074
0.008307203926015867,2.5584292146073038
0.004182640744219243,5.0
0.005976904420596396,5.0
0.00690492269788362,3.088344172086043
0.006117554426444391,3.68264132066033
0.007899444316432684,1.4342171085542774
0.010954948903803788,4.044172086043022
0.00991498200075134,5.0
0.004781166104008555,3.652926463231616
0.0049367346304536805,3.26168084042021
0.006931097118090118,2.7639569784892446
0.009147497017406914,5.0
0.003474148561918723,0.05
0.005942320888717753,2.7738619309654826
0.004321389995649898,2.984342171085543
0.011356521119327133,0.9389694847423713
0.004521614021745349,0.05
0.0026411851785949417,0.05
0.009953858697336164,3.5613056528264133
0.0026308447996942347,0.05
0.00955379410905953,1.483741870935468
0.0038899435578394967,3.3830165082541273
0.008865440941968249,4.653326663331666
0.008243161589076939,2.2290895447723864
0.0012912618924491581,0.05
0.009368258770064974,4.259604802401201
0.00862489438962559,2.7763381690845423
0.0018656527339463783,5.0
0.006253168717934993,4.603801900950476
0.006939577574171567,1.3846923461730867
0.0036496452275842986,5.0
0.003841621095452663,5.0
0.005789833852964062,2.3132816408204104
0.005261339578390513,2.382616308154077
0.004282657193034126,2.0730865432716357
0.003000833526959755,2.266233116558279
0.0054449074651187895,1.0578289144572288
0.004257340458720171,4.036743371685843
0.008279527909150992,3.7173086543271636
0.006353250488727147,0.7408704352176089
0.006955337162516229,5.0
0.004316885563251577,0.2728614307153577
0.004674946284841448,2.0631815907953976
0.004386322927076879,2.0755627813906954
0.006276108602844624,1.5382191095547775
0.005852994713925627,0.8250625312656329
0.00655407247966748,1.7115557778889448
0.009817216050076787,1.820510255127564
0.004310701217137634,3.989694847423712
0.007479761274057736,2.172136068034017
0.008270966532767453,4.1655077538769385
0.005631219977740673,3.0289144572286144
0.006489679286515913,4.222461230615308
0.0041636864534630655,1.4168834417208607
0.007192941482880258,0.05
0.006904758881634714,1.6397448724362182
0.001958908647492416,5.0
0.007946208328895275,5.0
0.0014983447890005164,2.863006503251626
0.008274456845599298,1.9641320660330168
0.003992954745707919,1.5035517758879442
0.00401569307792142,0.05
0.0065648746237882555,2.9645322661330664
0.0062837019290170465,0.05
0.007877030159957076,5.0
0.0043229362627208515,3.7024512256128066
0.007653147747732923,3.873311655827914
0.0037639255924273723,2.3702351175587792
0.00417580718328988,5.0
0.0033605704118993066,4.029314657328665
0.004813881973585128,1.3896448224112057
0.007284630854499222,4.140745372686343
0.006897033137862593,4.660755377688845
0.011328836115829334,3.6256878439219613
0.006450612103465751,2.6277638819409703
0.0026657815053621747,1.99879939969985
0.003239453660436223,5.0
0.0030261335276036347,1.478789394697349
0.002676526982847628,2.446998499249625
0.00438671120550866,2.214232116058029
0.006750486083266061,0.05
0.007042706457366772,0.05
0.009631428527153742,4.509704852426213
0.004418577411567107,3.2666333166583295
0.00903885417422401,0.05
0.005338008193482922,1.1222111055527766
0.004938499391522536,2.741670835417709
0.002792081786379366,3.5563531765882943
0.004829346855966289,1.0751625812906456
0.00805632735901659,1.7982241120560283
0.0009177545671817666,3.690070035017509
0.003908873625775737,4.638469234617309
0.005062960240933868,1.352501250625313
0.006421409395136482,4.26208104052026
0.0037561600901363443,5.0
0.003769939243401417,1.6719359679839922
0.005539205532323045,5.0
0.003883443821452108,2.6649074537268636
0.0055460833893928585,3.0140570285142574
0.011467049291699796,1.9170835417708856
0.0038838857390607676,3.115582791395698
0.0027786781375052083,0.05
0.0024821742865290194,2.303376688344172
0.002112939682073274,1.8056528264132068
0.004535265154123662,5.0
0.0017484328529377702,2.647573786893447
0.0033052298408072223,1.1048774387193598
0.0030377065075045395,1.3723111555777892
0.002258263129710225,4.2051275637818915
0.008114863473775949,0.05
0.009778715699429827,0.05
0.0029329030194966063,2.9422461230615307
0.014976841490895648,4.301700850425213
0.005035680957663401,0.05
0.006184641497440663,3.7296898449224614
0.004215072256336383,2.6550025012506255
0.004226080182772249,1.0726863431715858
0.0023265228715137476,0.05
0.005312730810620558,0.05
0.006570659279821887,3.031390695347674
0.005102922833028357,4.427988994497249
0.0022916248182126425,4.217508754377189
0.005526735032653433,1.6843171585792898
0.00785878631814823,4.026838419209605
0.008649387352035416,1.7090795397698852
0.0026188442632774853,0.6690595297648826
0.014929220922516917,2.714432216108054
0.008422936646059628,2.362806403201601
0.003907223871532403,4.296748374187094
0.0018074352020190712,2.5113806903451725
0.004340935773943656,2.087943971985993
0.008725503082049217,1.4589794897448727
0.007168012409155232,1.1865932966483244
0.003858620261274266,3.172536268134067
0.003900195416869867,2.377663831915958
0.005215317160257971,1.7759379689844925
0.002399790525984026,5.0
0.004537691738612244,0.05
0.006235963553025643,1.0380190095047526
0.011425857444017598,1.7288894447223613
0.0032028844540552062,3.2913956978489245
0.0015188237797251897,0.956303151575788
0.0026781572882978583,1.6397448724362182
0.0033330967470812656,4.388369184592296
0.005999162170351159,0.05
0.0036835032878796553,0.9463981990995499
0.0069193235569064565,5.0
0.003235088665884185,1.9591795897948976
0.004533625648483572,2.778814407203602
0.007229081977667189,0.8275387693846925
0.005109374128114116,4.752376188094047
0.005104848342917391,4.697898949474737
0.005855772747152883,3.2294897448724362
0.009638060663080115,2.724337168584292
0.00705283440404688,1.7090795397698852
0.007840888946078178,3.05120060030015
0.0075424557808956155,1.9913706853426716
0.004762549151214407,1.1271635817908956
0.007776086062383503,4.631040520260131
0.002187456397514491,1.7982241120560283
0.00234581279926762,1.5283141570785395
0.00910394854841523,5.0
0.002961044636437364,3.340920460230115
0.0027953483243198865,3.1056778389194597
0.0055053263668118566,4.150650325162582
0.009173343868252595,5.0
0.005614512059437478,3.2790145072536268
0.0076806104678918685,3.7098799399699853
0.008307622747624706,2.8555777888944474
0.004230161962234018,3.4597798899449725
0.006396856595046796,1.9319409704852428
0.004805297133140714,2.6822411205602803
0.00956115788225529,3.2171085542771385
0.005273193808003694,3.6925462731365686
0.0023773120789562716,2.387568784392196
0.003876691133786664,3.5563531765882943
0.012557967412850847,4.574087043521761
0.006452074105704343,2.6079539769884943
0.002780717454946513,1.441645822911456
0.006690234312648265,2.7911955977988994
0.007871898061723753,1.57783891945973
0.004183616024081571,1.530790395197599
0.002892151493801391,0.3545772886443222
0.004480431268120193,4.207603801900951
0.006673471588846493,4.881140570285143
0.00918074896089957,5.0
0.009107844884615676,1.605077538769385
0.005840891071142537,5.0
0.005418046259094041,4.024362181090546
0.0023292071481210153,2.9026263131565786
0.005259348271550744,4.05407703851926
0.007351790865889787,3.6232116058029016
0.005568281949544222,3.142821410705353
0.007105491443608808,2.2266133066533267
0.004549239406991194,2.0681340670335167
0.003985959386399389,4.670660330165083
0.008206898079716328,4.851425712856429
0.007013424472148859,2.9174837418709356
0.0067686332283678485,1.3079289644822414
0.00217349100423337,2.392521260630315
0.002331786122227411,1.9294647323661833
0.006473764331087838,0.05
0.007188400223976835,0.05
0.0019000248432025496,1.7288894447223613
0.007052017814530055,4.291795897948974
0.0074711782153064,3.9773136568284144
0.001425258831265916,1.6818409204602303
0.00930821640798215,3.162631315657829
0.005447274300697351,0.9241120560280142
0.0023140156320908545,0.9117308654327165
0.008050525160779788,0.6591545772886445
0.005562192836001213,5.0
0.0010790180747669714,2.4866183091545775
0.00841139431473123,3.0437718859429714
0.008578437011292656,1.3227863931965984
0.006042218489678584,3.3235867933966983
0.004468567347257646,5.0
0.006545294837480946,3.5390195097548776
0.004589509207755582,1.7090795397698852
0.005272769761864304,0.830015007503752
0.005006235910755989,3.8064532266133067
0.010731863863248807,1.99879939969985
0.0062934586437476195,4.73751875937969
0.006139835655080889,5.0
0.0024454102416493206,3.0239619809904954
0.0041931882323935354,5.0
0.01445010610281311,3.7247373686843424
0.004283924309160712,5.0
0.006141618635662614,4.62856428214107
0.008493482813595465,1.9591795897948976
0.002819851090552071,1.6001250625312657
0.0011206933661038684,4.73751875937969
0.004509887577817291,4.574087043521761
0.0056921192355542174,2.3330915457728865
0.009495116305564072,4.9554277138569285
0.014851441474473495,4.559229614807404
0.004105253761725831,3.05120060030015
0.011101313699766004,4.014457228614307
0.01181346853833462,3.511780890445223
0.004562275341433393,4.705327663831916
0.0060073656716468984,5.0
0.005700415849175328,1.394597298649325
0.0015784312025328914,5.0
0.007275779526993549,4.42303651825913
0.0028842083923452874,4.806853426713357
0.004905323021735505,2.2414707353676837
0.0027422213982893698,1.3549774887443724
0.002453991313664819,2.867958979489745
0.004199904305863353,5.0
0.005597651925446166,0.05
0.006490710708846263,3.583591795897949
0.006726571879656813,3.0239619809904954
0.015530985237616465,4.269509754877439
0.0066961371772589415,2.9026263131565786
0.005886649041170609,4.133316658329165
0.004885907637934624,4.794472236118059
0.007856011763811857,3.3731115557778892
0.002710437512013511,5.0
0.006497959623050664,4.665707853926964
0.0035086921657827216,4.504752376188094
0.0027403175220166165,4.252176088044022
0.02043359856319817,0.7408704352176089
0.0006639045998566018,3.137868934467234
0.006915486046006322,0.05
0.0031133992644208353,0.05
0.003939226808233005,3.26168084042021
0.005508160503191861,4.42303651825913
0.008263191047289925,0.12923961980990495
0.002382663021319474,4.26703351675838
0.00296056754779965,3.759404702351176
0.006025324987820831,2.7812906453226613
0.006279140545737104,5.0
0.004422171120303756,2.5633816908454228
0.001827017699008393,2.4024262131065535
0.006831833125991484,4.8860930465232615
0.010223534580444255,0.05
0.0038731613557425257,3.7445472736368184
0.0036889276851952563,3.2294897448724362
0.002197783029056752,2.6772886443221613
0.017243780324733116,2.9323411705852926
0.004669450206794545,3.7445472736368184
0.00417074163699073,5.0
0.004411738704091499,0.39172086043021515
0.0029604332525944715,1.8824162081040523
0.0025083323822678513,4.3834167083541775
0.0017386253509096214,4.195222611305653
0.004917199082540388,4.427988994497249
0.007790995374639814,2.6723361680840423
0.003738386662400138,2.1622311155577787
0.007407926414588116,1.6347923961980992
0.002278040614106948,1.9641320660330168
0.004751202606323127,0.05
0.0068077998721419175,3.8609304652326166
0.0047256334454467835,4.011980990495248
0.005226174780866399,4.717708854427213
0.0048762820044137845,3.761880940470235
0.005908988427164537,1.8403201600800403
0.003450657539267203,2.6772886443221613
0.0021000000587640746,3.5192096048024015
0.002829028863445604,1.0429714857428716
0.010363774429833827,2.36775887943972
0.0038686826536418334,2.835767883941971
0.010077189744570142,5.0
0.005851104166528086,0.36943471735867933
0.011687960475234627,3.2740620310155077
0.004424395818048203,1.7685092546273138
0.004538673253768083,1.6075537768884445
0.0007404131549005183,3.1007253626813407
0.0019123983282334292,1.8477488744372188
0.004447339165450849,1.0627813906953478
0.002846011798562767,0.05
0.009014552761928044,2.10527763881941
0.0027310208847339743,1.9864182091045526
0.009290054427802293,2.9645322661330664
0.0064973694302843735,5.0
0.0036477106885868735,2.8283391695847926
0.0087243692859331,3.99959979989995
0.006047446434112487,4.791995997999
0.005534642659197522,2.308329164582291
0.003899452256161569,4.626088044022011
0.008454975304299304,2.1746123061530764
0.004890145644019454,4.42056028014007
0.009469910367886372,2.714432216108054
0.009168128623205311,3.6405452726363183
0.004464372416805293,3.083391695847924
0.006251425735066762,0.05
0.0019703859589652595,4.289319659829915
0.0035503793054090585,3.952551275637819
0.005628316864601385,0.961255627813907
0.003189019903249088,0.5749624812406204
0.009123435091202878,4.68551775887944
0.002928371678140737,3.3433966983491747
0.004443729556875074,3.620735367683842
0.0022870008437746864,1.2683091545772889
0.001618818465859477,3.536543271635818
0.012557450704011909,3.068534267133567
0.008606524193284622,1.6298399199599802
0.0025233143261419178,0.05
0.005510300501461986,0.05
0.007532716302449248,4.1060780390195095
0.012233061602880561,5.0
0.011976640079313532,4.858854427213607
0.003155722211979177,5.0
0.005157291624249653,4.361130565282641
0.0056033727527735055,0.4709604802401201
0.0039000368992665665,3.078439219609805
0.0035807332439434306,2.610430215107554
0.009665244009313775,4.2645572786393195
0.0033108811623667606,5.0
0.006626804317626085,3.8807403701850927
0.004182912336732687,3.214632316158079
0.009194126986627,1.283166583291646
0.010362748113061981,4.588944472236118
0.0017632320504360477,4.583991995997999
0.0038420141633789817,4.4626563281640825
0.005053277314772162,1.5456478239119562
0.0026180187630268914,2.6896698349174586
0.008900352977372246,1.36735867933967
0.0018338740873627135,1.1643071535767886
0.0016355962938579618,0.8052526263131566
0.007558493270676696,1.7387943971985995
0.004675837906241542,0.7210605302651327
0.00617155556577953,2.9645322661330664
0.005981720778825306,0.5799149574787394
0.008230897318202562,0.05
0.0013285421517912135,3.900550275137569
0.003962434731410953,0.05
0.011645429427679169,1.746223111555778
0.008733916027341866,0.8993496748374188
0.005331026630305304,2.8580540270135066
0.004509399214986207,3.489494747373687
0.009884341158150081,4.202651325662831
0.016434136423057237,5.0
0.0029246209073488794,1.914607303651826
0.011139154247334103,4.435417708854428
0.005822795284660405,4.1655077538769385
0.0052032181785278825,5.0
0.003315593655713177,2.4866183091545775
0.0037495229016529658,0.05
0.0017874000667317189,0.05
0.005393071983229809,4.296748374187094
0.0032750299024612295,2.2909954977488747
0.009471546660699985,1.0256378189094548
0.002631847996476172,2.3108054027013507
0.004834881707800692,1.6075537768884445
0.004359608456207462,2.281090545272636
0.0049039072036551196,0.05
0.0034028089078052964,1.0578289144572288
0.0028845863636342076,0.05
0.005544737680239616,4.777138569284642
0.004350602848782442,4.650850425212607
0.008075139020239895,4.819234617308655
0.004246742862765739,3.4449224612306155
0.006731876386722908,2.1795647823911954
0.005525899632071472,0.6789644822411207
0.005957058156107857,1.951750875437719
0.010988785613024986,2.20927963981991
0.005546787489306516,4.1357928964482245
0.016560690102869896,4.819234617308655
0.0038915931479761787,3.6083541770885446
0.0016758267347357428,5.0
0.01138204685101541,0.05
0.0068941232063328625,2.013656828414207
0.013384169585867599,1.1989744872436219
0.010368635776543553,5.0
0.0032440051038708922,0.6492496248124063
0.005496275330586858,3.214632316158079
0.013514486955538876,5.0
0.0037427364516402287,5.0
0.002044679132947702,0.05
0.00676226944186855,0.5353426713356679
0.004304199612308164,3.400350175087544
0.002133127382627893,0.05
0.012477887609960193,0.05
0.0020366318887256457,5.0
0.007939305027413093,2.4247123561780892
0.012155089404557576,3.140345172586293
0.006039077593553752,3.7098799399699853
0.010334069327995694,0.05
0.008696293127656983,2.8481490745372686
0.0045646888219776985,0.05
0.00669472086600021,3.506828414207104
0.010086273220211009,5.0
0.00489117449073409,2.7020510255127563
0.002000648717440018,1.8502251125562783
0.009622778531702299,4.900950475237619
0.004038066443179,4.034267133566784
0.0017159074451000358,3.4127313656828417
0.0034387567417124287,2.551000500250125
0.0033615407901779193,4.569134567283642
0.005034085142314938,3.848549274637319
0.009163338327814796,4.482466233116559
0.003947031646167061,1.951750875437719
0.0031762438306223717,1.2930715357678841
0.002989707159405948,5.0
0.007348660166317321,0.05
0.002506750234992007,5.0
0.006165516918120076,5.0
0.010586730756089138,1.436693346673337
0.006140267638053587,1.9022261130565286
0.0015220664385111257,0.792871435717859
0.0016550476991379973,5.0
0.0021265468350293165,2.5807153576788395
0.006579117695322413,3.236918459229615
0.009418844036232402,4.683041520760381
0.0047080604717120375,1.436693346673337
0.0032366052930101405,0.919159579789895
0.004768845615850427,1.773461730865433
0.007910535215459473,1.7066033016508255
0.010823303157488126,1.7066033016508255
0.011175084456203459,1.5580290145072537
0.003314230306873174,3.147773886943472
0.0025518972001642715,4.195222611305653
0.002279521403346682,1.1890695347673839
0.008832345228564506,1.7907953976988495
0.005513779871645141,4.772186093046524
0.0054456829900525125,1.4391695847923964
0.007780890183291089,5.0
0.0009533909039808677,3.3780640320160082
0.006173701918481336,0.9785892946473238
0.003993453900084334,2.3306153076538267
0.006650766069286024,5.0
0.008965736178646197,0.9364932466233118
0.004495182517274182,5.0
0.001760819929035408,4.3933216608304155
0.009872957175051725,0.05
0.006912882198697512,3.4696848424212106
0.0043386964022060145,3.695022511255628
0.006575944519831456,1.05040020010005
0.0034452140647453014,2.134992496248124
0.004909881698635578,0.2381940970485243
0.0010697895601713622,4.242271135567784
0.009664770952882318,0.05
0.000996896715112397,3.853501750875438
0.008800162713852082,5.0
0.003073060201907292,5.0
0.005333735568502376,2.2216608304152077
0.003120510078193535,2.9323411705852926
0.007169228867873967,5.0
0.007409337152233991,2.266233116558279
0.0035798545390677006,3.0016758379189596
0.0043416416828316665,3.680165082541271
0.006061525621848016,4.660755377688845
0.00471429137200078,0.05
0.0037566605644360138,2.5163331665832915
0.004214354304316319,2.719384692346173
0.012324399100231496,0.05
0.011307061868611502,3.7148324162081043
0.005605950838900441,3.0066283141570787
0.00554571637469832,0.05
0.00733546847510947,1.7561280640320163
0.009450915173967442,0.05
0.0008703116064940619,0.05
0.005534157986842703,1.5704102051025515
0.006233155888468921,0.05
0.0028289441822387934,0.05
0.0027444088697938657,4.858854427213607
0.00487819912515812,4.26208104052026
0.010184486502444676,2.2117558779389697
0.0018190166230983365,0.05
0.007049124015391817,4.375987993996999
0.008106897888341347,2.7689094547273636
0.0053107671038551685,3.7990245122561284
0.00667691014475414,1.4639319659829917
0.00441846331148385,2.9323411705852926
0.006775270891455042,5.0
0.010479651519173218,4.05407703851926
0.0016115868033104025,1.0479239619809906
0.0017202389845803537,2.652526263131566
0.005332234439456282,0.7755377688844424
0.004338748464875711,3.083391695847924
0.006233850729237905,0.5502001000500251
0.005903696191875987,4.84152076038019
0.0017316161841281555,3.563781890945473
0.0033348776640092573,2.5089044522261132
0.0034027730246777577,5.0
0.0012671164005056482,0.05
0.0055503592986842765,5.0
0.001165186690237359,2.2290895447723864
0.001768034978402333,1.7264132066033018
0.0041567493264879005,0.05
0.0005992442670597273,3.0338669334667334
0.007121318948157367,3.6133066533266636
0.006090187814317319,2.4791895947973988
0.001687933420779171,2.746623311655828
0.009839908378322292,1.6026013006503252
0.0028678856580661855,2.5039519759879942
0.004071437911118511,2.872911455727864
0.0037715760840313917,3.7816908454227116
0.005418177031852718,5.0
0.00889500583748818,2.3182341170585294
0.008841236216584301,0.05
0.008479423406822846,0.05
0.006657392422145955,0.6814407203601802
0.006023879039372931,3.1948224112056027
0.005262358880063316,1.5976488244122062
0.0036424915904873997,3.061105552776388
0.0036688058869199097,1.2856428214107054
0.003215904927360465,3.2691095547773887
0.0011996407567884532,5.0
0.0027572380277785455,5.0
0.006949525460821254,3.241870935467734
0.003907820676041819,4.2051275637818915
0.0019473684710316491,4.299224612306153
0.0030162601023964383,0.1242871435717859
0.0018822217351073672,1.409454727363682
0.0062061016336761865,1.909654827413707
0.011538838426365702,2.647573786893447
0.005170663012537206,0.05
0.0033272957258117797,4.328939469734868
0.00440632520769773,2.969484742371186
0.008261331858675627,3.036343171585793
0.006464707988221789,5.0
0.004673213273687998,2.94719859929965
0.011240139037588998,2.5188094047023513
0.002812486933047219,3.833691845922962
0.006721920454854237,2.3108054027013507
0.0066701471766136625,5.0
0.006619641290168461,0.297623811905953
0.004817027453320938,1.9492746373186596
0.011929255888826033,1.2088794397198601
0.006251236037171266,4.759804902451226
0.01052409696168223,4.967808904452227
0.0026419577953916626,4.905902951475738
0.002959831324966758,3.3731115557778892
0.00845616411994457,4.933141570785393
0.009017751720054291,5.0
0.0035021235472894735,4.306653326663332
0.009647307723231177,1.78831915957979
0.010818665351585453,1.5704102051025515
0.007928136782119462,4.4626563281640825
0.003754577881054197,3.7148324162081043
0.008011656720342111,1.815557778889445
0.004705936029494297,2.957103551775888
0.008481688671724184,4.470085042521261
0.0013205794935029144,5.0
0.0017335985744884735,3.8188344172086044
0.008988450035424186,1.9245122561280643
0.0044030493384658725,4.683041520760381
0.004952224559948468,0.05
0.0059097036632812724,3.3508254127063535
0.009697594545930277,1.0231615807903953
0.007681652435286394,3.9451225612806406
0.007552755050458292,1.7511755877938973
0.002012729566312828,2.2389944972486244
0.004929463081667293,4.757328664332166
0.00373577915578107,5.0
0.0038578276779461934,3.652926463231616
0.008761137474937307,3.573686843421711
0.002350173450944737,2.4841420710355178
0.0059904232195405055,0.05
0.009251671670273728,3.846073036518259
0.0028302617090199406,3.667783891945973
0.0037394206288078047,5.0
0.011490729672656137,2.3182341170585294
0.00511825792543337,1.5406953476738372
0.004493857607485871,3.8188344172086044
0.002842992855790337,2.045847923961981
0.0031866926512354524,3.514257128564282
0.00383920294370646,3.9475987993997
0.001522828590098356,0.05
0.007105432601900191,4.861330665332667
0.010322305218171741,2.298424212106053
0.0007547866050620702,2.4692846423211607
0.0023225996546067038,1.835367683841921
0.004209242033463824,4.479989994997499
0.006159253262965951,0.05
0.00156597104024047,1.3351675837918962
0.0037862020338584185,2.9496748374187094
0.005461969083443673,0.05
0.004967211806375937,3.754452226113057
0.0011841025168590064,5.0
0.011412161463653162,3.499399699849925
0.015405453941104083,2.8184342171085546
0.00312744814263452,1.352501250625313
0.008794200413038966,3.8064532266133067
0.003038634352977236,1.7635567783891948
0.011477348754505547,4.31903451725863
0.003005734369556104,0.05
0.00683113439073655,0.05
0.010317811116064245,3.0388194097048524
0.003963432429114476,1.8279389694847425
0.005877016180043479,0.05
0.004559052502852934,4.3933216608304155
0.00622193946263172,2.4866183091545775
0.004808286194056273,1.320310155077539
0.010459910203130536,3.7767383691845926
0.008644192061371729,5.0
0.011135633997052197,0.05
0.007650900028773909,2.199374687343672
0.006297350486521393,5.0
0.004777244674993575,2.716908454227114
0.003953661067574617,2.2365182591295647
0.009580762629520012,0.05
0.009427087250977184,4.073886943471736
0.0038011878958503983,4.4032266133066535
0.004729118432159549,3.073486743371686
0.006996566333891438,3.4275887943971988
0.0071947329979187985,2.0582291145572786
0.006738670735669736,1.3648824412206104
0.011639811377997938,0.05
0.006974841340738065,3.4548274137068535
0.0011196597958391744,2.7689094547273636
0.0037848223244504736,2.6500500250125065
0.002359833863626107,5.0
0.003200156047738642,1.567933966983492
0.0043538138225033135,1.7709854927463733
0.0027232984303516145,4.938094047023512
0.00389041723383466,2.6129064532266133
0.003450305333545567,5.0
0.0021663618717421146,5.0
0.0057276806245324455,2.984342171085543
0.0035940034140585497,5.0
0.005634483819146413,0.05
0.0034363735248951685,1.8279389694847425
0.004624826501030861,5.0
0.006247767575973513,1.488694347173587
0.0037543708497841527,0.05
0.0065162619601137756,4.046648324162081
0.01196022019910218,3.9624562281140574
0.017168636937610678,2.3603301650825412
0.0030848434996045004,0.05
0.004330410565574719,2.10280140070035
0.003882349543861685,5.0
0.011563618076360846,3.447398699349675
0.0047712088425224605,1.694222111055528
0.00711396482348943,1.4763131565782894
0.005497952282531984,3.6133066533266636
0.0034628794727843623,2.0631815907953976
0.005084031188649717,1.614982491245623
0.002357579766797492,3.764357178589295
0.0035916630178054534,4.829139569784893
0.007064779228629504,2.273661830915458
0.004799155281018257,2.026038019009505
0.0021202768262878757,1.7016508254127065
0.0063670445396345615,1.8527013506753378
0.002386921545392169,2.087943971985993
0.011998946219833488,3.20967983991996
0.007426795990202503,4.435417708854428
0.006909091907873213,1.3549774887443724
0.001977867527590736,3.5514007003501753
0.00659640076070208,2.3652826413206602
0.00453863160036317,3.920360180090045
0.0012811325081793987,5.0
0.0069414159606399975,2.130040020010005
0.005861622954543989,4.861330665332667
0.004927674535724222,0.05
0.003145212416259917,2.647573786893447
0.004723833807913698,5.0
0.013300542061777595,2.3751875937968987
0.007209386410320033,2.778814407203602
0.0035803960321020498,1.1519259629814909
0.009403801710891689,3.910455227613807
0.0027824489399133484,2.5237618809404703
0.006048585378890282,3.588544272136068
0.0054818551741700125,3.4350175087543775
0.006867033885941301,4.249699849924963
0.0040014502197075474,3.3780640320160082
0.0072600302089989854,4.460180090045022
0.014671290680853433,0.8275387693846925
0.004634591887627673,1.2212606303151576
0.01052682097977655,1.1073536768384193
0.003594952512274964,0.05
0.0043422989621268795,0.6542021010505253
0.00508139958995156,1.5902201100550277
0.006191167152758255,2.293471735867934
0.00322518339754594,0.05
0.013288890637803537,0.5427713856928464
0.015090030059512129,4.271985992996498
0.0036780414642447676,4.232366183091546
0.0029965085780605943,5.0
0.006143003235739186,5.0
0.0022236887570870403,2.1325162581290646
0.0018979291504865256,0.9018259129564784
0.0011185597753730833,1.9294647323661833
0.0023699297323588955,0.9414457228614308
0.008472655089803216,4.8662831415707855
0.010639004128226305,4.440370185092546
0.008185871541894707,3.4696848424212106
0.005231401166567083,5.0
0.006248125258334042,2.986818409204602
0.0010818905265244164,4.598849424712356
0.007739966914725657,0.9315407703851927
0.003241439011628655,4.450275137568784
0.005283125588737253,2.308329164582291
0.0068421707417084185,4.091220610305153
0.01044667500163303,3.509304652326163
0.003384821374557513,4.930665332666333
0.00683179802942567,2.308329164582291
0.005684023074691291,3.749499749874938
0.007134942046833903,2.637668834417209
0.006414034214704795,4.388369184592296
0.0029870392391483924,3.920360180090045
0.006100546965769137,1.040495247623812
0.0015895977673867495,3.058629314657329
0.005762710827571925,4.943046523261631
0.012818022956090212,0.05
0.0081341421285782,4.794472236118059
0.009586709204914182,4.21008004002001
0.0051195453982493255,5.0
0.0043803192880973035,5.0
0.002043880520245782,5.0
0.006478242109477131,4.435417708854428
0.011711940121055892,0.05
0.004856688677555017,3.125487743871936
0.010776971367364711,1.352501250625313
0.012300689533816654,0.05
0.003019037290865202,2.726813406703352
0.003251912419558002,4.172936468234117
0.005583908884961533,3.558829414707354
0.01460386805653198,0.9860180090045024
0.004108198563606717,5.0
0.002115234275436681,2.115182591295648
0.003911059793182847,5.0
0.005215356321977942,5.0
0.0026590617982124726,2.0607053526763384
0.004967107664648057,5.0
0.005215998219631021,0.8993496748374188
0.0036317920630167047,2.4445222611305653
0.0058515802508829345,0.05
0.01229614076264783,2.8531015507753876
0.003113673863840885,3.1873936968484244
0.007412081993982363,4.026838419209605
0.007913342470032947,5.0
0.005489730388697593,3.7717858929464736
0.009592414058344906,3.925312656328164
0.005180479994592743,0.05
0.002280158673978565,1.57783891945973
0.004304974075195617,4.873711855927964
0.0042514969796188865,0.05
0.006825153241746838,4.621135567783893
0.008132763664027813,1.4391695847923964
0.00936360256963447,1.6645072536268135
0.0011260366929128768,3.20967983991996
0.005081534142147487,1.0058279139569786
0.010904416488331486,2.3850925462731367
0.003941201765616853,3.9698849424712357
0.003711116314459431,2.2860430215107552
0.004241733940327064,5.0
0.003278632895411443,2.2909954977488747
0.01213829997513382,0.42391195597798903
0.00872986820995477,0.6220110055027515
0.004134341115277641,1.0900200100050026
0.0086796382987991,4.059029514757379
0.007873958243892823,3.031390695347674
0.008934925945760633,5.0
0.0016792571973603676,3.784167083541771
0.0019918513438525534,2.0012756378189094
0.007496860477559056,4.638469234617309
0.006528909127577837,1.9121310655327666
0.004220580700611598,2.0755627813906954
0.001965410655433701,1.5580290145072537
0.0067061388807105535,2.4098549274637318
0.002066673421941889,1.5283141570785395
0.00441185035756652,0.05
0.011958724155793979,1.8947973986993498
0.00279152722857548,1.4614557278639322
0.0039937388080184336,5.0
0.004162420007248466,1.3970735367683844
0.008778488516128356,0.05
0.001975116575217928,3.340920460230115
0.014141714994468271,4.829139569784893
0.004155362122215463,0.05
0.006443589317069301,2.3529014507253625
0.00159041263099588,2.9026263131565786
0.006943187232088949,4.180365182591296
0.00721964508373605,2.023561780890445
0.003941241810065582,5.0
0.008203020232942684,3.5018759379689848
0.01155207113978552,3.073486743371686
0.007856903411480196,5.0
0.0014529483319135825,5.0
0.005954949837793801,3.1651075537768887
0.008325809702197741,0.05
0.007470072781337926,2.6797648824412206
0.0023628255250148153,2.4742371185592797
0.00986359315648197,1.7239369684842423
0.006093787920854021,1.0726863431715858
0.004936769001939477,5.0
0.009111918913498676,1.9319409704852428
0.004137864426296406,4.814282141070535
0.008936999934562408,1.1147823911955979
0.0053361473741899215,0.05
0.006516459802834142,3.2592046023011507
0.0036812631018559444,1.8898449224612308
0.006161280073479103,0.05
0.0043984184105416504,4.457703851925963
0.008248307282313322,3.331015507753877
0.003424082339911011,2.7689094547273636
0.0024859266578918723,5.0
0.01836571529323798,3.873311655827914
0.017547761526352963,4.497323661830916
0.003651301782166931,5.0
0.007051852824636683,3.0165332666333167
0.0025354577659298452,5.0
0.0013281961604324835,5.0
0.014486597205946791,2.882816408204102
0.015205618701333842,3.214632316158079
0.003239163690912421,0.05
0.00769831301630465,1.1544022011005504
0.010463704322764049,2.620335167583792
0.00845579575694965,0.05
0.0027616426876632336,0.6566783391695848
0.010667371491960481,3.7346423211605804
0.003999217547975914,2.1473736868434217
0.01253323073167465,3.6306403201600803
0.0037003762880762625,4.687993996998499
0.004138287349788147,5.0
0.003983722887214727,4.915807903951976
0.007388302166677969,1.9715607803901953
0.002173544942805354,2.910055027513757
0.0028854787321346276,5.0
0.006812769660011618,0.05
0.004921628973110291,0.5700100050025013
0.0009375762958448372,4.227413706853427
0.002257774442882797,0.05
0.009141099488255776,4.601325662831416
0.012525458301247835,4.967808904452227
0.0022846027400593716,0.05
0.00785723619447759,3.514257128564282
0.0015725833448137633,4.742471235617809
0.009751245783401363,3.7024512256128066
0.0031980757526180667,5.0
0.006077947844921286,4.1060780390195095
0.00794155016985948,1.1841170585292649
0.007009416043872958,3.437493746873437
0.0024243530461084684,2.560905452726363
0.004450443484403918,2.2167083541770887
0.00199248782694441,4.512181090545273
0.0035640699020269354,1.951750875437719
0.008925255275871014,0.6393446723361682
0.005736508583226885,1.6818409204602303
0.004668153652057375,2.5163331665832915
0.0038769440534230787,1.662031015507754
0.002512633325673884,2.7391945972986496
0.0068045697907963415,2.657478739369685
0.008925631462367863,5.0
0.005304393542955289,1.5332666333166585
0.01021895113560288,1.2806903451725864
0.0026888519587507723,5.0
0.00419937497856069,1.4812656328164084
0.002042622342274994,2.798624312156078
0.0042085425078544,5.0
0.0028543273440610056,3.9723611805902954
0.0044358475405415695,4.068934467233617
0.008575001835963943,5.0
0.004385808637892986,4.011980990495248
0.0012648603777359047,4.111030515257629
0.0073580559392761105,4.413131565782892
0.0035540569040313497,2.6748124062031016
0.008350018847073648,2.196898449224612
0.013340875663387833,2.7590045022511256
0.0011254111777048575,3.727213606803402
0.0037335336979571407,4.975237618809405
0.009441909791232647,4.94799899949975
0.003461183569975143,3.2592046023011507
0.005223959640259859,5.0
0.0101087369661928,4.10855427713857
0.005666605782744291,2.7540520260130066
0.011338656850270815,2.6748124062031016
0.0026670232024040633,4.361130565282641
0.0014289571615513988,4.014457228614307
0.008707345489449549,4.73751875937969
0.009518245834795998,3.558829414707354
0.0012860726119492266,3.610830415207604
0.010516360839732536,1.3178339169584794
0.0022433729432989047,3.0264382191095547
0.004102973196626072,2.867958979489745
0.006073728823418882,2.4148074037018508
0.00378924298223271,5.0
0.0027185401982220345,2.100325162581291
0.005987862424999178,0.7309654827413707
0.004188176852370551,5.0
0.007084863861713309,4.195222611305653
0.009372417496160135,1.2707853926963484
0.009011293607730432,2.1374687343671837
0.005131262872539684,5.0
0.009253361934762554,1.78831915957979
0.006960504291155155,1.3178339169584794
0.004077288173800583,1.6496498249124565
0.0094485013998096,0.05
0.01218252032127707,3.6875937968984496
0.003913846107126896,5.0
0.003799032231757496,2.451950975487744
0.00473687426015218,5.0
0.005971783864687434,5.0
0.004766261374497094,3.769309654827414
0.005000016329119679,2.466808404202101
0.001960006164663207,4.375987993996999
0.0018694268714559842,1.320310155077539
0.008801577774715401,0.05
0.0073477965045157315,4.299224612306153
0.0098382820948296,0.9166833416708355
0.005696400671690617,5.0
0.0012548619965820004,1.0751625812906456
0.006659603626503641,2.5386193096548273
0.007384786076930432,3.504352176088044
0.006816896775248153,2.9323411705852926
0.0036487232211607906,0.05
0.002476621522930475,3.4820660330165083
0.0032355411014133376,5.0
0.005402837970361979,4.536943471735868
0.005600248036591399,1.8403201600800403
0.0009614878257380027,5.0
0.005514912886556339,3.7173086543271636
0.0033472116433852367,0.05
0.0034759869147430525,2.4395697848924462
0.004625219107347013,1.3599299649824914
0.005681805593578004,0.8225862931465734
0.002505196561933029,5.0
0.008502262728658644,1.2584042021010506
0.0016945140193813865,5.0
0.0016000583677252336,3.3013006503251625
0.0026539897203688295,2.0681340670335167
0.011229911529649833,2.288519259629815
0.005781151328453409,3.251775887943972
0.0031832885453966925,0.05
0.002721043166613306,2.0904202101050524
0.006561179772825998,2.021085542771386
0.010759496273984558,1.6422211105552778
0.007549206271663979,4.957903951975989
0.004260211908506076,0.05
0.01557116130905082,3.071010505252626
0.0030424128804777267,3.2294897448724362
0.010864204931275455,3.5489244622311156
0.003592153380257361,4.252176088044022
0.009760762798226089,2.583191595797899
0.006575386844799254,3.1552026013006502
0.005943663868026555,0.05
0.005344979232279508,3.57863931965983
0.004825466836623417,0.05
0.006750935686584379,5.0
0.007464268660395172,4.653326663331666
0.0014507138903155567,3.699974987493747
0.006934882596402625,0.48086543271635823
0.002882988232074307,2.729289644822411
0.005768304156474176,4.779614807403702
0.0037637834433791317,2.7911955977988994
0.009266698457142175,1.1370685342671336
0.001275234387665719,5.0
0.007028626955794232,3.3929214607303653
0.00946294246161529,2.6896698349174586
0.00600757720401552,0.05
0.0039003959924416506,3.6034017008504255
0.004296960087767254,3.0437718859429714
0.002628315887241571,3.766833416708354
0.001904774957760029,2.026038019009505
0.0032790751512807303,1.4639319659829917
0.00874995262169427,0.9835417708854428
0.004539963321578924,1.862606303151576
0.0034218276498900746,2.003751875937969
0.004295847606384143,2.5658579289644825
0.005765962840545209,1.73631815907954
0.004775447897985702,1.993846923461731
0.003596116066602602,3.5563531765882943
0.0032694199438412924,1.5704102051025515
0.008740613505373716,0.05
0.0012120890341830656,2.189469734867434
0.004566347931434039,3.4721610805402703
0.002755375652127273,1.2608804402201101
0.005951586109159877,5.0
0.005676920262566977,4.987618809404703
0.0039362088688814564,3.3533016508254128
0.002223122909699407,5.0
0.009849477325725657,4.239794897448725
0.00452167686357044,1.9393696848424213
0.00398161224797762,0.05
0.006110844771527131,4.111030515257629
0.004041633397496296,1.2237368684342174
0.005463243669311828,0.22581290645322666
0.005080029675103896,2.615382691345673
0.006763702465403212,3.3805402701350675
0.006122599360284156,3.0487243621810904
0.007609076170227894,5.0
0.009829068244170028,1.3723111555777892
0.004764517588054788,4.665707853926964
0.002390994861271631,3.167583791895948
0.0022670152056108867,5.0
0.009618863345845247,3.7024512256128066
0.0035694716859350425,5.0
0.007695030500534349,1.1989744872436219
0.0025265001468135553,2.0904202101050524
0.00450611133422843,0.05
0.00423264994608144,0.05
0.004171299247826096,1.7264132066033018
0.009607473079999124,0.5378189094547274
0.0063587986074942,4.616183091545773
0.012107156526832023,4.89352176088044
0.005851478707649516,0.05
0.0038142137135748766,4.675612806403202
0.0028329298219612192,1.6372686343171587
0.008059070654894418,2.89272136068034
0.0107716874862493,2.7565282641320663
0.004949337363292887,0.78791895947974
0.005098581050631587,0.9835417708854428
0.004422100375945717,0.05
0.0023072246440012517,2.4098549274637318
0.007040976090695525,3.504352176088044
0.0033344220632293142,0.05
0.005283984864990099,3.0759629814907457
0.005153663997998603,0.37686343171585795
0.010139063845992898,0.05
0.005878813913520409,4.115982991495748
0.005908567564639186,3.4771135567783893
0.010990865872530078,5.0
0.012019112093893024,0.7185842921460731
0.0077032815691344125,0.3743871935967984
0.004471101136487757,1.3896448224112057
0.002060505709365973,0.05
0.00290348369248776,3.3929214607303653
0.005408626378773582,1.5035517758879442
0.002563165383273669,0.05
0.01735022479499101,2.3058529264632317
0.012269825519928564,5.0
0.004440964590283508,1.7437468734367185
0.004432730911591812,0.05
0.0017086340253208779,5.0
0.00424265691543925,1.7387943971985995
0.0023939625989927785,5.0
0.00738351788096793,4.571610805402702
0.004232144649445199,4.326463231615808
0.007088587472011368,1.2930715357678841
0.007924472746132706,5.0
0.006927313376655725,0.05
0.006908154226835682,2.3603301650825412
0.004788066085762925,4.499799899949975
0.00438186260905845,3.6083541770885446
0.00469208944967759,0.7359179589794899
0.005000998677195598,4.611230615307654
0.006062446488474024,1.9913706853426716
0.0008135973863282187,1.2286893446723364
0.0032140940606437546,4.8860930465232615
0.009719458951516907,0.05
0.0069032118211367205,3.390445222611306
0.006352389082170923,3.9030265132566284
0.0042001592108385916,2.6649074537268636
0.012201051787402918,2.863006503251626
0.00580648565883915,1.2930715357678841
0.004908506774197796,2.610430215107554
0.002092303183250488,4.591420710355178
0.004729644406688119,0.05
0.0041465001922442665,0.05
0.00619719718346691,2.6079539769884943
0.0031483502519794454,0.7334417208604304
0.00682421038335624,1.0479239619809906
0.002432885750810118,2.5658579289644825
0.00179118952954984,2.204327163581791
0.005646419631999362,1.4267883941970987
0.007540704033054339,5.0
0.00680377584148896,0.05
0.006002830417295296,0.05
0.003759473661580248,0.8572536268134068
0.009065394478574428,1.6347923961980992
0.00305222065668926,1.9443221610805406
0.00939969679648233,4.977713856928465
0.0046692054078070755,4.118459229614808
0.0026033646429078766,3.1552026013006502
0.0019168211074354555,1.9542271135567786
0.009735681176621262,0.05
0.006964187770370646,4.1754127063531765
0.004947765892747036,3.405302651325663
0.005153040537929338,3.531590795397699
0.003980962348823433,3.6603551775887944
0.012728931599746106,1.2881190595297651
0.0021179320885795563,1.1444972486243123
0.004974459939653335,1.9690845422711358
0.0053529838210105846,4.346273136568285
0.018448103799926917,2.9967233616808406
0.0005426042928622227,2.0334667333666836
0.005526856974574522,3.4498749374687345
0.006114490154040163,3.442446223111556
0.005451047301222568,0.9290645322661332
0.004872254459533633,3.8064532266133067
0.005407860142142125,1.5877438719359682
0.004555386446813303,4.653326663331666
0.0034891370241637923,2.0582291145572786
0.005280583384814963,4.717708854427213
0.010277982154613313,5.0
0.0065465140677993874,1.7808904452226115
0.010604259330314912,0.6987743871935969
0.01006239832079054,1.8229864932466235
0.0006249623889382078,3.68264132066033
0.0026412704167801462,2.10527763881941
0.007446020498878783,2.8803401700850424
0.005601561268152602,3.9500750375187597
0.005648300710441034,4.212556278139069
0.004123769428547232,1.7635567783891948
0.0020879404207988575,1.3376438219109557
0.006549858792870102,3.4622561280640323
0.005055154440997231,3.26168084042021
0.012845299076826341,2.9224362181090546
0.0029530848510551724,2.4049024512256127
0.006005189750077598,1.0157328664332166
0.010445915987205574,1.2608804402201101
0.005727863833680583,2.974437218609305
0.0025078080789541143,2.910055027513757
0.0037092205116602966,3.600925462731366
0.003697828598469566,5.0
0.007202935204558128,1.9789894947473738
0.023490056898935435,0.05
0.0025951838185469256,5.0
0.005082698238922774,5.0
0.013412482843881149,1.3079289644822414
0.006105194261403761,3.3706353176588295
0.005102534998808486,1.4193596798399202
0.009614457102833887,4.977713856928465
0.007624948813717593,1.2460230115057531
0.009558090711347646,2.8506253126563283
0.007765981107131288,1.1147823911955979
0.0018249506193578069,3.345872936468234
0.006776595863461049,2.52623811905953
0.0018767053313823029,0.05
0.009156420421571262,3.004152076038019
0.005326784857833597,3.851025512756378
0.00853895692978831,2.610430215107554
0.00792002642229974,1.4540270135067535
0.004544815429019668,1.9245122561280643
0.008137499270924872,5.0
0.01212680135571051,1.0355427713856928
0.004992693197428781,3.9129314657328664
0.007325293712224935,3.2592046023011507
0.008535351856812222,1.6347923961980992
0.006447851633585314,2.6698599299649826
0.005293422727188572,2.3380440220110055
0.0016052621826942032,4.467608804402201
0.005491971839072289,1.3822161080540272
0.004703053444758805,3.816358179089545
0.004625404616266489,0.9860180090045024
0.0006764731988211786,3.7445472736368184
0.0027777326260618462,4.024362181090546
0.007800592364256065,2.362806403201601
0.004384426741954377,2.7862431215607804
0.0018613023473738055,3.8807403701850927
0.006342878203446131,0.4016258129064533
0.005081461881042443,5.0
0.006039768212872353,3.833691845922962
0.008548613514794134,0.05
0.004938371276432547,3.390445222611306
0.0030882534635922956,1.3425962981490747
0.00389669043992822,0.6517258629314658
0.006766878312782311,1.731365682841421
0.004320929074997558,3.395397698849425
0.004781762447225044,2.835767883941971
0.003340052829088988,1.2856428214107054
0.005588914390764643,3.68264132066033
0.0047359168650470615,0.6442971485742872
0.0037721708762482598,2.0631815907953976
0.010928893477782663,3.1824412206103054
0.008791341435021895,3.061105552776388
0.013232504282487276,3.0908204102051027
0.003994272296679702,0.05
0.006579307790005651,0.05
0.008915598972329068,5.0
0.008379166281125276,3.6331165582791396
0.00965882691439323,4.673136568284142
0.003072966812588021,0.05
0.00884792513407108,4.683041520760381
0.007831133423394948,1.5382191095547775
0.002584017703779827,3.20967983991996
0.005916772806618356,0.05
0.005471706341592053,0.29267133566783393
0.012812514879620714,5.0
0.004635804811652995,4.650850425212607
0.0035485254330726787,3.1279639819909955
0.0029990955081513684,3.5489244622311156
0.003184413406579413,2.825862931465733
0.007166758011700733,5.0
0.0011712991781569482,5.0
0.002042948792451045,5.0
0.009388430537165551,1.8180340170085045
0.00360840952299573,2.130040020010005
0.002624043348652877,5.0
0.0034478408073590136,3.8188344172086044
0.002557249676845119,4.200175087543772
0.005206252293917107,4.1357928964482245
0.006413466391691075,0.05
0.005312166537408618,4.799424712356179
0.007818124905966763,1.013256628314157
0.013890085486420956,2.0854677338669334
0.008353324779272052,0.05
0.004444033882781161,0.05
0.009299445161348348,2.172136068034017
0.0014586973635768163,1.8081290645322663
0.004589627771815874,5.0
0.004214999769364604,1.6224112056028015
0.00927840703489026,3.058629314657329
0.004575146527388274,3.3334917458729367
0.002920970528654282,2.3157578789394697
0.004138109976920108,4.0961730865432715
0.016409271647710062,1.7709854927463733
0.004721865879857311,4.118459229614808
0.0025367098279921244,0.05
0.0075554733524309595,1.9666083041520763
0.0028330787026997137,4.603801900950476
0.0024903984261001044,5.0
0.0045788459210858515,1.7759379689844925
0.007989587229264523,0.3248624312156078
0.006331406975437083,1.8898449224612308
0.0036623841490347614,1.6843171585792898
0.002464695910434453,4.834092046023012
0.007295541215706164,1.6719359679839922
0.004838940846195829,3.925312656328164
0.010208381280732662,4.744947473736869
0.015117541059489002,3.058629314657329
0.010340614891699296,3.8980740370185094
0.004089300650642273,0.05
0.0067195539075401295,0.05
0.004259630224493646,2.0730865432716357
0.0057298653915318284,1.9913706853426716
0.01502011238328204,4.271985992996498
0.006720877251722199,5.0
0.009627275753826929,2.647573786893447
0.0024018761620002507,0.9736368184092047
0.00822087263974728,4.202651325662831
0.007202573944564444,0.42391195597798903
0.004905958231384254,3.838644322161081
0.002422408968358186,3.583591795897949
0.0054261835315133344,3.6380690345172586
0.009483745455901478,0.05
0.0065807276792849145,4.398274137068534
0.0032086203177212266,1.5184092046023012
0.006553414459960799,1.6125062531265635
0.010266709260180813,0.8919209604802403
0.0055917183631487705,1.5803151575787895
0.002426633130240642,4.868759379689846
0.005506917902291651,3.251775887943972
0.0034315725440368094,3.6405452726363183
0.004386689695804365,4.470085042521261
0.0011711923761412793,2.4123311655827915
0.004948168092701072,0.9439219609804904
0.006610912473997574,0.05
0.006441047310269329,2.5708104052026015
0.007786271577481296,0.9315407703851927
0.0031598660570936396,3.754452226113057
0.0023752211483771893,2.9496748374187094
0.0043983727839292455,3.6380690345172586
0.010909960262839503,3.8708354177088546
0.007768138259206414,2.714432216108054
0.0060188788549290564,1.3425962981490747
0.019608328497597298,2.8555777888944474
0.0024161520760978897,3.499399699849925
0.0077782242993150105,0.05
0.0011361447284255546,0.05
0.0036503172907903017,4.499799899949975
0.0035709171701884743,2.719384692346173
0.006530079002985939,3.643021510755378
0.004683209843995617,4.791995997999
0.0077227629021328,1.7511755877938973
0.005137222553002176,0.05
0.006586406850807226,2.971960980490245
0.006727119245389247,4.663231615807904
0.005738703811397662,2.008704352176088
0.006265995441945803,0.919159579789895
0.004248395730752148,5.0
0.00781860673966464,3.5018759379689848
0.006189900223827427,2.3306153076538267
0.009734717466071983,4.361130565282641
0.0036644618138636648,4.554277138569285
0.004169933055172,1.9393696848424213
0.0030947027519501874,2.6599549774887445
0.0066003685846173984,2.625287643821911
0.003858352320166125,0.05
0.006951693274287518,2.806053026513257
0.00412709897275524,4.071410705352677
0.008158560105851642,3.563781890945473
0.00579914619340581,0.05
0.0019192911195985776,3.1180590295147574
0.004998586915407895,1.3178339169584794
0.012034888448900286,2.9991995997999
0.00745546658352355,1.1073536768384193
0.004287837870091023,2.5336668334167083
0.00411037467984237,5.0
0.006710424602328693,2.1597548774387194
0.00879820393335775,5.0
0.009743747873264055,0.8324912456228115
0.0032975905937623062,2.0854677338669334
0.006591255789635479,4.712756378189095
0.0026519300833294027,1.5803151575787895
0.005806448411566079,1.5803151575787895
0.0034975473507426955,2.877863931965983
0.008292803374215216,3.2171085542771385
0.006943664352507949,2.3009004502251127
0.013677492502272313,5.0
0.004427857924653361,1.3475487743871937
0.011678146130197867,5.0
0.01099425460383581,3.3879689844922463
0.005133083503614168,1.3747873936968487
0.004008588496009609,0.6492496248124063
0.003127423577427152,3.5489244622311156
0.002416439633925932,3.7222611305652826
0.006562860669106503,4.1853176588294145
0.003627656540616947,3.227013506753377
0.006775644313925425,2.2365182591295647
0.0033911776189822634,3.1552026013006502
0.006190130050615847,5.0
0.0028765741409090134,5.0
0.008139231949700919,0.8919209604802403
0.008471159770617007,4.754852426213107
0.0012062159069249276,2.0780390195097547
0.0015519035109635565,5.0
0.008401206085692142,4.029314657328665
0.003578633081222117,3.1898699349674837
0.00648846407118641,1.1890695347673839
0.018295087527940145,4.683041520760381
0.0019553244948372905,2.94719859929965
0.010391193778710887,0.05
0.004029968792541007,4.036743371685843
0.004302975235627997,2.984342171085543
0.006511854360298407,5.0
0.008284177457273764,4.5319909954977495
0.004593913618975598,1.815557778889445
0.002450277660361981,3.749499749874938
0.007190808191384172,5.0
0.008109976124691443,2.446998499249625
0.007285140055893931,5.0
0.005101628531076534,0.05
0.007700953249847181,0.05
0.003025274949696448,5.0
0.00878988293827384,3.9971235617808905
0.0027244366835076778,5.0
0.008081353987488604,5.0
0.004048175372748729,1.2806903451725864
0.007513146607852399,3.2072036018009005
0.006504406278321009,2.974437218609305
0.00254602132449621,5.0
0.003622081655945554,1.2658329164582294
0.004860929418834585,2.813481740870435
0.005950709179973715,5.0
0.01743664957777849,1.6818409204602303
0.017872835218465347,1.4119309654827414
0.007920247440204219,5.0
0.001991624217298031,1.8873686843421713
0.006297375030586534,4.011980990495248
0.008507788465911659,1.793271635817909
0.0046782809140194365,0.9736368184092047
0.007003955632413676,2.3999499749874937
0.0037777058721164478,0.05
0.006352502596103982,5.0
0.008837381300831795,1.3772636318159082
0.007178339926516758,2.8654827413706854
0.004490958383115813,2.2959479739869937
0.0037411062865022465,1.7090795397698852
0.002815921766104172,0.41895947973986997
0.004749326054263717,0.05
0.002986961129049198,2.4915707853926965
0.002343727138256861,1.6323161580790397
0.010752880912363066,1.1816408204102054
0.002395614444119308,4.913331665832917
0.005668848180576377,2.2464232116058027
0.006934949326228866,0.05
0.0034177897836304844,1.9170835417708856
0.005624098837725723,1.2757378689344674
0.0021644036089604538,0.05
0.004903842152986733,1.9071785892946476
0.002743737841163843,0.05
0.006929717406980833,0.05
0.00543851449203496,0.05
0.007770991484080246,3.137868934467234
0.008577635351864746,4.564182091045523
0.006307531337489805,4.95047523761881
0.007169250087120549,5.0
0.00553437352351073,2.9075787893946976
0.0029294239842593828,1.0900200100050026
0.0014620842831881004,1.657078539269635
0.00517033717489946,2.3479489744872435
0.0028317860580257745,3.521685842921461
0.008033972243354642,3.747023511755878
0.002637095380295003,3.3136818409204603
0.0023706791752359305,1.7685092546273138
0.006967823696433978,1.6768884442221113
0.0027155090997714876,2.5633816908454228
0.004904611963393701,2.6921460730365183
0.0023974616108805927,2.5584292146073038
0.0055278607529514676,2.3702351175587792
0.0031600047986907256,3.620735367683842
0.005045807737127539,2.8580540270135066
0.00607823991029717,4.928189094547274
0.004542613777393713,5.0
0.012818121741797688,2.8332916458229116
0.009419651106588184,3.9723611805902954
0.004478403043622958,2.801100550275138
0.006521005252920237,5.0
0.0033097529355542166,2.47176088044022
0.005559366795468167,5.0
0.004049723015823341,3.0190095047523764
0.0017377007271492453,2.2117558779389697
0.0072916426177696975,0.05
0.01030671219160472,0.6022011005502752
0.003624668440421766,4.385892946473237
0.005156636020222004,5.0
0.0055585719107240986,4.415607803901951
0.007515585408529243,3.57863931965983
0.0063166817438652725,1.5951725862931467
0.007965405513426137,4.799424712356179
0.0050593437005410705,2.863006503251626
0.005164262785921622,1.3475487743871937
0.004780460653145122,2.8605302651325664
0.0016792888320758745,5.0
0.0036179019667086504,4.858854427213607
0.004091498774782029,5.0
0.008506577899857579,1.483741870935468
0.002864733387391759,3.2641570785392697
0.0054958585409645225,4.561705852926464
0.0019401797311271382,0.05
0.00795555584287344,3.8287393696848424
0.004657505339006017,5.0
0.00744368906867935,2.647573786893447
0.008335148995840008,1.2361180590295149
0.004704438100058821,1.9294647323661833
0.00787822046979187,1.2361180590295149
0.0023776125628582334,3.4919709854927463
0.011609208538512647,3.331015507753877
0.0013557988100251217,1.2187843921960981
0.006145778456838807,0.05
0.0037699089931461163,4.170460230115058
0.0038287018964218225,5.0
0.0015699419227190384,1.4490745372686344
0.008521368892835272,3.078439219609805
0.014965631409779023,3.506828414207104
0.00415492008088944,4.024362181090546
0.009998444919905251,4.326463231615808
0.006504710029037096,3.6875937968984496
0.009907855433897494,1.3549774887443724
0.006101957220485475,2.7490995497748876
0.008786263430885531,3.9599799899949977
0.00672195748612997,4.180365182591296
0.0016109676052241673,4.938094047023512
0.0018373640219766021,3.4870185092546273
0.0030279039657195583,0.05
0.006093193709339535,4.041695847923962
0.001683458464451143,5.0
0.003365478435328209,3.3533016508254128
0.004749995514436688,0.05
0.006175936520813351,5.0
0.007572774216059182,2.969484742371186
0.001773543054139945,1.7264132066033018
0.002085522320104005,3.68264132066033
0.003725466884704612,2.5485242621310658
0.007364390467226381,2.8753876938469234
0.000992773268545806,2.172136068034017
0.0022108321938372408,1.4069784892446224
0.004410464903042588,1.3351675837918962
0.001866542864554642,4.89847423711856
0.007909988267935174,2.7664332166083043
0.005673357701188833,0.05
0.007912604023154426,5.0
0.007539615930281768,3.2121560780390195
0.0055977509730243055,2.5435717858929467
0.0039024780899796427,4.678089044522261
0.00629152400521335,5.0
0.006975072407884718,2.952151075537769
0.004349520884829677,4.390845422711356
0.00879272742746385,2.7590045022511256
0.003126060441772306,3.853501750875438
0.011364726493721493,0.05
0.004365610026128584,3.595972986493247
0.006297335417388222,2.2340420210105054
0.013065850711623313,2.0384192096048026
0.0036155569107010066,1.8972736368184093
0.0012828942543733832,1.4688844422211107
0.007336953073061821,4.482466233116559
0.009889789761386061,0.05
0.0032577293840949373,0.05
0.007581177004464507,4.489894947473737
0.009981843325525465,3.9451225612806406
0.017153787419622608,3.8064532266133067
0.005656764095904376,0.8275387693846925
0.003692233190540968,1.1915457728864434
0.0012057600261312085,3.647973986993497
0.00330358680419382,4.2645572786393195
0.005677579680430984,4.467608804402201
0.015565142045932193,3.873311655827914
0.002782818178450594,1.3648824412206104
0.003464077037209627,3.6355927963981993
0.00939378091224298,0.9662081040520262
0.0051196728164061844,2.2860430215107552
0.009117554941857363,2.186993496748374
0.005078366258092243,5.0
0.003540705640482339,1.7511755877938973
0.0047803708442479415,5.0
0.00542350949032664,3.8064532266133067
0.001967915918243371,2.3207103551775887
0.007555511194283639,5.0
0.00086159002995332,3.6974987493746876
0.005674111426225634,3.130440220110055
0.001983112344763109,4.878664332166084
0.002418303434416208,3.219584792396198
0.009548574787750994,3.046248124062031
0.006473612720629664,5.0
0.006700729610087865,3.8856928464232117
0.005284892931838751,2.0755627813906954
0.003555587495788895,3.751975987993997
0.0053631466969398175,4.004552276138069
0.0053577804057278605,3.410255127563782
0.00220222140535941,5.0
0.002196721231858094,1.478789394697349
0.0019691919271127498,5.0
0.008909700723856662,2.778814407203602
0.00844874009066332,2.177088544272136
0.006803502213356606,0.05
0.0019960829552726836,1.5926963481740872
0.012277841474965516,1.605077538769385
0.003211833993521769,4.883616808404202
0.004374707342554143,2.5287143571785893
0.0076680195256556005,3.811405702851426
0.00915725063055614,0.05
0.0037840522805138305,5.0
0.005194542020783989,0.255527763881941
0.004709064869486974,1.9864182091045526
0.007022159839256942,0.05
0.003909825400198359,4.328939469734868
0.006266890445236546,1.446598299149575
0.006468933542480744,2.4816658329164585
0.005813096966941864,2.2315657828914457
0.004555807937913263,5.0
0.010060688529876571,3.306253126563282
0.0051319367412755515,2.8555777888944474
0.0035383512907161824,1.134592296148074
0.0024702680398208804,5.0
0.003282037261328287,5.0
0.008828894774620961,1.1692596298149076
0.010272702205042526,4.990095047523762
0.009719913902267799,0.05
0.001857733288768322,1.5605052526263132
0.007160152052981816,0.05
0.006138076655251824,2.377663831915958
0.002101497641036329,2.642621310655328
0.009425227722666123,1.3921210605302654
0.011513469130542464,2.2488994497248624
0.008430171742230846,1.8824162081040523
0.006691428632690753,3.3978739369684843
0.00602335163413853,2.9372936468234117
0.002108889173746159,5.0
0.004561180245303782,1.2435467733866934
0.0064754286594969485,1.6645072536268135
0.0038187075620156816,3.652926463231616
0.006788480313688408,3.204727363681841
0.0025162412870064488,1.9245122561280643
0.006371083130908645,2.224137068534267
0.0038720980375139824,0.05
0.00508879706753005,3.4696848424212106
0.009543789033505702,2.1226113056528266
0.007091117806625802,0.05
0.004927832761811662,3.4672086043021513
0.0068670924626042795,5.0
0.005845259475643232,4.435417708854428
0.004030529115419186,2.4965232616308155
0.0036735520947531117,4.923236618309155
0.004137869442700774,2.984342171085543
0.008319821477352572,2.835767883941971
0.0074184343040894565,2.967008504252126
0.004611659574702519,5.0
0.0063093030500212186,3.7915957978989496
0.00497561444582776,5.0
0.0007256847920883921,5.0
0.0049833038754538775,3.415207603801901
0.006490286696634678,0.9315407703851927
0.002086229782120738,1.8848924462231118
0.0026955103086628365,4.583991995997999
0.0015176150274747238,3.1799649824912457
0.006642912058400077,2.8184342171085546
0.010011890397138602,3.699974987493747
0.012850987956642863,4.722661330665333
0.00836019441902005,4.725137568784392
0.004646702608856433,0.05
0.006939680132299515,3.4721610805402703
0.002316135686744422,4.697898949474737
0.009790624223145722,1.6546023011505755
0.007243178045986037,1.904702351175588
0.010753350888121814,3.8856928464232117
0.0044771022202887215,1.9864182091045526
0.012058773319401549,5.0
0.001872056620485986,1.6917458729364685
0.01387944753697739,2.0854677338669334
0.002547986824577235,1.5406953476738372
0.0029197022659929878,1.2608804402201101
0.011469541278931301,4.891045522761381
0.004750200348055733,0.20105052526263134
0.00873327220255958,4.623611805902952
0.0017680672773783476,2.1226113056528266
0.008545831801945639,3.8089294647323664
0.0032374671885927464,5.0
0.00400656252774996,5.0
0.003786528947268275,2.9967233616808406
0.0031161738260934713,1.3648824412206104
0.007344726754047612,2.867958979489745
0.0026293615079255803,3.3582541270635318
0.004360336693115627,2.3949974987493747
0.004312391028460677,2.3603301650825412
0.004381080473665339,0.05
0.008098137042474425,0.8201100550275139
0.0022918323750257055,2.647573786893447
0.0032187654339789554,3.5489244622311156
0.006062715084312283,2.4321410705352675
0.003808154070077459,1.5803151575787895
0.007692661690364033,2.9125312656328166
0.0033271852852114203,2.189469734867434
0.006434726084762241,0.9290645322661332
0.010800716060518717,2.3058529264632317
0.006499358539305319,1.7090795397698852
0.003908174351710522,5.0
0.008996895359526545,4.814282141070535
0.0036820977843089395,1.1395447723861933
0.0036949402992280597,4.1357928964482245
0.002252562753326151,0.05
0.0035402464089277982,3.905502751375688
0.007825758075305757,0.05
0.007794464534279025,5.0
0.004197320537380901,1.3797398699349677
0.004795393143002515,4.031790895447724
0.0047947083554647635,2.969484742371186
0.008612222852366055,2.4866183091545775
0.004858552853771042,4.673136568284142
0.003003597116055308,1.941845922961481
0.007762626023749275,2.3999499749874937
0.007666035254208288,2.26128064032016
0.0033405705615606462,3.531590795397699
0.00939647025106305,1.0107803901950976
0.0021074256296604865,4.809329664832417
0.0037090679052181677,2.1424212106053027
0.0036135850375654394,3.331015507753877
0.0035390974042470644,0.9414457228614308
0.0037216244868163925,0.05
0.0075833390576626955,3.0338669334667334
0.0054573200547990905,2.498999499749875
0.009927705814798057,1.0974487243621813
0.004992576165676721,1.9467983991996
0.0023642329463929093,0.05
0.006743342582858386,2.2959479739869937
0.005287164513487118,1.7709854927463733
0.004677174245954568,3.1651075537768887
0.005008946074341887,5.0
0.011181525528362102,1.0627813906953478
0.00497932432437876,1.3005002501250627
0.0024713156368759634,3.667783891945973
0.003192783515371396,0.7433466733366685
0.004205523212883901,4.427988994497249
0.001998594104849434,0.4709604802401201
0.0033465252636372747,0.05
0.003954722310486436,2.1523261630815407
0.006513726954074435,1.9814657328664333
0.010137813959353946,0.8077288644322163
0.0013654015434143157,1.9715607803901953
0.005352869783656594,5.0
0.003543021648316075,0.7185842921460731
0.007618992402070639,2.7490995497748876
0.00619347969795233,2.4222361180590295
0.00875789702925181,5.0
0.004834380962255143,4.455227613806904
0.013075581095777243,2.986818409204602
0.008494655055389003,3.7767383691845926
0.006922440647207109,0.05
0.0058361025996151936,4.306653326663332
0.005315163819031202,2.536143071535768
0.0039051838446043513,4.229889944972486
0.00442320287610163,3.6454977488744373
0.001917763004326549,4.014457228614307
0.014956033326632853,5.0
0.004444965830967498,2.867958979489745
0.0038757471802958465,3.8138819409704854
0.0026831525413177,0.05
0.004031834141018438,2.3479489744872435
0.0077288158667135,4.73504252126063
0.004684915730297924,5.0
0.00825862874142022,3.2294897448724362
0.008427424396966983,4.2942721360680345
0.0040711576441820885,3.7445472736368184
0.002570061178531126,0.40905452726363184
0.0013345628543683166,4.432941470735368
0.0070120474287320225,1.3425962981490747
0.0025664556929537383,4.566658329164582
0.005091546553242628,1.9220360180090048
0.014318498214058561,3.1651075537768887
0.003670700992836687,0.05
0.0028507028085336394,0.8869684842421212
0.0035234883938013925,1.6768884442221113
0.0057311397753321836,1.8873686843421713
0.00041324939169745667,4.071410705352677
0.005186506865338836,4.148174087043522
0.013308621880403604,2.10527763881941
0.009306868269555492,0.05
0.0028396839076599775,1.5456478239119562
0.007284759688848591,0.05
0.006450249010764811,5.0
0.0051062293968267,0.05
0.007521722670823926,1.8130815407703853
0.007500145317939258,3.214632316158079
0.006408140157929704,4.648374187093547
0.003682936753225119,3.7866433216608306
0.007650941811200428,5.0
0.002935373395210425,2.6079539769884943
0.0032258419009407735,2.6030015007503753
0.002934494977932557,4.351225612806403
0.0018112161380079775,1.872511255627814
0.00653292764152779,2.4742371185592797
0.010003165237962013,3.761880940470235
0.007453888478130576,1.7486993496748375
0.008453447400886202,2.1746123061530764
0.006453132030773287,3.868359179589795
0.010386303982383806,2.7763381690845423
0.004280986426861699,4.94799899949975
0.0014576867446038436,3.4077788894447223
0.0068646377385754576,3.061105552776388
0.0017657092668688576,3.15767883941971
0.006089778127266451,2.78871935967984
0.0019290458932939916,2.0953726863431714
0.006919001255013588,2.647573786893447
0.005578194089539211,4.118459229614808
0.0018215330974716212,3.5018759379689848
0.002794809639200313,1.815557778889445
0.0021963551562290684,1.1420210105052528
0.004527550093448074,3.306253126563282
0.0024875342848918666,0.05
0.005468134280536004,4.487418709354677
0.0038063922794178834,4.398274137068534
0.008919979315670928,3.930265132566283
0.003669878117694772,5.0
0.006772064123211664,3.2963481740870435
0.004025195418844468,4.16055527763882
0.0034253368052422906,1.993846923461731
0.013221250240005207,2.808529264632316
0.004470195429534446,1.8700350175087546
0.0021476409029030155,1.0974487243621813
0.006959036385393767,4.883616808404202
0.004649805944501741,0.05
0.004119455727405713,2.1647073536768384
0.008852728787511067,4.943046523261631
0.002692123337837707,4.853901950975488
0.010500714387009426,0.05
0.0038070400257086343,1.488694347173587
0.0011655091480201815,2.273661830915458
0.006092042645509242,4.848949474737369
0.0029299255947346295,1.6818409204602303
0.006388406291221761,5.0
0.0021365735267647526,3.3854927463731865
0.0039748663926301095,4.727613806903452
0.005921312871069236,1.9319409704852428
0.010388057183787054,2.714432216108054
0.003800634024001763,2.5435717858929467
0.0031901472488614635,3.2691095547773887
0.0047845900727452526,2.7565282641320663
0.00762747100362441,1.4267883941970987
0.006567140552858987,4.2051275637818915
0.005850676335487914,2.4346173086543272
0.0025254588220789617,3.4325412706353178
0.004746672895995403,0.05
0.008779423280710345,4.348749374687344
0.008448784848603973,4.653326663331666
0.0014908691981685082,5.0
0.006366233254704319,0.05
0.005377159756200303,0.05
0.006904870603290869,4.2447473736868435
0.0035264391448086574,2.045847923961981
0.009542997683702883,2.778814407203602
0.0016851700906681533,0.05
0.0031216092879677512,2.345472736368184
0.0014523794358905912,2.551000500250125
0.012403151761015523,5.0
0.01310158353794133,0.05
0.0009099470276558719,5.0
0.01560878763977297,1.8947973986993498
0.0047476571603800866,2.0607053526763384
0.003242307699835488,4.326463231615808
0.0016679848196748046,5.0
0.0047753791770259665,1.493646823411706
0.0028650231640742346,4.623611805902952
0.001084727783067993,0.05
0.008861224406427705,4.554277138569285
0.00574800784260248,5.0
0.006922593455280422,1.0677338669334668
0.003381080181970045,0.05
0.002648723943243239,3.1106303151575787
0.012002421843063493,1.6867933966983493
0.005589258992867559,0.05
0.007202215631044236,2.3256628314157077
0.003091941605720523,5.0
0.0045570246533894535,3.0165332666333167
0.009650927120687151,1.9963231615807906
0.002833599925450868,1.5159329664832417
0.009965781409280977,5.0
0.00967524172413356,3.5192096048024015
0.0038556736308298437,1.7189844922461233
0.009603291605474712,3.9624562281140574
0.009072206601035922,4.759804902451226
0.004752645944380289,2.952151075537769
0.00308671767982676,5.0
0.0071098640706776794,4.113506753376688
0.010324002045955509,2.6277638819409703
0.006569032767270486,3.756928464232116
0.00204924744393524,2.41975987993997
0.0036146139332074584,0.05
0.0030254994157925402,2.461855927963982
0.0050847596055695055,3.3334917458729367
0.00629946130465666,4.569134567283642
0.007940148258083056,1.7610805402701353
0.007222271510439408,3.764357178589295
0.0031438659047256026,2.2216608304152077
0.0069134839998808845,1.9294647323661833
0.006827754347445751,4.910855427713857
0.004316327661763292,2.9174837418709356
0.008785167014605917,1.793271635817909
0.0063825339639199535,5.0
0.0032171051479419135,0.05
0.003380398278146013,4.016933466733367
0.003992428272206527,2.4890945472736368
0.003494712547946692,1.6917458729364685
0.006269132474671771,0.05
0.010869680308554688,1.1147823911955979
0.0025338011907513336,5.0
0.01126658524847124,0.05
0.002052342551228971,0.05
0.0028508037732076635,5.0
0.0035378233924012945,2.531190595297649
0.008475049709310449,2.4593796898449227
0.009564038960469048,2.8283391695847926
0.003930157776028585,4.9356178089044525
0.003975671475480676,2.7961480740370184
0.014550307816518025,3.863406703351676
0.010144037070695416,0.5749624812406204
0.003920554038359267,3.831215607803902
0.005327724392295757,3.6504502251125563
0.0041997727326601245,2.3529014507253625
0.0018745407814118875,5.0
0.007690891974319415,4.487418709354677
0.0018003110936002445,5.0
0.0026589591823559244,0.46848424212106055
0.004032088453410361,1.003351675837919
0.004827348105412535,2.5980490245122563
0.0018846973333056724,2.3157578789394697
0.004840895418278861,2.3306153076538267
0.010325939372250549,2.657478739369685
0.004266650128856707,3.8658829414707356
0.006037661568955653,0.8448724362181091
0.004473579230930398,3.675212606303152
0.004840017107455352,4.556753376688344
0.003408034659384697,4.398274137068534
0.003429729800819792,4.626088044022011
0.0031133533081522044,2.0285142571285646
0.004641290465611424,3.811405702851426
0.0029112680395421975,3.2393946973486742
0.004494397615739269,5.0
0.002599972282261692,2.442046023011506
0.014303444212418342,3.4969234617308658
0.008351592499684382,1.5010755377688847
0.007886895792285305,0.4981990995497749
0.004420259821027457,2.4148074037018508
0.007311483751948261,0.9587793896948476
0.006992426174370035,0.05
0.004804190167822686,0.05
0.014733596831522599,4.730090045022512
0.009929352124057898,0.666583291645823
0.0034458415653503133,2.0656578289144574
0.01025795169982495,3.6133066533266636
0.004918353537055595,2.625287643821911
0.006276498690897962,1.8824162081040523
0.008268443740991963,2.1548024012006004
0.001827319277178177,3.2641570785392697
0.013514884067544496,3.4696848424212106
0.005228626073050011,3.2790145072536268
0.008092749548126069,2.541095547773887
0.006739231221801402,2.0656578289144574
0.0027865233627935374,1.8972736368184093
0.0029561716603334343,4.081315657828915
0.008094806450556345,1.2757378689344674
0.002843317548012883,0.05
0.0060315189158377455,0.05
0.0036041584206428154,3.4399699849924965
0.011674615667157218,5.0
0.009956053904091398,1.8527013506753378
0.006949279720874869,4.1357928964482245
0.013927285803029939,2.6178589294647323
0.011649292385826397,2.5064282141070535
0.008803839852400165,2.811005502751376
0.007078930234503754,0.05
0.01256633394394717,4.2942721360680345
0.014975237255887668,4.888569284642322
0.0029601668039686835,1.9443221610805406
0.0021246705117208,5.0
0.002503132071465193,1.9022261130565286
0.005246948983118602,2.4073786893446725
0.007081261636018639,5.0
0.00267385488261436,1.2881190595297651
0.003575674236372131,0.05
0.004617794399584561,4.21008004002001
0.0038691498918132228,3.0091045522761384
0.002720307714113329,3.583591795897949
0.004921543693559884,5.0
0.007193526075059797,1.7808904452226115
0.011766863925214081,4.626088044022011
0.01179361450024858,4.3834167083541775
0.004145142174484355,4.655802901450725
0.009196348836541218,1.647173586793397
0.013063447065616407,4.940570285142572
0.004103491127921403,1.8898449224612308
0.004527723375516643,0.05
0.007470688842841501,4.42551275637819
0.003333878420176649,3.7296898449224614
0.012838080697715151,3.241870935467734
0.0061672175086358375,3.214632316158079
0.004161507235364396,0.05
0.006242923588496679,3.120535267633817
0.002705913047713726,5.0
0.006282081537173703,1.8799399699849928
0.0028460552767279046,4.643421710855428
0.012756983078959797,4.15807903951976
0.004927864366337374,2.89272136068034
0.0006237787477598664,0.05
0.004560404857782287,1.9319409704852428
0.002227563636017192,2.6129064532266133
0.0037278917681458287,3.5761630815407703
0.0044349259912761785,5.0
0.0014632159249934745,1.99879939969985
0.004917907801127934,3.9971235617808905
0.00582529973212903,1.5976488244122062
0.0029076826397440303,4.281890945472736
0.008175073925013557,3.4573036518259133
0.01139743087919596,0.05
0.001991996773277223,1.446598299149575
0.004897125057986694,2.573286643321661
0.01019420974134927,0.830015007503752
0.013054254785322385,2.78871935967984
0.005893450835850023,2.184517258629315
0.00790877142882409,0.05
0.0038707026391174154,5.0
0.0035659767914317034,5.0
0.011589975485623988,3.3087293646823412
0.007533376698424514,5.0
0.004771019175739813,5.0
0.0072209783316811785,0.05
0.009603106663979233,3.0214857428714357
0.0035000548606538423,1.0380190095047526
0.00918958033877336,2.1498499249624814
0.009263878228663106,1.647173586793397
0.006576717896357137,2.615382691345673
0.007704754336795759,0.5625812906453228
0.007272992343809799,2.7590045022511256
0.006136048226799917,1.8452726363181593
0.0042936117215375755,4.839044522261131
0.002974143877865855,3.591020510255128
0.0018424075519770794,3.605877938969485
0.005810097200796727,1.993846923461731
0.0014623676140551947,0.05
0.005017121577262355,0.05
0.0062934772925730825,4.056553276638319
0.003623773973022458,5.0
0.0014934824056588303,4.668184092046023
0.003797881318237044,0.05
0.014547236695246567,4.524562281140571
0.0018946934394391338,5.0
0.002905316700621996,0.9092546273136569
0.0017203381859964145,5.0
0.005587776687232898,1.3475487743871937
0.0040052472536816625,0.05
0.005768306909017265,1.5109804902451227
0.0025969942692283185,3.1651075537768887
0.00555390718754014,1.5852676338169087
0.011465853722259847,5.0
0.0034653153847355803,0.05
0.004448452447210836,4.524562281140571
0.0034667272236831997,5.0
0.0059699707767043725,4.960380190095048
0.0022974762321914532,0.05
0.00746243984507864,4.8761880940470235
0.0019149427260832172,3.573686843421711
0.009770050545048939,0.05
0.0026061913859573016,5.0
0.001083403395254881,0.5848674337168586
0.0035671360256035248,4.286843421710856
0.002472222386342378,5.0
0.002755677083177366,1.2163081540770386
0.0035708799905262156,5.0
0.005042506398759937,2.7689094547273636
0.00918315689310669,2.3207103551775887
0.0035972717837133225,4.447798899449725
0.008158884555289785,1.7214607303651828
0.002650507683069493,1.087543771885943
0.0033247965099610435,0.05
0.009826588862007914,3.47463731865933
0.00540016168304519,4.9653326663331665
0.005986363157729199,1.4193596798399202
0.0034679704057320737,2.040895447723862
0.005990612669129564,3.8559779889944976
0.0044876442228867705,2.885292646323162
0.007282429901067422,2.3900450225112557
0.01312209262345139,4.650850425212607
0.00867538542426953,2.610430215107554
0.006085369346982339,5.0
0.009542601259146473,4.556753376688344
0.010077849833932,4.638469234617309
0.0030043410988074906,2.003751875937969
0.0067697433116851655,2.357853926963482
0.007509577902299683,0.914207103551776
0.00791950724727146,0.5526763381690847
0.009271422831400193,4.730090045022512
0.004931753738950093,5.0
0.006012467169849343,2.4049024512256127
0.00656327425122228,4.546848424212106
0.005040045942676173,0.25800400200100054
0.0030313697786731736,0.05
0.005009309898128471,0.9662081040520262
0.00521132470123313,0.9265882941470737
0.005909619930610448,1.1890695347673839
0.00999861225703412,0.05
0.007592419400647359,4.626088044022011
0.001489758360030742,5.0
0.0018346725402875533,5.0
0.004225886998584637,1.9641320660330168
0.0038712090274050925,4.470085042521261
0.002544834542072695,3.756928464232116
0.00566054096056906,3.868359179589795
0.008432692317566562,5.0
0.0032049549073498163,5.0
0.006279577277562114,0.05
0.010196773160766844,1.9690845422711358
0.009361173531048511,5.0
0.003536946562062694,2.9991995997999
0.0043378804498376,5.0
0.0072628344038042705,3.8237868934467234
0.0065081694494932285,3.494447223611806
0.006071603022264435,2.7664332166083043
0.007667876737480199,2.4098549274637318
0.0019018539400513373,4.039219609804903
0.00396059032949439,3.848549274637319
0.003348235235481292,2.011180590295148
0.0033095911572565834,1.4218359179589797
0.008183664807607537,5.0
0.0022265224278688323,0.05
0.0022217927408638566,5.0
0.004193232220167917,5.0
0.005053556560659152,2.905102551275638
0.006740746856085222,2.5212856428214105
0.004079060026409294,2.4123311655827915
0.011095875645052405,2.1795647823911954
0.003425308662771874,4.611230615307654
0.0019529679978577685,1.0107803901950976
0.010134212274008812,4.73504252126063
0.0013334059834008774,1.1395447723861933
0.009014605440358398,1.394597298649325
0.005199801104034833,3.747023511755878
0.009448187978664785,1.52583791895948
0.008751021402347181,4.232366183091546
0.004362671079468479,2.6797648824412206
0.0031791515100699497,0.05
0.0037604193765645375,5.0
0.01209045949495139,1.7709854927463733
0.011513956265631863,2.709479739869935
0.0028237298906177155,4.970285142571286
0.006619202730533902,5.0
0.0030732443788090077,3.0487243621810904
0.004907791866142097,5.0
0.008019047487170819,2.3157578789394697
0.0011743831134389746,1.5555527763881942
0.004907178057111682,4.561705852926464
0.007717172774993862,2.7342421210605306
0.014259367269584121,4.400750375187594
0.0038293595333653424,3.8782641320660334
0.006387190587930851,1.5184092046023012
0.004098489536822812,1.9170835417708856
0.003856450831605185,5.0
0.01024488315449501,4.029314657328665
0.003343202036202843,0.3273386693346673
0.003975067886265948,4.554277138569285
0.01207195401923572,0.6442971485742872
0.009018877237442748,4.883616808404202
0.007968875124431049,2.2860430215107552
0.005876331189962995,2.9917708854427216
0.0033150572915812138,3.0289144572286144
0.001408979630652188,5.0
0.0018313692631906492,5.0
0.011700840787759549,4.856378189094547
0.0034610604418827753,3.848549274637319
0.0036943763353508505,3.751975987993997
0.013426296783111288,3.4498749374687345
0.008952839401091317,2.783766883441721
0.004862345989034303,4.806853426713357
0.01043664712372485,3.821310655327664
0.004544334941019634,3.410255127563782
0.0018296120921412612,1.835367683841921
0.004441281463697377,2.8233866933466736
0.0025198967439289816,2.5633816908454228
0.004112118121440404,5.0
0.009996436165533501,3.7247373686843424
0.010033499075297561,3.7940720360180094
0.002898807055754196,3.1081540770385194
0.004631176935140896,2.2538519259629815
0.007003269513266429,4.445322661330666
0.00249533885501136,5.0
0.008535832836251318,0.05
0.003107902713678466,2.7614807403701853
0.008312049527358013,0.7136318159079541
0.005281611263899581,0.05
0.005875862047714585,3.2814907453726865
0.006332353184011645,5.0
0.003962784071837269,2.4247123561780892
0.0021904269847838956,3.9723611805902954
0.011034351143682355,4.89847423711856
0.004254240433346032,3.506828414207104
0.003146632961304595,4.769709854927464
0.0024046022357338895,1.5283141570785395
0.005063638400649904,2.568334167083542
0.005803404240706883,5.0
0.008946620599917882,1.741270635317659
0.003977429839785114,4.432941470735368
0.002013843688059451,1.4589794897448727
0.004502784128545725,5.0
0.0063387756386415195,4.42303651825913
0.0015290210988621392,5.0
0.0006053709156749743,2.8233866933466736
0.008226829065629757,1.9740370185092548
0.004113503002522556,0.05
0.008774605559797158,0.05
0.005357405533650453,0.05
0.002434292431087781,4.358654327163582
0.0041388217097382135,1.0999249624812408
0.0029229519947964605,0.9983991995998001
0.010890809484420741,1.7610805402701353
0.006595396044826306,1.4168834417208607
0.00863796445469582,4.430465232616308
0.005872608864350218,1.7288894447223613
0.006005352405412487,3.7024512256128066
0.00927798125384522,2.184517258629315
0.005305415935618077,4.546848424212106
0.008605710393392613,4.868759379689846
0.007962643737285627,3.900550275137569
0.008791797973464376,4.923236618309155
0.008418490742591905,5.0
0.0029247503014294476,3.4498749374687345
0.00935054714600738,5.0
0.006136515810308087,2.9447223611805904
0.005053029705108597,5.0
0.0046514099296149705,2.3207103551775887
0.0023870699477082646,3.920360180090045
0.003315386838207812,3.3557778889444725
0.007045824550321815,1.2856428214107054
0.00656002942537743,2.107753876938469
0.011312898691961101,1.567933966983492
0.007736873968750377,3.2814907453726865
0.0040908859330595,1.4069784892446224
0.012338194507120266,5.0
0.005851222082849654,1.8972736368184093
0.005980904547793292,4.930665332666333
0.002361674524792426,0.05
0.005950756821500952,1.0578289144572288
0.005894491184650692,4.923236618309155
0.00290307551745856,5.0
0.004804191004461181,4.445322661330666
0.002824220002808818,1.7338419209604805
0.002168157978660573,5.0
0.003958063071788719,1.1123061530765384
0.007299651410763025,5.0
0.003491356895764672,3.846073036518259
0.010561069035077995,0.05
0.004179713687016549,0.05
0.0046225906163156125,3.0487243621810904
0.01156796500299933,2.3801400700350177
0.0067757363080191285,0.05
0.0033174556703283453,0.05
0.012422359699488496,3.3731115557778892
0.004769947729716249,2.976913456728364
0.002284005049601967,1.4565032516258132
0.011734547803390435,0.8126813406703353
0.004982290815209282,0.05
0.00313670485598945,1.2757378689344674
0.0027745371273553907,4.0516008004002
0.004117850459595437,1.5010755377688847
0.005110433516664507,5.0
0.006078121647749242,3.7222611305652826
0.011205755230226794,4.673136568284142
0.009444894731458438,4.930665332666333
0.0037586417160236085,4.571610805402702
0.0064846678442555886,2.7590045022511256
0.007220574738007003,0.05
0.004903418508973918,4.960380190095048
0.0038722800740650584,0.05
0.0045344040031734326,0.05
0.0028494569842358528,3.3384442221110557
0.003514996367130624,2.5485242621310658
0.0024119601236798766,0.624487243621811
0.00799615836939361,4.348749374687344
0.006433978497667581,0.05
0.005158465204082301,4.192746373186593
0.0076103616930986925,0.05
0.009446897197411132,4.26703351675838
0.004908147457318088,2.9991995997999
0.0029130521426372277,3.15767883941971
0.003015064565746156,3.1329164582291145
0.009320916019736315,4.457703851925963
0.011169606496685712,0.339719859929965
0.009522208842983035,4.358654327163582
0.0021327234224153974,1.5827913956978492
0.00272361473821834,0.05
0.011503250032340692,2.5633816908454228
0.006606071605280019,5.0
0.006486321735385929,1.8527013506753378
0.004589940191455449,4.995047523761881
0.0036700514474206983,0.05
0.008132579244440462,5.0
0.0072835445857851525,4.016933466733367
0.010267552860619839,3.52663831915958
0.005647362260765294,0.05
0.0017943512820186164,0.05
0.0031028176319495074,1.4243121560780392
0.0031309627827469724,3.5464482241120563
0.006235993097992776,0.05
0.0021731340271157543,1.5704102051025515
0.007186590841094999,4.3041770885442725
0.0034164350773500593,2.9298649324662334
0.004557534227769076,4.180365182591296
0.007109089732502585,4.024362181090546
0.001960251670861071,5.0
0.004995957194131664,1.2608804402201101
0.00735378627115036,4.470085042521261
0.003401364277275158,4.658279139569785
0.010171968533008557,1.8081290645322663
0.004356805016997534,3.0957728864432217
0.006230388243517106,4.460180090045022
0.008820132869219385,2.36775887943972
0.004431312640156518,2.6228114057028513
0.014276737042649791,0.05
0.007167691494410357,1.7635567783891948
0.005341276514264803,3.8757878939469737
0.004976636527745451,1.3227863931965984
0.006104799006445179,0.05
0.00399885224136487,0.8547773886943473
0.005278990200728938,4.992571285642821
0.006181812044837941,3.1849174587293647
0.004512169866488898,0.05
0.002307118329425699,4.730090045022512
0.006765061789818998,1.657078539269635
0.013808890967414396,3.7098799399699853
0.0052022202905828985,5.0
0.009417157924106585,2.256328164082041
0.002987499124020465,4.658279139569785
0.0042148618736844445,1.6446973486743373
0.003453624818829923,4.247223611805903
0.0026610601109240267,0.7730615307653828
0.010496991981897796,5.0
0.007214106152537404,5.0
0.005018122032429462,5.0
0.007218289297240665,3.5241620810405205
0.0032922184600009466,2.125087543771886
0.006158807921264421,0.624487243621811
0.004142112976505005,5.0
0.0066201580020276915,4.249699849924963
0.0075345591229329795,0.05
0.0057712706112662895,4.351225612806403
0.015456635918693604,2.9397698849424714
0.005667813408401209,3.836168084042021
0.005557679297847805,0.7136318159079541
0.018175687985741526,1.983941970985493
0.0030565018414717565,4.73999499749875
0.009984050886072994,5.0
0.005237959111188302,5.0
0.004191585291247121,4.4527513756878445
0.008707351193364722,2.5757628814407205
0.010715081905406966,2.4643321660830417
0.004729547854108958,4.4032266133066535
0.0031999892171242564,1.9814657328664333
0.00435656972051747,1.2385942971485744
0.016209324034685182,3.1007253626813407
0.014004054639120266,2.110230115057529
0.004606128658548869,3.8064532266133067
0.0028328927525342676,0.6591545772886445
0.0025528158305051576,1.4688844422211107
0.013109768357347278,2.2117558779389697
0.00191669131204774,1.6843171585792898
0.004313957634195238,0.05
0.004749078003894187,5.0
0.003264594302292048,1.1915457728864434
0.0034751537526062914,1.082591295647824
0.0045114920940500305,5.0
0.0030342123793096892,2.7664332166083043
0.008692093325485206,3.3557778889444725
0.005818585100919045,0.6467733866933467
0.002650182840279146,4.707803901950975
0.0069623803830037925,4.692946473236619
0.009415411839107247,2.0681340670335167
0.015534659527715718,1.7808904452226115
0.014003902918975533,3.6355927963981993
0.008812382669627548,1.6224112056028015
0.004133986961500642,1.5704102051025515
0.0038668267313297297,2.1374687343671837
0.0021301981914958468,2.023561780890445
0.005283499260217844,1.2930715357678841
0.004921000730489684,4.1853176588294145
0.0015008247341072103,1.1544022011005504
0.003961729114417938,1.793271635817909
0.003269392890123464,4.621135567783893
0.004161525320481661,1.7685092546273138
0.005007980248379333,1.7982241120560283
0.005009638666933748,4.623611805902952
0.0043659426259232,1.7066033016508255
0.006282398672881842,1.5283141570785395
0.0027239550644381424,0.05
0.002188914996791032,4.202651325662831
0.0026237458914253817,0.05
0.004362556533786449,1.6917458729364685
0.005129301989091568,1.8229864932466235
0.00287562661928472,5.0
0.006842826300059883,5.0
0.012675450442433352,3.7173086543271636
0.004990260228662939,4.341320660330165
0.008497992405414614,4.690470235117559
0.00349317844607714,0.05
0.003911371468948814,2.055752876438219
0.004214566343773055,2.5336668334167083
0.009654964239304932,5.0
0.004455876878243628,1.0479239619809906
0.0072422667831850696,1.7808904452226115
0.0043957944037516655,5.0
0.008212230505602977,4.487418709354677
0.006614504199256618,0.05
0.007082690394562309,5.0
0.002745799817587165,4.913331665832917
0.009556743990721157,3.1849174587293647
0.0034924443775351463,4.078839419709855
0.00654770911825199,0.05
0.005656087454784686,0.05
0.0070483146730952045,2.0433716858429216
0.006410994363647969,1.7090795397698852
0.002628688898784877,1.9022261130565286
0.002970927822491934,1.1791645822911456
0.004139381454543803,0.05
0.0017618632179179153,5.0
0.004769376000110792,1.5060280140070037
0.002431370889782125,2.803576788394197
0.0011791553178382014,4.1556028014007005
0.004849557469521551,0.05
0.007311826446763578,4.3834167083541775
0.017252952361203118,0.7235367683841922
0.005156059439752447,4.938094047023512
0.00488153852774937,3.8708354177088546
0.012304626214221133,3.2171085542771385
0.006735597061057252,2.825862931465733
0.013068836779297516,4.534467233616809
0.009275050688289252,0.05
0.006757522495799452,2.967008504252126
0.006538537051632688,2.5881440720360183
0.002052572245611367,3.2691095547773887
0.002904810771256698,5.0
0.010977470448574847,1.357453726863432
0.0030311935092030354,4.529514757378689
0.006586426504139813,0.9785892946473238
0.010539247175989572,0.9290645322661332
0.007883070971385776,2.10527763881941
0.005805336911609872,1.7264132066033018
0.003231314118680599,5.0
0.0017751175407943118,1.6001250625312657
0.010706589066460631,3.147773886943472
0.005500544472469747,1.8106053026513258
0.00506018825041097,1.4490745372686344
0.0059121234266812095,4.232366183091546
0.0033235742013065506,3.199774887443722
0.004402285527948566,5.0
0.010218084691075546,4.341320660330165
0.00313104083639458,0.05
0.00889709300478872,4.670660330165083
0.002385549583610057,5.0
0.003802076453234826,4.725137568784392
0.00678156688518456,4.442846423211606
0.005549064893725031,2.3553776888444222
0.012736009145909777,3.563781890945473
0.0035954154534555277,4.150650325162582
0.005515121268146156,0.05
0.0055708332177505995,1.2856428214107054
0.0040934950911389115,2.1424212106053027
0.00526314766778662,4.195222611305653
0.006698523940825915,3.4226363181590798
0.007074288693910642,0.6269634817408706
0.0023543582543238753,2.971960980490245
0.006624020008685096,0.05
0.007023460396525613,2.4915707853926965
0.004411745250544927,4.57903951975988
0.005750689403423492,2.115182591295648
0.0035530260365795943,0.05
0.005262525163366616,2.6079539769884943
0.009454672951987368,0.05
0.010604627182583308,3.9451225612806406
0.011423962981209852,0.9166833416708355
0.009072684381499156,2.4494747373686843
0.004840790935743154,4.024362181090546
0.007394091718027018,5.0
0.004623436837896608,3.288919459729865
0.0024233046779999004,3.2641570785392697
0.005176636832025523,4.111030515257629
0.0035987117104989905,4.982666333166583
0.009847522487634021,1.0058279139569786
0.00569219526269428,2.885292646323162
0.0021838723922602,2.1424212106053027
0.0040168255339694744,1.5134567283641822
0.006170324553387285,0.05
0.006104604031746813,2.2959479739869937
0.005803338602128172,0.05
0.004525249700138949,2.10280140070035
0.007880724877155708,0.05
0.006237118542822405,3.821310655327664
0.004710024275073568,2.8951975987994
0.008455477287077934,0.9043021510755379
0.004297907354013898,0.05
0.009556666298072648,0.05
0.013101861336844364,0.05
0.003497542403757284,0.461055527763882
0.010818310261256146,0.05
0.009265343776775362,2.456903451725863
0.005524147745002858,4.673136568284142
0.008562544566220305,0.05
0.0015262360819381787,5.0
0.005794258004889266,2.498999499749875
0.0030599520449912793,0.05
0.003441322441940238,1.8749874937468736
0.0072930459743080905,3.046248124062031
0.004144260469069926,1.5085042521260632
0.001752775974407511,3.0066283141570787
0.0032162786819912997,5.0
0.0027254306306025503,5.0
0.010055844397776313,2.8506253126563283
0.0059917532423902145,1.4168834417208607
0.016097870411761542,0.05
0.004617250640245797,2.9645322661330664
0.018450530355544323,4.445322661330666
0.0018879623295275233,4.007028514257129
0.0008431400349245485,5.0
0.005195481696570137,1.988894447223612
0.006279953680590103,2.214232116058029
0.007106100508451466,1.1469734867433719
0.0017097949016222636,1.741270635317659
0.006386702502123712,4.995047523761881
0.007725127571068101,2.719384692346173
0.0072942706290338236,3.563781890945473
0.011936479444208115,4.170460230115058
0.0039004560263097288,2.8506253126563283
0.00757881888127912,0.9166833416708355
0.014168849997743628,5.0
0.004118634046137444,0.8126813406703353
0.0027737045704911215,1.362406203101551
0.004063392089882829,0.7383941970985494
0.00261996912761598,3.199774887443722
0.005853719168467789,4.549324662331165
0.004457166640943783,1.6818409204602303
0.008034404771738182,0.05
0.001333766622658633,0.05
0.006792708601617736,4.405702851425713
0.008364347757697989,4.809329664832417
0.0034629830289557503,3.521685842921461
0.006319744743091001,5.0
0.005331213302201092,5.0
0.0187846193944887,4.385892946473237
0.0031360691376228628,1.610030015007504
0.0022631591144150753,0.7681090545272637
0.0037202507364947207,4.447798899449725
0.01873662368474072,3.6306403201600803
0.003027934473585167,0.05
0.01002480757422667,3.0982491245622814
0.0022327389446670162,1.7511755877938973
0.004444998699700588,2.971960980490245
0.005922328438149688,1.2014507253626814
0.010794325096788897,4.52703851925963
0.0017805254557358777,3.4176838419209608
0.012372582354953927,3.727213606803402
0.009173103650466578,2.3652826413206602
0.002809185879680154,0.05
0.007782230059126455,5.0
0.011027575136338057,3.5489244622311156
0.0036066429302479067,0.919159579789895
0.0018565696282467903,0.7631565782891447
0.0027183274374090807,2.3652826413206602
0.005575963736768483,4.237318659329665
0.009212475322804968,2.3900450225112557
0.0028719316383830143,3.838644322161081
0.006028221105969844,3.764357178589295
0.003895355862867371,0.05
0.0013482048818412376,1.7561280640320163
0.0066870325362138605,4.269509754877439
0.013398545771955539,0.5353426713356679
0.008821741348064946,4.398274137068534
0.005568600641083193,3.0214857428714357
0.006084531350286172,1.6001250625312657
0.0048454615566713155,3.7965482741370686
0.004883313727384736,3.2641570785392697
0.008124658118028046,4.311605802901451
0.0071112565758893465,3.1849174587293647
0.004253434026316796,0.05
0.0016412793975324538,3.3235867933966983
0.005132066088273338,4.635992996498249
0.005836300687063853,1.2757378689344674
0.005434493561493205,3.84112056028014
0.00476519541385019,1.9963231615807906
0.007385736644571393,1.3747873936968487
0.0030881321723636307,5.0
0.012397991431510387,2.4445222611305653
0.004528063984304671,1.899749874937469
0.00929556178826886,2.6970985492746373
0.006973841592731594,0.05
0.004403726771369937,1.9294647323661833
0.007643786983871817,0.2951475737868935
0.003096922061059222,2.642621310655328
0.009136366690199398,4.078839419709855
0.007953956998983873,2.7664332166083043
0.0065432944658505784,0.05
0.004465829543122753,2.729289644822411
0.005907750684817123,1.7759379689844925
0.007078713247081751,0.05
0.00755349025273782,3.68264132066033
0.01275666397900481,2.969484742371186
0.008627458708257485,1.3871685842921462
0.004244005161911854,3.8138819409704854
0.0035270304278644873,3.8609304652326166
0.005331098677611723,2.7590045022511256
0.006650296658572252,3.5662581290645323
0.01410246892416836,4.445322661330666
0.005982329675365168,0.8225862931465734
0.00700274502845042,3.1750125062531267
0.013275191137347889,4.8761880940470235
0.0074244268744536115,2.2637568784392195
0.010252023958488156,4.259604802401201
0.009660492032705768,2.5485242621310658
0.008885259594459197,4.455227613806904
0.017362259134603972,1.0206853426713358
0.004239671919353184,2.189469734867434
0.0020437045854704503,1.5184092046023012
0.012656656059460238,3.826263131565783
0.005450977321506088,4.455227613806904
0.0064685286117489235,4.559229614807404
0.005968303022369212,2.667383691845923
0.011798737232521284,3.4969234617308658
0.005848605483134817,0.8275387693846925
0.0022764174431742987,1.8328914457228616
0.003550973974916778,5.0
0.003607723326224041,3.26168084042021
0.008078261221217818,2.3058529264632317
0.0022702050796862064,1.9022261130565286
0.00443722186262184,3.7346423211605804
0.0037640639445083862,0.9092546273136569
0.006529442499741113,0.05
0.005281075094460637,3.591020510255128
0.004532403471005801,4.653326663331666
0.007261446002966958,2.256328164082041
0.0020180853229374573,0.05
0.005399067040928109,5.0
0.004462192883775258,4.549324662331165
0.008606866778249872,0.5625812906453228
0.006321132334219284,2.657478739369685
0.004881313716450904,2.6772886443221613
0.009671563475190513,1.0627813906953478
0.006629653609065166,4.31655827913957
0.0016249072190643032,1.2237368684342174
0.0034253046767276155,0.05
0.002544030345620618,1.5184092046023012
0.006895082379163316,1.8180340170085045
0.0053240663047633766,4.977713856928465
0.0018270253637453632,0.05
0.008803780258077862,1.1370685342671336
0.00830657335582028,4.041695847923962
0.005173200152653809,1.0751625812906456
0.0070937186399852165,5.0
0.004588138774644077,1.872511255627814
0.0052598557725626535,4.163031515757879
0.01095868327018689,4.3834167083541775
0.007638992365055379,3.2393946973486742
0.013117739262294412,0.5279139569784893
0.006940408404739397,2.5881440720360183
0.008175633296290015,2.9125312656328166
0.014010572969612556,2.6550025012506255
0.0029882654733963815,2.2389944972486244
0.008004267029572236,3.3235867933966983
0.005464886421479936,2.0508004002001
0.006413689729295,4.551800900450226
0.00944867645531424,4.3239869934967485
0.004458736225703926,1.530790395197599
0.004491759874483393,3.5662581290645323
0.01185681098357149,3.1651075537768887
0.014364544238754405,4.623611805902952
0.006674664687319545,2.662431215607804
0.0020798512797083404,0.05
0.003931577898222793,3.5489244622311156
0.0037102462816393927,3.1329164582291145
0.006373450710990089,3.4028264132066033
0.004371866852428602,5.0
0.0033385891405516496,1.129639819909955
0.008878229399500094,4.1853176588294145
0.008790899005086235,3.3854927463731865
0.003492158572110639,0.05
0.005435924259859053,5.0
0.005479839929155364,4.2447473736868435
0.002258591127122532,5.0
0.0017047323889570545,2.5485242621310658
0.0029464650022350686,3.9921710855427714
0.0053025252337629905,4.977713856928465
0.007186383489308508,0.8423961980990496
0.0017854792552622067,1.778414207103552
0.006375340155726453,1.2509754877438721
0.02123427035800597,4.658279139569785
0.0007339248500367601,5.0
0.006560042206210016,4.658279139569785
0.004787320192026684,5.0
0.0032045029296555935,1.8452726363181593
0.013062276863850919,4.549324662331165
0.0021015320869591445,0.9290645322661332
0.0075146015749148545,0.5749624812406204
0.004554763732628794,4.009504752376189
0.008851454927349234,0.05
0.01249915514285363,4.640945472736369
0.01016143896109016,4.522086043021511
0.002905511169863255,3.6925462731365686
0.004357427750601821,0.05
0.00148757810547695,0.6938219109554778
0.009694794311557661,0.05
0.0020708602667477982,1.572886443221611
0.005681000221912508,0.05
0.005099978233758781,4.972761380690345
0.0032946143873070904,3.3285392696348177
0.005184813630796772,2.5708104052026015
0.005088824451693598,4.544372186093047
0.004789773287687288,1.8081290645322663
0.0017707803923318957,4.281890945472736
0.015399712228193238,4.834092046023012
0.007858543223345553,4.608754377188594
0.003755993326634975,3.774262131065533
0.008828961808062877,1.1395447723861933
0.005024241415507134,5.0
0.005472945953204758,0.05
0.005333746343943707,4.742471235617809
0.011197997121180185,2.3330915457728865
0.002480773083185249,1.2237368684342174
0.0064601023929406545,4.088744372186094
0.008668796336851768,0.05
0.008429474212881018,4.678089044522261
0.002295609107559861,1.57783891945973
0.007764044592457275,0.05
0.010907117026874844,0.05
0.007555486897837499,2.4692846423211607
0.002259460091656243,0.05
0.003837039281580093,2.0805152576288144
0.0044019838604457545,1.0677338669334668
0.005628327569074769,2.013656828414207
0.008625515479937097,0.05
0.0025743536764947644,0.05
0.007326376277660196,1.5877438719359682
0.005996280302987801,2.714432216108054
0.007397344263619612,3.442446223111556
0.002315345833477145,0.9909704852426214
0.008915614215610962,1.731365682841421
0.006777883420218407,5.0
0.009232399979496944,1.2484992496248126
0.001874035012941068,2.7689094547273636
0.005073318041799793,1.8749874937468736
0.0037336235454620698,3.994647323661831
0.00350059146774636,0.05
0.006194828516877457,4.0516008004002
0.0075490473476936965,0.834967483741871
0.006845047598247535,1.2361180590295149
0.005208393192180992,0.05
0.004830769741285247,3.0338669334667334
0.004164553614707904,4.888569284642322
0.010153099348854687,2.5014757378689345
0.007485782523560899,4.687993996998499
0.006465742163743994,5.0
0.0024364022609592237,0.05
0.0023607127054089405,5.0
0.0071520785814395554,4.133316658329165
0.009040333305198954,1.5085042521260632
0.003867772909037677,1.2385942971485744
0.004126524013175911,4.269509754877439
0.0022958475198466208,0.9686843421710857
0.007990401280917138,4.249699849924963
0.004246049762038476,0.05
0.0009182034227547958,1.7808904452226115
0.002288588676607743,3.7940720360180094
0.003210203017086348,2.6599549774887445
0.007781114409014897,4.544372186093047
0.00285537004227035,1.283166583291646
0.005726386200001252,4.143221610805403
0.005060003004428368,2.806053026513257
0.0033664340990224653,5.0
0.008946612217470722,0.05
0.003605334226804105,0.05
0.006889870479051152,5.0
0.007168103549531166,3.2963481740870435
0.003167358902173442,1.5605052526263132
0.0024840115162697435,1.6496498249124565
0.002121977965333796,4.182841420710355
0.007509790015280272,2.283566783391696
0.01243779907381707,4.551800900450226
0.008205516794748825,1.8824162081040523
0.003512681766751194,5.0
0.005125037435326031,5.0
0.0044596186889197045,3.1700600300150077
0.007328033793189699,1.941845922961481
0.0076192199676302155,2.283566783391696
0.0034820829792368765,4.4032266133066535
0.006727164459798152,4.400750375187594
0.0035307196053665085,1.9492746373186596
0.006865015134177907,4.274462231115558
0.008221001465990287,3.593496748374187
0.0053445951282697635,1.36735867933967
0.007975161444459367,4.603801900950476
0.0019348387247870857,2.3479489744872435
0.007494602290025,0.8597298649324664
0.005227435033293294,4.816758379189595
0.008012899203144526,3.680165082541271
0.0009057650523535549,3.331015507753877
0.006865181929159497,4.618659329664832
0.008164552256219808,1.2856428214107054
0.004013972447339691,0.9265882941470737
0.00846599370689683,2.9125312656328166
0.004196848579313572,5.0
0.0006458970490165403,0.05
0.0031556652484731815,0.8968734367183593
0.0060137945451488525,4.606278139069535
0.009082904973502483,3.84112056028014
0.000808975640595809,5.0
0.01455545283061728,2.89272136068034
0.005126360264600574,0.05
0.0026782283579435545,2.974437218609305
0.0032862584788154875,3.3582541270635318
0.0035740094150026602,3.2443471735867937
0.0029223217514689898,3.6331165582791396
0.005984296696761218,0.05
0.0054675587963026115,1.9319409704852428
0.0036759314078470967,0.8968734367183593
0.007821243357484263,4.232366183091546
0.001871941634222593,2.919959979989995
0.008901878745389717,4.900950475237619
0.00260434100111908,3.935217608804402
0.002783583123384198,3.816358179089545
0.005168545640989723,2.890245122561281
0.003714408836769441,2.541095547773887
0.001322213061017423,1.7387943971985995
0.0050113004173530165,2.4247123561780892
0.004123627451298496,4.660755377688845
0.0016827420134804538,0.05
0.009544766326183271,4.772186093046524
0.01276155869637622,1.1048774387193598
0.005007441007783282,2.78871935967984
0.004250667625076081,1.4168834417208607
0.006731778593146984,5.0
0.004738760465117044,3.568734367183592
0.005695892438711152,5.0
0.0054091590622623725,0.05
0.004972022530446152,3.331015507753877
0.008531382726037678,2.897673836918459
0.007909387895067656,4.789519759879941
0.00406683376758437,1.040495247623812
0.009067429680270397,4.933141570785393
0.0018797219127550738,4.26208104052026
0.0024156503731280685,3.0289144572286144
0.006328860612248209,3.598449224612306
0.0022596662811171786,4.690470235117559
0.0039091293889126355,0.78791895947974
0.011875417448600052,0.7804902451225614
0.005817700148447964,3.2864432216108055
0.002919120035441612,3.125487743871936
0.007022102009703005,4.8959979989995
0.001642365114963018,0.8844922461230617
0.010433262922249192,2.825862931465733
0.0038909521974724304,1.5109804902451227
0.005711189279725047,4.742471235617809
0.004965422388927311,5.0
0.0053610214858846456,0.05
0.005218680070651856,4.338844422211106
0.008084807396070703,0.05
0.004966419750643596,3.2913956978489245
0.0021207312108275783,3.4672086043021513
0.0038622699403635455,2.3132816408204104
0.005357608489051174,4.623611805902952
0.007865164490398785,0.381815907953977
0.007554342316707027,2.820910455227614
0.0023788641851293993,2.3108054027013507
0.008775147978180686,0.05
0.002797847161580283,4.544372186093047
0.006223226417097584,0.05
0.005484450490244819,5.0
0.012201563873524536,2.3306153076538267
0.010226458339269155,3.4696848424212106
0.0035201101420952174,2.357853926963482
0.008139347013678189,1.7635567783891948
0.0035398936904916453,0.05
0.004902720448848756,0.05
0.010889707639819356,1.3822161080540272
0.005290328388733646,2.1548024012006004
0.008084606673890854,0.05
0.002330493187204234,4.834092046023012
0.002619396232713192,1.6347923961980992
0.00532686032235264,4.824187093546773
0.009314762539521626,0.05
0.004760528759774403,0.05
0.005613054170501779,5.0
0.006283746054026235,2.9645322661330664
0.005284875544910091,0.05
0.007813086575839262,1.8081290645322663
0.009096428169479913,1.3277388694347174
0.007683458752815432,4.814282141070535
0.005265358795349645,1.1494497248624314
0.009444532314743362,1.3772636318159082
0.006906010373822408,5.0
0.0037052649003248214,3.9698849424712357
0.0033495445906959603,4.962856428214107
0.0020096422679582032,2.196898449224612
0.002642210740590137,1.9641320660330168
0.0029242095318144437,2.3330915457728865
0.00833543616114208,2.716908454227114
0.004940296175997866,0.05
0.008746006796354164,1.4911705852926465
0.007435053462933119,2.6228114057028513
0.004333350314117357,0.05
0.0040761066907257434,1.951750875437719
0.009907680899619298,1.614982491245623
0.006641026908338267,0.5972486243121562
0.007888307446157435,1.941845922961481
0.013531591286375606,5.0
0.0026753827416449577,5.0
0.009325763480759162,3.749499749874938
0.005048064823858028,1.436693346673337
0.0014449984760165,3.321110555277639
0.0027971942284183496,0.05
0.0024372876011426875,2.5188094047023513
0.004487435893022654,4.759804902451226
0.005722249238129334,4.853901950975488
0.007461185796363602,2.340520260130065
0.002033460256716531,3.241870935467734
0.012738746983402008,1.124687343671836
0.011112586627901787,3.061105552776388
0.003267796161363329,1.8601300650325165
0.003153219301829109,0.7978239119559781
0.00596090983668477,1.57783891945973
0.012629766423849248,4.943046523261631
0.004828229482052672,1.5382191095547775
0.005164110843438555,0.05
0.0024687065107483266,2.204327163581791
0.010673598634551952,2.9224362181090546
0.007580864271573402,3.3285392696348177
0.010732932604175342,3.3978739369684843
0.005713321153802964,1.7214607303651828
0.004491457915625698,2.5113806903451725
0.00992236626135997,0.05
0.0033280553997238546,4.212556278139069
0.005622685269994092,5.0
0.00796809215357671,0.05
0.0036537308373400315,5.0
0.007779201946045498,1.3797398699349677
0.009684164054991833,3.42016008004002
0.00709689884311096,4.73751875937969
0.0045614446648001294,0.05
0.007856316169174697,0.05
0.004628062402788319,3.326063031515758
0.005835877803943297,2.3207103551775887
0.002979972890872727,1.562981490745373
0.011115426339685437,1.9245122561280643
0.006210249877983548,3.3037768884442222
0.0018748786313048313,4.029314657328665
0.004937007902763468,0.05
0.005366223217234643,0.05
0.00879871887561648,4.613706853426714
0.0032808596352126157,3.442446223111556
0.005270890317905175,2.2389944972486244
0.001067196370561678,0.05
0.004463918685803946,4.744947473736869
0.004974529302135607,3.690070035017509
0.0032974106180299126,0.6913456728364183
0.004800068350869949,3.479589794897449
0.009785936456872424,1.9245122561280643
0.0019929809194772705,3.4870185092546273
0.014047112411394162,0.05
0.0030184565681845646,3.7866433216608306
0.0055889650450545655,4.1456978489244625
0.008589214099752912,3.8287393696848424
0.0018013252671710903,5.0
0.008457800777550366,5.0
0.002801914133736441,2.6500500250125065
0.0032205206675380432,3.667783891945973
0.0030544510601259803,1.8601300650325165
0.0026301404080733837,2.801100550275138
0.001535146410603018,5.0
0.009931285344240336,1.862606303151576
0.002857234959897738,4.848949474737369
0.003431529961062489,0.8324912456228115
0.009490255463158855,1.7610805402701353
0.013449789833290628,5.0
0.006969631675452462,3.5414957478739373
0.004161315761906155,3.699974987493747
0.009873102901051325,3.7148324162081043
0.01824323432714397,2.9645322661330664
0.0011021145177969802,4.366083041520761
0.005055535457200368,4.638469234617309
0.004004160617384914,2.3009004502251127
0.005563205675855484,1.3029764882441222
0.004151840069462169,1.5159329664832417
0.006781073956449023,2.8431965982991496
0.01680800279440746,1.4614557278639322
0.004204381045594591,2.377663831915958
0.0051993615211766014,3.3508254127063535
0.00890863955305441,1.3079289644822414
0.014095297521703604,0.9662081040520262
0.005861947227211457,5.0
0.0010020497047809676,5.0
0.002433378936773506,1.610030015007504
0.002630274457642398,2.271185592796398
0.004082344300838675,4.499799899949975
0.010079547214776816,1.1841170585292649
0.00780714193951719,4.534467233616809
0.004189174218577264,0.5477238619309656
0.005199217882694548,2.3429964982491245
0.00410909285638246,4.111030515257629
0.010130396390807775,2.1275637818909456
0.006499497864272244,4.655802901450725
0.006508344368421161,4.26208104052026
0.0012828200522273375,4.442846423211606
0.0019283418311158151,5.0
0.005120370406724459,4.219984992496248
0.01026596910938126,1.9294647323661833
0.003417812084387531,5.0
0.007663694648406653,2.3380440220110055
0.005312808663948447,4.328939469734868
0.0034197591999676896,4.2249374687343675
0.008123088934145345,4.853901950975488
0.005222491532897319,2.3850925462731367
0.003947613984118074,2.5188094047023513
0.003158277302047617,2.0681340670335167
0.011674933971389974,0.05
0.004022619523359916,5.0
0.0028529143184911274,1.9269884942471238
0.006047421858897679,1.7214607303651828
0.006352353552815319,1.5704102051025515
0.004575519770356355,1.436693346673337
0.014283496387260848,3.0388194097048524
0.0027977852842311565,1.2683091545772889
0.005088858818269974,3.747023511755878
0.0065204984619265174,2.172136068034017
0.006265222498126506,2.746623311655828
0.005050369535096015,2.199374687343672
0.0017505969914366967,3.662831415707854
0.002307398844708132,4.626088044022011
0.0034190994341393097,0.05
0.004464710236232933,4.769709854927464
0.009019812332993205,1.9666083041520763
0.002235922882058615,2.018609304652326
0.011954766076703684,3.2864432216108055
0.006652779707947511,1.203926963481741
0.0027274857851648376,1.7907953976988495
0.0038275338509797183,3.9723611805902954
0.0017416884872860222,4.385892946473237
0.011244172599728451,4.430465232616308
0.003921258610891258,4.477513756878439
0.0022464714533638325,4.806853426713357
0.0040756583676117425,0.05
0.005647651956953069,0.05
0.009689909713671306,4.2645572786393195
0.004430940684608892,3.838644322161081
0.0034773691729732756,0.05
0.003935407214670408,0.05
0.011589530540294268,3.2592046023011507
0.009824254354784671,1.520885442721361
0.0028688202089693082,3.7965482741370686
0.005780627406015128,3.511780890445223
0.004101051840997044,3.288919459729865
0.00686857527377939,0.05
0.010170613709689066,5.0
0.0019469231637801593,4.177888944472237
0.0049338933232675325,3.42016008004002
0.003353770129453558,2.134992496248124
0.004675018560244569,3.9674087043521764
0.010881702689011376,2.1473736868434217
0.0049996279439920785,4.806853426713357
0.0061799882513291216,3.838644322161081
0.008874418650435284,4.601325662831416
0.004223796142823699,2.667383691845923
0.006508431054587684,5.0
0.004696605901875442,2.1498499249624814
0.0068959295143533675,1.3029764882441222
0.004897835225889581,4.757328664332166
0.009647190868891042,5.0
0.010600402926464213,0.9785892946473238
0.00546616628491442,5.0
0.008354652058718007,0.05
0.008332814216096662,2.0854677338669334
0.0028206172582352362,5.0
0.0025757339211835914,1.5184092046023012
0.004078727971602657,2.1226113056528266
0.004014959618939565,4.678089044522261
0.0036046624370142527,0.05
0.0018817706658619607,2.8283391695847926
0.007266750028131319,2.9249124562281144
0.009723696239848423,3.447398699349675
0.004802207113613767,2.6698599299649826
0.007074671568786883,4.465132566283142
0.007281786550355246,0.05
0.007413839104281415,4.42056028014007
0.008937425602623894,1.3500250125062534
0.009142705797123049,2.555952976488244
0.005057446174302947,2.694622311155578
0.0018362887914862985,5.0
0.006454151942751375,0.05
0.005096633635786711,2.6822411205602803
0.0073530834176507645,0.05
0.0032435186460151103,4.613706853426714
0.005639166971841192,3.7222611305652826
0.013179332931314972,3.0858679339669837
0.007925160406913156,0.05
0.005321221411758795,0.1812406203101551
0.007527790521111528,4.413131565782892
0.002917718926974497,5.0
0.01277613280776798,4.111030515257629
0.005876563212490207,1.5431715857928967
0.012232321066867356,2.199374687343672
0.00887396023490996,4.143221610805403
0.0062789521269728185,3.7395947973986994
0.0015192167382979335,2.0854677338669334
0.010367800755120192,2.167183591795898
0.004781373429818152,2.1275637818909456
0.0031911514038236097,4.118459229614808
0.002639433270427677,4.167983991995998
0.005460240542029926,3.9674087043521764
0.00480489923148561,1.9666083041520763
0.003260828856392624,1.1494497248624314
0.001448611735036534,2.726813406703352
0.0031898829193369033,3.7816908454227116
0.005451706310312943,2.721860930465233
0.0062845292203392925,0.5155327663831917
0.0025497999501626,2.910055027513757
0.0016437248007593053,5.0
0.001908914067454491,5.0
0.012873781425587053,0.9538269134567285
0.007180409301353316,3.994647323661831
0.007397989606606752,1.0256378189094548
