null_delta_chi2,null_best_k
0.007125498304014988,2.3306153076538267
0.005785645951491447,1.8527013506753378
0.01634956245769985,2.897673836918459
0.0091426242968147,2.6599549774887445
0.012595799104700836,0.05
0.012739552431252882,1.5654577288644325
0.02209837320679496,1.1717358679339671
0.01170647208603294,4.821710855427714
0.014719746741741785,5.0
0.004257507485101147,3.4721610805402703
0.006633177011445515,2.498999499749875
0.009012727339902563,5.0
0.013495510205282474,1.3648824412206104
0.012659920754830675,3.3681590795397702
0.014638571764391733,5.0
0.0030328154492149373,2.5856678339169585
0.016009065938172667,0.9662081040520262
0.02815468006136268,1.731365682841421
0.02088695882548748,1.7858429214607305
0.011420654350527207,4.834092046023012
0.008949998488628957,1.6347923961980992
0.0060743092104698915,3.8039769884942474
0.01201762075653652,1.6273636818409207
0.006028785938202996,2.0012756378189094
0.008122083714081338,2.6599549774887445
0.010674863110000168,2.6822411205602803
0.013071129580205149,4.643421710855428
0.024188735011904064,3.695022511255628
0.02595789496343047,3.1007253626813407
0.02272028342659467,2.10280140070035
0.008095050513994409,1.605077538769385
0.01981032859850386,5.0
0.017908348754948664,4.039219609804903
0.021600214465525736,1.1098299149574788
0.010374402810767763,3.3037768884442222
0.03215792850435757,2.7713856928464233
0.004554230715112476,1.8873686843421713
0.009813713438841729,4.222461230615308
0.016709908465300585,3.690070035017509
0.017501663084685953,3.1230115057528764
0.010186475331164457,2.5212856428214105
0.015303294492721678,1.3401200600300152
0.035313360500833224,1.5926963481740872
0.014512884899938697,0.05
0.007058735498518029,1.1742121060530266
0.031516467834327946,3.5538769384692346
0.010575258256419223,4.484942471235618
0.011581472141334814,4.794472236118059
0.0026449329811864125,3.756928464232116
0.02088974268854578,0.05
0.006745535526270968,0.36943471735867933
0.030954807402562637,0.05
0.00469860001820116,3.695022511255628
0.008425788742494583,3.1601550775387697
0.00945004546992416,5.0
0.009735475958440348,1.8502251125562783
0.013591861178007966,0.05
0.011067844882129418,2.2909954977488747
0.006785748857063234,2.2414707353676837
0.019374186498930246,0.05
0.011448759499623942,3.1923461730865434
0.008037261160812784,0.42143571785892947
0.012435485227160273,1.2806903451725864
0.006281847515775027,1.4985992996498252
0.02204796526308514,4.063981990995498
0.005395411959255983,4.467608804402201
0.008937939027218969,4.3735117558779395
0.01038422166195202,0.05
0.018366656080032406,2.4049024512256127
0.005344333928496911,0.05
0.0035747178820220576,2.0433716858429216
0.015180780492222393,2.4148074037018508
0.01347884764852171,2.288519259629815
0.0059805225165714265,1.7189844922461233
0.018679585132914234,1.129639819909955
0.01474405016508637,3.910455227613807
0.02783301365770438,1.0429714857428716
0.01475941809271189,0.05
0.017045671403842166,0.8201100550275139
0.010526234445597471,3.0016758379189596
0.01611362459434,5.0
0.013594347861436526,0.05
0.013281861167846867,4.044172086043022
0.030771619860393007,1.2311655827913959
0.02327433379665271,2.721860930465233
0.010250900785005637,2.125087543771886
0.012695297767349067,2.625287643821911
0.028168593425346042,3.9723611805902954
0.009195100312543614,4.665707853926964
0.019663589390117933,2.3231865932966485
0.02128586520718119,3.769309654827414
0.01836759968842168,1.919559779889945
0.026430111823565777,0.9983991995998001
0.009975702519387772,5.0
0.012241433091621151,3.670260130065033
0.011980932015426923,0.8374437218609306
0.016356354498962514,4.311605802901451
0.016155507025885196,2.4271885942971485
0.008600063131178504,3.598449224612306
0.003937324662635258,5.0
0.011554579343721685,1.2980240120060031
0.016772208031860608,5.0
0.005245397600055074,4.621135567783893
0.016702431125912923,3.9822661330665334
0.01729766220196148,4.8860930465232615
0.023399320727709158,0.05
0.016416728835682348,0.05
0.007299456328422785,1.4243121560780392
0.013281821170901972,4.678089044522261
0.010370258097309806,2.5485242621310658
0.02449773811511337,0.05
0.0059114467189016195,5.0
0.01132441786313891,3.747023511755878
0.007979251606930596,4.410655327663832
0.02456308174487687,5.0
0.0020097722635892545,0.3743871935967984
0.011225878989303537,0.8275387693846925
0.0024732695940029303,4.757328664332166
0.012594093589762587,0.05
0.014292293119055124,1.399549774887444
0.006390367806963601,2.3529014507253625
0.014740654518237611,0.05
0.005397123139644314,5.0
0.010673158420877932,4.450275137568784
0.008260081806927513,3.1032016008004004
0.026063561526914053,1.1766883441720861
0.007303736644852246,2.1572786393196597
0.013447270378577597,0.9711605802901452
0.006101683775136604,5.0
0.0029674740009383166,2.7565282641320663
0.010812457018338273,4.962856428214107
0.005112103076480648,5.0
0.005649752874131511,4.7969484742371185
0.0041790407934002155,0.05
0.012768254553107122,4.517133566783392
0.008233101431931802,3.2294897448724362
0.005008273909844138,0.7210605302651327
0.035340697942196034,2.5633816908454228
0.011722967501762396,1.0974487243621813
0.015534242886641361,3.8089294647323664
0.012702025979272669,2.308329164582291
0.0163495446940069,4.115982991495748
0.012707937835800362,3.846073036518259
0.014094122471899631,2.2588044022011005
0.006384936299634547,0.9637318659329666
0.013154140853706767,2.73671835917959
0.008542752435095377,2.030990495247624
0.016733605893959405,2.340520260130065
0.008931242844488083,1.8229864932466235
0.014706134535280718,1.6075537768884445
0.03140242796979262,2.667383691845923
0.006951725768166786,1.2138319159579791
0.02549760561653791,1.9269884942471238
0.024642907028498806,2.751575787893947
0.016202106602576316,1.1321160580290146
0.004139462132299834,4.78704352176088
0.008572996629554658,1.1766883441720861
0.023590931088117592,2.877863931965983
0.012504146961746274,2.3949974987493747
0.009067613952436299,5.0
0.014480277968897518,4.799424712356179
0.011085949906663922,0.05
0.018551826465143653,0.05
0.01003723583924701,2.9917708854427216
0.010700924833105363,0.05
0.02170335565895519,3.120535267633817
0.008732074419489894,3.167583791895948
0.02496992841015623,4.348749374687344
0.028252360918622738,2.5856678339169585
0.004131430694818028,5.0
0.02819537797695841,1.278214107053527
0.0198273784445417,2.134992496248124
0.03659616477645404,0.05
0.016452487482689404,4.011980990495248
0.014408073906822791,2.9397698849424714
0.008589758525320679,3.851025512756378
0.009665682262743752,2.3603301650825412
0.01333095304369257,3.7222611305652826
0.005021902784414126,2.9125312656328166
0.024420726400442183,5.0
0.028205411307301503,0.7260130065032517
0.004336953579984301,5.0
0.007713956062315244,5.0
0.010633964140200944,2.1622311155577787
0.016493098485540425,5.0
0.017858343825510464,2.5163331665832915
0.025468592708620535,2.5955727863931966
0.002255081350377497,0.8275387693846925
0.03457554632883118,3.506828414207104
0.01060289339785031,3.6405452726363183
0.03532768362113427,0.05
0.0074748044697079685,1.2262131065532769
0.015229694874778849,2.0433716858429216
0.014666284018891404,5.0
0.019923787382879157,3.222061030515258
0.009787990294023094,4.111030515257629
0.027283279169537544,1.5926963481740872
0.016407684482309184,2.4370935467733865
0.02382061423907017,1.483741870935468
0.023566097784772352,1.951750875437719
0.013691930125242127,5.0
0.021139312320617165,0.8027763881940971
0.009594736085205863,4.0664582291145575
0.005138814615341131,2.6030015007503753
0.00664777176773966,1.6546023011505755
0.006515965934001985,5.0
0.012616004447563,2.709479739869935
0.026427646052034195,3.5712106053026513
0.03488429271163947,2.662431215607804
0.010827695107423707,4.046648324162081
0.0034137882499450656,0.05
0.022703719951445323,4.772186093046524
0.016690344382926117,4.2546523261630815
0.018367863101216714,5.0
0.011270091680357405,4.078839419709855
0.0022020486812936724,0.05
0.00884678687667391,0.750775387693847
0.006970965843200255,1.605077538769385
0.013151738868465532,1.5580290145072537
0.03303982685696091,0.05
0.008473514121392287,5.0
0.01380720379564536,3.479589794897449
0.01179177833828178,4.413131565782892
0.022017738408546858,1.6793646823411708
0.021302769057244222,1.013256628314157
0.011803440015735078,0.05
0.007910504454639866,1.404502251125563
0.013186055877301261,3.6875937968984496
0.009904006565056855,1.5926963481740872
0.007859625079899,4.118459229614808
0.011110284141767943,1.78831915957979
0.00875079810373633,3.227013506753377
0.018309053848543755,2.741670835417709
0.01404393851951416,5.0
0.04251926200518662,1.793271635817909
0.013626321607602826,0.6467733866933467
0.010445288957478496,3.7395947973986994
0.009000329531753684,2.214232116058029
0.006190065395431876,1.1370685342671336
0.009113507072986984,1.5902201100550277
0.008929026940194332,4.814282141070535
0.020648311714095785,2.4148074037018508
0.005306198530387732,4.779614807403702
0.015116581099109933,0.05
0.014263646040169414,0.05
0.02198737470790013,4.398274137068534
0.006375244860648999,3.704927463731866
0.01602215281927047,0.8399199599799901
0.012297140395761005,1.1420210105052528
0.019416935662262214,0.624487243621811
0.02470227988284117,2.5906203101550775
0.034294923320544055,0.05
0.0100834722991726,1.9220360180090048
0.010422216196426012,3.7940720360180094
0.0019715608087303993,3.145297648824412
0.013680109630187703,4.063981990995498
0.009574180569595761,2.7565282641320663
0.007122990601096987,3.05367683841921
0.02901491468010743,0.05
0.019398329897401187,3.68264132066033
0.014050338217761346,2.803576788394197
0.004601907460644136,2.5386193096548273
0.024182159578603257,0.05
0.012755402063463414,3.8188344172086044
0.01249214712403017,1.3772636318159082
0.023451043629198837,1.9492746373186596
0.003435748243462461,3.199774887443722
0.007753720597795347,4.73751875937969
0.011539592796200107,3.3136818409204603
0.010704053053504872,1.2113556778389196
0.012007409740975208,2.167183591795898
0.012952243623590765,2.345472736368184
0.017471886581213833,3.9599799899949977
0.03097292344848135,0.6938219109554778
0.02122532982642593,4.192746373186593
0.008241989814158829,0.05
0.029496925433258755,2.642621310655328
0.005932891185925979,4.653326663331666
0.009670606636409992,4.4032266133066535
0.009216870288987836,4.249699849924963
0.007759973838158504,3.984742371185593
0.015356979270560178,0.05
0.008379430296079085,1.7239369684842423
0.020756502479455485,0.2679089544772386
0.015561857430424125,1.2484992496248126
0.006278099015571706,3.927788894447224
0.017345648519701898,3.6454977488744373
0.01322843880050334,2.4073786893446725
0.009763315626448305,2.1523261630815407
0.006508660414096479,4.499799899949975
0.005859509244736466,2.184517258629315
0.010742753155088727,4.645897948974487
0.04579328468156027,4.353701850925463
0.009928148713871932,5.0
0.011941649008991431,4.747423711855928
0.009912533816984051,3.2393946973486742
0.014192681243340458,1.4688844422211107
0.017099706082592384,4.509704852426213
0.0055628927640819364,4.311605802901451
0.012246657896342633,2.7119559779889943
0.009215406101647769,4.31903451725863
0.007289852643531741,3.068534267133567
0.006837351400790781,0.9216358179089545
0.02314563560550592,2.9917708854427216
0.006792806786738825,5.0
0.017061074154521197,3.1007253626813407
0.024786257062315187,2.9298649324662334
0.027577623856519545,5.0
0.00552764325821678,2.082991495747874
0.01607918996137915,2.5138569284642323
0.020085119525106998,3.8089294647323664
0.011420253015715823,0.05
0.013703277013823595,4.140745372686343
0.02224142703795924,3.7197848924462233
0.010311769726670014,4.207603801900951
0.010455423580791226,2.3231865932966485
0.011560600612470287,1.0999249624812408
0.008825425475420007,5.0
0.00976552824259759,4.353701850925463
0.01781035549195692,5.0
0.011697283967527186,1.9393696848424213
0.010276306712674182,1.8279389694847425
0.017300039986823695,1.394597298649325
0.013455636647346836,0.05
0.02296559282765427,0.5477238619309656
0.012263912646364339,2.3553776888444222
0.026918727990216648,3.2492996498249127
0.015099671097553946,0.23571785892946473
0.011459502168266786,3.7990245122561284
0.018015513623835175,3.9129314657328664
0.01133581924507955,0.05
0.008646080009198615,0.9265882941470737
0.03443835028805814,0.05
0.010477001178911607,4.021885942971486
0.029150958698620166,0.05
0.02454571341715296,3.0165332666333167
0.007674548535487644,3.068534267133567
0.00771124640813689,0.8919209604802403
0.0157772513781423,3.3285392696348177
0.007201496649366576,0.05
0.02250944490781291,5.0
0.013695896606936375,0.381815907953977
0.008405527457144,2.8407203601800903
0.012706489793591666,5.0
0.012019401850907219,3.759404702351176
0.005059777005886543,3.516733366683342
0.0077152182006811065,2.625287643821911
0.02028086979414978,3.573686843421711
0.008093704671170196,0.05
0.014613985945806651,4.467608804402201
0.01123238473953371,0.05
0.032712978247502716,0.05
0.008721432257808512,4.395797898949475
0.0033795645358963566,3.8287393696848424
0.008809133437828784,2.5435717858929467
0.02075734958941859,3.4969234617308658
0.004325539703232309,3.563781890945473
0.025464626316187122,3.667783891945973
0.018106617668437186,0.9241120560280142
0.012290806530739967,5.0
0.012493287987674254,0.25800400200100054
0.01609104234256606,4.430465232616308
0.020210952899157197,1.5332666333166585
0.02254371211607538,0.05
0.030829764889957596,2.5757628814407205
0.014100259821766242,1.941845922961481
0.004412713775335406,0.05
0.00926125184151634,0.9166833416708355
0.01629704442066364,1.4391695847923964
0.009868488077386522,2.1548024012006004
0.027802050593974822,0.05
0.015613130794540908,3.1774887443721864
0.003431013088969481,3.84112056028014
0.025659533623487843,5.0
0.007779498518099365,5.0
0.010245420631594906,2.5980490245122563
0.015876715392644958,2.9125312656328166
0.012100538103021113,1.0900200100050026
0.011587171545629243,2.5188094047023513
0.015525504301063031,1.4639319659829917
0.028355082528915235,2.9422461230615307
0.018287421189525643,3.8089294647323664
0.006874298458361933,1.3128814407203604
0.012331859539708293,3.3533016508254128
0.00550068922335957,4.744947473736869
0.01116811528139712,1.2559279639819911
0.0281654781045311,4.9554277138569285
0.005764941917989777,1.2212606303151576
0.004338342145625146,2.4346173086543272
0.013613384564188896,5.0
0.019256234443275032,1.704127063531766
0.007965043414571132,3.7915957978989496
0.022266253057940416,2.184517258629315
0.007459191600319465,1.662031015507754
0.011933526160662025,3.8559779889944976
0.02141219646966107,1.1692596298149076
0.00694230770233098,3.563781890945473
0.024535254112469193,2.040895447723862
0.005245910524889569,4.190270135067534
0.007701868477023283,1.3747873936968487
0.02235596582476919,3.9624562281140574
0.012854642542809616,5.0
0.025233255028900267,3.2171085542771385
0.025375668562011663,1.8229864932466235
0.016817271839627335,4.024362181090546
0.013028450309124723,0.05
0.007350918631835485,4.2051275637818915
0.01961800900347084,0.05
0.00643942227394502,3.73711855927964
0.00436921995636215,0.4313406703351676
0.013348439728479516,4.180365182591296
0.020566183322035164,0.05
0.01064569031219785,1.4391695847923964
0.026227738097075445,1.7610805402701353
0.00590285978250478,2.610430215107554
0.021171912389402178,0.703726863431716
0.006697532243912174,2.172136068034017
0.01651801186405208,1.6496498249124565
0.014143939624412558,1.862606303151576
0.035064570275785634,2.7862431215607804
0.007827594089786047,1.3822161080540272
0.00981896647002628,4.566658329164582
0.004990804637647908,2.6599549774887445
0.012304670451573532,1.862606303151576
0.018416349183193098,1.567933966983492
0.00881347181294978,0.05
0.015002481496918338,3.647973986993497
0.014532843858503175,3.145297648824412
0.01175813795837008,0.05
0.016016221587930077,2.8407203601800903
0.016480588592170123,2.10280140070035
0.02826710028349526,4.73999499749875
0.016403714491374885,3.7990245122561284
0.007300819738322584,1.5406953476738372
0.01143436344062268,1.4614557278639322
0.005829489619678441,3.1230115057528764
0.00546386967841718,1.8947973986993498
0.013199458679489476,4.576563281640821
0.0165759998908397,2.989294647323662
0.005784803488365187,5.0
0.016713445823371267,2.811005502751376
0.00646370271986739,3.927788894447224
0.009937984845346526,4.356178089044523
0.012819267212504717,4.212556278139069
0.022404283984425663,1.6694597298649327
0.014925553415738757,0.05
0.0189676756313127,5.0
0.014582890948143815,2.3999499749874937
0.006563099949228296,2.726813406703352
0.00940136945175113,2.863006503251626
0.009101493371367342,5.0
0.010680493086837495,0.9761130565282643
0.008334896223571808,1.7140320160080043
0.03277702731334896,0.05
0.012955757039811541,0.05
0.015364731730680162,2.9075787893946976
0.014247417063377385,2.251375687843922
0.03345578754438831,0.05
0.011514989305551102,4.819234617308655
0.008929743947824129,1.6818409204602303
0.023393057655209035,3.115582791395698
0.019042649076644283,4.073886943471736
0.007010767551025088,2.4866183091545775
0.008530663367779578,5.0
0.00981555986310624,3.4127313656828417
0.008193912372534959,4.89847423711856
0.030423789561513717,3.900550275137569
0.00876220878290862,4.05407703851926
0.01997919571066921,1.0182091045522763
0.01463665809995307,3.4350175087543775
0.00422609791379544,1.7536518259129568
0.008194550720171362,5.0
0.0097761904459982,2.372711355677839
0.012632573726262586,2.191945972986493
0.011335590616142213,1.129639819909955
0.004965351322179901,1.0107803901950976
0.012124138665189785,0.05
0.009598939135949308,3.442446223111556
0.03019444815556581,0.9761130565282643
0.010058324646421798,2.201850925462731
0.012506542956731523,2.345472736368184
0.01406605766106113,1.2683091545772889
0.015546350764013284,0.47591295647823917
0.010176620144533216,2.2588044022011005
0.006493549754694031,1.6026013006503252
0.016507911118340088,3.848549274637319
0.01144661059925818,1.352501250625313
0.008085659305100704,4.819234617308655
0.0067146088789841185,2.1548024012006004
0.015785352115651935,3.4176838419209608
0.005147444931180911,0.9043021510755379
0.030492343232602873,4.68551775887944
0.02915130079910548,4.836568284142071
0.007025304466223042,0.05
0.023324284248369798,5.0
0.010472301616670399,4.177888944472237
0.007351859822357573,5.0
0.009444478977008577,0.05
0.02532301706096038,2.4965232616308155
0.012544021314491421,1.3896448224112057
0.03017128521913298,0.05
0.007727499014013581,1.092496248124062
0.008754341463984586,4.353701850925463
0.0032518654777253936,0.666583291645823
0.003157127245884628,5.0
0.013333117390148488,3.6331165582791396
0.00895586158665547,2.3479489744872435
0.009233996430610611,5.0
0.011176907020962301,0.05
0.007179590127059959,1.0553526763381693
0.003961596982799437,3.873311655827914
0.004735279637865714,0.8448724362181091
0.0028333472017611078,3.415207603801901
0.0087465298345248,3.3830165082541273
0.022800516791228825,2.783766883441721
0.0071144245594344235,0.05
0.006197370152455209,5.0
0.008227199825574988,0.05
0.016228110448856303,4.390845422711356
0.010592728395634854,3.1601550775387697
0.01887843953208665,2.6327163581790898
0.016758083103634774,4.291795897948974
0.011040047268431177,0.05
0.011776254665243333,1.0305902951475738
0.006905069856317156,0.48581790895447724
0.006086194697289285,5.0
0.007937829248282666,3.083391695847924
0.013425132460467587,2.0607053526763384
0.024432475451189956,2.731765882941471
0.021890770769571855,2.167183591795898
0.022578216084864336,2.256328164082041
0.010300952696452856,2.1424212106053027
0.021934886350671146,0.05
0.009565635656561156,5.0
0.007172770011851126,2.9249124562281144
0.025066684112932933,3.586068034017009
0.013441124290766271,2.1498499249624814
0.019720086784510024,2.5089044522261132
0.008577264294576337,1.9963231615807906
0.014065347566800113,3.42016008004002
0.01449118740992654,1.9542271135567786
0.008121079732300002,3.231965982991496
0.010232976602141633,5.0
0.01551265377238703,0.05
0.016663101362166408,4.727613806903452
0.003951389546901732,1.9715607803901953
0.020448826907596127,3.1651075537768887
0.009559885801882509,2.4742371185592797
0.016245393300847746,0.05
0.02243221334100906,3.989694847423712
0.020995668955548052,0.05
0.008346891082673419,0.05
0.005861646856996,2.3553776888444222
0.0239263331573923,4.291795897948974
0.01168916804484739,2.642621310655328
0.018600106364566896,0.05
0.02042005649389457,2.021085542771386
0.033264891200802525,4.343796898449225
0.019466636352346994,4.749899949974988
0.01359638420413635,2.2588044022011005
0.02085779121755839,0.05
0.005103844221707052,4.861330665332667
0.010211280957640581,2.9249124562281144
0.02790337114448517,1.8601300650325165
0.017143857005753216,3.1948224112056027
0.009663903395845663,4.512181090545273
0.019346608227795922,2.637668834417209
0.008917837353630886,2.900150075037519
0.011226174996658206,2.9595797898949474
0.013850136079613856,1.1395447723861933
0.014348461242728025,5.0
0.015763906780860967,5.0
0.021579604018599555,4.455227613806904
0.03428584802576133,0.05
0.010458059205515416,4.328939469734868
0.011154925320309955,1.9740370185092548
0.0067534772335236665,1.535742871435718
0.027409890832021513,4.460180090045022
0.007540280086722986,5.0
0.007569468609237559,1.3648824412206104
0.018664249166092203,5.0
0.020274886529874886,0.05
0.005495300249392335,0.05
0.022711207892394183,1.941845922961481
0.011095962599843412,3.6925462731365686
0.0038126785075102976,1.6422211105552778
0.019017802351545487,4.2942721360680345
0.012700731035532181,1.4862181090545274
0.010640919601021787,4.063981990995498
0.021659751194785387,3.0214857428714357
0.008856568895537403,4.522086043021511
0.012804314300135011,2.4148074037018508
0.01432243881569735,0.05
0.017254043821049225,2.214232116058029
0.03472646090327472,0.05
0.021398921366576312,4.992571285642821
0.01545766151231677,2.0433716858429216
0.009164949205013151,5.0
0.011183377505388309,0.9166833416708355
0.00318629783174533,2.2588044022011005
0.01985267724422149,2.362806403201601
0.01932750418983903,2.3479489744872435
0.0077851828270051465,4.467608804402201
0.011499330636393024,0.05
0.013764645171547865,1.783366683341671
0.010618060772172727,5.0
0.02221309693988191,4.467608804402201
0.008883287553470329,1.0974487243621813
0.027743460282890292,0.919159579789895
0.011731658331183656,0.6641070535267635
0.004382340636043619,2.699574787393697
0.01292509434485016,3.7197848924462233
0.006553726497336182,1.9319409704852428
0.002662403339097591,1.7016508254127065
0.007975575420271885,1.9814657328664333
0.007899134543136566,5.0
0.01693759913306092,3.4597798899449725
0.01858530703730768,2.1448974487243624
0.011441942698306631,1.9666083041520763
0.0037634063784579425,4.4032266133066535
0.01090007257654145,2.2687093546773385
0.009902899894278838,0.6789644822411207
0.021905158144144718,4.182841420710355
0.03709331949819636,0.05
0.01169694770168489,1.3599299649824914
0.010031926134063618,5.0
0.027628974939834114,2.357853926963482
0.007006548645827643,5.0
0.02563770817961261,5.0
0.0015473506595599373,2.1523261630815407
0.009423611794643738,0.05
0.028451214540643588,3.6306403201600803
0.0062795152739959365,1.2658329164582294
0.016183015600486246,2.199374687343672
0.020811283857134058,2.9372936468234117
0.008614095196906368,4.163031515757879
0.01489651710218634,3.214632316158079
0.011932547064468363,4.923236618309155
0.010233039854939424,3.925312656328164
0.02915695198866569,4.063981990995498
0.0038131190297600592,0.05
0.005784198761186729,5.0
0.020398389885484786,0.05
0.006293315421505574,5.0
0.015216320856431861,0.05
0.02978933276300899,0.05
0.00964761448014545,0.05
0.004873477307804908,0.05
0.015118976157492706,1.7957478739369688
0.012416208674837365,1.2930715357678841
0.040981179472749665,5.0
0.015569725257658373,2.5336668334167083
0.010809982629765832,5.0
0.02303813859243027,2.721860930465233
0.012979552761279614,1.6125062531265635
0.006859407067481227,4.9653326663331665
0.013308023859021398,2.3207103551775887
0.012485595915357,2.986818409204602
0.020517704293836467,0.956303151575788
0.010462424291972333,3.4548274137068535
0.008773068678857493,4.113506753376688
0.011381630734598164,1.830415207603802
0.0010920029762014338,2.7664332166083043
0.02447669093136079,0.05
0.0070519964592048595,0.05
0.011623785363717859,5.0
0.01584578458228232,2.0582291145572786
0.00837966087820255,1.5827913956978492
0.012603862074760941,0.05
0.014689572311648982,1.1717358679339671
0.00865945034805117,4.933141570785393
0.009349594195649583,2.667383691845923
0.007005590953016366,2.803576788394197
0.029390313314111266,3.489494747373687
0.0128607137051963,1.3500250125062534
0.002594320967611516,1.4317408704352177
0.020946102268180597,1.3005002501250627
0.019385429857803393,1.8799399699849928
0.01092988953108992,4.217508754377189
0.019389463526501546,3.120535267633817
0.007785707197549466,4.172936468234117
0.0067191448526001535,0.05
0.0012637401940476939,1.5704102051025515
0.00936123109057417,4.42056028014007
0.01597112936774897,2.494047023511756
0.0025269067344111107,3.7148324162081043
0.014144228051852503,3.3433966983491747
0.006214517847474912,4.603801900950476
0.009423278367377011,0.5180090045022512
0.01803529129680595,1.7214607303651828
0.018577942248443072,2.0384192096048026
0.018717695042994642,0.05
0.014335498100302844,3.0858679339669837
0.009022308196644901,3.756928464232116
0.01538520197208769,3.615782891445723
0.013529135992998542,1.1024012006003003
0.016377238559524776,4.715232616308154
0.02143464797577778,3.145297648824412
0.011724268174799199,5.0
0.011656565975126362,4.908379189594798
0.014169096757639388,1.9789894947473738
0.00911448315901768,3.3384442221110557
0.00798053228945711,2.7961480740370184
0.020808581174452265,0.05
0.015302872925924096,1.778414207103552
0.009933186700612065,4.1456978489244625
0.020558997431977866,2.377663831915958
0.011584527787411203,4.551800900450226
0.008731132264759411,5.0
0.01187923448298503,3.680165082541271
0.005123363638276757,0.877063531765883
0.006788799190450875,2.9174837418709356
0.01879906558965161,0.05
0.00789295083121544,1.6793646823411708
0.016298963611473455,1.8279389694847425
0.011584358237787917,5.0
0.01984680168035456,3.3483491745872938
0.013390255059140474,0.9959229614807406
0.017339455416667218,1.7214607303651828
0.01134337892478797,2.7490995497748876
0.019622550133235536,4.259604802401201
0.009907182266363598,1.7338419209604805
0.007745183082957491,4.759804902451226
0.0216214280173522,1.3599299649824914
0.02315675442979377,4.499799899949975
0.003269470651376491,5.0
0.02051743534098839,4.774662331165583
0.01422239167100997,3.125487743871936
0.023579786019275698,3.0091045522761384
0.0034002803529631226,0.05
0.017370003767016987,0.05
0.013962840177437957,0.05
0.017342272864035668,1.605077538769385
0.006082312795324354,4.987618809404703
0.017501275839694422,4.289319659829915
0.00649497826749415,3.0239619809904954
0.00404741499263743,3.8881690845422714
0.024834388275323513,3.774262131065533
0.00420665427572342,2.746623311655828
0.01534010974300079,2.3380440220110055
0.027509227750397852,0.05
0.01801464535829035,2.466808404202101
0.03252915064430649,3.7173086543271636
0.026482212112781824,1.919559779889945
0.008368741597063314,0.05
0.011240228490667178,2.5287143571785893
0.015042968206658888,0.8795397698849426
0.015437904798225127,0.05
0.03842949986027734,2.6500500250125065
0.02646519760164537,0.9488744372186094
0.02008612242337693,3.6504502251125563
0.017915209244336275,2.4593796898449227
0.010297412875806863,5.0
0.021592118861015946,1.820510255127564
0.006132377465401934,1.9765132566283143
0.024251955960626737,4.925712856428214
0.009642833514684576,1.310405202601301
0.019614675452079483,5.0
0.013644209588411407,3.4028264132066033
0.021827448195301816,1.5010755377688847
0.008002869127366113,4.361130565282641
0.016392432519398314,4.744947473736869
0.0027140532208901613,1.7561280640320163
0.01139018969862747,1.7709854927463733
0.035691302638414774,0.05
0.007812322656429116,3.754452226113057
0.014649290107971613,0.05
0.028283212657126758,4.3140820410205105
0.009513593165918433,2.546048024012006
0.018389950063360957,1.488694347173587
0.006264484717473845,3.521685842921461
0.008425385895055218,0.05
0.027876754425504302,0.05
0.024753704868486562,1.7140320160080043
0.010747084410552998,3.2765382691345675
0.01318493647493428,4.591420710355178
0.008209050121049666,0.05
0.0027727763382390247,4.0516008004002
0.01410564067090092,2.092896448224112
0.016451462691435617,4.7969484742371185
0.008926074334163744,3.489494747373687
0.004344856109381845,3.7445472736368184
0.013649084330142294,2.637668834417209
0.01670748371865681,2.6723361680840423
0.008279639494088664,1.1370685342671336
0.023291981988258006,1.2633566783391696
0.020347798473623363,5.0
0.01029747380984318,1.0281140570285143
0.017341031992506112,3.563781890945473
0.013422222878206963,0.503151575787894
0.015632276999471062,3.05367683841921
0.022439554996410566,2.8555777888944474
0.007998226312274884,1.9641320660330168
0.007563943271842968,1.773461730865433
0.03458904990037527,3.1081540770385194
0.007631612325255804,2.6129064532266133
0.0029466012327995506,1.5035517758879442
0.01000019484453879,2.615382691345673
0.013927085994530991,3.900550275137569
0.00912156826392184,3.593496748374187
0.012842129487592127,5.0
0.0066243090835556295,2.189469734867434
0.019368022710051364,1.914607303651826
0.017510651706298036,0.05
0.022562511893583423,1.605077538769385
0.0241248937354845,1.9245122561280643
0.027452988910130288,2.082991495747874
0.01377805383341242,5.0
0.012608791668741626,3.4028264132066033
0.01867317658249143,1.8056528264132068
0.014940955464424477,1.493646823411706
0.022409519008243645,5.0
0.0200799505720769,1.8328914457228616
0.03171964305972905,1.7214607303651828
0.014284989318831709,4.442846423211606
0.01627533401700243,3.2765382691345675
0.017815912436399503,3.5291145572786395
0.013779325262123374,0.8523011505752878
0.010188786663368102,2.456903451725863
0.006123784689128761,1.0528764382191096
0.010149386549733755,2.783766883441721
0.02257205928213156,0.05
0.008233331763521395,3.1824412206103054
0.026897419546254506,4.784567283641821
0.018296527773998927,3.615782891445723
0.04510237213398394,0.05
0.012957666992244224,4.366083041520761
0.011136134046704771,4.0961730865432715
0.023277454034048073,2.4271885942971485
0.005724274578427099,3.680165082541271
0.016194783762453008,2.2637568784392195
0.013402951702910948,4.289319659829915
0.0075357678538362505,5.0
0.019649096184358783,0.05
0.006847036647919538,2.5757628814407205
0.024729880703709656,3.7940720360180094
0.007333511363926459,5.0
0.025661501764011774,2.6921460730365183
0.013731683416790569,2.867958979489745
0.01079663097339191,4.938094047023512
0.024933755069759506,5.0
0.006993308597812421,1.7709854927463733
0.016698135845206685,5.0
0.017753673671766543,1.8229864932466235
0.006326097528935412,0.9364932466233118
0.023678441733635758,0.5328664332166083
0.012903298151030196,4.05407703851926
0.005402554941771179,1.7561280640320163
0.008573175496436672,3.7940720360180094
0.026293628616200007,0.7804902451225614
0.010416693671282493,1.05040020010005
0.028880249747624223,0.05
0.009229596796113668,0.05
0.010647776007608994,2.6550025012506255
0.008758647266719224,0.05
0.004582303063133342,4.576563281640821
0.0063960800241032595,2.887768884442221
0.020269242229913317,1.1469734867433719
0.010904158875494965,4.447798899449725
0.01054751968274266,1.8749874937468736
0.01760702463892061,0.05
0.011291431366763208,4.138269134567284
0.014131159633574239,0.05
0.009581620662964363,4.063981990995498
0.022024425802739125,3.340920460230115
0.008165774501255815,2.345472736368184
0.014891720351956461,2.035942971485743
0.014521874034132118,2.667383691845923
0.005917461907860813,1.6917458729364685
0.013866785271205509,5.0
0.015927178079793422,1.0256378189094548
0.016070000132094323,3.199774887443722
0.01771341206949549,0.05
0.022603433934073353,1.5530765382691347
0.0133677875942277,1.983941970985493
0.029218125379471216,3.8856928464232117
0.005328955074777181,3.8287393696848424
0.009692503872413688,4.16055527763882
0.011014624846998361,1.2584042021010506
0.0060104002233477005,0.05
0.010975215051792483,5.0
0.008911292165003665,0.05
0.017238259431414132,4.4527513756878445
0.04707407283912207,1.7685092546273138
0.0041567859556006365,3.6454977488744373
0.009647053669407227,1.657078539269635
0.0076974512789348,5.0
0.009927924726952336,3.8089294647323664
0.009976142717489853,0.05
0.014662668291063496,3.595972986493247
0.006275923959627408,4.878664332166084
0.018261966589933412,4.2051275637818915
0.01867092323957037,3.0289144572286144
0.014229055851898514,2.0904202101050524
0.012886410358607395,1.909654827413707
0.008213536610209488,5.0
0.006530567708627963,4.081315657828915
0.014193421518874996,4.858854427213607
0.015302603452292216,1.9071785892946476
0.005947124440330798,2.5212856428214105
0.008337618862411036,4.118459229614808
0.022004078749652642,0.05
0.019162615798676216,4.484942471235618
0.011398184581663556,2.7664332166083043
0.005963816524566706,4.715232616308154
0.008084658775803596,1.7486993496748375
0.003410228556663758,4.328939469734868
0.022100868354782352,1.2658329164582294
0.01857925434837769,0.05
0.018490870730437828,4.252176088044022
0.010524285910390133,1.3277388694347174
0.027078989414374283,0.9364932466233118
0.016103005810238366,2.20927963981991
0.015746201031392362,0.05
0.024765768184644738,3.140345172586293
0.022764875441488405,0.05
0.01264317310615927,4.529514757378689
0.018436952359261488,0.9265882941470737
0.007053758812698721,1.877463731865933
0.012167994436164453,3.2790145072536268
0.0145603653275488,3.521685842921461
0.02291466667556563,3.137868934467234
0.004367685338574581,2.1275637818909456
0.014325617661934978,5.0
0.007310342456367802,2.9298649324662334
0.00711554402193848,2.1746123061530764
0.03633121100538117,4.470085042521261
0.013138174983693712,1.2212606303151576
0.016350736616428857,1.5506003001500752
0.018792695961171835,0.05
0.015355356788584212,4.985142571285643
0.006358862911774163,5.0
0.014941865048009442,4.915807903951976
0.007049736421988445,3.2592046023011507
0.016052435392672357,5.0
0.005503935459801809,1.2806903451725864
0.0075483030942626456,2.783766883441721
0.04921990175217046,0.05
0.019406583369329045,3.695022511255628
0.013900838236892421,3.0982491245622814
0.016884720500382228,1.3079289644822414
0.015981699459158852,4.405702851425713
0.00288723107430483,1.1544022011005504
0.00605974343414413,3.9030265132566284
0.023711001598016673,3.47463731865933
0.006846044517598154,1.8799399699849928
0.003233740803579341,1.605077538769385
0.011802399125869223,4.586468234117059
0.01697712279042536,1.6446973486743373
0.0066611960524693425,4.1754127063531765
0.06593233928138025,0.13666833416708357
0.0033103170447303237,4.967808904452227
0.01673603949897398,3.2022511255627815
0.018230539651735947,1.825462731365683
0.0076853376424968756,3.0932966483241624
0.02493816343024402,0.8869684842421212
0.0117499797065405,1.746223111555778
0.021568590497544615,1.9492746373186596
0.007750817849278321,1.161830915457729
0.00888992238726212,5.0
0.009827845021261994,4.8959979989995
0.018147390995589804,1.483741870935468
0.008018910059536519,2.204327163581791
0.010649190477852233,5.0
0.02191899236222182,0.05
0.021982042265595234,3.4870185092546273
0.018160836884759654,5.0
0.009779374586424458,4.4725612806403205
0.0199795958509979,2.8332916458229116
0.015188472154583799,4.640945472736369
0.005429222473962492,4.353701850925463
0.009089994346976674,5.0
0.017257534902172453,4.725137568784392
0.019210479402780742,4.274462231115558
0.007142186778303555,0.8027763881940971
0.014361639347108365,1.9963231615807906
0.01875884166751804,3.078439219609805
0.015477732399055186,1.731365682841421
0.0111865650992468,0.05
0.016891836159873108,4.650850425212607
0.004763188741041244,0.05
0.01218746025989742,1.325262631315658
0.011644234092718447,4.650850425212607
0.05375480193470462,0.05
0.011368148242271434,4.390845422711356
0.016881334377471857,3.05367683841921
0.021516180622301304,3.3755877938969485
0.011623769130369013,3.1898699349674837
0.012095107559442347,1.203926963481741
0.003420853537170934,0.05
0.015323007392488153,5.0
0.017604291136781677,2.4370935467733865
0.012538191531360307,1.1147823911955979
0.014993146571364593,3.7173086543271636
0.027402558521881656,0.05
0.014674185810220772,0.05
0.015714846158933787,2.4544272136068033
0.007903453898943966,1.5580290145072537
0.01674122559168699,3.5538769384692346
0.008957867743230888,4.15807903951976
0.007854350837369531,3.5192096048024015
0.007291861417571252,4.16055527763882
0.011130371604855735,2.5658579289644825
0.005882677407346298,2.2488994497248624
0.017231682617374025,0.05
0.018942352376554443,2.6550025012506255
0.01712385650317587,3.0115807903951977
0.008372239447781912,4.544372186093047
0.02409837561525445,1.493646823411706
0.011733204472937075,5.0
0.010765972594321799,3.6504502251125563
0.010552902922071436,2.635192596298149
0.007720091986976069,3.1849174587293647
0.012685118737779305,0.48581790895447724
0.01844892905054074,0.05
0.008401926152348207,2.6649074537268636
0.026341545157884,4.853901950975488
0.007483970899801087,0.5576288144072037
0.006252998238492,1.8378439219609808
0.008355938704776106,1.4985992996498252
0.030205821050009143,2.5485242621310658
0.013466260427949253,3.9872186093046524
0.015729719948038706,4.816758379189595
0.007401518415032268,2.3479489744872435
0.013168048018224049,1.4664082041020512
0.023865356310182176,3.2072036018009005
0.01596617159570292,3.910455227613807
0.016155398074631788,4.712756378189095
0.006617007961581767,3.6232116058029016
0.022995782036468085,0.624487243621811
0.017430704419893986,1.2584042021010506
0.008415127502513303,0.05
0.02024887207042962,2.962056028014007
0.020647912906004443,1.9269884942471238
0.02254191971263665,3.9649324662331167
0.01068283639964654,0.05
0.0018037222782752993,2.3652826413206602
0.012331689407668961,3.437493746873437
0.024422843491977694,4.551800900450226
0.013023051766601068,2.897673836918459
0.01299807073321857,2.0012756378189094
0.014069211587973376,2.568334167083542
0.026633422146150512,2.835767883941971
0.006665726397824562,1.830415207603802
0.010646480725732155,1.567933966983492
0.013341353363680683,0.05
0.015419249105049063,2.3603301650825412
0.03093732246543965,2.9026263131565786
0.010938852667146184,4.744947473736869
0.01671047742510942,5.0
0.010692935440409904,4.675612806403202
0.007555068564386161,0.05
0.016207433611578656,0.05
0.013306256439641284,5.0
0.010284081245405807,1.2088794397198601
0.011159888434738016,4.4032266133066535
0.0077612961169861855,4.125887943971986
0.014058028922767946,5.0
0.007087111323161005,1.241070535267634
0.01096695528973618,4.31655827913957
0.01572835212846621,1.78831915957979
0.008693314031853513,3.219584792396198
0.02212950698475037,4.353701850925463
0.012679605969107735,1.7536518259129568
0.014199753477252317,2.919959979989995
0.016152842326641395,0.05
0.016659559008900218,0.9736368184092047
0.010476794772042261,3.405302651325663
0.011285818941012368,0.6343921960980491
0.008540480365700542,5.0
0.01991221413365858,4.668184092046023
0.015465987434142792,5.0
0.005429419352760617,2.8506253126563283
0.01578233686099563,2.194422211105553
0.02246787250823501,2.5584292146073038
0.007687294962425331,2.196898449224612
0.008979493389755691,2.2538519259629815
0.02014154579154788,1.8229864932466235
0.0081955178218195,4.923236618309155
0.010947243814635577,2.9125312656328166
0.013969112046353191,1.0999249624812408
0.00984849386244345,4.05407703851926
0.009300953782091018,0.05
0.006024745175478657,1.166783391695848
0.021386671351272937,0.05
0.01195071142745531,5.0
0.013217060180832643,0.8572536268134068
0.006858199586556091,1.3896448224112057
0.012693923969151116,3.4127313656828417
0.004779533224204255,4.663231615807904
0.006461613744442818,0.40657828914457234
0.015363984084948448,5.0
0.009100194099108658,0.9166833416708355
0.03382366247349765,3.3879689844922463
0.004780649238696977,4.0516008004002
0.013494801200569617,3.754452226113057
0.022337599110624634,0.8027763881940971
0.0035118217635789345,4.905902951475738
0.011912221038075002,5.0
0.0072982140748172886,5.0
0.01952596193941851,0.05
0.01004145819937774,0.05
0.01999738177217547,2.3182341170585294
0.013344036314184252,4.962856428214107
0.024199881310037974,2.204327163581791
0.006006050061844098,4.3239869934967485
0.015969422216929263,0.05
0.02812933420531584,4.3041770885442725
0.011324946473603562,0.05
0.003526322536070478,2.1448974487243624
0.009569206053420279,5.0
0.011532083247172031,2.872911455727864
0.008540147703579387,0.05
0.011630069501688184,0.9810655327663833
0.010651539542960789,0.6962981490745374
0.01563279433270738,2.4271885942971485
0.006761971245889967,3.504352176088044
0.013277086416636316,2.5287143571785893
0.016682033585842984,2.2488994497248624
0.017026945894367304,3.068534267133567
0.005696081436997055,5.0
0.017826171062266,2.8382441220610306
0.04182887383888853,0.05
0.019147722872431758,2.134992496248124
0.011607342055415512,2.531190595297649
0.01904061448983098,4.73504252126063
0.008936903222092174,2.0582291145572786
0.011008386031641823,4.846473236618309
0.007849685145556298,5.0
0.008075624910154552,3.1898699349674837
0.00885539542537965,5.0
0.011662648491900712,1.8799399699849928
0.01757125550952089,1.73631815907954
0.01998935066644489,0.33724362181090545
0.005581883453272943,4.1357928964482245
0.01695791496756953,4.9455227613806905
0.011350253004473163,0.05
0.021596834527079042,1.8279389694847425
0.011750453551828688,0.05
0.004705757574998193,2.4692846423211607
0.023167267278132314,1.2658329164582294
0.01334896561882229,4.2645572786393195
0.018904821104139255,5.0
0.012803453961368949,4.182841420710355
0.007695258177045208,3.222061030515258
0.014051369128359581,4.977713856928465
0.02276662109461776,2.783766883441721
0.02194974153954679,1.2212606303151576
0.009049509287817364,1.0528764382191096
0.0070186586817168745,4.957903951975989
0.014360410798305162,4.836568284142071
0.007422554436418899,1.4069784892446224
0.017145116110479544,1.3747873936968487
0.018491991902106403,0.05
0.005860865447101196,2.387568784392196
0.013953930612004908,2.3058529264632317
0.009683477716563776,4.494847423711856
0.012044723438567759,1.619934967483742
0.009016206007780608,3.9797898949474737
0.019455362825460468,4.613706853426714
0.008726714315093392,3.586068034017009
0.013402429819995523,0.05
0.017929194746321958,2.7391945972986496
0.014028242796247203,2.0953726863431714
0.005621719083824528,3.3854927463731865
0.014035835919530379,3.5662581290645323
0.013411190503644047,0.9810655327663833
0.015446942731762281,1.134592296148074
0.008500960518568551,0.9761130565282643
0.02709329279231426,1.9294647323661833
0.009960178520586893,4.286843421710856
0.0063263378677739235,1.5530765382691347
0.05180052595645834,2.5807153576788395
0.022343861694009107,1.9022261130565286
0.010464407549331742,1.731365682841421
0.011141420082579304,0.05
0.005451817874764189,1.7511755877938973
0.00744897083054559,4.576563281640821
0.008056701369553193,3.2814907453726865
0.04318368463356136,1.1890695347673839
0.02119658844132656,3.172536268134067
0.006028039921198533,0.9736368184092047
0.01073073442707155,3.751975987993997
0.044057005727921095,0.05
0.014837120161629525,0.9513506753376689
0.023538425743948807,0.05
0.00863226395981212,0.05
0.017546829779450088,2.201850925462731
0.0031034372237584706,1.662031015507754
0.015087606321051397,0.8597298649324664
0.013964851884761334,3.199774887443722
0.010036133177707143,2.273661830915458
0.01201770043244861,3.071010505252626
0.01408641437052427,1.3846923461730867
0.02047269450362149,0.3842921460730365
0.031118138559235703,2.6970985492746373
0.018821858231900357,2.6550025012506255
0.014751966897161004,0.05
0.01560524416356776,3.306253126563282
0.003732575650307282,1.820510255127564
0.0058791212783930735,1.1370685342671336
0.02475921379640071,0.05
0.02095800607421136,4.873711855927964
0.004488230548769415,3.7965482741370686
0.008715629723878154,3.2171085542771385
0.020927985383272965,2.8605302651325664
0.008647351707644288,5.0
0.006532247765334939,0.05
0.008782212474640921,2.8531015507753876
0.012854789572363468,1.857653826913457
0.007735368903851694,5.0
0.010884504555466384,2.494047023511756
0.012166174509984584,1.8130815407703853
0.015350074130661487,1.8923211605802903
0.006030746072457474,0.5427713856928464
0.005859202637669314,0.05
0.0053392943433392265,3.400350175087544
0.009130527746327888,1.1643071535767886
0.0052687121922027624,2.7763381690845423
0.00853222902295897,2.8605302651325664
0.012763432141005115,1.746223111555778
0.013187217395364478,1.0974487243621813
0.004488534260343069,5.0
0.008066956044431098,1.7090795397698852
0.013405382017556339,1.9765132566283143
0.008695858254852737,1.6669834917458732
0.003415523342487403,3.4771135567783893
0.008273297310334493,4.0961730865432715
0.00984268635998456,5.0
0.009609022207295481,3.2790145072536268
0.011245207408002098,5.0
0.007358866337851211,1.1989744872436219
0.0533789052576588,0.05
0.006497281277263844,4.829139569784893
0.010097696193245354,3.1774887443721864
0.017484855003544963,0.05
0.016005307239108105,1.2980240120060031
0.009715968647813919,2.8654827413706854
0.010688524089031981,2.984342171085543
0.004813435507644445,1.6174587293646825
0.02284516838310885,3.905502751375688
0.010312431998506011,3.3557778889444725
0.014154515202756124,5.0
0.011002839129036851,1.278214107053527
0.007105364492344904,5.0
0.011866045905505537,0.05
0.01067302284251867,4.063981990995498
0.0070579260234247265,2.4841420710355178
0.013645246218015689,4.616183091545773
0.005868092171944436,3.99959979989995
0.02485695623211079,1.993846923461731
0.017614328489516592,2.4445222611305653
0.010056609268300945,0.05
0.014416386060866634,4.195222611305653
0.01651694799853111,1.4713606803401702
0.009927876785843351,2.498999499749875
0.013925198933363303,3.6925462731365686
0.013996302287823892,2.915007503751876
0.006960064757499898,1.2311655827913959
0.010319669860237357,5.0
0.031039610447292476,0.05
0.020576704399219117,1.57783891945973
0.012569084989524984,2.78871935967984
0.010403262817991948,4.410655327663832
0.013790124921149768,0.05
0.021214508723254588,2.801100550275138
0.018718897985085206,2.1622311155577787
0.006914992559900926,1.0206853426713358
0.013178089739127902,0.4412456228114057
0.016776969041885498,2.8481490745372686
0.011146213788513312,2.6178589294647323
0.043162462323837594,0.05
0.013704038388859086,5.0
0.011494865437160315,3.766833416708354
0.006969536389902178,4.115982991495748
0.014153223244332352,0.8696348174087045
0.023175112211871865,4.044172086043022
0.011827627102090468,2.9967233616808406
0.013310196005689709,2.10280140070035
0.008104516510579418,0.05
0.003062705814729505,1.5085042521260632
0.01156628389653648,3.917883941970986
0.00478661844554612,2.7441470735367686
0.00798687019104706,4.068934467233617
0.0018093206110122717,0.05
0.01101294494839497,1.4441220610305154
0.018229043802736836,1.4688844422211107
0.016484884388768974,5.0
0.007626622680010825,5.0
0.019923396833565837,2.803576788394197
0.012310404649165066,1.6719359679839922
0.028674415534568454,2.1325162581290646
0.009219144220831907,3.42016008004002
0.029818396674224312,2.498999499749875
0.008309188050244276,0.05
0.0117076625441037,5.0
0.01320253266213589,2.9422461230615307
0.028350880713015544,0.872111055527764
0.01526541907683486,2.2216608304152077
0.0062610618464863516,2.981865932966483
0.011884965411186874,1.562981490745373
0.005453664310113238,1.7239369684842423
0.021382600342268077,0.750775387693847
0.009554248530555823,2.107753876938469
0.029308672647871424,4.952951475737869
0.015561656001966531,4.561705852926464
0.029715481219674808,4.593896948474238
0.013227732833992256,2.372711355677839
0.012325595775515868,1.5283141570785395
0.01140071566773422,4.744947473736869
0.014154912696845184,5.0
0.017056709401521403,2.4321410705352675
0.0013314409984436504,0.05
0.009631848613365551,5.0
0.0028570469492225498,0.05
0.007336164725428168,1.9963231615807906
0.010383927021843,4.130840420210105
0.00977921056272106,0.05
0.009522245913201222,5.0
0.025886721445876212,2.4271885942971485
0.016612099231886418,0.05
0.012486467099971782,3.311205602801401
0.002866488847701451,2.724337168584292
0.0062037893425501145,2.9075787893946976
0.005810537333170912,1.4144072036018012
0.005508435444622137,3.5538769384692346
0.00811539179807283,3.4647323661830915
0.011378375552512837,4.413131565782892
0.010182768885266452,4.0664582291145575
0.024363255472228035,1.357453726863432
0.01481379451569631,4.346273136568285
0.03398900302188183,0.05
0.004282541259879577,1.5134567283641822
0.020342636700902944,5.0
0.009639935792570414,2.694622311155578
0.004207761717634553,3.306253126563282
0.011768412779134638,4.559229614807404
0.012624240109975579,3.231965982991496
0.010807234480416358,4.371035517758879
0.004585785275430354,2.820910455227614
0.008538678932295818,0.05
0.02286358167245757,3.7940720360180094
0.0032304676284427847,3.593496748374187
0.007571562704860188,1.5605052526263132
0.03621257905381502,0.05
0.02190295178372126,3.4696848424212106
0.016070711279996,2.125087543771886
0.010612896611337505,1.5902201100550277
0.014646305298902207,3.4226363181590798
0.002838218500875886,0.05
0.02673904130927704,0.05
0.01114797336986409,3.2988244122061032
0.0212829753499003,2.6896698349174586
0.007897793661792565,2.1572786393196597
0.02470388416123248,1.909654827413707
0.0109424838086018,5.0
0.01106938233820666,1.3500250125062534
0.03610087717429293,1.9715607803901953
0.008993404917251507,4.098649324662332
0.01899225443288166,1.904702351175588
0.026212169417966863,1.9963231615807906
0.01117048885107888,0.05
0.018009808878966,1.310405202601301
0.034344698123232556,0.05
0.009560106551459599,4.2942721360680345
0.017209690752927206,0.8102051025512758
0.014532746067902808,3.7866433216608306
0.01545605932497654,5.0
0.008810720940106403,5.0
0.0059069672006605844,4.15807903951976
0.007885409849340622,0.8027763881940971
0.00923555253867099,2.5485242621310658
0.00599306300301676,3.4325412706353178
0.008706833585643725,1.988894447223612
0.024747688861476533,1.3921210605302654
0.015524345189415839,2.340520260130065
0.016145721782168068,2.872911455727864
0.009555085993765422,0.4288644322161081
0.007529433870022029,3.6281640820410206
0.011830262824297832,0.12923961980990495
0.015037493632544502,1.1766883441720861
0.020165560684655068,1.0974487243621813
0.03310335205810955,1.3029764882441222
0.011251198382922684,2.8481490745372686
0.01776622850002685,0.05
0.01056887997191551,4.133316658329165
0.01092675110052091,1.0900200100050026
0.02113035274810135,2.6871935967983993
0.013116337878385537,1.6026013006503252
0.010876682989266015,4.375987993996999
0.00716845434169977,2.5856678339169585
0.011168653049503305,2.6129064532266133
0.022544151423286682,1.4292646323161582
0.012486930159488735,2.2068034017008507
0.008387272692104958,1.9319409704852428
0.006704277160656427,3.836168084042021
0.009132208173898926,3.246823411705853
0.011655930604937026,1.9641320660330168
0.014466100064188872,0.05
0.009927409306949728,3.942646323161581
0.015073601785667204,5.0
0.040832452010411135,2.9496748374187094
0.04122754922764421,0.05
0.009140385155841688,2.466808404202101
0.013033094480451687,1.6669834917458732
0.021924094818299197,5.0
0.005500769329655722,1.8799399699849928
0.002612560548158213,3.4696848424212106
0.024475899357591452,1.7239369684842423
0.02374138721440698,2.897673836918459
0.009043768497026011,3.5761630815407703
0.023585301740854103,4.905902951475738
0.00597679905169729,3.0190095047523764
0.006228128829511029,5.0
0.01255354004493775,4.84399699849925
0.011090474307884984,0.33724362181090545
0.011298695918718488,4.977713856928465
0.012772633167852557,0.8052526263131566
0.03781516437173872,4.26208104052026
0.010651647493682873,2.2315657828914457
0.029007647286918584,2.0532766383191596
0.014812947915449917,2.63024012006003
0.012695038834933559,5.0
0.013354826605301254,1.0850675337668836
0.005913300280154077,1.7189844922461233
0.025091984721159796,1.793271635817909
0.013700495779627328,0.05
0.008908081730210113,4.997523761880941
0.013076093073276271,2.5138569284642323
0.02088280494664918,5.0
0.02460113682348175,0.05
0.01897250847995459,1.7610805402701353
0.018191439734959583,3.747023511755878
0.016617966594411906,4.794472236118059
0.01920517593810682,2.724337168584292
0.009774492016298153,0.05
0.010187500205338762,4.375987993996999
0.010778470753221858,3.489494747373687
0.0212888020757004,2.10527763881941
0.0211023917163453,2.952151075537769
0.021370741616620476,1.7387943971985995
0.01339666589933719,1.9368934467233618
0.016527440515829134,2.4841420710355178
0.009957080630585063,1.0182091045522763
0.0060191181104419095,1.8700350175087546
0.003605255959117315,4.286843421710856
0.01644332566793537,0.05
0.017397733228042098,3.952551275637819
0.012632267648177084,2.900150075037519
0.02042731514220697,2.808529264632316
0.0041325038119671975,5.0
0.00787280018032624,0.05
0.010637292466083192,2.3231865932966485
0.007985067746353755,0.05
0.015221890477134598,3.826263131565783
0.007813831561987394,2.219184592296148
0.006314590667699543,1.57783891945973
0.03211828242288707,2.10280140070035
0.026656720791661676,0.05
0.015997943606479173,1.1222111055527766
0.010599256916155778,4.405702851425713
0.009153310012635973,3.7296898449224614
0.03486564175675072,1.6867933966983493
0.011119212896666134,1.8848924462231118
0.006334824070781758,3.662831415707854
0.022330985231206954,0.05
0.008707461244706935,2.5930965482741373
0.01825984537145381,3.643021510755378
0.0043437642653787745,4.952951475737869
0.005300981783471201,2.4321410705352675
0.006774172404155815,2.7763381690845423
0.005173359755858267,2.3652826413206602
0.02218875680978001,2.986818409204602
0.006826451692631158,5.0
0.006385233666316409,1.1073536768384193
0.0364029482076621,0.05
0.009171464453237257,5.0
0.008943843468201818,3.4523511755877943
0.004092316982245603,0.05
0.026114184728805903,1.0553526763381693
0.01692070701736543,5.0
0.011449911354580095,0.05
0.014853430062830783,3.1774887443721864
0.008786840425758877,2.798624312156078
0.011780747077694012,0.05
0.010236452018242054,2.2488994497248624
0.008993203251769138,3.3013006503251625
0.006793633996348275,4.645897948974487
0.013770987842797774,3.675212606303152
0.01421487721176104,4.0664582291145575
0.012785894833219985,5.0
0.011158710338554603,5.0
0.014999606223579223,3.3607303651825915
0.019037731911238823,3.3087293646823412
0.00788589970455815,5.0
0.007862998555391451,4.311605802901451
0.019306265717331142,3.0264382191095547
0.028867403272989214,0.05
0.006855365749300332,1.2163081540770386
0.007685341051389974,0.7309654827413707
0.011243096260241295,3.283966983491746
0.01021756680056883,1.7288894447223613
0.027180399174594333,2.092896448224112
0.011463292858979068,4.772186093046524
0.0068642063458462105,3.6504502251125563
0.014466334438160894,2.835767883941971
0.007203827316020567,2.6030015007503753
0.017516888352357957,0.05
0.011586449982631628,4.056553276638319
0.009048121565065528,0.05
0.011136967689523616,3.8188344172086044
0.0052364627600111485,5.0
0.011096483053353062,1.1048774387193598
0.018936110704592612,5.0
0.01435017574333075,5.0
0.017703061638286444,1.404502251125563
0.009790114945468567,2.6079539769884943
0.02608960571510216,0.792871435717859
0.028694859992773547,5.0
0.01824725206575481,5.0
0.008126257500075826,2.4098549274637318
0.009079843315492539,3.6133066533266636
0.01554038828137752,1.4243121560780392
0.024851440289308677,4.559229614807404
0.01777504162672726,1.9071785892946476
0.00934885651987949,4.1754127063531765
0.002102954194961218,2.3429964982491245
0.014669499724185603,3.293871935967984
0.01831334542615283,4.445322661330666
0.011467276229934126,4.056553276638319
0.006777297350312281,4.118459229614808
0.011678335375123639,2.8332916458229116
0.0033470750338502053,4.004552276138069
0.014273897909099872,3.0437718859429714
0.01172384637365477,0.7284892446223112
0.005650674861941388,3.1824412206103054
0.0028901800624456936,2.808529264632316
0.0029637456364554476,4.497323661830916
0.01731346842127235,2.1795647823911954
0.007843394661230907,0.8894447223611807
0.00878456897531471,0.7012506253126565
0.02379933334574036,4.618659329664832
0.010703470807948826,3.0932966483241624
0.01996574677493304,1.2163081540770386
0.01111505288686225,0.05
0.01488702026023582,5.0
0.008173461319399028,1.493646823411706
0.010759099053863533,3.0858679339669837
0.006279420483433801,2.709479739869935
0.014983916694683796,4.863806903451726
0.0035950972851284263,1.362406203101551
0.017480782312603332,5.0
0.0156565899600776,0.05
0.004014864866001333,5.0
0.02254701703341286,0.3273386693346673
0.017448241815209597,1.6273636818409207
0.007790435790557895,4.586468234117059
0.009697267618853617,5.0
0.008327318890768959,5.0
0.016413480973033953,1.1791645822911456
0.010368397284509598,1.5010755377688847
0.007982309267340143,1.1444972486243123
0.017960638842204057,2.6129064532266133
0.011935774937524277,1.5753626813406705
0.015281655077152165,0.05
0.012970774584273315,1.1915457728864434
0.01769363754401594,3.662831415707854
0.012823650004985365,3.9872186093046524
0.01514757554856315,1.0231615807903953
0.011284805897819897,3.26168084042021
0.011114197527646127,0.05
0.020407218884418238,3.135392696348174
0.00965236342662354,1.2187843921960981
0.009777885867991679,0.6591545772886445
0.021383475410379355,3.1056778389194597
0.022508541655628322,2.2414707353676837
0.007018584943661199,0.05
0.025966240764391857,0.05
0.006648413847782753,1.3698349174587294
0.014264197817985547,2.1572786393196597
0.014677116622447986,5.0
0.016872033646874673,1.0380190095047526
0.013388090096130054,3.0932966483241624
0.03708244974190015,3.942646323161581
0.009455412252662776,0.05
0.01162183399111165,3.120535267633817
0.021048295537332742,4.799424712356179
0.017403197321411476,1.409454727363682
0.024564660356429277,2.1597548774387194
0.01835838701765402,2.704527263631816
0.02104080544297758,3.2715857928964485
0.026080458668186278,3.6504502251125563
0.011769701574140201,3.751975987993997
0.004339790215161288,5.0
0.009425091138491742,5.0
0.016202762543103114,0.05
0.00830698998299284,0.05
0.009188596634807325,2.5980490245122563
0.02040711239814419,1.7288894447223613
0.020149114843469068,3.8237868934467234
0.007950849505010807,3.922836418209105
0.009147007725421624,5.0
0.01609122814506729,2.4346173086543272
0.01189083577891989,5.0
0.010311305687186634,1.8650825412706356
0.0046455873288290955,4.754852426213107
0.018834803219691568,3.5514007003501753
0.010043064782076616,4.115982991495748
0.014415099589738384,3.784167083541771
0.012735919647241661,3.99959979989995
0.011422308919080651,2.7020510255127563
0.03026769375667107,4.623611805902952
0.008411392965038969,2.026038019009505
0.013607493748599292,0.05
0.00391577391958213,3.7098799399699853
0.010049194787077956,3.3830165082541273
0.007909357008135567,2.716908454227114
0.00781463503496771,3.0487243621810904
0.019983384711897742,0.05
0.010061392404319469,4.517133566783392
0.020927396048518773,4.252176088044022
0.04875989238139454,0.05
0.019672218855579265,1.2806903451725864
0.0010682541167582327,4.093696848424212
0.00848110199488622,0.7383941970985494
0.016920916075110065,0.05
0.007120197386471849,2.662431215607804
0.022173288820154458,3.036343171585793
0.009950223873011255,2.6797648824412206
0.009318251968724864,3.7247373686843424
0.006282880408908176,1.2064032016008006
0.019464510016409364,4.118459229614808
0.01715352502246617,1.5976488244122062
0.011158105922133024,0.05
0.006066096008876323,0.05
0.01741282853403718,2.73671835917959
0.010381091166699816,0.05
0.02167191230228485,1.040495247623812
0.009970692935389644,0.8523011505752878
0.03521010526790927,3.227013506753377
0.01753761850248979,1.325262631315658
0.01638751677087731,4.8860930465232615
0.02168986826435952,1.825462731365683
0.007470191920345662,5.0
0.008398477716018912,2.298424212106053
0.011469073051187897,4.524562281140571
0.011325430335842684,3.8138819409704854
0.005550148633036184,3.821310655327664
0.007554120259140401,4.163031515757879
0.023257568256934452,4.440370185092546
0.01626494664274354,1.1123061530765384
0.026391411129397968,2.2167083541770887
0.013020684811437977,4.539419709854927
0.02366899788547598,2.026038019009505
0.012219037661662255,4.598849424712356
0.00893787479373194,0.5328664332166083
0.003995939730520162,3.952551275637819
0.006321109451495846,1.909654827413707
0.012624031206737454,3.7990245122561284
0.020005945417434667,3.05120060030015
0.06473233129730965,0.8423961980990496
0.019016083929137992,1.2633566783391696
0.04074745530294731,0.05
0.007616837538811039,3.732166083041521
0.006605766346769126,3.935217608804402
0.001117591609284374,3.5439719859929966
0.012146638732156947,3.071010505252626
0.00819642267722516,1.4020260130065034
0.020144973808700617,4.658279139569785
0.015334719339441485,1.8180340170085045
0.017700434204415333,1.4342171085542774
0.018375119922944536,5.0
0.03665991646383157,1.2633566783391696
0.005845033628296706,4.95047523761881
0.012367613808103153,1.7759379689844925
0.016060263944608008,1.3599299649824914
0.015490848087469936,2.9298649324662334
0.016604783292231737,0.05
0.0024773325818734787,1.857653826913457
0.023798583590926667,2.045847923961981
0.011808290298076993,1.5481240620310157
0.009353706602816592,0.05
0.013928796711983077,1.320310155077539
0.01608738215479938,1.2286893446723364
0.012979609495669162,3.135392696348174
0.010600936810817974,3.162631315657829
0.0060584670977285315,4.385892946473237
0.013384650232474288,4.482466233116559
0.010992765477184377,2.451950975487744
0.005889105405357878,4.601325662831416
0.012193046008882241,3.7915957978989496
0.013065532569039737,3.2691095547773887
0.012952922649053608,3.9129314657328664
0.006159544515441748,0.6492496248124063
0.008838602207920057,1.4193596798399202
0.0056828297156472085,1.2163081540770386
0.005964008243765126,0.05
0.007963272967324603,1.129639819909955
0.02243643265385703,2.801100550275138
0.01250026047437472,4.534467233616809
0.027668138967786207,2.952151075537769
0.016294836742397456,2.2959479739869937
0.007701429964939416,0.9959229614807406
0.012061105956050089,2.293471735867934
0.00802304914615165,3.3483491745872938
0.014140187701562931,5.0
0.03399779805064008,1.8328914457228616
0.01112598165797725,3.68511755877939
0.003365126278117178,3.0190095047523764
0.011751193451898914,2.10527763881941
0.010928763863878255,5.0
0.011865602685075846,3.8658829414707356
0.013310880417458523,4.962856428214107
0.007918371826415638,0.05
0.011115365946198066,4.0763631815907955
0.0071596393027455185,3.3582541270635318
0.008061847841993652,2.6698599299649826
0.009191018753967412,0.8151575787893948
0.008318323153253593,3.231965982991496
0.006909935361767178,5.0
0.007355566867472449,3.8980740370185094
0.015915739827108602,4.900950475237619
0.005008079149895095,0.05
0.012282822311848879,5.0
0.005427046086755261,1.2757378689344674
0.013770088789524224,1.2930715357678841
0.006209129849589462,2.8531015507753876
0.01248891713551617,0.05
0.020513459016192462,1.3450725362681342
0.022169195068169736,3.915407703851926
0.005816302047994951,4.217508754377189
0.01487970177261097,1.857653826913457
0.01997099992541826,4.432941470735368
0.0021931371461702126,0.05
0.02730225999468161,2.382616308154077
0.0170908519133067,3.677688844422211
0.0032645175174550317,1.6001250625312657
0.023718786520713034,2.5534767383691848
0.01266566291135049,0.49572286143071537
0.013424050138143531,4.8761880940470235
0.012599829553309697,4.759804902451226
0.02523773070919967,4.588944472236118
0.014083937566421206,3.8609304652326166
0.00997090012636384,0.05
0.008736663615039456,1.4391695847923964
0.005881435694554543,0.9909704852426214
0.004271757324001771,1.6446973486743373
0.010978369015599038,2.6649074537268636
0.007197999630924781,3.8237868934467234
0.011431942600364162,2.0854677338669334
0.011986361353372124,1.7709854927463733
0.002497116132541652,5.0
0.010183744475464537,4.52703851925963
0.02463506686064261,5.0
0.010886057116785697,3.811405702851426
0.008362706066157535,2.3900450225112557
0.007429254771566002,2.8233866933466736
0.012218017850516474,2.5980490245122563
0.004645922086906118,3.9500750375187597
0.010868126310793605,3.900550275137569
0.00404785415746553,2.4494747373686843
0.03651688603968841,3.695022511255628
0.02970943884897259,1.8328914457228616
0.019342485819370717,2.055752876438219
0.006993637477424125,4.083791895947974
0.004555442783702776,3.0759629814907457
0.024612278778976565,1.4317408704352177
0.014576922500578932,0.05
0.010908240175581146,2.392521260630315
0.02047926823861551,3.7173086543271636
0.018345260423709958,3.9872186093046524
0.005537897552740811,0.05
0.02412262549091433,2.3207103551775887
0.008217583308942622,1.5134567283641822
0.010528266894407376,2.6847173586793396
0.02482811265575098,2.006228114057029
0.011795547130066808,3.6034017008504255
0.012395146730332054,0.05
0.029228999269655706,3.437493746873437
0.0066867908614273025,4.858854427213607
0.016749043932635904,3.6182591295647826
0.014460221012822114,3.0338669334667334
0.008112185026588434,5.0
0.03278112656435449,0.05
0.01106011534076523,2.887768884442221
0.024426353144355942,2.199374687343672
0.011658379708376451,4.405702851425713
0.011238331893400927,3.0858679339669837
0.014410293903469817,4.385892946473237
0.006530122255491294,0.8745872936468235
0.005884989198629884,4.113506753376688
0.010250964258458936,5.0
0.005518035925240541,5.0
0.005556566332367549,0.7383941970985494
0.007230385963859234,2.345472736368184
0.018679661525261126,0.05
0.01593794674200094,4.1060780390195095
0.015639429520635087,4.972761380690345
0.010748270202394897,4.522086043021511
0.041284139534920467,1.2163081540770386
0.01051970199759894,2.1424212106053027
0.014187891121836715,5.0
0.010155536727655887,3.667783891945973
0.010200590670533749,4.435417708854428
0.013485377120210973,3.2344422211105552
0.013661533481167082,3.9624562281140574
0.012414218933942262,1.1717358679339671
0.01630498287444021,4.762281140570286
0.017864199915721093,2.1696598299149574
0.013029019483832144,2.5584292146073038
0.0031459414838828498,5.0
0.007338342732855094,3.0289144572286144
0.016303581036694548,5.0
0.013935694651953975,2.214232116058029
0.009148647897107773,5.0
0.01133819661702605,2.3157578789394697
0.004190278641179351,2.023561780890445
0.010571711879961934,5.0
0.006592873872270699,1.6446973486743373
0.009283125489453564,1.9071785892946476
0.007582196897230525,5.0
0.020596549432567945,5.0
0.008980991655936299,3.816358179089545
0.00440542946534099,2.1275637818909456
0.022844421610126633,1.8898449224612308
0.008593284995437808,1.610030015007504
0.016553666252125898,1.8130815407703853
0.01155679230141285,0.05
0.010567858973263997,4.036743371685843
0.014511042484806835,1.8700350175087546
0.007384099403977787,2.266233116558279
0.003741731933687542,5.0
0.00483994910297085,1.8130815407703853
0.013089202675797024,0.6269634817408706
0.025358551450219716,0.8126813406703353
0.03259149063271627,3.99959979989995
0.008426205108651996,5.0
0.010226886929458487,5.0
0.010487474054564835,2.5113806903451725
0.011102541212549139,1.8601300650325165
0.015686398278403443,1.166783391695848
0.010447807094847522,1.0850675337668836
0.020198397246827676,2.117658829414707
0.038395290899565754,0.05
0.014443302457575108,1.783366683341671
0.01352477260832749,4.130840420210105
0.012498563952233505,2.4024262131065535
0.018732168148627742,0.5204852426213107
0.02312028946815256,1.3029764882441222
0.013734673920233476,3.0957728864432217
0.015095942381662036,2.0334667333666836
0.015446514492618815,2.813481740870435
0.018926723798888656,2.201850925462731
0.023188971452172163,4.3735117558779395
0.00958080869821576,4.281890945472736
0.014556769390584978,0.05
0.019167560892485877,5.0
0.006649629233983698,3.410255127563782
0.030786089595585986,0.05
0.03280461139972482,1.3054527263631817
0.01242187919733681,4.975237618809405
0.01926665728453668,3.3235867933966983
0.004326120049868404,0.05
0.0055974256761932295,1.5332666333166585
0.009851865136545235,1.830415207603802
0.010787633613283484,2.2860430215107552
0.0030299745417129986,2.4791895947973988
0.019052433148394887,2.7738619309654826
0.01347254921343756,0.05
0.004396064242947473,5.0
0.010868259148999956,4.021885942971486
0.029409662157302174,4.249699849924963
0.01712449124168644,5.0
0.010899037300920067,2.9397698849424714
0.016926929011013156,1.8180340170085045
0.013099801551950077,1.0330665332666333
0.004253192251655186,0.05
0.012113305436933258,1.7982241120560283
0.007367058851224184,2.5708104052026015
0.015222968261955308,4.522086043021511
0.0016443044248399125,0.05
0.010916358863996764,5.0
0.007711575641470306,2.4544272136068033
0.017846017231090874,1.4985992996498252
0.0265313500245178,4.606278139069535
0.033125367421008314,4.992571285642821
0.02040940174400721,4.398274137068534
0.01888077225885232,1.78831915957979
0.004372152746010119,2.9645322661330664
0.006446664502534519,2.0953726863431714
0.0026942266891831906,0.05
0.007348635862250902,5.0
0.01842055566361883,2.011180590295148
0.015200948600186517,0.05
0.00995399626294241,3.588544272136068
0.0265920181195433,0.05
0.01717141656396093,1.914607303651826
0.006420818931112265,3.8757878939469737
0.007453411740818039,2.9917708854427216
0.013980496314632676,3.115582791395698
0.009680594774493942,4.507228614307154
0.009976977875838636,3.340920460230115
0.02126576925971073,2.112706353176588
0.013179456352401114,0.4709604802401201
0.002566083215155196,3.1972986493246625
0.010383219612716876,5.0
0.018707368116879106,4.405702851425713
0.0064841483292606555,5.0
0.014655334708488205,3.7197848924462233
0.011500520331324232,0.2233366683341671
0.008307888893598236,2.6896698349174586
0.03815952081884699,1.857653826913457
0.02556766883405165,2.107753876938469
0.009636131631980571,1.310405202601301
0.00963708940359638,3.593496748374187
0.006627980081487447,3.727213606803402
0.012320732723940742,1.731365682841421
0.008039861221954811,3.695022511255628
0.029694410335787735,0.05
0.027122122426786924,4.26703351675838
0.020079398612086866,4.613706853426714
0.01709767089255214,2.1548024012006004
0.009041418746858515,4.848949474737369
0.014377767588125201,0.05
0.012980198912015503,5.0
0.022072388278259233,1.119734867433717
0.014141514175849884,1.8180340170085045
0.02790719596810634,2.714432216108054
0.014655718983039231,2.125087543771886
0.01767508795435889,1.2732616308154079
0.019252069404520136,1.493646823411706
0.014033190442458918,1.394597298649325
0.015315886558392222,0.05
0.01518433778059304,4.457703851925963
0.030808825402695375,2.2538519259629815
0.008752495290772655,2.957103551775888
0.00895274860859599,2.308329164582291
0.016174707129873483,4.120935467733867
0.0105182868844573,3.2022511255627815
0.019474455285330483,1.2608804402201101
0.01995777472067764,3.595972986493247
0.015885039210353752,5.0
0.017231036926667387,3.1948224112056027
0.013065305654057086,2.2414707353676837
0.017625464713967087,2.642621310655328
0.007587707790061113,2.729289644822411
0.02667766104374042,0.7359179589794899
0.011081768466024489,3.4870185092546273
0.008115563237207801,3.004152076038019
0.011315907916994883,0.5774387193596799
0.010105073508654597,5.0
0.012138485555254111,2.1795647823911954
0.020466060271880943,0.666583291645823
0.005340638066111597,2.1275637818909456
0.03718911031099445,3.9872186093046524
0.01354436991179482,0.05
0.007480891632542647,4.2249374687343675
0.012915328746133728,0.05
0.005797541649684226,2.915007503751876
0.0024290991214951096,0.05
0.005713302238067361,3.0115807903951977
0.009696610497478567,0.05
0.014507176284109954,3.749499749874938
0.01781640480501938,0.05
0.04112052152207009,0.05
0.007038676702976365,1.1593546773386694
0.008118142062290834,5.0
0.03400177515180129,0.05
0.018650449870494912,2.3949974987493747
0.013000406653399743,1.0256378189094548
0.01653958934856435,1.6719359679839922
0.006568890175712397,4.405702851425713
0.01833035407886434,2.974437218609305
0.011381932206454393,3.7296898449224614
0.018613183988698642,1.9666083041520763
0.006136107656324816,5.0
0.012625780039978898,1.1098299149574788
0.00934546054816511,2.7961480740370184
0.018690373161464796,4.794472236118059
0.025315489580916326,4.190270135067534
0.016863785982233134,2.214232116058029
0.01116699700772128,4.8761880940470235
0.023638438771366885,3.6034017008504255
0.009123034086759602,0.4709604802401201
0.009678178886421834,3.910455227613807
0.006714537395716147,5.0
0.00564688280326664,1.0429714857428716
0.009607958785284892,3.3978739369684843
0.026737547303571918,4.702851425712857
0.009110823560618847,4.725137568784392
0.015615800620535442,1.6001250625312657
0.02102625822404669,3.0858679339669837
0.01379881473445739,3.4820660330165083
0.011087586360351911,1.699174587293647
0.013724899625007891,3.4622561280640323
0.004791652817552991,1.4168834417208607
0.015664832318748545,3.390445222611306
0.00897176595111368,3.600925462731366
0.01712543536431091,3.31615807903952
0.021764735728225043,2.642621310655328
0.026140024570275533,0.6938219109554778
0.007537196506690422,4.987618809404703
0.014498362181544155,0.05
0.01701477737587219,4.390845422711356
0.020906197127186582,3.3186343171585793
0.014263550148718177,5.0
0.01872504113810787,0.9835417708854428
0.007860101704480968,3.3879689844922463
0.015154453066202223,0.05
0.008160981524060251,0.703726863431716
0.009572807842325962,4.497323661830916
0.013849185516932747,5.0
0.006985001161131113,1.619934967483742
0.010621761428703275,4.678089044522261
0.019292862139157527,0.05
0.010260428132532695,5.0
0.0024627115975903446,3.3706353176588295
0.03586564233186221,0.05
0.01337148494813803,3.041295647823912
0.005562914690820653,5.0
0.018073239777353117,1.1321160580290146
0.01122142765786506,4.190270135067534
0.01161821185723523,1.862606303151576
0.013663490686484092,0.05
0.0099280434683882,4.42551275637819
0.014465055389198948,2.7862431215607804
0.015436577494058024,5.0
0.006150247138931489,0.05
0.01580355385796821,0.05
0.008661736613396004,3.484542271135568
0.011631315882497495,0.05
0.004619337735021517,3.0239619809904954
0.00725332659414267,1.4267883941970987
0.006767582165298172,4.408179089544773
0.011662235585126524,3.2641570785392697
0.033823350743392155,3.3533016508254128
0.009145252041133617,2.716908454227114
0.006718457061018521,2.2439469734867434
0.01330629616479985,3.774262131065533
0.013487702471218846,4.133316658329165
0.01830072084794951,3.3706353176588295
0.004634552879194884,1.1519259629814909
0.007028434539779124,2.729289644822411
0.015393019418275034,3.657878939469735
0.04156635245156718,1.6273636818409207
0.009394705912717224,1.0949724862431216
0.010276696531480667,3.2740620310155077
0.015933764868438574,1.8081290645322663
0.007997443347198263,5.0
0.025211373911599014,1.6744122061030517
0.007348474681678846,3.7123561780890446
0.009704856173905749,0.666583291645823
0.011074416734941153,4.026838419209605
0.009276241189756368,0.05
0.01281585095007283,3.256728364182091
0.024030304240023073,1.8031765882941473
0.016840285228222437,2.4643321660830417
0.010441912280014093,1.5085042521260632
0.014511549792128292,5.0
0.028188292758152128,2.8456728364182093
0.00414116996152708,3.3557778889444725
0.012437536169319127,1.8527013506753378
0.002990077566044441,4.992571285642821
0.007401651417270602,5.0
0.01890556090927864,0.05
0.0046544334938227044,2.6079539769884943
0.018406746315476508,4.061505752876438
0.0072497996105673895,0.05
0.008908833170623728,4.1456978489244625
0.012467827126734096,1.1816408204102054
0.009447943444104392,2.7664332166083043
0.011708187601038963,0.6789644822411207
0.016561969704633236,4.247223611805903
0.00358939958568312,2.729289644822411
0.02170959299915015,4.088744372186094
0.013257787153246228,4.732566283141571
0.015844503559436132,0.9166833416708355
0.015672534225306373,3.6875937968984496
0.014733362446742476,2.694622311155578
0.010290256555611957,5.0
0.014487092978017868,0.3570535267633817
0.005808081935188822,3.573686843421711
0.007748694860127733,3.774262131065533
0.025056633245209597,0.05
0.011245300981336456,2.3207103551775887
0.013697605434161514,3.6133066533266636
0.017029198883655394,2.94719859929965
0.016319257169676693,0.05
0.0122703929719081,4.200175087543772
0.0215898201825844,4.326463231615808
0.009205137324827375,2.4346173086543272
0.0061351126052413135,1.3054527263631817
0.017203934317975553,1.3277388694347174
0.004236183062845053,2.191945972986493
0.016754592213332004,4.281890945472736
0.011010698268454841,2.89272136068034
0.020108907280941085,2.092896448224112
0.019981016156542866,4.908379189594798
0.014268978373743954,2.6822411205602803
0.019908957177104558,0.6888694347173587
0.006430183903516712,1.6694597298649327
0.010723899905526857,3.8138819409704854
0.013919649538562742,5.0
0.01283701552557616,0.05
0.00872969451356806,1.1172586293146576
0.01768843613393324,4.957903951975989
0.017437705550076565,0.05
0.021844453577880507,2.783766883441721
0.017805014220695997,2.820910455227614
0.014245700149490823,2.890245122561281
0.008347205362544269,2.719384692346173
0.013633358147898345,2.340520260130065
0.025730677827810522,0.05
0.010620342932527602,4.603801900950476
0.019108918548312537,4.524562281140571
0.010523317538937371,1.134592296148074
0.008695158863140512,2.4321410705352675
0.006173119827846282,2.7490995497748876
0.009746816386547563,0.05
0.012177263844972808,2.340520260130065
0.008940779491632786,4.1754127063531765
0.029838065666766764,4.1655077538769385
0.008881428859147819,0.05
0.008127300382792732,3.135392696348174
0.011364483071128181,3.8015007503751876
0.0049141201518615035,3.031390695347674
0.010227897804264974,2.0582291145572786
0.018467690726402433,1.3921210605302654
0.006717202494768093,1.6125062531265635
0.01103916230020982,3.917883941970986
0.004772803204010301,2.2687093546773385
0.007776558782260121,3.784167083541771
0.04239840415581714,0.05
0.012256735382516037,0.05
0.026399386635674024,2.1325162581290646
0.01195708046664852,0.7730615307653828
0.01154847034789655,2.667383691845923
0.017368604942985005,5.0
0.019198479457498432,4.182841420710355
0.001923426320820501,0.05
0.0033063723878543477,3.05367683841921
0.00897031408090719,3.1923461730865434
0.012515808400070633,2.583191595797899
0.006577951627916953,2.2414707353676837
0.012139989311196878,2.905102551275638
0.005175264030815224,2.0508004002001
0.02502185670110263,4.494847423711856
0.007419247587310926,0.4412456228114057
0.02245922390555445,2.820910455227614
0.010942516377748165,2.194422211105553
0.02627204990105117,1.0949724862431216
0.0035933480533292816,0.19857428714357178
0.013271516758540547,3.9797898949474737
0.007067057000093135,1.7858429214607305
0.007334866120155048,3.5662581290645323
0.008221871194595679,4.8662831415707855
0.006007180584467808,0.05
0.005909942488924208,3.6875937968984496
0.007431172069713166,2.7441470735367686
0.020575309814924878,3.1032016008004004
0.003043958190762752,0.05
0.018167981842779055,2.5584292146073038
0.02028159273331527,1.8130815407703853
0.007841362931789969,3.690070035017509
0.013922246527751148,0.05
0.01924105165426658,5.0
0.010666662544096414,1.0281140570285143
0.01057442807487094,0.4882941470735368
0.007772688110812789,3.677688844422211
0.016219241806939136,3.858454227113557
0.01949928760672831,0.05
0.008049667008889663,0.05
0.007740490725899191,2.204327163581791
0.051424034904599375,0.05
0.018596352140692114,1.6372686343171587
0.005048288074873383,0.05
0.012650589230363066,5.0
0.018196470682533175,1.2980240120060031
0.015467068630904274,3.425112556278139
0.02213976953777265,0.05
0.010727366947295952,1.119734867433717
0.015742041353050226,0.05
0.02464747912801339,3.4721610805402703
0.015834013441142367,5.0
0.021860414428986938,1.899749874937469
0.009708874112791532,3.516733366683342
0.016400623361758182,5.0
0.03037027589516443,3.99959979989995
0.014664188895167837,1.7165082541270638
0.01706145890833287,1.2757378689344674
0.006657799085592858,1.8031765882941473
0.016817731106056028,5.0
0.01075414290339001,3.848549274637319
0.014192648261065671,0.05
0.011556313657415523,1.404502251125563
0.009246519219387864,0.05
0.014561252572891092,2.3281390695347675
0.012093973731811647,0.9711605802901452
0.01442348639665808,0.05
0.03734896077769352,3.3755877938969485
0.034970524150390606,2.724337168584292
0.017650141474651687,2.835767883941971
0.009196711891129916,0.05
0.0068741286239620975,1.0801150575287646
0.015255989412649107,4.908379189594798
0.00845070436658961,3.5712106053026513
0.013329850874053362,1.6645072536268135
0.019103116500182926,2.7639569784892446
0.03720461634333786,4.925712856428214
0.008767402756591658,3.1131065532766384
0.019485635676640245,1.6818409204602303
0.028377760632423768,0.05
0.027819981030327096,3.9550275137568787
0.04714637792752663,0.3867683841920961
0.0076120509508099815,0.05
0.011720383319579461,0.05
0.008239070915257427,0.05
0.022330572568442814,4.524562281140571
0.020543963236836035,4.643421710855428
0.007061251526130102,4.551800900450226
0.01671700624719056,3.9475987993997
0.007916239556283039,5.0
0.008921835135715053,5.0
0.003588269657697943,1.6768884442221113
0.018071180932759848,4.680565282641321
0.01129856149700642,4.522086043021511
0.012232276951380738,0.05
0.025335049033994916,2.9348174087043524
0.00912937760904979,3.335967983991996
0.02215476244962203,2.5386193096548273
0.02936397669104481,3.004152076038019
0.01045662279743928,1.2955477738869436
0.02007898288047613,3.0115807903951977
0.012582163804042354,1.9591795897948976
0.03317961459951922,0.05
0.025822373144177693,1.9542271135567786
0.009773410201358274,2.6698599299649826
0.014373934070661995,1.36735867933967
0.006468810302686298,5.0
0.005727725666953051,1.652126063031516
0.01630755997437623,4.2546523261630815
0.019894409366497542,0.05
0.010721935730402518,3.7990245122561284
0.007596783687066538,2.466808404202101
0.011887369202133222,2.4395697848924462
0.007824047263642317,1.9269884942471238
0.020123424108071608,2.962056028014007
0.019003495512803503,1.1048774387193598
0.03750683845090845,2.7738619309654826
0.005944327571593064,3.3186343171585793
0.017823157436061707,1.129639819909955
0.011426597799177304,2.466808404202101
0.019461016323973485,1.7511755877938973
0.005213043828594152,4.678089044522261
0.016642642037730054,3.9921710855427714
0.012366768698344799,0.9934467233616809
0.016027471710862704,2.9075787893946976
0.013632173216976615,1.746223111555778
0.00852557030571359,2.345472736368184
0.022230499260248393,5.0
0.013431619114043447,3.6454977488744373
0.022990712874502398,4.442846423211606
0.016961738207511637,2.271185592796398
0.0054073755403671875,4.111030515257629
0.007070990719705628,3.2072036018009005
0.007142278825596482,2.4544272136068033
0.009909297646736509,0.05
0.02346520560425429,4.378464232116058
0.004990354860497606,3.8980740370185094
0.004484626852437085,2.2860430215107552
0.008491001503778059,3.905502751375688
0.008279661768656271,5.0
0.012555510223094993,5.0
0.015067717432972041,0.05
0.003624313754647085,0.05
0.00707280562867002,1.4391695847923964
0.015632625259540858,3.784167083541771
0.01165663937791743,3.058629314657329
0.025738829014691406,0.05
0.011792993542951241,1.9071785892946476
0.024390539158240188,1.3005002501250627
0.010883955580977628,0.05
0.005719021853169651,4.5319909954977495
0.02083362135055053,1.99879939969985
0.010383397134884759,3.4622561280640323
0.02060252680776091,0.05
0.03883898866531678,0.05
0.027002531795076362,0.6294397198599301
0.006159210191438558,2.9546273136568284
0.014213550233944064,1.520885442721361
0.008228777436192616,3.162631315657829
0.015260171340203132,2.0780390195097547
0.008913990989180012,3.925312656328164
0.011309250895013445,2.2909954977488747
0.015564778786427341,0.05
0.023561699068274655,5.0
0.006175674452704352,3.425112556278139
0.0031139337744589407,2.94719859929965
0.00934527219605695,5.0
0.029918457985564986,2.699574787393697
0.014450337068206837,4.356178089044523
0.016017537883402988,2.746623311655828
0.00839601360393083,0.05
0.022103928038372217,3.0932966483241624
0.015168739049909646,1.6446973486743373
0.005941869416364529,5.0
0.018757634436217335,4.697898949474737
0.006697575545000889,4.477513756878439
0.006226270843379789,2.4222361180590295
0.007280139746176667,1.2980240120060031
0.01339142271334777,1.8081290645322663
0.006509684269317154,4.905902951475738
0.009026954284913027,0.9364932466233118
0.01250417183303669,0.43381690845422716
0.01755657239056431,3.8039769884942474
0.011766671032521964,2.783766883441721
0.014452466562946659,3.8287393696848424
0.009412172664781934,4.58151575787894
0.00796274016483653,4.655802901450725
0.0021954785301141477,3.6504502251125563
0.025493140561178088,1.57783891945973
0.007479365963124804,1.562981490745373
0.015405631038201847,0.05
0.010020175501108675,1.8378439219609808
0.00813709824155981,5.0
0.006135262202989614,1.867558779389695
0.00565966209816042,0.9513506753376689
0.020317983659005015,1.8279389694847425
0.004031873403414418,2.7391945972986496
0.009177702707214352,1.283166583291646
0.018729140161639513,4.413131565782892
0.016926575388149068,4.331415707853927
0.005836646322726721,3.2492996498249127
0.010477115787914063,0.17876438219109558
0.009654932828130333,0.05
0.028944928334912703,4.415607803901951
0.003394768918270924,3.410255127563782
0.003522166758646042,0.05
0.03103018462947288,3.568734367183592
0.014546535395124696,3.5018759379689848
0.004815699331177523,3.0289144572286144
0.013975064727305794,5.0
0.021504443720526012,0.05
0.007339006204153259,0.49324662331165586
0.02872770299894664,1.2584042021010506
0.0378113374689054,0.05
0.01809078803129828,2.957103551775888
0.01467980980944944,3.667783891945973
0.030430311633747653,0.9092546273136569
0.008657339145755678,5.0
0.007925750059373418,0.7062031015507755
0.012916466121301151,1.087543771885943
0.019219233881877712,4.618659329664832
0.010551755559673165,2.5039519759879942
0.00849874186505517,5.0
0.0079650119777223,4.638469234617309
0.007660455184862511,2.4692846423211607
0.015953473739927948,3.826263131565783
0.015491141684290707,0.9686843421710857
0.01331274635605667,4.774662331165583
0.023913194299528637,1.6966983491745875
0.03270483326674721,0.05
0.032878783605973134,1.951750875437719
0.008033115760704576,3.704927463731866
0.009303470373026868,5.0
0.0066475996572151475,2.2315657828914457
0.01074770954346825,1.5159329664832417
0.008864754867715291,2.5708104052026015
0.013051594352327944,2.3850925462731367
0.03935104740842449,0.05
0.006000571162252,2.2216608304152077
0.014585676803328881,1.6793646823411708
0.007467031215309047,3.1651075537768887
0.013925019919293645,2.984342171085543
0.009768607484958058,5.0
0.00412654640013059,4.653326663331666
0.01989121756407493,2.3702351175587792
0.013184321946898114,1.2336418209104554
0.026379598823354347,1.8229864932466235
0.004375377099768624,2.5138569284642323
0.004475287493107827,3.927788894447224
0.006001986681098165,3.2022511255627815
0.012168571635245762,2.830815407703852
0.007120964843772712,2.3900450225112557
0.014075284946791,5.0
0.015987669521311323,4.380940470235117
0.013173694890504642,2.7763381690845423
0.00783841945436188,1.4985992996498252
0.01063197776215144,2.560905452726363
0.010141729393568916,3.652926463231616
0.01092475436819329,1.919559779889945
0.005602146472029737,2.7689094547273636
0.009288719304184928,3.140345172586293
0.007830003350514245,5.0
0.004920055371621226,0.8523011505752878
0.016173227967479942,3.6256878439219613
0.018521238618644326,3.4696848424212106
0.013429614429155273,4.903426713356678
0.006632417619438058,3.8955977988994497
0.010788795980100768,1.0553526763381693
0.0021271839471184717,5.0
0.01853604892657068,2.0012756378189094
0.01096325636346758,3.831215607803902
0.005033756483639254,0.05
0.006146415206058728,0.05
0.011518745947076678,1.6372686343171587
0.02654864540443977,2.78871935967984
0.041554516028257577,3.4275887943971988
0.021662265768954483,4.1556028014007005
0.015974379255914606,4.021885942971486
0.014389045043006546,3.6504502251125563
0.022761255999043037,1.2608804402201101
0.015875079206991563,2.2290895447723864
0.02266214507496564,2.793671835917959
0.007352428179432546,3.340920460230115
0.007028560023522243,1.1172586293146576
0.01225333741468318,1.9913706853426716
0.008131635358830852,2.615382691345673
0.024599475804566145,1.6645072536268135
0.020950810715600204,5.0
0.0216173269388686,0.05
0.012703690450932462,0.05
0.03936712497104358,0.05
0.02083711846975765,5.0
0.01869319711481883,0.05
0.010250880609478444,5.0
0.012024767579676965,4.791995997999
0.01032777751740345,0.05
0.011634329171795299,0.750775387693847
0.006691643613992201,2.219184592296148
0.04668406379313508,0.05
0.021038949780814872,1.6917458729364685
0.015647616338080497,4.891045522761381
0.014612498593020315,0.8523011505752878
0.0074419939105932476,2.7911955977988994
0.008758550908692972,1.9666083041520763
0.016279075301767157,0.05
0.006074350273137338,2.9348174087043524
0.022457914956867636,3.690070035017509
0.005462248702840025,3.1799649824912457
0.026566279628491028,2.377663831915958
0.019456831532051543,4.257128564282142
0.010807790238441542,2.560905452726363
0.006403791886686341,2.971960980490245
0.024017620853829302,0.9067783891945974
0.012461864665008981,3.078439219609805
0.006205328898387666,5.0
0.027600307931997817,4.598849424712356
0.008203558844970676,1.077638819409705
0.021743975297513526,1.05040020010005
0.013082446068788556,2.4148074037018508
0.005264319742394302,3.0957728864432217
0.011132717585083857,2.813481740870435
0.029776455060812043,1.3450725362681342
0.0114288765782804,3.115582791395698
0.017085986557830113,2.5906203101550775
0.009658393799313686,1.8527013506753378
0.018740258799489914,5.0
0.02343489293966848,4.192746373186593
0.01935213965512521,3.2790145072536268
0.010370850486976987,1.857653826913457
0.01274327290310548,2.5807153576788395
0.010307871639300928,2.976913456728364
0.00358420369612332,4.257128564282142
0.014213278644494842,2.5980490245122563
0.008002758268145671,0.05
0.01595112469452399,5.0
0.007063128116041456,4.031790895447724
0.0273012333948381,2.1498499249624814
0.015076952877513608,0.05
0.014857100939875606,1.6818409204602303
0.0184953641822595,3.078439219609805
0.025926073219043735,5.0
0.016149008458537423,3.9624562281140574
0.00460094236608545,3.5761630815407703
0.015974245463998643,3.586068034017009
0.022335247099718916,2.7391945972986496
0.008277947541303773,3.7346423211605804
0.013437146392796306,4.650850425212607
0.009697502022566515,0.05
0.0037992452100959473,0.7334417208604304
0.0052252420885584155,2.6277638819409703
0.022813927931030334,5.0
0.02374668153411441,0.6442971485742872
0.011968819621901244,0.05
0.03797173287673414,0.05
0.013924515007705418,1.6793646823411708
0.01093661867697876,3.831215607803902
0.020507541493780646,4.960380190095048
0.0074218185887567345,4.846473236618309
0.04126047057221338,0.05
0.008191516017438422,0.05
0.011578529611736166,1.9814657328664333
0.004758360956393551,2.1374687343671837
0.015846061383596594,2.6030015007503753
0.014200591652828401,2.729289644822411
0.015060918389099218,0.8869684842421212
0.026113403763479204,2.560905452726363
0.023832057517415142,1.7982241120560283
0.008071836035674643,2.94719859929965
0.017078139594384104,0.05
0.009061314634360912,0.8126813406703353
0.00520113108906424,4.227413706853427
0.023582333328925953,2.5237618809404703
0.01886835001048638,2.115182591295648
0.002951345652557169,1.0949724862431216
0.0244436595803446,2.560905452726363
0.015052203314278534,1.3475487743871937
0.02268121686813518,1.1643071535767886
0.013108182451816636,0.4734367183591796
0.010243189423914945,1.5506003001500752
0.0037334871110620282,3.8856928464232117
0.012876340198678532,3.727213606803402
0.009279957684783291,4.2546523261630815
0.020241046806651078,0.05
0.002779824072758799,1.092496248124062
0.007560686374832343,1.983941970985493
0.011399450013347884,1.652126063031516
0.0144112022556947,5.0
0.027419477808287254,1.5456478239119562
0.01535176859459507,1.6719359679839922
0.02438863902403629,4.15807903951976
0.010322627854213548,1.8081290645322663
0.05189635413342235,0.05
0.019770291542680757,4.834092046023012
0.005188896752574446,1.2237368684342174
0.008486935436175805,4.091220610305153
0.0056754689607888265,2.466808404202101
0.01950111417733648,3.4226363181590798
0.012802763561410996,1.7511755877938973
0.022592895274571173,4.804377188594297
0.016505430629736167,0.05
0.02430813807025141,1.6174587293646825
0.006360974641362815,5.0
0.01686867619769905,1.6273636818409207
0.01289913626483924,3.695022511255628
0.036083773765567144,1.6026013006503252
0.009300968038636698,5.0
0.006353168053283037,0.05
0.018751720957129833,3.573686843421711
0.008995491485234985,1.1098299149574788
0.011029759238816647,1.4119309654827414
0.012319942761868208,4.029314657328665
0.01542092928694809,2.112706353176588
0.005434378071443743,0.05
0.010148486643056773,3.521685842921461
0.011846312039349119,2.4395697848924462
0.01624367258151828,3.742071035517759
0.00692904650833491,5.0
0.00870210550816497,3.1180590295147574
0.018246547188491793,2.5212856428214105
0.037412555959200094,0.05
0.0071573537943869225,0.05
0.00590849810478529,3.125487743871936
0.025579396357507125,4.940570285142572
0.008853501189710192,0.05
0.008476130642455976,5.0
0.034126515905529245,0.05
0.02009658624356335,0.05
0.01971585609445531,1.899749874937469
0.016953765633530946,1.0553526763381693
0.010852794276034361,3.600925462731366
0.01201230073824923,0.05
0.013088166571019216,1.731365682841421
0.019556299498683788,2.9595797898949474
0.015647129448230795,1.6174587293646825
0.006804292682465185,2.201850925462731
0.011486165110719232,3.447398699349675
0.02022152190673017,4.997523761880941
0.005123664124046634,3.68264132066033
0.013689086642891729,2.642621310655328
0.012977365523845291,4.908379189594798
0.010071140087743471,2.4222361180590295
0.026834613809269867,3.2641570785392697
0.04208205724451275,0.05
0.008471455597762245,5.0
0.019812150415292676,4.5319909954977495
0.026860986443457968,2.9249124562281144
0.014785741377501077,2.2068034017008507
0.012660953931187269,0.05
0.015162100218382532,1.7288894447223613
0.010818328328916882,4.232366183091546
0.009227608117481176,1.4168834417208607
0.008430548699994878,4.269509754877439
0.009236821203764303,1.8947973986993498
0.010435410426229919,0.05
0.011360675786704078,0.05
0.013353753575706118,4.068934467233617
0.017479121574890732,2.498999499749875
0.016801965495282026,4.891045522761381
0.014673276751926756,4.3338919459729865
0.020537049322950682,4.512181090545273
0.018768992447666222,2.4148074037018508
0.02444210943385347,4.84399699849925
0.0207113033735859,2.8431965982991496
0.026677053053520056,2.498999499749875
0.012187691775542173,2.0532766383191596
0.02052642683474662,1.2163081540770386
0.011360225447735586,3.061105552776388
0.007898776868322951,5.0
0.007614395993271503,2.6030015007503753
0.01285528477539652,4.465132566283142
0.0058012611954258025,0.6467733866933467
0.038675700483792375,5.0
0.009231132026146435,4.190270135067534
0.027709097441645653,2.100325162581291
0.029096022040655797,0.05
0.00514276009358966,2.6327163581790898
0.006435336251050694,1.31535767883942
0.01726497130197366,5.0
0.012384029062590729,1.5827913956978492
0.006497073777931392,3.3235867933966983
0.02081930389733397,2.3949974987493747
0.004449842901805209,3.9723611805902954
0.014812334167528696,2.2414707353676837
0.00727072743268091,3.9599799899949977
0.019018858038560696,5.0
0.012222799376168561,2.3529014507253625
0.014015874581508506,3.041295647823912
0.008508949683744757,3.4870185092546273
0.00838634748136452,0.6096298149074538
0.007582947194507916,2.531190595297649
0.03326457786654016,1.1692596298149076
0.017309657988318322,0.05
0.016296082296958087,5.0
0.01858424180643678,1.1816408204102054
0.012555826206947493,2.9546273136568284
0.018035109105181066,1.3351675837918962
0.010810100955678817,5.0
0.008721259114171973,3.3681590795397702
0.002763431312378356,3.0809154577288647
0.007876073827249558,4.217508754377189
0.03792791348087872,4.680565282641321
0.009617477613190886,3.665307653826914
0.012157935153741861,1.0603051525762883
0.007826538328969304,3.511780890445223
0.014682307889057666,1.662031015507754
0.02045870665943797,1.8601300650325165
0.02309505777495452,1.3822161080540272
0.009516593722622951,3.9451225612806406
0.026177463135077794,4.167983991995998
0.028511598772091695,1.773461730865433
0.008812708780908604,4.732566283141571
0.0069354588364514,1.3401200600300152
0.02770916811795905,2.4544272136068033
0.009871785095557181,3.984742371185593
0.00410072877320998,3.140345172586293
0.02273495605168882,4.635992996498249
0.009041809494444802,2.974437218609305
0.02590837461679664,0.05
0.012074219404170708,0.05
0.02636873266390999,1.535742871435718
0.0066733583153153475,3.246823411705853
0.014811952294311093,4.279414707353677
0.015271503865966679,4.296748374187094
0.03239345097044535,1.704127063531766
0.00882205133341861,1.5580290145072537
0.01388459318832698,2.7590045022511256
0.01901979134955757,1.4589794897448727
0.01589221819543271,3.1824412206103054
0.03351380886306066,1.694222111055528
0.015204995440308677,2.4841420710355178
0.007477448893797464,4.281890945472736
0.034688445296217216,4.375987993996999
0.007934960213373449,0.05
0.007449975501769221,5.0
0.006555299335698053,2.3974737368684345
0.008833730622464134,3.1700600300150077
0.012772822479025975,4.351225612806403
0.005743990598334525,0.05
0.01861410820021124,3.6083541770885446
0.010526104315279144,4.952951475737869
0.004165396782999209,3.853501750875438
0.01605945186210636,0.05
0.010559350109636129,1.9963231615807906
0.007959138102982155,4.0516008004002
0.012738970803880256,1.9170835417708856
0.01567563291557815,0.05
0.010424556125078352,3.675212606303152
0.013793870838642544,4.975237618809405
0.013360733308726738,4.52703851925963
0.004224704167782478,4.299224612306153
0.01626326780998981,0.05
0.027924002498781172,1.7586043021510758
0.0022827644689783766,2.8431965982991496
0.013015141796454965,0.5204852426213107
0.016542478132444582,2.7664332166083043
0.0064964205084806215,0.05
0.01620658508226583,2.573286643321661
0.0060097671041756395,1.9319409704852428
0.027966231781998557,2.9991995997999
0.015416934693702214,4.4725612806403205
0.008314281546058289,5.0
0.02323272908083031,3.0091045522761384
0.02109007216464033,3.0858679339669837
0.004787126229367236,1.5010755377688847
0.0034802893297292,4.341320660330165
0.0290503770168916,0.05
0.009456098533342783,2.8803401700850424
0.011225708565081732,2.8506253126563283
0.022926157515322003,1.689269634817409
0.014436683758692878,3.071010505252626
0.005321326066764442,3.8287393696848424
0.03191449272203663,0.7235367683841922
0.013077131257094338,3.7148324162081043
0.01854172248070239,3.8881690845422714
0.01540578895547473,4.502276138069035
0.021797957828981765,0.05
0.0234262505999729,1.3425962981490747
0.0049882927899932705,0.05
0.013073205083281053,1.741270635317659
0.0323100092594261,4.84399699849925
0.004769290624216896,1.7486993496748375
0.011730887037754364,5.0
0.004770636923198249,1.3500250125062534
0.00933971057693636,3.6504502251125563
0.019869939422544378,3.536543271635818
0.009401530859629817,3.7197848924462233
0.020762941384877096,2.9595797898949474
0.01838260746670868,4.519609804902451
0.0164503900881373,1.404502251125563
0.018776560752172225,3.083391695847924
0.024089860370649377,2.52623811905953
0.01173190534705322,5.0
0.02748009415385909,1.1420210105052528
0.034379580655716044,0.05
0.007302214796991849,1.4193596798399202
0.011504857922601974,5.0
0.020713193392049453,1.2559279639819911
0.016565107613061042,4.725137568784392
0.017650318306026147,4.375987993996999
0.011495562129363493,1.3970735367683844
0.009029848138895805,3.3508254127063535
0.007322005621001534,3.9500750375187597
0.01283925010404427,4.732566283141571
0.04772481245379333,0.05
0.013052571070142918,4.2150325162581295
0.018756239254025822,1.6001250625312657
0.011001814276366845,0.05
0.02661759554732504,1.7610805402701353
0.009777200532184657,3.1056778389194597
0.010476703925933806,1.8477488744372188
0.027836763132319323,3.935217608804402
0.021612189650103905,5.0
0.009283810208875823,2.7812906453226613
0.011789523434640209,1.9666083041520763
0.01243300579021353,1.956703351675838
0.013269288772987706,0.05
0.006688790603282854,3.046248124062031
0.002962201524858335,3.8138819409704854
0.038209987771754855,1.436693346673337
0.02632399534425796,0.05
0.024965868964072477,4.049124562281141
0.028409226694621037,4.195222611305653
0.0161593005357141,1.941845922961481
0.010181561409684112,2.8382441220610306
0.020272193392133833,2.112706353176588
0.011870190133195457,0.05
0.00597895248549038,5.0
0.008422462912977088,5.0
0.01825897428221994,1.1519259629814909
0.015419157834314107,2.6797648824412206
0.013220860779486879,3.6034017008504255
0.011071890581455218,5.0
0.017191299851998784,1.6174587293646825
0.004508358882737484,2.2637568784392195
0.010219112069567812,5.0
0.006682680522027376,0.9711605802901452
0.02209881971946631,3.915407703851926
0.014929861045355833,5.0
0.018155949953538322,2.2860430215107552
0.004148310198341901,3.984742371185593
0.01385173971441886,0.05
0.01662579083254699,1.7239369684842423
0.02495894060698091,1.8229864932466235
0.010096983129239012,0.05
0.010235111813694242,0.05
0.028867228255651176,3.514257128564282
0.005605098928585614,2.186993496748374
0.010099938001857947,3.657878939469735
0.021377438603598087,0.4561030515257629
0.014184147291730856,4.596373186593297
0.004942329232825532,3.0190095047523764
0.010481812886228417,2.1275637818909456
0.014142527409057734,2.4172836418209105
0.009908595255041439,1.1964982491245624
0.00595954532756289,1.8081290645322663
0.02972099835729622,4.853901950975488
0.04140270597847569,0.05
0.01745214876601857,2.6797648824412206
0.023457423858919586,5.0
0.009993481652641245,3.1329164582291145
0.00869115448130503,0.9018259129564784
0.014808813334973914,2.801100550275138
0.011781508056414966,2.3801400700350177
0.01941033813744565,0.05
0.028315127405068516,5.0
0.009384468695749007,3.2592046023011507
0.007839802937532087,2.573286643321661
0.009211515882324883,4.900950475237619
0.014196397707289088,5.0
0.027069751956359148,2.3380440220110055
0.02071087874082221,2.0508004002001
0.014729543023588448,4.846473236618309
0.010999271484563908,3.430065032516258
0.011544859175679698,1.6397448724362182
0.004040362818234569,5.0
0.010763081881600037,3.695022511255628
0.005733550732510986,3.7717858929464736
0.01833473603419644,2.0532766383191596
0.0036745005741129627,0.8423961980990496
0.025619258415123213,2.256328164082041
0.016872696581255536,0.7284892446223112
0.016162476942029297,3.6083541770885446
0.013994579803999707,3.0115807903951977
0.025844208616642272,0.8201100550275139
0.012363551253079794,1.0603051525762883
0.020882233444765697,1.0677338669334668
0.016527033768437296,3.041295647823912
0.0035346382509786473,5.0
0.008241620193280369,3.5390195097548776
0.01681520216633589,2.979389694847424
0.009865933982134367,0.05
0.014906624173658414,5.0
0.017767837245577733,4.517133566783392
0.007785430645779912,4.118459229614808
0.003481797937455164,2.915007503751876
0.004183466146278791,0.8894447223611807
0.006786866576398584,3.499399699849925
0.013529931037568735,2.7689094547273636
0.020297310029136983,0.7656328164082042
0.019980831825963906,4.962856428214107
0.012240109008412825,4.58151575787894
0.012549732035507952,0.9488744372186094
0.010505418313212764,3.345872936468234
0.0164554964079643,3.0858679339669837
0.013329177286611177,0.8003001500750376
0.003275978200546592,2.6748124062031016
0.0058457958809470245,5.0
0.003916575279571316,0.05
0.014640860851422743,1.3178339169584794
0.01796948538235521,5.0
0.012062590598429207,3.0759629814907457
0.01866505246679541,5.0
0.006556442013531741,4.479989994997499
0.02364789128634219,1.4490745372686344
0.006188766077790883,1.8873686843421713
0.02259642617637478,0.05
0.0052980449459845425,5.0
0.004917001557100481,1.8972736368184093
0.010783223178205709,0.05
0.011806753092973674,1.7685092546273138
0.012544195379111639,2.7070035017508753
0.004064351511520403,4.219984992496248
0.04884014138774327,0.05
0.015457812728204567,0.05
0.013766150989358628,4.1655077538769385
0.009307898827518063,2.5881440720360183
0.016040503614176388,4.4527513756878445
0.012961912525162572,2.182041020510255
0.015878085027570668,1.7709854927463733
0.009466004180904417,5.0
0.00893832258613271,1.3723111555777892
0.018282485849813956,2.045847923961981
0.013673839335076154,1.6793646823411708
0.019065106387808492,4.777138569284642
0.022822854714179275,1.9368934467233618
0.020700635230028172,1.1073536768384193
0.01977559844540075,5.0
0.011539807967353072,2.751575787893947
0.021218006224577562,1.0305902951475738
0.0082941277745497,3.605877938969485
0.004844227543661053,3.600925462731366
0.01699848437329475,1.2757378689344674
0.010530474480784105,5.0
0.015645168651337554,3.405302651325663
0.019587305000330138,3.769309654827414
0.01696069036646841,2.251375687843922
0.01529914880212263,3.3854927463731865
0.007569840536151756,1.1816408204102054
0.009264487409943553,3.0289144572286144
0.014032916526534989,3.7940720360180094
0.00886955091425165,4.031790895447724
0.006915818181342889,3.9030265132566284
0.00591162569886966,4.3834167083541775
0.005869396198604146,1.4490745372686344
0.03268902382603102,5.0
0.015518386493081168,4.623611805902952
0.010451934916401118,0.05
0.03062466302730464,1.9864182091045526
0.028696458751811343,4.190270135067534
0.015891871882036446,4.546848424212106
0.011602135755257634,4.309129564782391
0.010118697194975435,2.251375687843922
0.01231718344474625,2.182041020510255
0.016967294126238416,1.4763131565782894
0.023275884148777196,4.115982991495748
0.008334349556992346,1.5605052526263132
0.005747295292197252,3.672736368184092
0.006178035466497908,1.877463731865933
0.01143859752700456,3.7717858929464736
0.00902732613716764,2.023561780890445
0.008859918746608922,3.932741370685343
0.005432064770908671,2.224137068534267
0.021812842905194196,0.05
0.019074360187553485,2.3652826413206602
0.005813537875843461,4.014457228614307
0.007425687346921145,0.41153076538269134
0.013475288217551076,0.05
0.009768437659162507,3.256728364182091
0.007810783841912569,1.134592296148074
0.036765501515194365,0.05
0.01823054761304184,4.380940470235117
0.020512730260794337,2.721860930465233
0.010424831099963117,2.8283391695847926
0.018990931529719618,2.6649074537268636
0.014807309414228975,4.977713856928465
0.014057337016622151,1.4267883941970987
0.006233178915684048,3.088344172086043
0.019107894775835188,3.5340670335167585
0.018026056180294292,0.05
0.012318177067890596,0.6294397198599301
0.004874495370612256,1.7561280640320163
0.025533707077954423,4.57903951975988
0.008989068316463691,1.657078539269635
0.008783315466084768,0.05
0.005940422829104702,4.9356178089044525
0.016975124401343605,5.0
0.009061980785416021,3.858454227113557
0.027028417371671498,1.562981490745373
0.023519109396923574,0.6938219109554778
0.013461639195191541,4.593896948474238
0.017463057699400583,2.2315657828914457
0.011518718743769932,3.8906453226613307
0.02976077061773094,2.640145072536268
0.006357809843668405,5.0
0.017998239531711202,5.0
0.009815205875902455,4.62856428214107
0.01219044719885061,0.4140070035017509
0.014241052579385627,4.269509754877439
0.011213579094137394,2.6847173586793396
0.012279123440776113,0.8077288644322163
0.014953238042298131,0.05
0.01667654704777545,1.520885442721361
0.022496848646735138,0.05
0.008843080809010792,4.791995997999
0.028042864356782674,1.2707853926963484
0.011920956176199121,4.507228614307154
0.004747732641320224,2.3603301650825412
0.022187704512610276,0.05
0.011347148455132475,0.9166833416708355
0.015717757909185476,3.442446223111556
0.004712466864395179,2.2389944972486244
0.013036523403188727,4.648374187093547
0.016450937029470605,4.658279139569785
0.02904049072083456,4.242271135567784
0.03758097766499285,2.2538519259629815
0.01444339064632287,4.26703351675838
0.010528559345586566,0.05
0.004440169926980431,3.5514007003501753
0.005743832067134871,3.3136818409204603
0.011549479387986172,5.0
0.025174170509496024,0.05
0.007682764566171077,2.6178589294647323
0.01496805316159458,1.8972736368184093
0.007051939160829565,2.815957978989495
0.00999138068169314,0.05
0.008885576849718496,0.05
0.017124103035633234,1.2658329164582294
0.010076016878620087,1.7140320160080043
0.01912886690807203,5.0
0.016268835316583075,0.05
0.024574224886771023,1.2286893446723364
0.014863055822354462,4.915807903951976
0.00973736980673949,1.9963231615807906
0.00795477421627186,3.4870185092546273
0.007405788532396249,3.0016758379189596
0.01900834898783013,3.509304652326163
0.022388220965469427,3.3557778889444725
0.014604480756248511,3.9030265132566284
0.013614680020136868,2.4271885942971485
0.006773952904464364,0.24562281140570286
0.005636828373787456,1.1172586293146576
0.01942348956579311,0.5452476238119061
0.008723450338541508,5.0
0.017507170700317556,4.586468234117059
0.0021212023107995415,1.6768884442221113
0.010801296056502985,3.3013006503251625
0.024847008738232798,4.0763631815907955
0.03223101163808868,0.05
0.00831438567965119,1.7858429214607305
0.011954042557763903,4.125887943971986
0.0046669336489258,3.7296898449224614
0.011171265883339873,1.9591795897948976
0.037432640146426256,2.6079539769884943
0.019294733015073937,1.36735867933967
0.009130532321426257,3.425112556278139
0.011396440238426536,3.9550275137568787
0.033366885327398135,0.9067783891945974
0.025355383272384013,3.2294897448724362
0.006785532182033621,1.3277388694347174
0.008745148852386087,1.6793646823411708
0.018353551912554555,3.7965482741370686
0.0072238498779944454,0.7136318159079541
0.007225144226591956,3.3780640320160082
0.007062500614022679,3.3285392696348177
0.017830301075501806,0.05
0.025208731451339964,2.7812906453226613
0.005538162482900552,0.05
0.020358372044903705,1.647173586793397
0.010951025574603979,2.994247123561781
0.025586550702987876,4.962856428214107
0.018607514352655924,1.983941970985493
0.011386920666719313,2.117658829414707
0.007369581264368277,2.035942971485743
0.009243791862008369,4.140745372686343
0.01577677388643424,0.6418209104552277
0.011424370250274735,3.922836418209105
0.011249781972506215,2.4494747373686843
0.012059240031159893,0.05
0.014198878999872877,1.0850675337668836
0.009593317588893216,0.05
0.01106118091718776,4.172936468234117
0.042329907511891446,4.782091045522762
0.012898887399992634,1.7685092546273138
0.006821698439723939,1.6645072536268135
0.00822534819781165,1.862606303151576
0.014129301000331329,3.9723611805902954
0.007922213145111795,5.0
0.031898525256508325,0.05
0.016335404483975163,5.0
0.01201591756993746,0.9884942471235619
0.011179636606785934,1.3450725362681342
0.008119330573521058,4.024362181090546
0.006861523850300033,3.7098799399699853
0.003430758996090119,3.851025512756378
0.0045319091171777265,3.410255127563782
0.0041093188322351565,4.0763631815907955
0.007865031209505796,1.9690845422711358
0.012943263910257158,0.05
0.0200341044417882,3.586068034017009
0.022314878360206153,1.8848924462231118
0.019719579681613655,4.296748374187094
0.030223256014710195,3.479589794897449
0.016586729366571046,2.5188094047023513
0.022473726555570533,1.899749874937469
0.0022523196531904904,1.436693346673337
0.006670915514229242,3.917883941970986
0.01396121346518113,0.05
0.018595479382462143,3.57863931965983
0.004901766479826569,1.6719359679839922
0.015146026808289248,1.7140320160080043
0.019471006095649876,5.0
0.006457534700273174,1.8378439219609808
0.010530073526460251,2.900150075037519
0.01083008833465171,1.7586043021510758
0.00888891458192026,3.145297648824412
0.01363081277644973,3.0264382191095547
0.008336697879209404,3.6380690345172586
0.01362676436982646,2.729289644822411
0.004853438362902224,3.2715857928964485
0.0057614343985724625,0.05
0.019424407612688363,2.3949974987493747
0.00827946627134421,4.138269134567284
0.020494123477187598,3.078439219609805
0.00932722405250852,4.952951475737869
0.01722636574281114,3.6504502251125563
0.013078081055398719,3.3136818409204603
0.032059920400862904,2.498999499749875
0.021082697090184135,3.4325412706353178
0.004016322635209832,2.2538519259629815
0.013317803597135636,4.725137568784392
0.005106945539092994,5.0
0.015928571294000937,1.9666083041520763
0.0033627549974908078,4.049124562281141
0.021916451288479508,0.05
0.005606041017021085,3.140345172586293
0.013414292705475922,3.4820660330165083
0.007714596826778414,3.3087293646823412
0.005592814871141424,4.868759379689846
0.013722672740870856,5.0
0.006823689182340761,0.05
0.01507206832199623,2.2290895447723864
0.012764538814866055,0.05
0.0021779941444160233,3.430065032516258
0.011291340899350244,4.346273136568285
0.009004314579968559,1.3054527263631817
0.02462184249314235,2.4123311655827915
0.011451429019137066,3.9401700850425216
0.012298296295548516,3.3607303651825915
0.020505487029944258,0.8324912456228115
0.017015830347449676,1.36735867933967
0.02246413909734389,0.508104052026013
0.006764339382051704,1.825462731365683
0.009742518471482497,2.087943971985993
0.01608319245248646,3.9921710855427714
0.013814596592477218,0.05
0.008005916102411234,3.57863931965983
0.00437080645654829,1.6323161580790397
0.011348452536158654,1.8007003501750878
0.009603826105059207,2.2117558779389697
0.030507918906305345,0.05
0.02651812826659533,4.410655327663832
0.01271092993858787,1.9022261130565286
0.01839418917587317,1.8106053026513258
0.004290817414338233,2.4692846423211607
0.007860688158854809,1.520885442721361
0.010341181036682315,5.0
0.01578324813828097,3.1923461730865434
0.015768680077326153,5.0
0.01231248311619712,4.249699849924963
0.015170698684894665,2.6970985492746373
0.017448823051034457,2.8704352176088044
0.025113594545369475,2.967008504252126
0.005944889634789008,0.05
0.009353898357172333,3.563781890945473
0.010610124824630585,4.675612806403202
0.02475144960745762,0.3991495747873937
0.016016314976108004,2.3157578789394697
0.007578609490440175,1.9740370185092548
0.019702052475018467,0.05
0.0228036236231572,4.296748374187094
0.01204042982038761,0.05
0.0044143184717914535,3.1279639819909955
0.010734567273722379,0.05
0.015740557833546526,3.7222611305652826
0.010890705266888914,2.7391945972986496
0.023177457837899373,2.214232116058029
0.012038644794992573,0.6319159579789896
0.029548596525541898,2.2414707353676837
0.011943224593703144,5.0
0.009441116693202703,4.427988994497249
0.009938894257617278,2.9546273136568284
0.016770302163708825,4.635992996498249
0.04241935456339373,0.05
0.010163105540631767,3.0338669334667334
0.019639951026831484,0.9959229614807406
0.010954396125387109,5.0
0.031955450335975404,5.0
0.006115927343710775,0.05
0.005020051504941975,0.05
0.01810924650772848,0.2654327163581791
0.012464773521476818,2.3231865932966485
0.027842872001092603,3.335967983991996
0.015002890817389175,0.6962981490745374
0.010056444251402508,1.3029764882441222
0.024744099905862113,5.0
0.020229565801165486,1.278214107053527
0.006765431558986915,2.9496748374187094
0.004508837925676357,4.202651325662831
0.010706842799392796,5.0
0.010890850704783156,3.78911955977989
0.016083660354631824,0.05
0.00983350815065158,4.967808904452227
0.02145538055158412,2.5212856428214105
0.010554080787544384,0.05
0.024393505587311404,1.1890695347673839
0.009621177307616177,1.3277388694347174
0.013330972470795316,4.821710855427714
0.01061247727394872,4.598849424712356
0.001434844339885083,1.5406953476738372
0.00840724069240216,1.8650825412706356
0.016238402001474986,4.2249374687343675
0.012919784353017952,0.23076538269134567
0.014403256019466834,4.62856428214107
0.011598837083036495,1.8229864932466235
0.009310821250435627,0.05
0.010963778824491593,3.2790145072536268
0.011033736880772818,4.722661330665333
0.010035343269720082,0.05
0.009585524802574269,4.192746373186593
0.004926422482909282,4.536943471735868
0.011567519183304134,3.5563531765882943
0.008817182245850055,4.286843421710856
0.008135519588281098,0.4709604802401201
0.036515317431507266,4.410655327663832
0.005732544709320886,4.992571285642821
0.0094034783554158,1.9666083041520763
0.020832859817481772,4.952951475737869
0.021880009786802934,2.092896448224112
0.011272410732027172,4.046648324162081
0.017123545581430172,1.2262131065532769
0.01948075443676535,3.774262131065533
0.009193239465797198,5.0
0.014647605340477307,2.6129064532266133
0.012383094938323999,2.9372936468234117
0.006524976277330008,5.0
0.008058375373497809,2.952151075537769
0.01111635623242467,5.0
0.014349142551849978,0.05
0.003971268946690434,3.873311655827914
0.025632479830149824,1.0999249624812408
0.01773934805775504,1.6595547773886945
0.01069853991252162,0.8448724362181091
0.01896559199326675,0.05
0.009240514941671399,0.05
0.009486264115224408,1.857653826913457
0.011726727420669297,3.7816908454227116
0.0098719281119138,4.071410705352677
0.006393594106126235,5.0
0.008852778359000418,2.652526263131566
0.013804950847433321,1.5382191095547775
0.011770092345059269,3.1106303151575787
0.01737448908044044,4.588944472236118
0.012985052574560868,3.8089294647323664
0.026747529750843727,0.05
0.018205129049540025,2.9447223611805904
0.02174922398731803,2.7713856928464233
0.011722684605880246,3.863406703351676
0.018131016803134226,1.045447723861931
0.004570253753489448,3.704927463731866
0.03296458276544752,1.4193596798399202
0.01228004544952889,4.078839419709855
0.007942395313688067,2.6748124062031016
0.01940950627917895,0.8225862931465734
0.0047890479570133065,5.0
0.03373360092741716,5.0
0.012189170467855337,4.232366183091546
0.03736207287193165,0.05
0.016359897466068737,2.2290895447723864
0.034337121986024705,0.05
0.04131215238427764,2.199374687343672
0.01628195740387753,0.05
0.013871188636654777,2.117658829414707
0.011464289356273721,3.9971235617808905
0.013360630013180927,3.6925462731365686
0.013710516262059255,1.1816408204102054
0.017176098024396805,3.066058029014507
0.015057998173236525,0.05
0.03392450425053821,3.3978739369684843
0.01632548595953276,4.15807903951976
0.01217285541425732,1.9765132566283143
0.021053041901253275,1.919559779889945
0.01407410760543941,3.345872936468234
0.06026280058522224,4.497323661830916
0.01112327802839086,4.767233616808404
0.006410380190641621,1.4193596798399202
0.019110247964544247,1.1024012006003003
0.008384435083803154,5.0
0.01421495149876309,2.9075787893946976
0.021298213307061123,5.0
0.01770027220730082,3.7123561780890446
0.01752949381784137,2.446998499249625
0.006562872919449875,2.8531015507753876
0.04307779302379136,0.05
0.024680078568103142,1.3549774887443724
0.00775634113985256,5.0
0.012772999862294993,0.9711605802901452
0.014552709353510274,5.0
0.017510987242450052,3.8658829414707356
0.012593150180462379,3.484542271135568
0.020247707551336036,1.6422211105552778
0.0135891711320381,2.350425212606303
0.017816415530205715,2.7713856928464233
0.044993597365678706,0.05
0.007201745505958368,2.741670835417709
0.00796022098782645,4.42056028014007
0.024548667565079174,1.4763131565782894
0.022241730015203492,1.4812656328164084
0.0023867799988775695,2.204327163581791
0.005513912224618112,2.278614307153577
0.015146118124367433,4.586468234117059
0.02377403653288046,4.3041770885442725
0.0043548623298863415,1.129639819909955
0.016248128500829823,0.05
0.016033702661507845,1.040495247623812
0.009026654684359023,3.8757878939469737
0.003422749317291557,3.52663831915958
0.016780618095199,0.05
0.013002670665585442,2.0656578289144574
0.015632246658744173,4.306653326663332
0.017152505450617,4.821710855427714
0.00784435780587181,2.6797648824412206
0.014498541185650943,4.073886943471736
0.0014098945169466748,1.6867933966983493
0.012748422303449053,2.3479489744872435
0.014436253639598204,1.446598299149575
0.020850492081634767,0.05
0.01580218968006221,4.608754377188594
0.01110761080469476,2.5906203101550775
0.009105614687420258,0.05
0.0078079143836936316,2.811005502751376
0.005907281036238651,4.341320660330165
0.006291562945636334,2.1473736868434217
0.013318603265749032,5.0
0.024814310896897687,3.910455227613807
0.008339599712306536,3.9624562281140574
0.005131034963894832,3.241870935467734
0.013762783127644007,0.05
0.0010885541092150869,4.710280140070036
0.022783696821850496,0.05
0.015948798312193854,2.5064282141070535
0.014303953988460391,1.3054527263631817
0.004556537439265013,5.0
0.023258983417468515,4.759804902451226
0.01212660484146491,0.6814407203601802
0.01548599446599061,2.662431215607804
0.023663648677298213,1.1469734867433719
0.04121702027542847,3.8807403701850927
0.022643689776288556,4.42303651825913
0.02142692246829163,0.05
0.009159664340012974,0.05
0.017176542368343817,3.227013506753377
0.0069776287543064225,1.7536518259129568
0.047745554858598965,0.05
0.020950246648335183,3.335967983991996
0.019867354524636283,0.05
0.019270563107718464,4.742471235617809
0.01956709665053326,2.8654827413706854
0.010098352490803444,5.0
0.017047101328458006,1.5085042521260632
0.015020999461314868,0.05
0.009160387287939303,0.05
0.023381718448937175,3.0165332666333167
0.011237425815526364,5.0
0.0091498767098033,4.239794897448725
0.015059585459522795,1.2757378689344674
0.012807827976460878,0.6913456728364183
0.01418820103201096,0.05
0.01408779108137008,1.9294647323661833
0.013733437185087252,2.139944972486243
0.025758414748358743,0.8027763881940971
0.015941419526867742,5.0
0.007534941840990836,0.6913456728364183
0.024198283166003504,3.1824412206103054
0.009565837526000459,5.0
0.010339286127653752,4.995047523761881
0.023862980610843243,2.3603301650825412
0.022496007967149234,4.683041520760381
0.011447951036790444,0.05
0.022136597539791844,5.0
0.02091932942812247,4.321510755377689
0.005553515054482136,3.8658829414707356
0.007386656718446627,3.4771135567783893
0.009432153682224692,0.05
0.010598661242532295,2.2117558779389697
0.009093493542715131,4.42551275637819
0.018824489044048112,1.5184092046023012
0.03926528125315591,0.05
0.02041705631252183,3.7445472736368184
0.018618821066598415,2.461855927963982
0.004861238380042196,2.7763381690845423
0.002675692518260636,0.05
0.006373684426668982,1.4168834417208607
0.017763615785616263,3.568734367183592
0.005814915260554346,5.0
0.006655076995688583,0.05
0.015794728578851336,4.361130565282641
0.016660976585846893,1.7907953976988495
0.029807199101077736,2.8704352176088044
0.009274866160777342,5.0
0.014261726828072793,2.4544272136068033
0.02041019182952189,1.0355427713856928
0.011116806131056589,0.05
0.008617921695703551,3.4523511755877943
0.006456589977560587,0.05
0.017995169241448644,1.7957478739369688
0.005626647505306406,0.8225862931465734
0.00793083035440642,5.0
0.008414351793563674,3.6925462731365686
0.00665601781567389,0.05
0.003827501139147149,1.0578289144572288
0.010865534792756135,1.3772636318159082
0.0059425539350591305,5.0
0.012759145419823939,3.0487243621810904
0.018062981171242887,1.8427963981990998
0.007254694180897747,3.3978739369684843
0.02886059934515961,2.5807153576788395
0.015620767345851577,2.714432216108054
0.03744441564786706,1.6768884442221113
0.015727203140768795,1.7387943971985995
0.007336946802693492,5.0
0.04592992691752801,0.05
0.008341668400598745,4.111030515257629
0.006895352113761619,1.0157328664332166
0.01683314632444101,2.6550025012506255
0.019477326665147912,4.427988994497249
0.029257115455512128,1.0702101050525263
0.021376881387001237,2.5584292146073038
0.010311292939257546,2.3132816408204104
0.009131696486036109,5.0
0.011776537674165866,0.05
0.007929949542976239,4.710280140070036
0.00455368202041849,4.603801900950476
0.03294355097475761,4.195222611305653
0.03609468268810791,4.863806903451726
0.012683132814699627,2.9298649324662334
0.015563433752176337,1.3822161080540272
0.018364662959347966,2.006228114057029
0.015676451025606122,4.492371185592797
0.030398996703426745,0.05
0.014023732100409456,2.115182591295648
0.006213715596799035,5.0
0.010705275592372887,3.4325412706353178
0.012429270116073407,1.1172586293146576
0.013279005834386959,4.239794897448725
0.008669202651203703,3.20967983991996
0.025556180310452495,2.830815407703852
0.011912962649360412,3.4449224612306155
0.017654256265287105,3.8980740370185094
0.010239974269618438,2.10280140070035
0.018676293397206736,4.839044522261131
0.008370300251284643,1.1940220110055029
0.0181023439808181,4.437893946973487
0.0173419062417752,2.2340420210105054
0.007127317747029696,1.6174587293646825
0.004051630285975258,1.5035517758879442
0.02030687697515994,3.5712106053026513
0.01604329364009073,0.05
0.009873815334271549,3.657878939469735
0.00912623405253675,3.5414957478739373
0.009423351837043126,0.05
0.013544477482771808,2.7763381690845423
0.017484896253377416,2.5807153576788395
0.009191611215174283,0.05
0.02028186392320383,4.125887943971986
0.02356224180136131,1.2385942971485744
0.009427503480376062,2.281090545272636
0.011258684625110232,4.749899949974988
0.018020335911836535,1.310405202601301
0.012436768118632383,1.8031765882941473
0.023275173379761552,1.1940220110055029
0.009341082840332623,4.450275137568784
0.009951390889182093,4.938094047023512
0.01793572588367455,4.398274137068534
0.0038054588690150104,0.05
0.031066717940622435,2.003751875937969
0.03815888171964277,5.0
0.025498070581186874,1.166783391695848
0.017484897894600768,4.626088044022011
0.009347917332512348,2.551000500250125
0.020576192300736734,4.130840420210105
0.011152374774608037,4.836568284142071
0.00756844355932014,3.7717858929464736
0.013036314756974643,3.7445472736368184
0.006237997401285736,1.8477488744372188
0.01153104001934134,1.7239369684842423
0.006264169460336269,3.0759629814907457
0.010226410572581654,0.34467233616808407
0.012653868494997236,0.05
0.026180051153490425,1.9765132566283143
0.00867440508467246,2.969484742371186
0.01385911003478317,2.214232116058029
0.026133417924249877,2.3479489744872435
0.0035039765334152623,5.0
0.020310449803049732,2.0730865432716357
0.015791141667825206,1.4441220610305154
0.010403331020933382,5.0
0.0068033631750112206,2.456903451725863
0.016271695272253667,3.595972986493247
0.012963049478829314,1.3896448224112057
0.013228053680140794,3.073486743371686
0.021889044005714217,1.1692596298149076
0.00994441823191207,5.0
0.015906285428806843,0.05
0.012314166802355211,2.6550025012506255
0.004174004592073954,4.4527513756878445
0.02085838028919393,3.152726363181591
0.023445595384555568,5.0
0.0076153300577945365,3.4820660330165083
0.007613824460460661,4.591420710355178
0.02389961872632243,1.8824162081040523
0.004315450831805359,5.0
0.00734925681690439,4.358654327163582
0.012090483860813003,5.0
0.010770131283820844,2.9249124562281144
0.008467374394881808,0.05
0.00892499259806831,0.05
0.017586132445873315,0.9463981990995499
0.01291723513058285,3.246823411705853
0.004572824863214531,2.583191595797899
0.008689211532676266,0.05
0.06258492169241212,0.6641070535267635
0.012829454601369805,4.962856428214107
0.017502837493821866,4.1556028014007005
0.012544590175446318,1.5060280140070037
0.003752057878298659,3.5514007003501753
0.05282811728622864,0.05
0.02456287289266383,2.7490995497748876
0.016129517370976537,1.825462731365683
0.0040906718315911195,5.0
0.0200568454052822,2.7664332166083043
0.021616906159481808,1.05040020010005
0.006980959096677369,5.0
0.0029429120276857623,2.0854677338669334
0.04437427650865872,2.94719859929965
0.013859252587146084,4.742471235617809
0.006077575091053555,1.5506003001500752
0.007944403020667012,5.0
0.002853960112493878,4.034267133566784
0.007961621460039578,0.6343921960980491
0.01511127436882527,4.8959979989995
0.016047330225427134,0.5997248624312157
0.01609868542488413,1.5580290145072537
0.015969339480737685,1.8007003501750878
0.017364843581794964,0.05
0.006179220104880076,4.31655827913957
0.010149671636291172,1.7387943971985995
0.01792048428762226,0.7631565782891447
0.04528770851533964,0.05
0.018798522574042298,1.4664082041020512
0.011602508511614429,0.5675337668834418
0.017394642363124845,4.858854427213607
0.011681913929025761,0.9835417708854428
0.015701521186794618,5.0
0.02545295835508543,3.5489244622311156
0.007613118511536621,5.0
0.014230848019531159,0.05
0.01015979336219723,3.917883941970986
0.005055094141464489,1.3227863931965984
0.025061490060679814,0.05
0.012533183734258227,2.885292646323162
0.02902488461346494,2.0805152576288144
0.008748675004453019,1.914607303651826
0.015139817399306518,1.4763131565782894
0.011356028441713087,4.415607803901951
0.019437229235043568,4.638469234617309
0.007722930613617021,1.9666083041520763
0.0026715412109881848,2.1374687343671837
0.00855780363883607,4.707803901950975
0.013818474325071758,5.0
0.0046021318725281285,4.187793896948475
0.016475250173124525,5.0
0.005211257068996528,1.3227863931965984
0.01209279716854357,1.5010755377688847
0.01119698248151045,2.1597548774387194
0.006830741096889262,0.05
0.0041198727688775,0.05
0.024080905451473664,0.35210105052526264
0.011006913583893288,3.8832166083041524
0.01054636656682749,0.9810655327663833
0.01704608159693015,5.0
0.019037568501674526,5.0
0.018577359879278582,0.5551525762881442
0.013107882674797233,1.7808904452226115
0.02062323374342441,4.928189094547274
0.019466854704156794,4.749899949974988
0.030880708641702517,0.7161080540270136
0.016996157886099386,5.0
0.029025939768484124,5.0
0.0038503051068994737,1.3376438219109557
0.018458351586378985,1.5555527763881942
0.0038699707350776102,3.6232116058029016
0.019174741895163758,2.026038019009505
0.014233134049912097,4.905902951475738
0.01794035937048534,4.539419709854927
0.017683178759311663,4.881140570285143
0.011429777425464,1.7586043021510758
0.014555842543278422,2.5881440720360183
0.018277379191050325,1.5827913956978492
0.015902890888174828,1.9666083041520763
0.004715753488086727,5.0
0.006472353998425023,3.8188344172086044
0.010826037081805656,0.05
0.01980311162813865,5.0
0.009145566732985347,2.8654827413706854
0.021075009786799923,1.0256378189094548
0.03743868415785642,1.4688844422211107
0.02495664965790259,2.536143071535768
0.023365627021553093,0.05
0.014891564784664968,1.6248874437218612
0.009378210676724744,1.6125062531265635
0.005160471938512781,5.0
0.02202496154541042,5.0
0.017020548735418112,4.925712856428214
0.02121941324671904,1.0999249624812408
0.019145438936355383,1.124687343671836
0.0036716869991023776,0.39172086043021515
0.01186558955431477,4.217508754377189
0.025767780813332253,2.583191595797899
0.04616888020330216,0.05
0.01596025335668874,4.972761380690345
0.01414806348811995,3.2641570785392697
0.009988430800089626,4.670660330165083
0.00353936556869755,3.600925462731366
0.007966658494648768,1.6298399199599802
0.00953914219423381,0.05
0.02254227796964757,2.8382441220610306
0.016257876014856107,4.687993996998499
0.021264827029324987,4.836568284142071
0.009955027438201008,2.4049024512256127
0.013309072388190388,0.8968734367183593
0.012978940002107309,2.620335167583792
0.012020142223501534,3.3087293646823412
0.02364415545018865,1.1717358679339671
0.0042057587213414765,3.0190095047523764
0.01668492384937817,2.9174837418709356
0.010547973219014337,5.0
0.009316773095922826,2.5336668334167083
0.004308817495245518,1.8848924462231118
0.01638683080996163,1.4020260130065034
0.011039354013236996,2.1226113056528266
0.028271288458502006,0.05
0.01192867852385826,1.8947973986993498
0.016015402393994696,4.167983991995998
0.012072776710095753,0.05
0.009269947343236148,2.63024012006003
0.007809930176075203,0.42638819409704853
0.009792643976706122,3.652926463231616
0.018368281202605613,1.1123061530765384
0.012347496213028664,0.05
0.010879090032093058,1.2460230115057531
0.006166430526815467,2.3702351175587792
0.012019544775293226,4.460180090045022
0.030171564029372322,1.5134567283641822
0.015756593570666638,3.063581790895448
0.026982176526430895,1.57783891945973
0.012150974931839365,5.0
0.01008000359598453,0.05
0.006254702372014143,1.2286893446723364
0.030489885350666643,4.068934467233617
0.02348132777206398,2.5881440720360183
0.006684648314190203,4.569134567283642
0.01473044318030764,1.3005002501250627
0.012758067056247033,2.1572786393196597
0.021219360661005826,3.145297648824412
0.007593223625113457,3.858454227113557
0.0381565389128278,1.320310155077539
0.030711241080091795,0.7309654827413707
0.017582672832831575,0.05
0.012020345868277368,0.05
0.006814623619730592,2.979389694847424
0.012367110447014815,5.0
0.01667075793394393,5.0
0.0161583321135539,0.05
0.0033582745689414023,5.0
0.0076678899686948715,3.3656828414207105
0.021073497476959885,4.1060780390195095
0.010716880829352363,0.05
0.013246768286163918,1.78831915957979
0.01667507904145188,3.1106303151575787
0.01608541572451304,1.7016508254127065
0.014569774262877422,2.615382691345673
0.003828384811983665,2.5212856428214105
0.017110027506862135,1.0206853426713358
0.02015690597824432,0.7408704352176089
0.008773668687102595,1.1494497248624314
0.009112765906573575,0.05
0.005584869009383361,5.0
0.016872115246211683,3.5241620810405205
0.019510153636160682,0.05
0.00729424301727917,4.133316658329165
0.00831718177838496,2.9991995997999
0.03656106694573234,5.0
0.014278705056436858,4.489894947473737
0.0137942827136186,4.801900950475238
0.013650878214849574,1.2534517258629316
0.010339709445386383,5.0
0.03184759387709759,4.514657328664333
0.013128976524637376,0.05
0.007877660829318428,1.1123061530765384
0.012451269527520972,5.0
0.016646371114543534,1.488694347173587
0.012609997559623248,4.437893946973487
0.009637061736133753,1.7090795397698852
0.013622753960777265,0.8968734367183593
0.006117435428565257,4.747423711855928
0.02249086176214546,0.05
0.023174559767575348,1.2286893446723364
0.008971423582113572,1.778414207103552
0.009809193089887647,2.016133066533267
0.010421668146642804,3.167583791895948
0.01068053405258905,1.4490745372686344
0.0027430643427429763,5.0
0.005620498143120059,0.05
0.011972712697440005,5.0
0.0140782725961692,3.6256878439219613
0.008358839231407594,5.0
0.03814318044947214,1.045447723861931
0.01365795702937063,4.465132566283142
0.010134588415937049,3.8237868934467234
0.020701928806680037,0.5898199099549776
0.04282608206271707,0.05
0.006749402949404959,5.0
0.02105185140801162,4.497323661830916
0.024282092450835235,3.1700600300150077
0.009879191419801897,0.05
0.005717897370345101,2.26128064032016
0.0039971925630140764,2.9323411705852926
0.033528578779630766,2.546048024012006
0.0028183177859297665,3.831215607803902
0.01807316989455436,0.05
0.017578314739527798,5.0
0.004953004259128868,2.345472736368184
0.01198846343398946,0.05
0.008976097416663761,3.2740620310155077
0.015108852970790398,1.2905952976488246
0.017730967027185338,2.214232116058029
0.018712115342980215,5.0
0.02310103658498494,4.328939469734868
0.0037287121989832556,3.643021510755378
0.004235716034024367,5.0
0.0058983399904129485,0.05
0.0276784843927788,0.05
0.009139618418669462,3.5489244622311156
0.01616028229308912,5.0
0.009588216001820624,4.388369184592296
0.01484868055425527,2.5064282141070535
0.009577056188900299,4.987618809404703
0.007815996093989627,0.9340170085042523
0.008931453420076979,3.088344172086043
0.0035716921096932697,1.9443221610805406
0.015521190732730492,2.0706103051525764
0.005082148953963486,3.395397698849425
0.004797517803916143,4.853901950975488
0.009312157457692732,2.981865932966483
0.02002965959221048,4.3735117558779395
0.015774421802276298,1.862606303151576
0.0037985483105856255,4.2546523261630815
0.016968928786736948,1.1964982491245624
0.003237017667754985,1.862606303151576
0.02101103838730134,3.410255127563782
0.016554704457160785,1.8923211605802903
0.020219156474912,0.05
0.02482208529647152,1.2113556778389196
0.007489933215474462,0.05
0.013768727802614233,0.05
0.018825942655496294,5.0
0.01187589267109393,5.0
0.017032832810685475,0.05
0.0062051634666213384,5.0
0.029768960105589895,3.927788894447224
0.03579714096560796,3.7915957978989496
0.009333366900244916,2.10527763881941
0.01804378976747878,5.0
0.009622799954171063,1.6026013006503252
0.010748970714641398,1.3005002501250627
0.01035387039605798,2.778814407203602
0.013100846607716127,0.8943971985992998
0.022270310525238035,0.05
0.011449008038217773,5.0
0.019866843006199245,2.89272136068034
0.017895603759576773,1.7536518259129568
0.008936324796581643,2.724337168584292
0.016688123311705355,0.9315407703851927
0.0070067598277763765,4.89847423711856
0.007385776860675403,1.166783391695848
0.005129013541914626,1.483741870935468
0.012602986676759215,2.645097548774387
0.01364472189744187,0.05
0.008637514096018498,3.610830415207604
0.03739411481190692,1.6125062531265635
0.014562399525539171,1.1370685342671336
0.016444109112755123,0.8126813406703353
0.00762827812130383,2.4395697848924462
0.014658222550409744,0.7804902451225614
0.014264211535467586,1.9864182091045526
0.02610931594127156,4.675612806403202
0.013171996851807796,3.3681590795397702
0.027180015771082797,4.4626563281640825
0.020242672474771836,1.904702351175588
0.01194319721264786,2.645097548774387
0.02000014779420671,3.514257128564282
0.007404576405194929,2.5014757378689345
0.01389097741096755,2.746623311655828
0.012341742229279182,3.8807403701850927
0.010058069676762052,0.05
0.007439270423141117,1.961655827913957
0.025311007176780198,4.8959979989995
0.019542097366568312,2.4816658329164585
0.018232555986952143,3.511780890445223
0.020475850765221848,1.446598299149575
0.022692338137198467,0.05
0.013586414475188144,1.2014507253626814
0.015393418460244807,3.8559779889944976
0.0104293313056283,0.5947723861930967
0.020783576160631145,0.05
0.024611576759520262,1.8848924462231118
0.0072339552300561966,0.05
0.016689451452579634,4.891045522761381
0.006874803120562961,2.377663831915958
0.010508774088800688,3.0858679339669837
0.006001172750253553,1.2509754877438721
0.015262825223676071,4.858854427213607
0.018800605754730942,4.133316658329165
0.012446593239374137,2.011180590295148
0.01942687098016449,3.605877938969485
0.015141706279787046,0.05
0.017281827934985436,4.559229614807404
0.0036597667860943234,5.0
0.012662169793168837,4.356178089044523
0.014406204994901792,3.516733366683342
0.019059547201965538,5.0
0.0068940400032195814,2.2340420210105054
0.009211562534118686,1.0107803901950976
0.01355795295721042,3.759404702351176
0.01807677275152028,0.05
0.02020257041094596,3.3533016508254128
0.014382860337058267,1.773461730865433
0.01678193219006946,4.710280140070036
0.014030786127588443,2.989294647323662
0.02742018937089806,4.274462231115558
0.018772751053028475,0.4016258129064533
0.004963872983591869,1.2088794397198601
0.0040822984696350095,5.0
0.010581090578077268,1.7511755877938973
0.006093992591040584,2.9125312656328166
0.022200656727146398,4.346273136568285
0.0066237818470200605,3.078439219609805
0.003065591668763412,1.2608804402201101
0.019743441240941254,0.9884942471235619
0.006915553546687991,4.2150325162581295
0.010729560567455332,0.05
0.0076303208102807135,0.05
0.006136632940268824,1.2534517258629316
0.015188275018198673,2.815957978989495
0.010037684491190704,1.362406203101551
0.004986586643758242,5.0
0.006920517297521106,5.0
0.009676770004231464,1.9641320660330168
0.009907630760139965,2.0607053526763384
0.013586937048223127,4.851425712856429
0.022329840004363874,2.6327163581790898
0.012268227069793358,3.756928464232116
0.019019372159044756,1.1643071535767886
0.011167767242086082,0.6517258629314658
0.008596172867880433,5.0
0.005068760600390992,1.7288894447223613
0.015909428259210837,4.172936468234117
0.007405504008182587,3.2691095547773887
0.006510375756544798,4.200175087543772
0.0060400423499767375,2.167183591795898
0.015980347729951133,0.05
0.006546310493475385,5.0
0.007617508451096641,0.05
0.012154306663668513,2.3479489744872435
0.015455818619027645,2.4222361180590295
0.026436576149742166,3.4597798899449725
0.008190841587268918,3.586068034017009
0.014292203461011732,1.3475487743871937
0.012564667223576423,2.6649074537268636
0.0040162565035773146,2.6500500250125065
0.0137542885076882,5.0
0.0031649262166436876,5.0
0.01770636623304668,1.6546023011505755
0.022398204284126214,3.088344172086043
0.021290316054359243,0.05
0.016938201187907287,3.3433966983491747
0.012377044153892264,2.387568784392196
0.012561437093319486,2.531190595297649
0.008128078915116868,2.8531015507753876
0.016377334028348928,2.9075787893946976
0.009152363040782319,2.976913456728364
0.03051156571241033,1.0603051525762883
0.009521315277614892,3.994647323661831
0.0034982787749655853,1.1172586293146576
0.015980721920284685,2.7020510255127563
0.021429548360101816,2.4148074037018508
0.004747205382842387,0.40905452726363184
0.010832460555765935,1.3227863931965984
0.0130906736446528,4.588944472236118
0.015169490504835459,1.1048774387193598
0.04656830562423056,0.05
0.002501340620742476,2.6030015007503753
0.003884544709586671,3.756928464232116
0.024993509435199242,1.0726863431715858
0.014604188542005583,1.0107803901950976
0.004594844673282,0.05
0.032242166109146875,0.05
0.030030574642492314,0.7978239119559781
0.019488558228628827,4.007028514257129
0.005975692638423957,1.394597298649325
0.010795173373756156,2.5113806903451725
0.01666808853545658,0.05
0.014871273266856291,4.536943471735868
0.007637753200408229,5.0
0.024072627153149166,1.5035517758879442
0.012886533784121884,5.0
0.003809201741965307,1.3128814407203604
0.010645093918460607,2.919959979989995
0.010926719872031102,2.10527763881941
0.014868080196582617,1.1444972486243123
0.018952319794840904,3.3037768884442222
0.05093502819548313,2.5584292146073038
0.006969992936072242,0.7062031015507755
0.018779340335065287,2.8605302651325664
0.005965572163214916,4.1456978489244625
0.01623531527141825,1.9467983991996
0.010529767454378294,3.7074037018509256
0.015857117490103254,1.8923211605802903
0.02185220623714071,4.1556028014007005
0.016421864321831958,4.2249374687343675
0.024332927129581947,1.4589794897448727
0.010313447776768764,3.425112556278139
0.012772481774079927,4.009504752376189
0.014729132933623545,2.6970985492746373
0.010025888977958142,4.098649324662332
0.007688209019213785,4.437893946973487
0.018559488310625497,2.825862931465733
0.010231427298775131,5.0
0.01699851711618973,0.05
0.0033384883369552004,1.7115557778889448
0.013991005195338427,3.4399699849924965
0.007206346581090553,2.194422211105553
0.013297979877168756,3.7296898449224614
0.009486612924429677,3.863406703351676
0.017478559843299865,0.05
0.012069969648917822,1.961655827913957
0.022571366934116335,1.904702351175588
0.005472236265728778,1.6669834917458732
0.023846002843914207,0.05
0.01365377408395925,2.6847173586793396
0.005093766558537147,2.3999499749874937
0.031576365172468646,0.05
0.012702629710318547,4.871235617808905
0.007146235945129434,4.586468234117059
0.006282919552644511,1.1444972486243123
0.017465213178892033,1.6595547773886945
0.007681877406705992,1.399549774887444
0.05560413170190125,0.508104052026013
0.01615755423337463,2.8555777888944474
0.018110722206013147,1.0627813906953478
0.006881776490976418,4.980190095047524
0.02292352648778652,0.381815907953977
0.008086226589101367,0.05
0.030613602775976245,1.1222111055527766
0.018370886770020814,2.2290895447723864
0.0033780358773171926,3.742071035517759
0.011523470304886915,5.0
0.009648977930476768,3.8089294647323664
0.05457379548889698,0.41153076538269134
0.028443879842677003,3.1601550775387697
0.01675367208952082,5.0
0.0032584224920189225,1.2484992496248126
0.002600750840846766,5.0
0.004434943086204152,4.517133566783392
0.024552866730173435,1.619934967483742
0.024061014888810364,3.531590795397699
0.017296500864727102,3.0264382191095547
0.009945533289993758,5.0
0.03578283557725283,1.441645822911456
0.019760961240698052,0.05
0.019947065510641918,5.0
0.014217669072555505,4.626088044022011
0.01211611531755144,1.535742871435718
0.04159319322768085,4.024362181090546
0.011114989320065091,0.05
0.0139361899764565,3.4672086043021513
0.016448540563712755,5.0
0.004708166136335304,3.5538769384692346
0.00883136012943958,4.361130565282641
0.027253317033078137,0.9315407703851927
0.005029245868149471,0.8275387693846925
0.006368634116692584,2.801100550275138
0.011429312135180641,3.732166083041521
0.012562571269853218,3.9748374187093547
0.050214972524134,0.20105052526263134
0.013030821168965576,5.0
0.01538044681985748,5.0
0.01677975451939759,0.05
0.029441257827504563,1.7561280640320163
0.009484607831167627,4.997523761880941
0.008958112567426763,1.5332666333166585
0.00635358306886577,1.2806903451725864
0.01948508591511186,0.7978239119559781
0.02110296417622945,4.2150325162581295
0.005218100368924519,0.7582041020510256
0.013241683034118906,3.437493746873437
0.004819074097093132,1.7610805402701353
0.029092803318914964,1.6397448724362182
0.019713919658554235,1.4985992996498252
0.0160258170748607,0.05
0.015313576305427845,0.05
0.006222521597314054,3.0091045522761384
0.03207730394519444,2.0012756378189094
0.00986986124728527,5.0
0.016977958816717348,0.8968734367183593
0.008282790156036085,4.063981990995498
0.008020735881120275,5.0
0.014224878383437362,4.007028514257129
0.006521674322065019,3.135392696348174
0.019419750473727918,1.73631815907954
0.00597990152423547,2.9967233616808406
0.02695602547109792,4.180365182591296
0.024421867138839495,3.4176838419209608
0.011083713032715922,2.637668834417209
0.021427215742733693,2.1795647823911954
0.02788268720762431,3.6133066533266636
0.007274140384199143,1.5555527763881942
0.006806921379428191,5.0
0.008685031227721948,4.675612806403202
0.005673524324292953,3.8559779889944976
0.013202971248214082,0.05
0.009555158231093486,0.8820160080040021
0.008912515088880427,2.3603301650825412
0.02519016883813803,0.05
0.009052956574480048,1.2683091545772889
0.010838953561740097,2.4445222611305653
0.006822971032154526,3.47463731865933
0.012875741593632847,2.112706353176588
0.020722153825905087,3.1056778389194597
0.004628907184142578,3.9079789894947474
0.011833354224143944,3.2492996498249127
0.020245271517419006,3.0264382191095547
0.005314000118024367,2.271185592796398
0.01687180834007293,0.05
0.009547938826844612,3.4176838419209608
0.00872783247144042,0.6690595297648826
0.00963924516454713,1.9740370185092548
0.008564723139949146,2.011180590295148
0.013758231933418255,0.05
0.018425394583355043,0.05
0.018167086283783884,5.0
0.023270748598505045,1.7387943971985995
0.01375072995780241,1.5481240620310157
0.011503054959676753,1.6372686343171587
0.023931145633030226,0.6220110055027515
0.014098117172092153,2.3108054027013507
0.014774541887786985,4.613706853426714
0.003645209372550237,1.9368934467233618
0.013842829855341757,2.387568784392196
0.021358018388764957,5.0
0.003274712806227695,5.0
0.00844719336170996,1.619934967483742
0.027703791490041985,5.0
0.014621583360988774,3.2344422211105552
0.008591714232512468,2.2167083541770887
0.008746856776810003,1.9269884942471238
0.007275330443615599,0.42638819409704853
0.02734703076674669,2.6178589294647323
0.004033474940838597,1.8972736368184093
0.007456378554482571,3.2814907453726865
0.03919756526139194,0.05
0.01998708959776456,4.071410705352677
0.022425633660774227,2.130040020010005
0.006098576158826821,1.7066033016508255
0.014189526081846288,3.5662581290645323
0.00493483103048814,3.5291145572786395
0.014162572480220917,3.833691845922962
0.009164690019949906,5.0
0.016483728746579843,5.0
0.01676136982050118,2.5881440720360183
0.01396926844812052,1.3698349174587294
0.009570630628282228,0.9364932466233118
0.010576421967837119,0.05
0.01976878373262543,2.494047023511756
0.005701385163433811,1.5926963481740872
0.009779899182181098,2.6871935967983993
0.004589586089604206,1.815557778889445
0.040007864901053555,1.3128814407203604
0.013813786415011922,0.30505252626313156
0.012170557132448329,2.097848924462231
0.00971911074007735,2.637668834417209
0.02329181981653368,1.1890695347673839
0.008879576277896956,0.05
0.014968934200767933,0.05
0.004962321662434155,4.1357928964482245
0.02729284362852674,2.273661830915458
0.01519867072260106,5.0
0.006538326452722107,3.7940720360180094
0.006915268241706726,4.63351675837919
0.013610325991117,2.1523261630815407
0.008614067703606301,3.511780890445223
0.013260366897784703,1.8824162081040523
0.009912375917029384,0.8151575787893948
0.003717445947865619,1.572886443221611
0.00893045143786464,4.881140570285143
0.01647143923647798,0.05
0.009906790855913228,4.163031515757879
0.014131706964469332,1.7387943971985995
0.022995106019863293,5.0
0.009037028395894944,5.0
0.010653201783052416,5.0
0.017248244830373835,3.5439719859929966
0.037688061859888725,1.872511255627814
0.01186776784982034,4.289319659829915
0.005817895292588762,1.0652576288144073
0.004596099269061266,2.4296648324162082
0.02130332559202036,2.1795647823911954
0.0174767921398971,0.9414457228614308
0.01144909743995541,0.05
0.01745345472205942,0.6542021010505253
0.00904433738496263,1.7016508254127065
0.011427446800301763,1.2262131065532769
0.01501640492495393,0.05
0.0038515883946026452,0.05
0.019776521917928766,2.57823911955978
0.040495416473289095,2.2687093546773385
0.030871964891117668,0.05
0.009678321746255339,1.1989744872436219
0.018129633461463984,2.8431965982991496
0.014920260955381695,4.970285142571286
0.011895328225318275,4.928189094547274
0.005036273051745255,4.910855427713857
0.016675038407043596,4.2348424212106055
0.005895809597689164,4.42303651825913
0.005874821629989771,1.05040020010005
0.00670978984933053,4.007028514257129
0.01706783017889163,1.493646823411706
0.01593401281176246,5.0
0.005989028492936352,2.3949974987493747
0.012164210553490304,4.730090045022512
0.005510959387088829,1.941845922961481
0.011958475306367122,0.5601050525262632
0.008449902797363434,3.667783891945973
0.017113739798666983,3.58111555777889
0.010956304647098652,1.4119309654827414
0.012413238875450108,3.3582541270635318
0.00558276879427301,4.467608804402201
0.019112913434512102,0.05
0.012787460393304362,3.9129314657328664
0.02436940123781084,0.8374437218609306
0.02171485054997062,3.3929214607303653
0.005913663604756106,3.989694847423712
0.015120995781435345,1.1742121060530266
0.019787991573818914,4.2249374687343675
0.020898361051683814,1.6818409204602303
0.009296506176794728,0.05
0.007594442932585932,0.05
0.006830049614031469,4.014457228614307
0.008984322080505716,2.281090545272636
0.005867255102417243,0.05
0.011597678892157987,1.2584042021010506
0.018015982110864956,1.689269634817409
0.031370991615865144,3.846073036518259
0.018921993288118347,0.9463981990995499
0.02110631408499826,1.087543771885943
0.015622117736724575,3.509304652326163
0.04532405384914209,0.05
0.02620695193573823,3.769309654827414
0.006825427263470726,1.325262631315658
0.009266531373962536,3.1799649824912457
0.005101457806680129,3.531590795397699
0.004558928508435964,0.05
0.01013354078040983,2.546048024012006
0.00579253712148918,1.1841170585292649
0.005148322417278722,5.0
0.012112479491653644,1.52583791895948
0.00833876253650051,2.184517258629315
0.009817657568970822,2.863006503251626
0.026379976807658218,2.167183591795898
0.006664967020866788,1.3277388694347174
0.027129996659080474,1.652126063031516
0.009501042916506497,3.704927463731866
0.010296113791721767,0.05
0.00836143254844611,1.9220360180090048
0.0310403316372211,2.8531015507753876
0.010344840721592738,4.3834167083541775
0.01917991592223213,4.834092046023012
0.016302660698715304,0.05
0.027445844706315628,1.9467983991996
0.008577981613156788,5.0
0.016621020876149653,1.5109804902451227
0.021165700812161223,3.831215607803902
0.023321288948788016,1.2163081540770386
0.019334847435060483,4.9356178089044525
0.013629135695963163,3.2814907453726865
0.013936802801186185,5.0
0.010882981110814913,3.3755877938969485
0.01413955318099118,3.0016758379189596
0.01148474064213316,4.219984992496248
0.007532081840880903,3.620735367683842
0.013855950497464839,1.7115557778889448
0.014029003176649013,4.744947473736869
0.004284590415446113,1.1791645822911456
0.004735295458007299,2.0904202101050524
0.01023825847927358,5.0
0.01002562786295337,4.338844422211106
0.009995635602390057,2.5856678339169585
0.012172836144664662,0.9241120560280142
0.021243188834153617,0.05
0.016274287310952595,0.3075287643821911
0.008394847914717396,3.6083541770885446
0.008582493352165876,0.05
0.01006435479375338,2.2266133066533267
0.007897389205002187,2.4247123561780892
0.005940739826837058,2.7565282641320663
0.010083562430361986,2.4643321660830417
0.015412933639321252,3.2864432216108055
0.019411579654018435,2.2389944972486244
0.00785882914013103,4.31903451725863
0.018493284478653033,4.432941470735368
0.009932864125487426,5.0
0.010507576323052742,2.199374687343672
0.00827803473644377,1.9368934467233618
0.015543050727518354,1.1271635817908956
0.014079548383331017,3.514257128564282
0.017773238537329067,1.5827913956978492
0.002316796551365602,1.904702351175588
0.021304982352537263,3.2641570785392697
0.010523209805904682,1.5382191095547775
0.006791903692274948,2.8654827413706854
0.01567085920003153,4.341320660330165
0.014756573892591232,5.0
0.01556533000484675,1.2534517258629316
0.008576665916052384,3.3235867933966983
0.02209191413373178,5.0
0.012804880974778485,0.8622061030515259
0.00952624542833061,0.9761130565282643
0.008637382671329047,1.5555527763881942
0.009225427630863203,2.5930965482741373
0.01166650212893551,5.0
0.01195676673027496,1.2806903451725864
0.006035925978578854,2.9595797898949474
0.0029781957647208868,5.0
0.006334428522578525,1.493646823411706
0.01502259148764723,2.251375687843922
0.015410121960679896,4.977713856928465
0.005729707209446544,4.888569284642322
0.009834930245531365,1.8898449224612308
0.02374449669667994,4.2546523261630815
0.010120943923172018,3.600925462731366
0.006716301509774425,2.6896698349174586
0.01808320402021213,0.05
0.013349620891452418,1.7387943971985995
0.014330583467023594,1.1494497248624314
0.00527545405960371,1.8824162081040523
0.04048358736523613,1.441645822911456
0.009788895088535504,5.0
0.010740784706594689,4.430465232616308
0.021351901565786716,3.9129314657328664
0.01211998267388173,0.05
0.0039796145280526635,4.195222611305653
0.009998023791009898,0.05
0.03269498845700195,1.6323161580790397
0.03978132182286319,3.3607303651825915
0.006519796447500448,4.358654327163582
0.018174881870793663,0.05
0.017402208114329423,0.1663831915957979
0.0067934948078296475,1.1692596298149076
0.024514674095352573,0.05
0.012658226587311111,2.184517258629315
0.02348439286932312,2.778814407203602
0.013991156420498058,0.9463981990995499
0.005843445446821902,2.120135067533767
0.018250852532383705,4.2348424212106055
0.007325502234407297,1.941845922961481
0.005123561075008193,5.0
0.005894404787972471,3.1873936968484244
0.02049411192134895,0.05
0.00582060945557919,2.8382441220610306
0.04596456108027678,4.645897948974487
0.011500653814569814,2.716908454227114
0.016407632689137683,1.9294647323661833
0.022600629125578045,0.4387693846923462
0.0033934020675220194,1.4267883941970987
0.007230514509772204,0.05
0.013263306352699442,0.05
0.005985026165279211,1.857653826913457
0.010578992484688729,1.820510255127564
0.0065109998187399265,5.0
0.009530151125583794,1.562981490745373
0.01213368324378819,0.11685842921460732
0.013652363885395924,4.286843421710856
0.007076270319845465,0.6962981490745374
0.005803902783157469,4.049124562281141
0.01023569837514414,0.05
0.013982796703094283,4.638469234617309
0.03948648086551282,0.05
0.011016465174502027,4.036743371685843
0.007801525091777589,3.7222611305652826
0.023237375375125213,4.9455227613806905
0.004858336819463696,3.1824412206103054
0.004575004444936415,5.0
0.019867615372227643,2.298424212106053
0.027850817511755166,0.9860180090045024
0.014777483781747258,0.6962981490745374
0.007963102290872312,4.249699849924963
0.006538481343729904,2.3157578789394697
0.007720307577143412,1.2212606303151576
0.013501244178765096,3.583591795897949
0.012206984650196512,4.120935467733867
0.010843001645571615,1.4317408704352177
0.0154708829384953,3.610830415207604
0.007061174493582137,1.4243121560780392
0.017052254128711516,2.7911955977988994
0.019476546111977966,3.920360180090045
0.023920252106070267,1.446598299149575
0.03243360810771306,0.05
0.013177191405935207,4.593896948474238
0.021214604803965212,1.7338419209604805
0.009730042864356983,4.170460230115058
0.004267110143296407,2.1473736868434217
0.016609020039215952,0.05
0.01010597828743827,0.05
0.030991622367332272,2.6005252626313156
0.012448825669160501,4.259604802401201
0.002946126936980084,2.7738619309654826
0.018062491388862845,0.05
0.005374622711612695,1.1890695347673839
0.00418558662687854,4.153126563281641
0.02485738677084262,5.0
0.007793585238689851,4.551800900450226
0.006562738837769047,3.516733366683342
0.008210961497646663,2.989294647323662
0.01214209450628495,4.361130565282641
0.00927411012560922,0.8547773886943473
0.01093325332410755,2.167183591795898
0.018180514915900267,2.9026263131565786
0.021031602997396828,1.5283141570785395
0.008670710268729592,1.7982241120560283
0.013498286228705303,5.0
0.015214854720283277,4.1556028014007005
0.009060194408286135,3.9030265132566284
0.0188523698932985,2.3603301650825412
0.020031026265974416,2.5584292146073038
0.0263239219302729,4.150650325162582
0.007291212112678566,5.0
0.02160636659795076,5.0
0.007065732827670854,0.05
0.007812159762478177,5.0
0.014497456235056994,2.637668834417209
0.014848769935692618,2.3429964982491245
0.0019196378662629937,4.281890945472736
0.00798636184725271,4.683041520760381
0.024999895698899932,3.115582791395698
0.020691117331906886,1.2336418209104554
0.02133198914811041,0.05
0.01937871452247207,0.05
0.0037773450042750123,2.4965232616308155
0.0037298530740264013,2.4841420710355178
0.01221266937324103,4.435417708854428
0.013988197033033542,0.7780140070035019
0.029851081776343963,0.05
0.008747983559599798,2.2117558779389697
0.006118964227260298,3.7197848924462233
0.025604201292082504,0.3001000500250125
0.026654744484521667,0.05
0.01713263807491601,1.2806903451725864
0.003532510329384328,3.558829414707354
0.020426309841654902,4.650850425212607
0.02090224668674219,2.3801400700350177
0.006831355224237223,3.0165332666333167
0.005373159045024098,3.927788894447224
0.012358710464904901,2.278614307153577
0.012211184557663998,4.851425712856429
0.012476648632571141,1.5060280140070037
0.013226052821132511,4.920760380190095
0.021850893610255412,4.1357928964482245
0.007212064213889799,1.4267883941970987
0.015731803909332834,1.1593546773386694
0.018762859923638575,4.566658329164582
0.008391009216129397,0.05
0.006779911752219828,0.9662081040520262
0.006079047503487353,0.05
0.028258790095275446,4.9554277138569285
0.042096285837649045,1.1098299149574788
0.006736332369322043,2.583191595797899
0.008587601432872016,2.184517258629315
0.01641571269446683,0.05
0.015003680236177583,0.9736368184092047
0.00709610954623692,2.719384692346173
0.009465871620973607,0.05
0.018874648947184977,2.7490995497748876
0.021905467923852465,1.8898449224612308
0.009945633127043066,1.9591795897948976
0.014492780067850847,4.3933216608304155
0.01127518355866676,3.52663831915958
0.010565217564678486,3.957503751875938
0.008672092424120814,4.920760380190095
0.009518339065403322,0.05
0.0032274638622989266,5.0
0.017986230186728167,1.6645072536268135
0.017975791311982306,1.0801150575287646
0.022796873671243195,0.05
0.021045241355689137,5.0
0.011732145388171522,2.4816658329164585
0.004866842873741659,2.6005252626313156
0.008380768574143008,2.9917708854427216
0.01185730451209012,0.49324662331165586
0.008373016115318627,0.05
0.020488196831187258,1.3079289644822414
0.00975855279117653,0.05
0.01416043654222314,1.4985992996498252
0.006569200605310174,1.7561280640320163
0.007571640769881663,2.0755627813906954
0.023543281724357767,0.05
0.0147393864100476,2.1424212106053027
0.014894577573836179,0.9364932466233118
0.015487187014953205,5.0
0.0075146945733793324,0.05
0.0027458747448349946,0.05
0.007176984047370993,5.0
0.02248860928271547,3.0982491245622814
0.0040628597960940815,2.4222361180590295
0.008452882041866144,0.05
0.013390851181951588,4.482466233116559
0.014473692794560275,2.8481490745372686
0.020665514463125256,5.0
0.00344931830143147,1.8180340170085045
0.012850758347466226,2.9422461230615307
0.010052714145704314,2.377663831915958
0.017643126122600966,5.0
0.008675081353781172,1.7115557778889448
0.005414971130867488,3.8931215607803904
0.015801383903459046,1.9814657328664333
0.010074657541914916,5.0
0.0020635495818053795,2.974437218609305
0.004957131919516869,2.4445222611305653
0.007860367412519054,4.675612806403202
0.005672493270390377,1.5852676338169087
0.02293906842375018,3.5241620810405205
0.005500269808004901,5.0
0.012198215521180389,0.05
0.01742665401683502,2.89272136068034
0.008531287411035482,3.224537268634317
0.027763336680132047,2.863006503251626
0.012351506418465483,4.247223611805903
0.010550336594524298,0.834967483741871
0.006133250426588285,1.5976488244122062
0.013460963071331045,2.910055027513757
0.01089311704169564,5.0
0.029956072019005686,1.8551775887943973
0.006126533172679485,1.9492746373186596
0.01735576750845988,0.05
0.0190663911391189,4.348749374687344
0.011132814891933712,3.125487743871936
0.014580485824982836,1.493646823411706
0.004133882200809624,2.803576788394197
0.018919018630002574,2.657478739369685
0.0033627522908193097,3.7074037018509256
0.024368805972478702,0.2654327163581791
0.016402377239021007,4.2348424212106055
0.011466266878028514,0.05
0.005242389206548431,3.57863931965983
0.011965633486624008,2.021085542771386
0.01890744707778222,0.05
0.010236881460360323,3.4969234617308658
0.006031291237370007,5.0
0.017248627328164887,2.4544272136068033
0.016372449345597728,3.3334917458729367
0.019213114237143822,3.5439719859929966
0.019894542161394607,4.938094047023512
0.016389508605962375,4.596373186593297
0.003747189621145841,5.0
0.006212389695080561,4.697898949474737
0.01387322148175954,3.868359179589795
0.0144852585467624,2.1325162581290646
0.010661523276825804,2.887768884442221
0.014036978499832223,0.05
0.003682379032032848,2.986818409204602
0.012640705809648003,5.0
0.023747566907141762,2.006228114057029
0.009261337364738498,1.8923211605802903
0.009522016299225514,2.9224362181090546
0.018521407759892083,1.0603051525762883
0.02715253754983392,2.5014757378689345
0.009438294409487777,3.9723611805902954
0.007752058402905812,0.05
0.02936222945213672,3.0809154577288647
0.016628047962667272,4.987618809404703
0.028049058458138917,0.9092546273136569
0.0069708985932144946,2.6748124062031016
0.003479745759078473,2.177088544272136
0.016885346514193586,2.4742371185592797
0.01898021510503889,2.6822411205602803
0.008467599177005097,3.056153076538269
0.017080714975347355,5.0
0.02323372925782563,4.52703851925963
0.005544698504503412,3.430065032516258
0.008966242967353766,5.0
0.014702262001050959,1.1147823911955979
0.016074070648466013,2.4791895947973988
0.004594232279593588,1.9393696848424213
0.030000765096427462,0.05
0.01920964259743972,2.4098549274637318
0.011471970585261088,1.7140320160080043
0.007198198833123115,1.0702101050525263
0.006876332208630084,2.89272136068034
0.008868944570627618,2.045847923961981
0.011579572558709991,0.05
0.008878448675648846,3.905502751375688
0.014057376672933955,1.493646823411706
0.015604566094278155,1.4020260130065034
0.011003460443281099,3.26168084042021
0.013435351340553417,0.05
0.015041154274696891,2.8803401700850424
0.011134180308819672,0.05
0.005274831436161351,5.0
0.007975154498141138,0.05
0.01749302563902423,1.7709854927463733
0.017549721304211535,1.1321160580290146
0.009062369419950173,1.657078539269635
0.011541448671574847,5.0
0.005856970533646727,3.5241620810405205
0.0127271985287178,0.7854427213606805
0.006809097638223363,3.4399699849924965
0.021271320717644107,3.754452226113057
0.007718759412211909,2.0656578289144574
0.012034675046145221,4.138269134567284
0.022105303271011317,0.05
0.008293933467169987,4.009504752376189
0.01818058940150688,5.0
0.021871396951882005,2.125087543771886
0.017665064897390254,3.8609304652326166
0.027682272964511784,4.242271135567784
0.0099461772105503,2.897673836918459
0.009633562567729612,3.415207603801901
0.014436295590275691,3.652926463231616
0.03018032553222158,1.0974487243621813
0.028502850488833907,0.9761130565282643
0.005667845346466915,4.148174087043522
0.012254727237261995,2.662431215607804
0.017591869564942034,1.57783891945973
0.010390235241900247,5.0
0.01779588092074938,1.909654827413707
0.006576059160621595,1.3277388694347174
0.010525870150870961,2.4445222611305653
0.010889991084502143,3.145297648824412
0.01314523794467301,1.8403201600800403
0.008264851853297978,2.2488994497248624
0.02256687591427438,3.447398699349675
0.011057505296756795,1.2286893446723364
0.010990304135711462,2.276138069034517
0.03446988793094566,0.05
0.007337152196533303,5.0
0.00815887153711796,0.05
0.004549422861940683,1.2336418209104554
0.01614030141674215,1.4218359179589797
0.021644661330579643,1.0850675337668836
0.008547311880072614,5.0
0.007994318531847497,4.378464232116058
0.002243120222736178,1.9765132566283143
0.017562666103811048,2.971960980490245
0.011882016053740188,3.335967983991996
0.02220912763519195,2.890245122561281
0.007352945028530594,4.7969484742371185
0.009833749998246294,0.7136318159079541
0.007406791844818364,3.558829414707354
0.011048855679765171,2.0532766383191596
0.014803694071056223,4.326463231615808
0.01411864014583647,2.783766883441721
0.010449862181715688,2.531190595297649
0.013115377610935744,0.8176338169084544
0.01550366240390165,0.05
0.007876457917896762,0.05
0.017374213076658096,2.013656828414207
0.01806807877540985,4.536943471735868
0.01424898060030251,0.9637318659329666
0.07571294300633237,0.5551525762881442
0.010009638289518397,1.983941970985493
0.021019028827410302,4.658279139569785
0.007838661033811978,4.678089044522261
0.005518185218390009,4.489894947473737
0.013398904006846873,3.68511755877939
0.02187102336263043,0.05
0.010115702782495323,2.377663831915958
0.00626347909281981,3.7990245122561284
0.0066236784208472815,0.05
0.024137352238068843,0.05
0.011762963856365008,3.0759629814907457
0.027541646930616046,3.4919709854927463
0.011768506127565734,0.3322911455727864
0.020953209617306207,0.5799149574787394
0.017382673096421566,1.6645072536268135
0.021188294984149217,3.3334917458729367
0.03443700058567843,1.1073536768384193
0.013407201999704743,0.05
0.006875911484310826,3.4176838419209608
0.009583636059507461,2.815957978989495
0.01190802688630968,0.30257628814407206
0.006767937680780725,2.7391945972986496
0.013169449328814156,5.0
0.013778907101814022,1.283166583291646
0.012721447641912853,4.296748374187094
0.009082668002394129,1.5431715857928967
0.0067692576665956405,2.4593796898449227
0.005428379158091426,2.4346173086543272
0.011601571274972869,1.1370685342671336
0.012469045409695123,4.202651325662831
0.029280481814294296,4.200175087543772
0.01289071871775517,0.7606803401700851
0.017966750787139815,1.73631815907954
0.011141808715756388,0.05
0.015436282185309944,2.746623311655828
0.015080645496037465,3.1230115057528764
0.014174930612236361,5.0
0.015515019132777974,5.0
0.021961983279027514,4.73751875937969
0.01930075255825396,5.0
0.00743779604350725,1.0751625812906456
0.0256460160659355,0.05
0.009464853847486257,3.3136818409204603
0.004349030907291648,2.1746123061530764
0.023533001488132158,0.05
0.023080811442499002,3.2344422211105552
0.03023604299686443,5.0
0.01232340364264152,3.925312656328164
0.01139015092884492,0.05
0.019168517419900236,4.923236618309155
0.026193628216601844,1.783366683341671
0.014988370036956383,1.6719359679839922
0.017092035182457527,2.986818409204602
0.003942786617755961,3.073486743371686
0.02204350562845961,3.920360180090045
0.005224103653115167,0.05
0.010721882986620704,1.857653826913457
0.013840724314954173,3.1972986493246625
0.016712855032494756,1.1494497248624314
0.007938756873037342,2.652526263131566
0.009063199510118677,3.3780640320160082
0.018872993988844566,4.494847423711856
0.02076186447329425,1.993846923461731
0.007716524784017964,1.8848924462231118
0.007905810513370276,5.0
0.010385749696260521,1.05040020010005
0.007458228972704609,3.583591795897949
0.01480741624763185,2.3974737368684345
0.010167831455724738,3.9129314657328664
0.006756266097492358,3.568734367183592
0.007817174643974023,3.0140570285142574
0.019714158725478464,4.3933216608304155
0.008013927231218979,0.05
0.005402723790657954,3.2592046023011507
0.007214756655289714,5.0
0.03578348568981361,2.662431215607804
0.012365655434003475,1.0677338669334668
0.021843310890423018,4.913331665832917
0.02737117640105116,1.203926963481741
0.01874811428979009,1.3277388694347174
0.009076754098491749,4.655802901450725
0.008787164497491354,1.8130815407703853
0.008839174047194531,5.0
0.03900874705295569,0.05
0.006758261793863823,2.0854677338669334
0.009429864729132001,5.0
0.011474257202852556,4.509704852426213
0.0182491457931592,4.564182091045523
0.007050301289444796,3.699974987493747
0.017885814960187596,0.792871435717859
0.011118501848942933,5.0
0.009654707093014525,3.9079789894947474
0.018109947315853234,0.05
0.010729591239180075,1.7808904452226115
0.008623666659170567,0.05
0.009603704554381712,4.083791895947974
0.02938844500035881,0.8275387693846925
0.011722979100421832,2.825862931465733
0.005275660013473099,1.4565032516258132
0.004633820201662878,4.925712856428214
0.026798728619048695,0.05
0.022001098307125086,4.52703851925963
0.010050945284501511,1.830415207603802
0.017472172380234685,4.524562281140571
0.010770725042592383,1.3698349174587294
0.00529499740209774,1.4342171085542774
0.00922961583918136,4.811805902951476
0.01658826466280608,1.9344172086043023
0.011201397713186304,5.0
0.01596242371134661,4.477513756878439
0.005779512642084456,1.3549774887443724
0.018761814829844167,1.8502251125562783
0.017928946339436855,3.088344172086043
0.015406685855826982,4.8860930465232615
0.018158709378689727,0.05
0.046006176544602234,1.124687343671836
0.013868973891918684,4.447798899449725
0.024474184028084614,1.2856428214107054
0.011703479270785563,3.99959979989995
0.020932243652700327,0.05
0.008744430933707137,0.05
0.017520826723466554,5.0
0.005492257575280643,5.0
0.005785454984685065,3.858454227113557
0.019779894938223533,1.278214107053527
0.010765196371515462,2.3330915457728865
0.025079052850144334,1.6793646823411708
0.008260770621076358,0.05
0.021238716885005754,1.1568784392196099
0.018689507183866708,1.2336418209104554
0.017847147398631233,2.9125312656328166
0.010532074272944086,0.05
0.011099929066613237,5.0
0.005268265040314635,3.0190095047523764
0.016599366682999495,1.5827913956978492
0.016343343295249946,4.281890945472736
0.01942617838115858,0.05
0.012520687166755556,3.2715857928964485
0.009908744610539116,3.4325412706353178
0.014829437825715705,3.4399699849924965
0.012537380610979434,1.7066033016508255
0.012118919931686498,2.5807153576788395
0.0034103602437091235,4.413131565782892
0.011498781023189908,0.7284892446223112
0.0019993623203948957,2.6649074537268636
0.007187386029779488,4.413131565782892
0.029230372120343406,1.619934967483742
0.035406665552385086,1.0900200100050026
0.004743316009863288,3.395397698849425
0.0116281176573515,1.0603051525762883
0.0326635115781205,1.1841170585292649
0.011289597793963296,0.05
0.012950023296594629,3.942646323161581
0.022756908880714743,4.450275137568784
0.012128976055067936,0.05
0.015412391794756397,5.0
0.009561816390732322,1.793271635817909
0.016673798479178714,4.26703351675838
0.017193164236739694,3.167583791895948
0.011630938886436695,0.05
0.009256588135371835,0.05
0.013555236139403834,0.05
0.024729796260408915,4.928189094547274
0.00881494118005946,1.793271635817909
0.02492970100300969,1.0578289144572288
0.022365504572511297,4.180365182591296
0.019130556998801562,2.716908454227114
0.007397571877332948,1.0974487243621813
0.01405662152752532,3.1329164582291145
0.01488576063710395,0.05
0.003719661917043246,0.05
0.040308825676813806,0.05
0.013910521012727398,3.952551275637819
0.02305154858183743,1.203926963481741
0.020522047166294993,0.05
0.016060429893126102,0.8225862931465734
0.014309790120430918,5.0
0.009426181404649042,1.3450725362681342
0.017657498395698648,1.0578289144572288
0.01742546841410203,2.984342171085543
0.014488494330522766,1.8106053026513258
0.01646119111980375,3.831215607803902
0.02225043750132563,2.5212856428214105
0.004092412210937382,1.9393696848424213
0.023220652097946992,1.8650825412706356
0.015332332719644168,2.5237618809404703
0.0056961352390446085,2.1226113056528266
0.011521072980812883,0.6170585292646324
0.004492214973280215,3.5514007003501753
0.005029065623367579,0.05
0.00920514849654036,2.5064282141070535
0.039622783434181394,1.4267883941970987
0.0068772977414560815,3.9550275137568787
0.01377074545272855,2.825862931465733
0.00557961511928097,2.2959479739869937
0.014818017352780072,0.05
0.020916725845835496,5.0
0.039608629875338905,0.05
0.01899198640199498,0.461055527763882
0.0146669475611481,1.1370685342671336
0.013239318340857856,3.073486743371686
0.016365961027695317,5.0
0.014853594014415175,1.2187843921960981
0.001602036462313508,4.232366183091546
0.027907005894072023,1.0528764382191096
0.005969462734624065,1.2658329164582294
0.005433149417098784,2.5064282141070535
0.01933527923581592,3.5291145572786395
0.01897570277253076,4.0862681340670335
0.016502253480068396,2.4073786893446725
0.013158436690692499,2.357853926963482
0.012989894170874358,3.7296898449224614
0.022564815489513,3.390445222611306
0.013324537865847239,0.05
0.011275346686701243,4.31903451725863
0.0074684929915685705,2.2290895447723864
0.023747971932360265,1.493646823411706
0.010280519318885434,2.26128064032016
0.016150959859781683,4.8761880940470235
0.016213866344190614,3.8188344172086044
0.03781539316277793,3.9451225612806406
0.005186222228997783,5.0
0.008188498407967551,2.3306153076538267
0.016361485127013936,1.835367683841921
0.008484032458603158,2.8704352176088044
0.010203310899404655,4.908379189594798
0.028528618401947273,0.05
0.010207947200198478,5.0
0.01170721417185061,4.222461230615308
0.011154784425461736,1.746223111555778
0.011454575602677444,1.6422211105552778
0.01759191649777496,3.0264382191095547
0.014068862595026335,2.7070035017508753
0.03180943722371481,1.310405202601301
0.012313211384471251,5.0
0.00973884413632943,4.774662331165583
0.003710874466337083,2.647573786893447
0.015766281299795876,0.3149574787393697
0.035278677985883106,2.3652826413206602
0.019279721808799638,4.502276138069035
0.0029622783070339664,1.919559779889945
0.03185313087418987,1.9344172086043023
0.01885564244170687,2.1597548774387194
0.01749007037691923,4.826663331665833
0.011820990159963587,3.504352176088044
0.01206778490923889,4.725137568784392
0.011178985271333972,2.6079539769884943
0.020329327649221726,4.611230615307654
0.009514951019761589,5.0
0.005420325980533353,1.4193596798399202
0.011734623683739745,4.217508754377189
0.015461507901923646,1.1098299149574788
0.015312407031890282,0.05
0.02249820702555254,5.0
0.023463936596482188,3.7148324162081043
0.007780613491340849,4.648374187093547
0.013492568144344963,1.7759379689844925
0.011058625776499284,1.3475487743871937
0.007751568053979779,2.5955727863931966
0.014584935859670384,4.484942471235618
0.012755983591471107,1.8898449224612308
0.04344452624663728,0.05
0.004114447753369194,5.0
0.005294991575037905,4.534467233616809
0.0055333402746374355,0.05
0.011863057771829721,4.026838419209605
0.010697950920439403,1.6546023011505755
0.008954172529612003,5.0
0.010053066083955661,4.559229614807404
0.023424610925980957,4.789519759879941
0.029198356931817368,1.3178339169584794
0.005055536273940328,5.0
0.01787666225180691,2.6822411205602803
0.008539756155370282,1.7982241120560283
0.007476252020691285,1.7140320160080043
0.005361222114481992,1.3302151075537771
0.011941859820358836,3.061105552776388
0.012252533708573987,3.321110555277639
0.0038665754522344276,2.872911455727864
0.0035069290838633665,3.1007253626813407
0.0070639534207002225,3.5192096048024015
0.006330622294503041,1.956703351675838
0.011445353172405415,3.5514007003501753
0.01954467550445932,4.811805902951476
0.01636713979160634,1.5926963481740872
0.022137768740649058,5.0
0.006982212861910614,2.3974737368684345
0.014075895339248495,2.018609304652326
0.004368022612341052,2.801100550275138
0.019970645669868697,0.9290645322661332
0.021222415318829596,0.05
0.030643488477295942,3.5538769384692346
0.01671962115438977,4.68551775887944
0.007684647609516551,2.4296648324162082
0.00868668216540984,0.7408704352176089
0.01208235958123069,1.6744122061030517
0.017079408463496357,4.1655077538769385
0.008008002584197024,1.8106053026513258
0.009438631719291254,2.120135067533767
0.026284608249581953,1.4738369184592297
0.0270208173351998,0.8547773886943473
0.021256785635010655,3.3755877938969485
0.012987245578162596,0.7359179589794899
0.008920673483621008,4.437893946973487
0.010223745348000302,3.2666333166583295
0.014737489131214754,0.05
0.002191171626886007,0.05
0.005736750719017247,1.699174587293647
0.024740434460770094,0.05
0.013183471561045379,0.05
0.008349741545225678,2.8233866933466736
0.011354666708942251,2.724337168584292
0.021220847192403983,5.0
0.02081589581118881,4.720185092546274
0.009512035082332879,4.732566283141571
0.008667506514518655,1.862606303151576
0.02590505849696463,1.0652576288144073
0.013146162239963816,2.9026263131565786
0.04284103754753368,2.583191595797899
0.007855623549594029,5.0
0.016978684155773083,0.7185842921460731
0.01298357247848729,0.05
0.030416863019441312,1.7387943971985995
0.0066106486081280585,0.05
0.012506780525252406,2.5435717858929467
0.006803635478673423,1.6347923961980992
0.010105160000649677,1.3822161080540272
0.008570056196543135,1.1791645822911456
0.011774854297130044,0.05
0.0041197927684442776,1.399549774887444
0.03231827859007109,1.746223111555778
0.00969052535101353,1.9467983991996
0.015119639918214273,0.05
0.02093405628249724,5.0
0.004783445423658897,4.061505752876438
0.0441462203753106,0.05
0.012914840930390581,2.476713356678339
0.01230810117069317,0.9414457228614308
0.019687005034020794,2.984342171085543
0.013930573311402544,2.5089044522261132
0.006656199405562155,4.42551275637819
0.009448623317464142,3.1700600300150077
0.004328247781177463,1.614982491245623
0.016640406641203323,2.0433716858429216
0.004959435000007312,5.0
0.014790819231769003,4.435417708854428
0.014063186999517224,3.5241620810405205
0.01647156584296805,1.899749874937469
0.008411815064837985,1.8749874937468736
0.030593213907473493,0.05
0.020184431059720426,0.6121060530265133
0.005370997797491284,1.9368934467233618
0.01718668123164449,4.536943471735868
0.02583004265061739,3.5414957478739373
0.006440628251805164,1.5283141570785395
0.00736334130968587,4.408179089544773
0.010018576880877414,3.504352176088044
0.010542827589750864,1.2757378689344674
0.02686113657374889,1.6075537768884445
0.007045359648508123,3.1279639819909955
0.011228052352337398,1.52583791895948
0.020711475754951747,1.283166583291646
0.01943055627638307,2.092896448224112
0.010227091238549438,5.0
0.0038062608986870194,1.3599299649824914
0.006294085836133445,4.497323661830916
0.015391871010630942,1.1098299149574788
0.007611672873376232,1.2881190595297651
0.006279243169155971,3.3879689844922463
0.012117544561280474,2.6822411205602803
0.011771056338088351,2.5138569284642323
0.015703554626952346,1.3079289644822414
0.01229759388949049,3.42016008004002
0.012541057333753783,2.377663831915958
0.014931869499773945,4.42551275637819
0.015420090386636207,3.727213606803402
0.004412004866800573,5.0
0.0182066435482951,3.647973986993497
0.017416831736062413,5.0
0.012574985678891842,3.9451225612806406
0.009797154135183408,3.57863931965983
0.012044941136803156,2.863006503251626
0.03098648641549198,1.166783391695848
0.015776792012461016,1.8799399699849928
0.02013016850943361,2.023561780890445
0.01460540845887881,2.476713356678339
0.005868433700540507,4.551800900450226
0.00962355177961563,1.0999249624812408
0.0071362156133858295,2.6178589294647323
0.006212578847902939,0.05
0.021033460281165137,1.2336418209104554
0.011496817026838857,1.3079289644822414
0.012577876318479259,2.8184342171085546
0.030398888574485486,1.9913706853426716
0.006173911583026576,0.05
0.009368940342045842,2.0508004002001
0.004490169316819101,3.8856928464232117
0.01812752644497763,2.9447223611805904
0.008608266436832088,5.0
0.009911910554133152,2.0755627813906954
0.012363727064635982,0.05
0.02208979940999782,0.708679339669835
0.013826238498605176,1.1222111055527766
0.010208891372475729,4.380940470235117
0.016910578530129367,1.614982491245623
0.005607246245663083,2.3009004502251127
0.014560308834577027,2.0285142571285646
0.024093044289464363,0.6715357678839421
0.037337557593951284,2.811005502751376
0.010182523543109376,5.0
0.012072063846395475,1.5753626813406705
0.010835195063834097,0.05
0.01145662975962125,0.914207103551776
0.012483296026430946,0.05
0.008839968262680034,2.1795647823911954
0.006790494944293693,2.4965232616308155
0.022039873494491644,0.05
0.0184779621417194,3.5662581290645323
0.008312759199036096,3.9773136568284144
0.002317719620659686,5.0
0.010164380078160132,4.846473236618309
0.045057881257499224,4.777138569284642
0.009404142966115067,2.4247123561780892
0.01808282160204132,0.6368684342171087
0.016608047996235234,3.9698849424712357
0.009796648214494927,1.5283141570785395
0.0063531782506949935,3.1849174587293647
0.009343479767278826,3.7395947973986994
0.01606470325804138,2.340520260130065
0.011985527360706905,5.0
0.00830349877662083,2.4098549274637318
0.0184843504303525,5.0
0.015843711541724814,4.140745372686343
0.011070445090588077,2.4049024512256127
0.02441680205043202,1.520885442721361
0.04149694956044099,3.749499749874938
0.010490833403156818,1.1222111055527766
0.017550081173051638,2.2538519259629815
0.006638172615179738,0.3322911455727864
0.023509539967491985,2.092896448224112
0.014926391877212869,3.4176838419209608
0.005172454517199096,3.761880940470235
0.014092140975810505,0.05
0.01836990679146905,4.839044522261131
0.007649057207636575,2.6228114057028513
0.005432028501448596,0.9216358179089545
0.009906575800850012,3.652926463231616
0.015565699831090796,1.3029764882441222
0.008198147668713587,2.3231865932966485
0.021821217273675406,4.3636068034017015
0.012270050603769275,1.9765132566283143
0.021259994112517222,0.9290645322661332
0.017328070850779448,1.73631815907954
0.00998464269853111,2.276138069034517
0.016422286300318903,1.8972736368184093
0.01981389901381965,0.8844922461230617
0.007496381385700995,1.9170835417708856
0.0059441330100231254,4.113506753376688
0.01116369700957072,5.0
0.012998392356408886,1.0305902951475738
0.018238603913020623,0.05
0.002287321254128491,5.0
0.03270501646652023,3.677688844422211
0.04155623705253378,0.05
0.02121936849308255,4.913331665832917
0.007267137694155643,2.130040020010005
0.02128402430996751,2.377663831915958
0.006785037227256943,2.704527263631816
0.016544469659286007,3.2121560780390195
0.018231264932135713,5.0
