null_delta_chi2,null_best_k
0.007212287813323781,2.52623811905953
0.010902941660332899,1.6843171585792898
0.005024471991588175,1.2336418209104554
0.008458505530875945,1.357453726863432
0.01674241912735755,1.8749874937468736
0.0021011020506975855,5.0
0.009560990713464446,1.1494497248624314
0.01594155960688029,4.559229614807404
0.006235589046271972,3.3830165082541273
0.0029172608897678684,5.0
0.007128258150735894,4.710280140070036
0.02149061001495787,3.6256878439219613
0.009459540825282983,2.271185592796398
0.0018522427754197601,5.0
0.008702018528717971,1.867558779389695
0.01139812697754989,4.091220610305153
0.016649466846926766,4.21008004002001
0.0022094186506723817,2.194422211105553
0.014477631711197002,4.398274137068534
0.003871477111216104,4.9554277138569285
0.004049477033639448,1.357453726863432
0.00905963930050907,1.689269634817409
0.019107991410470107,0.05
0.004558040744407937,0.05
0.0035731547354418552,4.853901950975488
0.0034769144380530637,2.47176088044022
0.0022802617858517435,1.3896448224112057
0.013426216052549206,4.566658329164582
0.006342285317883924,5.0
0.012779719448982096,0.05
0.029399659328516625,0.05
0.007849888354504841,5.0
0.0035785680647639,2.214232116058029
0.0253535141727102,0.05
0.0022065161426162855,2.9967233616808406
0.006239257352164962,3.6380690345172586
0.013777100112037019,3.670260130065033
0.004623840352206254,5.0
0.005717776240359726,4.326463231615808
0.0036225053701487986,4.9554277138569285
0.004428218328307677,3.3632066033016508
0.005416366913773528,0.05
0.013479905900795702,0.05
0.009793577487291566,1.3723111555777892
0.002537616839487028,4.10855427713857
0.005897734423469081,3.927788894447224
0.004994705180073514,2.0805152576288144
0.0013207148144720737,5.0
0.006273467734904593,1.872511255627814
0.0087067316154492,4.2447473736868435
0.002684115284611835,0.792871435717859
0.005502140536966307,4.638469234617309
0.007159781493031543,4.559229614807404
0.006490322985324662,3.695022511255628
0.0018165323679129597,0.05
0.008998380144633118,0.9761130565282643
0.00425795948215188,5.0
0.01182066667289805,3.0066283141570787
0.00485185809296855,0.9166833416708355
0.004188759171236449,2.2340420210105054
0.008215805789751118,5.0
0.0019310798248826505,1.8601300650325165
0.018767464666313863,4.0763631815907955
0.006124362992109819,3.2864432216108055
0.0052056426675545775,4.388369184592296
0.017569051386884527,3.652926463231616
0.0157141607990409,4.529514757378689
0.003022452360266714,5.0
0.007509672324973571,1.0380190095047526
0.007990544324231685,3.415207603801901
0.01656805887121955,1.0206853426713358
0.008619910639781306,5.0
0.004677297955617568,2.7070035017508753
0.007218001701356516,4.115982991495748
0.007349263124515323,2.820910455227614
0.005170522394393209,4.596373186593297
0.011736746212443736,0.05
0.011133591209792834,1.2286893446723364
0.004784763181633088,3.3607303651825915
0.010869363545685864,4.910855427713857
0.004266517855674737,3.657878939469735
0.008158986597478157,1.877463731865933
0.009200621415054157,2.7961480740370184
0.005180721245516939,0.05
0.003787840673414339,1.7907953976988495
0.007019469391084915,2.0607053526763384
0.004479238029064164,5.0
0.013776385102459363,3.509304652326163
0.0052117091440891244,0.05
0.007048175635668764,4.2942721360680345
0.004736305870002448,1.357453726863432
0.014031345390963637,2.9125312656328166
0.012016396544091902,3.7247373686843424
0.015482493847441,5.0
0.008164436541113575,4.036743371685843
0.009057538793063258,0.13666833416708357
0.005317342264716904,2.6079539769884943
0.007835896559322764,3.6405452726363183
0.003760864049131604,3.58111555777889
0.009577745175221253,3.695022511255628
0.006984158910822526,1.904702351175588
0.004726081889985079,2.5064282141070535
0.006410661892779515,4.858854427213607
0.00895040552596138,3.6355927963981993
0.0076512380627413445,4.120935467733867
0.006176209020527096,4.42303651825913
0.006515827737314531,0.05
0.008301925911164847,1.983941970985493
0.003010103611740249,3.484542271135568
0.006544323972614514,5.0
0.004058841210632769,0.05
0.004244207005574596,3.7816908454227116
0.004978419163035826,0.7012506253126565
0.006376409088180185,5.0
0.010081995284780598,1.6744122061030517
0.015170706808807409,3.1230115057528764
0.01324498283251608,4.3239869934967485
0.00714401879651181,0.05
0.016293715460071148,2.3949974987493747
0.0038137294620838452,3.511780890445223
0.0034207724378127677,2.915007503751876
0.010467465030662954,1.6422211105552778
0.005720836645975058,1.3723111555777892
0.005922023778683741,5.0
0.008081206657602646,0.8052526263131566
0.0015299590365359383,3.4672086043021513
0.004862244503888391,2.741670835417709
0.003032206319866504,1.9913706853426716
0.007019046935821727,1.0702101050525263
0.013048838486838167,1.820510255127564
0.006408944086092029,3.2740620310155077
0.00993755381188935,1.124687343671836
0.009722956920344722,0.05
0.01732222901781142,3.061105552776388
0.021072480487112556,0.3298149074537269
0.00816749518112006,3.0289144572286144
0.010984721151811157,1.2534517258629316
0.012423205001246107,3.231965982991496
0.00877391750280243,2.4791895947973988
0.007279032665093832,4.702851425712857
0.01222383380984323,0.05
0.006337864925849021,4.84399699849925
0.004446608524589182,5.0
0.005986797102602137,0.7012506253126565
0.01154751867814479,1.4540270135067535
0.004489155022281949,2.882816408204102
0.008984735430902085,4.539419709854927
0.01353971689803777,1.8378439219609808
0.005415575770334205,5.0
0.015543424986292409,1.815557778889445
0.002579766228399019,4.752376188094047
0.007235862794758095,5.0
0.007221224215866205,2.568334167083542
0.011473511638796632,1.694222111055528
0.005615550771358405,3.4399699849924965
0.004055728385577759,1.6372686343171587
0.007212467981205138,5.0
0.0044519308828316895,3.905502751375688
0.010362242947211248,1.9789894947473738
0.01010904810721587,2.167183591795898
0.002506608879146624,5.0
0.005421518834002478,3.2666333166583295
0.010703732441065004,3.811405702851426
0.007132818411035455,2.731765882941471
0.008659979898111889,4.167983991995998
0.015850148651886373,2.120135067533767
0.017200057056775075,1.3425962981490747
0.00982049604502002,2.023561780890445
0.0041817563809637415,0.05
0.020837720735173974,4.977713856928465
0.0025910015719939616,4.509704852426213
0.007817989673271769,0.05
0.00640141732310727,2.5930965482741373
0.00826918052273777,4.878664332166084
0.010621472262758502,5.0
0.0031473117631052316,5.0
0.025915490760749907,0.05
0.018619519323209828,3.8906453226613307
0.01312682607082033,3.1700600300150077
0.00910761109724522,2.273661830915458
0.006510106027838608,4.47503751875938
0.01043104473751888,1.820510255127564
0.009853522091285608,3.4548274137068535
0.0049824424790303745,0.05
0.008851316933786976,2.251375687843922
0.010555525401793678,3.3508254127063535
0.005229346633870632,5.0
0.00886102173286532,1.5926963481740872
0.004663262573130288,4.021885942971486
0.004636852585178153,0.05
0.009875367047614964,5.0
0.006137970994372716,0.9290645322661332
0.00940156277118348,2.4965232616308155
0.006093009347292649,1.0999249624812408
0.005793050323525492,1.478789394697349
0.006062924267771094,3.6454977488744373
0.015532129342843398,5.0
0.0066969508663745625,2.1498499249624814
0.006228528429108572,4.1754127063531765
0.011610169635339111,5.0
0.004195334003132142,2.573286643321661
0.006263638931243952,2.9174837418709356
0.009909933414507056,3.1230115057528764
0.015023119083609385,3.821310655327664
0.0091256429612519,3.2740620310155077
0.006878570496737513,2.4123311655827915
0.007059391326364718,5.0
0.004976858894263206,1.6843171585792898
0.01171972556334136,1.3054527263631817
0.01187999509689966,0.05
0.008913538562991541,0.05
0.017732009045984716,5.0
0.0032753448083642916,0.750775387693847
0.0035227019487918607,4.608754377188594
0.027270552756987004,0.05
0.006323300650598711,0.9785892946473238
0.008446659078766475,3.848549274637319
0.01678575843032431,1.52583791895948
0.01725029741332347,0.7235367683841922
0.0036235296732878425,2.4494747373686843
0.00359119427516022,2.110230115057529
0.009766807697295293,5.0
0.005392087205389501,1.657078539269635
0.006129592503010442,3.321110555277639
0.009475414845815988,3.236918459229615
0.0070094674338842256,0.05
0.00787433869945639,5.0
0.006213302841626606,0.8052526263131566
0.009676046626220403,3.0932966483241624
0.005893534034021437,1.8947973986993498
0.006821613286774039,2.1647073536768384
0.0027187664873532524,4.89847423711856
0.006029229511980219,3.3929214607303653
0.004561451136634961,3.957503751875938
0.001379755121403911,5.0
0.0019268952036024661,1.9220360180090048
0.0037932860239208444,1.741270635317659
0.0035744929077174,1.241070535267634
0.008317994105735846,3.5563531765882943
0.004205970104587925,2.5485242621310658
0.005366651451112162,1.8898449224612308
0.009247835480707331,1.5951725862931467
0.009825536489830401,1.7685092546273138
0.006831747243677556,3.0759629814907457
0.012344665562987002,5.0
0.010270364838547721,1.3326913456728366
0.010788144013696363,1.3896448224112057
0.020825236315088577,0.05
0.022566972731467516,1.9220360180090048
0.005238449169518801,1.9963231615807906
0.0028398225772468394,2.6599549774887445
0.012867796646781546,2.1226113056528266
0.010504873922205796,5.0
0.013191585988049245,2.652526263131566
0.00547890347607867,4.467608804402201
0.014785589554765458,3.5662581290645323
0.002918143673503064,3.2740620310155077
0.007891068481581977,3.2344422211105552
0.027177773382333292,3.137868934467234
0.005082420841801244,2.0953726863431714
0.014228549318090124,3.5613056528264133
0.003903011813517182,3.504352176088044
0.009847432279461457,4.608754377188594
0.006629460153654926,1.7264132066033018
0.006293108823565381,4.883616808404202
0.008075668091656496,0.05
0.005652969085842327,4.918284142071036
0.005875098318968083,2.303376688344172
0.0058351472690245515,0.05
0.010934995281573073,1.899749874937469
0.004432256385854254,5.0
0.006467822776824325,1.5382191095547775
0.002276295457057362,1.2980240120060031
0.004823358201921452,1.961655827913957
0.006367762436252339,2.2340420210105054
0.0039092579927572785,2.184517258629315
0.0066297521865826825,4.083791895947974
0.006314646585293973,0.05
0.004938818242563689,0.05
0.0073242468534463895,1.0949724862431216
0.011705535745887313,4.046648324162081
0.007422176466473807,2.3009004502251127
0.01322814814734484,5.0
0.0030415143600757213,4.84399699849925
0.005685771602898057,1.0850675337668836
0.010379381238663749,0.14409704852426214
0.0047643045967571615,2.7565282641320663
0.004197730435167288,0.05
0.009821270821881264,1.2955477738869436
0.01350558846962395,4.749899949974988
0.005325109702134602,5.0
0.009760654390400664,1.399549774887444
0.010583812639807809,5.0
0.01189006857771173,0.05
0.0077667866434830216,0.05
0.006876401508962571,2.7713856928464233
0.01191045159700213,4.3338919459729865
0.009167911675602838,4.779614807403702
0.007768862463181481,3.591020510255128
0.007826300646727409,4.1357928964482245
0.0053437261472163225,5.0
0.012550154881052156,3.395397698849425
0.006827669711585667,3.846073036518259
0.006345648769060228,2.9645322661330664
0.009547510354985411,1.7016508254127065
0.0061131249018840095,4.457703851925963
0.004335860730459745,0.05
0.004627987756302104,5.0
0.0032026046218066526,4.502276138069035
0.003673400899042098,0.05
0.012188405698374635,2.5163331665832915
0.015627926125805436,1.31535767883942
0.003526579993769416,4.5418959479739875
0.01497635554518744,0.05
0.002947413265639423,5.0
0.014831736343732742,3.331015507753877
0.006635111696513547,3.920360180090045
0.0030966571143398736,5.0
0.0060845049682146796,3.0957728864432217
0.0037749093851268817,5.0
0.009568060271048548,3.7123561780890446
0.01793081754720649,0.05
0.007889248061785717,3.4820660330165083
0.008796208518606824,3.5439719859929966
0.00589007900538345,0.6715357678839421
0.004994136514897912,4.990095047523762
0.002720192446232922,3.1106303151575787
0.00706423849017318,4.15807903951976
0.0061453625578831855,2.4123311655827915
0.0123685360042214,1.919559779889945
0.008244321941000096,0.05
0.005092395952400144,4.296748374187094
0.0027103131056534224,4.257128564282142
0.0061956308795487885,4.356178089044523
0.004141877573968798,0.05
0.004205677977845448,3.615782891445723
0.007913656455323166,5.0
0.015069141882661563,1.2633566783391696
0.016690677803289145,4.148174087043522
0.009475076917392189,0.07971485742871437
0.006153022192144364,1.8898449224612308
0.0094073141550442,4.172936468234117
0.007364008876556506,3.0016758379189596
0.013041243791960165,0.05
0.000999854368288991,4.913331665832917
0.004860422363556195,3.9723611805902954
0.002701233324930649,0.05
0.011293416210288301,4.84399699849925
0.011772219978143289,3.7074037018509256
0.006240484739880578,3.5538769384692346
0.005302415521003814,1.040495247623812
0.003461776912446618,2.0755627813906954
0.0031799979713943854,5.0
0.009252333926615161,3.9674087043521764
0.005566361704581899,5.0
0.007449377026862672,5.0
0.016285313237619475,3.15767883941971
0.008702600704047804,2.6723361680840423
0.014541100350706673,5.0
0.009883288389988545,4.1456978489244625
0.01136673774602176,4.1853176588294145
0.006283663350537885,3.9723611805902954
0.009636118838055645,2.885292646323162
0.01611633638996661,4.019409704852427
0.004510969016571137,0.05
0.009236473902073737,1.9294647323661833
0.0224197007033866,0.05
0.0070310180998068295,0.10200100050025013
0.004520742545038731,4.056553276638319
0.011152440479350614,4.375987993996999
0.017479163631194804,3.9971235617808905
0.01286206882547987,0.05
0.011468761011192014,3.831215607803902
0.005814291806337815,2.967008504252126
0.015280814736906304,0.8324912456228115
0.005376350556369869,4.073886943471736
0.004956286579181221,4.692946473236619
0.0049924840158352204,2.013656828414207
0.01091337547005869,3.425112556278139
0.0029554230420572036,2.5930965482741373
0.015343673524582525,0.05
0.018925871461734814,2.2216608304152077
0.015619740081197896,0.4461980990495248
0.00911696756278313,2.5014757378689345
0.012731431064496666,4.670660330165083
0.00431764092521475,3.6306403201600803
0.002699402362140349,5.0
0.01799698209920965,3.920360180090045
0.008944215247920662,2.73671835917959
0.009062054890291077,1.7808904452226115
0.011531584791718438,5.0
0.004911235522482918,0.05
0.00759157374555882,5.0
0.005722239879644368,5.0
0.0108473285527202,1.0305902951475738
0.015533122285171494,3.4721610805402703
0.00793578098963689,4.31903451725863
0.00857854165913477,4.722661330665333
0.015824558990596718,0.7111555777888946
0.010559698846499765,0.05
0.0024420511350911195,0.05
0.015933690120768645,0.05
0.008668311951421995,2.694622311155578
0.00866766772599497,3.6281640820410206
0.014827564084066686,1.8700350175087546
0.006796991694914489,1.8551775887943973
0.021177268361196926,1.4763131565782894
0.009512848741120211,1.7115557778889448
0.0024315933385849198,2.184517258629315
0.009051387190778484,2.3603301650825412
0.01012088139255881,4.829139569784893
0.005780300119340651,3.643021510755378
0.004213455214170242,3.2691095547773887
0.014687164107121911,2.0508004002001
0.004218532858095328,0.40657828914457234
0.005138702761852715,0.05
0.014063564659130778,2.011180590295148
0.015534236743685814,3.593496748374187
0.009304959682691051,1.045447723861931
0.006005154633308481,2.5386193096548273
0.01007433495431262,3.246823411705853
0.007689079481606173,2.134992496248124
0.009112268555845869,2.4148074037018508
0.005665779778651542,5.0
0.0028390100954224715,1.8824162081040523
0.010442601682609874,1.4763131565782894
0.005871376017668448,2.719384692346173
0.005418804173674713,5.0
0.004635555352179105,5.0
0.0019422625464046717,1.657078539269635
0.0059763202889173694,5.0
0.007618025750108372,1.0528764382191096
0.00623501181446659,1.2757378689344674
0.004345099495356192,1.9963231615807906
0.005473977961303424,2.541095547773887
0.0037928487421718393,4.494847423711856
0.00786839135341974,5.0
0.009965805314208806,1.320310155077539
0.004266757923664231,1.003351675837919
0.0024467530061084847,1.5456478239119562
0.01476300985718667,3.3557778889444725
0.020901572971152506,4.779614807403702
0.013652313897024551,2.9546273136568284
0.007204561659576683,2.5906203101550775
0.003216691070574748,3.4573036518259133
0.004665511597926879,3.6875937968984496
0.012083767048465748,1.3747873936968487
0.017433817365734405,3.479589794897449
0.009349934634214421,3.588544272136068
0.017445350706601748,5.0
0.009209370329606989,0.05
0.016177875884548373,2.541095547773887
0.01575871883093359,2.5930965482741373
0.0019995721139656197,4.824187093546773
0.013929575842715133,0.05
0.004002915328864209,3.2988244122061032
0.012822589508446378,1.1766883441720861
0.005141513200973738,2.335567783891946
0.007639002260516427,5.0
0.012226925039100958,2.186993496748374
0.004091808333598623,2.57823911955978
0.014941347290909894,2.52623811905953
0.008052410941989038,5.0
0.005340724880369546,4.824187093546773
0.005484669680529214,0.05
0.0037268124940497277,5.0
0.025942351566107393,0.7334417208604304
0.006484564366590451,1.1568784392196099
0.00237371165588475,2.0582291145572786
0.012906320463081863,4.635992996498249
0.00678620887019879,1.2311655827913959
0.01337653744951725,2.283566783391696
0.010720363925896828,4.177888944472237
0.010450001330869513,4.784567283641821
0.0029622325215288986,5.0
0.010643475788624616,3.145297648824412
0.005516969479420861,3.4820660330165083
0.001201041488560671,4.489894947473737
0.0053000368731074,1.7437468734367185
0.008077470891141164,1.7165082541270638
0.004164601800847087,5.0
0.01259571952127845,3.5340670335167585
0.009522392097102164,5.0
0.013395153812204179,1.1568784392196099
0.003915502306272925,2.615382691345673
0.01522624093298143,3.9624562281140574
0.00326514863997987,5.0
0.01100879109990259,1.3302151075537771
0.006609266343423327,1.7660330165082543
0.0074744196286350845,3.293871935967984
0.015084608964582122,3.747023511755878
0.005008320326071722,5.0
0.0019703376863997105,0.05
0.009598010637833707,0.05
0.005795619878355779,4.375987993996999
0.012544521149362234,1.4069784892446224
0.005058719138687953,1.8601300650325165
0.004188844018711044,5.0
0.010410623457941921,3.868359179589795
0.011364424245021883,4.910855427713857
0.006269941728003159,1.5283141570785395
0.01430637215556426,3.7395947973986994
0.009172482595879189,1.1989744872436219
0.018418184159625553,4.182841420710355
0.005972514176196875,5.0
0.005401018067610577,3.9872186093046524
0.0030633831036706444,1.2237368684342174
0.005060776945749801,4.31903451725863
0.006183266315380118,4.1357928964482245
0.009390635938564582,4.130840420210105
0.017133983668236735,0.05
0.004470260114996266,4.9554277138569285
0.011475900513770787,2.7020510255127563
0.009627847859152772,2.536143071535768
0.0045721091208359155,1.0305902951475738
0.011456240870878445,2.969484742371186
0.003686189534150751,4.725137568784392
0.0026632866081393453,5.0
0.005780203451889218,1.2509754877438721
0.008366559028129182,5.0
0.005234629905092006,4.197698849424713
0.017415059774994773,0.05
0.010795089120498876,5.0
0.007230112781341717,2.303376688344172
0.010070417094295583,3.7098799399699853
0.003069862843295551,1.8873686843421713
0.012149005955814772,3.7222611305652826
0.002234966760396931,2.8184342171085546
0.0085300564332896,0.8894447223611807
0.004074955859650453,5.0
0.009775374041248674,1.535742871435718
0.013851143981890683,5.0
0.003950788583854781,1.1123061530765384
0.020808233194470574,0.05
0.010972126570839298,3.4226363181590798
0.01439678037729284,2.177088544272136
0.005525575076172393,1.4763131565782894
0.011621251889595362,4.190270135067534
0.0069937216165216615,0.8869684842421212
0.008641364389411994,0.05
0.004267868025698299,3.1700600300150077
0.005970204813050307,4.821710855427714
0.010375877022692527,2.984342171085543
0.013469876014353566,3.4498749374687345
0.006427930739751661,1.4961230615307655
0.007281489649092601,3.3854927463731865
0.01173257175924336,1.0182091045522763
0.0025322603143259625,3.345872936468234
0.0067219311442371504,5.0
0.003881042278904165,1.8081290645322663
0.0207119103720034,1.2286893446723364
0.008120038775444718,4.517133566783392
0.01057084581354694,2.5485242621310658
0.012841019657454454,5.0
0.019091752567865522,2.372711355677839
0.006669069823888957,1.567933966983492
0.010880782580703671,1.4069784892446224
0.027635102292773363,5.0
0.01027016887676907,2.0433716858429216
0.0016502751182047581,3.3879689844922463
0.008385035320804493,1.1791645822911456
0.005001749020242363,5.0
0.0025107996627965895,2.442046023011506
0.02295092600840904,0.47591295647823917
0.006811586053225502,2.112706353176588
0.0007975221250103373,2.531190595297649
0.01066883004615557,1.3227863931965984
0.006220415376080764,0.05
0.008980727530397421,4.257128564282142
0.011025711201899602,2.1548024012006004
0.009715738917614736,1.567933966983492
0.002459241932268201,1.657078539269635
0.007181250391777222,3.437493746873437
0.017416707247936973,1.0702101050525263
0.0026256600496208093,2.0012756378189094
0.015278674916041055,1.2806903451725864
0.006939242890980482,4.925712856428214
0.0046289772914168,3.3854927463731865
0.005215827457902514,2.551000500250125
0.009149380741902274,2.288519259629815
0.0107679694643531,4.524562281140571
0.005733016496710097,2.3751875937968987
0.004692656535021225,5.0
0.015094885642013424,3.0066283141570787
0.010868662789589728,2.2538519259629815
0.007862876043419051,0.05
0.007300593910289539,3.3929214607303653
0.01946601804779441,4.405702851425713
0.01081002573308068,4.68551775887944
0.006028338419470966,0.297623811905953
0.00995818920857744,1.5233616808404205
0.006802106011779212,1.5456478239119562
0.004252326607559982,3.4498749374687345
0.005127823593581569,0.05
0.006543098712389173,4.336368184092046
0.020485182276267673,3.2592046023011507
0.005169478143671635,4.559229614807404
0.005015163478783592,1.9789894947473738
0.005573965890184829,4.091220610305153
0.013310462575219645,2.709479739869935
0.012400285455054672,4.487418709354677
0.012216118300091956,1.7165082541270638
0.005421680430964776,2.5287143571785893
0.013167282764500021,5.0
0.004380276099105906,1.0603051525762883
0.010117409237517548,1.5580290145072537
0.007725015809979759,4.3041770885442725
0.01368440581477573,2.7763381690845423
0.0041327848507117446,3.7098799399699853
0.0035415241953621127,0.05
0.005856086612092734,1.1544022011005504
0.012523782124346308,5.0
0.0030261534231789955,5.0
0.007139025699249589,3.905502751375688
0.010632915711878854,2.3949974987493747
0.006764773844525715,2.4791895947973988
0.0018360815267894487,4.405702851425713
0.0017268837154121586,2.191945972986493
0.0014555515468466645,3.4672086043021513
0.023696745823592748,1.3797398699349677
0.002469928371598984,1.6867933966983493
0.003344874689075801,4.413131565782892
0.003248090954672156,1.1643071535767886
0.008796591060012932,1.9467983991996
0.009064652329377906,1.7982241120560283
0.003967353198119368,2.4123311655827915
0.009787941414620041,4.2051275637818915
0.00398191199216151,5.0
0.007438999229275378,3.3334917458729367
0.004576546476425969,4.484942471235618
0.016995462734134166,4.128364182091046
0.019037378642185743,0.05
0.0018040423435048553,0.05
0.004748375063278694,4.232366183091546
0.004193031168056964,5.0
0.013691062429268139,2.6228114057028513
0.006142665757233393,0.05
0.005536903103323915,4.487418709354677
0.016365042153729872,3.761880940470235
0.005496374783966751,0.05
0.008124274393736267,5.0
0.004985678359838985,2.815957978989495
0.01234015831514209,4.720185092546274
0.02599171130035044,0.05
0.0035614606716226765,0.05
0.008135120388039888,3.873311655827914
0.016212894274015024,0.05
0.006528531484557648,0.8820160080040021
0.00813882350101993,1.2460230115057531
0.007815700424989094,1.951750875437719
0.01832271479152847,0.05
0.008315979534000484,2.3529014507253625
0.00424341089878974,1.7907953976988495
0.006680203843023966,1.5431715857928967
0.008210157888611812,0.8820160080040021
0.0026845960209806036,5.0
0.015065479455764266,3.742071035517759
0.013385939493067947,3.766833416708354
0.012868453591335094,2.811005502751376
0.01550200613570317,2.0285142571285646
0.011940046344523392,1.3846923461730867
0.00468363132412869,5.0
0.01300295727272037,5.0
0.007217103206316494,2.726813406703352
0.008822370298102143,5.0
0.006689071088348181,5.0
0.010057267007567108,0.8844922461230617
0.006860608084403835,1.778414207103552
0.0027496496419190802,4.450275137568784
0.005654478706638606,4.821710855427714
0.012083723959072472,2.5633816908454228
0.0037211482346175342,5.0
0.002985728268519769,3.415207603801901
0.008572101505086763,3.041295647823912
0.007299817363245725,0.05
0.006533457469141073,4.081315657828915
0.016503658650289146,4.517133566783392
0.006617635429421023,2.276138069034517
0.004604659905188768,1.567933966983492
0.00759634671054446,2.4098549274637318
0.016824561455312817,4.408179089544773
0.008772271764228984,2.303376688344172
0.013428693930906309,3.3508254127063535
0.015191519415529195,1.008304152076038
0.0056363585678975425,3.5712106053026513
0.00950052065454976,3.1923461730865434
0.01490263188851014,4.259604802401201
0.005768918634640324,5.0
0.010973537040625002,0.5799149574787394
0.012940039946648205,4.388369184592296
0.005038759823139241,4.309129564782391
0.01626090424794681,3.3929214607303653
0.0035936930739892403,1.7016508254127065
0.0013600751791362914,3.675212606303152
0.0064197621126972845,5.0
0.008215066797908323,5.0
0.006238640700995807,2.26128064032016
0.005881710492428277,2.006228114057029
0.005487538395782976,1.9690845422711358
0.007691793593827614,3.6232116058029016
0.015083954974852591,1.7165082541270638
0.0035192664328712875,5.0
0.004092226890419978,4.477513756878439
0.003322301079236978,4.962856428214107
0.003518361261864736,3.120535267633817
0.006330067872642113,5.0
0.0059085213714154955,2.2216608304152077
0.010495619750953845,4.078839419709855
0.006041384668713887,4.754852426213107
0.004864547869369906,1.8799399699849928
0.011752814698361425,4.083791895947974
0.0049472563027564975,3.994647323661831
0.005813503114087362,3.957503751875938
0.006915236051918357,2.7763381690845423
0.013267055341545875,0.05
0.021989556929250094,0.05
0.007059755376751936,4.091220610305153
0.01213172362382841,5.0
0.013090112366648317,2.7119559779889943
0.004259705055741428,0.05
0.012872372782309988,4.658279139569785
0.008186613937450085,4.00207603801901
0.013698111299215388,1.2088794397198601
0.007667726355111204,2.362806403201601
0.007739597422183601,2.278614307153577
0.008762324576180008,5.0
0.006993245049584436,3.390445222611306
0.012511141152775393,1.7016508254127065
0.016006212810389428,1.6174587293646825
0.003426876873407342,3.1106303151575787
0.017190737577820532,3.6974987493746876
0.00677599813314525,1.919559779889945
0.013588157621648216,3.3607303651825915
0.00726244961720212,3.588544272136068
0.0034226824309074033,3.345872936468234
0.004162245017823377,2.4123311655827915
0.0058117898756426395,4.1357928964482245
0.0030570005410057582,0.05
0.0058581641438540805,2.0285142571285646
0.004942742517628204,3.536543271635818
0.007738774707104476,4.026838419209605
0.00515450097330826,3.927788894447224
0.01728225868780174,1.951750875437719
0.0029844293423239437,4.611230615307654
0.010330530506344998,0.05
0.009176610824573023,5.0
0.0037650708309930753,3.0388194097048524
0.006750188515744306,0.05
0.007102366146033892,1.2484992496248126
0.004659204243806156,4.73999499749875
0.009304729751911503,5.0
0.0033827189671497837,2.7911955977988994
0.008099290788473552,0.05
0.00526848692393863,2.0730865432716357
0.00228086284832376,0.7755377688844424
0.014435895447798108,5.0
0.014723674981465068,2.5881440720360183
0.010111825386820428,1.5159329664832417
0.00841369648844123,2.107753876938469
0.007808175637852563,1.815557778889445
0.011407579859805526,4.239794897448725
0.005651527980932894,5.0
0.01022651546770545,0.05
0.008910662172492714,0.9736368184092047
0.006302567516272964,4.180365182591296
0.008285976476014305,3.8856928464232117
0.008729687993505389,3.219584792396198
0.010016605570347656,5.0
0.006660084599194066,1.0974487243621813
0.009606367820513592,2.36775887943972
0.007383460296874145,4.960380190095048
0.0029682717427535754,2.0508004002001
0.01064453249748204,1.862606303151576
0.029019764104927154,0.05
0.00926354630832222,0.05
0.012704928631561495,0.05
0.003530261313486757,1.161830915457729
0.007771552205048,1.7536518259129568
0.009874126704516178,5.0
0.005419356081571916,4.492371185592797
0.014887181332912211,3.031390695347674
0.005859662037440289,3.9649324662331167
0.00955458998886187,4.197698849424713
0.0025661601841172887,5.0
0.004226496396499191,3.4325412706353178
0.011998121464638425,0.05
0.009950561051684396,1.7214607303651828
0.006995632409902225,0.8523011505752878
0.009665163721666134,4.00207603801901
0.0016951306109138087,3.3334917458729367
0.006610366731658074,1.5530765382691347
0.009801970473764118,1.0008754377188596
0.003162840719844226,4.460180090045022
0.015116902693600297,4.3140820410205105
0.014811065180401303,1.8056528264132068
0.004007612193588625,0.05
0.011006810224097434,2.2637568784392195
0.008781079768368734,5.0
0.010587565147907166,4.242271135567784
0.006951508150443708,2.7812906453226613
0.01054192053335263,0.9513506753376689
0.010851096632171,3.756928464232116
0.0026537817173395706,1.8972736368184093
0.005100862648091342,3.699974987493747
0.00782910038511797,3.922836418209105
0.00637608789025166,3.071010505252626
0.006288171688637163,3.751975987993997
0.006037423686648065,3.9030265132566284
0.004257728693147202,2.461855927963982
0.009025655689515924,4.1456978489244625
0.006054109360732307,2.8407203601800903
0.010992727612464087,4.970285142571286
0.002259748054681668,0.05
0.0029926907317016638,3.3557778889444725
0.00815093473305327,1.7437468734367185
0.005906225048218264,1.6669834917458732
0.004305751312334072,4.660755377688845
0.009110570975683144,4.561705852926464
0.0022607019451502883,5.0
0.0109366808204997,4.933141570785393
0.0048412090147019055,0.05
0.003682417627827894,0.05
0.005248339853111933,1.5134567283641822
0.012562001689251062,1.2930715357678841
0.00887933095406869,4.705327663831916
0.006151457348836091,1.941845922961481
0.002934517401546599,3.4820660330165083
0.005763270075695756,1.4069784892446224
0.0014920530647675179,1.862606303151576
0.002660383957504439,2.3182341170585294
0.015531365415603939,0.05
0.012315758850815262,1.0528764382191096
0.010800319096595554,0.05
0.00784301919196801,4.172936468234117
0.008610571893951882,4.348749374687344
0.004627731373000224,5.0
0.004720186275856825,0.8820160080040021
0.009228623753084114,2.3900450225112557
0.025260239793306813,0.05
0.023701947404048046,0.05
0.009662865241910734,5.0
0.006588206932000504,2.8803401700850424
0.006688002202407964,3.145297648824412
0.00886928300082511,1.4144072036018012
0.008128343360787008,5.0
0.007542293830260144,0.05
0.004845846469034326,0.9934467233616809
0.013051377650926385,5.0
0.0030803727060528946,1.6422211105552778
0.012503306743567505,0.5675337668834418
0.0032959096331842477,3.7098799399699853
0.006279474842895677,4.861330665332667
0.019889490696511393,5.0
0.01052775016006069,2.5336668334167083
0.005683691037912268,1.7610805402701353
0.016853038412707938,4.89352176088044
0.004615283629923361,3.152726363181591
0.004964933318093737,4.148174087043522
0.0037327379497255897,1.6446973486743373
0.009536514141165353,1.662031015507754
0.007294147051395673,0.35210105052526264
0.017878975955882073,3.4350175087543775
0.0020820039313457495,4.413131565782892
0.003235872706298354,3.732166083041521
0.011396740677075606,5.0
0.004639754513561842,2.0780390195097547
0.007625809603047963,3.0437718859429714
0.011407143729653096,4.8959979989995
0.013514189048272653,5.0
0.013739954893012052,3.0487243621810904
0.007716407200162409,4.848949474737369
0.003171437021810386,5.0
0.010616013657749473,0.05
0.004305654944725901,3.5712106053026513
0.004601094620510324,4.883616808404202
0.004782216492912925,3.4399699849924965
0.0052905247022643626,1.1469734867433719
0.009142751441064037,4.484942471235618
0.002344581351951397,2.5064282141070535
0.014134067556729031,1.9690845422711358
0.002184135311777108,5.0
0.007876030901509873,5.0
0.003880090166000924,0.05
0.005374605363477655,0.919159579789895
0.010817061276350314,2.7441470735367686
0.007027543715681553,0.8201100550275139
0.002168874120762644,2.0384192096048026
0.010176201315378733,3.306253126563282
0.006647935880264973,0.46600800400200104
0.007755085257616062,3.3384442221110557
0.004545301005630303,1.9641320660330168
0.008505365892484254,3.848549274637319
0.011720986113820012,2.6550025012506255
0.00542850149960894,1.0578289144572288
0.0087183312012643,1.241070535267634
0.0267997111534823,0.05
0.008639756567984297,2.94719859929965
0.004024681040601247,1.773461730865433
0.0014167241599762972,1.3401200600300152
0.007363482900413831,2.466808404202101
0.008355664772005666,4.286843421710856
0.0032557434611898695,2.7070035017508753
0.011813975621675889,5.0
0.0072792329482751494,4.029314657328665
0.003991706220217314,4.291795897948974
0.014223731827722033,4.821710855427714
0.01257860103901915,0.05
0.007572147186893405,3.0289144572286144
0.006424313094177889,0.6418209104552277
0.004428169893464437,4.678089044522261
0.011669377583355962,4.571610805402702
0.010329374405363925,2.7391945972986496
0.0016012302418659113,0.5576288144072037
0.011419736063691566,3.7767383691845926
0.0034598240266755648,1.8749874937468736
0.005572690918209375,4.972761380690345
0.0106559910359173,2.087943971985993
0.006378289128633585,1.0380190095047526
0.0020964195122037538,0.05
0.008583783148397264,2.112706353176588
0.0019962578749352505,5.0
0.016395671977818563,2.1647073536768384
0.01058443933971124,1.6768884442221113
0.006422731957725941,1.1568784392196099
0.012588989834760325,0.05
0.0035544475852649707,0.05
0.011271154643642721,2.9447223611805904
0.009901298527270203,0.05
0.0033299043993737093,0.05
0.0032753361186522306,4.623611805902952
0.002987382486612719,0.05
0.011128961489955583,1.1692596298149076
0.017349645535486374,4.655802901450725
0.01072181772004513,2.7862431215607804
0.012471044562510948,3.7197848924462233
0.01434978947831718,4.697898949474737
0.0024103323459807313,2.016133066533267
0.014061836709051478,0.05
0.004922342989896737,1.6818409204602303
0.004421884485776947,3.246823411705853
0.009232465492918937,0.9884942471235619
0.011775816589433982,1.9071785892946476
0.005535203537773273,3.6454977488744373
0.007997766991418243,0.16885942971485746
0.006052326104687519,1.3054527263631817
0.003680852272679974,1.4639319659829917
0.009792419047010406,1.919559779889945
0.0016977817197952882,0.9761130565282643
0.003953630803863781,1.5951725862931467
0.005284338279635065,5.0
0.014352659166934234,4.601325662831416
0.008244042931726966,4.970285142571286
0.017946904717502765,4.0763631815907955
0.006990717846125288,5.0
0.004125769068916339,1.8279389694847425
0.010691493661110274,4.487418709354677
0.0029687790827766375,3.690070035017509
0.001238216771414738,1.6496498249124565
0.017285599203331344,4.811805902951476
0.0040910612507760735,2.7490995497748876
0.018713914894659345,0.05
0.02180557361817452,3.4275887943971988
0.003683660699779767,0.05
0.00479059188093027,4.083791895947974
0.00423532099233119,5.0
0.0077534265420646925,3.499399699849925
0.006783338227644833,3.7767383691845926
0.013691985115135023,5.0
0.019132619682396407,4.705327663831916
0.005706271331856416,1.6966983491745875
0.0077958387153470865,2.4742371185592797
0.010937174094278156,1.9963231615807906
0.004480806328227699,5.0
0.0021380493040929066,2.8803401700850424
0.019577928561331392,1.8378439219609808
0.003877471830512534,5.0
0.007971835581856587,2.546048024012006
0.005748080604856334,0.05
0.007320787622509123,2.1795647823911954
0.005847202890427311,1.956703351675838
0.001987085612256703,1.4168834417208607
0.008950693909617932,0.05
0.0028931843782795674,0.15895447723861933
0.009929360946210643,3.288919459729865
0.006155170665381508,4.732566283141571
0.006448572161758523,3.598449224612306
0.006406853024321299,5.0
0.008321475214386455,0.05
0.014604069243420371,0.05
0.006796356383389261,0.05
0.0031637212932861397,0.05
0.0029816272605325406,1.6496498249124565
0.0019291295377966977,1.5951725862931467
0.005212370611723596,3.42016008004002
0.007753538665127457,4.640945472736369
0.0011880588484818183,5.0
0.00365790677641957,5.0
0.003961914651266274,0.05
0.013196770049310788,4.477513756878439
0.008597302480301883,5.0
0.007570950458661088,0.05
0.008829782969635935,4.68551775887944
0.025153384862791936,0.05
0.006768650105995172,2.3009004502251127
0.009208240729591283,4.063981990995498
0.00390562039004156,0.7185842921460731
0.0020303193163764416,3.3557778889444725
0.012040375564759426,2.9397698849424714
0.01742517208821326,2.7590045022511256
0.02582862918487125,2.716908454227114
0.007827734738324862,1.2435467733866934
0.004548754046954304,1.3128814407203604
0.0022423224204169284,1.2262131065532769
0.012250370848433487,1.2163081540770386
0.008994119462331751,4.757328664332166
0.01904631594896109,3.5414957478739373
0.003915260524810019,0.8003001500750376
0.0034446222106882876,3.675212606303152
0.009559168813012726,1.3376438219109557
0.007505472414671581,3.0016758379189596
0.0073746758711578375,3.5340670335167585
0.012857636139506176,5.0
0.0038593743445368422,3.3384442221110557
0.0066458576752796705,3.7965482741370686
0.013471677176127808,1.9443221610805406
0.008952829887448305,1.404502251125563
0.014762893911608413,3.511780890445223
0.003422377408755471,3.4573036518259133
0.006331561991059692,3.657878939469735
0.019159411534988263,2.224137068534267
0.004691666697739114,1.6867933966983493
0.0074091545459275265,1.5852676338169087
0.001897099989313783,0.05
0.009074350187131694,5.0
0.013378296970991403,1.3475487743871937
0.0029295443728968584,4.712756378189095
0.006540275366079817,5.0
0.010015879521859478,3.4597798899449725
0.0077524393695771465,5.0
0.0052936311398261715,4.779614807403702
0.02001803642348733,2.905102551275638
0.016806784823888365,0.9265882941470737
0.013457249425715176,0.05
0.008749568516774567,1.124687343671836
0.00654675527577854,0.05
0.015714180673801995,3.7816908454227116
0.010554569961069737,1.857653826913457
0.0055845184483065136,2.5881440720360183
0.016161898303396455,4.769709854927464
0.009550381057584809,4.049124562281141
0.005573327209182272,4.219984992496248
0.0075634587883900775,3.600925462731366
0.003075393207534985,2.006228114057029
0.0024370241212928467,0.05
0.0031436000854493384,5.0
0.020367113064164104,3.056153076538269
0.014804930417216616,4.115982991495748
0.014454636201994997,0.05
0.005403791016558912,3.4548274137068535
0.005160326527180008,1.7140320160080043
0.007217074232350899,3.732166083041521
0.003168543591698339,5.0
0.010417969648610206,0.05
0.006837862006798014,2.7689094547273636
0.00464015903336619,4.497323661830916
0.007254515176397747,0.4709604802401201
0.015775677307775862,5.0
0.003386492808915585,0.8745872936468235
0.01335606087118442,2.5237618809404703
0.014616469924712654,0.05
0.009373766899846564,2.7961480740370184
0.010256546473616679,2.2687093546773385
0.011872900445297832,1.3351675837918962
0.006810331580815322,4.824187093546773
0.010743339069192788,0.503151575787894
0.014782039392226456,3.340920460230115
0.010477114976084376,2.3380440220110055
0.011390641917168862,2.704527263631816
0.01055959466517091,0.05
0.0033212598186150577,2.6921460730365183
0.005883539031027209,5.0
0.007709793438704177,3.288919459729865
0.0033581863717606145,1.3846923461730867
0.004029854262614825,1.7264132066033018
0.012407470458135214,2.6772886443221613
0.016512957205046655,2.746623311655828
0.019143922391813742,0.05
0.010615065391352832,3.2765382691345675
0.009612128745521739,4.839044522261131
0.006323098790098951,1.5456478239119562
0.013420449796590433,3.4399699849924965
0.004761549876808616,4.913331665832917
0.005108303674521142,3.58111555777889
0.01304879405332951,4.764757378689345
0.005594060701355111,1.4862181090545274
0.005026668194765188,5.0
0.005045640035629156,0.9860180090045024
0.005829264376580601,2.117658829414707
0.003663091131522453,2.830815407703852
0.00666061632852831,4.432941470735368
0.007474619874527778,0.2827663831915958
0.009940053047758954,1.5010755377688847
0.004071401847357464,1.7486993496748375
0.006631582623269419,3.167583791895948
0.005207824650914877,0.05
0.005296768660964776,0.05
0.009445263943718099,0.05
0.009079289901832738,5.0
0.008048389015067103,2.1374687343671837
0.009770783613208267,4.195222611305653
0.015595616358981775,4.2546523261630815
0.020302668358468445,0.05
0.00280760161929057,4.908379189594798
0.012746677650166988,4.276938469234618
0.0057850784065359845,2.962056028014007
0.008576778108815353,4.747423711855928
0.004625697415567599,4.405702851425713
0.00325407885439144,1.0553526763381693
0.017937582248023345,1.4391695847923964
0.0035575638130249387,2.637668834417209
0.012178685727910026,0.750775387693847
0.009962920847620849,5.0
0.004763263253465086,1.8799399699849928
0.027140544840558938,2.4643321660830417
0.004156620481918984,2.2414707353676837
0.005884805072370047,1.5406953476738372
0.01114391704951738,4.435417708854428
0.01133791880497989,0.05
0.006835759866518576,5.0
0.009399851509555204,4.519609804902451
0.008770985039879615,3.8435967983992
0.003948562420989725,3.7173086543271636
0.004867660667600693,0.05
0.02185267784740852,0.78791895947974
0.004349189121788721,4.177888944472237
0.0076759009915725734,1.6347923961980992
0.0070084680496951685,1.6174587293646825
0.0034615116319766104,5.0
0.008441953016048089,0.05
0.014436142964795826,1.0528764382191096
0.033250791892304614,0.05
0.0012897048228661806,2.2216608304152077
0.004203413529627317,5.0
0.007945153975057823,5.0
0.009417570761110772,0.05
0.009320925348497155,1.7610805402701353
0.004899297097908997,1.5506003001500752
0.006472919009881936,3.1824412206103054
0.01187987348512693,4.460180090045022
0.0032311856603500708,4.616183091545773
0.007219365978023633,1.203926963481741
0.018145157155776345,5.0
0.004062430163518843,1.2484992496248126
0.01914541999407282,4.78704352176088
0.010906103939814282,1.57783891945973
0.016551954334903585,1.7858429214607305
0.002422004613948203,3.036343171585793
0.008107451403152346,1.9641320660330168
0.00859723958488958,3.1873936968484244
0.010375338356403599,5.0
0.009752881961924309,4.390845422711356
0.00297323704288828,5.0
0.007021180970606167,0.05
0.008530157597664949,0.708679339669835
0.010780181541014448,3.1106303151575787
0.0022884909270012577,0.05
0.00392206617975225,4.613706853426714
0.006577618090304944,2.882816408204102
0.008490636181072216,0.05
0.0014607878099334587,1.4243121560780392
0.008331425813514898,4.440370185092546
0.01889409595881003,2.0012756378189094
0.00637362403399408,5.0
0.006234682248458162,3.1007253626813407
0.006841221745278181,3.6182591295647826
0.003383131055130037,5.0
0.01660700276540919,1.6347923961980992
0.003390258339452862,5.0
0.011660082079849685,1.7808904452226115
0.006234487369862457,3.6182591295647826
0.0170172968443787,1.1469734867433719
0.0031095989863215157,3.9822661330665334
0.025978044681300883,0.05
0.0036921251205729727,0.05
0.008541590046452385,2.3330915457728865
0.006979541496179402,5.0
0.007825377928908833,5.0
0.014964263726903564,1.0330665332666333
0.006440325632867422,0.05
0.008137559285813271,1.0528764382191096
0.009047258931976901,2.887768884442221
0.004977733738247024,0.619534767383692
0.017237816470466606,3.42016008004002
0.008107963126342432,2.9496748374187094
0.005339283187945326,2.3281390695347675
0.006269079442443648,2.251375687843922
0.008133976749441267,3.3780640320160082
0.004383449715331417,0.05
0.004907959817124566,0.05
0.005964842546842139,3.2542521260630317
0.007282207556834133,2.2588044022011005
0.0008548759345241991,2.288519259629815
0.018040639393804916,4.026838419209605
0.0020006391321568534,0.05
0.014659037507000358,2.962056028014007
0.009276708624674036,3.0982491245622814
0.011255564265224463,5.0
0.012207096783066716,3.395397698849425
0.004305889748022207,4.3140820410205105
0.013598539806430242,4.2546523261630815
0.0045027304182816905,3.415207603801901
0.020672857941375244,0.05
0.005190530249479269,4.276938469234618
0.005321236030915506,2.0755627813906954
0.004056741514165393,1.0380190095047526
0.007042326039327619,0.5922961480740371
0.006869070258089013,5.0
0.005252179439525273,3.1824412206103054
0.011805707104012797,3.0239619809904954
0.01575897259127554,1.3599299649824914
0.012021281287099408,1.2163081540770386
0.009587742591405504,1.0479239619809906
0.003315475881210353,4.806853426713357
0.002262576398811167,3.662831415707854
0.00915205807863393,3.2790145072536268
0.004601365828417338,0.05
0.014160805150922662,5.0
0.0038854311098554875,1.4292646323161582
0.012604336861178171,3.952551275637819
0.004235960739582073,1.4540270135067535
0.003567978794595028,0.05
0.0009175885462851668,4.0664582291145575
0.015461849375548523,2.251375687843922
0.008401903563921974,2.2389944972486244
0.003139898689031903,3.598449224612306
0.0032529373011985913,0.956303151575788
0.01253970929104374,4.2249374687343675
0.0014031219355839092,3.2814907453726865
0.007672042397266855,4.900950475237619
0.0066164690841753054,5.0
0.008727469394438893,1.7090795397698852
0.010053805168988447,0.05
0.011047884814691072,1.919559779889945
0.022611544191155325,5.0
0.005538675778921559,3.1329164582291145
0.012362125087962375,1.2311655827913959
0.01400460107420412,0.05
0.0036603894464146414,5.0
0.005848985056750272,2.199374687343672
0.008577116232499252,3.754452226113057
0.021986210913050475,0.05
0.005036252023207302,2.442046023011506
0.004236826081093249,5.0
0.0038610436479050853,1.2187843921960981
0.00643437377244916,0.05
0.003806609255105918,0.05
0.0024368003205600536,4.576563281640821
0.028784762665269137,0.05
0.003605635047821895,2.9323411705852926
0.005881097824331771,5.0
0.00324712927739082,3.147773886943472
0.00407917804614337,3.910455227613807
0.012821003046361218,2.1548024012006004
0.0024279410960452857,5.0
0.01413870885588036,1.2361180590295149
0.01189603271580627,5.0
0.011645920245763386,4.279414707353677
0.012309961279651574,5.0
0.0043314227992352905,4.62856428214107
0.011198917912505671,5.0
0.003299720831663161,3.3978739369684843
0.003127143084355917,5.0
0.011969865438877327,0.8176338169084544
0.007310672221425521,3.137868934467234
0.013701868690752794,0.05
0.006351372228026161,5.0
0.000803332649679217,2.957103551775888
0.005318131383296995,3.6603551775887944
0.0065990279959296655,3.199774887443722
0.005137118600482771,5.0
0.011567151543476033,3.2393946973486742
0.006796529573927804,3.516733366683342
0.030274914292376033,4.190270135067534
0.006518013674573962,1.6496498249124565
0.012047344810431411,3.506828414207104
0.01377333104426133,1.2212606303151576
0.002901358087938219,1.6323161580790397
0.012189489546863386,2.134992496248124
0.008900552142204518,4.123411705852926
0.002787705315878075,5.0
0.013092702239886525,4.938094047023512
0.00825334887071931,4.180365182591296
0.017476016248261082,4.722661330665333
0.006226813045009633,3.3533016508254128
0.020165368206004994,0.05
0.00312476977752639,4.088744372186094
0.005480654969810046,1.9393696848424213
0.004406628797489889,3.831215607803902
0.005932265043097372,4.42551275637819
0.0030905849912568617,1.983941970985493
0.004183665856098959,3.675212606303152
0.007528469131069693,2.4148074037018508
0.012820639670130883,2.8531015507753876
0.00751114381287013,0.05
0.008996959592910941,2.201850925462731
0.011317422555810794,1.704127063531766
0.009122655962550776,3.620735367683842
0.004784990714331978,0.5427713856928464
0.009303654184587479,1.6768884442221113
0.009570234677051287,0.05
0.0030858389697695915,2.2315657828914457
0.0038599068959395133,5.0
0.00437176300220514,3.1131065532766384
0.004968232488931794,2.6649074537268636
0.005940408606059058,2.2117558779389697
0.015496759407253737,0.05
0.010396871630075626,3.2294897448724362
0.0021378845709517647,3.142821410705353
0.00544395448995641,4.440370185092546
0.0029725715881309955,4.834092046023012
0.012296082174989446,0.05
0.007572723321613753,3.665307653826914
0.0049918408870145425,1.6224112056028015
0.009102491352056277,1.241070535267634
0.013285681466085296,2.536143071535768
0.01804235093378509,2.387568784392196
0.009874819461702995,4.2348424212106055
0.006701845492105105,5.0
0.01021644299998524,4.962856428214107
0.008053534643363447,1.7957478739369688
0.005852794537909475,0.05
0.008933537905806047,0.05
0.011156201524996967,1.2361180590295149
0.03293917448833036,0.05
0.006648356887931944,2.5014757378689345
0.011489899192222576,4.606278139069535
0.004743667763946205,2.219184592296148
0.011956054284958821,1.857653826913457
0.006768150985866764,1.166783391695848
0.01064792531323118,3.489494747373687
0.018078947518673033,1.9542271135567786
0.010016252196706807,4.31655827913957
0.002006544441486152,1.3450725362681342
0.005459735536082477,3.1898699349674837
0.009716255984621114,0.05
0.009152480714850891,4.2447473736868435
0.004027279085077995,3.0487243621810904
0.012354989696883471,1.2930715357678841
0.015194134000015264,0.05
0.0040427836191705285,5.0
0.003841736589378947,5.0
0.0032348903059409573,3.68511755877939
0.030144253916884835,0.05
0.00245508986825993,5.0
0.011329755815985713,4.395797898949475
0.007543622277788042,2.73671835917959
0.0028143943135941346,2.266233116558279
0.0037664620261409973,0.05
0.006684508779396407,4.970285142571286
0.01447836094045641,1.6645072536268135
0.00894391775660807,5.0
0.004318405372938178,3.7296898449224614
0.005629450105230846,3.9649324662331167
0.004055059766850402,1.8081290645322663
0.003618917513154407,2.4296648324162082
0.007059414413853028,5.0
0.003446587427112874,0.05
0.007445246807868039,3.4275887943971988
0.015357011856209454,0.05
0.0075824879576327775,0.05
0.00843130870407386,0.05
0.005796480392607953,0.05
0.01419289745956187,0.05
0.007628032044500417,1.647173586793397
0.013646428766973806,2.719384692346173
0.0032176759104406982,3.1007253626813407
0.0036383293939818984,1.9913706853426716
0.008598395926159103,2.4915707853926965
0.0023491852456314077,1.2658329164582294
0.005746722624297304,1.5753626813406705
0.005241689620232068,1.2460230115057531
0.00841727818101315,4.84399699849925
0.005283522300233226,0.05
0.005107765113320714,1.8403201600800403
0.005955976898291276,2.900150075037519
0.005695389071135697,5.0
0.015342735865612966,0.05
0.013924892423621424,1.8180340170085045
0.007441339467147617,4.346273136568285
0.0019910905773104365,1.877463731865933
0.004412221701163746,2.5287143571785893
0.0025486401925260554,0.05
0.005184113475366417,4.9653326663331665
0.01624988280360576,3.751975987993997
0.0065177177385206675,2.8456728364182093
0.03954784997705432,0.2084792396198099
0.008651586563496003,0.05
0.007179048657207587,3.306253126563282
0.0043759949962131756,5.0
0.004266507720029872,0.05
0.005439689531268832,0.05
0.006124113757691209,4.049124562281141
0.0038238226263966613,1.6224112056028015
0.008187319146743727,0.05
0.004113688134814934,2.172136068034017
0.005928804428378523,3.900550275137569
0.014281934497763958,2.900150075037519
0.008950201836789892,4.9455227613806905
0.002483314802763148,3.7247373686843424
0.00915844969824385,4.777138569284642
0.004107163275855044,3.516733366683342
0.0028605864111336254,0.9587793896948476
0.018411365477911862,3.7123561780890446
0.015647102658431777,0.05
0.00477314351746632,4.990095047523762
0.009987496342677704,2.919959979989995
0.011217604765400513,3.680165082541271
0.00801930536855304,3.5662581290645323
0.009591263101308277,2.256328164082041
0.0019445040626979715,1.2064032016008006
0.005425172054933536,1.7957478739369688
0.003976598994457854,2.3949974987493747
0.00413734944902007,5.0
0.01717321918405399,3.1972986493246625
0.0047117790183617,5.0
0.0067169956252021296,2.20927963981991
0.0022287655860041694,1.7685092546273138
0.019681247603619306,2.721860930465233
0.00900138942707749,4.3239869934967485
0.002530067770900063,1.689269634817409
0.01111341293184516,5.0
0.012686025289482053,0.05
0.005915384061161946,3.2393946973486742
0.0052686714265601925,3.8931215607803904
0.00729735698344177,2.7639569784892446
0.011696621131816722,1.8799399699849928
0.007150222918599666,3.4127313656828417
0.0038959867541569076,5.0
0.004252949089943531,2.9249124562281144
0.0011600008691449726,2.5856678339169585
0.006964673045797412,1.008304152076038
0.005409525822263367,1.8403201600800403
0.0127521215567891,4.834092046023012
0.005282967851585052,4.101125562781391
0.008286254554219524,4.62856428214107
0.009821907003361052,1.956703351675838
0.00461114240375797,2.7540520260130066
0.006008517269813232,0.8919209604802403
0.0052728845587085155,1.0652576288144073
0.005990810240668561,1.9591795897948976
0.005112022172988243,5.0
0.015918721992766824,1.746223111555778
0.007157051025906913,1.520885442721361
0.010953354117338054,2.778814407203602
0.009290244399439089,1.7437468734367185
0.0051968349596709235,4.957903951975989
0.018188983207627463,0.05
0.002258005852120659,0.05
0.005428197582357602,3.5613056528264133
0.003230351336140712,2.813481740870435
0.00808744253776223,3.5414957478739373
0.009779360704983413,3.4077788894447223
0.004530504173160019,2.667383691845923
0.013954944265806159,2.097848924462231
0.005069355042261026,0.05
0.006681548254281307,2.716908454227114
0.009133942227369296,3.759404702351176
0.0016642374586242487,5.0
0.01274706858701477,5.0
0.009793356193619263,2.986818409204602
0.008074718355204194,1.483741870935468
0.0025780585196632233,1.478789394697349
0.031570587467236504,0.05
0.005888883565628451,5.0
0.015902262166657834,4.972761380690345
0.010610549196736742,5.0
0.011235816285087089,3.05120060030015
0.004751483781969157,1.9690845422711358
0.012644407572429427,1.877463731865933
0.010163783685489897,2.7738619309654826
0.0073896096106652875,0.05
0.005820283835181406,2.9026263131565786
0.008275265587398349,2.345472736368184
0.0037075481683590955,0.05
0.006635537944281809,0.05
0.008042377744930662,2.9397698849424714
0.027015644213626316,0.05
0.011868250736640648,2.8431965982991496
0.006638989879726845,3.8955977988994497
0.013422928634315656,3.066058029014507
0.007610592360119975,1.5456478239119562
0.00680216217019896,2.0706103051525764
0.006536183261197641,4.239794897448725
0.011715860578033616,3.3013006503251625
0.006078586666099478,2.4321410705352675
0.009195929430541122,4.484942471235618
0.005647414034851625,3.58111555777889
0.004112598819867544,1.9666083041520763
0.02602436369317237,0.05
0.002574691379193597,0.05
0.0005174757091751248,1.8799399699849928
0.0045875124652196425,4.192746373186593
0.0030380674550738174,5.0
0.002347997348751296,3.479589794897449
0.002291487606331702,4.84399699849925
0.006077248770764661,0.05
0.012329663748112077,2.1597548774387194
0.0038129813009859306,2.0706103051525764
0.010902122741068637,3.199774887443722
0.004203185762472986,4.2447473736868435
0.01581122475265022,0.05
0.005260611356348421,2.0508004002001
0.010205735990934162,1.5332666333166585
0.007816094404552582,3.9401700850425216
0.009898958490275125,2.5534767383691848
0.006685132842900503,4.257128564282142
0.0023677104256249054,0.05
0.004173662921810234,2.971960980490245
0.004359752739596885,3.204727363681841
0.0017632151991736067,4.987618809404703
0.00685469924784117,4.84399699849925
0.0050688550012640415,3.150250125062531
0.017174081204315052,5.0
0.0070216935822646626,4.125887943971986
0.002866502428589948,3.742071035517759
0.004021088779050039,5.0
0.011548751328140226,3.2492996498249127
0.0038706264823603898,5.0
0.003955174077048235,0.05
0.0013568678772464676,5.0
0.007486994575878675,5.0
0.011996584726805828,2.372711355677839
0.003961267034225641,5.0
0.00563383992881826,4.343796898449225
0.0033345183642794624,3.2666333166583295
0.008564336033364914,4.140745372686343
0.015169675910765519,1.6595547773886945
0.009099979439694095,5.0
0.007583105376040775,1.4441220610305154
0.009915576294347465,5.0
0.007092425386310483,3.8782641320660334
0.004883242702332813,4.905902951475738
0.013321302993309941,3.57863931965983
0.003696355579075758,1.4441220610305154
0.010084386463902716,2.8580540270135066
0.0015018712791034228,3.410255127563782
0.003945974220948459,1.404502251125563
0.0060507204316590235,2.994247123561781
0.010589090614187488,2.5708104052026015
0.00748730147830981,2.357853926963482
0.016697305943432376,1.7214607303651828
0.009047768280412281,2.7689094547273636
0.027517893170640594,5.0
0.00800490168583283,0.6269634817408706
0.0017187661982579483,3.838644322161081
0.004202438132773212,0.05
0.008574666599123537,2.003751875937969
0.00940778701075061,4.692946473236619
0.003036309092496692,4.653326663331666
0.02412345126741197,1.4664082041020512
0.010590410639125095,0.05
0.007338294078575322,3.846073036518259
0.009915909883017035,5.0
0.0029527280133138933,4.31903451725863
0.012406544984574913,5.0
0.0050710389712975285,2.63024012006003
0.0038594298898763507,4.366083041520761
0.005651598655672857,0.05
0.0029803488326072547,4.712756378189095
0.006202720821200228,0.05
0.0013699914074592756,3.31615807903952
0.010015533689455278,1.6917458729364685
0.004576399455186224,2.2687093546773385
0.0028326636585013915,2.6723361680840423
0.004478842686971324,2.3553776888444222
0.01494703188145749,2.820910455227614
0.012700458976321556,1.4267883941970987
0.012164159496971201,3.2592046023011507
0.003658393057547782,0.8003001500750376
0.005609081272237901,1.1717358679339671
0.008681302782468772,0.05
0.01536161707644948,0.05
0.0052815222169033185,1.278214107053527
0.00229408249646669,3.563781890945473
0.005244589980267729,0.05
0.007790224291539721,3.6454977488744373
0.03007190036344426,3.9971235617808905
0.006246146425215392,1.409454727363682
0.009636270597616348,1.862606303151576
0.006236441551419003,0.7210605302651327
0.003760177751138391,4.432941470735368
0.01751731867218729,0.05
0.02616723716505122,1.835367683841921
0.006382953322554369,1.909654827413707
0.000919721107765524,5.0
0.004187275064735471,1.7264132066033018
0.0207188612611343,3.8856928464232117
0.00915083601448674,1.919559779889945
0.00928146216604099,1.8031765882941473
0.009074327029576904,4.799424712356179
0.010800510169626548,1.082591295647824
0.017144679274274113,4.338844422211106
0.00805381083042872,3.8237868934467234
0.01451169577345797,1.2806903451725864
0.00834641570812765,5.0
0.00865834947993753,4.479989994997499
0.007589685925817963,4.247223611805903
0.011888391615957332,3.6331165582791396
0.016100610601632266,2.984342171085543
0.00279437332721727,5.0
0.0026729283790677405,1.5035517758879442
0.003577014987119251,3.7717858929464736
0.005006670735375085,3.9649324662331167
0.005735679252195848,5.0
0.009230347743352865,2.0953726863431714
0.005814251502983869,4.465132566283142
0.0052186611288838475,3.2740620310155077
0.010803573185984405,1.535742871435718
0.011097956811053994,1.3029764882441222
0.003727994380803311,5.0
0.007789791523113557,3.5761630815407703
0.005032093302501803,4.94799899949975
0.005249499085370785,0.9909704852426214
0.0038103343329294465,3.0115807903951977
0.016296276509863927,3.442446223111556
0.011171035167985698,5.0
0.014780186639308468,4.987618809404703
0.003778875004749216,0.05
0.007605055463533586,5.0
0.006655577519864099,0.05
0.0050558915930077886,5.0
0.0021891054683764455,0.05
0.007391175487802992,0.05
0.010112043194606318,1.6694597298649327
0.009210023948727789,4.690470235117559
0.004741005803064413,4.111030515257629
0.013611165232974592,3.8955977988994497
0.005350161320559724,0.05
0.01104933881384254,5.0
0.0038609094173739505,3.0982491245622814
0.015635596288588044,4.8761880940470235
0.007653632280950812,3.3731115557778892
0.0038976748945251938,2.652526263131566
0.012614988561630486,5.0
0.016735177070678356,5.0
0.01212510978670088,1.7189844922461233
0.005841053282252477,2.5485242621310658
0.005639116460070627,1.1989744872436219
0.0017423838396356806,0.2233366683341671
0.00253480088504604,2.3157578789394697
0.01011437420999231,2.2909954977488747
0.0020694476787395527,1.1395447723861933
0.00437416382702549,4.202651325662831
0.004505696621264668,3.0487243621810904
0.017901183728620665,1.3029764882441222
0.011849822237135953,1.7660330165082543
0.004630106663496149,3.8287393696848424
0.011752612747235602,2.5113806903451725
0.013598313812754184,3.0091045522761384
0.005966362049718996,5.0
0.005367897529049009,2.8407203601800903
0.006335486427206383,0.6022011005502752
0.018607004592261653,2.4321410705352675
0.0025002932840862135,0.05
0.003669671782423632,0.05
0.011320332434319458,2.731765882941471
0.015214350426956243,1.119734867433717
0.006648283845306524,2.2588044022011005
0.015039225700706677,1.5283141570785395
0.0034898124314464013,5.0
0.010923321989410699,4.920760380190095
0.01740520042260038,0.05
0.014761315670598012,0.05
0.008483590209362901,4.544372186093047
0.008458400212278623,3.120535267633817
0.010516924265892541,1.6248874437218612
0.0037312395069732385,3.873311655827914
0.0034921336906195144,4.125887943971986
0.00612424088017597,4.89847423711856
0.006950892813813517,4.1754127063531765
0.0035308234542361996,2.640145072536268
0.014443277721427568,4.829139569784893
0.016054096253551947,4.972761380690345
0.0076754256136879195,1.3054527263631817
0.005674123731444103,4.645897948974487
0.014843874646737837,3.400350175087544
0.0037477850058222975,3.831215607803902
0.005895407806639094,2.8753876938469234
0.014240306070590347,1.2435467733866934
0.009670186228407499,3.9500750375187597
0.013063931740233674,2.803576788394197
0.0069594684729326894,1.2559279639819911
0.01640569419088672,0.05
0.011872329964562042,2.5955727863931966
0.011883838301226135,1.119734867433717
0.012737069676853285,2.498999499749875
0.019422580470833707,1.2633566783391696
0.0075711677661153,5.0
0.005678643560221033,2.7391945972986496
0.010946389296570477,4.460180090045022
0.005007990724242663,1.8279389694847425
0.004123459763966636,2.0953726863431714
0.010162944750278735,3.3334917458729367
0.009395028671639272,2.9125312656328166
0.003728033347631547,5.0
0.0078078473744814594,0.9166833416708355
0.005043657933883033,4.57903951975988
0.0032183924832029157,5.0
0.008192879379702075,4.418084042021011
0.006620479552725961,4.84152076038019
0.012969808320779236,5.0
0.012543909330313643,0.8696348174087045
0.0017218405158685723,4.061505752876438
0.013497969973936458,0.05
0.005735203581323053,0.05
0.004305794546048819,4.024362181090546
0.007433769226515757,5.0
0.0034039419806509985,3.5018759379689848
0.008994901249993234,3.5464482241120563
0.005293401773152358,5.0
0.011983954925745922,4.824187093546773
0.009968816719226725,3.066058029014507
0.006939510441503538,4.873711855927964
0.00596122189313647,5.0
0.006459219189575829,5.0
0.008143658623252593,0.05
0.010424171088394288,0.05
0.0031871205248997017,0.05
0.012280811587465204,2.451950975487744
0.00796091320020742,1.7709854927463733
0.006457154480326369,0.05
0.002635493515890451,4.794472236118059
0.007529227236330864,0.05
0.00747340112875812,4.7969484742371185
0.019353206970532638,2.531190595297649
0.005399580175554822,3.672736368184092
0.004114536742026741,4.039219609804903
0.001065586349782932,1.956703351675838
0.018864620905345908,0.05
0.005736276270490184,4.143221610805403
0.013080058950826062,0.05
0.015728584773861895,5.0
0.011912905127657879,2.4049024512256127
0.007579118651461637,2.657478739369685
0.009124912459928261,5.0
0.006837714519059249,1.1420210105052528
0.007996054627961727,2.5807153576788395
0.029112501835562493,0.05
0.003083230205674567,0.830015007503752
0.0023667529518432984,4.081315657828915
0.006732126938985353,1.820510255127564
0.00448786475287119,3.484542271135568
0.006221122100835433,5.0
0.005593551539150643,4.4725612806403205
0.007259427399420801,2.3479489744872435
0.0037353078196086867,3.957503751875938
0.006438005486407335,0.05
0.0029332821821026756,4.551800900450226
0.014696549032740355,2.825862931465733
0.006259842715620162,5.0
0.010011288063966922,1.3425962981490747
0.003952833100834732,3.7296898449224614
0.0025012485856986053,5.0
0.009480202125125778,4.757328664332166
0.0031619551091429943,1.5184092046023012
0.022188882390428002,0.05
0.005302394714737042,5.0
0.001454949496515645,3.1131065532766384
0.011299345986777447,2.2290895447723864
0.01209227888505831,1.2980240120060031
0.010232360992027394,2.5980490245122563
0.008858990167809395,5.0
0.015527560706085339,1.3227863931965984
0.008854585911787102,1.7338419209604805
0.005216048069231566,3.8757878939469737
0.007635044665536259,0.8696348174087045
0.010217834619674702,5.0
0.01563594870802911,4.8860930465232615
0.009962693392638028,3.4696848424212106
0.006831169139871057,0.05
0.007797577786730042,2.3256628314157077
0.015774862112423002,2.214232116058029
0.018580169822232186,1.2262131065532769
0.0063813180987920826,0.05
0.0024834304264211293,3.4597798899449725
0.009037819154339308,0.05
0.010760199078536328,2.882816408204102
0.007025175456067935,0.5601050525262632
0.018675837023190006,2.7070035017508753
0.0018044125610212208,3.1651075537768887
0.01836405229591368,0.05
0.009374240412261904,1.0677338669334668
0.00641499309924555,2.801100550275138
0.011381868268025758,3.620735367683842
0.0202529999125085,0.9711605802901452
0.003439324864347282,5.0
0.003571948281790596,4.509704852426213
0.0028721672537069115,4.3933216608304155
0.011353534630888798,0.8102051025512758
0.015311340249144406,1.241070535267634
0.000956461603452613,4.125887943971986
0.012811020667981232,0.05
0.007362053418017246,0.9835417708854428
0.022885244653671158,0.05
0.0039231149837177515,4.427988994497249
0.006854489204214026,1.0429714857428716
0.004337267981577256,4.366083041520761
0.009482755826038247,3.8138819409704854
0.010055763220315123,1.1692596298149076
0.023695215445671963,0.05
0.005214482165229323,0.05
0.010945305527777408,4.891045522761381
0.004109973070851522,5.0
0.005278911869953683,5.0
0.007867610809962344,0.05
0.0120850758557325,5.0
0.014676781567619132,4.655802901450725
0.0031267751171620353,2.976913456728364
0.004485252966649131,2.494047023511756
0.003806366704087377,4.10855427713857
0.008617313255967027,2.3281390695347675
0.008713190022291303,4.269509754877439
0.014655398111613684,2.2315657828914457
0.010814032146306295,4.170460230115058
0.008548170908399835,5.0
0.00568671593020853,1.0553526763381693
0.016060830099497152,2.808529264632316
0.011613419485039439,4.499799899949975
0.01665118510253495,0.48334167083541774
0.010941655178351495,3.2592046023011507
0.008951092746799047,5.0
0.0014958590809748123,1.6917458729364685
0.006332060915726197,0.7854427213606805
0.002805311376299066,4.3041770885442725
0.0047867387395328295,0.3545772886443222
0.005031353191596213,3.1056778389194597
0.012164981466920605,4.839044522261131
0.005032942330047571,0.05
0.004817671914792751,1.0256378189094548
0.003685846211867738,1.1147823911955979
0.007543992351708904,0.05
0.01124200945531012,3.78911955977989
0.005403225874102635,4.782091045522762
0.002503196031721708,4.4626563281640825
0.0022069393935526677,5.0
0.003866276709505387,1.7090795397698852
0.006383885236153859,0.9587793896948476
0.002052800749545655,0.05
0.0022018462349456674,4.044172086043022
0.008200287469761022,0.05
0.005451175112985575,1.647173586793397
0.004020883141724184,5.0
0.011791736195963867,0.05
0.005931246325521923,2.741670835417709
0.006152948960674698,2.7441470735367686
0.00933185142227981,4.665707853926964
0.007641475267019124,1.409454727363682
0.00614288168510202,1.3401200600300152
0.015996638207058884,0.05
0.007659012761581888,0.9860180090045024
0.005038577301787035,5.0
0.006713294989173786,5.0
0.009112762141294833,1.3846923461730867
0.0044576974347402334,4.524562281140571
0.006118551573925136,0.05
0.003992657950104839,4.707803901950975
0.0076791234424706395,0.05
0.00831680846983443,5.0
0.0036799709080105464,5.0
0.013646851723195415,1.5753626813406705
0.012425869067849003,0.9117308654327165
0.008500097241219515,5.0
0.006952489963353611,3.6504502251125563
0.0017268423719426287,3.199774887443722
0.004947073232410913,2.1325162581290646
0.00301090989277418,1.6867933966983493
0.008308173954299572,3.2592046023011507
0.007235537927875624,0.6542021010505253
0.005706276101424074,1.5926963481740872
0.009953857266602167,1.7957478739369688
0.006026038889008822,2.167183591795898
0.010570282231921128,4.026838419209605
0.00701876219351788,2.082991495747874
0.0023349005197162015,2.3157578789394697
0.013930608220472172,2.813481740870435
0.019073524005266768,4.3338919459729865
0.004747610968874577,3.8015007503751876
0.004914417980696674,5.0
0.010018020708017175,4.863806903451726
0.011177779250453435,3.2988244122061032
0.004481049344709345,4.742471235617809
0.0022496156462243136,5.0
0.002657663425324079,2.625287643821911
0.006245594043563653,2.112706353176588
0.005427011585872471,5.0
0.011581354921714908,1.7957478739369688
0.006480974711686294,3.1106303151575787
0.014998069735161546,2.645097548774387
0.008541303940921195,0.05
0.004856963888221932,1.0900200100050026
0.010173990473647872,1.4144072036018012
0.004482173715386596,1.3401200600300152
0.006276210879337926,1.983941970985493
0.006757643613349046,0.8795397698849426
0.006426461172026082,4.658279139569785
0.010279795917867374,2.5807153576788395
0.009304749410613683,2.9991995997999
0.004468221518900736,1.6323161580790397
0.0039645893727767376,3.3582541270635318
0.005648888623680515,2.825862931465733
0.009514990178965704,0.05
0.003123352590181247,3.1329164582291145
0.002911450364523449,1.6744122061030517
0.008153690362591212,3.6875937968984496
0.01017245719705237,4.3834167083541775
0.010108189978802112,2.1597548774387194
0.0037493519469853492,4.083791895947974
0.006860441799512035,0.503151575787894
0.0027765307610402856,0.05
0.006290027025728909,4.011980990495248
0.0036727700535083424,2.41975987993997
0.007936227821887028,0.26048024012006005
0.005767182804479826,2.6129064532266133
0.013445212286491648,0.9884942471235619
0.01740413246035967,1.3698349174587294
0.006842708125421662,2.0607053526763384
0.004987073882478293,5.0
0.018393649255647813,4.457703851925963
0.01777558623725032,3.6603551775887944
0.005807582488444846,0.05
0.00727754673665354,4.73504252126063
0.0040276043012193105,1.2262131065532769
0.008792046517986755,2.476713356678339
0.019426027093950173,0.05
0.005845713999298778,3.1230115057528764
0.013244142113460242,1.4317408704352177
0.013390895272518938,4.385892946473237
0.011544095486139619,3.8881690845422714
0.012114041555608426,4.9356178089044525
0.006860223957993766,3.2443471735867937
0.0031654986544961683,3.5613056528264133
0.007218597062972107,4.982666333166583
0.009288650533227333,4.061505752876438
0.008204876418500678,0.1639069534767384
0.002559096991503265,4.544372186093047
0.0077318466688177725,1.5902201100550277
0.0036237710367017714,1.7239369684842423
0.004854016451228509,0.05
0.00803916652047719,2.967008504252126
0.008813055004008155,5.0
0.012867480008906751,2.357853926963482
0.0023876763270654355,3.836168084042021
0.004952387742254066,3.811405702851426
0.018131038769556608,0.05
0.006339870462955172,5.0
0.017485756120491955,1.0652576288144073
0.0022091936323692662,3.1898699349674837
0.0033621027944480547,5.0
0.006297384324702018,5.0
0.005542646166959861,4.286843421710856
0.005168865755857774,3.652926463231616
0.005724279080174602,0.05
0.011922915294240069,5.0
0.015047713788292491,4.727613806903452
0.006472661220962905,1.1766883441720861
0.009395674019462966,0.05
0.008368690895982023,3.0957728864432217
0.004966610222085922,1.2088794397198601
0.008742169909316054,4.192746373186593
0.005048012079318501,3.8881690845422714
0.007048621689256837,2.011180590295148
0.00619778997730161,3.78911955977989
0.004779396177655798,4.073886943471736
0.009357580533822359,0.9637318659329666
0.013663175017548546,5.0
0.002275751694666539,0.05
0.009044829568354139,5.0
0.007925596512743868,2.0582291145572786
0.013678286838052015,0.05
0.011763921074558648,5.0
0.0070773220908454115,3.036343171585793
0.004566628280288754,3.494447223611806
0.010178531369336122,4.774662331165583
0.011282174422273222,3.199774887443722
0.007067165260285557,4.8662831415707855
0.005137389551738439,1.699174587293647
0.014256536246125759,2.900150075037519
0.010411447394267276,5.0
0.002052074975160037,3.910455227613807
0.00810083574915442,3.4449224612306155
0.007116126583500124,4.57903951975988
0.007775932945935565,2.5658579289644825
0.020086597565909123,0.9488744372186094
0.0022192361972930355,2.4494747373686843
0.0029099843270471923,0.05
0.010457067908325832,4.036743371685843
0.006862559734847146,0.3124812406203102
0.006464317284367409,4.638469234617309
0.009715478951616063,0.05
0.014667285793191383,1.3747873936968487
0.0024745721070816296,2.9348174087043524
0.01703713221024334,1.4763131565782894
0.008458895605376437,2.1448974487243624
0.013795650970836168,3.7148324162081043
0.004390384859623189,3.3508254127063535
0.010918070491668166,3.922836418209105
0.006525702383366881,1.857653826913457
0.013410106813034547,4.477513756878439
0.009044322077287177,1.704127063531766
0.008050873523866728,1.961655827913957
0.007636528737036491,0.661630815407704
0.012257097179899569,1.647173586793397
0.01020885282010546,4.913331665832917
0.010848179057814336,1.129639819909955
0.019144552613888782,0.05
0.01686374159394656,2.73671835917959
0.019133797027353315,2.5708104052026015
0.01237044532865235,3.479589794897449
0.008827847979013759,2.36775887943972
0.0036301581578668946,2.751575787893947
0.0051426712083822435,2.877863931965983
0.005569190695701401,0.05
0.006093683963239768,1.2088794397198601
0.0041889723015607686,5.0
0.005550270395412185,0.5402951475737869
0.012749837339425675,1.4589794897448727
0.013111299872539686,5.0
0.00907413857343306,1.4490745372686344
0.006104095719859738,2.3108054027013507
0.0032705407535444098,2.278614307153577
0.012152652097965615,1.3921210605302654
0.0035845749616577466,1.983941970985493
0.012290965708171911,2.994247123561781
0.008802177020519678,4.712756378189095
0.008575369980479447,3.7816908454227116
0.008746658063893908,0.4882941470735368
0.009279950430346684,1.7660330165082543
0.0017837576119626858,4.5418959479739875
0.008540837607819346,4.42303651825913
0.010149994086549569,4.123411705852926
0.010898681621985644,3.078439219609805
0.004052722675105827,1.7536518259129568
0.004171462992151549,0.05
0.005804745310328312,4.8959979989995
0.010413827067745157,0.05
0.008676099309332996,4.774662331165583
0.007734053656001674,3.063581790895448
0.00874795986861817,3.6331165582791396
0.008266122844772517,4.222461230615308
0.002976376961454641,2.3256628314157077
0.0038249276504287166,0.05
0.005632608014959226,5.0
0.006815280672360272,0.7284892446223112
0.014055829642394144,3.135392696348174
0.006190212086226637,1.0355427713856928
0.008621494415872913,2.9323411705852926
0.007221180348436176,0.8745872936468235
0.00314585537981657,3.172536268134067
0.00518467575779212,0.7606803401700851
0.0098465201616202,5.0
0.0034711658911349558,5.0
0.005719574817389994,1.1123061530765384
0.011430881717128721,1.4862181090545274
0.002480298718561827,2.974437218609305
0.0027013397664099187,2.100325162581291
0.004941454987412712,0.05
0.005305210845204161,1.0974487243621813
0.011902851829748907,3.7767383691845926
0.007193951139948612,1.9220360180090048
0.004006650182212246,2.4073786893446725
0.008907348834714196,0.05
0.0026716033062891276,0.05
0.019505790684771596,4.695422711355678
0.008437208581996786,3.816358179089545
0.008111111217760092,1.9666083041520763
0.011651150398039004,2.531190595297649
0.011247862589061366,3.8807403701850927
0.00779566473838654,4.435417708854428
0.003801764034957106,0.05
0.0082716844334184,3.5291145572786395
0.0011718641554026715,4.767233616808404
0.010212842713014127,2.20927963981991
0.00524137635481893,2.6649074537268636
0.007424861321277676,3.4597798899449725
0.0032795060552188587,0.05
0.004975613078948546,3.873311655827914
0.006065018910494997,5.0
0.014907408376525544,4.561705852926464
0.006111371604601998,0.05
0.002247922465582114,5.0
0.009504568470532118,1.0900200100050026
0.002571814506694338,4.123411705852926
0.010545527726933346,0.05
0.005417597085463424,2.5386193096548273
0.004910039434242799,2.2538519259629815
0.007766816568970401,3.3929214607303653
0.015031951995423731,4.831615807903952
0.015885104680494283,3.222061030515258
0.01083979486816454,1.3698349174587294
0.001098297210980384,3.484542271135568
0.00666380697699602,4.7969484742371185
0.008550858131215755,4.47503751875938
0.010855190951188629,1.7709854927463733
0.004072863911566596,4.700375187593798
0.011822936487960789,3.5192096048024015
0.007596810764881029,1.446598299149575
0.0256027237659376,0.05
0.011229363889545249,4.2546523261630815
0.006707680713438295,1.446598299149575
0.005426860075862086,3.1106303151575787
0.00964982234801065,5.0
0.0056600161107757604,5.0
0.0032859267815924242,4.477513756878439
0.005390264883370258,3.0165332666333167
0.006886287040005712,5.0
0.008543882585986741,3.3656828414207105
0.008367092273243872,4.655802901450725
0.004593384147632176,5.0
0.009302441514306273,0.7755377688844424
0.006185210995011126,4.26703351675838
0.006216267778143547,4.5418959479739875
0.0029847287546964987,5.0
0.003576306914298666,1.6026013006503252
0.004046742279436008,2.120135067533767
0.005436845312957128,1.1964982491245624
0.018308019512449272,0.05
0.011255520811243341,1.283166583291646
0.011204798726891077,1.0058279139569786
0.010435464087899915,2.1275637818909456
0.003837431643736483,2.6649074537268636
0.0030050057552314935,4.336368184092046
0.0030621819253945012,5.0
0.007140477799021591,4.311605802901451
0.007660279725631873,5.0
0.009725043270317466,2.52623811905953
0.007557812516132516,3.4870185092546273
0.005404590494791181,3.1700600300150077
0.003691956067790929,3.2963481740870435
0.0064580168988893905,0.7854427213606805
0.010752223360490677,1.4317408704352177
0.007382433809787023,1.3227863931965984
0.01767758769642963,3.9500750375187597
0.00770380978788171,2.5955727863931966
0.004752070689408416,5.0
0.009619770592281751,3.8980740370185094
0.017986477303636936,0.05
0.0075444463594079025,2.4346173086543272
0.0070894690314217,4.232366183091546
0.004783068800788583,3.657878939469735
0.019233926636701974,2.204327163581791
0.0066158872703279276,1.941845922961481
0.0005604167293834089,0.9488744372186094
0.019453783282983264,4.801900950475238
0.006509767444152263,4.1655077538769385
0.0029947102142364457,4.725137568784392
0.015086587232857544,2.357853926963482
0.01186157435150341,2.3009004502251127
0.011988177105069046,3.7074037018509256
0.009886329472911501,1.773461730865433
0.013619500221349265,1.652126063031516
0.009133173350643044,4.601325662831416
0.010566460743278827,1.2683091545772889
0.006310406923473413,1.0677338669334668
0.011077502351770477,4.029314657328665
0.024269445873368045,1.0206853426713358
0.013668707744918684,5.0
0.01580321176110553,3.952551275637819
0.0024684083179078997,2.0681340670335167
0.004438049518257103,3.4597798899449725
0.006901260544514384,4.427988994497249
0.0045466522197903855,4.400750375187594
0.002841496543965885,2.610430215107554
0.006413580984263138,5.0
0.006818490427059523,0.9884942471235619
0.021063856943762928,2.350425212606303
0.002540120721014158,0.05
0.016084336620779634,0.961255627813907
0.014336059689325047,1.9814657328664333
0.0067377002300102184,1.862606303151576
0.008846026651093478,2.189469734867434
0.0024915161016306475,3.6355927963981993
0.011107500542327328,5.0
0.0057796597115874065,3.415207603801901
0.013344638756924362,4.995047523761881
0.008973861751549392,0.05
0.003977693410225108,3.479589794897449
0.0016678871455538258,5.0
0.01082396917901822,2.130040020010005
0.014119057513957804,5.0
0.004097562560979054,2.040895447723862
0.008353209431113777,1.5109804902451227
0.0017875926360271452,4.36855927963982
0.008556884965220647,3.494447223611806
0.006852422594703922,3.3508254127063535
0.018746931381806414,4.011980990495248
0.00941375629198405,1.2955477738869436
0.005579684208648843,4.375987993996999
0.008917611708267645,1.862606303151576
0.01146188123462765,1.483741870935468
0.01111177186171064,0.05
0.003759294923002643,2.035942971485743
0.003943223111466498,4.57903951975988
0.013986453760960749,2.7590045022511256
0.014231008717542591,0.9513506753376689
0.013476490642591488,4.997523761880941
0.002758706765586677,5.0
0.0029942933350132483,1.904702351175588
0.007974598420101633,3.4969234617308658
0.002274850619701285,1.0677338669334668
0.006613929755199588,0.48086543271635823
0.011001757893118275,4.138269134567284
0.017390518780198844,2.204327163581791
0.005319439367765716,1.3500250125062534
0.004318274087269522,4.611230615307654
0.00781461384848358,1.605077538769385
0.012220553942181384,0.05
0.0019371840387278072,2.645097548774387
0.005320742929385641,2.5113806903451725
0.008030876008428826,3.7173086543271636
0.009452661805471718,1.1321160580290146
0.0034271532585094175,5.0
0.0018109662207149019,3.826263131565783
0.017489062525137697,0.9909704852426214
0.008361995937163955,1.0627813906953478
0.0037148872386476017,4.2546523261630815
0.01341665424643184,1.362406203101551
0.007680615480044513,3.516733366683342
0.009300579797554075,4.985142571285643
0.0025442681986885957,2.1325162581290646
0.0035524108024930917,5.0
0.013500220910061873,1.5902201100550277
0.008841343576217416,1.1692596298149076
0.00547045696214242,4.772186093046524
0.010099452300890197,4.306653326663332
0.004609294232971045,3.504352176088044
0.005188433211884544,3.7866433216608306
0.0021186427978798703,3.3929214607303653
0.010222566222827356,1.3450725362681342
0.02008130614643982,3.868359179589795
0.006959311755075255,2.008704352176088
0.005420581228195512,2.716908454227114
0.005122554995037207,5.0
0.006477720366749692,1.2212606303151576
0.005123130207794535,4.093696848424212
0.01042830774347956,5.0
0.00446125300086745,1.562981490745373
0.01533014898549137,3.957503751875938
0.011543344352338482,4.78704352176088
0.015895665107133514,4.873711855927964
0.004020519024438035,1.741270635317659
0.003601393348629335,0.05
0.009610064855810188,2.0854677338669334
0.0037497395494388228,5.0
0.004445238483174574,0.05
0.020985695774936204,0.05
0.009068022523411032,4.613706853426714
0.003665994858308659,4.777138569284642
0.0065290430719359555,1.3326913456728366
0.006834397445243882,1.488694347173587
0.0007712303533535941,3.47463731865933
0.005432794567872129,4.623611805902952
0.004031578066870073,0.8151575787893948
0.030984739833875716,0.05
0.01878271902847487,1.2930715357678841
0.006575158124765619,3.3731115557778892
0.008503659280096137,3.4275887943971988
0.0012116188202077813,5.0
0.012879513137635579,5.0
0.0057531151561712734,1.6818409204602303
0.007841795259761628,4.445322661330666
0.005869539404624147,0.05
0.007650684686980241,1.6125062531265635
0.006188032809349299,3.5192096048024015
0.009870311428083978,5.0
0.002313769640901797,3.1972986493246625
0.015500861734451268,1.1519259629814909
0.00594976736951032,2.107753876938469
0.006107458741449627,3.4919709854927463
0.013752528232880819,1.6546023011505755
0.01077555960717845,2.0433716858429216
0.0028858305204574053,1.0479239619809906
0.008884235711530922,3.4919709854927463
0.013322589999577,3.219584792396198
0.009687434788919674,5.0
0.005319867817337745,2.021085542771386
0.002817934239739521,4.413131565782892
0.010271731743456164,4.747423711855928
0.0043380646686757285,1.7437468734367185
0.011776914129811092,2.57823911955978
0.007394552523132938,3.046248124062031
0.02497381885890794,4.660755377688845
0.006865657829629279,3.2715857928964485
0.015188094476965987,2.1647073536768384
0.005945856731352943,0.05
0.027864904262962516,0.05
0.006645782791155158,2.4247123561780892
0.010969833451011046,2.8456728364182093
0.007764810837778524,2.087943971985993
0.013026854396582396,1.2014507253626814
0.014018514669476886,1.8923211605802903
0.024088238190890204,0.05
0.010921163664999296,5.0
0.011078963205424189,5.0
0.0032402885215940813,2.6178589294647323
0.004467398901805544,4.536943471735868
0.010949499244286592,5.0
0.007868304551341264,4.52703851925963
0.007168751853883659,4.445322661330666
0.004501770391085541,1.8180340170085045
0.007185746843957452,5.0
0.004785631875528509,4.150650325162582
0.0015875711045012647,5.0
0.006397607059177163,4.450275137568784
0.006901188321752232,0.8646823411705854
0.011321202552239049,1.9740370185092548
0.010081095915661503,0.8993496748374188
0.008660998465239156,3.484542271135568
0.012004879691644231,0.05
0.0037587142288477565,0.05
0.003388789882859927,2.1572786393196597
0.0043404363985685285,3.227013506753377
0.014785860513781474,4.021885942971486
0.007024021650764226,4.115982991495748
0.0015703515297088022,1.5085042521260632
0.004023148856448083,0.9117308654327165
0.01787270241080606,4.588944472236118
0.011470294457822737,5.0
0.010587971089806011,0.05
0.007463161810889324,1.5803151575787895
0.006612868051252246,2.825862931465733
0.002541162556564072,5.0
0.005314796182022435,2.6005252626313156
0.0023321006739575115,4.26703351675838
0.015996336332347955,0.05
0.006228049889180534,1.862606303151576
0.0016733837014997893,5.0
0.006860085310677444,3.7173086543271636
0.008346712622093258,4.690470235117559
0.010997103865279578,2.288519259629815
0.008272250233794243,3.231965982991496
0.017609636600795536,5.0
0.00831901090982276,2.6797648824412206
0.004867040674040812,5.0
0.007017951588638854,1.5085042521260632
0.01348641313024354,0.05
0.005736709642424093,2.0656578289144574
0.013512959898133586,3.4548274137068535
0.005419525393631552,3.605877938969485
0.0027160151417868345,1.5654577288644325
0.016958102008479525,0.05
0.015585040026076552,3.1849174587293647
0.0018008278313905723,1.8031765882941473
0.008994908323205021,2.5212856428214105
0.006815230250911478,0.834967483741871
0.011314054379567152,3.1824412206103054
0.0018919220620519928,4.046648324162081
0.015991179965907418,3.920360180090045
0.004536298223571961,0.9637318659329666
0.021538417334451748,0.05
0.014581800520705401,2.303376688344172
0.01585004223771974,0.05
0.011638812920944888,4.42056028014007
0.0019800943008659727,5.0
0.006016079554053956,4.140745372686343
0.0064864649095219,0.9043021510755379
0.0074743708995965025,5.0
0.016012666165789648,4.648374187093547
0.010619852886143415,5.0
0.016877124924236146,0.05
0.008857845742859312,1.5976488244122062
0.006870966730018781,3.7074037018509256
0.005459585666876612,3.150250125062531
0.0060410448757536594,4.26703351675838
0.0061850340373239415,1.1816408204102054
0.007170448563016865,2.194422211105553
0.019859873868156346,4.89847423711856
0.00805856512471062,0.9587793896948476
0.011172609873225318,2.271185592796398
0.009255984269793974,4.413131565782892
0.003420539092934591,0.05
0.005659774989885194,0.05
0.007849466637634736,2.9075787893946976
0.0037436282528072323,5.0
0.005274294698410814,3.150250125062531
0.0050571848052333515,3.57863931965983
0.0038652283541133065,1.5605052526263132
0.006508132546760775,3.442446223111556
0.0035446089841188605,1.4862181090545274
0.013000877946716421,0.05
0.01461138631053751,5.0
0.00778690605278802,0.5180090045022512
0.0015888865140606112,3.1007253626813407
0.009116681517768947,5.0
0.00840433864392462,3.9649324662331167
0.013012062799097626,3.784167083541771
0.01380186184980381,3.9822661330665334
0.004466451876331476,0.2233366683341671
0.010502354638916328,2.494047023511756
0.008736147550316195,1.325262631315658
0.007752295154542399,4.851425712856429
0.0028636918696439,1.362406203101551
0.006474170322481272,5.0
0.013487360915570623,0.05
0.01862686458253275,1.9913706853426716
0.013964104007440088,5.0
0.01878572814511855,1.4540270135067535
0.009702358517617492,3.4721610805402703
0.011538231635361926,4.046648324162081
0.01225780155493679,1.530790395197599
0.0303007318515031,4.891045522761381
0.003632984921123253,1.483741870935468
0.003460550075221218,3.784167083541771
0.004750171182262446,0.05
0.011708102379970817,1.7066033016508255
0.005899799154820154,3.615782891445723
0.0026291078171165466,5.0
0.006063076572401377,2.989294647323662
0.013846275854422357,3.989694847423712
0.016390685966008664,0.05
0.009398204499823648,1.7189844922461233
0.0229406332735152,0.05
0.012974088278764714,4.623611805902952
0.0026635676578839473,4.180365182591296
0.005184220664523703,1.2757378689344674
0.005017375466987849,4.839044522261131
0.0074560262129670304,3.1081540770385194
0.004262912017697559,4.720185092546274
0.0029078874356245274,5.0
0.003582144560531249,2.3182341170585294
0.002602492621561911,0.05
0.009777793709862953,4.720185092546274
0.00203156947430274,0.05
0.0010242523421036959,5.0
0.00518812180769488,1.3599299649824914
0.011515730068449956,0.5180090045022512
0.004702280427162406,5.0
0.008499726518397296,0.05
0.005706655088499213,5.0
0.008898140058089046,2.1424212106053027
0.00803940429780161,2.3306153076538267
0.007192161129746771,4.529514757378689
0.002927620933981828,0.05
0.007824417865907138,1.8007003501750878
0.022142652052814057,3.4127313656828417
0.00497003059215706,0.830015007503752
0.0072513524166498144,1.778414207103552
0.016196972224195735,0.05
0.007425787021549085,1.0578289144572288
0.002909282130980198,3.73711855927964
0.006891832351054741,4.219984992496248
0.011094681904440726,4.380940470235117
0.005065967731229873,5.0
0.011146698743973144,1.4614557278639322
0.016773780908300465,0.05
0.020113702406669806,0.5303901950975488
0.02061365665816879,0.7284892446223112
0.005318896397979056,2.191945972986493
0.017524468307825045,0.05
0.009487855638536637,5.0
0.0060969334165200464,1.5654577288644325
0.002731425609724822,2.1498499249624814
0.003225699780903979,3.846073036518259
0.011548328064417815,0.05
0.017787890198764172,0.05
0.01493938479529125,4.759804902451226
0.012292652850950533,4.52703851925963
0.004456148096857557,3.657878939469735
0.011670318832844154,4.289319659829915
0.00497738682574847,5.0
0.006685146462865714,4.442846423211606
0.01225570480639649,4.140745372686343
0.018917941206100283,3.8138819409704854
0.0059238661410510735,4.774662331165583
0.009343244149808215,0.8003001500750376
0.011408046912029679,2.186993496748374
0.015479537525039166,4.26208104052026
0.01452167424802707,4.665707853926964
0.006412208138175404,4.722661330665333
0.02232471040129049,1.4763131565782894
0.012887866230376785,0.05
0.00465772693916347,4.967808904452227
0.005422738973221673,0.05
0.0018346723145806487,0.05
0.012593598901653721,0.05
0.009567947145268874,0.05
0.013038613575641081,4.861330665332667
0.009617465793773414,5.0
0.014490052948358464,4.093696848424212
0.018156646190762703,2.011180590295148
0.01872390462413201,2.4049024512256127
0.006304751361517202,3.58111555777889
0.007540574126696162,1.1915457728864434
0.007876055024556308,3.3186343171585793
0.004938709253696598,0.05
0.008110862453283879,3.0957728864432217
0.006655109358147657,0.05
0.0041219912213899534,0.05
0.005091755223602529,4.678089044522261
0.003281155422124621,1.9269884942471238
0.011745443192581098,3.905502751375688
0.006929340947436052,1.535742871435718
0.00379230331013327,2.4247123561780892
0.007596550752566045,0.05
0.003971624894014848,1.4490745372686344
0.002664855163353616,5.0
0.005374610961366225,2.3553776888444222
0.006883282073223307,0.05
0.004019805426712812,1.7090795397698852
0.006341886515700723,1.045447723861931
0.005732211067528442,1.9690845422711358
0.01121719701635853,1.0479239619809906
0.024390044721565973,2.446998499249625
0.007263521395719667,1.5283141570785395
0.017713015321664853,4.467608804402201
0.005063272689958764,4.554277138569285
0.004205954477276876,5.0
0.005336888890990939,4.120935467733867
0.004556808933287498,1.1469734867433719
0.01734398848373145,0.05
0.004170970520354297,3.0338669334667334
0.0035033157651051805,3.066058029014507
0.007526991869369712,0.05
0.006807739136799371,1.956703351675838
0.01974247426445598,0.05
0.0039039222441574345,0.05
0.005874802779432267,2.560905452726363
0.005919067527962722,5.0
0.010598364773756606,5.0
0.007976825121539494,0.05
0.02548082718781077,0.05
0.006256274843246701,5.0
0.010856093930500951,0.3644822411205603
0.011329256580847269,4.470085042521261
0.0072349651799439585,4.601325662831416
0.00839978533869782,4.172936468234117
0.008242511453423355,3.1056778389194597
0.0048123183629768945,5.0
0.006221522794639597,2.345472736368184
0.019922510155798517,0.5056278139069535
0.013240723368234564,1.2584042021010506
0.0010582903687711281,0.05
0.012716065987350797,0.9315407703851927
0.005133493819708193,4.710280140070036
0.013531923081386496,3.504352176088044
0.008587254807770728,2.4816658329164585
0.005137312608914563,3.5662581290645323
0.003432725946163409,0.4783891945972987
0.012427813176908609,3.1032016008004004
0.005019245332835057,2.0780390195097547
0.0038520529308183477,4.3239869934967485
0.004255708259218324,0.05
0.0033481963826580696,4.980190095047524
0.008612816475262255,1.1890695347673839
0.010274191861799994,0.5997248624312157
0.008028214168198294,2.4148074037018508
0.012371898561152186,0.9884942471235619
0.0034647169157135047,1.4961230615307655
0.008126047221287694,2.7862431215607804
0.00398491899213594,4.237318659329665
0.010786809904151096,2.4024262131065535
0.009373986168860572,3.6133066533266636
0.006710850888224401,5.0
0.01059324068610884,4.960380190095048
0.021489758510568127,2.112706353176588
0.012396036519210743,1.4490745372686344
0.01130978716386323,0.05
0.017061356791701697,1.1890695347673839
0.004338405746589578,5.0
0.008953689888278979,0.872111055527764
0.0065578613972943345,3.078439219609805
0.007301773851432367,4.967808904452227
0.0043802481786841055,0.05
0.005097706982500644,2.2117558779389697
0.013091079930740004,4.172936468234117
0.00802601537501059,2.110230115057529
0.014769823891982586,3.26168084042021
0.008211641771681558,2.5188094047023513
0.014938975749163662,2.016133066533267
0.022357523497383416,0.05
0.011990355706924916,2.6550025012506255
0.00565761640098475,4.046648324162081
0.003996321087891677,3.0437718859429714
0.0006152534611567687,2.107753876938469
0.003044999965936823,0.8151575787893948
0.005554293000415253,1.352501250625313
0.0071465627521473535,4.274462231115558
0.018560718067566248,1.3178339169584794
0.00406233988363916,2.3132816408204104
0.008632599346374038,4.390845422711356
0.006776571565564382,3.9971235617808905
0.006525884240305771,1.9269884942471238
0.0037453097241630998,3.2171085542771385
0.014235935668977427,1.6694597298649327
0.010302059421432641,1.4292646323161582
0.005347322557662612,5.0
0.01518768193590335,1.2237368684342174
0.012381088685410518,0.9315407703851927
0.010676771034023785,1.78831915957979
0.014256812833952054,1.862606303151576
0.002430471963359389,1.4688844422211107
0.004770330518133831,0.05
0.024900874232538187,2.350425212606303
0.006321151629707825,5.0
0.008251542617939742,4.197698849424713
0.008281233818525635,3.26168084042021
0.004426279525401561,1.530790395197599
0.009742229415157178,2.442046023011506
0.018394677642492377,0.05
0.0034291350784534796,4.779614807403702
0.006813691017295648,2.808529264632316
0.007947522012508923,4.514657328664333
0.0029882611423462935,3.994647323661831
0.005765607115959956,1.8527013506753378
0.008113134485650916,4.10360180090045
0.0009691725636142429,5.0
0.006035527308789444,3.8039769884942474
0.006954320070090107,1.4342171085542774
0.016181970407429296,2.1275637818909456
0.008725798282085015,3.7197848924462233
0.007343886031769081,2.4296648324162082
0.007134287324965724,3.5464482241120563
0.01351335654683819,2.897673836918459
0.011957379587802144,3.8287393696848424
0.0152693977239758,2.793671835917959
0.00427319870966307,1.4763131565782894
0.007153624085550633,1.483741870935468
0.0077649771820963165,3.868359179589795
0.0016857485618608503,0.05
0.0013363377781939467,3.4771135567783893
0.00813203584267505,4.95047523761881
0.007670982573754717,4.477513756878439
0.008773282648770545,3.26168084042021
0.0026626137690235058,0.05
0.01147232905919815,0.05
0.010466745522293736,5.0
0.007227001933055491,3.9030265132566284
0.0036379364183795476,3.1923461730865434
0.005075801595408672,0.05
0.0043170647038573845,3.7940720360180094
0.005712935852513867,0.7656328164082042
0.009645764129550712,2.0483241620810406
0.008684340507353262,3.751975987993997
0.005676600119871748,1.7982241120560283
0.007909232796748732,4.247223611805903
0.006102576612589644,3.3879689844922463
0.0018424633545175012,5.0
0.0011963369602416007,0.8745872936468235
0.011607306691078068,5.0
0.0022843921014313734,5.0
0.012399391956744742,3.8955977988994497
0.008319964516729554,5.0
0.008884377986739023,2.5658579289644825
0.015252526854512012,3.6232116058029016
0.014000640432184838,1.119734867433717
0.007411032285497485,5.0
0.007363189620854402,1.2732616308154079
0.012431313188716563,5.0
0.012368746524207955,1.0974487243621813
0.004230645762551402,5.0
0.008246340266291133,0.6022011005502752
0.015215220903139232,2.10527763881941
0.005815974320171391,2.7713856928464233
0.004536427970550996,2.910055027513757
0.006524263034183964,5.0
0.003950029446853048,0.8968734367183593
0.008433490599780581,4.3140820410205105
0.008440493281632239,5.0
0.015005748957041681,3.9624562281140574
0.011491087449434757,5.0
0.013184712596353322,4.8860930465232615
0.018947037481161055,2.0904202101050524
0.013222994691493496,3.4176838419209608
0.0014124220331434498,0.05
0.010367933376700618,3.6380690345172586
0.016384485069447646,4.42551275637819
0.010501922620398223,1.7635567783891948
0.006554308291561145,2.6500500250125065
0.0008190799612193544,0.05
0.0034852970336771705,5.0
0.005295876278644945,2.0532766383191596
0.003948008335286128,3.227013506753377
0.008973552181615385,4.088744372186094
0.003921639546403406,2.2167083541770887
0.00258798006765687,3.8807403701850927
0.006613192771413735,4.148174087043522
0.011575239646187438,4.660755377688845
0.012622692027432957,2.867958979489745
0.005834836836095897,5.0
0.022520896164667195,2.7391945972986496
0.011182667844953156,3.078439219609805
0.0027384142841094805,3.920360180090045
0.006745619254305765,2.2414707353676837
0.007068471722158368,5.0
0.015713026318593698,3.130440220110055
0.004625967630472433,4.697898949474737
0.005226790503281814,4.784567283641821
0.006012610795110618,4.467608804402201
0.004796311569177994,0.05
0.01339406015778534,3.667783891945973
0.007983307532275913,3.811405702851426
0.00790870666629942,4.710280140070036
0.005772549988013138,5.0
0.004685211794316649,5.0
0.01203236041446644,3.8832166083041524
0.011764080647280122,5.0
0.01749064931923177,1.961655827913957
0.006714163695227746,1.2955477738869436
0.006747995189022901,0.05
0.0020318853656210514,5.0
0.022050572560444348,0.05
0.009540144213806084,1.2732616308154079
0.008901731624197912,4.89352176088044
0.0024076947258807047,5.0
0.007825646348209064,2.494047023511756
0.016111276028612606,4.187793896948475
0.0038471921846766483,0.05
0.005800138277366702,4.546848424212106
0.0074489260357904485,1.1816408204102054
0.002354697459590674,1.9368934467233618
0.0022094084548057308,3.536543271635818
0.006009520627276943,2.882816408204102
0.008713059641278928,3.068534267133567
0.009749973767078222,0.7136318159079541
0.003603467174842931,4.544372186093047
0.009350915038389612,4.088744372186094
0.005775731296541173,2.0953726863431714
0.01388248318797139,4.871235617808905
0.013323432506254188,0.9538269134567285
0.004276982727213718,1.2014507253626814
0.0017352946903184258,4.799424712356179
0.005683895405318579,1.4218359179589797
0.008622437713528774,0.05
0.004294354825747332,1.9641320660330168
0.0029426017607575156,4.8761880940470235
0.00803501072577241,1.441645822911456
0.005531271041083939,3.0190095047523764
0.012743048109839727,2.082991495747874
0.010836894711469057,4.279414707353677
0.008715209606582716,2.4544272136068033
0.006613983808223423,2.040895447723862
0.003336531001205456,1.5134567283641822
0.005273476160417678,5.0
0.00700482285727011,0.7136318159079541
0.0061265204445766774,4.863806903451726
0.00018410804758298843,2.5237618809404703
0.003861825161278941,2.9447223611805904
0.02225674022723753,0.05
0.00627884804106664,4.873711855927964
0.018823411325206207,0.05
0.012576782391992641,3.3607303651825915
0.0073641289520860465,4.286843421710856
0.0027858731802716044,4.861330665332667
0.009238566008132332,1.815557778889445
0.005058562665089833,4.259604802401201
0.0024003870600366947,4.321510755377689
0.009649968181607585,3.083391695847924
0.01218606204932255,1.2212606303151576
0.0030631152594320366,5.0
0.0031914663816800803,0.05
0.005545175207007799,1.0603051525762883
0.005040801895873276,4.507228614307154
0.006216950654505324,3.0908204102051027
0.008322077166235994,2.974437218609305
0.0047281676988683435,0.8448724362181091
0.0055902664519202755,1.3054527263631817
0.020868125354936276,2.6030015007503753
0.009831932420642446,4.732566283141571
0.00819932852116366,3.9030265132566284
0.005631736400137484,0.05
0.004461840418467353,3.6925462731365686
0.004089796585940705,4.923236618309155
0.014023596588398066,3.5761630815407703
0.010426119343885057,0.05
0.002117527536244529,1.830415207603802
0.014859740932430948,2.1696598299149574
0.011081661063100275,4.638469234617309
0.006610691058987997,3.9030265132566284
0.00746909328517531,3.484542271135568
0.005128657513046489,0.05
0.010918504140468868,4.601325662831416
0.002393232847432883,5.0
0.0061773386207022996,1.919559779889945
0.013693069543961656,0.05
0.004192685999769047,2.276138069034517
0.00947447291770026,2.890245122561281
0.008324085321184838,3.7247373686843424
0.012212466674843561,5.0
0.004213102105040639,5.0
0.006921506744392021,5.0
0.01300817064443479,4.138269134567284
0.0027875129736043766,2.610430215107554
0.0022950581897883543,3.8906453226613307
0.020603042755710323,0.05
0.010124862166179326,3.563781890945473
0.005617589067594617,3.4498749374687345
0.002776348210045451,5.0
0.01933396355238419,0.05
0.0036766054916372443,2.092896448224112
0.01585655147870696,0.05
0.004861686033707249,2.9917708854427216
0.0067799247500138216,4.732566283141571
0.00710820431248424,5.0
0.00594508502415364,2.667383691845923
0.0034488011942451838,2.9372936468234117
0.00721170589123106,2.7614807403701853
0.002691947929231553,1.9269884942471238
0.007667423396505203,4.62856428214107
0.00744033791540652,4.348749374687344
0.004443627389432464,2.340520260130065
0.005353714645684224,1.5431715857928967
0.017889597381828992,3.05367683841921
0.009824052363057528,3.774262131065533
0.009252171324067124,2.4866183091545775
0.003416551317049904,2.801100550275138
0.009640498043240568,3.4449224612306155
0.01079192280067963,2.5633816908454228
0.014969804903959036,1.9071785892946476
0.00496724625461218,2.541095547773887
0.007932966562001542,5.0
0.0033248799875607166,2.5113806903451725
0.013306135403535264,2.115182591295648
0.013433015793478456,0.05
0.019965775437515834,0.05
0.00523313857492444,5.0
0.022013825165670013,0.05
0.007799700200146462,2.7862431215607804
0.013925154670014844,3.647973986993497
0.01932958488736073,0.7359179589794899
0.004348216541890715,4.470085042521261
0.0061716776644129,5.0
0.0027621519922570864,0.14409704852426214
0.004333989072662046,1.5803151575787895
0.00861054478979395,5.0
0.0029939285829607837,2.006228114057029
0.007537339588053388,3.5018759379689848
0.002779898680864354,0.05
0.0028037396830982303,4.762281140570286
0.007458819007102768,4.58151575787894
0.004448365193209708,4.15807903951976
0.01110438170114092,0.8820160080040021
0.0035137700451204484,3.766833416708354
0.009211747846329492,4.73999499749875
0.011582823813166165,3.4820660330165083
0.005875474864297722,4.89847423711856
0.0044195980019761105,4.395797898949475
0.0073123141090197935,0.05
0.0066130213320837045,4.78704352176088
0.010883244059419678,3.9401700850425216
0.005282647822164588,4.271985992996498
0.005239444001621893,4.400750375187594
0.008527241337749639,0.05
0.0014563238453669247,5.0
0.007776748282504312,1.2484992496248126
0.005878976052579275,3.704927463731866
0.011705023490793026,3.31615807903952
0.015876660346902827,0.05
0.006303031649475238,1.0528764382191096
0.005978938775219059,5.0
0.0179791547126245,4.717708854427213
0.007925841108181071,3.0264382191095547
0.004129884941401679,1.8972736368184093
0.007192463018278555,0.05
0.004304134880677657,4.2546523261630815
0.012793407827830408,1.535742871435718
0.002682647890228096,3.236918459229615
0.003592669436829843,2.5658579289644825
0.00431230967434499,5.0
0.004579728668480457,5.0
0.0046392456242777685,1.1593546773386694
0.004971215142256319,3.5340670335167585
0.018586214416176715,2.5633816908454228
0.010662746400231106,0.05
0.01527348442999265,4.2150325162581295
0.004165663843371067,2.7441470735367686
0.01790950924216554,0.872111055527764
0.003469262143863769,1.4664082041020512
0.010852936122830587,0.05
0.0032204020385234317,2.0755627813906954
0.0057586485270496035,0.7854427213606805
0.004462786879582653,3.598449224612306
0.0015039036323695326,1.7140320160080043
0.008394549571102472,0.2901950975487744
0.019690470981686095,3.8708354177088546
0.009841470380197587,0.5774387193596799
0.007222563962682227,2.3974737368684345
0.0041231973215042905,5.0
0.0032846701935893147,1.5976488244122062
0.007574865104694899,5.0
0.008468273948782648,3.145297648824412
0.012688753236409112,5.0
0.0086782042095047,3.8089294647323664
0.010570218818578447,2.716908454227114
0.013259839807748225,5.0
0.009637830447446039,4.371035517758879
0.005283757607372458,2.097848924462231
0.009335007755604738,3.6405452726363183
0.004298420178888207,4.670660330165083
0.007583489053806819,4.098649324662332
0.00942696776440892,4.061505752876438
0.004470296817538813,4.596373186593297
0.002157317584204843,0.24809904952476242
0.0060180523818150755,1.1964982491245624
0.002905720218656302,5.0
0.005389316563147534,1.283166583291646
0.003429870743258512,1.9641320660330168
0.013787379739131661,3.7074037018509256
0.00541582235199442,2.2068034017008507
0.0008533407324884112,0.05
0.004762793200999385,2.013656828414207
0.006840735075775636,2.1275637818909456
0.014630058942967962,4.2348424212106055
0.012910380211799473,0.9736368184092047
0.008499359032703435,2.177088544272136
0.011414277398405698,1.1048774387193598
0.00839388268708588,1.8749874937468736
0.009367922410019595,2.8803401700850424
0.007007677484314148,0.05
0.0025416820811774293,0.05
0.01313726912772846,1.2658329164582294
0.012038537327592844,0.05
0.009302208194152159,3.1131065532766384
0.007001477500232979,2.2340420210105054
0.004894050086857282,1.3376438219109557
0.006374855736884982,1.2163081540770386
0.004454210105443092,5.0
0.010011233365126965,2.3529014507253625
0.009831631195515417,5.0
0.010277892974790037,4.078839419709855
0.007684133806705115,5.0
0.016922270019295152,0.05
0.003997945974141888,5.0
0.0060676023114166755,4.631040520260131
0.007263238902527898,5.0
0.00691913535417242,3.4820660330165083
0.008164583303493539,5.0
0.007469352166475901,1.7140320160080043
0.009117958006437207,0.8176338169084544
0.00988274454616328,2.2860430215107552
0.012674087071323767,3.4721610805402703
0.009316345474830956,3.2963481740870435
0.015442301871723553,2.3529014507253625
0.007067344687159152,1.9393696848424213
0.013227241361682462,5.0
0.008712446061469578,1.357453726863432
0.00418452352281154,0.05
0.0012481379542684454,3.5291145572786395
0.006345403471847963,3.1329164582291145
0.007019118212146333,1.8502251125562783
0.008644306018088375,1.3797398699349677
0.0009538704368897769,4.192746373186593
0.0025760067551586774,2.803576788394197
0.010199149532442733,4.900950475237619
0.003940551762487907,3.4399699849924965
0.004342842841695893,5.0
0.004155167273520111,2.7713856928464233
0.006859343352625641,3.405302651325663
0.006428828418127475,5.0
0.01185956764196329,1.7189844922461233
0.00596534216167019,5.0
0.016120622906027608,2.2439469734867434
0.006936664979983229,2.4841420710355178
0.008896768754183132,0.05
0.0076533698783936635,4.281890945472736
0.007832718233945407,1.4218359179589797
0.013444368708558654,4.338844422211106
0.00564480987708553,1.0429714857428716
0.005619303644662316,1.5506003001500752
0.005498400933611702,3.3830165082541273
0.0041055346902549306,3.4622561280640323
0.009269698466461765,3.868359179589795
0.00762403271915682,0.05
0.01094214591636676,5.0
0.003816207850772503,0.05
0.004535011046482074,2.6599549774887445
0.008408471961330377,1.003351675837919
0.010552505549942998,2.186993496748374
0.00423342233364192,5.0
0.012069005296304051,5.0
0.0046082946185415224,1.8799399699849928
0.009848213174048194,0.05
0.009139280957619296,4.665707853926964
0.0026602507485192495,0.8052526263131566
0.006801996837090277,2.5138569284642323
0.0030413454156648784,4.626088044022011
0.0036748517534794106,4.408179089544773
0.0043696332724186965,4.415607803901951
0.015300822595105054,0.05
0.0032939620827043686,3.7866433216608306
0.0047636841748078945,3.910455227613807
0.007611957536350911,3.6405452726363183
0.008658320186949717,2.3207103551775887
0.009961117507943665,5.0
0.012646452810919202,3.536543271635818
0.010678968215667967,4.571610805402702
0.008299276932789396,0.05
0.010280573163353762,4.561705852926464
0.007755366631603096,5.0
0.003930182623255743,3.7074037018509256
0.005064267108856463,2.546048024012006
0.003593471945804484,4.712756378189095
0.014592991909071568,3.1873936968484244
0.007864979113535286,2.8332916458229116
0.0035291714642228106,0.05
0.010973251875673232,0.05
0.005313349486788355,3.2492996498249127
0.007533012804878961,1.488694347173587
0.01654655078235965,1.1395447723861933
0.00686301597690156,2.6599549774887445
0.004243633326770482,3.6405452726363183
0.009297388644168354,3.4077788894447223
0.0048663524376972855,0.05
0.011507094192947029,3.6554027013506754
0.00989572859898799,2.811005502751376
0.005536932614251727,4.269509754877439
0.0070202186548195405,3.410255127563782
0.008238997001633906,4.388369184592296
0.009002076451182735,0.8225862931465734
0.007260139951710598,4.829139569784893
0.0057393894840180315,5.0
0.006114803183607742,2.5906203101550775
0.009913283851347432,3.52663831915958
0.010770553972651684,1.7586043021510758
0.00466410520279275,4.430465232616308
0.006228806403369626,5.0
0.010605268928123815,4.0763631815907955
0.005558593228279042,1.6496498249124565
0.007524774883393245,2.466808404202101
0.017616528500738644,0.05
0.03012756156870383,0.05
0.01228304910378216,3.8955977988994497
0.022089258257551217,0.05
0.005245461586244601,0.05
0.022639527070794613,0.05
0.01976823277347569,1.2633566783391696
0.005860065930688947,0.6789644822411207
0.009537243902835627,4.678089044522261
0.015851066838584567,3.3929214607303653
0.006164018116185568,5.0
0.006873119380560913,1.4342171085542774
0.0020942375736278454,3.672736368184092
0.004662283577809678,3.1279639819909955
0.003514725347336156,4.427988994497249
0.0012196064176434734,3.3805402701350675
0.014894855319863155,5.0
0.0032086292342518377,3.447398699349675
0.004270871240532645,4.073886943471736
0.007051743402831212,0.9884942471235619
0.003227874738966366,0.05
0.008078006149653316,0.05
0.007533011194892317,0.5229614807403703
0.0045916787172584905,2.798624312156078
0.0039375884723723,0.05
0.010191099456433629,1.1321160580290146
0.004401158174911254,4.769709854927464
0.004316708115512463,0.05
0.002801054470661521,2.5757628814407205
0.02101070763243504,4.1655077538769385
0.004193421808401571,5.0
0.012621141669172123,1.478789394697349
0.004276572707255719,2.2414707353676837
0.007412837270568545,4.640945472736369
0.013204438729286075,1.399549774887444
0.009844634386404677,4.143221610805403
0.002115047686508595,0.708679339669835
0.007765389307568121,3.150250125062531
0.004952991399964864,3.9773136568284144
0.00392693202203076,5.0
0.00501654463344018,3.4176838419209608
0.0042784395652665785,3.140345172586293
0.009032009410303792,4.569134567283642
0.021005924366563317,4.227413706853427
0.010544551496956454,0.05
0.001445205583376949,4.036743371685843
0.006620442525300002,4.237318659329665
0.006939445800585947,0.5303901950975488
0.004837549640553704,4.3239869934967485
0.013329855452229401,1.9666083041520763
0.005990422581812857,4.3735117558779395
0.002553628303193514,1.4069784892446224
0.007937420183061969,3.84112056028014
0.004114935370729919,1.4218359179589797
0.006293276698514191,4.94799899949975
0.006333299601269937,3.26168084042021
0.013075869753519723,2.2687093546773385
0.009407956866950076,0.05
0.007530795872090025,4.73999499749875
0.004670652413339554,2.013656828414207
0.004071705436377464,0.05
0.003656887155875435,2.3553776888444222
0.017440463103841078,3.586068034017009
0.006467894790838605,0.9983991995998001
0.006521651773316567,0.05
0.014390374344865106,3.704927463731866
0.004323655820469341,3.1007253626813407
0.009690898778589599,4.385892946473237
0.006289877050804624,2.0433716858429216
0.019030738825028967,1.5382191095547775
0.0076010210000605205,1.5555527763881942
0.009896446602034106,3.5761630815407703
0.006160919421109835,2.9026263131565786
0.0025119621617594873,3.9797898949474737
0.0044801194045042125,3.0487243621810904
0.006815339049908234,2.4024262131065535
0.006525578238688254,1.825462731365683
0.004574011454821517,1.0702101050525263
0.004828148446712741,1.9393696848424213
0.013684345208801199,2.7862431215607804
0.004380917068527737,2.5188094047023513
0.023273164455664463,0.05
0.012516196454547893,1.8502251125562783
0.014293447686424057,3.5489244622311156
0.002575364110082648,3.120535267633817
0.006653050434524542,5.0
0.01238621935882997,3.3582541270635318
0.006064390946313218,5.0
0.007792758536508224,3.3780640320160082
0.012134138103496506,4.111030515257629
0.002754200920193864,3.7123561780890446
0.0044725996120654615,0.05
0.007931294044774648,3.593496748374187
0.006052736162170003,1.7957478739369688
0.002139717982830025,5.0
0.013826442027089651,3.1750125062531267
0.008735981144850927,4.853901950975488
0.0027913828301889265,2.5807153576788395
0.004167044533179877,2.5584292146073038
0.007129266064446929,4.078839419709855
0.010186313099920227,3.479589794897449
0.00799589727633502,4.219984992496248
0.010282580620903634,5.0
0.007494829484308643,3.662831415707854
0.0013143827858856164,1.825462731365683
0.0064277933644015725,2.194422211105553
0.010105852251816538,0.05990495247623812
0.008035641294805107,0.05
0.003699728226710372,0.05
0.003178613113525519,5.0
0.005945973016465017,3.9451225612806406
0.006046042310115282,5.0
0.006307357492365287,5.0
0.003440460089923339,0.7433466733366685
0.007930128923259595,1.0429714857428716
0.007892413031557646,4.42303651825913
0.00519402953616506,5.0
0.019489884915714947,0.05
0.01322336607767028,5.0
0.006822359619808802,5.0
0.003004100749829,3.3013006503251625
0.015623163741222273,1.941845922961481
0.006066764932643874,1.8180340170085045
0.017677002277900943,0.05
0.010900526432795057,0.914207103551776
0.01049215756845144,0.9810655327663833
0.011488937991423961,2.5708104052026015
0.007609469987362269,4.9554277138569285
0.01038127994239011,1.2509754877438721
0.004025312137197867,0.9711605802901452
0.015193387552465756,1.3871685842921462
0.010900123913235277,3.9723611805902954
0.00701550249222492,3.430065032516258
0.007043175142680547,2.8555777888944474
0.014905170688905837,5.0
0.016463925622085436,3.326063031515758
0.007492085245343033,3.0165332666333167
0.005258883537658278,3.3632066033016508
0.011944498303332343,0.05
0.014491106186927886,0.05
0.0033151141789596814,1.694222111055528
0.011649828848951618,5.0
0.00402183193957685,1.0999249624812408
0.003534043490605876,4.489894947473737
0.002743570341356541,1.6075537768884445
0.009851369135619827,5.0
0.011012877102918699,4.227413706853427
0.0033702595642150224,4.415607803901951
0.02317238877180694,0.5254377188594298
0.0030968345653998794,4.073886943471736
0.0021703927714449914,0.05
0.004726995124206088,1.5134567283641822
0.014531880437231678,1.7635567783891948
0.009372481345435009,3.0066283141570787
0.011646471227932671,3.848549274637319
0.001976964654195071,2.1325162581290646
0.006169099988018435,3.345872936468234
0.002634112860460801,4.492371185592797
0.008098379489391315,1.9814657328664333
0.0047525368496805775,0.05
0.010340454187886094,3.5439719859929966
0.011723931073058219,4.328939469734868
0.0031476012325203293,1.6694597298649327
0.007885450508596417,3.145297648824412
0.00908979279406709,2.3751875937968987
0.005078911859766798,1.4961230615307655
0.004754959350356643,5.0
0.01629407550278658,0.05
0.010259094286702075,4.190270135067534
0.011873764681061244,0.5204852426213107
0.017389685459672316,0.05
0.0020771342428487216,5.0
0.010357216666702106,5.0
0.005405212551999161,3.699974987493747
0.004541524752659357,5.0
0.003413866828429993,4.276938469234618
0.011978261048506876,1.99879939969985
0.023886828683996053,3.764357178589295
0.004956044740754215,1.3401200600300152
0.0025727118609172317,1.4540270135067535
0.006815163798120555,4.42056028014007
0.005771441559537814,5.0
0.011410515232352939,0.05
0.011618941862024848,4.618659329664832
0.0082610458771816,1.956703351675838
0.003144011939030883,4.952951475737869
0.011649837435522538,5.0
0.013339846161208493,2.6847173586793396
0.005850082373577176,1.4688844422211107
0.01752562169424663,4.3834167083541775
0.002458094935915617,2.8555777888944474
0.010083719140021014,3.7940720360180094
0.007721828900034658,1.4020260130065034
0.006129783709259484,0.7111555777888946
0.011668954873035597,2.806053026513257
0.007103592018400613,2.7565282641320663
0.010415980709844272,0.05
0.01257835812275497,0.05
0.006030161012123836,5.0
0.014066235672943801,2.5534767383691848
0.003309278513133007,3.667783891945973
0.011494424124376512,1.3549774887443724
0.006730319601532135,1.9789894947473738
0.005482605932355639,0.05
0.005316001661325356,1.3599299649824914
0.02520649901311748,3.7990245122561284
0.006757694160947014,3.3929214607303653
0.006821057555423116,3.600925462731366
0.00406375592511421,5.0
0.007272928123202647,0.5378189094547274
0.009135136133643647,5.0
0.006420097267636399,1.5035517758879442
0.004596041129710238,1.6546023011505755
0.004745404639714561,2.5039519759879942
0.013103805667684987,3.6380690345172586
0.004545120309638648,2.57823911955978
0.005895760494813745,3.930265132566283
0.0069191195539530514,1.993846923461731
0.00492837706781471,4.63351675837919
0.008873498277004899,4.42056028014007
0.008043064937421573,3.083391695847924
0.004109161964457153,2.8704352176088044
0.003376708764861014,4.42551275637819
0.009463064387976061,5.0
0.009912006827399206,1.6744122061030517
0.0049051147385707344,3.751975987993997
0.005196599387621681,3.3384442221110557
0.009114365050638618,0.05
0.004318380191988658,2.5584292146073038
0.0067595851953391045,1.7635567783891948
0.014350109058284558,1.2905952976488246
0.007396521093307379,4.658279139569785
0.01587705030737186,4.187793896948475
0.010553041538990851,1.9344172086043023
0.004584886811420302,2.7070035017508753
0.004945789661998878,1.5060280140070037
0.016181646180396247,3.816358179089545
0.005850641664885428,1.8031765882941473
0.005438996599137755,2.251375687843922
0.010293741824360672,1.6669834917458732
0.006692280695059102,2.560905452726363
0.003114215797883818,5.0
0.016699634821579018,5.0
0.017733576036647596,3.7445472736368184
0.004109518140715751,5.0
0.009030354953515396,0.05
0.005425144418331765,3.8757878939469737
0.00613334498367174,5.0
0.00725625190674789,4.3834167083541775
0.012502404837417117,2.0532766383191596
0.003604892484541558,5.0
0.006057428778139126,2.6822411205602803
0.009172872488431093,0.05
0.011762978553464858,0.9117308654327165
0.007107078090098841,1.2732616308154079
0.012462059723272675,3.442446223111556
0.003424388186381258,3.0759629814907457
0.006697172240183985,0.05
0.00722582600325225,3.5192096048024015
0.0137230690401186,3.331015507753877
0.006918882025592765,1.3178339169584794
0.00951080752461983,0.9785892946473238
0.0027570301119727234,2.0012756378189094
0.004093991480983397,0.9463981990995499
0.009624596879046626,5.0
0.005222905088143867,2.7862431215607804
0.006945672159013823,0.05
0.009097305635536498,4.596373186593297
0.006378613172969283,5.0
0.006781005196306214,4.784567283641821
0.005146971307652855,3.2691095547773887
0.009524881133853497,0.7359179589794899
0.005169852170516284,3.1849174587293647
0.01909910430472074,3.6256878439219613
0.014235898786891271,0.05
0.012044832247789405,2.3207103551775887
0.007873959754953468,3.6281640820410206
0.00956861664249209,0.9959229614807406
0.008785474927795127,4.306653326663332
0.005748328363313862,0.05
0.005234501468625266,3.231965982991496
0.007792204357024879,5.0
0.0052687412682830975,1.652126063031516
0.0030151620194332346,0.9513506753376689
0.015599466885353068,0.78791895947974
0.00445498926224451,0.05
0.010265643003710051,2.256328164082041
0.012114592823469175,3.066058029014507
0.019393692209978178,5.0
0.008443704387323316,3.0982491245622814
0.010489543141194602,3.826263131565783
0.007095204667272412,2.8531015507753876
0.0028405958498916167,0.05
0.0038738295375038284,0.05
0.012045672867790999,4.522086043021511
0.01306987063618776,5.0
0.0018824150599583422,3.8832166083041524
0.008704457431769633,3.5439719859929966
0.003344228070828098,0.05
0.008006412109682143,0.8523011505752878
0.012337409344583668,1.3351675837918962
0.007132226484513317,4.683041520760381
0.00534394096147317,3.47463731865933
0.004659017204272864,2.568334167083542
0.001985044295216662,4.299224612306153
0.005855412207612348,0.05
0.000783479090064737,0.05
0.013032005252431332,4.784567283641821
0.008430882023293479,4.529514757378689
0.003490477208160009,3.6133066533266636
0.007666148771496156,1.6125062531265635
0.0273040390146704,0.05
0.009033261309206272,2.273661830915458
0.008707118342401184,3.0239619809904954
0.012194021431260256,3.0338669334667334
0.025255372159778897,0.05
0.008863895520074397,3.293871935967984
0.021753694891999714,3.5340670335167585
0.00661550613449334,4.440370185092546
0.003692208413170986,4.583991995997999
0.014350471429770403,2.830815407703852
0.00134596926251411,3.172536268134067
0.006289678066114787,2.097848924462231
0.0053284910852968576,4.388369184592296
0.00633624691243434,0.05
0.002962299509303573,3.147773886943472
0.007124092352723571,2.273661830915458
0.008318488857127077,0.830015007503752
0.0037762891007307453,2.667383691845923
0.014527582547016547,5.0
0.0033683762116822197,4.192746373186593
0.011119085753301672,5.0
0.003093367366276134,2.9298649324662334
0.009685505331733825,4.73504252126063
0.0030167766918886355,1.9690845422711358
0.012616961479109547,4.068934467233617
0.005218095150786903,2.281090545272636
0.0021265213011508327,2.900150075037519
0.007840798476084307,0.05
0.002829572266783993,1.1147823911955979
0.006041958764437805,0.7780140070035019
0.0050095595393678805,3.2443471735867937
0.008015349292902568,2.4098549274637318
0.0069357720487978475,3.4399699849924965
0.011918567994749732,2.994247123561781
0.007356357253837195,5.0
0.007621949239049949,2.461855927963982
0.009569644008815464,3.764357178589295
0.005673177274991718,0.6071535767883943
0.004401257007977319,3.2393946973486742
0.004469881177495569,3.677688844422211
0.01007853508013977,2.0607053526763384
0.00598635102603616,0.05
0.0037649420375065468,0.05
0.011839411529224561,1.914607303651826
0.002153633283356264,0.8473486743371687
0.010029683981995656,1.8873686843421713
0.006060309614430909,1.6248874437218612
0.011921810052447288,0.05
0.004961704984251039,1.077638819409705
0.00643973874743714,4.640945472736369
0.006226534792950628,3.499399699849925
0.006168941609663768,1.662031015507754
0.011276240574081865,3.2492996498249127
0.006081256946437616,2.1523261630815407
0.005762460842510933,3.605877938969485
0.008430855280105544,3.4350175087543775
0.007996753855040298,4.710280140070036
0.007743253122315524,1.6446973486743373
0.00993314200481897,1.8378439219609808
0.008638744112484734,5.0
0.004322251357300078,4.004552276138069
0.007492100578249013,4.668184092046023
0.0038931898959910435,5.0
0.009485902173477848,3.152726363181591
0.005626607565089245,4.133316658329165
0.00453670289754958,1.7338419209604805
0.004281897845416147,3.4696848424212106
0.0022669543690025037,4.9554277138569285
0.010567410723752307,0.05
0.0018907330922123683,1.662031015507754
0.0065889534564280774,1.1717358679339671
0.01026050889566539,5.0
0.010582068166966302,4.219984992496248
0.00602417012304389,1.7140320160080043
0.004720538833151239,0.05
0.008911580847758789,2.815957978989495
0.012036652227825684,4.3239869934967485
0.005971817486167971,3.241870935467734
0.01729985449085053,5.0
0.00985167936675864,2.976913456728364
0.008452010953597773,2.442046023011506
0.0028730313008169667,1.9393696848424213
0.007329937143280722,4.905902951475738
0.0014421098877817132,5.0
0.0012746111856154485,5.0
0.007672306027144235,0.6343921960980491
0.013489766195842356,2.4965232616308155
0.012210788412355233,4.7969484742371185
0.011177260599781497,2.3281390695347675
0.008548668671214774,4.039219609804903
0.0061582220212839794,4.593896948474238
0.011819211059080528,4.742471235617809
0.002686180144971864,1.087543771885943
0.006083317682458886,1.5654577288644325
0.010015572377782306,3.811405702851426
0.005335967465101399,2.4866183091545775
0.010418089254802206,5.0
0.006364344229906664,0.05
0.017249288055813716,4.202651325662831
0.0016699342827975472,4.024362181090546
0.00907131067754869,1.1271635817908956
0.013429783210540627,1.493646823411706
0.006393334698028025,4.375987993996999
0.015671936480208266,1.9765132566283143
0.006381108718556967,5.0
0.004348376762371403,2.8456728364182093
0.006716183669980641,3.2443471735867937
0.01123072679071592,0.05
0.005228304869493765,5.0
0.007351553398138595,4.195222611305653
0.0059369415773173895,1.6496498249124565
0.003060608390417517,5.0
0.007530238041678884,3.9971235617808905
0.011048115069401093,2.4222361180590295
0.009378232917823262,4.905902951475738
0.00519933501670615,4.995047523761881
0.010616264697897781,4.913331665832917
0.006163398089183911,3.227013506753377
0.02107693941161172,0.05
0.010120993319860064,5.0
0.008453521646491942,4.539419709854927
0.005034994195261655,3.831215607803902
0.009871042567975094,5.0
0.003791407473429341,3.036343171585793
0.011297464961971607,1.3797398699349677
0.014102288337233967,0.78791895947974
0.01351237521346739,4.021885942971486
0.003161587917158308,5.0
0.001633656701087477,4.806853426713357
0.015056170663695773,3.145297648824412
0.012064108828897413,4.331415707853927
0.009118536661069418,4.430465232616308
0.003348552910941466,4.9653326663331665
0.004423197364243535,3.511780890445223
0.013610609101529829,2.798624312156078
0.014831840664192068,1.773461730865433
0.012817965604535568,4.004552276138069
0.0038597394381883823,3.061105552776388
0.007865723708482195,4.762281140570286
0.01863415571824415,0.05
0.015001654829923917,0.05
0.005145699132302811,0.05
0.005005894743545999,1.0008754377188596
0.005574130538694683,3.8832166083041524
0.014889395202315664,1.166783391695848
0.006136419714607169,1.741270635317659
0.00860772477803562,0.05
0.001785673046506106,3.3879689844922463
0.010927304783561811,2.7639569784892446
0.002860395572849214,2.4494747373686843
0.011534310439857323,1.31535767883942
0.00575450050317796,3.8931215607803904
0.0063819005507142965,3.665307653826914
0.00774471272067255,1.5580290145072537
0.010832929821856921,3.831215607803902
0.007734890339014852,3.8658829414707356
0.00894078221669635,3.288919459729865
0.005748826271389347,4.784567283641821
0.0035662789177664522,2.0854677338669334
0.0036318059951543913,2.0706103051525764
0.00471651157075028,5.0
0.010005292140788352,0.05
0.004477142805619019,4.036743371685843
0.01073976809506165,5.0
0.007335359814621745,3.489494747373687
0.007789250759205432,4.829139569784893
0.0049550258723355944,0.05
0.0055172623863076475,4.2051275637818915
0.007258679202915806,0.30257628814407206
0.010762233247171585,2.731765882941471
0.009717087806567375,2.3900450225112557
0.0028358042446408466,5.0
0.01218081613173598,5.0
0.004867608920645028,0.9934467233616809
0.00988317518873115,3.509304652326163
0.0058677346372104505,2.6277638819409703
0.01303348650988987,2.905102551275638
0.007981362519619464,1.657078539269635
0.013924330458727964,1.2757378689344674
0.011523533732393815,5.0
0.009256676499655475,5.0
0.006356947234323895,1.7561280640320163
0.02572936402412232,0.05
0.007292587992232688,2.461855927963982
0.007326676864254519,4.987618809404703
0.010845307822843459,5.0
0.005818085206208939,1.6026013006503252
0.016219718401041805,4.484942471235618
0.002770135253109096,5.0
0.0017891757206113315,4.366083041520761
0.006132895968183262,3.7395947973986994
0.0027049859107498575,3.9921710855427714
0.005890175255355637,4.680565282641321
0.0054331011384341765,3.5192096048024015
0.010889685086579615,4.928189094547274
0.0019020526700426824,3.759404702351176
0.004026374628606444,5.0
0.013495260184106489,2.6797648824412206
0.004584055555422836,4.1357928964482245
0.009283318042912256,1.6546023011505755
0.010660077060267045,5.0
0.005917917446528587,2.4024262131065535
0.02102283655458724,3.2691095547773887
0.0025936281182023305,3.150250125062531
0.0056847237744523105,5.0
0.0030510430202745215,0.05
0.017344843251804784,4.918284142071036
0.008641586324802483,0.745822911455728
0.006416761513839159,2.1647073536768384
0.004719141796648223,3.932741370685343
0.01115436924919469,1.161830915457729
0.01992374704193768,0.05
0.009707640815104716,1.0380190095047526
0.011330151868982813,4.707803901950975
0.026523928446774647,0.05
0.010141663620119812,3.4548274137068535
0.00929500744354863,4.720185092546274
0.009251856409601023,5.0
0.003740810980853368,0.05
0.011719923246924335,1.7858429214607305
0.010693768710847526,4.494847423711856
0.011169313539809086,3.1948224112056027
0.005835072302186141,3.061105552776388
0.010183973765762022,4.091220610305153
0.007129191704222562,0.05
0.007245845840792832,1.357453726863432
0.004881965674876629,3.1948224112056027
0.004626105892974519,3.2492996498249127
0.0023168988369441784,5.0
0.0037803305300151413,3.2171085542771385
0.0016315890912431408,0.05
0.025002291762060792,0.05
0.0066375382403097705,2.981865932966483
0.014414424655648309,0.05
0.004167518672178516,2.981865932966483
0.012596094998361063,3.004152076038019
0.014290711276781796,2.986818409204602
0.00979971504121381,0.8671585792896449
0.0065889731074346425,2.6178589294647323
0.0037362903106510637,2.647573786893447
0.009064208083251007,0.6913456728364183
0.0050321371415557176,1.8527013506753378
0.013971950593544433,3.937693846923462
0.02497821787117871,0.05
0.006265942599866708,1.0751625812906456
0.00911144107084063,1.7090795397698852
0.004808315743864283,0.05
0.0028509745176424767,2.189469734867434
0.009593926318171075,1.73631815907954
0.0035646836505434445,0.05
0.0066658955306497375,3.6232116058029016
0.005799242455561376,4.848949474737369
0.008593446244093791,2.9348174087043524
0.009243536825378915,4.430465232616308
0.008233153798545653,3.2171085542771385
0.003766751323298373,5.0
0.006140572670611889,2.4073786893446725
0.007598993544984015,1.3970735367683844
0.009531668017268513,0.7557278639319661
0.009370069014248625,0.05
0.00743440574931753,0.05
0.0016309005607353516,1.9269884942471238
0.0029028848717216477,0.05
0.010330111106906001,1.9220360180090048
0.00742095922628995,4.534467233616809
0.005973453564470987,5.0
0.002981200584686379,2.0953726863431714
0.0033812139905628064,1.6694597298649327
0.00832880015320702,1.3871685842921462
0.007283857017614803,5.0
0.013688673089561648,2.36775887943972
0.00616992001505022,2.5906203101550775
0.005378458259041499,5.0
0.0020299024330556054,2.4866183091545775
0.00624857640525163,5.0
0.006180017331421872,5.0
0.005985018514617989,5.0
0.004507447837562045,4.645897948974487
0.006049880056554914,1.2336418209104554
0.008700616483579143,0.05
0.006217264593132037,2.8382441220610306
0.009422651075696016,1.1692596298149076
0.010922047344042826,4.697898949474737
0.0076143367474589,2.3553776888444222
0.005698348012098453,1.1370685342671336
0.005914585087500493,5.0
0.0036100823490702455,5.0
0.009699087339898119,4.695422711355678
0.0039407126565336945,4.088744372186094
0.018542322761862844,1.2014507253626814
0.007679880434545414,2.7614807403701853
0.0091500940407864,3.652926463231616
0.007060965677581139,0.48086543271635823
0.0069634281349572405,4.232366183091546
0.01599377779491286,2.783766883441721
0.008600274862056001,3.437493746873437
0.012406670782469723,2.6871935967983993
0.005022487351875535,3.3731115557778892
0.009306659819665053,4.195222611305653
0.004045361802621009,4.133316658329165
0.007162116712190969,1.8799399699849928
0.02134291661097009,1.4292646323161582
0.006262092282929219,0.05
0.006291115134460595,5.0
0.009836306900216397,3.2592046023011507
0.004309601898760423,5.0
0.006882662800617376,5.0
0.009998301551312018,1.5481240620310157
0.0065123960451397706,1.3698349174587294
0.007143002970370169,0.3248624312156078
0.01791812808569758,2.0904202101050524
0.0046805666528184214,4.0862681340670335
0.006302523376785052,3.288919459729865
0.0060358861827012195,4.757328664332166
0.006245656968995469,2.4024262131065535
0.007266008415501721,5.0
0.010345275516686674,2.3999499749874937
0.008321776724879479,3.0239619809904954
0.0021247794050720664,5.0
0.005716573412214959,0.7012506253126565
0.002071669668633702,3.6554027013506754
0.007724044828712501,2.4073786893446725
0.0016371025516128818,3.05367683841921
0.009065994393354773,3.4870185092546273
0.009469678898146747,3.142821410705353
0.004588781496718916,0.40657828914457234
0.013928312081876781,1.9492746373186596
0.008419615867730101,4.972761380690345
0.010421773902937123,1.9170835417708856
0.004641719121628557,4.655802901450725
0.011446501675919304,5.0
0.005662973704288615,5.0
0.008350170276403196,5.0
0.011135615708380925,3.2171085542771385
0.01341672019151531,5.0
0.005697654386482787,0.10200100050025013
0.014379750413791227,5.0
0.005993676167132367,4.0862681340670335
0.007802023586015366,1.9269884942471238
0.006028353415344363,2.4866183091545775
0.011173660829763697,4.774662331165583
0.006093662683276359,3.2121560780390195
0.008776688372614333,2.36775887943972
0.01546335076950521,2.023561780890445
0.0041576237686844625,5.0
0.011564771300401441,4.034267133566784
0.004178294750277138,4.658279139569785
0.004905908463617575,3.4820660330165083
0.009825947558214365,1.5109804902451227
0.01986219606457241,2.184517258629315
0.011431486193641358,4.148174087043522
0.005237272219342462,2.10280140070035
0.005490377362083784,0.05
0.0051831248932702675,3.1601550775387697
0.014818501500755074,2.9496748374187094
0.005264397001264479,0.05
0.005642565393123591,2.186993496748374
0.008333484006696312,0.05
0.014283127775134803,0.05
0.00984530842849473,5.0
0.0024279383730854906,3.769309654827414
0.003324973592339471,2.642621310655328
0.008138216789258537,2.7391945972986496
0.011561807385775155,0.05
0.017339126008617672,1.8799399699849928
0.005203407800482229,3.26168084042021
0.012162546653639729,5.0
0.006800685864689397,5.0
0.002578220945702425,4.249699849924963
0.00980418637275609,3.851025512756378
0.005923430007166414,3.071010505252626
0.020420528637749083,0.05
0.01718638407974079,2.006228114057029
0.013699627033064321,4.57903951975988
0.008256786424665971,2.9372936468234117
0.011048591635175284,4.26703351675838
0.009054367644567622,1.4193596798399202
0.011957808031507866,1.9542271135567786
0.004139564466163315,1.1544022011005504
0.0024518706243676844,3.573686843421711
0.006380848292044855,0.9092546273136569
0.021156746959824113,0.05
0.004568855722143439,2.560905452726363
0.00623985764351119,3.0091045522761384
0.00790443115915631,5.0
0.004308696349051941,2.726813406703352
0.005731092965140697,1.6669834917458732
0.010988201567348255,1.3029764882441222
0.004597776148723698,3.6034017008504255
0.0028742682904756983,3.8757878939469737
0.005945964606772436,5.0
0.008556719055282921,4.94799899949975
0.023765646414268704,1.3549774887443724
0.007721146812922533,4.163031515757879
0.00046537626302105284,2.345472736368184
0.02161615796549153,0.05
0.0082272443894396,1.988894447223612
0.0036391318992824995,0.23076538269134567
0.002371734296453376,2.645097548774387
0.0029363518927971316,3.5489244622311156
0.003717838449635684,2.7070035017508753
0.0020429668393009692,3.831215607803902
0.003041950945276005,1.488694347173587
0.0070394396370261625,1.05040020010005
0.0031581882658743288,4.62856428214107
0.005144789530536903,4.742471235617809
0.01523568697873201,4.4626563281640825
0.005052761608412296,4.846473236618309
0.008937893870858367,1.483741870935468
0.007330127714658408,5.0
0.0035779360009994127,0.05
0.012250814329852214,2.7614807403701853
0.00515573583575149,2.013656828414207
0.006299965065469912,0.05
0.0074394715114435295,5.0
0.007722831817873602,1.562981490745373
0.012502081590037968,3.605877938969485
0.0020812274200306333,3.6331165582791396
0.0038500417252672614,1.8824162081040523
0.007647108139467382,4.670660330165083
0.005526759077356808,5.0
0.002920830880002931,0.05
0.020977010264607646,0.8102051025512758
0.004272197773429104,4.8662831415707855
0.006120057201733586,1.2163081540770386
0.0020827461366831265,5.0
0.010656170204444163,1.8130815407703853
0.004495009465494901,0.05
0.012798803603415489,4.063981990995498
0.02235107029393621,0.05
0.005924754848320821,1.4985992996498252
0.005464794403768125,4.997523761880941
0.009928635413217882,1.5283141570785395
0.0022722853136997873,2.013656828414207
0.010406678738394771,1.7486993496748375
0.00489222374613088,0.05
0.005133618620020236,2.4866183091545775
0.005784581393809621,4.2546523261630815
0.006997172144625641,4.903426713356678
0.005194927962104225,3.306253126563282
0.005999897157293793,0.05
0.016296461233262574,2.5757628814407205
0.005338778497828961,3.754452226113057
0.0029710849605878303,1.1444972486243123
0.005877755241125535,5.0
0.009935014389191317,3.2171085542771385
0.024973198981326897,0.05
0.0058697459356074205,1.3648824412206104
0.004679579151289179,3.695022511255628
0.021136185681843937,2.699574787393697
0.009095961376174688,3.499399699849925
0.014006825755008709,1.6694597298649327
0.014822175148801013,1.7387943971985995
0.008703909793717338,0.05
0.0015091058466047969,0.05
0.004919032697338899,0.7705852926463232
0.0033368571566210203,3.4399699849924965
0.014584950114909193,3.3681590795397702
0.0032069329643684835,2.0012756378189094
0.004571917408892401,3.952551275637819
0.012891611170450963,3.3508254127063535
0.013137541625750662,3.2641570785392697
0.004141819453922807,1.0999249624812408
0.012126835266520405,0.7854427213606805
0.015239867324470843,2.719384692346173
0.012147884783264035,0.05
0.009313766600242968,2.0854677338669334
0.0017978631744217377,3.9773136568284144
0.008420753042246362,3.1750125062531267
0.01219618861898826,4.427988994497249
0.00757617382560008,2.721860930465233
0.01986890736863354,0.05
0.0020030246915979377,3.405302651325663
0.006596248434353136,1.2881190595297651
0.003995293677133929,0.05
0.019182464585391183,3.5241620810405205
0.005696768686590872,4.150650325162582
0.01268782101521903,1.904702351175588
0.009564625859894024,0.05
0.01142551408983751,5.0
0.003171155463677855,0.05
0.008197954534154409,2.1374687343671837
0.0029483364313025798,3.615782891445723
0.01155181331676669,1.914607303651826
0.011797930846420598,1.4243121560780392
0.008714531242935822,1.4119309654827414
0.007950000921816344,3.858454227113557
0.008046619056616931,4.331415707853927
0.005088758337177826,1.310405202601301
0.00560026795822377,5.0
0.006344436449284646,2.8580540270135066
0.00462688681974445,3.479589794897449
0.00962539300797681,2.7342421210605306
0.012153123886762693,3.7866433216608306
0.02585771449414273,0.05
0.016692490826223635,2.6896698349174586
0.008215976988378185,2.7441470735367686
0.012877636004008423,3.1700600300150077
0.0022114736738979984,4.489894947473737
0.010460689569867752,4.789519759879941
0.01165647544011257,2.8951975987994
0.008632397169533623,0.956303151575788
0.0070674519876059855,2.5955727863931966
0.00973710851189688,3.4919709854927463
0.006392023973323516,2.1622311155577787
0.009810483956675817,1.1742121060530266
0.011601419744683747,3.593496748374187
0.0029834113339954477,0.05
0.006139078192086256,5.0
0.009318539744912098,4.011980990495248
0.010417141468784086,0.5427713856928464
0.005191044294516237,1.3549774887443724
0.006025383323814401,1.5580290145072537
0.014039901966164281,3.5390195097548776
0.00799559969406282,3.8906453226613307
0.004917410146209708,0.05
0.00809045308823754,1.8799399699849928
0.0025124953519303217,0.05
0.004119197192937338,1.4862181090545274
0.00512356268520258,3.563781890945473
0.005298201977622291,3.2294897448724362
0.0025456502602011905,5.0
0.013688439669777397,2.9224362181090546
0.0057202901836282405,3.130440220110055
0.00707101926186373,2.36775887943972
0.005127588015554782,2.3009004502251127
0.008265062917382479,5.0
0.00046388745934113074,5.0
0.0032937249441082755,5.0
0.0045472253976265725,4.705327663831916
0.006607333374103977,1.652126063031516
0.004538569172551965,3.2072036018009005
0.005176084732982492,4.717708854427213
0.022728729055475787,2.919959979989995
0.006505182738512888,2.813481740870435
0.012505340015263072,0.503151575787894
0.006722807550023843,3.591020510255128
0.007836594605571096,2.1647073536768384
0.009800067118525324,0.05
0.014027375606783236,4.631040520260131
0.009834802259444025,1.203926963481741
0.014148011551482403,2.4915707853926965
0.007561368804367155,4.415607803901951
0.002173507513907283,1.3450725362681342
0.013413739078943825,1.731365682841421
0.0066725181460468574,2.115182591295648
0.013803571177591609,3.3681590795397702
0.009848829942917796,4.309129564782391
0.024560976274546717,0.961255627813907
0.009822531911959045,4.237318659329665
0.011266294014028566,0.05
0.013365582770577464,0.05
0.016585910171980356,1.4985992996498252
0.00611652532593801,4.410655327663832
0.003442333113751875,3.838644322161081
0.016303505020273036,1.5035517758879442
0.007002078282459266,0.14657328664332167
0.0050985686760189886,2.4915707853926965
0.009951861352356803,3.1948224112056027
0.002453478361213998,5.0
0.006067281881118311,3.9698849424712357
0.01876376761135931,3.7346423211605804
0.018623555915942266,0.05
0.005349338218430727,2.642621310655328
0.005141290688335007,1.8947973986993498
0.00949873698500548,1.5555527763881942
0.007354410595757463,0.05
0.0036275405390732013,0.05
0.003471230650183288,2.4148074037018508
0.012049117436307356,0.6566783391695848
0.0021474610233706004,4.432941470735368
0.004342625985098839,3.2641570785392697
0.004876098503673605,3.506828414207104
0.0021286316914060147,0.05
0.006606397967264352,1.8378439219609808
0.005168119444712474,2.0706103051525764
0.004053920284786072,5.0
0.006553395428325184,5.0
0.007467057177101388,1.7858429214607305
0.00803426907119445,5.0
0.01121375214306699,0.4734367183591796
0.009440081249423311,4.405702851425713
0.01258019627191699,2.442046023011506
0.010320431785538695,2.130040020010005
0.0017549899058059842,5.0
0.010227431230833625,2.7763381690845423
0.009448246537090914,4.697898949474737
0.006262552269727641,4.071410705352677
0.010179413086901679,3.9030265132566284
0.014201446335165846,3.1106303151575787
0.005660364363024799,0.05
0.019221227879930552,5.0
0.0037534113377990716,0.8374437218609306
0.00708707970079589,5.0
0.008842286987503764,1.8601300650325165
0.001569257682730557,3.8658829414707356
0.009921349359395523,3.150250125062531
0.019994024534989968,3.670260130065033
0.0028544140018683245,3.2963481740870435
0.003713072103604914,3.8188344172086044
0.015998029754214632,1.8031765882941473
0.010945500951322996,2.726813406703352
0.001051178227567437,4.73999499749875
0.005951661431440963,0.503151575787894
0.004998575986763898,1.956703351675838
0.0033347716042771702,2.4395697848924462
0.01070992617846657,3.3879689844922463
0.008199109041097177,2.4593796898449227
0.0071679258861185174,3.9451225612806406
0.006753150854769602,4.361130565282641
0.004816220882029945,3.662831415707854
0.004234246618972162,4.57903951975988
0.01063856760265991,1.6372686343171587
0.00903000410361103,1.1816408204102054
0.006864452050220779,4.063981990995498
0.00670722365569916,1.6397448724362182
0.007529453694599592,3.5712106053026513
0.005232828341032475,4.839044522261131
0.012296533333531152,2.3999499749874937
0.008256644299733815,1.5951725862931467
0.005657135768068387,4.269509754877439
0.005346813042076556,3.7866433216608306
0.004262577584366441,0.05
0.016271097015364402,0.7755377688844424
0.006518403641603374,3.816358179089545
0.007462590414626678,0.05
0.011479343040110897,2.201850925462731
0.0044141716512250545,2.2315657828914457
0.00987566505762183,3.410255127563782
0.009122641265726941,1.4490745372686344
0.019957647952727954,3.2814907453726865
0.013441071984527098,1.3871685842921462
0.007065024763305526,3.531590795397699
0.01082601491898405,2.9298649324662334
0.010348210686486857,2.006228114057029
0.0060315006047723385,1.3896448224112057
0.004097820997685117,3.699974987493747
0.008750161135962858,2.541095547773887
0.005685953806912017,4.952951475737869
0.004522125271803845,2.3751875937968987
0.004235765629035743,2.387568784392196
0.014014380372631155,4.566658329164582
0.0059933965028792086,2.5980490245122563
0.003790982352978055,1.9666083041520763
0.011690497070347944,5.0
0.007011307423258825,3.873311655827914
0.008333620688489675,1.488694347173587
0.004185624121234147,3.311205602801401
0.012034508613626316,0.05
0.007077277127891531,0.05
0.0007228635752880436,3.283966983491746
0.006181193611513702,1.535742871435718
0.006001708584819479,0.05
0.005106971273129729,3.2641570785392697
0.0075710505367581615,3.2294897448724362
0.004745443463535226,5.0
0.0068020113912496405,2.8184342171085546
0.005784982849470141,2.531190595297649
0.009813113692916112,1.6843171585792898
0.013445009444243539,2.9991995997999
0.005682103098230251,1.9690845422711358
0.007013465871388541,2.4692846423211607
0.006361458467538134,4.0664582291145575
0.0023694054056491165,5.0
0.011532082869599232,3.761880940470235
0.005064227826130349,5.0
0.002119633018707795,4.695422711355678
0.0019023725427619043,0.05
0.012251292940956109,0.05
0.022076195383330707,0.05
0.007936263237632302,5.0
0.017031790263563405,1.4688844422211107
0.008833684384649092,2.196898449224612
0.004961359873387403,3.479589794897449
0.005815095611593518,3.620735367683842
0.0050646925594219905,3.3854927463731865
0.0045282949092483316,1.1940220110055029
0.0019039614837972757,1.5803151575787895
0.004087148890284165,2.798624312156078
0.03443441722939784,0.05
0.005008683089034557,0.05
0.00858142482293299,2.915007503751876
0.012913065836642396,4.2546523261630815
0.0038768941182221045,3.8832166083041524
0.012903838297223844,3.2072036018009005
0.009874887678606073,0.8102051025512758
0.02133117486683027,2.3529014507253625
0.010083828291628558,5.0
0.009685085861440415,5.0
0.006062446818145849,1.7239369684842423
0.004503486083089356,5.0
0.0037224989234144884,1.3648824412206104
0.001648735952527354,5.0
0.0022610802279838665,0.05
0.006131016926181995,5.0
0.017075789816343293,0.05
0.0013200127008141521,2.2365182591295647
0.00396096931210238,2.26128064032016
0.008362598468372569,3.536543271635818
0.006663929568134774,2.184517258629315
0.02335163530102736,1.3128814407203604
0.014527623870878262,3.1007253626813407
0.01231681865416015,3.479589794897449
0.009668443985437168,4.10855427713857
0.0012306702276489861,5.0
0.004182254455921824,2.182041020510255
0.004021490263331554,3.4127313656828417
0.005197569102649874,0.6789644822411207
0.01478133152596714,4.4032266133066535
0.0374251295578745,2.719384692346173
0.006438228519578683,3.9475987993997
0.006280329946422497,1.3475487743871937
0.014986432617920091,0.05
0.007846938941625178,3.917883941970986
0.0044823570313908614,2.224137068534267
0.009008140529548757,2.57823911955978
0.012693002880390707,3.9723611805902954
0.01052154787300083,2.6079539769884943
0.0029741336681041314,3.957503751875938
0.011986442918113155,4.4032266133066535
0.017443046475649954,5.0
0.010068845393983436,2.657478739369685
0.0037255869652722956,2.969484742371186
0.020153238523644937,2.9298649324662334
0.007907573481495386,4.398274137068534
0.0074400861062075135,3.251775887943972
0.0027641089441044694,3.6974987493746876
0.010052797741267314,2.7639569784892446
0.008154971562547547,5.0
0.006674396263254542,4.603801900950476
0.005109689816570839,2.167183591795898
0.011324383917215415,3.056153076538269
0.007464629037986406,4.665707853926964
0.00800478270462391,3.935217608804402
0.00498588711265021,5.0
0.005367250809040887,1.7090795397698852
0.010533112459075816,3.137868934467234
0.013319268071501758,2.5138569284642323
0.008830875335419083,4.509704852426213
0.007866007498788116,5.0
0.002401371744611601,1.2163081540770386
0.004539465365980155,3.2740620310155077
0.007806687658051398,1.5580290145072537
0.0024505189714346953,0.05
0.004671375381308393,3.727213606803402
0.0037937287122388197,3.47463731865933
0.013363138138318131,0.05
0.004459846249456972,1.3723111555777892
0.01343258853783555,3.677688844422211
0.007585652830319742,3.6182591295647826
0.00572835525907802,5.0
0.0014856510516530197,3.58111555777889
0.006259435156199665,5.0
0.009811254567520744,3.2765382691345675
0.0024895450889860504,2.5633816908454228
0.00981940042503051,5.0
0.006880796497587258,3.8708354177088546
0.002628609770764692,3.041295647823912
0.01041038584263966,0.05
0.006199028594668116,4.1456978489244625
0.008793419951254156,4.933141570785393
0.005304179330744091,3.056153076538269
0.0017845307119342194,0.05
0.01455295156718256,0.05
0.013905384630250178,3.1651075537768887
0.0062306575468012715,1.2930715357678841
0.012324159016109386,3.041295647823912
0.005848638746446783,0.8324912456228115
0.0034929907944263733,5.0
0.008835827407292003,3.135392696348174
0.008717055101741956,3.5018759379689848
0.005657724437355391,5.0
0.013030069252882331,2.100325162581291
0.008048454091708651,3.4622561280640323
0.014151714981095104,1.4664082041020512
0.006497718651331544,2.035942971485743
0.022003938624628558,1.1964982491245624
0.004279526397014066,5.0
0.010459954481914002,3.3879689844922463
0.007844572410681164,2.8184342171085546
0.010745276932325382,3.058629314657329
0.010267863821097317,4.487418709354677
0.012703966919721477,0.05
0.011523747462899255,4.918284142071036
0.012461464928922167,5.0
0.01567543462731897,4.049124562281141
0.002387614703695251,1.4961230615307655
0.005950831665809363,2.3850925462731367
0.009629068943654638,3.241870935467734
0.010735304884003219,0.05
0.007709118526355856,3.4028264132066033
0.006553746153014517,4.336368184092046
0.004240021789583395,1.161830915457729
0.010413691455333378,3.935217608804402
0.007019324472475136,4.289319659829915
0.010002459555023893,4.091220610305153
0.010335157143752147,3.2344422211105552
0.011030455209235485,3.749499749874938
0.009727011938418587,3.1329164582291145
0.007484638362558534,4.754852426213107
0.009241649740705737,3.499399699849925
0.007126527307842856,3.1898699349674837
0.009154952463254803,3.0338669334667334
0.005797545246952314,0.05
0.005124835877266427,0.05
0.00516378902930735,3.761880940470235
0.0056217217539663855,2.3108054027013507
0.002700725291694031,5.0
0.006215466935715369,0.05
0.011824520499987168,3.0016758379189596
0.007334358909479435,0.4140070035017509
0.007155330079223837,2.1572786393196597
0.018996131540794263,2.657478739369685
0.005215905726306501,4.207603801900951
0.003876517941347732,5.0
0.003420023193813515,4.727613806903452
0.0030639223312349667,5.0
0.023893513033857262,4.375987993996999
0.012141816789787721,1.3054527263631817
0.002119306674778651,5.0
0.008702058261057022,0.05
0.01782173268348769,0.05
0.012818051158285486,2.4791895947973988
0.008390857828475456,5.0
0.005892777858832021,5.0
0.011284166373548551,1.8378439219609808
0.003318373024029486,4.093696848424212
0.016440656442593744,3.1056778389194597
0.0055439873714149684,1.8898449224612308
0.013632279549870861,4.128364182091046
0.004024588838386356,4.908379189594798
0.005513803875633307,1.2385942971485744
0.005240531279086386,0.05
0.008023471599935807,0.9785892946473238
0.001096494689673752,2.276138069034517
0.018250426147992084,3.400350175087544
0.010814926072287435,2.023561780890445
0.010971556536239296,0.9736368184092047
0.003421358436086,0.8052526263131566
0.01081556678969095,2.1473736868434217
0.008832346848033912,4.561705852926464
0.011437900232463181,3.3087293646823412
0.0023684180250301973,0.05
0.005422886268560301,3.172536268134067
0.0030272624842978824,0.05
0.010215780359835433,4.9356178089044525
0.001583512500001008,3.1651075537768887
0.00371554303555878,5.0
0.0035427980747431143,4.73999499749875
0.007279456424409914,0.05
0.0037426463502781976,2.915007503751876
0.00983611926181352,4.202651325662831
0.0014644978274299392,5.0
0.009005047007976788,2.4222361180590295
0.010695016049530381,0.05
0.0033785773150118645,5.0
0.007237305258090257,0.05
0.009762258492843658,2.224137068534267
0.031356341489710816,0.05
0.006741842003033571,2.3603301650825412
0.0064863035553869505,2.9026263131565786
0.011483118949733487,1.0627813906953478
0.007519856726175667,2.642621310655328
0.005920828217395355,1.867558779389695
0.007402251350873391,4.011980990495248
0.004016240357246098,5.0
0.00462189751804519,4.512181090545273
0.008261341784246229,4.668184092046023
0.0020449801884242502,4.536943471735868
0.008704559177831916,2.7911955977988994
0.0024355436328987873,2.4866183091545775
0.006057665301114214,2.560905452726363
0.010548664697901167,3.5712106053026513
0.01667520977760588,3.727213606803402
0.010562072731996275,3.42016008004002
0.013624696387945424,2.139944972486243
0.005095551666579809,0.05
0.002367531824739387,3.73711855927964
0.00628488958880094,2.035942971485743
0.00630449481089454,3.3533016508254128
0.019500154679948166,0.05
0.008849437116562053,1.399549774887444
0.004938615322067547,0.05
0.014331237080477177,1.73631815907954
0.01944729954124947,1.0008754377188596
0.008215731906922076,4.774662331165583
0.0049674583820205065,2.006228114057029
0.00667093738177324,3.727213606803402
0.010442414755833879,2.266233116558279
0.017516621893503448,1.689269634817409
0.004236750240190268,2.726813406703352
0.007065896796824782,3.1230115057528764
0.008687674029098202,3.6083541770885446
0.00594851311914546,1.6768884442221113
0.01187929052750071,1.1742121060530266
0.0071935885287477686,1.562981490745373
0.0023933751540040488,5.0
0.013341508918785563,4.982666333166583
0.007377290138220957,1.605077538769385
0.00401109846242273,3.784167083541771
0.002155100131871958,1.1544022011005504
0.008361870096645407,4.118459229614808
0.006496018471857989,2.214232116058029
0.013954241141079154,1.3401200600300152
0.0067518681734362596,2.498999499749875
0.006461854742696241,4.8761880940470235
0.011050355924087457,4.274462231115558
0.01550241808410302,0.05
0.01084413933874416,3.3656828414207105
0.006892261884475864,3.326063031515758
0.007740747664503153,5.0
0.007076777023868774,2.897673836918459
0.005493439830158348,1.1147823911955979
0.006722308365967947,4.623611805902952
0.01104304211413934,3.516733366683342
0.006351537821080604,5.0
0.002343008378990749,2.952151075537769
0.010775521652887948,2.5980490245122563
0.0018588587614737709,1.6075537768884445
0.007908155861859417,0.05
0.009320967680506262,3.9030265132566284
0.006019181806771773,3.9698849424712357
0.008596826559185117,5.0
0.014210549028642286,0.582391195597799
0.026350174197636828,0.05
0.004208205015205274,5.0
0.010506056044935888,0.8151575787893948
0.013966859443100131,1.535742871435718
0.0011570013611633123,3.680165082541271
0.010719143872383693,3.078439219609805
0.004149950285454951,0.619534767383692
0.014117491251093156,4.910855427713857
0.0073476716244763735,0.9587793896948476
0.00503761937821514,0.792871435717859
0.009147937033105243,4.395797898949475
0.008411748274732248,5.0
0.0037706029381212314,5.0
0.0021821509813240714,2.5757628814407205
0.013463817729190544,2.919959979989995
0.0015002195803044405,4.378464232116058
0.013062579941691535,2.9298649324662334
0.015601585016822725,1.1494497248624314
0.013818316143289336,3.8237868934467234
0.007375611448303718,3.4325412706353178
0.00788387435679705,4.05407703851926
0.00400926400207452,0.05
0.004736970283517342,3.690070035017509
0.0038710641885230865,0.05
0.007888287162905072,5.0
0.013087559898391873,0.05
0.01873912507361182,0.1242871435717859
0.0046125298195805395,3.479589794897449
0.01007836409365722,2.2959479739869937
0.0155634132659523,0.05
0.01046687788978689,1.3376438219109557
0.001980069925274934,3.140345172586293
0.011283994612229294,2.6797648824412206
0.006874875150470999,4.987618809404703
0.00922130261866172,0.05
0.002357986589492392,1.5976488244122062
0.01773294190146689,3.915407703851926
0.014016781336071427,0.05
0.011354468542820441,5.0
0.007785381043520806,1.8031765882941473
0.00858214045169512,3.558829414707354
0.008693838850228494,0.05
0.004766808774026146,2.801100550275138
0.004385525510898602,2.0755627813906954
0.0027422603239787915,0.05
0.0046407626216547065,3.8039769884942474
0.0074950873069079965,3.605877938969485
0.009661312935201408,2.6822411205602803
0.003714664692820252,4.566658329164582
0.003535648554298096,1.8551775887943973
0.004894034854351276,2.974437218609305
0.011154265411344073,1.0528764382191096
0.011662773814478555,0.05
0.00874580040765928,4.9356178089044525
0.008051783615573904,4.351225612806403
0.004812799758454514,5.0
0.01210934333312267,0.05
0.005715271198313922,5.0
0.005695733272514339,3.511780890445223
0.0018105996989182319,5.0
0.008653403797241666,4.227413706853427
0.005018856853301855,5.0
0.013210935383362585,1.7709854927463733
0.014801232729192107,0.05
0.008162829264450722,1.1989744872436219
0.017362411908732597,2.7342421210605306
0.00653215570025846,0.05
0.003663918743180089,1.1989744872436219
0.012676518966185261,0.05
0.011356734680315034,2.872911455727864
0.0048735022977031695,1.3326913456728366
0.00633325014274564,2.446998499249625
0.004748258723939802,1.9393696848424213
0.011016623187637437,0.5700100050025013
0.004741697388802785,1.8972736368184093
0.010815062076425373,4.299224612306153
0.0141202863714468,3.5241620810405205
0.0010899742835599469,2.667383691845923
0.013744515102589325,1.2163081540770386
0.006482887118634546,4.742471235617809
0.018855110622023635,0.05
0.0055913184127752286,0.05
0.008699713840495983,0.05
0.010902412421068139,2.974437218609305
0.005249233585947394,5.0
0.01511461278575335,3.670260130065033
0.010084567451508986,2.7664332166083043
0.0074175591371579835,1.7561280640320163
0.007409283780431958,2.016133066533267
0.005271386948496201,3.920360180090045
0.0036916195487138107,1.5010755377688847
0.004025504840050438,4.041695847923962
0.007950144120533513,1.045447723861931
0.003460983386753533,4.2348424212106055
0.021625652215454774,0.05
0.019999628702613494,3.942646323161581
0.025794360435555053,0.05
0.007403030502181211,1.0380190095047526
0.004389527964655179,4.918284142071036
0.005014590104165828,0.05
0.009704468165278979,1.6496498249124565
0.013568955701201021,0.05
0.006337010943875725,1.1915457728864434
0.0077179472624979845,2.989294647323662
0.003172362498550199,4.467608804402201
0.008772453207094355,1.4614557278639322
0.010297420576781097,4.301700850425213
0.0054888443138697285,4.769709854927464
0.011723238033180733,3.447398699349675
0.0026715389476253404,1.572886443221611
0.007291402357705423,3.7098799399699853
0.003967373484507285,3.231965982991496
0.006711427953541724,4.00207603801901
0.010301075235416082,3.831215607803902
0.004381258135209731,5.0
0.006924642488264028,0.05
0.010331624897133865,1.7090795397698852
0.0028569650787243356,4.497323661830916
0.008001845395192553,5.0
0.007031845267610061,0.05
0.005244895146755732,2.531190595297649
0.0046113267119589005,5.0
0.006981606042766486,0.05
0.004235195558473473,5.0
0.004794371914227241,4.31903451725863
0.02937510512441662,2.5930965482741373
0.0061998985204151785,1.5902201100550277
0.01712044428196831,4.274462231115558
0.020479013130156723,2.8456728364182093
0.021044310128042025,4.502276138069035
0.012135833891658294,2.0483241620810406
0.005060627771914933,4.338844422211106
0.00940223562320161,2.018609304652326
0.00738926432847839,1.119734867433717
0.003136439158787828,1.8749874937468736
0.008521764307032595,2.974437218609305
0.007510799785075836,0.8126813406703353
0.024244169569759666,4.457703851925963
0.002329486406366002,2.3553776888444222
0.009784344017695124,4.479989994997499
0.013588680292854115,2.8456728364182093
0.030788782392786443,0.05
0.008001974775405991,2.3306153076538267
0.005087333117094722,2.6030015007503753
0.0027246672449989795,4.5418959479739875
0.0036458323600799397,5.0
0.004417370291887171,2.882816408204102
0.003699078183161869,5.0
0.019476192597205587,3.8856928464232117
0.009621212710676265,1.1444972486243123
0.002620108374608826,1.2707853926963484
0.005204169602911729,2.26128064032016
0.008261424673862594,3.917883941970986
0.008913026053947323,5.0
0.001687573120294869,3.2814907453726865
0.01032788390221892,0.05
0.004916230262018373,1.161830915457729
0.0029610693366636798,4.556753376688344
0.01714242189705109,3.9872186093046524
0.006088331446213971,2.021085542771386
0.004761142034187038,2.100325162581291
0.002635842036097402,3.779214607303652
0.018283199667771685,3.1799649824912457
0.006169270371069478,4.509704852426213
0.004777118948858919,4.049124562281141
0.006691273062364576,3.506828414207104
0.008157881369167862,2.0532766383191596
0.0036350634140810134,2.5757628814407205
0.0021806225007060948,5.0
0.007832550870064917,0.05
0.01445889004471082,1.404502251125563
0.0053675571232534025,2.4148074037018508
0.007736762150848953,5.0
0.01723780237027596,1.1816408204102054
0.0042931969700644446,1.7189844922461233
0.0071399344170571186,3.2814907453726865
0.006192254567797012,3.120535267633817
0.006739342541529601,0.05
0.015150265571360115,2.78871935967984
0.010341160001237859,5.0
0.008059296579745454,2.3306153076538267
0.013201857050599841,1.4713606803401702
0.006940536433151373,1.357453726863432
0.012487044316655399,0.05
0.0018753798962075352,3.430065032516258
0.002307293319186582,4.522086043021511
0.002197741301492896,4.611230615307654
0.002113975585077213,0.05
0.0066548896535661844,3.5390195097548776
0.0035973830393323386,2.36775887943972
0.028502147561271472,3.675212606303152
0.0022759338100563214,2.610430215107554
0.01038906200102481,5.0
0.016829715278821378,1.2707853926963484
0.010875272235055918,5.0
0.005312282077637731,5.0
0.014331184321217258,4.014457228614307
0.011563917361388669,5.0
0.013505787709341938,4.2645572786393195
0.005748002599759626,3.2344422211105552
0.007867302450344678,3.0165332666333167
0.005331566230148049,5.0
0.005754979549488039,0.05
0.004316487155278555,2.5386193096548273
0.005397868143650245,4.559229614807404
0.004516903362781544,4.757328664332166
0.004757752997256989,3.340920460230115
0.003020117270636377,0.9067783891945974
0.006131391587860684,1.6422211105552778
0.0017343669572662812,1.7090795397698852
0.008705700430126882,3.3384442221110557
0.005852275209628055,0.05
0.006761059075727667,4.839044522261131
0.001548209611703863,0.05
0.012908422118629387,3.5291145572786395
0.00682326152599548,2.115182591295648
0.006111621955527433,3.994647323661831
0.008495801292103755,5.0
0.004611332967946982,1.9814657328664333
0.0038778076008794474,2.0730865432716357
0.012984752246959518,4.331415707853927
0.014919275140074517,4.84399699849925
0.0036532150008776326,1.610030015007504
0.007475825193967833,1.9220360180090048
0.007711907050652722,5.0
0.008747303900138795,1.0355427713856928
0.005206096926377336,2.461855927963982
0.0052544302694461295,5.0
0.003213507684887429,4.05407703851926
0.008244766367925926,2.7565282641320663
0.0037027511150779513,4.2150325162581295
0.005470810810271495,4.789519759879941
0.01148882474504559,0.05
0.018120556897748857,0.05
0.006057768478995071,1.2361180590295149
0.010732337048755057,4.4527513756878445
0.008546483212713021,4.8761880940470235
0.0026838396229379446,3.1131065532766384
0.016506174156885906,1.4441220610305154
0.007573869970351366,2.5584292146073038
0.0027813895052954396,2.4544272136068033
0.011812102816915498,5.0
0.0024913371514986363,0.05
0.0029460443833877192,4.692946473236619
0.017872196399508072,4.546848424212106
0.004715949730880312,5.0
0.009612743915457148,0.7755377688844424
0.007147600456934702,0.05
0.01111965422631507,2.9224362181090546
0.0031910794298822265,4.635992996498249
0.011656830764627965,3.1774887443721864
0.005106980833247184,5.0
0.004298744673147337,4.024362181090546
0.014927205658936252,1.3227863931965984
0.009557750440105095,2.5014757378689345
0.005940956515625297,1.7214607303651828
0.004349357788377237,2.0532766383191596
0.004477364635069814,2.3553776888444222
0.004717653201251684,4.479989994997499
0.007874134472760343,1.5926963481740872
0.006152420579227248,1.2014507253626814
0.0065749358946900205,2.6178589294647323
0.004198993946749656,1.662031015507754
0.010402873647893295,4.289319659829915
0.009877638910607486,3.930265132566283
0.009073535729361752,3.6405452726363183
0.004095729572015178,4.705327663831916
0.0033974533340007593,4.356178089044523
0.00523524422694796,1.310405202601301
0.004750315011741016,4.405702851425713
0.004229690255306617,1.815557778889445
0.0038063482297215137,3.335967983991996
0.009189928163133292,4.616183091545773
0.011789615051137986,1.899749874937469
0.007647950602348713,4.752376188094047
0.006177634812658206,4.777138569284642
0.020611309146444705,2.117658829414707
0.006350108471870883,5.0
0.007524516445038765,1.0429714857428716
0.017492729457272663,0.05
0.0020189859193097126,3.935217608804402
0.00858776998509203,4.348749374687344
0.014110015442024407,4.408179089544773
0.00310456501453886,5.0
0.004561945452164512,1.31535767883942
0.008333419838080357,0.05
0.008022413111126142,4.101125562781391
0.003826300479973524,5.0
0.010655488917379441,5.0
0.00476930503671498,2.3330915457728865
0.008348753305499584,0.05
0.005689128033798535,1.7610805402701353
0.0039721362732087345,5.0
0.009546154342769744,3.521685842921461
0.016449020248660816,2.647573786893447
0.01354050771291454,3.851025512756378
0.007198195402679963,3.2171085542771385
0.0019049895401650058,1.3450725362681342
0.007832736639223632,1.9814657328664333
0.006253581272985434,5.0
0.004701374023986571,0.8993496748374188
0.010173543948220426,0.05
0.004563962894211258,4.910855427713857
0.008865930977639366,1.7189844922461233
0.007895880323002036,2.045847923961981
0.0043673076889786736,3.2790145072536268
0.005746004497337059,3.4449224612306155
0.0033162678985269867,1.3401200600300152
0.004797298653384352,1.647173586793397
0.015175503978362814,3.331015507753877
0.0042264513036614215,4.190270135067534
0.005336559457937026,2.1696598299149574
0.013453883416439903,1.2658329164582294
0.006024823216210701,3.3656828414207105
0.011452584656853074,1.6867933966983493
0.010132827067742198,5.0
0.004335755067230947,4.878664332166084
0.0026489091678850232,4.286843421710856
0.010703351933674533,5.0
0.012841875607462847,5.0
0.006021675800501669,4.276938469234618
0.004347526340047314,5.0
0.004390793992512021,4.593896948474238
0.006797221167603784,3.675212606303152
0.014017543613012592,2.36775887943972
0.010197932749840238,1.3896448224112057
0.008850596109453948,1.835367683841921
0.0037133084509260034,4.036743371685843
0.010227956342827887,5.0
0.005333618425346326,3.742071035517759
0.0049620933341977605,2.979389694847424
0.0074712342209168475,3.833691845922962
0.007980228365044126,5.0
0.009617369043649127,0.05
0.0129582135835912,0.05
0.0015998734991272967,0.05
0.01146159517908777,2.9348174087043524
0.0023449473920206937,4.89847423711856
0.0022573840272036433,2.1572786393196597
0.010424049812124594,2.3974737368684345
0.006817726665332535,2.7639569784892446
0.001469741027650573,1.5803151575787895
0.017683217212752386,0.05
0.006404643383903369,0.05
0.0021724038650409033,1.7239369684842423
0.009364805680265043,3.9698849424712357
0.016339247594737462,4.952951475737869
0.0058058143665607465,3.425112556278139
0.012675798786841552,2.9298649324662334
0.013229843505551182,4.871235617808905
0.007839678721274168,2.3652826413206602
0.0020429644298261135,2.1473736868434217
0.00522157807304853,5.0
0.001621691003733071,2.10527763881941
0.007570455098684217,3.340920460230115
0.014269979116510262,0.05
0.010487461643139719,4.049124562281141
0.009425682218001233,3.7148324162081043
0.016372170394988297,1.3475487743871937
0.020090083551795132,0.05
0.014921271489927487,3.6925462731365686
0.0031470579949419847,1.040495247623812
0.014282340588731637,2.3108054027013507
0.0028025880596901642,3.8708354177088546
0.001902744636472234,0.05
0.0031192606702964143,2.9298649324662334
0.00544206828761884,4.89847423711856
0.0030541320467638994,1.820510255127564
0.02071137732176291,2.6871935967983993
0.014991634489965378,3.8559779889944976
0.004130856631020613,1.1321160580290146
0.005867184675083174,3.8609304652326166
0.007790454327687504,3.759404702351176
0.004110621265904474,4.351225612806403
0.004977815356736304,2.531190595297649
0.0037852078588550137,1.5654577288644325
0.007889290276992839,4.133316658329165
0.005856755064446793,0.05
0.004756613690029499,1.8799399699849928
0.004768268993353822,3.677688844422211
0.007156259010631688,1.6744122061030517
0.0021359243742947592,2.798624312156078
0.010223700920013797,2.3949974987493747
0.011599241011057887,1.9269884942471238
0.005504401482725421,5.0
0.009750453631459384,4.487418709354677
0.010019174181170418,3.868359179589795
0.009951407533183215,2.0384192096048026
0.008703882485391265,4.611230615307654
0.0020827504022836035,5.0
0.008506695088730358,4.640945472736369
0.007176865726953585,4.881140570285143
0.002738355462068409,3.5241620810405205
0.023070153873776783,0.05
0.007734259632995816,0.7235367683841922
0.003951320574220291,4.58151575787894
0.004814071247462776,1.5827913956978492
0.006161960468196961,0.8498249124562283
0.012533937399003554,2.0656578289144574
0.016351333480717115,4.450275137568784
0.007139914996616009,4.2843671835917965
0.012234686475178058,3.130440220110055
0.009765747858285892,3.662831415707854
0.006385176599049122,0.05
0.021622209159754102,3.162631315657829
0.005963045387299942,5.0
0.0083914848507807,5.0
0.005303106888152095,4.873711855927964
0.0036680342832926677,2.3108054027013507
0.0031797378981072433,5.0
0.002832173091264212,1.5456478239119562
0.00602240703649394,2.8605302651325664
0.004684310210319592,3.046248124062031
0.007779386007545755,5.0
0.00721536740726008,1.3500250125062534
0.0035532097503030366,2.2488994497248624
0.012285989494354742,5.0
0.005463258309286595,2.186993496748374
0.001852684947844678,0.05
0.004107681492070608,2.724337168584292
0.013853906490522878,4.177888944472237
0.00760327033479978,4.348749374687344
0.007519646092540064,3.6133066533266636
0.01107643532609344,5.0
0.006923040552435172,3.699974987493747
0.007255455366210424,2.7812906453226613
0.007690809205755926,1.647173586793397
0.006355221393743095,5.0
0.006153637614121632,0.21095547773886947
0.02002150223985199,5.0
0.006405085033558577,2.4222361180590295
0.00798726647486378,5.0
0.018038045778358325,4.707803901950975
0.018236582812789552,5.0
0.02272791906038621,4.118459229614808
0.0156532582599814,1.5035517758879442
0.005223439127148073,5.0
0.0032306361654158983,1.399549774887444
0.005268231693972905,1.045447723861931
0.007168273742594565,0.9785892946473238
0.005112672459247639,4.10360180090045
0.005022349996894895,1.0751625812906456
0.007248114648473553,1.7387943971985995
0.011787645226185514,4.445322661330666
0.01240483652827823,2.7441470735367686
0.005301980391618263,4.371035517758879
0.0098717263758853,4.118459229614808
0.01035901778043466,4.356178089044523
0.014355612206134058,4.952951475737869
0.003487956010932901,2.110230115057529
0.011165821685113785,5.0
0.0062836956156911705,3.9030265132566284
0.010935049517684446,3.26168084042021
0.004342924052763042,5.0
0.0024218139718618498,0.05
0.01100912657860701,1.8650825412706356
0.014915028090604653,0.05
0.0031591386286359963,4.732566283141571
0.0069941291821107865,3.9649324662331167
0.02010594071699147,0.624487243621811
0.011650077871446868,3.7148324162081043
0.003989244832842451,2.2538519259629815
0.015484484465203605,2.7961480740370184
0.0030748142116972382,1.2806903451725864
0.0053773952350739535,3.670260130065033
0.006293342477764058,4.172936468234117
0.009504350224487756,1.0726863431715858
0.012917771620793259,2.8605302651325664
0.004722554190150913,3.675212606303152
0.0023970449391286786,0.05
0.00163654158549488,3.331015507753877
0.009081914482234152,1.0380190095047526
0.014278058941207365,0.8671585792896449
0.015561602934831845,1.8848924462231118
0.002434479813290494,4.512181090545273
0.008910507133126841,3.573686843421711
0.014632206246734891,2.1523261630815407
0.003189115161688655,1.5803151575787895
0.0042279015133511386,2.984342171085543
0.01262830123326976,2.4494747373686843
0.013177279574611504,5.0
0.003655766818890148,1.704127063531766
0.008609229482447148,3.8138819409704854
0.018022560061213624,0.05
0.003808688162991944,3.068534267133567
0.004379715143971077,3.514257128564282
0.006942394940398604,0.339719859929965
0.011083618105963297,2.1448974487243624
0.004057409312679713,2.7689094547273636
0.005776298503506375,4.556753376688344
0.004756603340649285,1.5530765382691347
0.00943503976278498,1.6397448724362182
0.006355181345504897,1.9121310655327666
0.005489222653616621,0.7185842921460731
0.007183213649788675,0.05
0.004906089229778143,4.524562281140571
0.0043617974025564055,0.27533766883441724
0.009413155706914242,2.107753876938469
0.012528040451314185,5.0
0.007579999472157498,0.05
0.013309863089547153,1.5605052526263132
0.0023737023378750874,2.1548024012006004
0.008304349976504533,4.232366183091546
0.008324673832239074,0.05
0.0032647579073821487,5.0
0.0054123239957259706,3.0140570285142574
0.006275008878236635,3.147773886943472
0.006848887112579971,3.3087293646823412
0.020198805280452793,4.754852426213107
0.011527845189003016,1.9220360180090048
0.006120401447637827,5.0
0.011179243054458464,4.1655077538769385
0.02474358666874424,1.4119309654827414
0.010715781950246542,1.325262631315658
0.006766687741999802,2.63024012006003
0.0025510184382966927,1.1123061530765384
0.012385431725010554,5.0
0.008109917076900439,5.0
0.011588017024448928,1.1865932966483244
0.008476130186386877,1.3178339169584794
0.0034236535662559506,0.3966733366683342
0.0034321816854936543,0.05
0.009263708903103358,5.0
0.009506371592569327,3.331015507753877
0.011466582889487167,1.7115557778889448
0.0027637540175567132,0.05
0.007450740720272242,4.925712856428214
0.015318324670342318,2.1473736868434217
0.020256481070610642,3.2344422211105552
0.002469569502592875,5.0
0.008475155334576101,4.772186093046524
0.0031715585772814914,3.7148324162081043
0.004764321807354796,5.0
0.007694185181022814,4.343796898449225
0.005979412201505288,3.6331165582791396
0.005373071397476295,1.572886443221611
0.004424130560356773,2.967008504252126
0.005372431132801586,4.705327663831916
0.008334630707875962,0.05
0.012094323457481113,1.6645072536268135
0.009363594809357889,4.059029514757379
0.013315328742849387,1.5951725862931467
0.012695748458797618,1.166783391695848
0.014054722952996541,4.133316658329165
0.01637142282832825,2.531190595297649
0.00618049661033282,1.5976488244122062
0.009442085653554852,3.326063031515758
0.013546521571710393,1.9443221610805406
0.013175219950517417,5.0
0.0040355612541996405,0.05
0.008424663768652793,4.435417708854428
0.007993043825818752,1.3401200600300152
0.006448214750524331,5.0
0.005670428595908786,0.8646823411705854
0.01559051440653942,4.477513756878439
0.018501245655682834,3.920360180090045
0.007882151286056807,5.0
0.002952821538063616,4.395797898949475
0.0074971348018755685,3.0437718859429714
0.011015373225160649,3.1774887443721864
0.004405976987078494,2.2389944972486244
0.007591317439847853,0.05
0.004704445169250712,4.853901950975488
0.0027235623508560236,4.608754377188594
0.0049372322320560685,0.05
0.00717347113406247,1.7610805402701353
0.006627661579850994,5.0
0.00372926639236644,0.05
0.002624214055077803,3.05120060030015
0.011295863844668207,3.0264382191095547
0.007263696799045941,1.6645072536268135
0.013417883459152458,0.05
0.004720589779563286,0.05
0.014634416462381908,3.1700600300150077
0.0014980555671467721,1.5406953476738372
0.01632886357971587,0.05
0.018171949385586028,1.3772636318159082
0.002690608061016647,4.695422711355678
0.003992296757213881,4.816758379189595
0.01315726465050479,3.58111555777889
0.00478547307209895,5.0
0.005172205274512683,1.9344172086043023
0.006064886721746848,0.05
0.002867274466777453,3.2913956978489245
0.0038677731021717343,5.0
0.008465564871473097,2.273661830915458
0.008928315292948096,1.3797398699349677
0.010686222846457316,1.961655827913957
0.012491324494043998,0.05
0.009400415050027519,4.056553276638319
0.008951140737425922,1.7709854927463733
0.006697391893857693,4.249699849924963
0.0026664647567199717,1.077638819409705
0.0044593845869180665,3.0982491245622814
0.005480365097905102,4.081315657828915
0.011062400049698898,1.7957478739369688
0.002935908649613614,2.729289644822411
0.0088563501251583,1.3079289644822414
0.002883008088431893,1.399549774887444
0.017498721523285216,4.410655327663832
0.013637240598552341,3.0066283141570787
0.010857656127155363,4.992571285642821
0.004320718204010282,2.7812906453226613
0.002532634778471876,4.321510755377689
0.003987709540244522,2.023561780890445
0.013489036971627011,1.8477488744372188
0.011392937324308558,0.05
0.0017404806637694586,3.489494747373687
0.008920098105462466,2.5435717858929467
0.008991501966832613,1.2980240120060031
0.011406079810616719,3.662831415707854
0.013626254423982367,1.535742871435718
0.011723924140942574,5.0
0.018410807845418195,4.611230615307654
0.007684099140421494,1.077638819409705
0.014666434594288881,4.170460230115058
0.008004283210897759,2.551000500250125
0.009713211918667364,3.219584792396198
0.01052368081755417,0.05
0.010271736609191617,4.309129564782391
0.00890811147861885,4.68551775887944
0.010154862701435945,3.0016758379189596
0.004647335872453459,4.274462231115558
0.003249639869346503,0.05
0.012257221904212301,0.05
0.009703231611627984,1.8130815407703853
0.01882295754660153,5.0
0.0052243147409573865,5.0
0.014603125734862527,1.6645072536268135
0.004344262002016638,2.6871935967983993
0.005633392709884125,1.4317408704352177
0.0072260590312548945,3.063581790895448
0.004355649395157896,1.8477488744372188
0.0076595122732961984,3.6133066533266636
0.010231391584244943,3.598449224612306
0.013429151300090175,4.138269134567284
0.009490018373589482,3.5712106053026513
0.003954689776208428,2.204327163581791
0.004193360993704265,3.7296898449224614
0.010196009449577229,1.7511755877938973
0.013657319207047977,0.05
0.003972368830703565,0.6071535767883943
0.0073400073144589545,2.9249124562281144
0.01654878569901891,4.57903951975988
0.004835190774275598,3.345872936468234
0.005264893826039889,4.237318659329665
0.012022363935062008,0.8894447223611807
0.005898816465082141,4.1853176588294145
0.010827501407663184,3.3037768884442222
0.0038065625897482636,3.236918459229615
0.012411969604204244,2.5955727863931966
0.00833087682147584,4.89847423711856
0.009911750055575153,4.3636068034017015
0.00406223557750944,3.036343171585793
0.010783535379586456,1.3425962981490747
0.004327814966885397,3.3879689844922463
0.0024996180404163876,5.0
0.007056826649519413,4.650850425212607
0.003914937083336872,1.4589794897448727
0.00572827767703666,0.5873436718359181
0.0020419388926632143,3.479589794897449
0.01491712431346743,4.52703851925963
0.0028901998805595658,0.05
0.017482688349889856,1.4119309654827414
0.02176821510746607,0.05
0.021773580187207986,1.2385942971485744
0.007354542287120916,3.1180590295147574
0.008466232264191048,2.36775887943972
0.006361195027888802,0.05
0.007754330979790405,1.040495247623812
0.007092428882239335,5.0
0.009070975014912844,5.0
0.0069682799697507875,2.830815407703852
0.006178075752507672,3.8881690845422714
0.004856612782796518,4.120935467733867
0.008716576346197005,2.9298649324662334
0.008804396562866565,3.930265132566283
0.004374850461176777,3.3978739369684843
0.006157969467430399,4.5418959479739875
0.007354415761704189,0.8498249124562283
0.011100728489453884,4.455227613806904
0.005572557114531709,4.15807903951976
0.007824285399095576,2.531190595297649
0.006564540798936286,3.643021510755378
0.0065811334956407605,5.0
0.011449611681871294,1.2336418209104554
0.028707251306622703,3.222061030515258
0.011907630513020573,3.910455227613807
0.0136772371275952,3.162631315657829
0.0044633054544699485,0.05
0.0067716598518831606,3.3508254127063535
0.007099558444556023,4.00207603801901
0.017764892187565648,0.05
0.02115584245104285,0.8176338169084544
0.0076347038573422454,3.041295647823912
0.005570296481047642,3.068534267133567
0.005481591285567217,2.20927963981991
0.0030623956357996307,2.984342171085543
0.008293445564925811,2.7664332166083043
0.0141727725990827,2.7441470735367686
0.005427126428513847,4.311605802901451
0.00955116743099959,4.725137568784392
0.0026411028913318063,3.4399699849924965
0.010779258417242463,4.435417708854428
0.008287328030470997,3.0115807903951977
0.003632131873259198,0.05
0.012470252099066721,4.749899949974988
0.004597880973013266,0.05
0.004912208456865769,5.0
0.010257320161410927,1.7759379689844925
0.019265360580859085,2.41975987993997
0.01331787979449705,2.7565282641320663
0.004232452374277759,4.2249374687343675
0.0051328857802419026,2.219184592296148
0.005192189390992988,0.05
0.010609177598586789,5.0
0.00874803158158402,3.7717858929464736
0.007776158356669255,2.3603301650825412
0.015443823582129076,0.05
0.0069336328880102716,1.4193596798399202
0.011443481954581412,2.018609304652326
0.006020990949982735,0.8820160080040021
0.013843254915359468,0.05
0.004665661394716428,0.8745872936468235
0.004153376091323609,2.7911955977988994
0.009364443972296112,2.498999499749875
0.007975800910817843,4.497323661830916
0.01041869585656545,2.9967233616808406
0.005056420711883947,0.05
0.004490585259495902,0.05
0.0048788777859553045,4.84152076038019
0.010895049914894789,2.9224362181090546
0.0044050551514049074,5.0
0.007766524951182546,4.26208104052026
0.005370107982295744,4.967808904452227
0.0041134561275629755,5.0
0.005063177521962323,5.0
0.005340727176580684,3.610830415207604
