null_delta_chi2,null_best_k
0.07009576541732185,1.5654577288644325
0.010427216591429367,0.05
0.059329125247602754,1.2806903451725864
0.051769581242801344,4.289319659829915
0.05489851173532931,2.555952976488244
0.03394227163995678,1.867558779389695
0.011549188006653,1.1841170585292649
0.031223755337501796,0.05
0.09277114311755869,0.05
0.11060268452683528,2.57823911955978
0.0688340936688216,3.78911955977989
0.04138288813699814,1.7982241120560283
0.04702415823130468,0.05
0.021602345265462036,1.6917458729364685
0.038433111341773074,3.695022511255628
0.07737865449306483,3.942646323161581
0.029244133384755455,3.068534267133567
0.05895075527824922,2.6649074537268636
0.04416633356269334,0.05
0.013456573509774583,1.5753626813406705
0.023350071492344887,1.4069784892446224
0.06360033968225098,3.288919459729865
0.03452122303727509,2.2909954977488747
0.028469999616598102,2.652526263131566
0.0678175977785255,4.259604802401201
0.03407750313801572,4.772186093046524
0.019020763167815785,0.8894447223611807
0.01615716214258464,1.4961230615307655
0.10110730647451321,0.05
0.06798981987712527,0.05
0.026416996887577177,4.997523761880941
0.026841818252152927,5.0
0.10365310392545551,0.8126813406703353
0.03319593029193399,0.05
0.016840343805486963,1.4688844422211107
0.02959501792617511,4.814282141070535
0.03418552573719294,3.2393946973486742
0.05843603131022207,3.558829414707354
0.024139797315132827,0.05
0.08179950678463122,2.3330915457728865
0.03960071648339153,0.05
0.07117675467859141,2.3207103551775887
0.06112912258739847,4.42056028014007
0.037518097056932986,2.1548024012006004
0.05163475408032961,0.9983991995998001
0.02100855412294389,0.9983991995998001
0.05285726512765937,1.6224112056028015
0.02229060040546571,0.05
0.05666116259216333,2.806053026513257
0.052384569494135474,3.073486743371686
0.05631046575831786,5.0
0.04994172603850491,3.2492996498249127
0.043189815584993574,5.0
0.03083546350956634,0.4585792896448224
0.01652225149542641,0.7260130065032517
0.040707899922876434,2.7738619309654826
0.019672391930376176,4.715232616308154
0.02341256689826085,0.4412456228114057
0.04997129213799689,3.489494747373687
0.06050348692530094,3.6034017008504255
0.07887452090156258,3.769309654827414
0.018495331129882886,1.483741870935468
0.06370183091486098,1.956703351675838
0.01864632317438686,2.9026263131565786
0.021252787862462208,1.8452726363181593
0.0326636519337323,3.219584792396198
0.02686186608413116,3.8807403701850927
0.02452525298510677,1.6645072536268135
0.05522831364005859,1.129639819909955
0.017888182241873857,1.0157328664332166
0.012995137210095348,0.9439219609804904
0.049244408069322176,2.6599549774887445
0.02512038260636562,4.673136568284142
0.07457202597251705,4.276938469234618
0.031146995931010557,5.0
0.011941328546321212,3.1056778389194597
0.03100126154978461,1.7140320160080043
0.01774893244135925,3.610830415207604
0.04992318860981623,3.9822661330665334
0.03980237718022722,0.05
0.08741834708620583,3.652926463231616
0.024553573303131127,2.1325162581290646
0.08669462972128705,0.5972486243121562
0.0355812367046722,4.566658329164582
0.03263994616154067,1.6347923961980992
0.05342002307530508,0.956303151575788
0.06922863895622111,0.05
0.01844721792877485,1.657078539269635
0.031284870230275486,5.0
0.05109539245280098,2.0706103051525764
0.06789228305293721,4.95047523761881
0.08187155991593548,1.5555527763881942
0.04279853763344138,1.1989744872436219
0.023726701519327265,4.056553276638319
0.022210597594742615,4.125887943971986
0.04766736582075018,3.6454977488744373
0.07714216979927704,5.0
0.02945628929791752,5.0
0.03846823098046842,1.535742871435718
0.011670325843562424,2.9298649324662334
0.02002613137273379,1.2930715357678841
0.03576273796794388,1.1420210105052528
0.02472719947804139,3.2393946973486742
0.029779280789952345,4.593896948474238
0.02361121647168732,1.9542271135567786
0.022504607800012788,3.73711855927964
0.033251606183022864,1.2435467733866934
0.03699644623895079,3.593496748374187
0.061092305514392375,4.534467233616809
0.05538096441190818,0.05
0.04257667724762851,1.6125062531265635
0.04136408888694437,2.0805152576288144
0.03028218359521928,2.699574787393697
0.030312570799451766,3.1750125062531267
0.018072149237301133,2.6797648824412206
0.015919382036534313,1.5803151575787895
0.03672291731689664,1.3326913456728366
0.04563050362053325,3.657878939469735
0.01908203373458986,0.05
0.04802736038323768,3.6083541770885446
0.06377770128346727,1.1717358679339671
0.023300090420626418,2.5757628814407205
0.10376900248198737,4.489894947473737
0.015796447061743574,4.853901950975488
0.02301462943783572,3.0165332666333167
0.00816944459757768,5.0
0.04217843633216878,4.3041770885442725
0.05031632894615751,1.1742121060530266
0.0461227402018069,1.9591795897948976
0.07987286277987221,0.05
0.04656091909440169,4.056553276638319
0.02370793423768347,4.3735117558779395
0.04649186727437382,4.083791895947974
0.01612595285343074,3.120535267633817
0.03981258587299602,3.3037768884442222
0.024311835717036184,1.1915457728864434
0.0593797979116798,4.586468234117059
0.0638098688629965,4.418084042021011
0.015457728514955138,5.0
0.06911708527528576,1.820510255127564
0.08378676267885049,2.9447223611805904
0.013103860566866965,1.78831915957979
0.0507585190561452,2.2340420210105054
0.11809157941944715,0.23076538269134567
0.08727522906668356,0.05
0.04606268751104739,5.0
0.01581631082487403,0.5378189094547274
0.03646797807372315,5.0
0.020135275785135825,2.6030015007503753
0.0483935623826324,2.2488994497248624
0.06004527419852096,2.6129064532266133
0.07266573822487604,1.436693346673337
0.06482311671788415,0.05
0.015431295657287875,5.0
0.0198460825503603,0.05
0.0479994962226481,4.348749374687344
0.029151749692308493,4.398274137068534
0.028975611412123126,5.0
0.06379657382483389,2.372711355677839
0.014912989698706719,2.726813406703352
0.12369175843481639,3.1972986493246625
0.07038172430010425,0.05
0.051982678820825134,0.05
0.0637848521920831,0.05
0.036143456949537106,4.89847423711856
0.12509020017656122,0.05
0.12734020459829862,0.05
0.027066595031023932,3.004152076038019
0.1096685453895804,4.098649324662332
0.03288748045216039,1.4688844422211107
0.06533754812253156,2.962056028014007
0.026882444449708637,2.6921460730365183
0.03902804666839926,0.3867683841920961
0.049525270212360584,1.1766883441720861
0.09121380769983581,0.05
0.04462985607260017,2.979389694847424
0.015377885682274134,5.0
0.03517702431425537,2.3529014507253625
0.07847472578562417,4.10360180090045
0.03393051423888924,2.2860430215107552
0.060326438360255585,3.8188344172086044
0.04626475037471006,4.9455227613806905
0.04019627540024076,1.3648824412206104
0.04828003827262098,5.0
0.03518125585842197,2.3652826413206602
0.08863974315802473,0.05
0.07587923182514478,4.200175087543772
0.056192819683565765,1.5060280140070037
0.044930166841580854,1.8180340170085045
0.10639473927759852,0.9513506753376689
0.07123384397322155,3.9698849424712357
0.011400672331446066,1.8378439219609808
0.05900242299181918,1.9913706853426716
0.05491295160355983,1.8328914457228616
0.04457689299456974,3.8980740370185094
0.06521663446342524,0.05
0.02452590635263907,1.820510255127564
0.12483305947921658,0.5848674337168586
0.07495040878169992,3.2963481740870435
0.015478985427661796,4.915807903951976
0.024650058815278902,2.4073786893446725
0.018231199417293897,1.161830915457729
0.014856646346207814,3.5414957478739373
0.043804834546368326,3.4647323661830915
0.0895520717643627,0.24562281140570286
0.02415698078145931,4.687993996998499
0.045968007946702666,3.442446223111556
0.099881668665523,2.952151075537769
0.08062972895578288,3.5340670335167585
0.030046458104993234,3.774262131065533
0.06979645974178778,2.3999499749874937
0.12084249140143494,3.8881690845422714
0.05119739722591751,2.0656578289144574
0.018909405909349614,3.9649324662331167
0.012814813898339994,2.045847923961981
0.05397138008681596,1.8007003501750878
0.039183369441138566,0.05
0.03991581011209758,5.0
0.07244100872671722,2.040895447723862
0.02123131848567683,1.5109804902451227
0.04928430297424574,0.05
0.12638579106409029,1.610030015007504
0.03546943079838491,3.3235867933966983
0.03621817668941277,2.362806403201601
0.015964491134135894,3.6454977488744373
0.11113020256897982,1.0652576288144073
0.020081143333821688,0.7334417208604304
0.11749274172874624,2.494047023511756
0.028204869921171216,3.2790145072536268
0.02222545417066965,0.5650575287643823
0.03464130964341888,5.0
0.03198460124576219,1.3302151075537771
0.02886883785927169,1.9542271135567786
0.04111359715841534,4.0763631815907955
0.03564742346434113,0.4461980990495248
0.0606599680020769,2.5534767383691848
0.023179063073327455,1.352501250625313
0.023271778811901622,0.05
0.044739427071169846,1.6793646823411708
0.009154058744728716,1.7140320160080043
0.02533586192159687,3.1230115057528764
0.04685753345911056,1.2014507253626814
0.03503093667838009,0.05
0.06522191574859393,3.7296898449224614
0.04106560219715938,0.5526763381690847
0.06260937718690096,2.0755627813906954
0.05112563718571131,1.5431715857928967
0.04175579853513042,0.05
0.012915095246237573,1.1024012006003003
0.04819214251965001,2.885292646323162
0.020677295441446586,3.922836418209105
0.04073157019629356,4.492371185592797
0.01189721699701124,3.57863931965983
0.037862829978240864,3.1007253626813407
0.05256363182181889,1.2905952976488246
0.12169761866774184,1.5753626813406705
0.0764645829859299,3.395397698849425
0.06990266407409057,3.6974987493746876
0.014097785075141561,1.8824162081040523
0.05434555580643463,4.596373186593297
0.038172622391768773,2.5163331665832915
0.02568912118210545,2.3850925462731367
0.0695975527221821,1.7561280640320163
0.06962999056703312,1.6248874437218612
0.03328894850872399,5.0
0.05258759451958883,3.704927463731866
0.024538828499465315,1.5134567283641822
0.032195506265415647,2.867958979489745
0.047502372693069284,2.900150075037519
0.09268836049200899,0.05
0.02157068585982641,1.7486993496748375
0.05244657044424236,1.8427963981990998
0.049325273727596264,0.05
0.040622656928183065,4.546848424212106
0.022679185025464232,2.568334167083542
0.09461417631203056,3.779214607303652
0.03333381422653936,1.4218359179589797
0.039675546869516465,1.6026013006503252
0.09521060802727416,0.05
0.09423603726589602,3.4919709854927463
0.0775998220867358,3.2913956978489245
0.02137494359760997,3.7197848924462233
0.025039975411672216,2.466808404202101
0.11008113257801255,0.05
0.07412183832815963,2.2266133066533267
0.01207768940756282,2.8951975987994
0.08787351243664629,0.05
0.044193093717229404,1.6298399199599802
0.023695131613286208,2.117658829414707
0.06817149628667438,4.4527513756878445
0.046378900032992554,3.937693846923462
0.0994686775907953,3.1106303151575787
0.1497371090558129,2.1473736868434217
0.08832307813584495,4.375987993996999
0.03170657447070663,0.41895947973986997
0.05136567586228369,1.7214607303651828
0.04327435670980542,1.4639319659829917
0.027937895553038133,3.224537268634317
0.047902650632465654,4.435417708854428
0.034433595162730896,0.05
0.018964338735830033,1.1519259629814909
0.023413023840757885,1.5159329664832417
0.04643635481203695,0.05
0.0340219453614522,1.0256378189094548
0.040566967677044624,1.1915457728864434
0.006727579033293796,1.3723111555777892
0.019517341168632685,3.3681590795397702
0.013701925806120396,3.425112556278139
0.0677034031793074,4.408179089544773
0.01940688509668359,1.7090795397698852
0.045846869700843645,0.834967483741871
0.024207326522696665,4.390845422711356
0.049246658102262086,1.5109804902451227
0.024854334008569512,4.056553276638319
0.06267848809071119,0.05
0.011821645292656308,2.6896698349174586
0.05128405546467374,2.0755627813906954
0.04314987877909182,5.0
0.032406221627376997,3.989694847423712
0.027665617998008096,1.0330665332666333
0.01348725125389072,0.6913456728364183
0.02425280493390833,2.194422211105553
0.02734372445943567,1.5481240620310157
0.020013677935870056,5.0
0.03585069635502838,1.087543771885943
0.018175367779176194,5.0
0.125921707900486,0.05
0.020651780133250947,1.3747873936968487
0.0666563850888435,3.5018759379689848
0.06232172596958002,0.05
0.021710988258036634,5.0
0.05098705617007887,0.05
0.025667879200569788,3.4275887943971988
0.0664249292881518,3.8832166083041524
0.04575908630150172,2.2414707353676837
0.04444683591813603,2.637668834417209
0.06804137296381219,1.5010755377688847
0.022996505186970134,2.4172836418209105
0.05484454140824668,4.606278139069535
0.03870136204622071,3.15767883941971
0.07183536543157815,3.068534267133567
0.03262900510239919,2.4073786893446725
0.06150843769969144,2.2488994497248624
0.07761173783967018,0.05
0.08366974585476669,0.05
0.041960702767560976,0.05
0.08182817868281234,4.328939469734868
0.02307175560720942,0.05
0.06301067074650904,1.1544022011005504
0.02581797011776199,5.0
0.05939118007832811,3.3433966983491747
0.024611263205685824,1.1865932966483244
0.03980851859536336,3.5439719859929966
0.028216108269703083,1.2757378689344674
0.06805512701376798,3.563781890945473
0.0532090754058282,1.9220360180090048
0.015694047699160274,3.667783891945973
0.02535323815681023,0.3421960980490245
0.019117528699735153,0.05
0.06482419313099858,0.05
0.02583752741007528,0.4907703851925963
0.07465635194643408,4.762281140570286
0.04027999243799296,3.8039769884942474
0.0799298120445544,2.8555777888944474
0.026893916867237855,4.257128564282142
0.022097801121875316,0.05
0.01895137908838279,4.967808904452227
0.08508606811983271,2.016133066533267
0.019723377350746613,1.5332666333166585
0.06503482724615012,4.31655827913957
0.03265851580269785,0.05
0.0323314147359931,0.9662081040520262
0.04198346399798891,1.8601300650325165
0.14225436685135517,1.867558779389695
0.06957849047848469,4.237318659329665
0.0947526337168641,3.1849174587293647
0.09727558242410272,4.143221610805403
0.03260870274103492,1.3846923461730867
0.04355249502474101,0.05
0.05395422092552274,1.8180340170085045
0.012618564532702853,1.362406203101551
0.07268415185951149,4.603801900950476
0.03690320666910343,1.6422211105552778
0.05556487910795496,1.4961230615307655
0.022687467297845487,5.0
0.09467513660505722,2.3009004502251127
0.01436605951958514,5.0
0.05811055822806649,0.05
0.12608528147411288,0.7705852926463232
0.06251746577234127,4.8662831415707855
0.027611630796033293,1.2856428214107054
0.05077374273597554,1.52583791895948
0.016692440745306125,5.0
0.0449251016554961,2.979389694847424
0.07945879926977029,4.271985992996498
0.020135832138787307,3.2592046023011507
0.02312146947220317,1.9542271135567786
0.0189650792836199,2.890245122561281
0.05194017319816857,4.252176088044022
0.029003897028493875,2.3801400700350177
0.029745447166554972,2.0582291145572786
0.021438106457193046,1.7635567783891948
0.022316253541527165,1.3822161080540272
0.03959022395887582,1.3450725362681342
0.09518991615587474,2.26128064032016
0.08480902955016989,4.328939469734868
0.06665469634252813,2.1325162581290646
0.020558109783135187,5.0
0.11231649460991672,4.574087043521761
0.10204561445059732,1.877463731865933
0.025703434496803457,3.754452226113057
0.03856668475156,4.675612806403202
0.013693215350034593,1.9393696848424213
0.031127530562574612,0.05
0.03651264288469269,1.5605052526263132
0.03540831138342804,5.0
0.04404658933069969,2.7639569784892446
0.07203889660664489,0.05
0.016912082625220926,2.2068034017008507
0.06817384085822867,0.05
0.08573248811131029,1.6001250625312657
0.02548485949570317,0.6814407203601802
0.03844060897725243,5.0
0.07893519170807958,1.793271635817909
0.08712608031320351,5.0
0.020972352307288805,3.199774887443722
0.07495653712574812,3.8832166083041524
0.06594618432011767,4.05407703851926
0.012310938815497635,4.1853176588294145
0.05683120144116105,2.0904202101050524
0.08640805274520985,0.05
0.020668897239356082,4.004552276138069
0.040714298313742375,0.7482991495747875
0.03860017630092413,4.115982991495748
0.08941625667293529,1.9666083041520763
0.043395919093607405,0.05
0.03122271880915023,0.05
0.05855426356326704,3.504352176088044
0.013775975515156857,3.9748374187093547
0.02786870840651659,3.4820660330165083
0.037519140913877286,4.281890945472736
0.12748763011409758,0.05
0.010754919099408122,1.2014507253626814
0.04353702946268945,1.825462731365683
0.08461659226831342,2.808529264632316
0.026472319815317585,3.2592046023011507
0.01572781145713875,1.2658329164582294
0.08425020863599939,0.05
0.08126084637859626,1.5184092046023012
0.0851533106377878,1.488694347173587
0.04872108092148636,4.769709854927464
0.04556766573218343,2.3751875937968987
0.036361192007542564,0.05
0.036224947432397764,2.3058529264632317
0.02562857638744087,2.6327163581790898
0.036261162818894965,3.848549274637319
0.03667533864607797,3.3186343171585793
0.0672214406521674,0.05
0.08482514083637607,2.5336668334167083
0.04347747572593555,2.5435717858929467
0.017128250809830547,0.05
0.01334353863615867,5.0
0.040135784984571155,0.05
0.036137803560932324,3.3929214607303653
0.02528797423046189,5.0
0.11085526343028698,1.7140320160080043
0.011606603233140639,4.608754377188594
0.05865898965558919,3.5563531765882943
0.04975232653635267,4.524562281140571
0.03257501772561397,2.172136068034017
0.021067864799517944,2.0012756378189094
0.051702811576487484,1.820510255127564
0.10942753408442435,3.4498749374687345
0.047551664425120016,2.751575787893947
0.028271884156201965,5.0
0.10525242232026699,0.05
0.07799314340615465,2.583191595797899
0.03624538336950767,0.05
0.02877755014563979,0.9315407703851927
0.03326771627627695,3.52663831915958
0.03335343335622862,0.05
0.03765444096131326,4.3338919459729865
0.1309069985298711,0.9018259129564784
0.03373261102679226,3.563781890945473
0.020248123213326252,5.0
0.0399715565818293,5.0
0.07891817875151802,2.568334167083542
0.07167775400175369,2.820910455227614
0.05834626683307645,1.8650825412706356
0.016480472169357496,4.291795897948974
0.027089550952126895,3.3582541270635318
0.06569109558394137,2.9645322661330664
0.0556889880134353,4.727613806903452
0.010325116091370101,1.1791645822911456
0.04439263783165043,4.029314657328665
0.06774416465072733,3.8955977988994497
0.024931286011823456,2.7763381690845423
0.07558047368745557,0.05
0.035212876167123874,1.9121310655327666
0.0561292278715001,3.5414957478739373
0.04239514002038983,0.8646823411705854
0.0272986406985673,0.16885942971485746
0.021507817195707435,1.2955477738869436
0.05903995143700752,4.247223611805903
0.013183559040785803,3.7816908454227116
0.054299958474100296,4.829139569784893
0.05386265470320417,1.352501250625313
0.05694136005149053,0.05
0.03712498685148721,4.497323661830916
0.07252321281708168,0.05
0.03281682778692674,0.6343921960980491
0.07012739258181191,5.0
0.09292800455041306,0.05
0.03783626040955104,0.05
0.0982087791359812,0.05
0.03351426511969502,3.088344172086043
0.0651691965883206,1.520885442721361
0.07851145895453501,0.05
0.09319262774169623,4.279414707353677
0.03633930074425834,3.3656828414207105
0.024767991381928534,0.9389694847423713
0.03231914889794202,3.0338669334667334
0.0534938829804841,5.0
0.10750963619272846,3.9921710855427714
0.03385900850210449,2.4593796898449227
0.08540578135788746,2.6550025012506255
0.037960329881461474,3.1230115057528764
0.01376874519173299,1.8873686843421713
0.03132840877602572,1.9666083041520763
0.059289572179413774,5.0
0.028406671435923514,4.596373186593297
0.03395201373025647,1.5530765382691347
0.1121500118215587,0.7062031015507755
0.03371085981597241,3.8237868934467234
0.11123045909029844,3.704927463731866
0.048017827738528696,3.615782891445723
0.07775404082005155,0.05
0.03509256675860151,0.9092546273136569
0.03440312430748593,2.6871935967983993
0.015144109659409266,3.5712106053026513
0.02007219827863424,3.041295647823912
0.03525747965227055,1.0107803901950976
0.01884022303008559,4.489894947473737
0.05015952327965989,3.0140570285142574
0.014673369784537205,4.910855427713857
0.055977377788383464,4.378464232116058
0.019849826991802683,4.957903951975989
0.07591007699632057,2.5089044522261132
0.039442721566101735,1.5877438719359682
0.0393045141435954,2.7713856928464233
0.057851372707474286,4.744947473736869
0.0451238702643309,1.2361180590295149
0.04520428429136644,3.8237868934467234
0.026221520689898137,1.530790395197599
0.0711444276053535,0.05
0.08173538979527795,0.745822911455728
0.01728535869770309,3.935217608804402
0.042365848364433106,1.1766883441720861
0.021403311022169746,1.704127063531766
0.09344429012007416,1.4292646323161582
0.03602099204781273,1.6595547773886945
0.06101214702051311,3.0338669334667334
0.07743978974666066,1.8229864932466235
0.08508787628423636,5.0
0.04412461833481243,4.004552276138069
0.05136618546348337,0.9439219609804904
0.04849903788143095,3.5563531765882943
0.03692346910006147,4.814282141070535
0.06778126224929923,3.036343171585793
0.07421499406729187,0.05
0.035408137053176636,4.702851425712857
0.030229519416311856,3.0165332666333167
0.010952259984676527,1.5530765382691347
0.03338560107612626,0.6690595297648826
0.06582523172374266,0.05
0.06147827754346191,0.05
0.03735924695433507,2.0334667333666836
0.01667474987517023,3.52663831915958
0.10351741542488163,0.42638819409704853
0.03645153665487927,3.3136818409204603
0.01884738402578423,1.1048774387193598
0.048180044222634555,5.0
0.02087357424871189,1.9666083041520763
0.10594505928073678,2.008704352176088
0.06463812369428629,2.3157578789394697
0.04725335466511282,1.6595547773886945
0.05947079789678708,0.05
0.036179133823088294,0.3248624312156078
0.09285965857417253,1.941845922961481
0.026052985998592154,1.5827913956978492
0.059800222673370707,2.729289644822411
0.03627083001874648,1.610030015007504
0.05020577862341932,0.05
0.05673785741871412,1.1420210105052528
0.06727623769069602,3.1106303151575787
0.05673414911275548,0.05
0.03684447135198565,4.460180090045022
0.016781005041449026,1.0157328664332166
0.03214928179615434,1.872511255627814
0.02160565001132464,3.7098799399699853
0.04719552940200686,2.7614807403701853
0.03291223906918389,5.0
0.019568861726050407,2.3108054027013507
0.019540296537638918,5.0
0.07367727298195792,2.877863931965983
0.026253817298188903,3.568734367183592
0.045496718374523265,2.7590045022511256
0.020938890488254508,5.0
0.04030289016888916,2.41975987993997
0.01736035806095662,3.747023511755878
0.018508127398361746,5.0
0.05693855773594736,1.3079289644822414
0.06735403672018983,0.05
0.043564685417372406,0.05
0.016430282069154672,0.7161080540270136
0.02493671992695476,4.021885942971486
0.03114990927071759,3.8658829414707356
0.02799362982069037,2.7391945972986496
0.008180769559326478,4.296748374187094
0.028608182340336713,2.1275637818909456
0.053865572856774596,2.0854677338669334
0.04194798204141792,2.5064282141070535
0.1626984668897553,0.9241120560280142
0.0962680753475702,0.05
0.03272019124478287,3.509304652326163
0.036376942615624075,2.026038019009505
0.05115092420907827,1.5406953476738372
0.015806905657822057,1.5035517758879442
0.020608856615766974,3.4399699849924965
0.08954604875918987,4.576563281640821
0.06853331030263579,3.1032016008004004
0.029325473102827904,0.05
0.039401697095974936,4.598849424712356
0.0678708537657925,0.05
0.038789864551652065,3.8658829414707356
0.05093428402870648,3.7940720360180094
0.029147288630001156,4.200175087543772
0.01341336116948355,4.4032266133066535
0.018275027237708935,2.5386193096548273
0.051460271784512485,1.352501250625313
0.056207369511592664,3.915407703851926
0.048545030345261725,1.530790395197599
0.05691344599895143,0.05
0.022801606426471083,0.9389694847423713
0.030055501344421198,1.783366683341671
0.05000724422538097,4.68551775887944
0.0373459872462413,1.082591295647824
0.043614408348297995,4.410655327663832
0.0806308081401246,0.05
0.07173582227504605,1.9641320660330168
0.029954947885837774,2.9595797898949474
0.031119992398805252,2.2290895447723864
0.03312246994194626,1.3648824412206104
0.05160914890813248,3.2988244122061032
0.06930441944529536,0.05
0.028015640431433897,3.2790145072536268
0.02260733903572476,2.7911955977988994
0.13321796040603293,0.5402951475737869
0.04283472618438483,4.408179089544773
0.14015633404995972,0.7953476738369186
0.026417814743274648,2.382616308154077
0.017596829261810387,4.200175087543772
0.031179576123823438,2.3182341170585294
0.02016282568404601,1.05040020010005
0.06139576068491834,0.703726863431716
0.03585214129501141,1.5877438719359682
0.042817087051757935,2.387568784392196
0.017102993961370577,4.883616808404202
0.014110699838819935,0.8547773886943473
0.027628739503464755,3.152726363181591
0.03402983367946483,1.78831915957979
0.07013350542637267,0.05
0.024797879452007093,3.8757878939469737
0.05079530483887257,4.440370185092546
0.053469898756995204,1.4614557278639322
0.017752472772832567,1.404502251125563
0.041978751455883756,4.00207603801901
0.0318846341278638,3.2121560780390195
0.03344404801943546,4.375987993996999
0.086833338673442,1.7957478739369688
0.031758029122532644,1.1420210105052528
0.09459536621742297,0.05
0.017407829834782423,4.680565282641321
0.09366488734432465,1.9220360180090048
0.1100210463176382,0.05
0.045185848167611675,3.3805402701350675
0.05044834277034507,4.26703351675838
0.04786974724370202,4.987618809404703
0.09389419536197091,4.190270135067534
0.02773097798350535,1.8601300650325165
0.025133970482044937,5.0
0.17824466323623567,1.1123061530765384
0.06250321995522168,3.036343171585793
0.01506685225115656,5.0
0.049907757220267523,1.9864182091045526
0.03805786586130419,0.8646823411705854
0.009583713280844314,1.1890695347673839
0.037291333780649444,0.9364932466233118
0.022235579277448403,3.1824412206103054
0.04927920890991447,1.8007003501750878
0.04398291594796516,3.7395947973986994
0.009740252071682998,1.7635567783891948
0.04181562006306361,4.853901950975488
0.07153855398737849,4.972761380690345
0.039407089796577144,3.8757878939469737
0.022297410605649853,1.6224112056028015
0.04028857584923465,3.283966983491746
0.054827539625719374,3.511780890445223
0.012484509142683925,3.415207603801901
0.15361957979896879,0.05
0.05185379610305402,5.0
0.04753214288202465,4.779614807403702
0.028452606560105342,2.9546273136568284
0.01685289918451946,0.05
0.08017025760482765,2.0508004002001
0.028623284226706847,3.2691095547773887
0.06907979031233785,2.8605302651325664
0.06639250114020998,1.6966983491745875
0.07469420061586007,4.343796898449225
0.05348402860687229,4.695422711355678
0.040089023210938574,3.224537268634317
0.026605190379058924,0.05
0.0049488517950168065,2.9645322661330664
0.04459433336931323,4.640945472736369
0.08776851337579755,4.239794897448725
0.05280550236305789,3.8807403701850927
0.03529782150971808,2.6871935967983993
0.05884694689446565,3.430065032516258
0.02390508583632303,1.2113556778389196
0.0376456537717762,0.05
0.024936210821756954,3.331015507753877
0.05800227872915764,2.040895447723862
0.009115362445240499,4.507228614307154
0.044927146581286076,3.2790145072536268
0.10133224565276144,2.3850925462731367
0.0661750699762031,4.217508754377189
0.020985933677251822,0.05
0.03919644310501172,3.7990245122561284
0.09765283404780956,5.0
0.03613254158031981,5.0
0.047145564179780663,3.142821410705353
0.036319635475969,2.637668834417209
0.10661922061410473,0.05
0.04219409158514126,0.05
0.08251920616624459,5.0
0.019254147378816006,1.4243121560780392
0.00647869387598124,0.05
0.05026925329252896,2.1597548774387194
0.023468983121294,1.4688844422211107
0.0700047226488591,5.0
0.07755793750808829,4.410655327663832
0.06507446696387853,3.484542271135568
0.02354775395844555,2.645097548774387
0.048449879268582824,1.3822161080540272
0.03321654860305201,3.5563531765882943
0.03457779859402266,1.7586043021510758
0.017487873975125967,2.1647073536768384
0.04943062741837126,3.727213606803402
0.04253104042930314,3.3533016508254128
0.022524439424624287,3.05367683841921
0.04172577816213924,5.0
0.05549226861747275,2.9496748374187094
0.022978309100548627,3.8237868934467234
0.039588779422467746,4.888569284642322
0.04158111602129094,3.9599799899949977
0.014965823385555549,5.0
0.07458585559809724,5.0
0.03435824540629917,4.1853176588294145
0.03114386290676019,2.4965232616308155
0.06264033722957837,4.63351675837919
0.013995799274352932,1.0900200100050026
0.012454059918444782,5.0
0.06639185174447176,0.05
0.03756224530030927,0.05
0.054292415029734475,3.848549274637319
0.019485713760749257,0.05
0.02474022688976929,1.2336418209104554
0.012357106800832157,1.1816408204102054
0.049155840037696935,2.273661830915458
0.022716259235575076,5.0
0.03281473528750645,0.05
0.03885528648079739,1.6818409204602303
0.05438784415186673,4.2645572786393195
0.12675734615159762,0.9810655327663833
0.10238722609786641,0.05
0.03065370615739252,1.0305902951475738
0.055154938739495646,2.021085542771386
0.011503971525315154,5.0
0.06127711844348491,2.204327163581791
0.05835504819539036,0.05
0.021214632491351998,2.016133066533267
0.057806646462526534,2.0854677338669334
0.15712705112860495,0.9364932466233118
0.09213308156749903,0.05
0.048309927275185155,2.4395697848924462
0.15271604215320506,1.077638819409705
0.10417132135966084,0.6641070535267635
0.03433479813787363,0.8547773886943473
0.03695613211738252,2.897673836918459
0.01727787410290002,4.187793896948475
0.01655331407464916,5.0
0.05713929428306294,0.05
0.020240939598807378,3.5192096048024015
0.038844711320557,1.2732616308154079
0.0332836949872618,3.690070035017509
0.03347781473179878,3.858454227113557
0.0865204748760299,3.5538769384692346
0.012334325589338668,2.994247123561781
0.037348674405875526,2.714432216108054
0.07215989502784459,2.097848924462231
0.04142679036011171,4.004552276138069
0.07603433831439324,1.6224112056028015
0.06762624661146088,3.5489244622311156
0.03821509427322589,4.128364182091046
0.02226452983765781,4.009504752376189
0.03626347456959081,5.0
0.016811914578473697,2.2340420210105054
0.06235026529662466,2.3652826413206602
0.03597205161836142,2.726813406703352
0.06076769465773463,1.3425962981490747
0.01831085766495749,2.3529014507253625
0.08186690989651446,4.455227613806904
0.02214920849985222,1.0949724862431216
0.06953118093148661,4.754852426213107
0.023173117909230212,1.4961230615307655
0.03726534254866823,4.514657328664333
0.0848345007943464,0.05
0.052439313799849674,3.521685842921461
0.09232330011084122,0.05
0.06825982805034675,4.621135567783893
0.02754284830715148,0.9736368184092047
0.027622489891888508,3.340920460230115
0.05254824420162468,1.7115557778889448
0.026304529429412776,1.5530765382691347
0.06933585476865942,2.199374687343672
0.0271512947161566,0.6145822911455728
0.048856250448742866,3.078439219609805
0.10390266283209137,1.2707853926963484
0.03492273950440419,4.522086043021511
0.03340805447633066,1.3921210605302654
0.05678912036920064,2.7911955977988994
0.03681177882978853,2.803576788394197
0.02803818807149508,0.7235367683841922
0.012363309124699795,5.0
0.03078785655852387,4.522086043021511
0.02411750271653887,4.913331665832917
0.04819314278940101,2.5980490245122563
0.04367200286637013,5.0
0.05650153227243676,4.442846423211606
0.04304472777237797,3.135392696348174
0.03146818161955656,3.905502751375688
0.06432155749614205,1.3822161080540272
0.060687431540120795,1.6125062531265635
0.09474707916252523,1.1271635817908956
0.0724279614347158,0.05
0.077233185763567,3.925312656328164
0.03285297666661527,1.1444972486243123
0.024005214195987362,3.4647323661830915
0.07835489122928624,0.05
0.04065095633636118,4.648374187093547
0.08834723373329084,2.4816658329164585
0.014947378903213349,0.9265882941470737
0.04956040541572054,5.0
0.018680660370711644,1.2608804402201101
0.05260715335352034,5.0
0.049173792782811976,2.2068034017008507
0.03262940239038126,3.1230115057528764
0.08891802476865268,0.05
0.07954434011842848,3.046248124062031
0.03191316930026933,5.0
0.04122405367896598,2.986818409204602
0.08676528690990049,0.05
0.034918866748097965,0.8102051025512758
0.037204595534856055,4.858854427213607
0.03260290775895383,4.891045522761381
0.06520973539976493,5.0
0.030183868662287727,3.7123561780890446
0.06524332852372366,5.0
0.09978820442578079,1.0900200100050026
0.04579304831545425,4.561705852926464
0.04373309787079169,4.645897948974487
0.02026237940833797,1.4342171085542774
0.05498992169134376,3.5613056528264133
0.06822224158789,0.05
0.022660451294054335,2.9967233616808406
0.062498185389326916,2.885292646323162
0.014864436731400976,2.989294647323662
0.024983837977862605,3.699974987493747
0.12471681306906429,0.05
0.07182900212599258,0.05
0.013879337940416542,5.0
0.034240363214158465,2.011180590295148
0.093661027557771,3.838644322161081
0.0730850946504063,0.5452476238119061
0.0267118192645803,1.862606303151576
0.02407261112653955,2.890245122561281
0.05787856300977423,0.8820160080040021
0.05968464303055099,2.5287143571785893
0.07115895765437824,1.6719359679839922
0.06523992917712701,5.0
0.027914719059039,3.256728364182091
0.0414826787381386,0.05
0.11361879416444887,0.08714357178589295
0.016224865981600278,0.05
0.09101798052790877,2.724337168584292
0.04099774917194113,0.3001000500250125
0.019888957674222746,4.725137568784392
0.01524564583454105,4.84152076038019
0.023468833264723765,5.0
0.023094712988389582,1.9220360180090048
0.030096405947172333,1.1073536768384193
0.026987686332061944,0.9389694847423713
0.05137961946477723,1.951750875437719
0.10910161460654394,0.6319159579789896
0.008798857805552812,3.494447223611806
0.07341125957645056,3.6405452726363183
0.033490588482399275,3.4399699849924965
0.02950323330417684,4.430465232616308
0.048236096860669125,3.9748374187093547
0.0718419747696224,0.05
0.04683992169369794,2.006228114057029
0.026548052744975126,2.969484742371186
0.03225148596127264,3.695022511255628
0.09692640309848022,2.811005502751376
0.01986207596205833,3.1972986493246625
0.04240666328881185,3.831215607803902
0.027032058664485936,2.719384692346173
0.0307608806244678,2.6327163581790898
0.04202882683836284,1.2955477738869436
0.11012584230499367,0.508104052026013
0.06963834968659571,0.05
0.04370834460312048,5.0
0.030715881967313674,3.756928464232116
0.011378991482327017,0.05
0.07614795506883665,3.0091045522761384
0.02167465277503905,3.20967983991996
0.01862226234883671,4.061505752876438
0.049778835609955885,2.610430215107554
0.05140781026525487,2.751575787893947
0.06036420847382848,1.773461730865433
0.06593391079387972,3.1081540770385194
0.017774233426647357,1.2955477738869436
0.07771079300464859,1.9542271135567786
0.03481148460925371,2.199374687343672
0.024177330462597874,1.1370685342671336
0.05501655028625907,4.878664332166084
0.024506276537660382,3.504352176088044
0.040495239303228625,4.52703851925963
0.038757953892314734,5.0
0.10988442837932538,0.05
0.011385773457103732,1.0380190095047526
0.057076559909399915,5.0
0.07159529014992608,1.3178339169584794
0.06392454171187262,2.9372936468234117
0.034415275556857694,1.5580290145072537
0.09154142070331028,1.362406203101551
0.028622197342483002,4.853901950975488
0.04443662469045345,3.5563531765882943
0.017351298334787907,4.782091045522762
0.06395333647575058,2.030990495247624
0.015614077101849422,1.5456478239119562
0.022634973730103702,2.5930965482741373
0.055916091230059084,0.05
0.032659159276387406,5.0
0.034002535872214995,4.42056028014007
0.03394755723842724,0.05
0.05577127084500266,1.8106053026513258
0.084313936205406,2.704527263631816
0.013425365474692752,3.3533016508254128
0.0783596325795119,5.0
0.01691287243371517,0.05
0.05515949576191603,1.4317408704352177
0.007157689690305169,5.0
0.06296856398099215,0.05
0.025539700618214894,2.3330915457728865
0.09934782186194491,4.1853176588294145
0.023403511312080516,4.952951475737869
0.04316871149388829,2.3281390695347675
0.01057837831049635,1.4119309654827414
0.04188533673106698,5.0
0.031196387473760356,2.100325162581291
0.04005190618158894,4.2546523261630815
0.06412786718688027,2.021085542771386
0.01978896926335244,2.815957978989495
0.021683588007593596,5.0
0.011517443755299922,2.652526263131566
0.09079562501601102,0.7284892446223112
0.08812949845441348,1.7214607303651828
0.015052012305532048,4.608754377188594
0.018457502887144706,5.0
0.018073402464554522,4.653326663331666
0.059498059640575585,2.729289644822411
0.016851726103254444,2.303376688344172
0.027850299073144652,5.0
0.016538627234939873,1.129639819909955
0.046911685726029384,1.7561280640320163
0.009520113317059986,5.0
0.030010949183183755,5.0
0.028591158633847036,3.2542521260630317
0.06626259971546603,3.063581790895448
0.046437463054669226,2.813481740870435
0.06721154616895966,1.867558779389695
0.0722240682248006,0.05
0.06492666215910559,2.73671835917959
0.025873935132227605,4.2150325162581295
0.02629747773490282,1.6818409204602303
0.015921377466354192,5.0
0.0586112144810223,5.0
0.07551361705404641,0.17381190595297652
0.0408527229677646,1.4862181090545274
0.016841920691972656,1.1915457728864434
0.11912038387288923,0.47591295647823917
0.022148980734788826,4.626088044022011
0.04873922669929756,3.925312656328164
0.017457352001936682,1.1568784392196099
0.023001846608338428,3.9822661330665334
0.04662118264420223,0.05
0.07525931055031856,0.05
0.1053115948535307,2.5708104052026015
0.0607541821473542,2.8605302651325664
0.02899814401330933,4.286843421710856
0.028672031074973625,4.10855427713857
0.08656301286135279,0.05
0.0166427539526236,0.05
0.07025540748213902,0.05
0.021526066876362382,0.05
0.019318382337706108,1.5283141570785395
0.09721809302115356,4.31655827913957
0.07031788317363297,3.8015007503751876
0.03823595308591876,4.848949474737369
0.046482089759423806,3.345872936468234
0.022255257923659122,1.0751625812906456
0.032652240355579454,1.4342171085542774
0.07818220999334125,0.05
0.04033079248689139,1.5976488244122062
0.038409630086983726,2.003751875937969
0.05570177479321459,1.9245122561280643
0.036936923521151604,5.0
0.06744619806773505,3.7346423211605804
0.08292378305832909,0.05
0.027260137683062152,1.3227863931965984
0.01673064827841303,5.0
0.03399123061382464,0.8993496748374188
0.0556658077594277,0.9983991995998001
0.06419531842032025,1.9740370185092548
0.06990556426012004,0.05
0.024701281930232744,3.7395947973986994
0.06625995257265349,3.4919709854927463
0.07289337601187532,1.4218359179589797
0.05882901573867766,3.52663831915958
0.031645105752606706,4.524562281140571
0.046457901892229064,0.05
0.037887497486711136,1.2286893446723364
0.03349504358293845,1.783366683341671
0.1392080234866248,0.8696348174087045
0.0625239539923152,5.0
0.11150463827782467,0.8572536268134068
0.045385232394689445,0.05
0.031021994906389017,3.2592046023011507
0.04908241340466868,5.0
0.08732873290428378,3.2913956978489245
0.01867004450168741,5.0
0.009188876086352854,1.5085042521260632
0.03143492451556901,3.665307653826914
0.08985461968342712,1.7709854927463733
0.04375972494735639,1.3549774887443724
0.02480472039927112,4.499799899949975
0.06693948162514296,5.0
0.023947353140586602,0.05
0.05423633471067324,2.9273886943471736
0.037149271726274025,3.2443471735867937
0.020512275650067135,5.0
0.08445174620950158,3.4498749374687345
0.04219252148907032,3.6083541770885446
0.05176600859287442,1.134592296148074
0.09292636158781076,2.41975987993997
0.04885107985332135,4.816758379189595
0.02018616045999813,2.9075787893946976
0.04401726680246057,2.7911955977988994
0.025521756101482912,3.236918459229615
0.029144448138604256,1.2955477738869436
0.028737816236378555,1.3079289644822414
0.050206869923023034,3.2592046023011507
0.05682271183108728,4.794472236118059
0.031297859589891175,2.4593796898449227
0.03529811862750226,5.0
0.0410677648783255,2.3256628314157077
0.036915770468640446,0.05
0.03704234183654723,4.227413706853427
0.051325325736766236,4.470085042521261
0.044401894559959965,2.4148074037018508
0.06660523633205284,4.366083041520761
0.05147139572365528,3.0190095047523764
0.04870568535259756,1.0801150575287646
0.1135255675398592,3.8287393696848424
0.03813418863229648,5.0
0.10307743736870872,0.062381190595297654
0.029818687607960526,0.9884942471235619
0.044049137986204356,1.31535767883942
0.022410547128318387,1.3772636318159082
0.04460948241488888,2.0631815907953976
0.08213224791696638,3.747023511755878
0.01425661847765744,5.0
0.11402027661704492,3.1898699349674837
0.013816083470339718,3.6331165582791396
0.1027675547219834,0.7334417208604304
0.06409586868500625,1.134592296148074
0.02765631726227666,0.05
0.01970745479791869,1.9269884942471238
0.10412217402323448,3.57863931965983
0.03852086960300538,1.4911705852926465
0.06920662183790349,2.6649074537268636
0.0244748830285548,4.618659329664832
0.01439958152759871,5.0
0.027020707434081498,2.0780390195097547
0.1028168217990775,2.4593796898449227
0.044373243635388915,2.3306153076538267
0.07705344392110253,4.036743371685843
0.01850454423054751,3.749499749874938
0.03187942604007096,0.05
0.018129578593153006,2.0681340670335167
0.04248972313543517,3.0858679339669837
0.06185072868752056,5.0
0.047773092091001806,4.375987993996999
0.058028524634547995,1.815557778889445
0.023323826749859583,0.9860180090045024
0.07979505431780437,3.4771135567783893
0.0449331028844579,4.819234617308655
0.06105408610441085,0.05
0.1203017596224904,3.662831415707854
0.021797889402618092,4.140745372686343
0.07757923439095182,4.326463231615808
0.015504645944543871,1.6125062531265635
0.0333102964669266,3.605877938969485
0.055510241220736445,2.199374687343672
0.05035250428752089,4.1655077538769385
0.031211039727869705,5.0
0.03238104011441151,4.113506753376688
0.04868609670004101,3.6281640820410206
0.06580186056044193,3.331015507753877
0.017639953904957734,3.8980740370185094
0.03475068026554856,2.7490995497748876
0.17927424966343525,1.6422211105552778
0.03646067221928906,2.9075787893946976
0.016512229138845508,1.1420210105052528
0.11591175605033127,0.45362681340670336
0.062390087803244315,3.573686843421711
0.042668855502033254,2.182041020510255
0.05288771419731442,1.5506003001500752
0.029970408054173586,1.1568784392196099
0.05233477141029466,1.4862181090545274
0.02222637397042107,1.3401200600300152
0.021783811675623793,2.4271885942971485
0.049287028722747206,3.9599799899949977
0.0305974204839754,4.863806903451726
0.0619935204679809,2.7070035017508753
0.08223370729692189,0.05
0.02541729540192103,1.877463731865933
0.03780953189244504,0.05
0.0377937304469072,2.974437218609305
0.07979235989743055,0.05
0.04486139458386165,4.995047523761881
0.12312108025868171,3.7395947973986994
0.04593438108246528,0.0995247623811906
0.022982897238030764,1.6125062531265635
0.012577951425731537,1.4193596798399202
0.026374779787293218,3.15767883941971
0.017084891482999826,4.470085042521261
0.06948801460261964,0.4585792896448224
0.06526463975866434,1.4441220610305154
0.03904353430159063,3.8237868934467234
0.03914058511783294,4.457703851925963
0.03892733337138726,1.5481240620310157
0.02327402797872219,4.3338919459729865
0.058809265827787394,0.05
0.012149838466127855,4.727613806903452
0.05176085974988173,2.273661830915458
0.044347629738246075,2.5881440720360183
0.031823112343471904,1.7165082541270638
0.038529479198858047,1.357453726863432
0.015985711219328153,0.6492496248124063
0.02759314304275834,2.8184342171085546
0.0545609291888241,0.05
0.05048078165471859,5.0
0.04006703788805499,1.5332666333166585
0.09624450522402866,0.05
0.03557506516592715,1.6818409204602303
0.033561147763032595,3.8856928464232117
0.04090791885512107,0.9983991995998001
0.08757407334966241,4.239794897448725
0.02404573372300539,1.2088794397198601
0.041897023454321725,1.4020260130065034
0.039171054245735554,3.345872936468234
0.03210048745680624,0.05
0.04118826282517932,1.310405202601301
0.00821073125581101,2.863006503251626
0.016597421233653514,2.8233866933466736
0.06752259448192738,2.969484742371186
0.061651014332169796,3.531590795397699
0.1088940327595308,4.717708854427213
0.04060161971665069,1.0652576288144073
0.01704522435247749,4.10855427713857
0.04032723587082421,2.5064282141070535
0.02837915977575564,5.0
0.050813873030077034,1.4961230615307655
0.02642994413460889,4.663231615807904
0.016184842531483556,5.0
0.033067794788698895,3.2344422211105552
0.055235638209620935,4.626088044022011
0.05273538132112779,0.7260130065032517
0.0075106831556741305,3.509304652326163
0.02998231713674243,3.1279639819909955
0.05229884179329103,4.702851425712857
0.023639186821183378,3.9550275137568787
0.04780395351588973,2.251375687843922
0.026740912160468533,1.8106053026513258
0.05581639544762018,3.331015507753877
0.079691557910026,5.0
0.08735666673606796,3.3978739369684843
0.15740413827193458,0.7557278639319661
0.03514939138547726,3.2715857928964485
0.05864222356500878,4.036743371685843
0.015553180515707449,1.6768884442221113
0.06067511673652773,0.5452476238119061
0.02238539896726549,1.9170835417708856
0.0407122164166131,0.05
0.0393734474732306,3.2715857928964485
0.1313091531987836,0.36695847923961983
0.04553457894267959,4.962856428214107
0.08356125547438564,0.05
0.05986321264867575,1.488694347173587
0.08686753451197632,0.05
0.08773751449014736,2.201850925462731
0.05527766061836287,4.081315657828915
0.07766846613701944,2.726813406703352
0.02599029247532375,0.05
0.07886960115569319,1.857653826913457
0.07056288986764145,2.117658829414707
0.03231470324046318,2.0755627813906954
0.060282302125874904,0.05
0.014017231514134199,0.05
0.01949537736774279,0.503151575787894
0.036888978839662356,1.6298399199599802
0.020420141462284547,3.1007253626813407
0.0538194824790548,4.650850425212607
0.05809166566833557,0.05
0.04224831044550065,1.3500250125062534
0.05238489143266917,5.0
0.05181990489673555,2.8753876938469234
0.08148777636038051,0.05
0.06502310380853599,4.824187093546773
0.04449692519773801,1.614982491245623
0.0242871373331823,3.6355927963981993
0.03478813734730027,3.727213606803402
0.02524616842686575,5.0
0.06748146093905993,4.504752376188094
0.041379087903348405,2.9372936468234117
0.02605743581252723,2.3553776888444222
0.05706478215991645,0.4412456228114057
0.04725343514530228,3.415207603801901
0.06000483015139155,0.05
0.044243630601402684,3.4771135567783893
0.03210079557105916,2.4148074037018508
0.044998600627370045,0.05
0.012461319058488435,4.068934467233617
0.04461610554621098,0.05
0.07448896965936752,0.05
0.04525959617427239,1.325262631315658
0.07721548309836884,0.05
0.054480111906719,0.9860180090045024
0.007556187997393077,1.1692596298149076
0.09317276870522923,1.7561280640320163
0.015606182595152618,2.1448974487243624
0.11095434207083632,0.05
0.005501192506117775,3.73711855927964
0.128317284498755,0.8151575787893948
0.026172021986318517,5.0
0.05164040324815217,0.48086543271635823
0.03952988044170708,5.0
0.03440651767535613,3.9971235617808905
0.027680279110048778,2.662431215607804
0.05051276090808207,0.5576288144072037
0.04724188210846014,4.997523761880941
0.06223359168226261,3.836168084042021
0.05647687593032552,2.3751875937968987
0.02641428834829232,2.815957978989495
0.02933845776022434,1.9022261130565286
0.015421196559649963,5.0
0.017908768869385555,0.05
0.01901960546357856,3.410255127563782
0.041944840936650185,1.7486993496748375
0.045168756220351935,1.3450725362681342
0.06376478297395918,1.6248874437218612
0.03187147378776142,1.4738369184592297
0.06502256149167784,1.1989744872436219
0.016230291970017574,4.933141570785393
0.02711860337278421,3.747023511755878
0.04369982203238021,0.05
0.036162099585555996,0.05
0.03351067091103285,4.346273136568285
0.04955485410296234,5.0
0.07383496648486013,1.6843171585792898
0.04366988136679015,1.2286893446723364
0.02207376781247361,3.5018759379689848
0.020639216250613157,0.05
0.054592230096474376,3.1131065532766384
0.11617032685148942,0.2381940970485243
0.03173613762566768,4.769709854927464
0.027291615667763502,1.1742121060530266
0.06943011375567237,0.05
0.022829627301520022,1.278214107053527
0.03276283494128668,2.8184342171085546
0.07132304232707948,3.142821410705353
0.05012164225984361,3.511780890445223
0.07000572803458902,0.05
0.01674406577144244,3.9674087043521764
0.030274390711773624,4.593896948474238
0.046381108327814224,2.115182591295648
0.04760813326029939,0.05
0.004707189702693737,5.0
0.037540504239167494,4.016933466733367
0.03317153433145642,3.811405702851426
0.059046272011988615,2.372711355677839
0.024599710951714954,3.766833416708354
0.03024218732508918,4.517133566783392
0.06219843347490245,4.7969484742371185
0.033647989418520874,4.019409704852427
0.029806428721190825,0.05
0.042904868772529886,3.162631315657829
0.048139521726472595,1.8527013506753378
0.0019738649515944895,5.0
0.05694083771682398,0.05
0.04360398711874383,0.5675337668834418
0.042411200981220726,1.1915457728864434
0.08806762532883256,4.197698849424713
0.06406398840783006,2.8605302651325664
0.0618750208965449,2.726813406703352
0.056410081435227494,2.57823911955978
0.05694005448872763,3.1230115057528764
0.014421622599892547,1.3054527263631817
0.06394569621266183,3.283966983491746
0.09163950348472205,0.05
0.02086472989863758,4.84399699849925
0.07403252765352777,4.670660330165083
0.05989058468221256,3.511780890445223
0.02739700045987903,2.637668834417209
0.02115196199834496,0.8324912456228115
0.03700951880077108,2.5930965482741373
0.020125324507125508,2.186993496748374
0.07556682912954382,4.556753376688344
0.02058799544353576,4.650850425212607
0.081975290901497,4.0862681340670335
0.02110125537074628,2.4148074037018508
0.04077954449024482,4.933141570785393
0.02089286889158498,3.754452226113057
0.10652078311974711,4.8959979989995
0.023824575595804753,3.68264132066033
0.06406140506447339,2.778814407203602
0.11566975726487028,0.7903951975987995
0.05470648767754005,2.4816658329164585
0.016030294039990872,4.467608804402201
0.0396050380155919,1.0182091045522763
0.03652078660888558,1.409454727363682
0.03702134856002931,4.601325662831416
0.015616770004365926,3.4597798899449725
0.08465795758257655,2.0012756378189094
0.08500917742183389,4.635992996498249
0.03134652308071456,4.9356178089044525
0.04148410505310457,4.497323661830916
0.03711984332304505,4.271985992996498
0.055502688264316064,0.05
0.024682083141949085,1.689269634817409
0.03535289523335641,2.6129064532266133
0.08240544230672903,4.1060780390195095
0.0307210678991377,2.635192596298149
0.024175191791953016,0.05
0.01640737141543469,1.5431715857928967
0.06790365484997846,0.05
0.10035678157397249,3.47463731865933
0.03611503439603542,3.8906453226613307
0.09953550427942243,0.05
0.020421824902553676,0.05
0.022522719198387803,0.9439219609804904
0.10729496682569828,4.3140820410205105
0.032024035297565145,1.3921210605302654
0.04609117447741712,2.2464232116058027
0.021196782551889698,1.5877438719359682
0.07655579488404063,4.549324662331165
0.026757520314114575,4.482466233116559
0.02173472284172323,2.3231865932966485
0.054086978342453906,4.257128564282142
0.05079234156446877,1.8056528264132068
0.06220337196666448,3.984742371185593
0.034839667636979016,3.4696848424212106
0.06220192747244205,0.05
0.062084879899725665,0.05
0.09100363336623596,1.6446973486743373
0.08817323334324803,0.8423961980990496
0.055555879180432866,1.493646823411706
0.026358645185609653,5.0
0.06397911072249812,2.7490995497748876
0.03694421107591048,5.0
0.09232073943841501,2.357853926963482
0.036751430215549025,0.9761130565282643
0.04513991878716611,2.040895447723862
0.1285012953340841,0.8423961980990496
0.0841977202625307,1.5827913956978492
0.020015521068415615,1.8081290645322663
0.054646041321583294,3.690070035017509
0.033599267216425616,5.0
0.09746094813071199,1.6793646823411708
0.022565292931350345,2.273661830915458
0.03771355456215858,0.05
0.04175556940479902,5.0
0.025319465642643896,0.05
0.05494687846143892,0.05
0.03443978521920882,1.9269884942471238
0.04321155781455269,1.3896448224112057
0.03964198674352598,1.2881190595297651
0.020125144732057704,0.05
0.021351375194544525,1.9715607803901953
0.04957471078922501,3.214632316158079
0.036533644650746905,0.05
0.05327942474620562,1.7214607303651828
0.10568201982868008,0.05
0.04778812204026067,2.546048024012006
0.039316556617163795,2.2588044022011005
0.01884468993278443,3.769309654827414
0.044324683415778415,5.0
0.008601985822734498,5.0
0.12667692433898342,1.8130815407703853
0.06506789335377114,0.05
0.055814770257480384,3.52663831915958
0.028372813605433228,4.62856428214107
0.060227200763933064,3.3879689844922463
0.018628684786991173,4.034267133566784
0.10067194477109442,0.05
0.01586876927015818,0.5724862431215608
0.0668690372784525,3.2121560780390195
0.04579149121175585,4.784567283641821
0.025958243492956445,1.8923211605802903
0.054244727709962665,1.899749874937469
0.032783584708884456,1.4812656328164084
0.10004863399236152,1.5753626813406705
0.03313613498627549,2.8431965982991496
0.01684031296401778,3.853501750875438
0.03382183356628393,2.8407203601800903
0.024734175626096422,1.2658329164582294
0.026541732735818307,5.0
0.05250721324981081,5.0
0.02265384911844659,4.125887943971986
0.07682315073290036,0.05
0.07403931329041441,0.05
0.007823923554465206,1.0305902951475738
0.016794402042755535,0.05
0.0570300544365519,4.138269134567284
0.023740101368047717,3.5712106053026513
0.05821364779127136,5.0
0.06581511538025164,1.4317408704352177
0.017763142588023723,1.5283141570785395
0.10728403590192431,0.05
0.01618783848032304,0.05
0.017885661615784115,1.2584042021010506
0.054832053792100294,4.343796898449225
0.032417521790166104,4.8662831415707855
0.04010649455096171,3.6380690345172586
0.040721481784222247,4.153126563281641
0.050201060833251765,2.214232116058029
0.022651344788740535,4.4032266133066535
0.024305537974175617,1.6372686343171587
0.08258132935683288,1.7214607303651828
0.060570475127133844,4.980190095047524
0.022069890356879118,2.1523261630815407
0.030843596644747284,0.9761130565282643
0.028003966430366678,2.3974737368684345
0.0546370045014436,0.78791895947974
0.03278513406872871,2.466808404202101
0.016708250660919216,3.293871935967984
0.048819357055217005,2.3009004502251127
0.042835831318478235,0.8374437218609306
0.04703478328679106,0.05
0.02396432797809911,4.574087043521761
0.035841148746901336,0.05
0.0532298823880645,1.0900200100050026
0.11569707884051778,0.4882941470735368
0.08252277399467906,3.643021510755378
0.03431566786800114,1.6843171585792898
0.02287129761651277,5.0
0.04763700354225009,5.0
0.05282116036286627,4.990095047523762
0.0424434036724432,0.05
0.037212933541068166,2.863006503251626
0.05265481229269636,0.05
0.0642972416041091,2.0532766383191596
0.02647249644380384,5.0
0.06148817720651839,2.9249124562281144
0.05671914877257797,1.5951725862931467
0.020280965004899704,4.8959979989995
0.008706972973986066,4.046648324162081
0.05924207614701249,0.05
0.043956684063101076,3.340920460230115
0.02833432832227345,1.3500250125062534
0.06158551951993574,4.831615807903952
0.018696944321861003,2.382616308154077
0.05944876356980194,1.36735867933967
0.022071710805771194,5.0
0.028820084488009462,1.446598299149575
0.04241988610083608,1.4441220610305154
0.01516772937925745,2.442046023011506
0.02354556885184031,1.7115557778889448
0.022592880675952387,1.3871685842921462
0.04399863350361527,4.710280140070036
0.016463963307253776,5.0
0.032106613088902614,4.556753376688344
0.06807334122569778,3.05367683841921
0.02517596950593437,3.2666333166583295
0.07586753521289935,3.4077788894447223
0.015301069578414206,1.1964982491245624
0.06921218745882018,4.326463231615808
0.04084515882759099,1.4342171085542774
0.04939419398078715,0.05
0.10348569241525452,3.610830415207604
0.011316843027691897,5.0
0.04535041802792894,1.077638819409705
0.04574383996507367,5.0
0.07394561437785721,4.378464232116058
0.013532653906423081,2.6327163581790898
0.02807307338239992,4.752376188094047
0.05395565196551996,1.1568784392196099
0.05825597072421168,2.7119559779889943
0.010977262489132278,4.413131565782892
0.041175778628414234,4.702851425712857
0.03288704920880317,0.6145822911455728
0.05551555603671163,1.2707853926963484
0.04097311921973193,2.741670835417709
0.03805489489915484,4.883616808404202
0.07942208476576187,1.9666083041520763
0.013745177203816766,0.05
0.023815729022502063,1.6248874437218612
0.05311561332821879,2.5633816908454228
0.04373302010372254,4.42056028014007
0.046085375597375466,3.4597798899449725
0.025419284929521946,3.167583791895948
0.023748789275847365,4.982666333166583
0.02162884217356076,1.5109804902451227
0.08475329937496695,1.8824162081040523
0.021101901950381724,3.041295647823912
0.0640654206423554,0.7681090545272637
0.03195560168883174,4.4626563281640825
0.07882539352419698,2.4841420710355178
0.018348268741377904,5.0
0.04917198181271326,4.668184092046023
0.02762003906092589,0.05
0.027235797473502993,5.0
0.012045984527103759,0.05
0.09789964377505611,4.242271135567784
0.021336420934814665,5.0
0.016174619313224947,2.035942971485743
0.03025053795462143,1.7982241120560283
0.03859567696974325,1.2113556778389196
0.06356315230014348,4.9356178089044525
0.047384229012046114,4.824187093546773
0.026131567046335707,1.8031765882941473
0.01959116387937157,3.3632066033016508
0.025388845794981962,2.662431215607804
0.027183759048632822,1.3871685842921462
0.013134213908228637,1.6768884442221113
0.08137726799554434,4.371035517758879
0.061920550944117914,1.4589794897448727
0.05775147411355919,0.05
0.0765050694767958,1.73631815907954
0.018903930820527298,0.05
0.026667609185098806,5.0
0.02217984975204132,5.0
0.06577955425229431,1.899749874937469
0.04722872091444408,5.0
0.020537386060494572,1.6645072536268135
0.014494127708159499,5.0
0.02919161168442333,4.992571285642821
0.02103724299488824,2.981865932966483
0.04765755074479061,1.2806903451725864
0.06347080486835308,1.5753626813406705
0.03655332274884787,4.858854427213607
0.024686487449080002,1.4168834417208607
0.031693097005500576,1.077638819409705
0.02840269497878367,4.707803901950975
0.03734857730019364,3.7395947973986994
0.07754244843012043,2.2315657828914457
0.04481989176127621,0.05
0.03944852218200978,4.351225612806403
0.04594213855204754,3.732166083041521
0.030943979258253457,2.4445222611305653
0.04409868459712879,1.9814657328664333
0.001381703920572852,0.8943971985992998
0.11361055125281669,0.4016258129064533
0.028125978709990285,5.0
0.056390693200219055,2.4321410705352675
0.020322028719794827,0.05
0.05811642258024549,4.378464232116058
0.03481339267847994,2.7441470735367686
0.049978948486994856,4.489894947473737
0.049033567895581665,1.6125062531265635
0.028941229727876966,1.4391695847923964
0.06771474715503412,4.593896948474238
0.020133303009945897,4.980190095047524
0.13982099135077358,0.6145822911455728
0.037702755626627754,0.5972486243121562
0.05799970929625048,2.4321410705352675
0.0488052846269669,2.498999499749875
0.028946513475559682,2.8431965982991496
0.02720724060348012,3.905502751375688
0.05637882349182469,0.2827663831915958
0.019072747864818967,5.0
0.024517805048829444,1.045447723861931
0.061663580162896,0.05
0.030064400660456708,2.2414707353676837
0.05049639565319508,5.0
0.011017165339235468,3.219584792396198
0.07357336687998961,2.0780390195097547
0.031098244590366142,4.140745372686343
0.022581367318652956,5.0
0.01620790735180891,0.05
0.05770239753634304,1.2286893446723364
0.03374789763181393,2.4049024512256127
0.054351833326727605,1.2088794397198601
0.038861428486220095,1.0627813906953478
0.012723074981365323,4.202651325662831
0.020728380870448593,4.0664582291145575
0.014510883340280029,4.52703851925963
0.032885160986221074,2.9298649324662334
0.0410369479724029,1.6867933966983493
0.021171709254087817,0.05
0.04206832365139351,3.400350175087544
0.021386236565148348,2.4915707853926965
0.041483013016393955,2.5584292146073038
0.07778771606834778,2.1572786393196597
0.016646028732705098,4.73999499749875
0.038992294310074616,4.36855927963982
0.052897456503971596,0.05
0.03982469265473593,1.5976488244122062
0.0150631223303829,4.232366183091546
0.08915043841631543,1.6966983491745875
0.046915563259151194,0.919159579789895
0.03665003781435361,4.311605802901451
0.053520771106795734,2.6723361680840423
0.11464352063313762,0.8423961980990496
0.024805262334374634,5.0
0.04057677736385357,3.73711855927964
0.019930635120914114,0.28524262131065536
0.013657650983846747,2.835767883941971
0.04376959863145308,5.0
0.03185344067325341,1.3029764882441222
0.05088154005929721,3.8856928464232117
0.02490402035814293,3.942646323161581
0.05799714897280847,3.3334917458729367
0.05719935704721074,4.450275137568784
0.07004392828658879,2.815957978989495
0.04787416787327345,1.8328914457228616
0.021593157890940018,3.4573036518259133
0.06981847425651069,2.806053026513257
0.029219401915593607,3.7098799399699853
0.07064259550125468,5.0
0.043805177132235085,2.10280140070035
0.027740016755226915,4.36855927963982
0.01955559331905246,2.967008504252126
0.01062068421774301,5.0
0.06258447341233914,0.05
0.025748514211711426,4.091220610305153
0.013844787264840674,0.05
0.021177638115846664,2.2909954977488747
0.04691492426554819,1.478789394697349
0.02345796514875939,3.8832166083041524
0.03452921327878056,5.0
0.04505662159879034,3.57863931965983
0.07939943979448705,0.05
0.042404281853271386,0.05
0.05206400379631565,5.0
0.07648800852976884,5.0
0.03624097564768661,3.935217608804402
0.019612546871653064,3.5662581290645323
0.03108579588769378,0.8820160080040021
0.03614244366641933,4.460180090045022
0.020911294022222554,2.4098549274637318
0.08921092323807434,3.3013006503251625
0.030914834044747957,3.5340670335167585
0.08657311315103328,0.05
0.028148183857007236,1.6347923961980992
0.019097416597703032,1.6075537768884445
0.0283120845719132,1.488694347173587
0.07489538796967915,3.311205602801401
0.013133764230924827,1.3723111555777892
0.018852638080004952,2.9422461230615307
0.0967682137123089,2.7961480740370184
0.03137514239448996,3.521685842921461
0.061617452541929546,5.0
0.027007102652918474,2.0607053526763384
0.035192287215787876,0.05
0.02260082925127177,0.05
0.05564014981536078,1.0578289144572288
0.01768462560338588,1.6323161580790397
0.12479812652575278,0.47591295647823917
0.03434331749723646,5.0
0.12032882229178571,0.05
0.04132880446650772,0.05
0.027572578697581562,5.0
0.03590779523553578,2.986818409204602
0.04318508045631328,2.919959979989995
0.08035688227922766,0.05
0.05899783031303968,1.951750875437719
0.023487128036835947,3.1849174587293647
0.02709701623320593,0.9711605802901452
0.042050096976886,3.873311655827914
0.0815592699736013,1.9294647323661833
0.03778947830505544,2.6599549774887445
0.10299980728318839,2.6550025012506255
0.03754082779222803,5.0
0.014436027892616776,3.647973986993497
0.01694887795432362,5.0
0.08081213981450835,1.9666083041520763
0.031936946252192344,3.1849174587293647
0.0731242396211125,0.05
0.07937648792599256,2.26128064032016
0.028966556774005697,2.9224362181090546
0.03371670504089652,3.2864432216108055
0.04357744921348816,0.5526763381690847
0.029060687120442408,1.3277388694347174
0.05517419834042209,0.2084792396198099
0.03189187049931133,5.0
0.08679422243925403,0.05
0.03458874891775815,3.1824412206103054
0.015611056217085084,4.450275137568784
0.015406641350089928,3.6232116058029016
0.021057366798640453,0.8523011505752878
0.1039362807345115,0.05
0.04011139376532977,5.0
0.05160916407018301,5.0
0.06488475581485642,3.7123561780890446
0.0715657034094222,0.05
0.05721626332832572,4.705327663831916
0.027630487208857024,3.8237868934467234
0.021537044274042905,3.5538769384692346
0.012718501390590664,3.6182591295647826
0.08010277351209205,1.6744122061030517
0.021142067044118862,1.2955477738869436
0.037246108960490826,2.4073786893446725
0.017491381195143707,3.8832166083041524
0.01673466115433364,0.40905452726363184
0.022518852420760377,2.729289644822411
0.01335423483029835,5.0
0.030860906717317227,2.112706353176588
0.09330431939767503,0.7681090545272637
0.042416012214379906,1.8527013506753378
0.02722654239483957,2.0730865432716357
0.07652094702097478,0.05
0.0740138799907224,2.2117558779389697
0.053374558366114266,4.720185092546274
0.040941203335220167,2.0805152576288144
0.09665800063657892,5.0
0.02090866694519733,1.6694597298649327
0.07365582077708413,3.4127313656828417
0.1239662416242096,4.3338919459729865
0.03623566874968548,1.7189844922461233
0.021542449707617928,1.2088794397198601
0.027179495038729462,4.460180090045022
0.04077406500683628,1.605077538769385
0.11469857050319254,0.13914457228614308
0.02896518437314688,0.8820160080040021
0.047291066809424354,0.05
0.04355632869841333,3.784167083541771
0.05056207693611639,1.8848924462231118
0.03748141513012673,2.308329164582291
0.11141288143172054,0.05
0.032815158300842695,1.73631815907954
0.07761479887451739,0.05
0.027546742080051784,3.0487243621810904
0.08503756794297168,1.857653826913457
0.04586164298747722,1.4664082041020512
0.01107349495924087,2.9075787893946976
0.04529358066768094,4.390845422711356
0.08564409352241906,4.57903951975988
0.04042767064674185,1.1395447723861933
0.05299846924021101,0.05
0.053656847334286606,5.0
0.012535248775846386,4.591420710355178
0.061179383091041484,1.5902201100550277
0.037680257190754546,5.0
0.010121417679696876,4.306653326663332
0.046154434261287874,4.299224612306153
0.0328696610698207,2.0904202101050524
0.060351187072253565,0.05
0.06149115347259593,2.731765882941471
0.07130176927862925,0.05
0.043712770117300126,1.1890695347673839
0.04892691220337436,4.819234617308655
0.024272321084958748,1.3376438219109557
0.04642593182381119,4.0961730865432715
0.035328521489450704,2.035942971485743
0.04156221359434692,1.2683091545772889
0.024491467632448694,4.3338919459729865
0.044192063456268804,2.045847923961981
0.02455237118101891,3.9748374187093547
0.03366007944071758,1.2732616308154079
0.06652907857204579,0.05
0.08411587941439752,4.967808904452227
0.05206374149036125,3.4498749374687345
0.02883451047644553,2.5930965482741373
0.045194088684102574,2.551000500250125
0.06398348415756569,4.009504752376189
0.026356410482050868,1.8180340170085045
0.01952839350945315,3.068534267133567
0.03515689861870405,4.725137568784392
0.02422243905163124,4.3338919459729865
0.04997844908863042,1.0702101050525263
0.041452994098013646,1.3450725362681342
0.05513679993315937,2.989294647323662
0.0069186343732967615,4.593896948474238
0.09635878779555596,0.05
0.06697823072348075,3.0908204102051027
0.06338804764236311,0.05
0.023149101346044865,4.546848424212106
0.027787202647036352,1.562981490745373
0.05406486216780387,4.638469234617309
0.04738461798973265,4.504752376188094
0.05893830657755497,1.3698349174587294
0.10097109783298214,2.018609304652326
0.06906496746584989,3.643021510755378
0.0729397418148855,4.747423711855928
0.040138305915855654,3.1007253626813407
0.06699001094979895,2.357853926963482
0.04221441947911436,1.5010755377688847
0.050238317990200176,4.519609804902451
0.028550177728754317,4.405702851425713
0.02411580835694771,3.068534267133567
0.04100743934492679,2.3702351175587792
0.04941530494421681,4.351225612806403
0.057321741604302756,2.293471735867934
0.05224639134836784,2.7590045022511256
0.043235189303974325,0.05
0.09176950493523514,3.8039769884942474
0.02670013857145706,1.862606303151576
0.03317210194859513,5.0
0.009960074988420303,1.134592296148074
0.14276303298377335,0.05
0.07365083854982002,0.78791895947974
0.09194775956459239,0.05
0.06000419706535398,3.167583791895948
0.06866197991335987,1.8824162081040523
0.0383555276884647,4.078839419709855
0.04530081883339443,1.7511755877938973
0.03720408564322811,4.200175087543772
0.03111046906911119,4.89352176088044
0.08716339709932291,1.647173586793397
0.04689104108465786,5.0
0.02270843519708876,0.7482991495747875
0.014589926381635532,4.7969484742371185
0.029821261203864274,3.3087293646823412
0.055131127991175366,4.10855427713857
0.024400856382512354,2.1226113056528266
0.03901570375144375,1.8031765882941473
0.09280623511377611,2.4296648324162082
0.08279172393696149,2.1424212106053027
0.03414294690785813,1.8279389694847425
0.04892139092829842,0.9637318659329666
0.020434597114224934,5.0
0.02143821852898206,1.077638819409705
0.06035751277577889,3.563781890945473
0.07795557826678273,2.10527763881941
0.07476800623509317,3.5390195097548776
0.08902746168556985,4.717708854427213
0.06292362583185518,3.2715857928964485
0.09373829909027145,0.05
0.1056484964312035,0.05
0.05236354542900579,1.6818409204602303
0.051099858783105384,3.2765382691345675
0.05508726024849275,4.536943471735868
0.09864609036572256,3.8138819409704854
0.02897360538532534,0.9538269134567285
0.09257882990841831,0.05
0.009349648373338904,3.0214857428714357
0.057297358243500685,2.2290895447723864
0.15354204543566913,4.920760380190095
0.015686391159737384,4.143221610805403
0.07154781423593848,0.05
0.04090090805658564,4.957903951975989
0.05070784892050456,4.8662831415707855
0.0566928094505032,0.05
0.04784307854606659,1.2633566783391696
0.11465067959391817,4.26208104052026
0.03806332451592723,1.862606303151576
0.031146950140938823,1.5530765382691347
0.03920569249991257,2.890245122561281
0.037982028153499575,5.0
0.10921373599429451,0.05
0.09877663721340463,4.4527513756878445
0.028934309415914933,1.4540270135067535
0.025816216105342488,3.125487743871936
0.04509282803814041,3.4127313656828417
0.03885909794017564,1.040495247623812
0.05531296634435379,4.2942721360680345
0.03724441735966541,4.197698849424713
0.03273494394498011,5.0
0.02252693853192833,4.039219609804903
0.04543172232268616,1.704127063531766
0.018861994096903506,2.4692846423211607
0.02367732322338076,3.8881690845422714
0.05736915855290925,1.7165082541270638
0.04133456634672866,2.704527263631816
0.10440090147615788,3.937693846923462
0.09158482353506128,0.05
0.02792250143140268,0.05
0.03543854473574981,4.118459229614808
0.03633577672590696,4.190270135067534
0.014754546540424462,3.833691845922962
0.05637034340281702,1.2658329164582294
0.024404212500963057,0.8151575787893948
0.04951994257761047,4.84152076038019
0.05558678562583086,2.746623311655828
0.03811581200654224,3.224537268634317
0.03257630084683921,4.247223611805903
0.07394616967005252,2.0384192096048026
0.04765626889401317,1.8229864932466235
0.03561874261393974,1.5060280140070037
0.0838976304446325,2.5856678339169585
0.08626530555982787,1.7437468734367185
0.04592967191760122,5.0
0.04849959434047829,4.385892946473237
0.021294863149811355,3.742071035517759
0.10563096784108503,5.0
0.03225661045173164,3.3656828414207105
0.024349354069907764,3.2740620310155077
0.04966507100839826,2.4148074037018508
0.032705380847082244,0.05
0.02338161508314815,0.2233366683341671
0.054947150584936405,0.41153076538269134
0.04044465982300119,4.940570285142572
0.02611224983683591,4.0516008004002
0.018182073882647365,3.4077788894447223
0.0863813255205039,0.05
0.07117991601815549,1.825462731365683
0.027846714335564487,3.9550275137568787
0.01878474232287944,2.498999499749875
0.04690788209347155,1.0479239619809906
0.08131007717910646,4.093696848424212
0.08678018462002954,1.9220360180090048
0.024731767047575542,4.42551275637819
0.04223726541458839,2.199374687343672
0.01813566167295394,2.793671835917959
0.08852727929607135,0.05
0.024780668981569387,4.982666333166583
0.011678348333890448,4.985142571285643
0.06937824665552869,0.8052526263131566
0.04866899008989978,2.6327163581790898
0.023648706017386695,5.0
0.06600271522645337,1.6719359679839922
0.025829826658480437,3.8237868934467234
0.03426579935185595,1.3227863931965984
0.011419485645890265,3.595972986493247
0.03306738657346858,1.8180340170085045
0.029494779209923105,3.0091045522761384
0.04530025583958486,0.792871435717859
0.033915653470283,2.0706103051525764
0.06187100515693719,2.7614807403701853
0.0376492941645134,3.7148324162081043
0.01642114193311134,3.3854927463731865
0.032284924229342093,2.1498499249624814
0.031469720290864645,3.1948224112056027
0.04381643766625465,1.4218359179589797
0.03515021856710687,1.4243121560780392
0.02057853581408764,4.536943471735868
0.03006933177995727,1.2237368684342174
0.016760680239550546,5.0
0.10687670349503231,0.05
0.06790522142978286,4.764757378689345
0.01883219539666456,3.509304652326163
0.07168335675437279,0.05
0.02811157508969489,5.0
0.11265636019945485,0.3570535267633817
0.04105948636431869,4.561705852926464
0.040003698959760164,5.0
0.08035815579062017,0.5947723861930967
0.05469368559455651,3.4350175087543775
0.024268736913427957,1.404502251125563
0.06139841322904674,3.9599799899949977
0.011815517740485226,1.4565032516258132
0.05470450430291829,0.05
0.1089850209953685,2.815957978989495
0.037872728181776616,2.4816658329164585
0.026629224464998713,1.4589794897448727
0.05659659926830293,4.556753376688344
0.055099639531269506,4.073886943471736
0.07654557867959122,4.517133566783392
0.05933275242089828,1.2163081540770386
0.0620395729035034,0.05
0.07189756978483286,5.0
0.026862793585680944,3.3656828414207105
0.018132987700633568,2.798624312156078
0.05048907675107267,4.42303651825913
0.13016919122703707,0.05
0.10622104799097642,1.7115557778889448
0.08045685125826094,0.05
0.034771803987879935,4.606278139069535
0.027475125786130428,2.741670835417709
0.08018446465139517,2.7441470735367686
0.032323871868310844,3.5563531765882943
0.02518077242359737,3.7717858929464736
0.03315324327412986,1.914607303651826
0.04399906849359467,1.1964982491245624
0.06103444679142264,5.0
0.011818504909412025,5.0
0.02287748534850026,3.851025512756378
0.06203917785063104,5.0
0.03330557538111739,5.0
0.04587685232449379,4.477513756878439
0.061551029298110904,0.05
0.0382617784378283,2.4073786893446725
0.018096493547110876,0.48086543271635823
0.09082895741963404,0.05
0.040494905506798407,5.0
0.01936616294733412,1.6298399199599802
0.06425830734775964,0.05
0.03380296252669243,3.311205602801401
0.0910480603041921,3.811405702851426
0.06324712951999223,5.0
0.08849065536258754,2.0730865432716357
0.04835217085852775,4.180365182591296
0.06536635184784645,0.05
0.10816807517870469,1.857653826913457
0.08432199469319004,5.0
0.021099297327494132,1.4342171085542774
0.03954159552872552,2.6079539769884943
0.04576513411173855,1.904702351175588
0.027992175252837426,2.6970985492746373
0.04808045350076645,5.0
0.01873550251840639,1.5926963481740872
0.04206458461411838,1.5332666333166585
0.05606594695075756,0.05
0.047501122086914704,1.3549774887443724
0.15351058929514788,0.666583291645823
0.022382584212319756,3.9475987993997
0.08696278832728493,4.848949474737369
0.03302716922313795,2.177088544272136
0.025952654842188144,4.366083041520761
0.06878077033010943,3.994647323661831
0.06748986802417178,0.05
0.0991970034447584,4.623611805902952
0.012956778679874714,4.143221610805403
0.023606517106859404,2.637668834417209
0.02902286595059947,4.95047523761881
0.019300215976709084,0.8968734367183593
0.08358855372972016,2.984342171085543
0.016083966273120975,2.3702351175587792
0.05473466736816357,3.920360180090045
0.037474846681908036,4.660755377688845
0.03756527042500751,3.036343171585793
0.06766481194289459,3.8138819409704854
0.060585567556216025,3.5761630815407703
0.06297176425382578,2.003751875937969
0.023084556885446028,3.8435967983992
0.09883386181963033,0.05
0.05195182817999697,3.26168084042021
0.05106596037077443,1.520885442721361
0.024316518975081303,1.0058279139569786
0.045956358241941775,0.05
0.05506491863693608,1.129639819909955
0.060255160116492346,2.694622311155578
0.031205819705315302,3.7247373686843424
0.10125156242967373,2.694622311155578
0.09213604206817644,3.3235867933966983
0.07016122547872716,0.05
0.06959847099700373,0.05
0.1532813925774752,0.619534767383692
0.0399425617059479,1.8081290645322663
0.02351164873993372,4.252176088044022
0.037503416711836574,0.961255627813907
0.015774036834484972,0.05
0.02646034208082884,4.717708854427213
0.05718098764659163,1.3376438219109557
0.042085553209463444,2.4370935467733865
0.0546991219076243,1.1395447723861933
0.07783066902537422,1.7115557778889448
0.07452058229003508,2.915007503751876
0.03360202764761552,0.05
0.03534451549839049,1.3871685842921462
0.1160712329435622,1.404502251125563
0.017883943552422177,1.203926963481741
0.04121991949713297,4.039219609804903
0.021817848315956512,2.5584292146073038
0.03279974054697124,1.4614557278639322
0.017695007362684284,1.0627813906953478
0.06220299393265888,1.572886443221611
0.014675139639665796,5.0
0.0571061449040586,2.5955727863931966
0.04622960249741212,2.357853926963482
0.13182504930698394,2.030990495247624
0.010773100554394732,3.2344422211105552
0.018893960597365006,3.8188344172086044
0.03150681215455825,1.2212606303151576
0.13263356334463883,0.6740120060030016
0.044279456659588906,2.8704352176088044
0.028294737810928144,1.6224112056028015
0.12169430061297376,5.0
0.039965986045535556,5.0
0.05467879896845687,0.05
0.04006402302076528,4.670660330165083
0.05177313731785421,3.0214857428714357
0.012277469398053797,0.05
0.02247551019088795,1.6546023011505755
0.038385283248321356,4.361130565282641
0.08008066541600883,2.981865932966483
0.047093092611337956,2.882816408204102
0.0266256854077708,5.0
0.1276482610630025,0.5551525762881442
0.022994700628499537,3.509304652326163
0.05750235256053332,3.3978739369684843
0.02158293867816069,5.0
0.017697130354694474,0.05
0.01740714440468466,2.719384692346173
0.044141589831727585,4.544372186093047
0.03132448808310581,2.172136068034017
0.046770639340434544,5.0
0.05702304147449189,4.1456978489244625
0.042193057511441034,4.819234617308655
0.02111518393278533,4.749899949974988
0.1177686444379436,5.0
0.07939406257474999,2.100325162581291
0.06256590360090075,0.05
0.030740334221599747,1.9864182091045526
0.024385425376660358,2.7812906453226613
0.03123173555247888,0.05
0.0315949835008455,3.0190095047523764
0.05738738634120505,2.224137068534267
0.026908213037092926,1.8601300650325165
0.053748781562562076,2.293471735867934
0.03047214991402486,3.3830165082541273
0.009858297793301996,3.677688844422211
0.045787938366290304,4.271985992996498
0.018059648113504995,2.0953726863431714
0.09748302346684068,2.6698599299649826
0.03357568214613291,1.5803151575787895
0.0566037948458577,1.6273636818409207
0.05274162929514964,0.05
0.038363298074542584,0.7433466733366685
0.0340528804424903,3.321110555277639
0.030937707637159084,3.7767383691845926
0.01989240686821589,1.1420210105052528
0.05757556040491618,0.05
0.04891761063960823,0.05
0.024020359695935245,0.05
0.02287753458128705,0.7136318159079541
0.031172695252171506,3.858454227113557
0.07919318971721825,2.9174837418709356
0.04431307035076765,5.0
0.018994592035172564,1.5654577288644325
0.06711161096052579,1.5085042521260632
0.034932501699812935,3.504352176088044
0.0478587545429891,1.8477488744372188
0.019149984674489834,4.375987993996999
0.1060678502242749,0.05
0.06782396545773275,0.05
0.04589466476154813,4.952951475737869
0.05993529356817079,5.0
0.14572287162866795,1.7090795397698852
0.052105279534886834,0.05
0.05993828182808786,0.05
0.05910264747661337,1.4490745372686344
0.02124175899841832,5.0
0.03679474069294797,1.2980240120060031
0.04344545022422991,2.2340420210105054
0.06417670913168899,5.0
0.03864040135630331,2.2464232116058027
0.09963322519108714,0.05
0.029217039974659353,5.0
0.019110869771603284,2.035942971485743
0.08438486482336377,5.0
0.04596707962328572,1.1964982491245624
0.027584519114308287,1.1098299149574788
0.018067921062537295,1.2435467733866934
0.02178446495682196,2.981865932966483
0.010576081519613423,0.05
0.00819877123933127,4.809329664832417
0.06475565285994228,0.05
0.06577198688638691,0.05
0.03142594504969906,5.0
0.04075192185548601,4.774662331165583
0.09046167859612075,0.05
0.03835631351663821,2.194422211105553
0.060236382142851375,5.0
0.036670580606817965,1.52583791895948
0.01727383540688643,0.05
0.039937970051567906,3.2592046023011507
0.017554341273243818,0.05
0.03509919372740236,3.1799649824912457
0.06930068328709416,0.05
0.009244249721357817,1.783366683341671
0.06423990380870781,3.942646323161581
0.04166064153953891,2.9991995997999
0.0732359026602723,5.0
0.0082892495667512,1.1940220110055029
0.09028915587262862,2.6847173586793396
0.11197781060681197,0.05
0.02051394699325354,1.4144072036018012
0.0956320936806132,3.137868934467234
0.02783074895707449,5.0
0.04689156264837763,2.9991995997999
0.018341034129806227,1.7115557778889448
0.017903853150283477,3.056153076538269
0.09497280798495883,3.57863931965983
0.02405260021317429,1.451550775387694
0.046485851379195975,4.0961730865432715
0.02544918180281197,0.05
0.040513395592324614,2.7689094547273636
0.13404525603245765,0.8993496748374188
0.04710855443272685,2.905102551275638
0.07182741746282478,0.05
0.050756130103920966,2.125087543771886
0.0635007205520508,3.3136818409204603
0.02726494695800813,1.0305902951475738
0.033109354788424694,1.4812656328164084
0.02045215963349689,0.05
0.03161168509542489,3.073486743371686
0.04363103366235874,4.759804902451226
0.06389746413174699,0.05
0.06516789233755382,0.05
0.04540764414354348,0.05
0.0518981474637239,5.0
0.039656656309191685,3.4127313656828417
0.021714323028023758,3.994647323661831
0.08889260906046154,5.0
0.0371156059221423,1.493646823411706
0.036585579893533615,1.5456478239119562
0.1574240213044328,4.153126563281641
0.03719507866435018,2.040895447723862
0.021525493537971535,1.5951725862931467
0.091580509416064,2.167183591795898
0.028441710290209143,4.660755377688845
0.06064932184803162,2.9397698849424714
0.019631228405814605,2.5658579289644825
0.024295004480743287,5.0
0.04667546121726074,0.05
0.021286225314894824,5.0
0.075886074102541,3.3780640320160082
0.03608398981872213,4.056553276638319
0.026531083353904306,2.9075787893946976
0.042858098686053586,2.377663831915958
0.05403280165346652,0.05
0.009862991115511394,1.2509754877438721
0.06297711022473598,3.9872186093046524
0.028948322728388293,1.3425962981490747
0.05107154332500108,3.558829414707354
0.03353301534295916,2.657478739369685
0.03273181723733165,2.8654827413706854
0.014583209879728998,0.05
0.043750009123086964,3.5439719859929966
0.04682212161751892,2.224137068534267
0.05374664390348846,1.746223111555778
0.04261059171908299,0.05
0.05102503439854289,4.957903951975989
0.0547332012504832,3.4919709854927463
0.01614784966497404,3.8955977988994497
0.02995608307593592,1.8749874937468736
0.02192045179129165,3.9030265132566284
0.023745500057060193,1.6818409204602303
0.033053257331417174,2.47176088044022
0.10230932071218518,3.665307653826914
0.04207247748264489,4.118459229614808
0.047776241020813376,1.394597298649325
0.051390918817675796,3.6554027013506754
0.02792911446727328,1.0553526763381693
0.019851333692309653,0.46600800400200104
0.026008621820027417,2.7812906453226613
0.06285464440136534,3.984742371185593
0.05010003885421968,0.05
0.016414701211298427,1.362406203101551
0.023166784631916237,3.6454977488744373
0.006873921156732049,5.0
0.03516776096041016,3.647973986993497
0.06572299655386027,0.05
0.07797704734448069,0.05
0.04934397905142712,4.645897948974487
0.019643841371969117,1.3871685842921462
0.04189237966668197,5.0
0.06876512213840952,3.241870935467734
0.04727911769063681,0.05
0.09124324251142518,2.7391945972986496
0.056449126572151787,1.6026013006503252
0.08406215908475323,2.694622311155578
0.014647289428097898,5.0
0.03987114529278693,5.0
0.021037811585679966,3.7346423211605804
0.07614702334316237,1.5134567283641822
0.02375019296115799,4.883616808404202
0.0369094204820169,5.0
0.030277988047981402,5.0
0.031745288353913825,1.278214107053527
0.03992026134553914,0.8597298649324664
0.06649839004408503,2.266233116558279
0.045461423379099114,2.224137068534267
0.024759163010713736,1.9393696848424213
0.05414932450809237,2.26128064032016
0.048352891639451334,2.63024012006003
0.02497367591900465,5.0
0.023649982437069866,2.194422211105553
0.01475062572476446,1.2014507253626814
0.057509940617901684,1.4490745372686344
0.06928238248785909,1.7536518259129568
0.013290600616984422,5.0
0.05402078779633254,4.046648324162081
0.03758340271638855,5.0
0.09231241686125752,0.872111055527764
0.015066442857668783,1.5184092046023012
0.009318810871009636,3.9773136568284144
0.034456704859079174,1.5506003001500752
0.04377986372579121,4.400750375187594
0.05633857618610094,4.029314657328665
0.039763069542154444,2.551000500250125
0.04131850775974996,0.05
0.03026084554969133,2.531190595297649
0.04506348658366899,1.9319409704852428
0.02211017517237135,5.0
0.09402113823141589,0.05
0.07172579951693575,2.657478739369685
0.038609640246685645,3.1552026013006502
0.06337798013485335,0.05
0.02669827891002599,3.935217608804402
0.05742403566530199,3.5241620810405205
0.034245413750120884,3.2864432216108055
0.04324061377586222,5.0
0.0781465777048592,1.8527013506753378
0.15156204233577017,2.7812906453226613
0.03073929441703091,3.4350175087543775
0.051145367003439884,2.4965232616308155
0.04051943094196844,4.130840420210105
0.13344826186805558,1.1544022011005504
0.02598199814194091,1.3029764882441222
0.06550231595581474,4.2645572786393195
0.05011991033392857,1.1321160580290146
0.019570701229530557,3.4548274137068535
0.03755115906298903,2.8605302651325664
0.01661173039106864,2.36775887943972
0.03728166364023952,4.093696848424212
0.0329827093709143,2.568334167083542
0.03518042039104341,5.0
0.07348256931095087,3.162631315657829
0.03654010385655815,0.6492496248124063
0.07010981140521866,3.699974987493747
0.04969814322317756,4.84399699849925
0.03182516293092216,2.9372936468234117
0.0656036688253725,3.135392696348174
0.06447729201449215,1.7214607303651828
0.023941737556490456,4.182841420710355
0.04207036820366661,1.9022261130565286
0.03374097551109892,1.4565032516258132
0.03994736906962579,1.2633566783391696
0.07285680520371912,3.5662581290645323
0.0706498478311117,1.57783891945973
0.044418903083081634,3.9698849424712357
0.0289128593583049,2.890245122561281
0.05597837767523209,2.6649074537268636
0.012352632588076534,1.520885442721361
0.09167534956129697,0.23324162081040523
0.040797094924069466,4.569134567283642
0.060679296649261,1.362406203101551
0.04559780661633411,2.335567783891946
0.02700608993288478,5.0
0.05221389571180393,0.8572536268134068
0.029959818821711948,1.8378439219609808
0.0611969321479591,0.9265882941470737
0.06366814455608022,0.05
0.07498427229683066,2.256328164082041
0.0717067756233925,0.05
0.029871371157920046,4.84152076038019
0.030773139100233354,1.493646823411706
0.0622805555801898,4.826663331665833
0.05752307284845379,5.0
0.02604358036391624,2.350425212606303
0.06779744567133333,0.05
0.01693397938100985,5.0
0.04247638146372318,3.4449224612306155
0.021266447491467944,1.857653826913457
0.04538943995029221,4.839044522261131
0.05828078397443351,2.9298649324662334
0.02462587691457707,3.9475987993997
0.030042239240422847,3.390445222611306
0.07983344244195731,0.05
0.05344526716727693,3.0858679339669837
0.023855980862682147,4.400750375187594
0.0439353060054172,1.2732616308154079
0.018442252009029825,3.4399699849924965
0.04862263879153139,4.150650325162582
0.02455636526918628,0.9934467233616809
0.17381720808913112,1.0751625812906456
0.06159124495131982,5.0
0.04276426968789937,1.0949724862431216
0.16491057932549003,0.6888694347173587
0.02595445840862909,0.05
0.01728840392275724,4.484942471235618
0.013639751556761587,1.4565032516258132
0.037146523721569125,0.31990995497748875
0.043467754032326195,4.1556028014007005
0.07639527909389993,1.5506003001500752
0.014084590706182343,2.6772886443221613
0.0533186784855402,1.3747873936968487
0.03136942668963236,5.0
0.033302774647830435,3.670260130065033
0.03998753834537558,0.06485742871435718
0.0420067184056265,4.702851425712857
0.09984453815412866,2.0582291145572786
0.012871003687211668,4.574087043521761
0.0418755986518394,1.5085042521260632
0.036290612506021974,4.5418959479739875
0.014746750420251226,1.2559279639819911
0.03703256540412739,1.2658329164582294
0.0666474927035029,3.3780640320160082
0.03822280700780201,1.5035517758879442
0.10393655692764939,0.2728614307153577
0.03887517167253032,4.457703851925963
0.03973665629424561,3.848549274637319
0.037783928133347244,0.6170585292646324
0.04146819748530234,5.0
0.01725901757323678,2.5336668334167083
0.09500840866432742,0.05
0.07274761149807984,4.26208104052026
0.02353567129218781,5.0
0.029734272358758362,0.05
0.032145468491702356,1.0801150575287646
0.06818121377267411,4.024362181090546
0.027254774432068085,0.05
0.05018875703473655,1.1098299149574788
0.026636433541330995,5.0
0.043235688430651786,0.05
0.017250387796003186,4.073886943471736
0.027193771099120967,3.2740620310155077
0.05284517111490386,2.3009004502251127
0.034439785698245684,3.6331165582791396
0.028401567788579274,0.05
0.0136657040754678,1.3822161080540272
0.09057812418288361,0.05
0.0691509546934995,3.078439219609805
0.030224248582942093,0.9439219609804904
0.04349633921350343,3.241870935467734
0.04432359825742113,4.029314657328665
0.023648413882551844,4.804377188594297
0.03953013694995444,1.4961230615307655
0.061825295786296086,4.851425712856429
0.05681322696775104,1.2435467733866934
0.032520042813315525,2.461855927963982
0.01320831422169827,5.0
0.014515810391280415,4.791995997999
0.05040464950518364,3.9797898949474737
0.022526801946933073,1.077638819409705
0.09484823821121288,2.008704352176088
0.042093759829625266,3.2542521260630317
0.051286484045867886,1.7685092546273138
0.047963246654208536,0.9216358179089545
0.012492354805182682,2.2637568784392195
0.022555402797019175,1.1395447723861933
0.12628644170786282,0.8374437218609306
0.00838460561207266,5.0
0.028392483179504158,1.0974487243621813
0.02059599313242963,2.976913456728364
0.16060151466674566,0.7978239119559781
0.029379707245829945,4.276938469234618
0.03892803969162775,5.0
0.09990303829815483,0.6863931965982992
0.037626714391845006,3.256728364182091
0.047035277331976405,3.0264382191095547
0.10417425107773756,2.662431215607804
0.03887582400645362,1.5580290145072537
0.02834166472436586,5.0
0.033184204710584836,4.1754127063531765
0.03599846821897368,4.42056028014007
0.019368036117343557,2.0012756378189094
0.09313853606656819,1.3302151075537771
0.041256239903019215,5.0
0.03426725696588623,0.05
0.06238983960740599,0.05
0.023664529249496413,3.1824412206103054
0.04762581451235079,3.868359179589795
0.026894417155392397,1.5283141570785395
0.0371841342160896,1.1865932966483244
0.05030531214132922,3.47463731865933
0.05379792166789937,4.9455227613806905
0.0650104941817288,2.461855927963982
0.04993358638767792,3.754452226113057
0.07107778915651239,3.3013006503251625
0.013426253507109936,3.4597798899449725
0.08414922972784145,2.6797648824412206
0.047794971290446187,5.0
0.08474456578274131,2.0285142571285646
0.04935772005477024,0.9315407703851927
0.04279012892389639,2.387568784392196
0.055167001297405704,2.6005252626313156
0.1137736361116165,3.73711855927964
0.05514840415189029,1.7982241120560283
0.08611873060091946,5.0
0.050634090872290594,0.05
0.06474955847057098,0.05
0.058544172852291604,2.4049024512256127
0.03720552380948547,2.0285142571285646
0.037243892216660024,3.7222611305652826
0.019499743287670263,1.4490745372686344
0.03548821495127363,4.640945472736369
0.08657069471466344,0.05
0.02422769881616646,4.4626563281640825
0.08094332884034555,4.673136568284142
0.07149130690274957,1.6001250625312657
0.04549120602678569,2.657478739369685
0.0219945128621922,0.05
0.013349109315143187,3.8559779889944976
0.039795995136346934,0.05
0.02242338336559921,0.834967483741871
0.06102937175640705,0.05
0.09714131463740489,1.2385942971485744
0.12679925366329178,3.231965982991496
0.0763018043271379,3.8435967983992
0.022295308246671253,5.0
0.030063016780113166,0.8052526263131566
0.0331803764686992,1.8031765882941473
0.09181813304954059,4.21008004002001
0.03139257601976109,5.0
0.023313964514053653,1.3277388694347174
0.08464381136133836,1.6917458729364685
0.05364937059296038,2.204327163581791
0.0213656030541505,1.3747873936968487
0.05070084582313006,5.0
0.053466699448482924,3.5761630815407703
0.0322698106154011,0.05
0.02852114453826221,1.520885442721361
0.014552200701223955,3.3037768884442222
0.028777202649235778,1.6694597298649327
0.018746906060871565,1.3797398699349677
0.031199480825007953,1.3599299649824914
0.051157321958310686,2.016133066533267
0.054136264203354656,4.856378189094547
0.07305506403405215,3.5192096048024015
0.03852240095048126,2.273661830915458
0.04126230076224352,3.937693846923462
0.12188363608443842,0.36695847923961983
0.019260503494635622,5.0
0.06824946926384198,0.05
0.019704583453729718,1.3797398699349677
0.017637814326694867,4.653326663331666
0.02592134803955018,5.0
0.012723214908547803,2.3529014507253625
0.03144685192474672,5.0
0.021170974490408473,4.606278139069535
0.046199742420250045,0.05
0.030347571231827325,0.8844922461230617
0.027345299012990154,1.5233616808404205
0.0409560854425533,4.658279139569785
0.03642874407313432,4.177888944472237
0.04227485618019744,2.729289644822411
0.04171560547451189,3.742071035517759
0.07596995132533027,0.05
0.034418767725404364,3.680165082541271
0.02723406946209872,5.0
0.03951843064859806,2.721860930465233
0.03561203389826367,1.4441220610305154
0.017987048389868227,2.573286643321661
0.07106267067798469,4.888569284642322
0.043600993371667784,1.404502251125563
0.06853301008923277,4.281890945472736
0.042258732157513856,2.835767883941971
0.03996765207455816,2.345472736368184
0.03456974938498489,0.37686343171585795
0.04340622290855481,0.05
0.00932474048966453,3.662831415707854
0.05900377465919815,3.224537268634317
0.007563187342126715,3.8435967983992
0.06373577070179987,0.05
0.03663784979923432,1.5951725862931467
0.025008625510587273,2.030990495247624
0.06914903307288406,0.05
0.07766971681536314,4.529514757378689
0.04752870894350339,5.0
0.057430076453269224,0.05
0.046237635746919775,2.0012756378189094
0.04817779064331379,0.9860180090045024
0.056744298340118654,2.979389694847424
0.032874586356992225,1.1444972486243123
0.06633548854553847,0.05
0.06597850082970588,0.05
0.05570376804073199,0.05
0.04847168661165632,1.3772636318159082
0.0257465914399585,3.821310655327664
0.02221189417551428,5.0
0.036870708744071945,1.5481240620310157
0.04748364951940012,2.008704352176088
0.044281364234854265,0.05
0.046106506703508826,2.0730865432716357
0.0744292305310458,1.1816408204102054
0.12075589416705258,0.05
0.03324737953829543,0.05
0.024335698625891272,2.9422461230615307
0.027177694630360766,2.967008504252126
0.0506512006048731,5.0
0.01838219552265072,2.392521260630315
0.007666806459449171,5.0
0.03311585318760399,2.5163331665832915
0.09652941587737951,2.3330915457728865
0.05243312572698228,1.662031015507754
0.028288958895605842,2.087943971985993
0.1098623329637404,0.11190595297648825
0.027499289309531383,4.769709854927464
0.012098528392180757,3.484542271135568
0.022623577121401978,5.0
0.07148999986482057,2.9595797898949474
0.013206674747702846,1.5085042521260632
0.0693325297954005,0.05
0.04326999286848998,1.961655827913957
0.03879944692551257,2.466808404202101
0.0898111934533877,3.5761630815407703
0.11677407233401088,1.820510255127564
0.06554905807746991,3.345872936468234
0.03251758038726893,2.3132816408204104
0.07612816190957442,3.652926463231616
0.039912122238372205,2.560905452726363
0.14626882859382614,2.1374687343671837
0.10635465092469074,3.9773136568284144
0.024192569788534762,3.5291145572786395
0.06265968748844292,0.6418209104552277
0.031299019457296906,5.0
0.10843495641222639,0.05
0.02048407076797537,5.0
0.053625350627094004,1.077638819409705
0.04075031965448683,1.05040020010005
0.049244698830433115,3.9698849424712357
0.015838212749729352,5.0
0.02885264559155673,1.5233616808404205
0.030582973890984633,1.3599299649824914
0.06591863725779662,5.0
0.11378900130234437,1.6917458729364685
0.038376883169475684,2.573286643321661
0.06840939036707797,2.8332916458229116
0.022643458340510125,0.05
0.016234680020936504,1.652126063031516
0.017583021805731402,0.9662081040520262
0.17954525522369674,1.1841170585292649
0.03952876333916969,2.835767883941971
0.04671600810461088,4.967808904452227
0.020479948069053844,1.3896448224112057
0.012489538895009117,2.801100550275138
0.045749119754395134,4.3041770885442725
0.09736573418929098,0.05
0.05242990679776621,0.05
0.14811956910857593,4.31903451725863
0.06326662935745409,2.642621310655328
0.06715483956999399,4.326463231615808
0.04095232854827552,1.6744122061030517
0.042199484327808845,3.145297648824412
0.006534327211554225,4.249699849924963
0.012799482501532733,1.0182091045522763
0.04874807488610472,0.7978239119559781
0.026759726756685392,3.437493746873437
0.03347278836564649,3.499399699849925
0.0323097783930027,4.259604802401201
0.0409254755189942,5.0
0.05172801199134491,4.9455227613806905
0.02078244284659181,1.5951725862931467
0.03213959684810397,4.804377188594297
0.01507968248503333,1.0107803901950976
0.04976838779679266,2.3702351175587792
0.06566481941180535,3.6256878439219613
0.06616380972505898,0.05
0.03173853493283407,5.0
0.04159470608830712,4.705327663831916
0.05428516273286932,3.152726363181591
0.052202482886472945,0.05
0.025344787029200122,0.9117308654327165
0.027157446038545696,3.147773886943472
0.08542795024285144,2.5633816908454228
0.01759084871466926,2.573286643321661
0.009346554904269305,4.650850425212607
0.03920483028290117,1.0528764382191096
0.045584730025957754,1.961655827913957
0.037015849394888195,1.7957478739369688
0.04696339905557381,3.4275887943971988
0.037752899848521954,2.3429964982491245
0.09117888831773702,1.4218359179589797
0.05765010980678223,1.2881190595297651
0.03461388872658894,1.5159329664832417
0.0686794791373605,4.58151575787894
0.05112578756516786,4.84152076038019
0.08974239202859313,1.404502251125563
0.01622553133627494,1.446598299149575
0.012171093863754368,3.0437718859429714
0.07201398417218574,4.514657328664333
0.028532636637296327,1.8502251125562783
0.07289003162126761,4.306653326663332
0.0498684431346085,2.026038019009505
0.06083721811592521,0.05
0.011936916461307012,0.8968734367183593
0.04614402962161529,2.204327163581791
0.04716749508083806,0.9761130565282643
0.03144770734284902,1.9245122561280643
0.014743768677623004,4.640945472736369
0.04612887264539664,2.7664332166083043
0.18206273377385074,2.5386193096548273
0.008010658769952383,4.111030515257629
0.06886327593427552,4.3041770885442725
0.08271627752412186,4.9653326663331665
0.017465486328152507,5.0
0.07399020098950246,2.9174837418709356
0.05079687130224578,5.0
0.10635270328593144,1.8650825412706356
0.014971750332093886,5.0
0.03306974440342342,5.0
0.06719697384502119,2.813481740870435
0.08928774103980927,3.833691845922962
0.05600928269821259,2.7961480740370184
0.05071216167747872,4.799424712356179
0.06925362636915647,4.744947473736869
0.05357669717805147,0.4981990995497749
0.05069877133361356,2.7590045022511256
0.05929690796891629,5.0
0.031199547441701836,0.05
0.09649045817502064,2.714432216108054
0.03679329449567986,3.846073036518259
0.05066312333190984,1.4342171085542774
0.0815944883341796,2.694622311155578
0.0788728564192337,5.0
0.022472598286800427,2.4816658329164585
0.04778456239887491,1.3970735367683844
0.028545129635638516,4.903426713356678
0.09209857544964045,0.05
0.05454304458346987,2.117658829414707
0.03353373131889467,3.246823411705853
0.0333369368857491,0.05
0.08250962218895871,1.5085042521260632
0.1355038159329214,2.4692846423211607
0.04216823306331263,3.214632316158079
0.0640944882731791,2.5856678339169585
0.019983273264526508,1.9740370185092548
0.07923989287909358,4.608754377188594
0.04712808208612285,1.914607303651826
0.06824617457804621,2.9595797898949474
0.056158070859374604,3.9773136568284144
0.01852211089199851,3.4969234617308658
0.07519833920212862,4.725137568784392
0.06595130170673622,0.05
0.013153297079020326,5.0
0.11779170191124028,0.9662081040520262
0.04214444334963771,3.4647323661830915
0.031614714084192586,3.4077788894447223
0.069581497977695,0.05
0.045356752151673785,1.919559779889945
0.11789496139922795,2.0483241620810406
0.06918278942538503,1.9269884942471238
0.047276683826205285,4.249699849924963
0.022732726950592752,4.286843421710856
0.048479731721537855,3.7395947973986994
0.020903968789261818,4.4032266133066535
0.06993071712949361,0.05
0.0553442997253743,5.0
0.03344736240765886,3.15767883941971
0.026074958132593945,2.451950975487744
0.03649746497034817,2.1622311155577787
0.04842413097092185,3.5613056528264133
0.0404002468325578,1.3648824412206104
0.05441888851160473,1.7635567783891948
0.04519724221085519,4.143221610805403
0.0365233924430855,5.0
0.02457205445325536,1.7610805402701353
0.03035316849934966,3.8832166083041524
0.01323429548440827,4.140745372686343
0.05909247484642316,1.8848924462231118
0.06411407779703723,3.306253126563282
0.04768129968267301,4.524562281140571
0.01031556474889797,5.0
0.03628473763282583,1.4664082041020512
0.08134232783028542,4.081315657828915
0.024941336888370524,1.283166583291646
0.05030177803298616,3.9921710855427714
0.03035739360756845,3.3285392696348177
0.028611744642259906,3.4597798899449725
0.06723190044988009,4.1357928964482245
0.03120462360395382,3.2740620310155077
0.022779930482286687,1.451550775387694
0.04754431618985688,5.0
0.035235021841569125,4.603801900950476
0.02878726966317227,0.297623811905953
0.0509557833119752,5.0
0.024038547244298658,3.335967983991996
0.03183690539309969,3.583591795897949
0.04151326617049808,0.05
0.03469199660983488,5.0
0.028496912594952795,3.2171085542771385
0.0807376146364342,5.0
0.04103144576213308,4.15807903951976
0.04232263792774249,1.7189844922461233
0.04072553328151754,2.625287643821911
0.08564446432967002,0.05
0.03167604924962353,0.05
0.029191929089983998,3.4771135567783893
0.021742993043700143,0.05
0.03943014217390556,3.680165082541271
0.05390984810670843,2.657478739369685
0.05659089920625043,3.84112056028014
0.04780584181994885,0.05
0.059305335299470185,1.1766883441720861
0.025963976624763463,1.699174587293647
0.049143459680427354,1.0528764382191096
0.06811602649781806,4.470085042521261
0.06235776875780477,0.9117308654327165
0.026163513578068065,1.4565032516258132
0.05194442590926601,1.877463731865933
0.038918004780919196,2.011180590295148
0.012181199170062662,4.9554277138569285
0.024678809172082705,2.006228114057029
0.06513412373597732,3.536543271635818
0.08025529328303596,5.0
0.02699299652905593,4.390845422711356
0.028211402868763086,0.05
0.014623876931807694,1.1865932966483244
0.011398609391634978,5.0
0.018240002333245214,2.6500500250125065
0.06569849606240369,4.5418959479739875
0.05749721859133755,2.2315657828914457
0.02729484524915246,4.078839419709855
0.05063471543803175,2.0483241620810406
0.05266490586355338,2.0607053526763384
0.02594573379795803,3.335967983991996
0.005238009576343239,2.167183591795898
0.02892496375609588,4.514657328664333
0.06108806985238857,4.883616808404202
0.00888064469881572,3.251775887943972
0.02576855668854028,5.0
0.033577411480242236,4.499799899949975
0.057821673943089985,3.4696848424212106
0.04308280639651535,1.2237368684342174
0.07537884624694635,3.5464482241120563
0.01759758170593631,5.0
0.014215157114952887,0.05
0.05546987871663914,2.1325162581290646
0.04641035565714047,4.477513756878439
0.07226950680471927,3.231965982991496
0.022129688062203612,2.5039519759879942
0.023376276247354888,1.4441220610305154
0.05450920248762861,3.9079789894947474
0.049707770127700446,2.8382441220610306
0.03586153840951534,2.536143071535768
0.01782571844964445,3.531590795397699
0.0801604722175824,0.05
0.06534787678372145,3.615782891445723
0.029789228589860495,1.0553526763381693
0.043707675712927746,1.4441220610305154
0.02753394951076593,0.05
0.020444623790618538,1.4664082041020512
0.016519340135678268,4.177888944472237
0.1045153281703377,4.514657328664333
0.0367243934541257,5.0
0.018811946731992935,2.498999499749875
0.04885844440326664,2.139944972486243
0.033283506186043116,0.26048024012006005
0.048789606334507296,2.7441470735367686
0.010379511118910334,5.0
0.02795531238453952,0.05
0.0312987228512312,4.727613806903452
0.05703982145820746,4.73751875937969
0.052658355435052706,2.3702351175587792
0.03670619147961374,1.4119309654827414
0.04237769104981845,1.914607303651826
0.006651142347143785,3.6504502251125563
0.03184861666141392,5.0
0.024694259962576653,3.479589794897449
0.008362580230954791,0.4288644322161081
0.028333594383728483,1.8031765882941473
0.05115276527729268,3.058629314657329
0.0797177876308871,1.5877438719359682
0.060108614427731855,4.019409704852427
0.10645012997907388,0.05
0.06725835133737262,0.05
0.09732061274358861,0.05
0.03033626265446862,4.789519759879941
0.016254982240883897,2.6079539769884943
0.036589958969052316,1.0380190095047526
0.006233487521883629,3.437493746873437
0.030844094297382274,4.903426713356678
0.030494357505935876,3.2443471735867937
0.06705265113397874,0.05
0.08657772770009253,3.2715857928964485
0.054852257848231945,0.6591545772886445
0.026276236734978253,3.917883941970986
0.03895231464670945,3.083391695847924
0.0497917494809873,4.442846423211606
0.046275727762770114,0.05
0.052908480066033825,3.704927463731866
0.03864110679550056,4.616183091545773
0.034627930918888994,1.2584042021010506
0.03403452293244147,5.0
0.04346466334570573,0.9909704852426214
0.049329567094041626,1.741270635317659
0.04679120363764647,2.1424212106053027
0.03422284228404793,0.05
0.01939970529532431,4.957903951975989
0.0869337665240775,1.9740370185092548
0.05013313986328713,2.3529014507253625
0.12648573179760886,0.05
0.0173225284754574,1.3797398699349677
0.04124672954566716,3.4176838419209608
0.021056027144930045,1.1494497248624314
0.03898398287791785,0.05
0.023469053347454943,2.4494747373686843
0.030473802849275394,2.4024262131065535
0.02784491683441126,2.8753876938469234
0.02238077907849753,0.8795397698849426
0.08680668330028721,4.1456978489244625
0.06817175517839902,5.0
0.05011651472288234,3.915407703851926
0.017437441198988324,0.05
0.027983331452145238,3.345872936468234
0.02453878836105733,5.0
0.023785914178584278,4.286843421710856
0.02812038514041329,2.283566783391696
0.03282785301781618,0.05
0.045195242848799166,3.4399699849924965
0.03852362917431157,3.57863931965983
0.03561194404077905,3.8856928464232117
0.023549952542066904,3.214632316158079
0.018812479323897097,4.021885942971486
0.06726095693749667,3.3780640320160082
0.017711981081956568,3.754452226113057
0.08110179605269158,0.05
0.06365575850181412,2.0532766383191596
0.041006241095155105,5.0
0.02917018692427653,1.1395447723861933
0.07245143756207495,3.7123561780890446
0.06739321534674858,1.941845922961481
0.030373304658742828,1.9022261130565286
0.02559394355417377,2.3553776888444222
0.10151410412127804,1.4540270135067535
0.01215916367435968,2.6970985492746373
0.017284563473584036,1.5332666333166585
0.052280381079520044,2.8704352176088044
0.03518381567022261,1.0206853426713358
0.0714734142575415,3.400350175087544
0.03933672035917715,3.199774887443722
0.03731286422577662,3.0388194097048524
0.06558241091028527,4.673136568284142
0.021250110790536042,2.182041020510255
0.02262538093408456,3.6281640820410206
0.0345751034410815,5.0
0.01941718317643293,1.3302151075537771
0.04388143659010757,3.99959979989995
0.013974749067767966,2.714432216108054
0.06052898577727914,3.6083541770885446
0.022799742869204442,4.177888944472237
0.04882153299126957,3.3656828414207105
0.030256390445856013,0.05
0.04862119578220539,5.0
0.0361662894529553,0.05
0.025367274610710505,4.5319909954977495
0.07857044535117438,4.269509754877439
0.10636273726193879,0.05
0.0926557723944331,0.05
0.0481674493599899,3.214632316158079
0.030027347680250754,1.3698349174587294
0.09993724680231769,2.536143071535768
0.052447054380498126,2.36775887943972
0.03005704116434063,3.662831415707854
0.022895864382084824,2.2588044022011005
0.059747531571239076,4.8662831415707855
0.06253590630921269,3.224537268634317
0.04754675316985191,2.1325162581290646
0.018398357007129662,3.749499749874938
0.055530344836504264,5.0
0.027986770022488117,1.1717358679339671
0.01937998189178977,1.2212606303151576
0.04206982535067852,1.325262631315658
0.04314572559349647,2.3429964982491245
0.07884890532087724,3.5712106053026513
0.030593208744779193,1.4985992996498252
0.0251876622782555,1.4688844422211107
0.023318595671926512,3.3805402701350675
0.08381010130570166,3.0016758379189596
0.035021810875371345,2.498999499749875
0.03721115390178406,0.7185842921460731
0.11511156274335935,2.541095547773887
0.014649395368843576,2.551000500250125
0.0881990266333641,4.519609804902451
0.04274350380172423,4.2546523261630815
0.013120598346356482,3.699974987493747
0.06748656921454219,1.4812656328164084
0.025765256711344442,3.873311655827914
0.09016562346193782,3.6306403201600803
0.01745724486757161,2.340520260130065
0.03440029969532052,5.0
0.019726751947132304,5.0
0.09518899146519699,3.2072036018009005
0.015251363565811887,1.4168834417208607
0.04487201661434376,2.6129064532266133
0.03445286749869117,5.0
0.020544533178274177,1.4614557278639322
0.07510865955877852,5.0
0.026115651606351792,1.0305902951475738
0.02944622238695377,1.1123061530765384
0.04969406436702428,4.811805902951476
0.03841609834689022,5.0
0.014537770028505204,1.5431715857928967
0.08281159290271106,2.9422461230615307
0.07259135458948285,0.05
0.06298721719761818,5.0
0.06263961621825467,0.05
0.026593219411433194,3.598449224612306
0.05608908309205177,3.583591795897949
0.03233365374471739,1.077638819409705
0.04582278043057625,4.794472236118059
0.012618331518759685,0.7631565782891447
0.012994693252575906,5.0
0.023217388646533915,3.2963481740870435
0.024611785864702224,0.05
0.06584069334743431,4.2348424212106055
0.0855363957708499,0.05
0.049558231928121116,2.308329164582291
0.013482242789077226,0.42143571785892947
0.026251097414584562,4.348749374687344
0.016440185316893313,0.9711605802901452
0.06788053925619894,0.05
0.04487582648058566,4.975237618809405
0.030278730310945856,0.9835417708854428
0.030169925997937885,4.232366183091546
0.02858108569652107,2.2588044022011005
0.08996262130945451,0.7780140070035019
0.09361139652478045,5.0
0.04667024434434908,4.848949474737369
0.04937903980222619,1.119734867433717
0.06836277104468888,1.3648824412206104
0.036115350111464856,3.704927463731866
0.03411950230993649,4.995047523761881
0.02633241537642017,1.3005002501250627
0.04763549819663637,4.764757378689345
0.025167143951177362,3.7915957978989496
0.0381523564447912,0.8498249124562283
0.035997708960070235,3.3607303651825915
0.013596963157811087,3.6083541770885446
0.05314572072858498,4.405702851425713
0.034185639082766145,4.138269134567284
0.04573821952175813,2.092896448224112
0.05544737602015554,2.276138069034517
0.011418124219946924,5.0
0.027317586031328916,3.0091045522761384
0.05964283500342121,5.0
0.009230243627257023,0.05
0.040913003647270185,0.7829664832416209
0.029146233085909273,1.5134567283641822
0.03528849159306591,0.9959229614807406
0.019981694876279404,2.825862931465733
0.07649564169838347,4.777138569284642
0.1547519092991615,1.9542271135567786
0.03538536271213588,1.2064032016008006
0.06054567920562312,3.759404702351176
0.017162428143592368,5.0
0.08205845506570031,1.6768884442221113
0.02802523340738608,1.830415207603802
0.011211991982194719,4.871235617808905
0.14644422302458876,1.1123061530765384
0.03493305760721355,3.2988244122061032
0.017016443733716496,4.695422711355678
0.031963612519126466,5.0
0.04784869015882853,3.4696848424212106
0.02245466494480325,3.3533016508254128
0.058277925780281764,1.741270635317659
0.013726292710368265,3.695022511255628
0.038900421383896044,2.36775887943972
0.049044005481583164,4.900950475237619
0.03279060860918925,3.615782891445723
0.11283096248674115,0.6591545772886445
0.06604534624983369,2.9298649324662334
0.017464173899916946,2.1622311155577787
0.06957129310089999,4.95047523761881
0.0730283986010199,5.0
0.03434237423846548,5.0
0.03860728260644322,4.059029514757379
0.03646603621206629,3.99959979989995
0.0741515267773653,2.778814407203602
0.027103614344633292,2.8704352176088044
0.0228862141298406,3.732166083041521
0.0198469621686459,3.494447223611806
0.02305754287704989,3.3656828414207105
0.07432781286392104,4.42551275637819
0.04891299366765381,2.3702351175587792
0.04835482235730032,0.05
0.050705404796971776,3.5538769384692346
0.09574221534538091,2.1498499249624814
0.02845407770016911,1.2658329164582294
0.04897966959387701,3.6306403201600803
0.036628027284325126,5.0
0.02176192269175703,1.0677338669334668
0.04915781220290577,2.0384192096048026
0.055816512206714214,0.05
0.017368405211256127,1.8180340170085045
0.01922653608409891,4.111030515257629
0.04043159664401558,2.8184342171085546
0.028849532046910403,1.3549774887443724
0.026613759183435115,3.3433966983491747
0.034332148240710125,0.8176338169084544
0.035950741496613925,3.4597798899449725
0.11917461570404794,0.624487243621811
0.028534940329961678,3.3433966983491747
0.0563545900224979,1.6546023011505755
0.037851270161366635,1.778414207103552
0.019749372118941594,1.1147823911955979
0.03760180694808413,1.6075537768884445
0.038948183662333324,4.794472236118059
0.036984617832556355,3.0289144572286144
0.04723610783013296,0.05
0.03661964443994142,3.4820660330165083
0.0944475419126849,1.5431715857928967
0.09228010308174361,3.3706353176588295
0.043479629823119065,2.0681340670335167
0.09311846581615074,0.05
0.046175722366889105,1.9666083041520763
0.013267062495776222,3.0388194097048524
0.00994788841422703,3.7717858929464736
0.09807094213101672,3.595972986493247
0.02192971473920438,4.435417708854428
0.03771258479478545,4.078839419709855
0.04253082120446633,5.0
0.09505343005527181,2.952151075537769
0.024531943562779462,0.05
0.08470554708625411,3.1948224112056027
0.02477406202480248,3.2294897448724362
0.01086312288685351,4.0664582291145575
0.0358162589746292,3.704927463731866
0.06834370130428852,0.05
0.03295922027794129,2.298424212106053
0.05065545831534102,4.26703351675838
0.07497028250403143,0.05
0.04206929479077312,1.7387943971985995
0.02527960817836125,0.8671585792896449
0.05947471978318908,4.2348424212106055
0.012037063004634807,1.2584042021010506
0.020886756414003338,5.0
0.015220382296172064,0.877063531765883
0.046843083760851695,0.05
0.0419824543713713,2.709479739869935
0.026064191141540793,2.4247123561780892
0.02147745530253628,5.0
0.035361816993479234,3.9129314657328664
0.03251286127161057,0.05
0.058138684882121205,1.689269634817409
0.06883814278729866,2.6228114057028513
0.031061214471309606,1.3698349174587294
0.0209952812620334,4.031790895447724
0.021375845605341975,4.375987993996999
0.01952766113567661,3.9773136568284144
0.026141056160374876,0.05
0.010930066522433224,0.7161080540270136
0.037025957612141,3.942646323161581
0.03554327002586094,1.0528764382191096
0.1008348628405101,0.05
0.07037722029367652,3.410255127563782
0.06144042726589344,4.782091045522762
0.11028039039174858,0.5204852426213107
0.047881621968071636,0.7755377688844424
0.03171915167419395,4.631040520260131
0.08387123842521083,2.013656828414207
0.02656694546229804,0.05
0.030801273417595282,4.405702851425713
0.05293857452470571,4.608754377188594
0.0538947959274404,2.7565282641320663
0.0642760902149826,0.05
0.018970202834899058,1.3302151075537771
0.07977057664281423,0.05
0.08567457721720431,2.6079539769884943
0.029037562496708108,4.4527513756878445
0.04513112653073703,2.726813406703352
0.07743889924511033,5.0
0.09334956656886279,4.083791895947974
0.021818845152442534,1.1172586293146576
0.02256171032381682,3.4622561280640323
0.030581542335578665,1.4664082041020512
0.024716253448923975,5.0
0.036127879368623994,3.331015507753877
0.05011839500642534,5.0
0.05145341147223609,2.41975987993997
0.030222879777754702,4.007028514257129
0.02036557951741516,3.665307653826914
0.036426914634480334,2.377663831915958
0.059907655780596425,2.7639569784892446
0.023826914147658973,1.0330665332666333
0.033595979124655645,2.0508004002001
0.07389915940147695,0.05
0.03098935600591185,0.05
0.08463669667464896,1.6694597298649327
0.015873965447573024,2.1696598299149574
0.08838218160014055,1.7685092546273138
0.025829188501040712,3.504352176088044
0.07628093372393352,1.783366683341671
0.031373534966586125,3.511780890445223
0.020341069481923907,2.8233866933466736
0.04430333006425857,0.05
0.03948928749866942,2.6698599299649826
0.03899575759159771,3.8089294647323664
0.0327522513840679,1.5555527763881942
0.0951180664732717,1.9789894947473738
0.07829020989127156,2.0384192096048026
0.060461559711575574,3.219584792396198
0.04764323813681015,4.281890945472736
0.034897120936117576,2.647573786893447
0.09076889304980318,0.05
0.02854832504633434,1.4069784892446224
0.020926068650604868,3.004152076038019
0.032154305657217414,0.8448724362181091
0.01795667205534801,5.0
0.02394866340064694,5.0
0.015381863472834767,4.039219609804903
0.09787629756778038,3.853501750875438
0.016216518615072978,3.0016758379189596
0.046022058017790746,1.6446973486743373
0.05286522029869775,2.1746123061530764
0.024390246975664553,0.6319159579789896
0.11321860171579948,0.6442971485742872
0.05548940489477083,3.3780640320160082
0.030909774012756963,5.0
0.009856227668726042,5.0
0.027083740969309045,3.9674087043521764
0.03415027831854092,1.830415207603802
0.0362513698537566,4.980190095047524
0.06764496514175478,2.451950975487744
0.031079035338222705,1.4069784892446224
0.08476692678402037,3.7965482741370686
0.02163788812726422,0.9092546273136569
0.13158960982079448,0.7012506253126565
0.032345944966893525,2.7738619309654826
0.035789205449914874,0.05
0.06293414543787873,3.6083541770885446
0.08255911652658754,5.0
0.06969093793166073,0.05
0.03738112295257101,3.620735367683842
0.03050668152461189,4.903426713356678
0.13638886694803465,0.9488744372186094
0.042524112349876464,2.112706353176588
0.036865440985590636,5.0
0.027635069198977374,2.969484742371186
0.026912528958960513,1.0900200100050026
0.03209329122296434,1.4589794897448727
0.08518023831820276,0.05
0.053387914965947025,1.9269884942471238
0.044169890678880885,0.05
0.029852293378024808,5.0
0.031285940202080975,3.9129314657328664
0.02545948986968591,4.306653326663332
0.12478597422394674,1.7165082541270638
0.035397459861691294,5.0
0.032160353238061434,3.8856928464232117
0.032661431277136554,1.572886443221611
0.011392834955591485,3.6256878439219613
0.027323604908023325,3.306253126563282
0.02521132274109797,0.956303151575788
0.06901987898407738,2.536143071535768
0.058683429608635346,0.05
0.04841514417480178,4.128364182091046
0.04705571984779022,3.600925462731366
0.05843402644074036,1.773461730865433
0.06324619251013164,4.601325662831416
0.04746971119951243,2.4890945472736368
0.02664290849874046,0.05
0.03557662844112611,1.1940220110055029
0.007991990749140837,0.877063531765883
0.027685148957758643,4.031790895447724
0.0136361768079519,3.068534267133567
0.04008649734659081,4.479989994997499
0.05892622779832293,5.0
0.017646562192690035,2.021085542771386
0.02312595950081736,4.546848424212106
0.056851637803948696,1.4490745372686344
0.05304918768902611,0.41895947973986997
0.03458183396056963,0.78791895947974
0.06453094336262849,3.3285392696348177
0.028893498093130715,1.4317408704352177
0.030305428457864242,2.273661830915458
0.06411783703506851,5.0
0.013580530700708443,5.0
0.03352819433260262,1.1271635817908956
0.04657331569808776,1.31535767883942
0.060329147651986575,4.465132566283142
0.02212022286349591,0.05
0.03399739133860874,0.8696348174087045
0.02907672604489342,4.89847423711856
0.02868573768541674,2.3603301650825412
0.06864394615933506,0.05
0.021191139046016327,1.6744122061030517
0.09779329644722418,2.0384192096048026
0.03215482450218621,5.0
0.024095374584561402,4.041695847923962
0.06077181855106123,3.031390695347674
0.03781766000776127,1.5926963481740872
0.10345951201254411,0.05
0.031841622724378904,0.05
0.08547302153388786,0.05
0.04120532908859029,1.2732616308154079
0.11394592826098843,0.05
0.04343274106421524,0.05
0.01936186853572891,5.0
0.04084184972314597,1.7660330165082543
0.017559256232092396,2.6871935967983993
0.06685523893913306,0.05
0.16038609906407453,1.1048774387193598
0.029686584394989446,3.4672086043021513
0.043792901656489025,3.8237868934467234
0.05130397702051784,4.749899949974988
0.012199741922000407,3.390445222611306
0.06249993736418008,2.8506253126563283
0.021860423760688613,5.0
0.08591412940951892,0.05
0.013254574823242382,0.05
0.09552628788130613,0.39172086043021515
0.03794601707986156,2.882816408204102
0.04010292308082267,4.343796898449225
0.07771417271716913,2.362806403201601
0.03673959073050587,5.0
0.06264306761104432,4.338844422211106
0.019968452886128862,4.380940470235117
0.07049188995634309,4.722661330665333
0.019205942701111173,0.05
0.020400008144717374,2.224137068534267
0.07410077344302507,3.4176838419209608
0.024334662867750434,3.3805402701350675
0.02710311589018044,3.4672086043021513
0.06550783376146069,0.05
0.08866203074068313,3.4647323661830915
0.05049398096465135,0.05
0.04628327129876575,4.975237618809405
0.06035148472876373,5.0
0.03451682258477787,4.331415707853927
0.02573291909502709,3.9550275137568787
0.03754112037077598,4.133316658329165
0.05667517922821991,1.493646823411706
0.035528721245432215,4.9455227613806905
0.07681797040640298,3.811405702851426
0.028704793978825194,3.7197848924462233
0.04143632055878643,5.0
0.02578153189841545,5.0
0.038127880467713926,4.192746373186593
0.02002594350731185,3.620735367683842
0.06307247272304073,2.016133066533267
0.04161038834229233,4.395797898949475
0.06565538921684333,3.7074037018509256
0.04648353791979801,3.989694847423712
0.020382439408707542,1.1420210105052528
0.11177629010349735,3.1230115057528764
0.035916580088613786,3.2740620310155077
0.06289166395731655,3.994647323661831
0.05913205625739154,3.816358179089545
0.013772243342087098,1.8873686843421713
0.012484968848570727,5.0
0.021416929925009265,4.569134567283642
0.08281976697188698,3.056153076538269
0.09679501229712273,1.99879939969985
0.06712984156047891,5.0
0.031021187916925208,3.4127313656828417
0.023592005024608897,4.603801900950476
0.07683576650558213,0.05
0.013006888416211226,1.357453726863432
0.06297000840812184,2.2389944972486244
0.02983427379968215,3.2963481740870435
0.020652698470533193,2.2637568784392195
0.021744902904054342,4.754852426213107
0.02222300719272402,1.9864182091045526
0.07834173109238196,0.05
0.0655045426764202,3.749499749874938
0.041788729389127005,0.28771885942971487
0.0253450708065579,3.509304652326163
0.02862177641255384,5.0
0.09315377682929274,4.3834167083541775
0.03413228030471038,0.05
0.12787171968879457,3.4919709854927463
0.0710586791624003,4.088744372186094
0.04847194467780186,1.7066033016508255
0.08208234856428726,2.5930965482741373
0.05766726847087297,4.10360180090045
0.030475252090614358,1.1544022011005504
0.04848911983556173,3.6034017008504255
0.032672044585383,4.995047523761881
0.00824642538134121,3.4573036518259133
0.06001770784998445,3.7816908454227116
0.05388969728911175,3.2790145072536268
0.08219364794376552,2.006228114057029
0.04830524003983053,1.6669834917458732
0.03881589852913589,2.3850925462731367
0.11781179213807424,0.05
0.04876034128172507,4.111030515257629
0.04227685356146754,2.392521260630315
0.02417782030724408,1.9715607803901953
0.058476213351000034,2.635192596298149
0.11450285170894065,0.5873436718359181
0.017898500440819698,4.212556278139069
0.08737484568309328,0.05
0.04138145655885156,4.138269134567284
0.030734091656443807,1.7907953976988495
0.11269400688456882,0.05
0.017860965352022223,4.172936468234117
0.025601800943270442,3.1131065532766384
0.094413348084853,1.6323161580790397
0.050750071738451585,1.3871685842921462
0.03047106502233543,0.15152576288144073
0.02354375024048605,4.1754127063531765
0.06357665802588677,0.5749624812406204
0.05183248302000851,3.1898699349674837
0.05241406204736043,1.9368934467233618
0.06705969784358332,3.1279639819909955
0.04802125824973272,3.1651075537768887
0.035576652686997445,2.446998499249625
0.01940085329839919,5.0
0.03558965615299772,4.3735117558779395
0.01425139038161033,0.05
0.06868636818222054,0.05
0.015357133490876668,0.05742871435717859
0.05303620124156683,3.506828414207104
0.14841127067211207,0.47591295647823917
0.03956599904297445,4.321510755377689
0.06743238061924559,4.774662331165583
0.05539792656213466,1.241070535267634
0.036877457243581574,4.616183091545773
0.028444711694500968,3.1329164582291145
0.02870898875461131,2.045847923961981
0.0170418973974453,4.026838419209605
0.01947122139503152,1.1048774387193598
0.045953144108081934,0.05
0.028286648524659203,1.4738369184592297
0.02090483226477896,2.115182591295648
0.031169328643440797,3.8609304652326166
0.045466982961493985,1.57783891945973
0.08422273982268097,1.9443221610805406
0.023900714202868545,0.05
0.03369274027051036,0.6764882441220611
0.009808454925774063,1.704127063531766
0.025017215396392567,4.036743371685843
0.052884556550102574,1.9740370185092548
0.01582118181464337,1.1593546773386694
0.01965501177854398,0.05
0.03436455650032752,1.357453726863432
0.06124704244868917,0.05
0.08995463544230431,0.7111555777888946
0.04742107416277214,4.715232616308154
0.06075703421110579,0.05
0.07420791792979894,5.0
0.033078116850624006,5.0
0.018076439980603126,1.283166583291646
0.06557800189742868,3.747023511755878
0.03900055361071725,1.3921210605302654
0.04510277225754042,3.288919459729865
0.06210988606438178,2.709479739869935
0.01561431096995422,1.0578289144572288
0.07087550672645301,2.9075787893946976
0.08792680443087761,4.3636068034017015
0.07009570416571043,0.05
0.06162691900919573,1.8180340170085045
0.05747618760334536,0.05
0.08610318173027504,0.05
0.11385368209804159,5.0
0.0395209191241333,1.9245122561280643
0.04893986316114629,0.5898199099549776
0.0463040800487137,5.0
0.05179441965526266,4.905902951475738
0.014161911634310964,1.3871685842921462
0.07575899361403415,0.05
0.09425565817441217,2.625287643821911
0.03459901338302626,1.2336418209104554
0.0749139271274761,1.5010755377688847
0.022301127159613243,5.0
0.03408656554029266,3.3334917458729367
0.008916066262968148,0.8968734367183593
0.05750379826966337,1.1444972486243123
0.01679416675052689,4.608754377188594
0.0903311635205685,0.7705852926463232
0.14966717722193232,0.961255627813907
0.053630524164413995,3.910455227613807
0.0356983308607996,0.05
0.04325874422689227,2.8704352176088044
0.10835313335511676,0.3149574787393697
0.03943868452080032,3.4176838419209608
0.03404014293687252,5.0
0.10532490233389202,0.05
0.042769586497771184,4.460180090045022
0.09853838981543067,0.9439219609804904
0.058413386120727356,1.4688844422211107
0.07972865478023161,3.331015507753877
0.03863946584524136,3.9649324662331167
0.026155176583461337,4.4725612806403205
0.07199920572274407,0.05
0.021320349196994215,1.451550775387694
0.05412418900357546,4.113506753376688
0.03861462032889923,1.662031015507754
0.031638026064818414,2.5188094047023513
0.043593335155700186,1.7635567783891948
0.03769940872974173,4.705327663831916
0.04223094228452942,5.0
0.038944429830192306,2.9917708854427216
0.11445701515874035,0.6517258629314658
0.04020361439454875,2.811005502751376
0.06064246987115504,2.7862431215607804
0.05363042612341212,1.99879939969985
0.09869514048715552,0.05
0.031050720493679934,3.162631315657829
0.01722626219521245,1.1841170585292649
0.08706320050083344,0.1317158579289645
0.04014903713024917,3.1923461730865434
0.03988298899619083,0.666583291645823
0.06927894361262071,3.036343171585793
0.04386920367144187,2.0780390195097547
0.06543573824150467,3.754452226113057
0.020257738555409743,1.6125062531265635
0.07020997775220619,0.05
0.03088457578066714,1.2633566783391696
0.07369716779175389,3.0858679339669837
0.04062050366115663,4.063981990995498
0.06556938204688662,5.0
0.017254554504027325,1.778414207103552
0.058793778672112385,2.035942971485743
0.075588408506396,4.016933466733367
0.026911031053840073,0.6962981490745374
0.04411114858681958,3.6133066533266636
0.05432309831151297,4.0763631815907955
0.07393151997981245,2.610430215107554
0.03767239807627287,1.7982241120560283
0.011906578863674577,5.0
0.01581220748889184,1.5753626813406705
0.019462043171776272,4.385892946473237
0.08136642426867896,0.05
0.04870841701023548,4.460180090045022
0.03201153196566381,1.4168834417208607
0.054290619057141803,0.05
0.04167304563994981,0.5402951475737869
0.04647658036481808,3.1923461730865434
0.011964126990919421,0.05
0.05006065422929515,2.186993496748374
0.08574445781258042,3.306253126563282
0.16612642553884752,0.37686343171585795
0.02489599617272298,0.5328664332166083
0.045417963918608806,1.793271635817909
0.017914940260079365,1.2509754877438721
0.03729635883318119,4.274462231115558
0.12372353102120393,3.6380690345172586
0.047037757432912414,3.769309654827414
0.05719618648462549,0.05
0.07129270016259026,2.120135067533767
0.035926581982050815,3.6974987493746876
0.055802639780449054,2.3009004502251127
0.03947519502713376,1.5852676338169087
0.01977600407139546,5.0
0.041083882859396736,2.8456728364182093
0.06368635404970646,5.0
0.05031271871065246,2.731765882941471
0.013014206415009055,5.0
0.022564160029882596,0.05
0.05044016390399092,5.0
0.04227606053947475,4.972761380690345
0.09003787085644119,2.9595797898949474
0.07654906870451064,3.4523511755877943
0.039980428131335594,5.0
0.0672271659035952,0.05
0.07959061143247412,0.05
0.03852900482857702,3.2542521260630317
0.04649433787912993,3.1898699349674837
0.01569726794102741,0.7383941970985494
0.06691893471934993,2.47176088044022
0.023671210116278957,0.8993496748374188
0.054366549495219824,4.4032266133066535
0.06189659676127088,2.721860930465233
0.020498635521569608,1.2534517258629316
0.09715756405190601,1.951750875437719
0.028727766565500606,4.962856428214107
0.01838582253989826,3.511780890445223
0.026690295946954073,2.013656828414207
0.023352468228828804,1.5753626813406705
0.0777164806308156,5.0
0.10011528268651473,0.05
0.02038565113475116,1.2584042021010506
0.01516072907667873,2.476713356678339
0.029425212996277067,2.9125312656328166
0.038776216545312076,1.4985992996498252
0.061009499017558366,4.853901950975488
0.027747591625239515,0.05
0.027960864696447735,3.5613056528264133
0.0799248589028779,3.1898699349674837
0.01147362489968845,1.8452726363181593
0.06495061259420054,4.551800900450226
0.04082766254385878,0.05
0.023018539786546194,2.8531015507753876
0.06419997080931467,2.1226113056528266
0.04530802055424424,3.7247373686843424
0.07323545927655081,0.05
0.022198799567634958,0.7210605302651327
0.024400207629338116,1.3178339169584794
0.010984266702110973,2.350425212606303
0.03914117573383907,5.0
0.010495366955797614,2.087943971985993
0.047760565553371104,2.5014757378689345
0.04106090843751356,3.699974987493747
0.07181582324731217,3.732166083041521
0.09388175231788343,2.5658579289644825
0.08325968368892667,2.3850925462731367
0.055785855675911045,1.2113556778389196
0.0429699926748876,1.1742121060530266
0.03383627923381763,3.9624562281140574
0.07585420085439123,1.904702351175588
0.03432843071775574,3.9500750375187597
0.028281375014836546,5.0
0.030672940728175002,4.167983991995998
0.059983549625510224,1.1568784392196099
0.05051813250736159,1.7610805402701353
0.028067208017038825,2.4098549274637318
0.026583569672148727,1.899749874937469
0.033167028380596764,1.0751625812906456
0.016489951517876134,4.044172086043022
0.07291208621780948,5.0
0.03121445282432922,1.8180340170085045
0.029261503558457136,1.4688844422211107
0.04306217591958317,2.89272136068034
0.06169786822976403,3.6083541770885446
0.06223755016368607,5.0
0.03928789273951461,1.1593546773386694
0.05816916245530723,1.166783391695848
0.09830298105723673,1.5431715857928967
0.04136549073976631,5.0
0.06513233530408236,3.927788894447224
0.10484110371398281,0.05
0.014517786047217512,4.093696848424212
0.03433795379281676,2.6871935967983993
0.06173712023760511,2.100325162581291
0.02021499601799079,3.662831415707854
0.09988835422785602,2.5188094047023513
0.037828487534625754,4.635992996498249
0.022906535618372414,5.0
0.016310367222409916,0.05
0.04091354409127859,5.0
0.06414731436678359,0.05
0.022797266670756433,5.0
0.06708504900896706,0.05
0.026997757839674147,3.937693846923462
0.10977865772180956,4.962856428214107
0.07215445029543299,0.05
0.05132580219779845,4.7969484742371185
0.0370018197665441,3.957503751875938
0.05708237426191676,1.6125062531265635
0.008697593991903813,0.40905452726363184
0.09345828420059532,0.05
0.06335620783058538,5.0
0.10262289195310403,0.05
0.02262386070569311,2.7119559779889943
0.0482171862361917,4.569134567283642
0.10987046082586688,0.05
0.06961542170283677,2.8382441220610306
0.02681421379622595,2.003751875937969
0.08962064055722888,0.05
0.02933069857115775,5.0
0.044701532943122846,2.6030015007503753
0.027242497706982005,5.0
0.03168725351087692,1.2509754877438721
0.06692390832392803,4.068934467233617
0.0348311512993818,4.3735117558779395
0.04326323457260975,2.030990495247624
0.04359760203961577,0.05
0.09362377400649274,0.05
0.01576620280984284,0.05
0.05026493452700667,4.762281140570286
0.09772816086485492,4.767233616808404
0.10371088676507859,0.05
0.07415215286959223,3.05367683841921
0.08787327075136903,2.9174837418709356
0.05889064732479077,3.4647323661830915
0.037667805243700475,3.8708354177088546
0.10974070453691015,0.05
0.014675619444238341,1.7957478739369688
0.04003302330009381,2.984342171085543
0.013068868958407559,0.05
0.05205804521796453,4.1060780390195095
0.11011687127010977,0.05
0.06936583921744355,0.05
0.11272642869734484,0.10447723861930966
0.05852381381362565,1.0479239619809906
0.10385739673919203,4.16055527763882
0.08355463440989402,0.05
0.018204712230658476,4.227413706853427
0.04881272440901091,4.222461230615308
0.06466363400252567,4.967808904452227
0.04636918563785414,3.0759629814907457
0.04091519925412501,0.7062031015507755
0.04343589421514871,5.0
0.03343490073802172,3.2592046023011507
0.09402780614437126,4.378464232116058
0.08726777201747207,3.509304652326163
0.013215132509955568,2.3850925462731367
0.05033476437856324,4.839044522261131
0.03225229138905622,1.4639319659829917
0.04252029596749135,3.219584792396198
0.042760913986723104,2.5336668334167083
0.016184232617760697,1.6818409204602303
0.03244914427685988,2.251375687843922
0.07185440404235949,1.6496498249124565
0.02794281917717792,2.6896698349174586
0.04318487977721411,4.62856428214107
0.04330382909920055,4.083791895947974
0.05221013579049347,0.7978239119559781
0.02167618274438432,3.9624562281140574
0.04422370949443752,4.586468234117059
0.04159185261203424,4.081315657828915
0.0941217200279757,1.9368934467233618
0.03542996815479929,4.091220610305153
0.0721362547167097,4.440370185092546
0.05725674916742998,1.9294647323661833
0.0945334597850152,3.516733366683342
0.07835759945563137,0.43629314657328666
0.027489223050750605,0.5625812906453228
0.05770493896179074,0.05
0.03430445804730539,4.564182091045523
0.08760204573771566,0.05
0.026583753499011847,1.3846923461730867
0.040988940939712226,3.605877938969485
0.05925777763023796,3.150250125062531
0.04772472734192165,2.2959479739869937
0.06721498313804614,4.975237618809405
0.039656553426414554,1.0677338669334668
0.02980702365807747,4.63351675837919
0.04951882498764282,4.720185092546274
0.062200296339706695,5.0
0.07026386808357826,4.0763631815907955
0.04701981536564606,2.055752876438219
0.07466685704365894,2.0582291145572786
0.051080852937541305,4.697898949474737
0.022192052131590534,2.694622311155578
0.026414084217188882,1.5481240620310157
0.02527330668738237,3.927788894447224
0.10830559040571366,1.7066033016508255
0.047009858027585866,0.05
0.0290412521260055,4.774662331165583
0.017241018273963293,1.4168834417208607
0.03152353849805159,0.05
0.05948503755049281,1.2955477738869436
0.07091958417839406,3.6355927963981993
0.054280170047286386,0.05
0.08152909092659968,0.05
0.02966114924626398,5.0
0.042142791520950906,1.7239369684842423
0.10599839620586787,1.662031015507754
0.06111419605654131,4.791995997999
0.08822733496380283,2.0334667333666836
0.08137800525981628,0.05
0.040844978580256874,2.994247123561781
0.008640934703674497,0.05
0.05678723506395811,1.9492746373186596
0.11023635640409662,3.657878939469735
0.04382623839643707,2.0755627813906954
0.06515214881177173,1.7635567783891948
0.05297028038974222,4.039219609804903
0.042322070592044236,2.3132816408204104
0.04939642903532168,2.3157578789394697
0.024487693281584733,1.815557778889445
0.038982227777231676,1.741270635317659
0.03777582246578742,2.5163331665832915
0.0782099159983442,4.447798899449725
0.01450281993150318,4.643421710855428
0.020267910331349503,5.0
0.023788223296805217,3.9971235617808905
0.06150289620726815,0.05
0.03330999596449244,4.143221610805403
0.025525580226990585,3.6504502251125563
0.059866108771584325,3.779214607303652
0.0679626081132963,3.0858679339669837
0.04474224567481658,2.110230115057529
0.06898224436038533,2.0805152576288144
0.0688754528332094,2.2216608304152077
0.03122586364234456,2.8481490745372686
0.036930275686587855,2.2266133066533267
0.017299913377384984,1.6174587293646825
0.03608639587440851,2.0285142571285646
0.06576724157072833,1.4020260130065034
0.05761821631266931,0.05
0.051375353121805745,2.8704352176088044
0.059404869708619135,3.405302651325663
0.047544221742504056,0.05
0.09569896755487378,2.8283391695847926
0.035293724099898865,2.8555777888944474
0.014328079233693503,1.8947973986993498
0.134821227484632,1.6323161580790397
0.0435821350452473,4.150650325162582
0.016414225164816137,5.0
0.06340463684124131,0.05
0.03351020591105891,0.05
0.03548353184255257,5.0
0.03621499725522037,1.3302151075537771
0.12335240644530276,0.7062031015507755
0.07960797299431266,1.7066033016508255
0.05771780134842827,4.643421710855428
0.06437292049455423,2.0805152576288144
0.03422771898744312,1.2707853926963484
0.03449428932459758,4.044172086043022
0.0626718622215125,5.0
0.02405211704558688,1.6694597298649327
0.05852605023017651,1.2608804402201101
0.03360202947562063,1.1766883441720861
0.027169373993171847,1.6744122061030517
0.12334597155154908,0.8844922461230617
0.047052952213381044,1.567933966983492
0.06298422062880574,0.05
0.06611552801343012,2.7020510255127563
0.018373907853476062,5.0
0.09374491577825181,3.2790145072536268
0.04304609146000571,0.05
0.05701547529040432,2.10280140070035
0.09724018601737011,4.237318659329665
0.03541863335502041,4.779614807403702
0.02890895994659695,2.5163331665832915
0.03246221352017625,4.514657328664333
0.08169712713564567,5.0
0.059062318161297395,4.8959979989995
0.03315617645343605,4.068934467233617
0.06938032897564764,3.8931215607803904
0.04424221294376604,4.5319909954977495
0.022518288529939756,3.8708354177088546
0.04919617609766502,1.0256378189094548
0.0714723774899384,4.21008004002001
0.04403217706348056,1.3227863931965984
0.017650862058007782,1.134592296148074
0.04682042657536237,1.8056528264132068
0.036301786624051036,4.888569284642322
0.05605491365700624,4.068934467233617
0.0715134535108009,4.378464232116058
0.14577609943194741,1.0850675337668836
0.08184062240724485,1.8947973986993498
0.02986972502345142,4.1556028014007005
0.13700902221219136,0.39172086043021515
0.04235456491884146,1.993846923461731
0.060894867180619705,1.2336418209104554
0.06057022563129691,4.801900950475238
0.03792683220990564,3.4672086043021513
0.0676195534208966,3.2072036018009005
0.027820932764479528,1.3029764882441222
0.09987240476624826,3.73711855927964
0.03156994861966786,4.995047523761881
0.03680911575391724,4.668184092046023
0.03818420018759194,3.7965482741370686
0.02247046645752973,5.0
0.03758639033258415,0.9488744372186094
0.027165242534083728,3.283966983491746
0.058997869703105776,5.0
0.03547461259971263,2.9496748374187094
0.07776695664697636,4.3834167083541775
0.009268806596407442,3.162631315657829
0.08338326509087687,2.905102551275638
0.058170969442134846,2.451950975487744
0.08839320706081777,2.615382691345673
0.03794731921075514,4.94799899949975
0.0391350605504861,2.26128064032016
0.06444433370073974,2.2488994497248624
0.04180284458543665,3.283966983491746
0.044670171796618696,4.123411705852926
0.036880968516045776,3.915407703851926
0.03296907713798633,4.675612806403202
0.04272170708026429,2.3529014507253625
0.07781184640100983,0.12923961980990495
0.007897385240915322,2.8382441220610306
0.03814130081431635,5.0
0.03766766458844101,0.5576288144072037
0.06733733112945661,4.378464232116058
0.05273186055337167,2.811005502751376
0.012943669752254972,5.0
0.04728268352206477,3.868359179589795
0.026323599706749856,2.110230115057529
0.030716119162420702,3.484542271135568
0.022088411035620786,1.4020260130065034
0.02308126413281586,1.4565032516258132
0.024987506486067623,5.0
0.031307164163856954,3.227013506753377
0.10520301926767606,2.494047023511756
0.09303242633768644,2.8580540270135066
0.0428564846570515,2.303376688344172
0.05087799136952162,3.756928464232116
0.09580396760370946,3.4399699849924965
0.03604162121373822,1.9319409704852428
0.0846986064572394,3.004152076038019
0.09003785594854971,2.0334667333666836
0.045504198085901476,0.05
0.05349927973041055,2.6327163581790898
0.031848579189840076,1.731365682841421
0.031258562827614744,4.663231615807904
0.02160905326087767,0.9389694847423713
0.04624767827402809,1.4490745372686344
0.036316836570698535,3.3854927463731865
0.019147185196796923,3.816358179089545
0.029534666475874577,3.251775887943972
0.07796688737833846,0.05
0.03479128521695474,1.5060280140070037
0.01777207528309424,4.190270135067534
0.021353187414105357,3.0115807903951977
0.02693012734082187,3.665307653826914
0.03268517235195839,5.0
0.05673605640030607,2.026038019009505
0.06429311135227933,2.2588044022011005
0.030914763989501715,2.0656578289144574
0.05953056749159169,1.3326913456728366
0.044792757350151285,2.4395697848924462
0.043149994454372786,0.6591545772886445
0.02724432592890627,1.4342171085542774
0.03176503685931881,0.8968734367183593
0.051193704726555905,4.608754377188594
0.10147434532859656,0.05
0.05660966546028395,0.05
0.017230649080826832,3.031390695347674
0.09804607276060184,1.5803151575787895
0.05136856616599558,2.8233866933466736
0.038569193243755795,4.42303651825913
0.03655865236485023,5.0
0.02794763408920023,1.5283141570785395
0.028892296387435207,4.791995997999
0.013141464399040348,2.107753876938469
0.07585152717788446,4.851425712856429
0.033646168993873515,1.6174587293646825
0.048797916257023316,4.400750375187594
0.07573174980997746,0.05
0.019588139305010382,2.5039519759879942
0.019936486783718455,5.0
0.032868611642486556,3.816358179089545
0.08019910918696507,3.3780640320160082
0.060547901114924946,2.981865932966483
0.03576851388819302,0.31743371685842925
0.020831589928200972,4.432941470735368
0.052867450228101964,5.0
0.05778854725109289,1.6595547773886945
0.05376623808796527,2.885292646323162
0.025114623134175396,3.2740620310155077
0.019998063869360483,1.008304152076038
0.02875027416985887,1.1915457728864434
0.08445568630145242,5.0
0.023610130693965642,4.442846423211606
0.04293281997026249,4.1853176588294145
0.03276369661416528,1.3500250125062534
0.06250808158184762,4.673136568284142
0.04915346701001333,2.877863931965983
0.030594337307560143,4.987618809404703
0.07447206895272385,2.1696598299149574
0.0324427350706922,5.0
0.04973470190361523,2.201850925462731
0.07111619611615932,3.4647323661830915
0.04079037712334302,5.0
0.029688923630436237,4.680565282641321
0.05224783034472086,5.0
0.01747336524980536,3.675212606303152
0.03573080827395794,3.231965982991496
0.023929428670732278,3.1279639819909955
0.04743234992063727,4.89847423711856
0.026896550060591218,5.0
0.05079532189469091,0.05
0.025974814956035736,1.5085042521260632
0.07630056138094338,3.600925462731366
0.042132609020747364,4.202651325662831
0.06853874434657833,2.040895447723862
0.0373450468603147,0.7631565782891447
0.027405708381724014,2.6970985492746373
0.03960702022784568,0.05
0.023118006632223936,3.2913956978489245
0.0412377028955806,2.219184592296148
0.039955048404627824,3.937693846923462
0.0278223439749406,1.1519259629814909
0.022549293346473848,4.990095047523762
0.07863170913434753,0.05
0.166754030573654,2.026038019009505
0.01670868687131452,1.4738369184592297
0.022898178386179968,0.05
0.046436559292433566,2.357853926963482
0.026518443818943194,2.645097548774387
0.17260079535005063,0.7359179589794899
0.04098108034054798,2.8233866933466736
0.0075059234260347885,1.082591295647824
0.06766013433346912,3.1824412206103054
0.0748766548836631,2.6277638819409703
0.020649295182573246,2.994247123561781
0.05771903669560516,4.997523761880941
0.0862562078412093,3.4399699849924965
0.019957992243788025,2.8184342171085546
0.021217055401119456,2.5534767383691848
0.10184102286296243,0.7656328164082042
0.020579094477865878,3.073486743371686
0.015374770967939377,0.2233366683341671
0.030050016625386533,4.638469234617309
0.03207308061044811,2.4494747373686843
0.010904610411015508,2.9645322661330664
0.016510652863085284,5.0
0.037673376058716124,2.0755627813906954
0.04509416336341876,1.956703351675838
0.007166568640675136,4.187793896948475
0.00605179907208242,0.05
0.06428056024150275,2.4816658329164585
0.05374363110144026,2.4841420710355178
0.045831110531773994,1.5654577288644325
0.02850533732989194,1.3970735367683844
0.05062408957675005,3.764357178589295
0.023153613019014502,0.05
0.06586980820440452,3.8881690845422714
0.01125383560477769,5.0
0.07148012484852953,3.5464482241120563
0.023057738436439407,2.3256628314157077
0.02702969907895772,2.4791895947973988
0.019707274916145295,1.689269634817409
0.028505187333171034,1.2237368684342174
0.012830416546713352,2.266233116558279
0.029150062242773722,0.05
0.04883908731451425,1.9864182091045526
0.021667257567540815,2.900150075037519
0.05087048570182745,0.9216358179089545
0.03934703331194708,1.3351675837918962
0.044757989309678836,1.2361180590295149
0.04301968132172518,1.662031015507754
0.010121603398399126,5.0
0.026786178407167682,2.8184342171085546
0.010330442228812742,1.3054527263631817
0.03216447855835228,3.506828414207104
0.04314889772498942,5.0
0.152306379781085,1.988894447223612
0.029940345038227206,4.908379189594798
0.14373574208361772,3.4275887943971988
0.06702204441684328,4.395797898949475
0.012945729199772327,1.1593546773386694
0.0482858349730772,1.5852676338169087
0.0467872450099214,0.05
0.016098629992536084,5.0
0.07152383056404943,1.572886443221611
0.031447976931123334,3.8237868934467234
0.02151302746009026,1.2732616308154079
0.024845683851993428,3.4399699849924965
0.04526432830496721,3.6281640820410206
0.014628761664504997,1.1593546773386694
0.0374346525469772,2.5188094047023513
0.030517107192979204,4.187793896948475
0.03064731264741838,2.110230115057529
0.11132249869328814,1.919559779889945
0.0536582599896378,2.729289644822411
0.026773288736461565,0.7829664832416209
0.017827125491348295,0.05
0.025714664927001862,4.257128564282142
0.026506726069815384,1.5159329664832417
0.03338808040975749,2.2860430215107552
0.04385302370960609,1.399549774887444
0.051909224433072776,0.05
0.008880036700640415,5.0
0.024589615692185707,0.05
0.030226520827370096,5.0
0.024741182081491953,3.0487243621810904
0.025657038019322176,4.707803901950975
0.017511219272481532,0.8498249124562283
0.019373438929863568,4.588944472236118
0.12366543481526748,0.05
0.0558993789789905,0.5254377188594298
0.02847495890728058,4.150650325162582
0.032370634224425626,3.657878939469735
0.012795949370586451,4.42551275637819
0.024825824670482055,5.0
0.03184074525235042,2.6327163581790898
0.055085725514722295,3.952551275637819
0.06670941388208923,4.727613806903452
0.034960313376370955,2.976913456728364
0.03713108991617914,0.05
0.08559933084993132,3.8287393696848424
0.0385121602778698,4.455227613806904
0.06643721117448917,0.05
0.012008564829191604,3.756928464232116
0.023360750243019313,1.2286893446723364
0.03680023745957001,0.05
0.03798303519731086,2.52623811905953
0.09156224755593526,0.7804902451225614
0.12262517685578872,1.4565032516258132
0.057609910430958894,0.7557278639319661
0.021455994823838226,1.9220360180090048
0.024157583593716725,3.8188344172086044
0.04685544890492785,1.2336418209104554
0.022867669041873817,2.6030015007503753
0.03406018183012738,0.05
0.031015273006777033,3.7296898449224614
0.03870368754616338,1.4614557278639322
0.06990144835583528,2.4593796898449227
0.02924208777904025,5.0
0.03496136780948958,4.044172086043022
0.06018231339398561,2.5138569284642323
0.06565282198035485,2.0483241620810406
0.03034401989183677,1.357453726863432
0.04428015640500493,1.0850675337668836
0.0219993762631486,0.05
0.028340461765716002,1.4664082041020512
0.0915964916576826,1.4664082041020512
0.039328801154463744,2.8951975987994
0.03169548732447924,3.3037768884442222
0.05216998327952918,4.561705852926464
0.03352073759934737,1.5332666333166585
0.03728502827941679,1.2336418209104554
0.02809530668445606,1.2955477738869436
0.0807230274974805,1.9690845422711358
0.026853671840471133,3.672736368184092
0.0291239364373721,3.9797898949474737
0.04670418061857162,2.189469734867434
0.025318626779155085,2.9645322661330664
0.01860635567247576,1.0429714857428716
0.029192670613297722,0.05
0.09205489371039938,1.610030015007504
0.09138903503734655,1.8427963981990998
0.019097870406714124,5.0
0.07926418577390795,1.647173586793397
0.04851947128917786,5.0
0.04966212714758489,5.0
0.04866127178786975,1.0801150575287646
0.034520279962330896,1.082591295647824
0.023292035581708254,4.643421710855428
0.043063328097151576,4.361130565282641
0.0397262366211425,2.130040020010005
0.06197429640501134,0.05
0.03169919294894627,1.5827913956978492
0.13235464441268077,1.1469734867433719
0.03713872760808082,3.6232116058029016
0.039442475907656704,4.769709854927464
0.032815089260928215,5.0
0.05819921266770983,0.05
0.0583860383742206,4.071410705352677
0.02808697809352853,4.0516008004002
0.04519958074514102,0.05
0.0619335680249089,1.166783391695848
0.014358057572802091,2.266233116558279
0.06782648143121775,2.087943971985993
0.008313043628560002,4.801900950475238
0.041489010317093705,4.749899949974988
0.02631087595132392,1.2856428214107054
0.049744123353698794,4.618659329664832
0.0048964368035854244,5.0
0.015655721965372293,1.3227863931965984
0.03366056535237827,5.0
0.05774955796211992,2.974437218609305
0.047471735615151944,4.056553276638319
0.028986256257199722,5.0
0.02079591923939414,2.652526263131566
0.015157336977136726,0.8671585792896449
0.028841546864983525,4.8959979989995
0.10910630529446613,4.388369184592296
0.06535125213851034,0.05
0.09809351052698534,0.8646823411705854
0.06784421356873305,3.6405452726363183
0.022057894140139533,1.5530765382691347
0.06941578695160286,0.5601050525262632
0.05414027710443245,4.353701850925463
0.022584318842281736,1.562981490745373
0.05403597297450852,3.1056778389194597
0.1418226767021562,0.6715357678839421
0.04041940467686542,3.430065032516258
0.015968396740168783,2.298424212106053
0.042817420115797894,3.665307653826914
0.04825151057667387,3.47463731865933
0.021608742676845843,4.923236618309155
0.01809436762859226,4.321510755377689
0.03207306631665621,1.0677338669334668
0.042823171351692335,1.3698349174587294
0.07716642206612365,3.756928464232116
0.10403237213473526,1.689269634817409
0.05550410590822194,4.596373186593297
0.09805536349603805,0.05
0.017590544551452064,2.3157578789394697
0.07979168410195525,2.568334167083542
0.04222433644333265,3.68511755877939
0.027886149022820966,1.4688844422211107
0.02783336522556762,2.461855927963982
0.01881274393944135,3.568734367183592
0.03615215002034006,2.41975987993997
0.05911700349598262,3.088344172086043
0.06000762536496207,3.15767883941971
0.03699373592022501,2.8481490745372686
0.035509241526438584,2.4965232616308155
0.05198364691577495,1.1098299149574788
0.01236111236886192,2.2068034017008507
0.057448894193600025,3.4870185092546273
0.056189222587938376,2.7391945972986496
0.03254317314985558,5.0
0.062024170771305565,4.564182091045523
0.07344951496072719,1.8873686843421713
0.04112516002034636,1.6496498249124565
0.029129377372563103,3.99959979989995
0.07135102090625281,4.680565282641321
0.05423803018512202,1.7610805402701353
0.04041039678288169,1.562981490745373
0.044702084227090766,0.05
0.05034018080797889,3.7990245122561284
0.023848976366143915,3.932741370685343
0.06928960427128958,3.083391695847924
0.12703332956995952,2.835767883941971
0.01769485038498303,4.291795897948974
0.11758127378989497,0.6170585292646324
0.055725184319405874,1.9789894947473738
0.04189867642128012,5.0
0.04235129440537849,1.5654577288644325
0.04819106855206229,3.3854927463731865
0.08362223312154682,2.583191595797899
0.07683365303437678,2.7614807403701853
0.022628880609202956,4.494847423711856
0.03139123596695623,3.749499749874938
0.023737942836929343,0.9835417708854428
0.03575758116361699,2.583191595797899
0.045276278073579174,3.2963481740870435
0.022138950986657496,1.4812656328164084
0.05569909420361696,1.8081290645322663
0.023688048792331967,4.970285142571286
0.13434766543301058,1.7437468734367185
0.024831538899913713,5.0
0.057042743948767405,5.0
0.13454672748607954,0.8523011505752878
0.034029868314737255,1.4069784892446224
0.03370189351026612,4.73504252126063
0.04700785176558325,2.9298649324662334
0.11814510298213698,0.7136318159079541
0.05917647500686965,1.161830915457729
0.04281779615798301,1.4985992996498252
0.043843182979905554,2.4742371185592797
0.04570227907155977,1.5085042521260632
0.02238639451115576,1.835367683841921
0.04568908300950866,2.303376688344172
0.0491181987618545,4.281890945472736
0.07507555957273626,0.05
0.045964132854853124,1.1098299149574788
0.04083292860486762,4.84399699849925
0.07862269026962496,4.759804902451226
0.07140353637993413,1.877463731865933
0.08664370088294956,2.045847923961981
0.04667508588194755,2.7119559779889943
0.017415461763213957,3.0016758379189596
0.10355150553200615,0.05
0.06175628839789993,4.460180090045022
0.014820136581702614,2.699574787393697
0.00966614867957269,5.0
0.054091345695444215,1.119734867433717
0.008606473631343148,2.362806403201601
0.025178618621846116,3.4176838419209608
0.02288227274439536,4.071410705352677
0.051102321962224084,2.8654827413706854
0.01044081342702699,4.172936468234117
0.020269317510647922,0.8894447223611807
0.019944355602853403,4.668184092046023
0.11529446472643962,1.8031765882941473
0.043914549696631056,5.0
0.045054301749471115,4.1754127063531765
0.09752601210108996,2.5089044522261132
0.06636016112195903,3.7866433216608306
0.017147578313920553,2.2909954977488747
0.02152651023472299,0.961255627813907
0.04485686728911148,3.0289144572286144
0.07477947382082312,4.301700850425213
0.05728053488039303,2.1448974487243624
0.06798558402200114,2.0285142571285646
0.034598203430608154,1.5382191095547775
0.08534332184537807,0.05
0.051998171601401605,1.5877438719359682
0.017820023419579584,1.6719359679839922
0.024316462520587362,3.31615807903952
0.09685765574992689,5.0
0.02661944221343604,3.57863931965983
0.0886096180336261,2.281090545272636
0.06364168999313419,2.3058529264632317
0.06454233223995456,2.5807153576788395
0.014770816051985214,1.5233616808404205
0.05039122832279905,4.814282141070535
0.05021519914097872,1.4193596798399202
0.11804018525121773,2.6871935967983993
0.04996978249390088,3.4350175087543775
0.04132541912743204,2.0582291145572786
0.04459603527869027,2.1226113056528266
0.023666559538118637,0.05
0.07111709616127337,0.05
0.13350416312771116,0.7631565782891447
0.06306857761248563,1.0702101050525263
0.028821584800435257,1.0330665332666333
0.01698629810276478,5.0
0.07487767184906119,0.05
0.10152730642203106,0.05
0.07550383710439398,1.783366683341671
0.04050346234221447,4.291795897948974
0.03901908469463966,2.7738619309654826
0.019292297688888932,3.8931215607803904
0.01213696576135806,1.2856428214107054
0.033849721933860294,2.191945972986493
0.1891052916525705,1.008304152076038
0.005775826918005211,4.512181090545273
0.04474165919252887,3.224537268634317
0.035260968011666255,1.362406203101551
0.036890194105861085,3.52663831915958
0.014666274353293596,2.9496748374187094
0.013703807457484313,1.325262631315658
0.05850928756040208,2.7441470735367686
0.03076072653941439,2.568334167083542
0.07249714788402128,4.8662831415707855
0.02667348760007318,4.640945472736369
0.04497012814070778,5.0
0.02476044404421915,3.4647323661830915
0.03140089500154011,0.05
0.014239144462003112,3.1230115057528764
0.04017174917134331,3.8015007503751876
0.009935860815198538,5.0
0.07015921767301964,2.035942971485743
0.04853939664986376,1.1593546773386694
0.11600636578849435,2.0755627813906954
0.055873916815250474,2.182041020510255
0.03486321127133965,5.0
0.06647234732330679,1.9467983991996
0.07097081839008398,0.05
0.0290742648246117,0.8176338169084544
0.06832332816681386,2.78871935967984
0.027769315890780133,3.246823411705853
0.05959857515580594,3.6281640820410206
0.02698334291096907,4.3933216608304155
0.046166936779328455,1.0182091045522763
0.033560712336066806,0.9241120560280142
0.01976120262466438,2.5138569284642323
0.039586980409120565,2.9224362181090546
0.022431965074689725,4.967808904452227
0.03701286175035026,3.8609304652326166
0.08388248876272156,4.791995997999
0.023246258753260446,5.0
0.09677007459742315,0.05
0.01736206331140691,4.031790895447724
0.035550924814902685,5.0
0.015174195507031751,1.6744122061030517
0.07000790308084132,5.0
0.03538756254459138,3.643021510755378
0.03203508664572988,4.923236618309155
0.055131715080683985,2.815957978989495
0.030156877267211918,5.0
0.03077872521591854,0.05
0.012983005842819167,3.6256878439219613
0.05293175148968343,2.442046023011506
0.017968478777584396,5.0
0.13535952774103713,1.0058279139569786
0.018941010420993748,2.2340420210105054
0.15988963889665123,1.704127063531766
0.020509434593961096,1.3500250125062534
0.02255342257865997,3.8782641320660334
0.07119542002777551,3.0066283141570787
0.04156718116956651,3.73711855927964
0.007568380380025941,1.8328914457228616
0.07345843465078539,4.190270135067534
0.07846076581513295,0.05
0.07543264228151422,0.05
0.04867389677709122,1.5456478239119562
0.05678522074951775,4.665707853926964
0.03014947645501942,1.3005002501250627
0.05114957352615812,4.517133566783392
0.031186679948993185,3.115582791395698
0.030163567591018153,3.600925462731366
0.05664180974372368,5.0
0.03031848899638276,2.5658579289644825
0.012059437849587823,3.5613056528264133
0.04982099968668097,3.858454227113557
0.014431381099328261,1.8081290645322663
0.06289007504254798,0.05
0.03583695038552759,4.259604802401201
0.045906481448859976,4.366083041520761
0.0428050925197771,3.4672086043021513
0.03240198792716997,4.457703851925963
0.06765781338879193,4.279414707353677
0.03376951647570947,4.910855427713857
0.03650231902592635,3.0437718859429714
0.049353150605949914,5.0
0.014128320423340307,3.3508254127063535
0.02182965182007693,1.1544022011005504
0.07935113567228347,1.7660330165082543
0.0356953548640675,4.418084042021011
0.07144548829119154,0.05
0.06559104400625237,2.637668834417209
0.07292160126308778,2.0532766383191596
0.0886500911998444,0.05
0.02052085588106073,4.819234617308655
0.02305517773978505,5.0
0.03627655157704929,3.3755877938969485
0.05806923006885456,1.9393696848424213
0.061223847855743085,1.077638819409705
0.036125866386503724,1.73631815907954
0.025468865586756873,1.6595547773886945
0.03055958021818317,1.0578289144572288
0.06694371941931693,2.003751875937969
0.09517171263638699,3.0190095047523764
0.03416034657298228,1.362406203101551
0.06707252941018443,1.9443221610805406
0.09249632317170664,3.9971235617808905
0.027506922215019658,1.3401200600300152
0.11138302343004744,4.227413706853427
0.03135161683370474,4.405702851425713
0.02509478448808064,0.8126813406703353
0.06429280200600007,2.092896448224112
0.06839842568705673,0.05
0.02538513046657004,0.5204852426213107
0.032656051761222105,2.0433716858429216
0.018647144086301,3.910455227613807
0.04332121498740918,4.078839419709855
0.010536161783278875,3.3854927463731865
0.008349344067936859,5.0
0.03863026447482995,1.3871685842921462
0.04930353307106175,3.826263131565783
0.03146714931836761,3.8188344172086044
0.11547901458660828,3.3136818409204603
0.11610649514503427,0.5353426713356679
0.03430905238679191,0.6492496248124063
0.057911682215777444,2.811005502751376
0.10178418491003208,1.129639819909955
0.04640867682286953,4.4032266133066535
0.10080943400840015,0.5724862431215608
0.030257279689030775,2.172136068034017
0.021264902029940635,1.605077538769385
0.03971440037240748,3.915407703851926
0.023038095583863327,1.4317408704352177
0.047758999698827354,4.621135567783893
0.05221492241391043,1.3549774887443724
0.08570781126374336,3.066058029014507
0.059194359008526265,4.487418709354677
0.042479153427178395,5.0
0.02754742851517125,4.715232616308154
0.07673327411503272,5.0
0.032458004811387664,3.6256878439219613
0.040116323305949136,3.1923461730865434
0.10086714067612718,0.05
0.03328182400307228,2.204327163581791
0.06029783014093132,1.6001250625312657
0.09334187501234464,1.8031765882941473
0.01762972875275015,1.5406953476738372
0.02428598821037986,4.380940470235117
0.0484554204027757,3.0091045522761384
0.039250239442144674,3.591020510255128
0.04453846302357259,3.8015007503751876
0.01441057795190201,2.1226113056528266
0.021023980352395444,4.977713856928465
0.03510550716490621,4.702851425712857
0.057612350139732815,3.1750125062531267
0.02526452612529234,1.8229864932466235
0.03852038106251504,2.887768884442221
0.0738889348722426,3.1651075537768887
0.01905933175029345,2.4296648324162082
0.04741438543022197,0.8547773886943473
0.03605361162319859,3.749499749874938
0.06844928666208983,3.083391695847924
0.013753383044803835,5.0
0.017361017009024565,5.0
0.04454543067120359,4.529514757378689
0.04201336728527827,5.0
0.06485744176278854,0.05
0.057992554996491086,0.05
0.02005710552408954,3.9599799899949977
0.016347066803177934,1.6026013006503252
0.04533959341980792,3.9872186093046524
0.034879753831564,1.2955477738869436
0.03993255927022679,2.94719859929965
0.034451461331003186,2.6847173586793396
0.02712208495204535,1.1222111055527766
0.07486801484240829,3.26168084042021
0.07216826764557502,1.8947973986993498
0.019761670615515453,2.256328164082041
0.05691729942495333,4.660755377688845
0.03274164277907429,0.18619309654827415
0.1495942164191955,0.7309654827413707
0.03216631839630632,1.283166583291646
0.032694790264950174,3.583591795897949
0.022151448443560484,4.326463231615808
0.06353889151102018,4.9554277138569285
0.03086598796858514,1.436693346673337
0.033819670345512864,5.0
0.041285773396601444,5.0
0.04520470262307791,1.4614557278639322
0.015334661849443543,0.05
0.0631171052568843,2.5708104052026015
0.022978699146009335,0.6863931965982992
0.07388968715211583,2.0953726863431714
0.01734946181821148,1.36735867933967
0.07139558530486956,2.9397698849424714
0.05613743482234443,3.848549274637319
0.05788719916953816,4.061505752876438
0.024433166721510052,1.5530765382691347
0.043288531617685755,1.862606303151576
0.08537056038051014,0.9736368184092047
0.058892046726708336,2.0706103051525764
0.05735877489469535,5.0
0.033059420425862684,0.05
0.05012367359995826,2.4296648324162082
0.06479801992071221,2.6599549774887445
0.06876888150017907,2.087943971985993
0.03209309860438042,4.242271135567784
0.027370086893617473,1.9591795897948976
0.038519742068314405,3.0338669334667334
0.018829711334886284,3.8757878939469737
0.03123239430882971,1.5332666333166585
0.028139180051358875,1.5852676338169087
0.02182602865689859,4.437893946973487
0.03960021628989033,4.928189094547274
0.06780917147410712,1.8328914457228616
0.028024141169189193,5.0
0.01878855059546597,3.236918459229615
0.024083931161451827,1.956703351675838
0.08684794294291032,2.4841420710355178
0.05360111105121032,0.05
0.03896664592696891,2.47176088044022
0.045045308921715654,2.7763381690845423
0.06351917183312317,2.5881440720360183
0.07670882233174334,0.05
0.052989210296011835,3.9030265132566284
0.035321908842766536,1.5134567283641822
0.07822544745237581,2.952151075537769
0.05741310241685471,0.05
0.007970156451470173,3.4548274137068535
0.06321621840958919,4.631040520260131
0.09657020269347213,0.05
0.033643912611241056,1.3005002501250627
0.027374813927662167,1.2286893446723364
0.02840606305501936,3.516733366683342
0.06909995364987906,5.0
0.04308371699320418,1.4267883941970987
0.05239528134968477,2.8605302651325664
0.03946284310591569,1.5852676338169087
0.09916200598074357,3.754452226113057
0.016754863053537544,4.732566283141571
0.022256526029913293,4.078839419709855
0.10139425291452067,0.9983991995998001
0.04707089845812282,4.611230615307654
0.06612979398152402,2.6178589294647323
0.03766732477126761,2.709479739869935
0.014651772733390911,2.719384692346173
0.029243767284803768,1.3599299649824914
0.017698532882298,5.0
0.025175332277467544,5.0
0.02646563469202534,0.05
0.0976312314260892,3.2715857928964485
0.01457998324529608,1.3599299649824914
0.09460980120017298,2.541095547773887
0.026423063027050248,5.0
0.08951196240496478,1.7561280640320163
0.027719805586428947,0.05
0.034378915151186795,3.05120060030015
0.10298725964303496,0.5279139569784893
0.06022169144032319,0.05
0.04884704644965715,3.2072036018009005
0.061195357898304714,2.2464232116058027
0.014597969341377637,2.4742371185592797
0.08685561148476545,0.5353426713356679
0.12821073430754465,0.6789644822411207
0.04336384222892156,2.709479739869935
0.02098684595387576,4.063981990995498
0.08172762703556558,4.593896948474238
0.10254807585234477,0.8844922461230617
0.05063739285032809,1.2484992496248126
0.10665376132170251,1.1048774387193598
0.07443262521977267,2.637668834417209
0.11631922546026635,2.7565282641320663
0.03306718852607729,3.2022511255627815
0.08782684353464065,1.567933966983492
0.0423735270168174,2.5584292146073038
0.0547135666172896,3.5489244622311156
0.010813673114570738,1.6768884442221113
0.03893324123846831,3.2814907453726865
0.03425344863920887,3.2072036018009005
0.03267553231683101,1.793271635817909
0.023153730100803516,4.549324662331165
0.03701814611476137,0.05
0.03668694743155418,3.873311655827914
0.09427731168418099,4.769709854927464
0.02888517504225191,1.7239369684842423
0.021818005553532277,2.7020510255127563
0.01692732668224689,5.0
0.007900012452414285,3.6405452726363183
0.06621493249174684,3.5340670335167585
0.05013654244465929,2.637668834417209
0.11230980555312312,1.8378439219609808
0.02009928483360446,1.0949724862431216
0.04347555510028417,4.1754127063531765
0.023353888517942956,1.8106053026513258
0.09981153201113019,2.4395697848924462
0.020215006905989125,1.8527013506753378
0.022345590402731763,0.6418209104552277
0.11471499384885603,0.05
0.048883810672500416,4.68551775887944
0.043160536486629014,2.8704352176088044
0.03663654787509926,1.5976488244122062
0.047628490426214365,3.415207603801901
0.0449108458820984,3.4523511755877943
0.030782566231754793,1.493646823411706
0.0526764261033629,2.981865932966483
0.0579771444499137,1.8923211605802903
0.03428541622134962,1.9170835417708856
0.1218506023308295,0.5724862431215608
0.08228250854848423,0.7210605302651327
0.031062836411058087,2.9645322661330664
0.022040210639868135,1.3302151075537771
0.00921954710285397,2.6723361680840423
0.04268819368423665,4.021885942971486
0.06570727323424552,4.4032266133066535
0.023825147794737045,2.2588044022011005
0.07840105474597078,0.05
0.04270784179836121,0.05
0.016151654486362438,4.529514757378689
0.016252554703985123,5.0
0.058052712249983096,0.05
0.06411190906377218,2.1795647823911954
0.06744960277085979,4.73751875937969
0.025899746045430827,4.707803901950975
0.02602095588045955,5.0
0.029213671109293737,5.0
0.10980042451687644,0.4734367183591796
0.013225512696317193,2.7490995497748876
0.01869981542988794,1.4020260130065034
0.03420039744470782,2.256328164082041
0.09388925241909263,4.806853426713357
0.04239203641616282,2.281090545272636
0.03638022310453279,4.789519759879941
0.0684220157762086,4.606278139069535
0.08123671405187913,3.593496748374187
0.0513189049077768,1.2385942971485744
0.029560740431788496,0.5477238619309656
0.06194961522471357,0.05
0.03295994669880151,1.2336418209104554
0.03417799620108389,1.909654827413707
0.02730414167819578,5.0
0.024205022072496224,1.1271635817908956
0.022878905089463497,1.0281140570285143
0.013512945937474069,4.071410705352677
0.01822007254382904,1.0603051525762883
0.05642495766161201,3.430065032516258
0.018557188691821824,0.5799149574787394
0.045320086394872894,3.5489244622311156
0.05432807961987984,4.056553276638319
0.06848513691387195,2.0285142571285646
0.09289445355883602,0.8745872936468235
0.06035758089975124,2.018609304652326
0.035549633928644436,2.4544272136068033
0.03959265143181945,1.5902201100550277
0.09856075380224799,0.05
0.03531695993209655,0.9043021510755379
0.04551626312728008,1.0256378189094548
0.0290382726218876,0.05
0.050990848167732,1.530790395197599
0.030979971121439853,2.2637568784392195
0.04732319667192106,1.1865932966483244
0.05278048516652861,1.783366683341671
0.07416850248565479,0.05
0.013143188121140431,3.204727363681841
0.06994003516273004,0.05
0.08790693896661494,1.914607303651826
0.025898273320554,2.9075787893946976
0.01282120658332439,2.9546273136568284
0.05200667657936692,4.0664582291145575
0.0417578637991346,3.4523511755877943
0.06882066760705535,0.05
0.03358774141824336,4.460180090045022
0.06939619577891362,3.345872936468234
0.044770397577132026,3.0214857428714357
0.03338845633597112,3.937693846923462
0.03244954399308933,5.0
0.05971110500978283,0.6467733866933467
0.03867463478395283,5.0
0.02185618938723108,4.645897948974487
0.0680157266625632,3.7247373686843424
0.06144816144368892,0.05
0.018826180420146804,1.2484992496248126
0.034262205660122114,5.0
0.01609240114168617,2.6277638819409703
0.02608094956955695,0.05
0.08304505208788501,1.7709854927463733
0.01615740146152375,3.905502751375688
0.01794553240116789,0.05
0.07783997210261565,3.615782891445723
0.07939997965015852,3.4399699849924965
0.051567689339633044,1.320310155077539
0.026129025410654177,4.668184092046023
0.0444366084270624,1.6347923961980992
0.027327819667846337,1.3277388694347174
0.08428969430484715,2.0433716858429216
0.061155630388960436,1.9294647323661833
0.0193841219343123,2.2909954977488747
0.01471759209096371,5.0
0.10294159644207787,2.620335167583792
0.07935902826963498,0.05
0.11109468322085622,0.05
0.018013935777896894,4.536943471735868
0.08210657486202605,1.6867933966983493
0.07070476685805344,3.643021510755378
0.06961450466668201,4.036743371685843
0.01955099603456667,5.0
0.08569168739702734,2.8555777888944474
0.02589418060428994,5.0
0.026599415142577604,5.0
0.05077086776534709,2.494047023511756
0.04864456263800851,4.321510755377689
0.04319777708733247,3.068534267133567
0.016789327547320432,5.0
0.05745920622926248,5.0
0.028377418793996995,3.120535267633817
0.03474648336445604,2.6649074537268636
0.027234260989138337,5.0
0.03747365101734476,3.222061030515258
0.07637690429774427,4.489894947473737
0.03892205159318021,1.8898449224612308
0.06502211121879523,0.05
0.05746934104778145,1.4267883941970987
0.030906891150682264,4.702851425712857
0.018582902677589302,2.177088544272136
0.01847883318475335,5.0
0.025503133098628505,4.130840420210105
0.0036752713992704855,2.709479739869935
0.027283051657717772,3.335967983991996
0.08649229927567198,0.05
0.031393424250349744,2.3751875937968987
0.03656312116050428,3.3978739369684843
0.029673676186053266,4.824187093546773
0.02639931174951557,5.0
0.017526301683999268,3.2592046023011507
0.08280651850230705,0.05
0.061004111048034576,0.05
0.028835377558386416,5.0
0.013256152315362785,1.2262131065532769
0.01676221174419887,0.05
0.033751179215548405,4.395797898949475
0.03345041417460404,5.0
0.01701167105684792,5.0
0.0547174286418009,2.040895447723862
0.018261820711972077,3.7990245122561284
0.029004255967409742,2.5881440720360183
0.08537649545613046,2.303376688344172
0.060320379081639036,2.035942971485743
0.010442377007059356,0.8250625312656329
0.03173552658720358,5.0
0.040703504052538225,5.0
0.021536353282402304,2.293471735867934
0.03611478275698449,4.252176088044022
0.061010750239530454,4.479989994997499
0.03231264649484922,0.5898199099549776
0.02750163218772983,5.0
0.03184849280121463,3.652926463231616
0.057638834793295346,2.130040020010005
0.11774711856228925,0.05
0.02593288698146351,0.3471485742871436
0.052586482078292474,2.139944972486243
0.02313273108517691,3.4449224612306155
0.03598282344039144,0.05
0.02522022573525684,5.0
0.05613694227443364,2.087943971985993
0.06435460810275545,0.05
0.03867759850108776,3.756928464232116
0.049594718903588075,2.199374687343672
0.06126669871991486,5.0
0.028374098350382154,2.4915707853926965
0.05337419673319263,2.704527263631816
0.03519639013822862,3.7816908454227116
0.008795292506269176,4.8860930465232615
0.05726740875261485,3.8089294647323664
0.03284326153003991,1.3599299649824914
0.07505475820727672,2.8555777888944474
0.1270890621446159,0.7557278639319661
0.06146764350801942,4.522086043021511
0.03536447815118482,5.0
0.05144113179542659,1.6744122061030517
0.02327667986975676,0.05
0.02129107254841467,1.7288894447223613
0.025191173755890556,2.8233866933466736
0.028689561547721426,1.0380190095047526
0.008181515988752969,0.9686843421710857
0.0608490324417095,2.6030015007503753
0.01531714084983829,2.6030015007503753
0.01781118766544479,5.0
0.06389489125899311,1.9344172086043023
0.019128452667274615,4.640945472736369
0.03277278670565209,2.694622311155578
0.07712337527233176,5.0
0.15599213330654974,1.647173586793397
0.016007223899518086,4.695422711355678
0.1002656626326417,0.36200600300150076
0.03075353175046433,3.2121560780390195
0.03902750206407374,0.834967483741871
0.015802177645921622,2.0656578289144574
0.06625188494787948,2.357853926963482
0.07379471300659549,3.130440220110055
0.052047791148128075,2.035942971485743
0.03316137737326058,2.2315657828914457
0.06027901355523449,3.558829414707354
0.027310542795121434,1.7486993496748375
0.030593407924533828,0.8968734367183593
0.0055588539647720425,1.8551775887943973
0.04700685425238474,3.7990245122561284
0.07640067314312143,0.05
0.009927783809828061,0.05
0.025557555564567208,1.283166583291646
0.08102124252174647,3.2592046023011507
0.03595609472663466,1.9492746373186596
0.02805223720588701,4.2942721360680345
0.07526636407889822,3.531590795397699
0.09683561986546602,3.8435967983992
0.03973727398646193,0.6839169584792397
0.05850718219491083,3.47463731865933
0.0405313947405731,2.714432216108054
0.040110676901470604,3.9550275137568787
0.04150280628215436,4.3041770885442725
0.06659332301372872,2.023561780890445
0.020882648136599735,3.7296898449224614
0.10614885003519628,1.5902201100550277
0.0626198287990361,5.0
0.045724893089939794,1.2608804402201101
0.0201448907797262,4.356178089044523
0.014831350703418067,1.283166583291646
0.03584960107084406,1.3277388694347174
0.060356270354620795,1.8527013506753378
0.06744568980241022,0.05
0.026373773055567595,0.05
0.04252290464769928,4.571610805402702
0.025852769612890958,1.3599299649824914
0.053202883127790424,1.6372686343171587
0.022957689173575407,1.5035517758879442
0.01899849711183882,0.05
0.08544492351826849,0.05
0.03166544772237043,1.793271635817909
0.04975009149185605,1.614982491245623
0.07677257494544804,4.717708854427213
0.023238275675965203,1.9864182091045526
0.05726347229628845,3.8237868934467234
0.09634965396668294,0.05
0.01606097170264026,1.1544022011005504
0.05417025542573656,0.05
0.017112697972678087,5.0
0.07001678852613871,4.252176088044022
0.05284376083758224,2.184517258629315
0.02402900880055195,2.172136068034017
0.03512571685663196,1.6818409204602303
0.06086707860283058,2.0805152576288144
0.06882575576956629,0.05
0.038924618077717354,3.7222611305652826
0.057508495594250086,3.672736368184092
0.10963012723595894,4.2447473736868435
0.016247314598877627,5.0
0.030693804640995054,0.7730615307653828
0.06690458301095925,0.05
0.15084220800327497,0.9414457228614308
0.04098272698717506,4.925712856428214
0.015640359109471286,2.9397698849424714
0.057095483748780984,1.7610805402701353
0.0392421646447588,0.9265882941470737
0.01909211076989445,5.0
0.042447829991825003,0.9637318659329666
0.12611330073603005,0.8622061030515259
0.019334618393001463,5.0
0.029414612912846777,2.446998499249625
0.025486161295260046,4.943046523261631
0.04053293574371589,4.554277138569285
0.024232466894948013,2.746623311655828
0.0259341953942476,2.2365182591295647
0.07234987204181972,2.139944972486243
0.017521588844436303,5.0
0.04480253190957392,4.0516008004002
0.09662834070163939,0.05
0.06246185810139085,4.863806903451726
0.0605608032616326,4.908379189594798
0.033894015941146854,2.979389694847424
0.037136782574054505,5.0
0.025535241192194746,3.0190095047523764
0.061263976321026176,1.2435467733866934
0.04951688693622944,5.0
0.031162682677465886,4.274462231115558
0.01958732998020113,1.478789394697349
0.08962137247617571,1.657078539269635
0.03053707783338319,4.9653326663331665
0.0776399504248958,3.7074037018509256
0.04310394031337919,0.4907703851925963
0.025951612183606226,0.05
0.0225184253944829,1.3277388694347174
0.012913192581830185,1.2633566783391696
0.06145649446538387,3.47463731865933
0.03726548372649896,0.919159579789895
0.023677545753370194,2.5163331665832915
0.05059156326463521,0.05
0.08652218597210287,0.05
0.02502550948717286,1.1494497248624314
0.025906801612123692,0.05
0.04896444543420442,0.05
0.030435222695217173,2.7070035017508753
0.05101192514425065,2.5633816908454228
0.01529866215803588,1.3450725362681342
0.02707677103835296,1.2707853926963484
0.0463729487028707,1.4218359179589797
0.06606817992406613,3.4350175087543775
0.01989811969778682,5.0
0.09200651546783037,2.635192596298149
0.05125155285714711,1.0182091045522763
0.041644259487162466,1.4911705852926465
0.05017852402173886,1.129639819909955
0.039181350713268864,1.6248874437218612
0.07451452187822474,4.390845422711356
0.02842329362259277,1.1816408204102054
0.10591136404826124,4.197698849424713
0.04230109708687502,3.848549274637319
0.04729223004802374,1.4193596798399202
0.06250352371782286,2.647573786893447
0.03365042886329289,0.05
0.046195148003897485,3.078439219609805
0.04770789374384535,3.7866433216608306
0.03256883352973111,5.0
0.06832377953146185,2.0384192096048026
0.0669280182325604,3.8089294647323664
0.030521283416831246,3.246823411705853
0.05332559740412182,3.3037768884442222
0.039456071856219826,2.9174837418709356
0.029449260964588497,0.8275387693846925
0.007231151887464732,1.5431715857928967
0.0662844873817143,1.5035517758879442
0.00992014839234201,3.52663831915958
0.06772584153335756,4.445322661330666
0.038907927414909116,4.997523761880941
0.048243981985444356,2.6228114057028513
0.030501124243201394,4.356178089044523
0.017472265089322148,0.5576288144072037
0.04187777221097094,1.4119309654827414
0.04447652696695359,3.172536268134067
0.054936333652970765,2.0656578289144574
0.1090415176520732,0.9315407703851927
0.05607039614035589,5.0
0.06252941012262725,1.1073536768384193
0.0548882144405306,4.725137568784392
0.054153284150703085,1.830415207603802
0.12561365856333148,0.8498249124562283
0.058612662364532886,2.100325162581291
0.023653473120521296,1.394597298649325
0.018205803013164157,1.6744122061030517
0.06349955818271683,1.6298399199599802
0.09159595932669629,0.05
0.05312528409823658,2.882816408204102
0.05462175147078155,3.3780640320160082
0.019875729422695554,4.059029514757379
0.07507887368013286,4.744947473736869
0.029126727147798764,1.1865932966483244
0.058739712362623264,3.8089294647323664
0.044685812088647414,2.182041020510255
0.06685657365119174,0.05
0.028601670518281747,1.3079289644822414
0.03510334686651301,5.0
0.06587804293632646,1.9666083041520763
0.017896785086558092,3.593496748374187
0.047958642796886164,1.1643071535767886
0.014396485205100784,4.616183091545773
0.0683508434832221,0.3124812406203102
0.06438654008390704,1.567933966983492
0.11200780400029414,2.045847923961981
0.007761188160979704,1.5530765382691347
0.0502894500636594,3.4622561280640323
0.022787559060377216,2.7490995497748876
0.055610677067741254,0.05
0.07124986523688742,0.05
0.022759618627957612,1.4911705852926465
0.08436355507190108,2.1473736868434217
0.03863945702399793,3.390445222611306
0.056950919000471945,3.4399699849924965
0.026961349269259777,2.199374687343672
0.028298158937573648,4.695422711355678
0.02831719883032327,2.3900450225112557
0.018689110721932606,4.041695847923962
0.02636446594184272,5.0
0.05413696581082039,1.657078539269635
0.07205264427642338,0.05
0.02086611083274323,2.2538519259629815
0.0418628390459575,1.4639319659829917
0.02749341023160326,3.764357178589295
0.05996794591129473,5.0
0.09785733434738533,4.824187093546773
0.053569390372159326,5.0
0.04154600261241312,2.293471735867934
0.07871375178563478,4.385892946473237
0.06719892451757836,0.05
0.0723144174218609,1.862606303151576
0.09658126071980605,2.1523261630815407
0.08385834786649973,1.8279389694847425
0.04435048969288116,5.0
0.06803924164763492,1.7437468734367185
0.036811448065398544,0.05
0.023814991869897773,1.8502251125562783
0.08630966051704253,3.7296898449224614
0.024093587786096493,2.1523261630815407
0.02617631405917506,1.8527013506753378
0.02075463169217681,0.9389694847423713
0.027599079985383024,5.0
0.07472407275838436,1.7066033016508255
0.029112470554780695,3.3334917458729367
0.05851875816997698,1.2732616308154079
0.03139178537963769,4.227413706853427
0.035883932069603774,4.960380190095048
0.11096266258315579,1.9666083041520763
0.06183738560221108,5.0
0.06476057730043228,1.9789894947473738
0.05070083534384848,0.7854427213606805
0.03186916304213308,3.4771135567783893
0.0307814836193967,1.9245122561280643
0.07243146587323218,4.098649324662332
0.025635263454129503,1.2138319159579791
0.02967318032009522,1.5481240620310157
0.021809592632805075,3.3483491745872938
0.02146615679672717,0.05
0.02897614685475272,2.8456728364182093
0.0798076647326289,0.05
0.05610274921155886,4.009504752376189
0.05459421438274614,4.269509754877439
0.052953872512618516,0.05
0.05178909557572145,2.8481490745372686
0.025296696101919175,2.196898449224612
0.06955036116832672,1.783366683341671
0.04608427845438004,1.7016508254127065
0.08693476534911895,0.05
0.006265026406656243,3.3013006503251625
0.035365010505333805,3.643021510755378
0.037266116508384434,1.2187843921960981
