k,n_eff,delta_chi2,amp,phase
6.0,4.564707328107824,1.3583036419594237,0.6135727753983612,-0.03599187281495565
6.02,4.579923019201517,1.3972342353912381,0.6233206390397988,0.03515447398959695
6.04,4.59513871029521,1.4480844264288635,0.6356947882650508,0.1032745393482428
6.06,4.610354401388903,1.5102711652215817,0.6504787785316279,0.16797037677324422
6.08,4.6255700924825955,1.58315564869838,0.6674413824641335,0.22898431118733628
6.1,4.640785783576288,1.6660503877052975,0.6863473067631398,0.28618496444648106
6.12,4.656001474669981,1.7582261330627489,0.7069658155630704,0.33954683522994705
6.14,4.671217165763673,1.8589186022387025,0.7290770789867259,0.3891275769597596
6.16,4.686432856857366,1.9673349593451803,0.7524763936883121,0.4350460351947586
6.18,4.701648547951058,2.082660010657719,0.7769766071378136,0.4774628972469289
6.2,4.716864239044752,2.20406208592874,0.8024091435059894,0.5165647826272831
6.22,4.732079930138445,2.3306985826125697,0.8286240158282367,0.5525518824880656
6.24,4.747295621232137,2.4617211559998395,0.8554891539368018,0.5856288310483089
6.26,4.76251131232583,2.5962805434631377,0.8828893077937198,0.6159982951405656
6.28,4.777727003419523,2.73353101581921,0.9107247178820895,0.6438567215597846
6.3,4.792942694513216,2.8726344534478585,0.9389096862758894,0.6693917203593225
6.32,4.808158385606908,3.0127640494459342,0.9673711364390697,0.692780639476234
6.34,4.823374076700601,3.153107646826811,0.9960472161931987,0.7141899736219206
6.36,4.838589767794295,3.292870721610427,1.0248859747837198,0.7337753329313951
6.38,4.853805458887987,3.431279028512222,1.053844129356283,0.7516817676536892
6.4,4.86902114998168,3.567580930712097,1.0828859263600303,0.7680443023825709
6.42,4.884236841075372,3.7010494396585045,1.1119820976999701,0.7829885777145077
6.44,4.899452532169065,3.8309839948575473,1.1411089085243973,0.7966315306055888
6.46,4.914668223262757,3.9567120168849783,1.1702472923601126,0.8090820691743609
6.48,4.92988391435645,4.077590269247025,1.199382069188984,0.8204417152289614
6.5,4.945099605450143,4.193006066050884,1.2285012425068333,0.8308052000603142
6.52,4.960315296543835,4.302378362609886,1.2575953720994872,0.8402610073915933
6.54,4.975530987637528,4.405158765046281,1.2866570200120078,0.8488918628615661
6.5600000000000005,4.990746678731222,4.500832492665836,1.3156802678629114,0.8567751728488964
6.58,5.005962369824914,4.588919323423227,1.3446603042120977,0.8639834174172051
6.6,5.021178060918606,4.668974548279948,1.3735930811149692,0.8705845031227564
6.62,5.0363937520123,4.740589954825168,1.402475039296648,0.8766420817055414
6.64,5.051609443105992,4.803394854374403,1.4313029015835763,0.882215840519822
6.66,5.066825134199685,4.857057160076749,1.4600735343670612,0.8873617701251286
6.68,5.082040825293378,4.901284516577562,1.4887838769774493,0.8921324138779817
6.7,5.09725651638707,4.935825474717433,1.5174309389522482,0.8965771037265745
6.72,5.112472207480764,4.960470697827759,1.546011865317229,0.9007421857764737
6.74,5.1276878985744565,4.975054179621793,1.5745240701962289,0.9046712386066322
6.76,5.1429035896681485,4.979454447677199,1.602965439351832,0.9084052867977627
6.78,5.158119280761842,4.973595721256743,1.6313346026657403,0.9119830117053502
6.8,5.173334971855534,4.957448987872738,1.6596312781279363,0.9154409611749516
6.82,5.188550662949227,4.931032959725712,1.6878566896588392,0.9188137596606918
6.84,5.20376635404292,4.894414869045079,1.7160140620888245,0.9221343200682339
6.86,5.218982045136613,4.847711060526876,1.7441091979306578,0.9254340585987874
6.88,5.234197736230305,4.791087339559624,1.7721511422876115,0.928743113918114
6.9,5.249413427323999,4.724759036771275,1.8001529444562219,0.9320905721121983
6.92,5.264629118417691,4.648990752613713,1.828132527655468,0.9355046991192905
6.94,5.279844809511384,4.564095750166359,1.8561136820411777,0.9390131826491444
6.96,5.295060500605076,4.470434969999246,1.8841272010074317,0.9426433860207724
6.98,5.31027619169877,4.3684156476497265,1.9122121870888646,0.9464226168813527
7.0,5.325491882792462,4.258489521871184,1.9404175620356703,0.9503784144278574
7.02,5.340707573886154,4.141150630091886,1.968803826490489,0.9545388595640584
7.04,5.355923264979847,4.016932696243657,1.9974451290547783,0.9589329134223583
7.0600000000000005,5.3711389560735405,3.8864061250297937,2.0264317236535536,0.9635907909075816
7.08,5.386354647167233,3.7501746255159674,2.055872919774959,0.9685443774388228
7.1,5.401570338260925,3.6088714953809813,2.085900664928845,0.9738276989549504
7.12,5.416786029354618,3.463155604980841,2.1166739462408306,0.9794774576145617
7.140000000000001,5.432001720448311,3.31370712731632,2.148384263919123,0.9855336486001717
7.16,5.447217411542003,3.1612230658214457,2.1812625215188177,0.9920402772119715
7.18,5.462433102635697,3.0064126364358117,2.2155878087701306,0.99904620025056
7.2,5.477648793729389,2.849992563546266,2.2516987411390423,1.0066061218620048
7.22,5.492864484823082,2.6926823510006557,2.2900082958556363,1.0147817819807807
7.24,5.508080175916774,2.5351995894841934,2.3310234941271135,1.023643385828268
7.26,5.523295867010468,2.3782553601281506,2.3753719006563294,1.033271336371019
7.28,5.538511558104161,2.222549791381198,2.423837872819513,1.043758349235181
7.3,5.553727249197853,2.0687678220345447,2.477413012517482,1.0552120526710689
7.32,5.568942940291547,1.9175752180324253,2.537367740010241,1.0677582055616988
7.34,5.584158631385239,1.7696148845121797,2.605355021746507,1.081544706511085
7.36,5.599374322478932,1.6255035076361537,2.6835643601982744,1.0967466196983335
7.38,5.614590013572624,1.4858285534289735,2.774956767770645,1.1135725120205646
7.4,5.6298057046663175,1.3511456432551086,2.8836348660454583,1.1322724849660233
7.42,5.6450213957600095,1.2219763180028167,3.0154478272362644,1.153148396893014
7.4399999999999995,5.6602370868537015,1.0988061956697948,3.179024605672564,1.1765669069720495
7.46,5.675452777947395,0.9820835200864622,3.3876347929415136,1.2029761218157438
7.48,5.690668469041088,0.8722180921013774,3.6627663357976523,1.2329267580331131
7.5,5.70588416013478,0.7695805688270525,4.041597197873869,1.267098765416223
7.52,5.721099851228472,0.6745021115908116,4.594386465240429,1.3063340913152033
7.54,5.736315542322166,0.5872743591098128,5.471479224924456,1.3516752797113463
7.5600000000000005,5.751531233415859,0.508149699142848,7.061970066836901,1.4044070029003723
7.58,5.766746924509551,0.43734180944824175,10.775905170200799,1.4660917059597927
7.6,5.781962615603243,0.3750264372855554,28.732341572299116,1.538578348352209
7.62,5.797178306696937,0.3213423858613851,29.445783153266465,-1.517651848578144
7.640000000000001,5.81239399779063,0.276392675995794,8.716030918815697,-1.4173242768325736
7.66,5.827609688884322,0.24024585177642166,4.814520963653877,-1.3003938201051923
7.68,5.842825379978016,0.21293739998645833,3.2153206384097177,-1.1664819396183175
7.7,5.858041071071708,0.19447125455832293,2.3824610515043227,-1.0175037579963413
7.72,5.873256762165401,0.18482135911898467,1.9013079974468032,-0.8583964243515734
7.74,5.8884724532590935,0.1839332627590693,1.611095223385121,-0.6967083093012175
7.76,5.903688144352786,0.19172572641156194,1.4343721738644497,-0.5407442495815565
7.78,5.9189038354464785,0.2080923195746891,1.328034447509028,-0.39722779922099916
7.8,5.934119526540172,0.2329029894923451,1.2659780004427708,-0.26994157732252577
7.82,5.949335217633865,0.2660055872697171,1.2317985336019985,-0.15982869481401088
7.84,5.964550908727557,0.307227337682491,1.215086325137117,-0.06592683549149239
7.86,5.979766599821251,0.3563762416096097,1.2092379934435566,0.013645400739498558
7.88,5.994982290914943,0.41324240205455,1.2100713051235583,0.08101000675838783
7.9,6.010197982008636,0.47759926658477525,1.2149379439223673,0.1381719159102939
7.92,6.025413673102328,0.5492047807140921,1.2221596279672395,0.1868760694654022
7.9399999999999995,6.04062936419602,0.6278024482699038,1.2306726202499079,0.22857904088876776
7.96,6.055845055289714,0.7131222961227763,1.2398042762909225,0.26447143012957264
7.98,6.071060746383407,0.8048817418305703,1.24913228002924,0.2955173577082001
8.0,6.086276437477099,0.9027863637642781,1.2583954489936986,0.3224955569260862
8.02,6.101492128570792,1.0065305741693464,1.2674367618909494,0.34603599045570227
8.04,6.116707819664484,1.1157981963855264,1.276166639871068,0.3666503274992266
8.06,6.1319235107581775,1.2302629481433769,1.2845390650389066,0.38475646849255185
8.08,6.1471392018518705,1.349588833482244,1.2925359134622363,0.4006979498564495
8.1,6.1623548929455625,1.473430446457769,1.300156596812293,0.4147591814899031
8.120000000000001,6.177570584039256,1.6014331904192431,1.3074111679606883,0.42717738572331726
8.14,6.192786275132949,1.7332334173152049,1.314315707254749,0.4381519615801964
8.16,6.208001966226641,1.8684584922244767,1.3208892224818285,0.4478518515921297
8.18,6.223217657320333,2.0067267891656115,1.3271515603276893,0.45642136111657833
8.2,6.238433348414026,2.1476476252304337,1.333121997399927,0.46398477681589095
8.22,6.25364903950772,2.290821141237018,1.3388182895598117,0.47065004999180865
8.24,6.268864730601412,2.435838138432075,1.3442560310113527,0.47651174816822756
8.26,6.284080421695105,2.5822798822970867,1.3494482228570541,0.481653430835632
8.280000000000001,6.299296112788799,2.729717886230503,1.354404983188589,0.4861495692494935
8.3,6.314511803882491,2.8777136897875835,1.3591333526907263,0.49006710288463984
8.32,6.329727494976183,3.0258186482384417,1.3636371647141974,0.49346670446024077
8.34,6.344943186069876,3.1735737524204524,1.3679169591064788,0.496403809740969
8.36,6.360158877163569,3.32050950017873,1.3719699262826062,0.498929456361948
8.379999999999999,6.375374568257261,3.4661458430394987,1.3757898730671656,0.5010909667955131
8.4,6.3905902593509545,3.6099922340790727,1.379367205408644,0.5029325035847187
8.42,6.405805950444647,3.751547805151688,1.3826889256059791,0.5044955195914761
8.44,6.421021641538339,3.8903017036099072,1.3857386434969226,0.5058191218541143
8.46,6.436237332632032,4.025733620298865,1.388496602344847,0.506940364423935
8.48,6.451453023725726,4.157314541777907,1.390939721065735,0.5078944830280164
8.5,6.466668714819418,4.284507760315591,1.3930416550571547,0.5087150824152927
8.52,6.48188440591311,4.406770175048678,1.3947728782917923,0.5094342856548665
8.54,6.497100097006802,4.523553916672768,1.3961007895657416,0.51008285337076
8.56,6.512315788100497,4.634308325982261,1.3969898458763044,0.5106902798415097
8.58,6.527531479194189,4.7384823133803025,1.3974017258663496,0.5112848720104082
8.6,6.542747170287881,4.835527122003612,1.3972955261249622,0.5118938167019126
8.620000000000001,6.557962861381576,4.924899511263902,1.39662799288503,0.5125432406926111
8.64,6.573178552475268,5.0060653703165485,1.3953537913112668,0.5132582677209673
8.66,6.58839424356896,5.078503762204946,1.3934258141284679,0.5140630760258944
8.68,6.603609934662652,5.141711389205682,1.3907955307998348,0.5149809595724876
8.7,6.618825625756346,5.195207458293169,1.3874133778286828,0.5160343957505475
8.72,6.6340413168500385,5.238538912788499,1.3832291900255096,0.5172451220173361
8.74,6.6492570079437305,5.2712859823831195,1.3781926717591735,0.5186342237020352
8.76,6.664472699037424,5.293067989116366,1.3722539063030865,0.5202222349985057
8.780000000000001,6.679688390131117,5.303549331940928,1.3653639004065448,0.5220292550491974
8.8,6.694904081224809,5.302445557681324,1.3574751601849542,0.5240750809707404
8.82,6.710119772318501,5.28952941204534,1.3485422933549192,0.5263793596957107
8.84,6.725335463412195,5.264636751483806,1.3385226317719945,0.5289617606104104
8.86,6.740551154505887,5.227672185788379,1.3273768671984905,0.5318421711607578
8.879999999999999,6.755766845599579,5.1786143130439655,1.315069692281092,0.5350409178835612
8.9,6.770982536693274,5.117520403594995,1.3015704379032265,0.5385790157057392
8.92,6.786198227786966,5.044530388654266,1.2868536974494411,0.5424784488471857
8.94,6.801413918880658,4.959870012625856,1.270899928134145,0.5467624872736592
8.96,6.816629609974351,4.86385301650887,1.253696019459405,0.551456043385244
8.98,6.831845301068045,4.756882233117835,1.2352358191262147,0.5565860745061961
9.0,6.847060992161737,4.639449493296581,1.2155206073739124,0.5621820377775542
9.02,6.862276683255429,4.51213426556194,1.1945595117953733,0.5682764052594698
9.04,6.877492374349121,4.3756009791875385,1.1723698561914486,0.5749052484400258
9.06,6.8927080654428154,4.2305950118657165,1.1489774389919332,0.5821089029320263
9.08,6.9079237565365075,4.077937356750908,1.1244167391726023,0.5899327259218075
9.1,6.9231394476301995,3.9185180186985917,1.0987310504140395,0.5984279609017477
9.120000000000001,6.938355138723894,3.7532882245110386,1.0719725474408641,0.6076527263301947
9.14,6.953570829817586,3.5832515655570205,1.0442022920013925,0.6176731470306338
9.16,6.968786520911278,3.409454221829037,1.0154901897421196,0.6285646491984554
9.18,6.98400221200497,3.232974442993907,0.985914913237321,0.6404134415330556
9.2,6.999217903098664,3.054911483120918,0.955563810584188,0.6533182057557739
9.22,7.014433594192357,2.8763742005958193,0.924532823190695,0.6673920187904349
9.24,7.029649285286049,2.698469542633404,0.892926440565485,0.6827645248573583
9.26,7.044864976379742,2.5222911344712315,0.8608577239137152,0.6995843665897851
9.280000000000001,7.060080667473436,2.348908186831011,0.8284484338972397,0.7180218668107973
9.3,7.075296358567128,2.1793549219501074,0.7958293005914635,0.7382719219203245
9.32,7.090512049660821,2.0146206991225313,0.7631404746999852,0.7605570166552637
9.34,7.105727740754514,1.8556409961977351,0.7305321971641622,0.7851301877575823
9.36,7.120943431848206,1.7032893750224503,0.6981657172532855,0.8122776361438289
9.379999999999999,7.136159122941898,1.5583705276469573,0.6662144735500466,0.8423204943222987
9.4,7.1513748140355915,1.4216144675755231,0.6348655225768749,0.8756149755242907
9.42,7.166590505129284,1.293671897717445,0.6043211483151627,0.9125497424839217
9.44,7.1818061962229764,1.1751107552072426,0.5748005020793914,0.9535388309519897
9.46,7.19702188731667,1.0664139039812994,0.5465409940191641,0.9990078820591572
9.48,7.212237578410363,0.9679779198351071,0.5197989750805135,1.0493709063586927
9.5,7.227453269504055,0.8801128903467657,0.49484901332153,1.1049946129739598
9.52,7.242668960597747,0.8030431340421842,0.4719808120948498,1.166148020275709
9.54,7.25788465169144,0.7369087298100112,0.4514926258885376,1.2329373850446537
9.56,7.273100342785134,0.6817677389556138,0.43368006668959896,1.305231198939072
9.58,7.288316033878826,0.637598998366002,0.4188196901723295,1.3825871587810656
9.6,7.303531724972519,0.6043053638362608,0.4071479063234293,1.4642008763421583
9.620000000000001,7.318747416066213,0.581717287353058,0.3988375297678815,1.5489003509842856
9.64,7.333963107159905,0.569596620609957,0.39397614861997526,1.6352052153077394
9.66,7.349178798253598,0.5676405487255352,0.39255145410259584,1.721452661098745
9.68,7.36439448934729,0.5754855724765093,0.39444778462494623,1.8059677420323967
9.7,7.379610180440983,0.5927114737070269,0.3994553131751867,1.8872370094177788
9.72,7.394825871534676,0.6188452162830345,0.4072897051302664,1.9640429461903723
9.74,7.410041562628368,0.6533647533440217,0.41761743369316967,2.035533415069091
9.76,7.4252572537220605,0.6957027299814627,0.43008135431163214,2.101224640374074
9.780000000000001,7.440472944815755,0.7452500881648803,0.4443224167243707,2.1609549463144804
9.8,7.455688635909447,0.8013595970965639,0.4599954855367062,2.214813250844815
9.82,7.470904327003139,0.8633493465774222,0.4767791109772833,2.263063084906815
9.84,7.486120018096832,0.9305062528559915,0.4943802338641962,2.306075250771561
9.86,7.501335709190524,1.0020896353158832,0.5125352267840246,2.3442748024636315
9.879999999999999,7.516551400284217,1.0773349278220508,0.5310086138259467,2.3781029289186555
9.9,7.53176709137791,1.1554575903033424,0.5495905344408925,2.4079916850072993
9.92,7.546982782471603,1.2356572839958062,0.5680936988772902,2.434348640973772
9.94,7.562198473565296,1.317122367666343,0.5863503090829184,2.4575486195656877
9.96,7.577414164658989,1.3990347621446517,0.6042092157435632,2.47793019301047
9.98,7.592629855752682,1.4805752168482513,0.6215334449811376,2.4957951955153894
10.0,7.607845546846375,1.5609289950510856,0.6381981423759593,2.511410024019691
10.02,7.623061237940067,1.6392919749290513,0.6540889318972634,2.525007904480791
10.04,7.638276929033759,1.7148771415770057,0.6691006604383806,2.5367915950547313
10.06,7.653492620127453,1.786921421975137,0.6831364859409637,2.5469362008889758
10.08,7.668708311221145,1.8546927911892794,0.6961072625730655,2.5555919106385727
10.1,7.683924002314837,1.9174975548587554,0.7079311763467159,2.5628865520815682
10.120000000000001,7.699139693408532,1.9746876912765288,0.718533586681455,2.5689279186909073
10.14,7.714355384502224,2.02566811712461,0.7278470324708611,2.573805851818024
10.16,7.729571075595916,2.069903725195047,0.7358113645166868,2.5775940819520073
10.18,7.744786766689608,2.106926031143871,0.7423739694419874,2.5803518425122296
10.2,7.7600024577833,2.136339260297632,0.747490053265203,2.582125274211352
10.219999999999999,7.775218148876994,2.1578257054209757,0.7511229557047483,2.5829486393781265
10.24,7.790433839970687,2.1711501925789776,0.7532444690347005,2.5828453651350824
10.26,7.805649531064379,2.176163504978888,0.7538351379922708,2.581828932835453
10.280000000000001,7.820865222158074,2.1728046338400873,0.7528845199127697,2.579903629182065
10.3,7.836080913251766,2.1611017505048267,0.7503913869927042,2.5770651722656996
10.32,7.851296604345458,2.141171824456478,0.7463638553947283,2.573301223517207
10.34,7.86651229543915,2.113218846645225,0.740819428828596,2.5685917943245324
10.36,7.881727986532844,2.0775306552864095,0.7337849472705059,2.562909553823104
10.379999999999999,7.896943677626536,2.0344744006368956,0.7252964346027462,2.5562200420884755
10.4,7.9121593687202285,1.9844907245982313,0.7153988421365258,2.5484817905797934
10.42,7.927375059813922,1.9280867687181171,0.7041456881846494,2.5396463491163526
10.440000000000001,7.942590750907615,1.8658281586765497,0.6915985970353624,2.529658215813554
10.46,7.957806442001307,1.7983301432022358,0.6778267438047904,2.5184546631372036
10.48,7.973022133094999,1.7262480893180054,0.6629062146815619,2.5059654494163994
10.5,7.988237824188693,1.6502675528744248,0.6469192950059194,2.4921124006292343
10.52,8.003453515282384,1.571094152854016,0.6299537004472406,2.4768088418717706
10.54,8.018669206376078,1.4894434796008795,0.6121017692805582,2.4599588514670674
10.56,8.033884897469772,1.4060312609902326,0.5934596364598199,2.441456303010149
10.58,8.049100588563464,1.3215639970064785,0.5741264129133516,2.421183651674459
10.600000000000001,8.064316279657158,1.2367302529212907,0.5542033963377018,2.3990104108454124
10.620000000000001,8.07953197075085,1.1521927752221472,0.5337933428521374,2.374791253860604
10.64,8.094747661844542,1.0685815637881433,0.5129998323224373,2.3483636640366545
10.66,8.109963352938236,0.9864879998336278,0.4919267640947123,2.31954504576602
10.68,8.125179044031928,0.9064600932072722,0.4706780244009054,2.2881292031824296
10.7,8.14039473512562,0.8289988761191012,0.4493573718447991,2.253882096006182
10.719999999999999,8.155610426219312,0.7545559346003756,0.4280685930404773,2.2165368039521622
10.74,8.170826117313005,0.6835320352166718,0.40691598624133635,2.175787687307991
10.76,8.186041808406697,0.6162767738707657,0.38600523566429396,2.131283848222102
10.780000000000001,8.201257499500393,0.5530891468854975,0.3654447410722968,2.0826222172693267
10.8,8.216473190594085,0.4942189227383551,0.3453474619212905,2.0293409787769967
10.82,8.231688881687777,0.43986867639358707,0.325833315438519,1.97091470228719
10.84,8.24690457278147,0.39019633753747485,0.3070321201841329,1.9067535924785146
10.86,8.262120263875161,0.3453180993386695,0.2890869794579097,1.8362108364897132
10.879999999999999,8.277335954968855,0.30531153561776136,0.2721578207003705,1.7586041613576706
10.9,8.292551646062547,0.27021878129068,0.25642450916072496,1.6732601526217636
10.92,8.30776733715624,0.2400496432503587,0.24208850865530226,1.5795916214069392
10.940000000000001,8.322983028249935,0.2147845258974712,0.22937150044296273,1.4772169721596977
10.96,8.338198719343627,0.19437707656561543,0.21850887555558648,1.3661220642037453
10.98,8.353414410437319,0.178756480257789,0.2097360268841049,1.2468451456552305
11.0,8.368630101531012,0.16782935940943844,0.2032665613427242,1.1206346599778418
11.02,8.383845792624705,0.16148126176108235,0.1992644214385973,0.9895019630323328
11.04,8.399061483718397,0.15957774674257053,0.1978158564920135,0.8560952676088149
11.06,8.41427717481209,0.16196510691833055,0.198909922903687,0.7233810049378853
11.08,8.429492865905782,0.16847078493685785,0.202434891054841,0.594214873061974
11.100000000000001,8.444708556999476,0.17890356704810984,0.2081921587411542,0.470949516804377
11.120000000000001,8.459924248093168,0.19305365071897995,0.2159224069514605,0.3552037579219793
11.14,8.475139939186862,0.2106926954387518,0.22533521887635435,0.24782902571957696
11.16,8.490355630280554,0.23157397191272366,0.2361346199458021,0.14902358851284606
11.18,8.505571321374246,0.2554327251571067,0.24803684847897628,0.05851275765181759
11.2,8.520787012467938,0.2819868614103598,0.2607802524659074,-0.02427172847875975
11.219999999999999,8.536002703561632,0.31093805740130165,0.27412913873992434,-0.10004789416487772
11.24,8.551218394655324,0.34197337373404935,0.28787381792562233,-0.16958370358671648
11.26,8.566434085749016,0.3747674325506978,0.3018287006817423,-0.2336355663038655
11.280000000000001,8.581649776842712,0.4089851940544804,0.3158296952793952,-0.2929150183868914
11.3,8.596865467936404,0.44428533790664915,0.3297316276052575,-0.3480739432512761
11.32,8.612081159030096,0.48032422511482764,0.34340603501178885,-0.3997009492706186
11.34,8.627296850123788,0.5167603850912883,0.3567394600614511,-0.44832386828006354
11.36,8.642512541217481,0.5532594424046806,0.36963224720714594,-0.49441519745058354
11.379999999999999,8.657728232311173,0.5894993697309019,0.3819977860755781,-0.5383986007231375
11.4,8.672943923404866,0.62517592894676,0.39376212162251617,-0.5806554188213477
11.42,8.68815961449856,0.6600081423763413,0.40486384663450975,-0.621530643263874
11.440000000000001,8.703375305592253,0.6937436219741357,0.41525419580164513,-0.661338102515002
11.46,8.718590996685945,0.7261635764999141,0.4248972674259908,-0.7003647683732271
11.48,8.733806687779637,0.7570873161097893,0.43377030599751437,-0.7388741716089341
11.5,8.749022378873331,0.7863760805011566,0.4418639850985266,-0.7771089518248017
11.52,8.764238069967023,0.813936030787545,0.44918263493552335,-0.8152925787243073
11.54,8.779453761060715,0.8397202662528116,0.4557443622336183,-0.8536302836046562
11.56,8.794669452154409,0.8637297543758109,0.4615810125230335,-0.8923092393407512
11.58,8.809885143248101,0.8860130950448024,0.4667379264633842,-0.9314980300424444
11.600000000000001,8.825100834341795,0.906665076481886,0.47127344345223626,-0.9713454619678855
11.620000000000001,8.840316525435487,0.9258240196587053,0.475258108225846,-1.011978788025143
11.64,8.85553221652918,0.9436679483754915,0.478773540574871,-1.0535014509556384
11.66,8.870747907622873,0.960409662100858,0.4819109359352674,-1.0959904950723622
11.68,8.885963598716565,0.9762908265727219,0.48476917679929926,-1.1394938508367176
11.7,8.901179289810257,0.9915752315505983,0.48745255277567434,-1.1840277550147058
11.719999999999999,8.916394980903949,1.0065413946825856,0.4900681113456655,-1.2295746223605466
11.74,8.931610671997642,1.0214747140714735,0.4927226915982556,-1.2760817199763508
11.76,8.946826363091336,1.0366593889446563,0.49551972779048564,-1.3234609979878387
11.780000000000001,8.96204205418503,1.0523703372493856,0.49855594513576973,-1.3715903863581924
11.8,8.977257745278722,1.0688653406994035,0.5019181018836658,-1.420316769362058
11.82,8.992473436372414,1.0863776417820645,0.5056799536740002,-1.4694606982827447
11.84,9.007689127466106,1.1051092037370154,0.5098996226608917,-1.5188227141606838
11.86,9.022904818559798,1.1252248240574545,0.5146175410026418,-1.5681909535300205
11.879999999999999,9.038120509653492,1.1468472653729123,0.5198551050573547,-1.6173495365792785
11.9,9.053336200747186,1.1700535355879538,0.5256141259206937,-1.6660871238968225
11.92,9.068551891840878,1.1948724129637185,0.531877100327036,-1.7142049991553119
11.940000000000001,9.083767582934572,1.221283272665005,0.5386082622563109,-1.7615240969585784
11.96,9.098983274028264,1.2492162304726548,0.5457553189719793,-1.8078905338155296
11.98,9.114198965121956,1.2785535782359148,0.5532517329752723,-1.8531793863417578
12.0,9.129414656215648,1.3091324455963331,0.5610193875404749,-1.897296657990345
12.02,9.144630347309342,1.3407485849096474,0.5689714684302519,-1.940179550506306
12.04,9.159846038403034,1.3731611423928598,0.5770154052760486,-1.9817952858305994
12.06,9.175061729496727,1.4060982495197436,0.5850557382213988,-2.0221387986549573
12.08,9.19027742059042,1.4392632455803778,0.5929968034904499,-2.06122964172709
12.100000000000001,9.205493111684113,1.4723413259368954,0.6007451608529656,-2.0991084260977164
12.120000000000001,9.220708802777805,1.5050064014479858,0.6082117130289313,-2.1358330711999414
12.14,9.235924493871499,1.5369279531127518,0.615313489846529,-2.171475079110088
12.16,9.251140184965191,1.567777672267141,0.6219750876388717,-2.2061159850021097
12.18,9.266355876058883,1.5972356903991454,0.6281297670783274,-2.239844079454733
12.2,9.281571567152575,1.6249962232983535,0.633720221114882,-2.2727514521481846
12.219999999999999,9.296787258246267,1.650772481020283,0.6386990298784293,-2.3049313720418523
12.24,9.312002949339963,1.674300726960496,0.6430288223264178,-2.3364759959105426
12.26,9.327218640433655,1.6953434049449925,0.6466821659670992,-2.367474383625307
12.280000000000001,9.342434331527349,1.71369129123741,0.649641206893995,-2.3980107928433476
12.3,9.35765002262104,1.7291646672243814,0.6518970831720342,-2.4281632258240182
12.32,9.372865713714733,1.7416135467384493,0.6534491356852173,-2.4580022050893224
12.34,9.388081404808425,1.750917027994774,0.6543039420969586,-2.4875897610202613
12.36,9.403297095902117,1.756981872544884,0.6544742016568267,-2.5169786219020622
12.379999999999999,9.41851278699581,1.7597404412268816,0.6539775011613231,-2.5462116042964325
12.4,9.433728478089504,1.7591481387510157,0.6528349952854016,-2.5753212080063177
12.42,9.448944169183196,1.7551805334859978,0.6510700374972892,-2.604329424547617
12.440000000000001,9.46415986027689,1.7478303266532293,0.648706800526008,-2.633247770356149
12.46,9.479375551370582,1.73710434524304,0.6457689274880587,-2.6620775555301126
12.48,9.494591242464274,1.7230207255731784,0.6422782558916642,-2.6908103955664053
12.5,9.509806933557966,1.7056064398676085,0.638253656434775,-2.7194289674004875
12.52,9.52502262465166,1.68489529717192,0.6337100264715708,-2.747908002526372
12.54,9.540238315745352,1.6609265232362418,0.6286574740318178,-2.776215499790125
12.56,9.555454006839046,1.6337439928204844,0.6231007222878251,-2.804314129621976
12.58,9.57066969793274,1.6033961535364938,0.6170387565166049,-2.832162791177096
12.600000000000001,9.585885389026432,1.5699366443050167,0.6104647262408761,-2.859718275308632
12.620000000000001,9.601101080120124,1.5334255753235766,0.6033661048736493,-2.886936980590024
12.64,9.616316771213816,1.493931401694283,0.5957250984923769,-2.9137766275494426
12.66,9.63153246230751,1.451533291068131,0.5875192850495492,-2.940197918294579
12.68,9.646748153401202,1.4063238582435815,0.5787224560892117,-2.966166094758666
12.7,9.661963844494894,1.3584121178244004,0.5693056254878974,-2.9916523584300085
12.719999999999999,9.677179535588586,1.307926490797115,0.5592381643157845,-3.0166351268491263
12.74,9.692395226682281,1.25501769289815,0.5484890178580196,-3.0411011164029937
12.76,9.707610917775973,1.1998613322832057,0.53702796017129,-3.0650462560489724
12.780000000000001,9.722826608869667,1.1426600512895675,0.5248268431050589,-3.088476451774674
12.8,9.73804229996336,1.0836450616658908,0.5118608001634412,-3.1114082363910476
12.82,9.753257991057051,1.0230769438790048,0.4981093704956065,-3.133869353671858
12.84,9.768473682150743,0.9612456080428728,0.4835575142123621,3.127285966715913
12.86,9.783689373244435,0.8984693454698345,0.46819649668140734,3.105635120733779
12.879999999999999,9.798905064338129,0.8350929344740621,0.45202462606192967,3.0842981363663977
12.9,9.814120755431823,0.7714848003888051,0.43504783480501336,3.063195305646726
12.92,9.829336446525515,0.7080332663266518,0.4172801019957966,3.0422308862355587
12.940000000000001,9.844552137619209,0.6451419665438607,0.3987437192165485,3.021290808151924
12.96,9.8597678287129,0.5832245270214571,0.3794694082096176,3.000239382216405
12.98,9.874983519806593,0.5226986468292125,0.35949630438114005,2.9789145582489667
13.0,9.890199210900287,0.4639797379606989,0.33887182680356515,2.957121052991412
13.02,9.905414901993979,0.4074742997981957,0.3176514640785529,2.934620291727662
13.04,9.92063059308767,0.35357321657926377,0.29589851842110876,2.911115471987019
13.06,9.935846284181364,0.30264517182610007,0.27368387173269,2.8862289513746995
13.08,9.951061975275056,0.2550303725024605,0.25108587527320697,2.8594671693359834
13.100000000000001,9.96627766636875,0.2110347677779032,0.2281905353311848,2.8301645823842647
13.120000000000001,9.981493357462444,0.17092493297127476,0.205092306957141,2.7973907884114286
13.14,9.996709048556136,0.13492376901484704,0.18189609950551514,2.759789964335296
13.16,10.011924739649828,0.10320714230493877,0.15872174758129384,2.7152888625897518
13.18,10.02714043074352,0.07590155992954806,0.13571376213562655,2.660532913845899
13.2,10.042356121837212,0.05308294200887076,0.11306327230364367,2.5897178801294105
13.219999999999999,10.057571812930906,0.03477651737881615,0.09106095465467837,2.491970409975631
13.24,10.0727875040246,0.020957832358590167,0.07023800483770289,2.3450343228687016
13.26,10.088003195118292,0.01155482616536574,0.051781158096037595,2.100316491714048
13.280000000000001,10.103218886211986,0.006450892036298228,0.038686098612275496,1.6676950410255371
13.3,10.118434577305678,0.0054888115884637045,0.03644694732422732,1.052812724787018
13.32,10.13365026839937,0.00847542263949208,0.045997068811859894,0.5534442601102371
13.34,10.148865959493063,0.015186858715253493,0.061563065837452656,0.26361991271656243
13.36,10.164081650586756,0.025374182688551628,0.07922734511494192,0.09182462110482326
13.379999999999999,10.179297341680448,0.03876922809081407,0.09746286123596597,-0.02205336824587738
13.4,10.19451303277414,0.05509045998059037,0.11566052903341173,-0.10562116152179227
13.42,10.209728723867833,0.0740486729179679,0.13354459956480713,-0.17202215154233086
13.440000000000001,10.224944414961527,0.09535235631960859,0.15097790259518726,-0.22807269998703045
13.46,10.240160106055221,0.1187125766981012,0.1678902473999045,-0.27759736029628224
13.48,10.255375797148913,0.14384725116968866,0.18424847297149213,-0.32288326221645836
13.5,10.270591488242605,0.17048471605392024,0.20004222410129563,-0.36536700955741525
13.52,10.285807179336297,0.19836652710091585,0.21527626671850386,-0.4059838881268461
13.54,10.301022870429989,0.22724946245062938,0.229965736491453,-0.44535717548215
13.56,10.316238561523685,0.2569067343790721,0.24413278508958527,-0.48390671735647134
13.58,10.331454252617375,0.2871284497392139,0.2578039343071366,-0.5219144684193531
13.600000000000001,10.346669943711069,0.3177213903542224,0.27100782434860204,-0.559566030665244
13.620000000000001,10.361885634804763,0.3485082121804908,0.2837732223308134,-0.5969782882412673
13.64,10.377101325898455,0.3793261847156941,0.2961272476253496,-0.6342187182188975
13.66,10.392317016992147,0.41002560896862406,0.3080938169955576,-0.6713195553997839
13.68,10.40753270808584,0.4404680626808499,0.31969233464701124,-0.7082886569488958
13.7,10.422748399179532,0.47052462496753833,0.33093665995361526,-0.7451181469881095
13.719999999999999,10.437964090273224,0.5000742290065432,0.34183438391496096,-0.7817914707443694
13.74,10.453179781366917,0.5290022809728043,0.35238643759009636,-0.8182892209707342
13.76,10.46839547246061,0.5571996665087227,0.3625870442438923,-0.854593944015809
13.780000000000001,10.483611163554304,0.584562243300013,0.3724240137101766,-0.8906940471078986
13.8,10.498826854647998,0.6109908907204726,0.3818793641698921,-0.9265868859497728
13.82,10.514042545741688,0.6363921561350026,0.3909302444619832,-0.9622810951471269
13.84,10.529258236835382,0.6606795036382778,0.39955012009103885,-0.9977982212100504
13.86,10.544473927929074,0.6837751362035078,0.4077101787496709,-1.0331737204397402
13.879999999999999,10.559689619022766,0.705612327958363,0.41538090651971904,-1.0684573863263438
13.9,10.57490531011646,0.7261381711525701,0.4225337837066283,-1.1037132697842538
13.92,10.590121001210152,0.7453166138297433,0.4291430490070828,-1.1390191490780734
13.940000000000001,10.605336692303846,0.7631316406449855,0.43518748177895267,-1.1744655944414075
13.96,10.62055238339754,0.7795904318635962,0.44065215388833984,-1.2101546559171812
13.98,10.635768074491232,0.7947263252441985,0.4455301042819734,-1.2461981832620166
14.0,10.650983765584924,0.8086014028649515,0.4498238904784833,-1.2827157657374904
14.02,10.666199456678617,0.8213085302401737,0.4535469711114692,-1.3198322595590029
14.040000000000001,10.68141514777231,0.8329726881887609,0.4567248721786709,-1.3576748544809254
14.06,10.696630838866003,0.8437514583753796,0.459396086669622,-1.3963696218921888
14.08,10.711846529959693,0.853834550444617,0.46161265298585297,-1.436037489061759
14.1,10.727062221053387,0.8634422911153479,0.4634403526848908,-1.4767896027161989
14.120000000000001,10.742277912147081,0.8728230321692649,0.4649584637780244,-1.5187220852139915
14.14,10.757493603240775,0.8822494734934025,0.46625900396369013,-1.5619102528906486
14.16,10.772709294334465,0.8920139376624547,0.4674454013538054,-1.6064024611164152
14.18,10.787924985428159,0.9024226724313849,0.46863054157744183,-1.6522138619359281
14.2,10.80314067652185,0.9137892954543645,0.46993416288274437,-1.6993204978637033
14.22,10.818356367615545,0.9264275301978842,0.4714796075908029,-1.747654289278331
14.24,10.833572058709237,0.9406434121522693,0.47338998973056073,-1.7970995718695923
14.26,10.848787749802929,0.9567271690627877,0.4757839024760467,-1.8474918662340987
14.28,10.864003440896623,0.9749449971787385,0.4787708584717891,-1.898619476644063
14.3,10.879219131990316,0.9955309668623613,0.48244672030687796,-1.9502282975900895
14.32,10.894434823084007,1.018679294919707,0.48688942345810726,-2.002029861747212
14.34,10.9096505141777,1.0445372175356624,0.4921553064664684,-2.053712237140493
14.36,10.924866205271394,1.073198686738806,0.49827633401904065,-2.104952955540773
14.38,10.940081896365086,1.1046990951201678,0.5052584274752692,-2.1554328258013076
14.4,10.955297587458778,1.139011208510965,0.5130810137195142,-2.204849338064445
14.42,10.97051327855247,1.1760424551197275,0.521697784820184,-2.2529284369045457
14.44,10.985728969646164,1.215633683077158,0.53103854907796,-2.2994337143314643
14.46,11.000944660739858,1.2575594574632305,0.5410119673569415,-2.3441724766786023
14.48,11.016160351833548,1.3015299239245337,0.5515089184419065,-2.386998576716848
14.5,11.031376042927242,1.3471942203057097,0.5624062255771581,-2.427812284067589
14.52,11.046591734020936,1.3941453718426828,0.5735704972671087,-2.466557733711184
14.540000000000001,11.061807425114628,1.441926560989657,0.5848618780364024,-2.503218624007859
14.56,11.077023116208322,1.490038621501526,0.5961375573196159,-2.537812845849933
14.58,11.092238807302014,1.5379485695402764,0.6072549370023295,-2.5703866471042245
14.6,11.107454498395706,1.5850989537573241,0.6180744036939854,-2.6010088106398004
14.620000000000001,11.1226701894894,1.6309177827610597,0.6284616873351824,-2.6297651841410095
14.64,11.137885880583093,1.6748287730667926,0.6382898127127845,-2.6567537695463725
14.66,11.153101571676784,1.7162616541518219,0.6474406660908434,-2.6820804725201683
14.68,11.168317262770477,1.7546622698348529,0.6558062074860197,-2.705855532331716
14.700000000000001,11.183532953864171,1.7895022266936849,0.6632893622805697,-2.7281905986217736
14.72,11.198748644957863,1.820287860049575,0.6698046257740171,-2.7491963895008413
14.74,11.213964336051555,1.8465683152473957,0.6752784124028764,-2.768980849981948
14.76,11.229180027145247,1.8679425752950465,0.6796491787402457,-2.787647725866032
14.78,11.244395718238941,1.8840653038976143,0.6828673466762905,-2.80529547166762
14.8,11.259611409332635,1.8946514138836505,0.6848950507376429,-2.822016418794281
14.82,11.274827100426325,1.8994793132656014,0.685705731487505,-2.8378961397197253
14.84,11.290042791520019,1.8983928229940261,0.6852835953928587,-2.8530129538364277
14.86,11.305258482613713,1.8913018002961621,0.6836229604140324,-2.8674375301389716
14.88,11.320474173707405,1.8781815378932265,0.6807275057996784,-2.881232550377963
14.9,11.335689864801097,1.8590710412009912,0.6766094440838277,-2.8944524036000634
14.92,11.35090555589479,1.8340703118969373,0.6712886330146389,-2.907142888967466
14.94,11.366121246988483,1.803336786346165,0.6647916450396946,-2.9193409084171713
14.96,11.381336938082177,1.7670810909461352,0.6571508119840298,-2.9310741340824844
14.98,11.396552629175867,1.7255622833905022,0.6484032626437721,-2.9423606374419324
15.0,11.41176832026956,1.6790827493144889,0.6385899711441727,-2.953208467827864
15.02,11.426984011363254,1.627982918154828,0.6277548340385618,-2.963615167094927
15.040000000000001,11.442199702456948,1.5726359508986434,0.6159437942174901,-2.9735672047173662
15.06,11.45741539355064,1.513442536446803,0.6032040297183886,-2.9830393130537955
15.08,11.472631084644332,1.4508259134163382,0.5895832254457427,-2.9919936955672415
15.1,11.487846775738024,1.385227211319659,0.575128945614717,-3.000379070838471
15.120000000000001,11.503062466831718,1.3171011801655368,0.5598881244308489,-3.008129501472709
15.14,11.518278157925412,1.2469123516857508,0.5439066921725076,-3.015162938391674
15.16,11.533493849019102,1.1751316496145137,0.5272293535769969,-3.021379386026213
15.18,11.548709540112796,1.1022334417429533,0.5098995354657853,-3.026658560482154
15.200000000000001,11.56392523120649,1.028693003764431,0.49195952123257014,-3.030856867880493
15.22,11.579140922300182,0.954984345059529,0.47345079169595095,-3.033803469568122
15.24,11.594356613393874,0.8815783302541718,0.45441459567936976,-3.0352951187959145
15.26,11.609572304487568,0.8089410181871131,0.43489278068555054,-3.0350893413881015
15.28,11.624787995581258,0.7375321322418245,0.4149289258798057,-3.032895379333345
15.3,11.640003686674953,0.667803573048559,0.39456983878974466,-3.028362105815929
15.32,11.655219377768644,0.6001978863636168,0.37386750738017605,-3.021061834293634
15.34,11.670435068862338,0.5351466053240301,0.35288164598581445,-3.010468564186374
15.36,11.685650759956031,0.47306839690782,0.33168304508069596,-2.995928724881525
15.38,11.700866451049725,0.4143669567897632,0.3103580425030808,-2.9766219370666245
15.4,11.716082142143415,0.3594286142215424,0.2890145923167086,-2.951508878113843
15.42,11.73129783323711,0.30861962831539813,0.26779063134198255,-2.9192635378610716
15.44,11.746513524330801,0.2622831783281754,0.24686573082714972,-2.878189360340923
15.46,11.761729215424495,0.22073607233454595,0.22647730394845866,-2.8261263271689194
15.48,11.776944906518187,0.1842652201396504,0.2069426461732475,-2.7603763474042906
15.5,11.792160597611879,0.15312393651674938,0.1886870040163338,-2.6777214052695246
15.52,11.807376288705573,0.1275281590378654,0.17227373342234578,-2.5747005270106205
15.540000000000001,11.822591979799267,0.10765268011584794,0.15842191745356235,-2.448436260435924
15.56,11.837807670892957,0.09362750473582082,0.1479774838150324,-2.2983050149247686
15.58,11.85302336198665,0.08553445317988917,0.14178871291400155,-2.1281951178545104
15.6,11.868239053080345,0.08340413142781244,0.14047133230514544,-1.9477346105587943
15.620000000000001,11.883454744174037,0.08721339060065247,0.14416482546047188,-1.7702294434296724
15.64,11.89867043526773,0.09688339072044982,0.15246555399952635,-1.6077262725188624
15.66,11.91388612636142,0.11227837327328416,0.1645966479332028,-1.4671191941789852
15.68,11.929101817455114,0.13320523185859656,0.17966726711009506,-1.3498699141008645
15.700000000000001,11.944317508548808,0.15941395104260891,0.1968577881753774,-1.2540266322854143
15.72,11.959533199642502,0.19059896101003915,0.21549266828712918,-1.1763034341591683
15.74,11.974748890736192,0.22640143053047268,0.2350419358382757,-1.113323372819442
15.76,11.989964581829886,0.2664124940067154,0.2550955288707195,-1.0621377861989192
15.78,12.005180272923576,0.31017738097261827,0.2753341818885625,-1.0203501378943332
15.8,12.020395964017272,0.35720038942076826,0.29550523319489536,-0.9860753931310594
15.82,12.035611655110964,0.40695061883019434,0.31540469908602775,-0.9578506599352677
15.84,12.050827346204656,0.4588683557751665,0.3348646450815477,-0.9345444101604404
15.86,12.066043037298348,0.5123719854632895,0.3537444829128869,-0.9152795889982794
15.88,12.081258728392044,0.5668652872677171,0.3719250180668109,-0.8993730314392471
15.9,12.096474419485734,0.6217449619073818,0.38930437436242027,-0.8862892283658852
15.92,12.111690110579428,0.6764082327692904,0.40579518205004156,-0.875605504143267
15.94,12.126905801673121,0.7302603641227847,0.42132260841717517,-0.866985876405563
15.96,12.142121492766814,0.7827219445418336,0.4358229442772384,-0.8601613925944057
15.98,12.157337183860506,0.8332357943922943,0.4492425514618987,-0.8549152628581245
16.0,12.172552874954198,0.8812733712044292,0.4615370387786808,-0.8510715433731828
16.02,12.187768566047891,0.9263405653854306,0.47267057647454525,-0.8484864574135482
16.04,12.202984257141583,0.9679828001586088,0.4826152886444433,-0.8470416883948945
16.060000000000002,12.218199948235279,1.0057893728575777,0.49135068360670314,-0.846639159149022
16.08,12.233415639328967,1.0393969987520677,0.4988630968966994,-0.8471969421758112
16.1,12.248631330422663,1.068492542423769,0.505145132079025,-0.8486460401885566
16.12,12.263847021516355,1.092814944416375,0.5101950922738159,-0.8509278450309036
16.14,12.279062712610049,1.1121563716026799,0.5140164009462868,-0.853992133321763
16.16,12.294278403703741,1.1263626377569835,0.5166170146585147,-0.857795494211382
16.18,12.309494094797433,1.1353329556304743,0.5180088334923166,-0.8623001121363371
16.200000000000003,12.324709785891129,1.1390190930461586,0.5182071169684673,-0.8674728481065378
16.22,12.339925476984817,1.1374240129485997,0.5172299146805115,-0.8732845787652715
16.240000000000002,12.355141168078513,1.1306000809528314,0.5150975216528226,-0.8797097646463496
16.259999999999998,12.370356859172203,1.118646923861661,0.5118319687107372,-0.8867262287804343
16.28,12.385572550265898,1.1017090191583065,0.5074565579863851,-0.8943151349289337
16.3,12.40078824135959,1.0799730890246906,0.5019954531388544,-0.9024611619765467
16.32,12.416003932453282,1.0536653635066386,0.4954733330015053,-0.911152878077015
16.34,12.431219623546975,1.023048766609861,0.48791511624861333,-0.9203833257293946
16.36,12.446435314640667,0.9884200670084056,0.4793457633741164,-0.9301508378752952
16.380000000000003,12.461651005734362,0.9501070223125225,0.469790160889846,-0.9404601163559962
16.4,12.476866696828052,0.9084655331289468,0.45927309129357563,-0.9513236189766031
16.42,12.492082387921748,0.8638768110597539,0.4478192911714171,-0.9627633218234007
16.439999999999998,12.507298079015436,0.8167445538865081,0.4354535989671452,-0.9748129519909607
16.46,12.522513770109132,0.767492111957381,0.4222011937106717,-0.9875208263616132
16.48,12.537729461202824,0.7165596226481625,0.4080879266736644,-1.0009534903727653
16.5,12.552945152296518,0.6644010849779534,0.39314074997139725,-1.0152004358057274
16.52,12.56816084339021,0.6114813442404738,0.3773882502439972,-1.0303803026860479
16.54,12.583376534483902,0.5582729569186426,0.36086130279896905,-1.0466491600933405
16.560000000000002,12.598592225577598,0.5052529091519204,0.343593873725389,-1.0642117510992948
16.58,12.613807916671286,0.4528991674810072,0.32562401743714303,-1.0833370398401596
16.6,12.629023607764982,0.4016870482507784,0.30699514997143795,-1.1043801183170703
16.62,12.644239298858675,0.35208540157918833,0.28775773328158455,-1.1278136968339874
16.64,12.659454989952366,0.3045526167936714,0.2679715994714462,-1.1542743295393785
16.66,12.67467068104606,0.2595324682293949,0.24770930804201427,-1.1846317697552213
16.68,12.689886372139751,0.2174498327690344,0.2270612249925765,-1.2200953813790119
16.700000000000003,12.705102063233447,0.17870632296154554,0.20614356130150338,-1.2623809988715369
16.72,12.720317754327137,0.1436758914429106,0.18511165293386259,-1.3139774868379661
16.740000000000002,12.735533445420833,0.11270047318447496,0.164182785322779,-1.3785765650418313
16.759999999999998,12.750749136514521,0.08608574131272917,0.14367673019984709,-1.461755438817459
16.78,12.765964827608217,0.06409705943576682,0.12408890815068269,-1.571972655165609
16.8,12.781180518701909,0.04695571818683675,0.10621866983750818,-1.7215818697544498
16.82,12.796396209795601,0.03483554574154368,0.09136006226095242,-1.9259472716042674
16.84,12.811611900889295,0.02785998116189603,0.08142278662260775,-2.19458626443841
16.86,12.826827591982985,0.026099695441644144,0.07846990814327985,-2.509396006816799
16.880000000000003,12.84204328307668,0.02957083806825267,0.08332313435557168,-2.817053839661238
16.9,12.857258974170371,0.03823397687449415,0.09478204878284814,-3.0702270252384016
16.92,12.872474665264065,0.05199378616202921,0.11074255648610372,3.0239968218727906
16.939999999999998,12.887690356357757,0.07069952287764636,0.1294315953069681,2.8868733482149476
16.96,12.902906047451452,0.09414631347090108,0.14967911736949568,2.7865579476182916
16.98,12.918121738545143,0.12207725550058512,0.17075684643497716,2.7116299641145214
17.0,12.933337429638836,0.1541863187284207,0.19220101394009814,2.654382849715299
17.02,12.948553120732528,0.1901220110094073,0.21369996661396382,2.609738780547132
17.04,12.96376881182622,0.22949175546568767,0.23503108068062306,2.574321337224116
17.060000000000002,12.978984502919916,0.2718669079124538,0.2560260117276869,2.5458390527842174
17.08,12.994200194013604,0.31678832792403,0.2765512711500664,2.5227000552793912
17.1,13.0094158851073,0.3637724038737815,0.29649709852309053,2.5037729589599445
17.12,13.024631576200994,0.4123174222044099,0.31577091928165524,2.4882366962321796
17.14,13.039847267294684,0.4619101644236707,0.3342934039096663,2.4754843702785827
17.16,13.055062958388378,0.5120326120722893,0.35199604034483156,2.465060362998204
17.18,13.070278649482072,0.5621686401913166,0.3688196047323322,2.4566183108458146
17.200000000000003,13.085494340575764,0.6118105835259939,0.38471317298654634,2.4498924529728914
17.22,13.100710031669456,0.6604655665590258,0.3996334598480802,2.4446777307390004
17.240000000000002,13.115925722763151,0.707661498095149,0.41354435554131375,2.4408157321274437
17.259999999999998,13.13114141385684,0.7529526430108717,0.426416579909139,2.4381846159140577
17.28,13.146357104950535,0.7959246973938434,0.43822740450969716,2.436691795230795
17.3,13.16157279604423,0.8361993080023922,0.44896041253014396,2.4362685671775353
17.32,13.17678848713792,0.8734379921761501,0.45860527895738346,2.436866136855055
17.34,13.192004178231613,0.9073454294307339,0.4671575618051044,2.4384526554439354
17.36,13.207219869325304,0.937672110429105,0.4746185008408911,2.441011005815549
17.380000000000003,13.222435560419,0.9642163423782222,0.4809948240955449,2.444537145936778
17.4,13.237651251512691,0.9868256217628755,0.48629856503011454,2.4490388726827987
17.42,13.252866942606383,1.005397395434045,0.4905468949366731,2.4545349046124607
17.439999999999998,13.268082633700075,1.019879239222405,0.49376197618123113,2.4610542069058567
17.46,13.28329832479377,1.0302684893958372,0.4959708424043682,2.4686354983022856
17.48,13.298514015887461,1.036611366428474,0.49720531186519235,2.477326890609563
17.5,13.313729706981155,1.0390016328215097,0.49750193979381213,2.487185617499868
17.52,13.328945398074849,1.03757882729019,0.49690201491937386,2.4982778116451234
17.54,13.344161089168539,1.032526116751228,0.49545160424529433,2.51067828819562
17.560000000000002,13.359376780262235,1.0240678054911427,0.4932016485972756,2.524470288338989
17.58,13.374592471355923,1.012466537987848,0.49020810938321135,2.5397451292205715
17.6,13.389808162449619,0.9980202284042434,0.4865321642470097,2.5566016958474163
17.62,13.405023853543312,0.9810587460991087,0.4822404456986162,2.5751456968222977
17.64,13.420239544637003,0.9619403828986606,0.47740531214904175,2.5954885892330344
17.66,13.435455235730696,0.9410481246175664,0.4721051348360809,2.6177460596849658
17.68,13.45067092682439,0.918785746635649,0.4664245766636329,2.6420359301653185
17.700000000000003,13.465886617918082,0.8955737514198177,0.4604548298316994,2.668475342423985
17.72,13.481102309011774,0.8718451648588825,0.45429376830984625,2.6971770680380325
17.740000000000002,13.49631800010547,0.8480412082424778,0.44804595903152633,2.7282448009083557
17.759999999999998,13.511533691199158,0.8246068636889277,0.4418224630234437,2.7617673248057684
17.78,13.526749382292854,0.8019863527891289,0.4357403461868837,2.797811522917497
17.8,13.541965073386548,0.7806185511123545,0.42992181180278605,2.836414321327219
17.82,13.557180764480238,0.7609323648852069,0.4244928668679166,2.8775738421553716
17.84,13.572396455573932,0.743342100454015,0.419581446848512,2.92124028239186
17.86,13.587612146667622,0.7282428618614176,0.4153149532884753,2.9673073103669347
17.880000000000003,13.602827837761318,0.7160060167807387,0.4118172095115097,3.0156050365010825
17.9,13.61804352885501,0.706974775906076,0.40920491143043747,3.0658957941549008
17.92,13.633259219948702,0.7014599354131406,0.4075837372899067,3.1178739687335084
17.939999999999998,13.648474911042394,0.6997358360188173,0.4070443686793524,-3.1120144502410065
17.96,13.66369060213609,0.7020365951963186,0.4076587455448771,-3.0578203166494986
17.98,13.67890629322978,0.7085526710015984,0.4094769082716614,-3.003187733032469
18.0,13.694121984323473,0.7194278164925549,0.412524753479701,-2.9485934895551864
18.02,13.709337675417164,0.7347564826943085,0.41680294315781097,-2.894511097470941
18.04,13.724553366510857,0.7545817253309224,0.4222870724162772,-2.841389912540482
18.060000000000002,13.739769057604553,0.7788936660207924,0.4289290474036904,-2.78963691205908
18.08,13.754984748698242,0.8076285523078468,0.4366594856162254,-2.7396028582175633
18.1,13.770200439791937,0.8406684528237065,0.4453908542207185,-2.6915737746736474
18.12,13.785416130885631,0.8778416141943808,0.4550210222689605,-2.6457678002501015
18.14,13.800631821979321,0.9189234952245329,0.46543691752798794,-2.6023367673010322
18.16,13.815847513073015,0.9636384817112003,0.4765180333830573,-2.5613714029108228
18.18,13.831063204166709,1.0116622723161868,0.4881396059754346,-2.522908890009366
18.200000000000003,13.846278895260403,1.0626249126720495,0.5001753581044189,-2.4869415985566055
18.22,13.861494586354093,1.1161144417604874,0.5124997717906637,-2.4534260151708738
18.240000000000002,13.876710277447788,1.1716811020594378,0.5249898996958358,-2.4222911752622553
18.259999999999998,13.891925968541477,1.228842053452695,0.5375267561279554,-2.393446169488394
18.28,13.907141659635172,1.2870865208778923,0.5499963437498856,-2.3667865187503225
18.3,13.922357350728864,1.3458812975233059,0.562290376338883,-2.342199375346003
18.32,13.937573041822557,1.404676519371833,0.574306755028296,-2.31956761439875
18.34,13.95278873291625,1.4629116232489423,0.5859498487131227,-2.2987729393856813
18.36,13.96800442400994,1.52002139934973,0.5971306211103251,-2.2796981509942507
18.380000000000003,13.983220115103636,1.5754420505026019,0.607766638855415,-2.2622287312380487
18.4,13.998435806197328,1.6286171740468944,0.6177819878235862,-2.246253884055714
18.42,14.013651497291022,1.6790035879267862,0.6271071189398808,-2.2316671562005332
18.439999999999998,14.028867188384712,1.7260769301371397,0.6356786401359866,-2.2183667425229077
18.46,14.044082879478408,1.76933696957758,0.6434390676989681,-2.2062555604074516
18.48,14.059298570572098,1.8083125762693157,0.6503365478369048,-2.19524116056021
18.5,14.074514261665792,1.8425663092666582,0.6563245576348272,-2.185235526141004
18.52,14.089729952759484,1.8716985910098742,0.661361593477658,-2.176154799503608
18.54,14.104945643853176,1.8953514468494177,0.6654108542892003,-2.1679189653710114
18.560000000000002,14.120161334946872,1.9132117976473637,0.6684399264247046,-2.1604515108385933
18.58,14.13537702604056,1.9250143013830439,0.6704204766407589,-2.1536790758264304
18.6,14.150592717134256,1.930543746314811,0.6713279591632771,-2.1475311021618877
18.62,14.16580840822795,1.9296370033150083,0.6711413424241988,-2.141939485062059
18.64,14.181024099321641,1.9221845484330515,0.6698428605060739,-2.136838227135151
18.66,14.196239790415333,1.9081315685766072,0.667417793707697,-2.132163091896543
18.68,14.211455481509027,1.8874786635543614,0.6638542819265351,-2.127851250989093
18.700000000000003,14.226671172602721,1.8602821567645833,0.6591431737619945,-2.1238409166145495
18.72,14.241886863696411,1.8266540248207548,0.6532779134048533,-2.120070947928056
18.740000000000002,14.257102554790107,1.786761453643635,0.646254466527948,-2.11648041711061
18.759999999999998,14.272318245883795,1.740826025376009,0.638071285573297,-2.113008117266734
18.78,14.287533936977491,1.689122537200035,0.6287293140871333,-2.1095919898844833
18.8,14.302749628071183,1.6319774501070583,0.6182320291377109,-2.1061684439299135
18.82,14.317965319164875,1.5697669631797453,0.6065855204161066,-2.102671531161675
18.84,14.333181010258569,1.5029147072693831,0.5937986044301471,-2.099031932148251
18.86,14.34839670135226,1.4318890513056886,0.5798829723303536,-2.095175693608387
18.880000000000003,14.363612392445956,1.3572000150196573,0.5648533704492197,-2.091022638409324
18.9,14.378828083539647,1.2793957837037055,0.5487278137215376,-2.0864843423804964
18.92,14.39404377463334,1.1990588237883912,0.5315278339728624,-2.0814615333194904
18.939999999999998,14.40925946572703,1.116801602485225,0.5132787679035324,-2.075840711508705
18.96,14.424475156820726,1.0332619204079947,0.49401009390902356,-2.0694897089110675
18.98,14.439690847914418,0.9490978728250639,0.4737558333925949,-2.062251782048494
19.0,14.45490653900811,0.8649824628113265,0.4525550421390638,-2.0539376490021133
19.02,14.470122230101802,0.7815978978355247,0.430452432637769,-2.044314597358751
19.04,14.485337921195494,0.699629609987312,0.40749919240316873,-2.033091346119283
19.060000000000002,14.50055361228919,0.6197600488401349,0.38375410236259944,-2.019896636623471
19.08,14.51576930338288,0.5426623045771066,0.3592851240645843,-2.0042483753982645
19.1,14.530984994476576,0.46899362718539805,0.33417173471732575,-1.9855082385340073
19.12,14.546200685570268,0.3993889149677443,0.3085084826173405,-1.962813408082951
19.14,14.56141637666396,0.33445425204809,0.2824105858354933,-1.9349715391229667
19.16,14.576632067757652,0.2747605797025017,0.25602305078923127,-1.9002953985379205
19.18,14.591847758851346,0.22083758998871872,0.22953604242172648,-1.8563370895839681
19.200000000000003,14.60706344994504,0.17316793206634884,0.2032116959982608,-1.7994553282597503
19.22,14.62227914103873,0.1321818216184738,0.17743236026491496,-1.7241167401838433
19.240000000000002,14.637494832132425,0.09825214176953523,0.15278899321883072,-1.6218424785156227
19.259999999999998,14.652710523226114,0.07169011976185402,0.13023974225554427,-1.480022302457081
19.28,14.66792621431981,0.052741657360797944,0.11135657517709209,-1.2824014267627346
19.3,14.683141905413502,0.04158438455340274,0.09851459386996017,-1.0175850208300263
19.32,14.698357596507195,0.03832549567073329,0.09437054859101555,-0.7022910435603846
19.34,14.713573287600887,0.04300041478006733,0.10006332176792948,-0.39221738396397526
19.36,14.72878897869458,0.055572323294086345,0.1140935334296948,-0.138522945706733
19.380000000000003,14.744004669788275,0.0759325675505238,0.13376365150668032,0.04824142293646909
19.4,14.759220360881965,0.10390194799362007,0.15682274077560562,0.18141756066142126
19.42,14.774436051975659,0.13923287498386117,0.1818134406964953,0.27692705551892477
19.439999999999998,14.78965174306935,0.18161235963708577,0.20784833246477863,0.3466755357056762
19.46,14.804867434163045,0.2306657919527879,0.23437571461947032,0.39859326517419424
19.48,14.820083125256737,0.28596144333494067,0.26103458506919497,0.43785235681362406
19.5,14.835298816350429,0.3470156169225902,0.28757448652054024,0.4678639493661219
19.52,14.850514507444121,0.4132983573720139,0.31381175851970516,0.49092767566449225
19.54,14.865730198537815,0.4842396222567231,0.33960517155171815,0.5086323628990957
19.560000000000002,14.88094588963151,0.5592358103699553,0.3648419344350396,0.522102390973276
19.58,14.896161580725199,0.6376565381331147,0.38942938975008623,0.5321513950732109
19.6,14.911377271818894,0.7188515541292304,0.41328992029744716,0.5393802109759557
19.62,14.926592962912586,0.8021576834715916,0.4363577200051849,0.5442407351912806
19.64,14.941808654006278,0.8869056981554877,0.45857667437466443,0.5470785121952298
19.66,14.957024345099972,0.9724270164864492,0.4798989144714546,0.5481617479104145
19.68,14.972240036193664,1.0580601438003328,0.5002837858625901,0.5477014697651769
19.700000000000003,14.987455727287358,1.143156777580316,0.5196970757215822,0.545865788959741
19.72,15.002671418381048,1.227087512268497,0.5381104015666942,0.542790154487715
19.740000000000002,15.017887109474744,1.3092470920681194,0.5555007017824054,0.5385848312456892
19.759999999999998,15.033102800568434,1.3890591733234032,0.5718497910119767,0.5333404212433606
19.78,15.04831849166213,1.4659805711645504,0.5871439581892658,0.5271319819774438
19.8,15.06353418275582,1.5395049775470397,0.6013735945468048,0.5200221231089835
19.82,15.078749873849514,1.609166149199325,0.6145328452443435,0.5120633478114446
19.84,15.093965564943206,1.6745405739897024,0.6266192824178379,0.5032998277917956
19.86,15.109181256036898,1.73524963257762,0.6376336001391629,0.49376874809128585
19.880000000000003,15.124396947130593,1.7909612787595393,0.6475793334340353,0.4835013211377624
19.9,15.139612638224282,1.8413912665903354,0.6564626044131867,0.4725235438523652
19.92,15.154828329317978,1.8863039551615657,0.6642918989213703,0.460856753440965
19.939999999999998,15.170044020411668,1.9255127229454274,0.671077877036896,0.4485180245177536
19.96,15.185259711505363,1.9588800230429797,0.676833220363263,0.4355204408613081
19.98,15.200475402599055,1.9863171087251317,0.6815725184243955,0.4218732683328722
20.0,15.21569109369275,2.007783455606557,0.6853121956729846,0.4075820505639528
20.02,15.23090678478644,2.023285902954285,0.6880704797035914,0.39264864544265254
20.04,15.246122475880133,2.032877532324335,0.6898674102776597,0.3770712178471095
20.060000000000002,15.261338166973829,2.0366562972687916,0.6907248877582512,0.360844202252481
20.08,15.276553858067517,2.034763413574126,0.6906667585523208,0.3439582476152779
20.1,15.291769549161213,2.0273815156630235,0.6897189341958467,0.32640015621410573
20.12,15.306985240254907,2.0147325816682837,0.6879095398100903,0.3081528278377758
20.14,15.322200931348597,1.9970756274639143,0.6852690868171001,0.28919522082975613
20.16,15.33741662244229,1.9747041687711544,0.6818306640296151,0.26950234201175
20.18,15.352632313535981,1.947943450430671,0.6776301405178371,0.24904527841713023
20.200000000000003,15.367848004629677,1.9171474430843318,0.6727063729862841,0.22779128506814003
20.22,15.383063695723369,1.8826956098116057,0.6671014097447229,0.20570394471765666
20.240000000000002,15.398279386817064,1.8449894486433323,0.6608606826986415,0.1827434175113966
20.259999999999998,15.413495077910753,1.8044488211970702,0.6540331780855075,0.15886680083224358
20.28,15.428710769004448,1.7615080827740144,0.6466715759125133,0.13402862202101287
20.3,15.443926460098139,1.7166120349285734,0.6388323471876491,0.10818148899669618
20.32,15.459142151191832,1.67021172753266,0.6305757970706679,0.08127692566767726
20.34,15.474357842285526,1.6227601434641201,0.621966041021963,0.053266419929160105
20.36,15.489573533379216,1.5747078050096093,0.6130708999505615,0.024102711293692264
20.380000000000003,15.504789224472912,1.5264983466184958,0.6039616993648557,-0.006258658077333266
20.4,15.5200049155666,1.4785641035648496,0.5947129567861958,-0.037857512039403705
20.42,15.535220606660296,1.4313217701233043,0.585401941452011,-0.07072692354801696
20.439999999999998,15.550436297753988,1.385168183876715,0.5761080909567292,-0.10489082439532739
20.46,15.56565198884768,1.3404762945633593,0.5669122713833511,-0.14036137811760213
20.48,15.580867679941374,1.2975913763472136,0.5578958711523853,-0.17713618388003335
20.5,15.596083371035068,1.2568275414482741,0.549139724740689,-0.21519541660985453
20.52,15.611299062128758,1.2184646106933883,0.540722870988008,-0.2544990498743518
20.54,15.626514753222452,1.1827453927327838,0.5327211620635567,-0.2949843485936829
20.560000000000002,15.641730444316147,1.1498734184917794,0.5252057530624132,-0.33656385213951645
20.58,15.656946135409836,1.1200111709733847,0.5182415178374181,-0.37912408651175633
20.6,15.672161826503531,1.0932788429669245,0.5118854525858073,-0.4225252383801614
20.62,15.687377517597225,1.0697536467095574,0.5061851428080917,-0.4666019864961685
20.64,15.702593208690915,1.0494696903245995,0.5011773790245778,-0.5111656138590013
20.66,15.71780889978461,1.0324184261593246,0.4968870095533335,-0.5560074198148689
20.68,15.7330245908783,1.0185496662120386,0.4933261127738526,-0.6009033253109552
20.700000000000003,15.748240281971995,1.0077731499537776,0.4904935558504116,-0.6456194341514144
20.72,15.763455973065687,0.9999606402635095,0.4883749827091362,-0.689918199762359
20.740000000000002,15.77867166415938,0.9949485141556806,0.48694324369376524,-0.7335647714375318
20.759999999999998,15.793887355253071,0.9925408067277885,0.4861592466449754,-0.7763330710447012
20.78,15.809103046346767,0.9925126594715721,0.4859731786088383,-0.8180111853350671
20.8,15.824318737440457,0.9946141179575534,0.48632602306059614,-0.8584057434632058
20.82,15.83953442853415,0.9985742190256701,0.48715128228377924,-0.8973450677570133
20.84,15.854750119627845,1.0041053040790757,0.4883768094995806,-0.9346810168307326
20.86,15.869965810721535,1.0109074929140434,0.48992665986490214,-0.9702895628542129
20.880000000000003,15.88518150181523,1.01867325170997,0.4917228815407807,-1.0040702430924464
20.9,15.900397192908919,1.0270919892917618,0.4936871849154424,-1.0359446909349859
20.92,15.915612884002615,1.0358546174769572,0.49574244688991687,-1.065854482200603
20.939999999999998,15.930828575096307,1.0446580140932156,0.49781402545592984,-1.0937585329875175
20.96,15.946044266189999,1.0532093309624884,0.49983087587484765,-1.119630263562084
20.98,15.961259957283692,1.0612300936170413,0.5017264726303493,-1.143454707513451
21.0,15.976475648377386,1.0684600445790693,0.5034395506770001,-1.1652257046005148
21.02,15.991691339471076,1.0746606875109137,0.5049146855334292,-1.1849432755097402
21.04,16.00690703056477,1.0796184952732233,0.5061027349584561,-1.2026112411564998
21.060000000000002,16.022122721658466,1.0831477507471732,0.5069611659095861,-1.2182351203168953
21.08,16.037338412752156,1.0850929950563568,0.5074542898235004,-1.2318203179238518
21.1,16.05255410384585,1.0853310634454374,0.5075534275086429,-1.243370601980973
21.12,16.067769794939544,1.0837726944496353,0.5072370225199522,-1.252886858885532
21.14,16.082985486033234,1.080363703053024,0.5064907190959315,-1.2603661139489157
21.16,16.098201177126928,1.0750857132530882,0.5053074177686961,-1.2658008050047602
21.18,16.113416868220618,1.067956449797407,0.5036873187061359,-1.269178301266275
21.200000000000003,16.128632559314315,1.0590295928534488,0.5016379597356714,-1.2704806662510981
21.22,16.143848250408006,1.0483942030295452,0.49917425279913175,-1.2696846719795167
21.240000000000002,16.1590639415017,1.0361737275183032,0.4963185192273996,-1.2667620811821325
21.259999999999998,16.17427963259539,1.0225246012435036,0.493100520607656,-1.2616802243133183
21.28,16.189495323689084,1.0076344597859475,0.489557478045284,-1.254402908001312
21.3,16.204711014782777,0.9917199836184523,0.4857340682123131,-1.244891700144117
21.32,16.21992670587647,0.9750243958233682,0.4816823796830672,-1.233107642730656
21.34,16.23514239697016,0.9578146380514454,0.4774618077258417,-1.219013444629099
21.36,16.250358088063855,0.9403782520278128,0.47313886012010337,-1.2025762004086744
21.380000000000003,16.26557377915755,0.9230199964507619,0.4687868410684423,-1.1837706645313786
21.4,16.28078947025124,0.9060582316426462,0.4644853754994172,-1.1625830794186738
21.42,16.296005161344933,0.8898211068146793,0.4603197329545877,-1.1390155076805943
21.439999999999998,16.311220852438623,0.8746425872403165,0.4563799100970009,-1.1130905512087683
21.46,16.326436543532317,0.860858360973964,0.45275943521356604,-1.0848562537144777
21.48,16.34165223462601,0.8488016669313652,0.44955386853314033,-1.0543908841428078
21.5,16.356867925719705,0.8387990881036558,0.4468589900848855,-1.0218071981013788
21.52,16.372083616813395,0.8311663553245126,0.44476869270440544,-0.9872556920533788
21.54,16.38729930790709,0.8262042082722019,0.44337263074522837,-0.9509263254333102
21.560000000000002,16.402514999000786,0.8241943611756142,0.4427537121764644,-0.9130482154358407
21.58,16.417730690094473,0.8253956209334206,0.4429855579868003,-0.8738869282791646
21.6,16.43294638118817,0.8300402049640638,0.4441300814226026,-0.8337392040137799
21.62,16.44816207228186,0.8383303050333666,0.44623535340219356,-0.792925240773625
21.64,16.463377763375554,0.8504349415022716,0.4493339138162143,-0.7517789846369691
21.66,16.478593454469248,0.8664871498785374,0.4534416592201421,-0.710637160592618
21.68,16.49380914556294,0.8865815382436608,0.4585573883616447,-0.6698279739411526
21.700000000000003,16.509024836656632,0.9107722500751265,0.46466302551637917,-0.6296604631611171
21.72,16.524240527750322,0.9390713622506723,0.47172447823369806,-0.5904153819959768
21.740000000000002,16.539456218844016,0.971447742668488,0.47969303159949706,-0.5523382557738833
21.759999999999998,16.55467190993771,1.0078263860472703,0.48850714374255055,-0.5156349496562639
21.78,16.569887601031404,1.0480882401936356,0.49809449089745855,-0.480469770647836
21.8,16.585103292125094,1.0920705284738688,0.5083741140466886,-0.4469658584010455
21.82,16.600318983218788,1.1395675675431676,0.5192585385342381,-0.41520743789252446
21.84,16.61553467431248,1.1903320727193432,0.5306557668098638,-0.38524342004947043
21.86,16.630750365406172,1.244076936881072,0.542471076374082,-0.357091833292415
21.880000000000003,16.64596605649987,1.3004774625660502,0.5546085850814448,-0.33074462638611807
21.9,16.661181747593556,1.3591740211778642,0.5669725710877941,-0.3061724743866434
21.92,16.676397438687253,1.4197751079745444,0.5794685535406786,-0.28332932162726654
21.939999999999998,16.691613129780944,1.4818607569189908,0.592004152621965,-0.262156491986792
21.96,16.706828820874637,1.5449862755729669,0.6044897546115565,-0.2425862775863816
21.98,16.72204451196833,1.6086862570546145,0.6168390104771959,-0.22454497888827524
22.0,16.737260203062025,1.672478823675874,0.6289691963724402,-0.20795541226616782
22.02,16.752475894155715,1.7358700552097162,0.6408014624470845,-0.19273892808631243
22.04,16.76769158524941,1.7983585537848512,0.6522609934065934,-0.1788169966737679
22.06,16.7829072763431,1.8594400971063578,0.6632771009144379,-0.16611242474733282
22.080000000000002,16.798122967436793,1.9186123319984745,0.6737832646130218,-0.1545502640360394
22.1,16.813338658530487,1.9753794610754198,0.6837171354759773,-0.14405846924814275
22.12,16.82855434962418,2.029256876590125,0.6930205125079631,-0.1345683561174307
22.14,16.84377004071787,2.0797756971143144,0.7016393015093768,-0.12601490311153812
22.16,16.858985731811565,2.1264871645782364,0.7095234627072718,-0.11833693332568407
22.18,16.874201422905255,2.1689668612921196,0.7166269524807839,-0.11147720655090126
22.2,16.88941711399895,2.2068187088156037,0.7229076631289816,-0.10538244572427631
22.22,16.904632805092643,2.239678712899945,0.7283273635919986,-0.1000033170175941
22.240000000000002,16.919848496186336,2.267218421174505,0.732851643196142,-0.09529437868979368
22.26,16.93506418728003,2.2891480627610576,0.7364498598119038,-0.09121401045684015
22.28,16.950279878373724,2.305219341585939,0.739095093258261,-0.08772433243624153
22.3,16.965495569467414,2.3152278578264713,0.7407641043330844,-0.08479112061234095
22.32,16.980711260561108,2.319015134689039,0.7414372994784378,-0.08238372415499955
22.34,16.9959269516548,2.3164702306050913,0.7410987007875087,-0.08047498872975212
22.36,17.011142642748492,2.307530919969281,0.7397359208165161,-0.07904118909478544
22.38,17.026358333842186,2.292184428757423,0.7373401414724966,-0.07806197373183445
22.4,17.041574024935876,2.27046771477427,0.733906096101373,-0.07752032396162739
22.42,17.05678971602957,2.2424672859146995,0.7294320537957502,-0.07740252991498901
22.44,17.072005407123264,2.2083185536740757,0.723919804875424,-0.07769818584646217
22.46,17.087221098216954,2.1682047232230843,0.7173746464632218,-0.07840020757493107
22.48,17.102436789310648,2.122355225652427,0.7098053670828065,-0.07950487531290167
22.5,17.11765248040434,2.0710437024697512,0.7012242292420757,-0.08101190580999322
22.52,17.132868171498032,2.0145855570572166,0.6916469490354975,-0.0829245586057286
22.54,17.148083862591726,1.9533350925357809,0.6810926719019548,-0.08524978229267503
22.56,17.163299553685416,1.887682260257236,0.6695839438125518,-0.08799840808027545
22.580000000000002,17.178515244779113,1.818049047911245,0.6571466773399213,-0.09118539968551226
22.6,17.193730935872807,1.744885540897826,0.6438101122809812,-0.0948301707481472
22.62,17.208946626966497,1.6686656951079613,0.6296067707778068,-0.09895698369138477
22.64,17.22416231806019,1.589882863480966,0.6145724072167832,-0.10359544738027429
22.66,17.239378009153885,1.5090451225830748,0.5987459535994998,-0.10878113527624009
22.68,17.254593700247575,1.4266704488794062,0.5821694615903018,-0.11455635132066988
22.7,17.26980939134127,1.343281797267423,0.564888043082009,-0.12097107786597402
22.72,17.285025082434963,1.25940213671538,0.5469498119193723,-0.12808414908952678
22.740000000000002,17.300240773528653,1.1755494994204128,0.5284058304287788,-0.13596470511044642
22.76,17.315456464622347,1.092232100707065,0.5093100656901819,-0.14469399732184188
22.78,17.33067215571604,1.009943586858185,0.489719362145766,-0.15436763535540413
22.8,17.34588784680973,0.9291584671746023,0.46969343929929397,-0.16509839204721133
22.82,17.361103537903425,0.8503277847653408,0.4492949261000411,-0.1770197166046251
22.84,17.37631922899712,0.7738750778814847,0.42858944737824906,-0.19029015014801878
22.86,17.39153492009081,0.7001926800332967,0.4076457827566484,-0.2050988945438793
22.88,17.406750611184503,0.6296384027266413,0.38653612529191217,-0.22167285762783298
22.9,17.421966302278193,0.5625326394807644,0.36533647636385425,-0.24028558734594857
22.92,17.43718199337189,0.4991559239413732,0.34412722590242467,-0.2612686127827757
22.94,17.452397684465584,0.4397469684913631,0.32299398400264556,-0.2850258223107164
22.96,17.467613375559274,0.38450120292094425,0.3020287524821698,-0.31205160052236425
22.98,17.482829066652968,0.3335698255937132,0.2813315537592841,-0.3429534480896435
23.0,17.498044757746662,0.2870593722925605,0.26101266870009615,-0.37847956931224885
23.02,17.513260448840352,0.2450318007109331,0.24119566918550292,-0.41955110697897396
23.04,17.528476139934046,0.20750508152445946,0.22202144762774634,-0.4672966819192173
23.06,17.543691831027736,0.17445428028901233,0.2036534001493175,-0.5230824276589825
23.080000000000002,17.55890752212143,0.14581310819932014,0.18628371232999755,-0.5885217203045047
23.1,17.574123213215124,0.12147591411678604,0.17014012437437845,-0.6654324972661244
23.12,17.589338904308818,0.10130008533843693,0.15549127464706647,-0.755685008316048
23.14,17.604554595402508,0.08510882038791578,0.14264635089261304,-0.8608566639571067
23.16,17.619770286496202,0.07269423370627237,0.1319414670162746,-0.9816172555135652
23.18,17.634985977589896,0.06382074951244476,0.12370313352445238,-1.116882413670431
23.2,17.650201668683586,0.05822874027154512,0.118184217439042,-1.2630596619345147
23.22,17.66541735977728,0.055638364116646244,0.11548576616706943,-1.4140196674494554
23.240000000000002,17.680633050870973,0.05575355514179137,0.1155013164134344,-1.5622644877586322
23.26,17.695848741964667,0.058266120657719966,0.11792130238209277,-1.70089129261625
23.28,17.71106443305836,0.06285990017249787,0.12229937804981506,-1.8251951089805352
23.3,17.72628012415205,0.06921494194642719,0.12814271708160957,-1.933109449017007
23.32,17.741495815245745,0.07701165436628798,0.13498472214284132,-2.024664422964821
23.34,17.756711506339435,0.08593489102116791,0.14242368067731245,-2.1011174810340916
23.36,17.77192719743313,0.09567793013565051,0.1501331668898725,-2.164226455833827
23.38,17.787142888526823,0.10594631089463746,0.15785675774685248,-2.2157998252246687
23.400000000000002,17.802358579620517,0.1164614910999262,0.1653969209948267,-2.257475971483817
23.42,17.817574270714207,0.1269642925227572,0.1726034173933758,-2.2906434976457843
23.44,17.8327899618079,0.13721810224143383,0.17936336917224494,-2.3164337925449483
23.46,17.848005652901595,0.14701180017277693,0.1855934992210866,-2.335744471290528
23.48,17.863221343995285,0.15616238496119195,0.19123437169779411,-2.3492722869643274
23.5,17.87843703508898,0.16451727238916192,0.19624626970622738,-2.3575457648143727
23.52,17.893652726182673,0.17195624257743702,0.20060634645835868,-2.3609538480861247
23.54,17.908868417276363,0.17839301448606193,0.20430674931820203,-2.3597697121676675
23.56,17.924084108370057,0.18377642866607857,0.20735348652944638,-2.3541701532937664
23.580000000000002,17.93929979946375,0.18809122188821448,0.20976586519408819,-2.344251445615985
23.6,17.954515490557444,0.19135838023225915,0.21157637142077743,-2.33004272340411
23.62,17.969731181651134,0.19363506049649004,0.2128308894470766,-2.3115179942194657
23.64,17.98494687274483,0.19501407339436128,0.21358916674970976,-2.2886079162196573
23.66,18.000162563838522,0.19562292596742736,0.21392542702437384,-2.261212505240497
23.68,18.015378254932212,0.19562242494521342,0.21392901227062977,-2.2292159583122824
23.7,18.030593946025906,0.1952048474095136,0.21370489918635224,-2.1925047340463473
23.72,18.045809637119596,0.19459169003403076,0.21337388575342647,-2.150989819968988
23.740000000000002,18.061025328213294,0.1940310133235812,0.21307218795241017,-2.1046336078919348
23.76,18.076241019306984,0.1937944025979732,0.21295013848959674,-2.053480844912801
23.78,18.091456710400678,0.194173572871307,0.213169664210478,-1.9976916418764517
23.8,18.10667240149437,0.19547665018654925,0.21390027092988434,-1.9375725969723272
23.82,18.121888092588062,0.19802416724905925,0.21531341881147395,-1.8736001530126385
23.84,18.137103783681756,0.20214481626709357,0.21757544434979842,-1.8064291734753068
23.86,18.15231947477545,0.20817100661605537,0.22083954731523622,-1.7368804314187989
23.88,18.16753516586914,0.21643427917717872,0.22523772095599148,-1.6659039733520349
23.900000000000002,18.182750856962834,0.22726063283141684,0.23087372235638953,-1.594520827519867
23.92,18.197966548056527,0.24096582149564938,0.2378181306945712,-1.5237515678419156
23.94,18.21318223915022,0.2578506821608926,0.24610618970224957,-1.4545443062191226
23.96,18.22839793024391,0.27819655552696076,0.2557385761601795,-1.3877148436970685
23.98,18.243613621337605,0.3022608609538793,0.2666846725878433,-1.3239078857387536
24.0,18.258829312431295,0.33027288650089304,0.2788875364595474,-1.2635822372767793
24.02,18.27404500352499,0.3624298527854535,0.2922696392831782,-1.2070172634562915
24.04,18.289260694618683,0.39889330625044295,0.30673856606992117,-1.1543344300886582
24.06,18.304476385712373,0.43978589324012773,0.32219211525572705,-1.1055268430310818
24.080000000000002,18.31969207680607,0.4851885610963791,0.33852251076810236,-1.060490723915619
24.1,18.33490776789976,0.5351382264279891,0.35561965864266815,-1.019054654239348
24.12,18.350123458993455,0.589625943895669,0.3733735233462737,-0.9810043423532512
24.14,18.36533915008715,0.6485956014614658,0.3916757694293084,-0.9461021640375744
24.16,18.38055484118084,0.7119431602607165,0.4104208325329026,-0.9141016816163966
24.18,18.395770532274533,0.7795164492624735,0.42950657172433554,-0.8847578356242745
24.2,18.410986223368226,0.8511155168895925,0.44883462938910534,-0.8578336687816808
24.22,18.426201914461917,0.9264935339793965,0.4683105961069715,-0.8331044185843745
24.240000000000002,18.44141760555561,1.0053582350597026,0.48784405167443995,-0.8103597010224609
24.26,18.456633296649304,1.0873738780618964,0.5073485319392976,-0.7894043657057969
24.28,18.471848987742998,1.172163696431312,0.5267414547139274,-0.770058465331317
24.3,18.48706467883669,1.2593128122265398,0.5459440261615303,-0.7521566646974093
24.32,18.502280369930382,1.3483715742913205,0.5648811408237759,-0.7355473203767591
24.34,18.517496061024072,1.4388592819641417,0.5834812829923154,-0.7200913903913108
24.36,18.532711752117766,1.5302682520459712,0.6016764336570511,-0.7056612803221717
24.38,18.54792744321146,1.622068184833097,0.6194019851834286,-0.6921396943019447
24.400000000000002,18.563143134305154,1.7137107838633483,0.636596664722673,-0.6794185326735749
24.42,18.578358825398848,1.8046345835111879,0.6532024668093667,-0.6673978597681199
24.44,18.593574516492538,1.8942699385979722,0.6691645954147686,-0.6559849529146585
24.46,18.60879020758623,1.9820441306144403,0.6844314157390307,-0.645093435686516
24.48,18.624005898679926,2.067386545878662,0.6989544161328536,-0.6346424932167609
24.5,18.639221589773616,2.149733881842053,0.7126881806680685,-0.6245561642545193
24.52,18.65443728086731,2.228535338720974,0.7255903729860709,-0.6147627028247025
24.54,18.669652971961003,2.3032577545859,0.737621732119473,-0.6051940014394719
24.56,18.684868663054694,2.373390642937011,0.748746080998188,-0.5957850674750714
24.580000000000002,18.700084354148387,2.4384510926005305,0.7589303483173762,-0.5864735443573524
24.6,18.71530004524208,2.4979884905038716,0.7681446043692833,-0.5771992694509878
24.62,18.73051573633577,2.551589028550268,0.7763621113362213,-0.5679038609263696
24.64,18.745731427429465,2.5988799564609053,0.7835593884221556,-0.558530326325839
24.66,18.76094711852316,2.6395335431625426,0.7897162920807335,-0.5490226860312619
24.68,18.77616280961685,2.6732707101294295,0.7948161114927832,-0.5393256053308169
24.7,18.791378500710543,2.6998643011392005,0.79884567936938,-0.5293840292884213
24.72,18.806594191804233,2.7191419542464814,0.8017954981186741,-0.5191428151403467
24.740000000000002,18.82180988289793,2.7309885434886496,0.8036598814228392,-0.5085463574944353
24.76,18.837025573991625,2.735348159986188,0.8044371113309835,-0.4975382022127649
24.78,18.852241265085315,2.73222560472459,0.8041296110838873,-0.48606064555322104
24.8,18.86745695617901,2.721687368440257,0.8027441340435012,-0.47405431597824826
24.82,18.882672647272702,2.70386207768928,0.8002919692947965,-0.4614577370743363
24.84,18.897888338366393,2.6789403903387665,0.7967891647050831,-0.4482068713503166
24.86,18.913104029460087,2.6471743283652813,0.7922567684449479,-0.43423464640822373
24.88,18.92831972055378,2.6088760409247698,0.7867210901660829,-0.4194704672538045
24.900000000000002,18.94353541164747,2.564415996104117,0.7802139831540634,-0.40383972152084086
24.92,18.958751102741164,2.514220605527612,0.7727731487753302,-0.3872632883595012
24.94,18.973966793834858,2.4587692919650976,0.7644424643448212,-0.36965706697323353
24.96,18.98918248492855,2.398591016213686,0.7552723350580473,-0.3509315476273195
24.98,19.004398176022242,2.3342602856926646,0.7453200697308557,-0.3309914567933415
25.0,19.019613867115932,2.2663926733309836,0.7346502786048859,-0.3097355193625936
25.02,19.034829558209626,2.195639881334273,0.7233352891893019,-0.2870563949664279
25.04,19.05004524930332,2.1226843902124415,0.7114555727491285,-0.2628408626745361
25.06,19.06526094039701,2.0482337389396434,0.6991001692883906,-0.23697034872181813
25.080000000000002,19.080476631490708,1.9730144872115147,0.6863670923380475,-0.20932191492380295
25.1,19.0956923225844,1.897765915381342,0.6733636861598697,-0.17976984963752998
25.12,19.110908013678092,1.823233521696011,0.6602068967921052,-0.1481880256028662
25.14,19.126123704771786,1.7501623798458468,0.6470234045579584,-0.11445320470953967
25.16,19.14133939586548,1.679290422486531,0.6339495494999376,-0.07844947076612475
25.18,19.15655508695917,1.6113417182338026,0.6211309636646877,-0.04007394640723279
25.2,19.171770778052863,1.5470198105859936,0.6087218073119471,0.0007561151490087338
25.22,19.186986469146554,1.487001187257306,0.5968834935338385,0.04409489483551864
25.240000000000002,19.202202160240248,1.4319289474668722,0.5857827828092359,0.08995845277894814
25.26,19.21741785133394,1.3824067328110345,0.5755891426959618,0.13831454460013926
25.28,19.23263354242763,1.3389929844668131,0.566471305906855,0.1890726261564648
25.3,19.247849233521325,1.302195585671143,0.5585930287406486,0.24207520290864362
25.32,19.26306492461502,1.272466943766176,0.552108152774305,0.29709194864849514
25.34,19.27828061570871,1.2501995606978085,0.5471551986151053,0.35381810360685195
25.36,19.293496306802403,1.2357221348232201,0.5438518523789186,0.41187844987085426
25.38,19.308711997896097,1.2292962303855575,0.5422898133113268,0.47083758638479706
25.400000000000002,19.32392768898979,1.231113544199843,0.5425305196476826,0.5302163226544673
25.42,19.339143380083485,1.2412937921542948,0.5446022313271506,0.5895129467578368
25.44,19.35435907117718,1.2598832312297645,0.5484988145373111,0.6482271699215778
25.46,19.36957476227087,1.2868538260443074,0.5541803643400821,0.7058839907156865
25.48,19.384790453364563,1.322103062588667,0.5615755628348945,0.7620547371781631
25.5,19.400006144458253,1.365454405949265,0.5705854568362908,0.816373129904484
25.52,19.415221835551947,1.416658393500768,0.5810881970430435,0.8685451753195523
25.54,19.43043752664564,1.4753943503434357,0.5929442321215425,0.9183527599067277
25.56,19.44565321773933,1.5412727096592107,0.6060014900626006,0.9656517060372484
25.580000000000002,19.460868908833024,1.6138379171357542,0.6201001791209136,1.0103656075369456
25.6,19.47608459992672,1.6925718955823186,0.6350769675162737,1.0524769583267084
25.62,19.49130029102041,1.7768980432383614,0.6507684248417082,1.0920169903198187
25.64,19.506515982114102,1.8661857369196468,0.6670137093013915,1.1290553623152597
25.66,19.521731673207796,1.959755308928436,0.6836565554478901,1.163690501715265
25.68,19.536947364301486,2.056883464425937,0.7005466577313745,1.1960410769058067
25.7,19.55216305539518,2.1568091036008923,0.7175405615805861,1.2262388146512524
25.72,19.56737874648887,2.2587395103580548,0.7345021732023919,1.254422688167084
25.740000000000002,19.582594437582568,2.3618568663180213,0.7513029886042006,1.2807343827070932
25.76,19.59781012867626,2.4653250456257183,0.7678221268105747,1.3053148824848724
25.78,19.613025819769952,2.5682966424232063,0.7839462354774475,1.3283019994103806
25.8,19.628241510863646,2.669920178896973,0.7995693212643359,1.3498286660873204
25.82,19.64345720195734,2.7693474376778795,0.8145925434907914,1.370021831670483
25.84,19.65867289305103,2.865740858183983,0.828923998153114,1.3890018217724904
25.86,19.673888584144724,2.9582809324430173,0.8424785102716112,1.406882047715007
25.88,19.689104275238414,3.0461735322156187,0.8551774455300666,1.4237689732244823
25.900000000000002,19.70431996633211,3.1286570960850213,0.8669485469311867,1.4397622667952106
25.92,19.7195356574258,3.205009602802761,0.8777257983946236,1.454955084903651
25.94,19.734751348519495,3.2745552558013173,0.8874493145693598,1.469434445096463
25.96,19.749967039613185,3.3366708035806596,0.8960652543675097,1.4832816589955327
25.98,19.76518273070688,3.3907914217968482,0.903525754647209,1.4965728038781574
26.0,19.780398421800573,3.4364160854398733,0.9097888799146152,1.5093792181277546
26.02,19.795614112894263,3.473112363514929,0.9148185837518525,1.5217680109074698
26.04,19.810829803987957,3.5005205741458667,0.9185846778085323,1.5338025802318866
26.06,19.826045495081647,3.518357244937988,0.9210628045413898,1.545543136489004
26.080000000000002,19.841261186175345,3.5264178316311927,0.9222344103876189,1.5570472306311067
26.1,19.85647687726904,3.5245786574062095,0.9220867166644063,1.5683702878949992
26.12,19.87169256836273,3.51279804544788,0.9206126861615254,1.5795661491760895
26.14,19.886908259456423,3.4911166282913655,0.917810984106102,1.590687623179547
26.16,19.902123950550113,3.45965682882553,0.9136859329067532,1.6017870532915035
26.18,19.917339641643807,3.4186215193322482,0.9082474608127405,1.6129169038177302
26.2,19.9325553327375,3.368291876342255,0.9015110453434305,1.6241303708719435
26.22,19.94777102383119,3.309024460135788,0.893497653051217,1.6354820237898924
26.240000000000002,19.962986714924888,3.2412475581728017,0.8842336778783144,1.6470284835114122
26.26,19.97820240601858,3.1654568414030564,0.8737508810619273,1.6588291449060248
26.28,19.993418097112272,3.08221039109344,0.8620863362424608,1.6709469504916812
26.3,20.008633788205962,2.992123161379709,0.8492823841490182,1.6834492233558465
26.32,20.023849479299656,2.8958609490773597,0.8353866019875954,1.6964085672380156
26.34,20.03906517039335,2.794133947297155,0.8204517934521769,1.7099038415211347
26.36,20.05428086148704,2.6876899630383377,0.804536006122261,1.7240212180729453
26.38,20.069496552580734,2.5773073811625977,0.7877025838978963,1.7388553251276002
26.400000000000002,20.084712243674428,2.4637879579731816,0.770020263032362,1.754510480187496
26.42,20.09992793476812,2.3479495270713073,0.7515633212020306,1.7711020085075206
26.44,20.115143625861812,2.230618698279386,0.7324117898069016,1.788757635027678
26.46,20.130359316955506,2.1126236272891674,0.7126517401605353,1.807618924138491
26.48,20.1455750080492,1.9947869294029488,0.6923756541385476,1.8278427213160395
26.5,20.16079069914289,1.877918805420336,0.6716828887957086,1.8496025206547189
26.52,20.176006390236584,1.7628104415180132,0.6506802418011778,1.8730896390371135
26.54,20.191222081330277,1.650227738050205,0.6294826193487704,1.8985140166880883
26.56,20.206437772423968,1.540905414748238,0.6082137991428693,1.9261043802581843
26.580000000000002,20.221653463517665,1.4355415320235352,0.5870072663171937,1.9561073939295344
26.6,20.236869154611355,1.3347924601968657,0.5660070773549079,1.988785284467899
26.62,20.25208484570505,1.239268320705662,0.5453686734690161,2.024411262396593
26.64,20.26730053679874,1.1495289159022946,0.5252595177359961,2.0632618917800825
26.66,20.282516227892433,1.0660801571536354,0.5058593679552894,2.10560542756846
26.68,20.297731918986127,0.9893709947734806,0.4873599214009871,2.1516851209353316
26.7,20.312947610079817,0.9197908480208525,0.4699634867538543,2.2016967158620697
26.72,20.32816330117351,0.8576675290958065,0.45388027236072653,2.2557599944197735
26.740000000000002,20.343378992267205,0.8032656518348062,0.43932386404210755,2.3138854475061073
26.76,20.3585946833609,0.7567855136699677,0.4265045510141592,2.3759390269541236
26.78,20.373810374454592,0.7183624383355891,0.41562040061822936,2.4416102771619017
26.8,20.38902606554828,0.6880665667026733,0.40684641280585315,2.510391297738134
26.82,20.404241756641973,0.665903083847752,0.40032266688169554,2.5815748183433453
26.84,20.419457447735667,0.6518128718388994,0.39614296320700587,2.654277912204167
26.86,20.43467313882936,0.6456735795269992,0.39434582355598613,2.727492957565764
26.88,20.449888829923054,0.6473011026047857,0.39490960552495236,2.8001603474750074
26.900000000000002,20.465104521016748,0.6564514690910528,0.3977528175292334,2.8712507711332385
26.92,20.480320212110442,0.6728231269285061,0.4027396563220029,2.9398417170719373
26.94,20.495535903204132,0.6960596313186329,0.4096897043857176,3.005174780238134
26.96,20.510751594297826,0.7257527295176374,0.4183900104310097,3.0666864077028166
26.98,20.525967285391516,0.7614458399119712,0.42860762876602426,3.1240120138973633
27.0,20.54118297648521,0.802637920150346,0.44010104419746005,-3.1062162718968698
27.02,20.556398667578904,0.848787715863125,0.4526295193778762,-3.057658260704228
27.04,20.571614358672594,0.8993183770592736,0.4659600179615097,-3.0134125298862036
27.06,20.586830049766288,0.9536224237182296,0.4798718194134129,-2.973309376702586
27.080000000000002,20.60204574085998,1.0110670355513776,0.4941592029875871,-2.9371259842385817
27.1,20.617261431953676,1.0709996335847336,0.5086326693479067,-2.9046104644589597
27.12,20.63247712304737,1.1327537133907981,0.5231191479882782,-2.875499980516706
27.14,20.647692814141056,1.1956548817768748,0.5374615631732651,-2.8495336111269998
27.16,20.66290850523475,1.259027040865476,0.5515180400299396,-2.8264609297104264
27.18,20.678124196328444,1.322198656123021,0.5651609477529166,-2.806047299755769
27.2,20.693339887422137,1.3845090383744036,0.5782759079129192,-2.7880767742214907
27.22,20.70855557851583,1.4453145644950496,0.590760844261853,-2.772353320986775
27.240000000000002,20.723771269609525,1.5039947576064492,0.6025251142273021,-2.7587009285538966
27.26,20.73898696070322,1.5599581454492295,0.6134887382729604,-2.746962999577232
27.28,20.75420265179691,1.6126478153562402,0.6235817282595195,-2.7370013217388527
27.3,20.7694183428906,1.6615465859965184,0.6327435071755514,-2.728694815342427
27.32,20.784634033984293,1.7061817198522249,0.6409224080527114,-2.7219381907130327
27.34,20.799849725077987,1.7461291061742372,0.6480752380391247,-2.7166406011633017
27.36,20.81506541617168,1.7810168518225282,0.6541668934428768,-2.7127243443252667
27.38,20.83028110726537,1.8105282267522966,0.6591700123778476,-2.7101236422245694
27.400000000000002,20.845496798359065,1.8344039217137151,0.6630646529930334,-2.708783515597054
27.42,20.86071248945276,1.8524435877011456,0.665837986856135,-2.708658758372797
27.44,20.875928180546452,1.8645066394944365,0.6674839987170592,-2.709713012346608
27.46,20.891143871640146,1.8705123189334927,0.6680031854949365,-2.711917938652427
27.48,20.906359562733833,1.8704390270048066,0.6674022488595673,-2.7152524809484873
27.5,20.921575253827527,1.8643229470386586,0.6656937771916984,-2.719702214640083
27.52,20.93679094492122,1.852255993983647,0.6628959140027123,-2.725258776638608
27.54,20.952006636014914,1.834383136520671,0.6590320110807966,-2.7319193708270526
27.56,20.96722232710861,1.810899149420493,0.654130265722514,-2.739686345410325
27.580000000000002,20.982438018202302,1.7820448627795713,0.6482233424230407,-2.74856683957091
27.6,20.997653709295996,1.7481029823916288,0.641347980353817,-2.758572498264912
27.62,21.012869400389686,1.7093935613512485,0.6335445888691755,-2.769719255546229
27.64,21.028085091483376,1.6662692069335776,0.6248568341685233,-2.7820271884794394
27.66,21.04330078257707,1.6191101087801485,0.6153312211077675,-2.7955204454879383
27.68,21.058516473670764,1.5683189744273704,0.6050166750099853,-2.8102272548776632
27.7,21.073732164764458,1.5143159562733217,0.5939641291723441,-2.8261800212736934
27.72,21.088947855858148,1.457533650277128,0.5822261246023509,-2.843415519794001
27.740000000000002,21.104163546951842,1.398412241145195,0.5698564293353342,-2.86197519993741
27.76,21.119379238045536,1.3373948616667803,0.556909685478074,-2.8819056133357175
27.78,21.13459492913923,1.2749232254263916,0.5434410928797292,-2.903258981635223
27.8,21.14981062023292,1.2114335826043998,0.529506139039639,-2.926093922705084
27.82,21.16502631132661,1.1473530382647823,0.5151603855108522,-2.9504763549161392
27.84,21.180242002420304,1.0830962617251316,0.5004593216388786,-2.9764806000785535
27.86,21.195457693513998,1.0190626046420448,0.48545829697744786,-3.0041907052767813
27.88,21.21067338460769,0.9556336346357739,0.47021254413525565,-3.0337020015340945
27.900000000000002,21.225889075701385,0.8931710809581546,0.45477730410870676,-3.0651229118098784
27.92,21.24110476679508,0.8320151791609192,0.4392080663026553,-3.0985770105062933
27.94,21.256320457888773,0.7724833932293222,0.4235609353457778,-3.1342053187699412
27.96,21.271536148982463,0.7148694864363847,0.4078931362983375,3.1110165167082244
27.98,21.286751840076153,0.6594429064238057,0.3922636686122166,3.0705344100741567
28.0,21.301967531169847,0.6064484458620427,0.3767341166837242,3.0273251592653385
28.02,21.31718322226354,0.5561061375482268,0.36136962011509627,2.9811530337688796
28.04,21.332398913357235,0.5086113419695266,0.34623999839201175,2.9317536647105897
28.06,21.347614604450925,0.46413498614577975,0.33142101033701105,2.8788340471779907
28.080000000000002,21.36283029554462,0.422823914846731,0.31699570517370507,2.8220749158227654
28.1,21.378045986638313,0.38480131889798486,0.3030557850586723,2.761136826374286
28.12,21.393261677732006,0.35016721003125895,0.28970284362171367,2.6956717005456072
28.14,21.408477368825697,0.3189989173573622,0.2770492674054335,2.6253419657836856
28.16,21.423693059919387,0.29135158677291884,0.26521848750568416,2.549849535404943
28.18,21.43890875101308,0.26725867116351765,0.254344158448917,2.468976362616064
28.2,21.454124442106774,0.24673240586275824,0.2445677519794188,2.382636645448159
28.22,21.46934013320047,0.22976427017249534,0.23603404585029122,2.2909374417254953
28.240000000000002,21.484555824294162,0.21632544159524514,0.2288841504727823,2.19423937838457
28.26,21.499771515387856,0.20636725454636462,0.2232461361414603,2.0932033188013763
28.28,21.51498720648155,0.19982167948603546,0.21922401518647266,1.9888049595036839
28.3,21.530202897575236,0.1966018415138251,0.2168866484784796,1.8823012145497693
28.32,21.54541858866893,0.19660259937211322,0.21625874081955626,1.7751426001144508
28.34,21.560634279762624,0.19970120646576106,0.21731605531782386,1.6688428352316156
28.36,21.575849970856318,0.20575807492093645,0.21998612195381148,1.5648330844695861
28.38,21.59106566195001,0.21461766191299603,0.2241542989991532,1.4643345738129303
28.400000000000002,21.606281353043702,0.22610949459271978,0.22967368879085506,1.3682758229308698
28.42,21.621497044137396,0.2400493460626194,0.23637669592180052,1.2772640544842089
28.44,21.63671273523109,0.2562405701727357,0.24408612571497462,1.191603705774187
28.46,21.65192842632478,0.2744755976140709,0.2526244007456454,1.1113453947158238
28.48,21.667144117418474,0.294537590110167,0.2618203002194556,1.0363474815774711
28.5,21.682359808512164,0.31620224366719185,0.2715132818621397,0.9663365863514002
28.52,21.697575499605858,0.3392397260732878,0.28155581307548666,0.9009592577425224
28.54,21.71279119069955,0.36341672836016414,0.29181425453502846,0.8398219239110688
28.56,21.728006881793245,0.38849860495577104,0.3021688004347819,0.7825194068228026
28.580000000000002,21.74322257288694,0.4142515729522529,0.31251287322280097,0.728653810638239
28.6,21.758438263980633,0.4404449374355295,0.3227522537500472,0.6778460298553137
28.62,21.773653955074327,0.4668533072895116,0.3328041276851572,0.6297419726633285
28.64,21.788869646168013,0.4932587643762645,0.34259615404508603,0.5840152100968677
28.66,21.804085337261707,0.5194529485418116,0.3520656103007122,0.5403673388267729
28.68,21.8193010283554,0.5452390215122591,0.3611586357658168,0.49852697405975105
28.7,21.834516719449095,0.5704334743768413,0.3698295755335603,0.4582479967503991
28.72,21.84973241054279,0.5948677459552982,0.3780404166392299,0.41930746420187803
28.740000000000002,21.86494810163648,0.6183896227971672,0.3857603031152494,0.3815034419222213
28.76,21.880163792730173,0.6408643957587401,0.39296511490928865,0.34465291200024695
28.78,21.895379483823866,0.6621757529011347,0.3996370957907289,0.3085898456907876
28.8,21.910595174917557,0.6822263937069124,0.40576451646092393,0.2731634846394529
28.82,21.92581086601125,0.7009383551680912,0.41134136056392057,0.2382368483010843
28.84,21.94102655710494,0.7182530460032694,0.41636702286024296,0.2036854689819133
28.86,21.956242248198635,0.7341309909664915,0.4208460103182213,0.1693963466659127
28.88,21.97145793929233,0.7485512927788704,0.42478763822884663,0.1352671107272693
28.900000000000002,21.986673630386022,0.7615108245196893,0.42820571464781954,0.10120537301348799
28.92,22.001889321479716,0.7730231702421406,0.4311182075323758,0.0671282554369409
28.94,22.01710501257341,0.7831173360457342,0.43354688990805396,0.03296207437368921
28.96,22.032320703667096,0.7918362577527205,0.4355169593196323,-0.001357836647501709
28.98,22.04753639476079,0.7992351346547366,0.43705662874250445,-0.03588718556142572
29.0,22.062752085854484,0.8053796214654767,0.4381966871078603,-0.07067268276482919
29.02,22.077967776948178,0.8103439126182366,0.4389700286737268,-0.10575192747728218
29.04,22.09318346804187,0.8142087543701564,0.4394111516937232,-0.14115324468362367
29.06,22.108399159135566,0.8170594208172588,0.439555628221301,-0.17689550026761075
29.080000000000002,22.123614850229256,0.818983689912784,0.4394395484462106,-0.21298792421086382
29.1,22.13883054132295,0.820069854926146,0.439098944675127,-0.2494299735156425
29.12,22.154046232416643,0.8204048055270619,0.4385692018940615,-0.28621126740073166
29.14,22.169261923510334,0.8200722108660443,0.43788446371030537,-0.3233116268845635
29.16,22.184477614604027,0.8191508346910723,0.437077044257961,-0.36070124870588355
29.18,22.199693305697718,0.8177130097540157,0.4361768582298706,-0.3983410393290798
29.2,22.21490899679141,0.815823295560449,0.43521088241763417,-0.43618312839041556
29.22,22.230124687885105,0.8135373399730383,0.4342026628459241,-0.47417157243656033
29.240000000000002,22.2453403789788,0.8109009613474427,0.43317188163708514,-0.5122432495276356
29.26,22.260556070072493,0.807949463822581,0.4321339970339008,-0.5503289338384848
29.28,22.275771761166187,0.8047071941673494,0.43109996849352367,-0.5883545276475819
29.3,22.290987452259873,0.8011873442765705,0.43007607646640006,-0.6262424170643507
29.32,22.306203143353567,0.7973919990616878,0.42906384348991444,-0.6639129085596845
29.34,22.32141883444726,0.7933124251749177,0.42806005973060496,-0.7012856967688126
29.36,22.336634525540955,0.7889295917997288,0.4270569123330145,-0.7382813108200988
29.38,22.35185021663465,0.7842149107008822,0.4260422141430914,-0.7748224869396234
29.400000000000002,22.367065907728342,0.7791311789184192,0.42499972383951934,-0.810835419211
29.42,22.382281598822033,0.7736337039759746,0.42390954646870704,-0.8462508476523226
29.44,22.397497289915727,0.7676715883108045,0.42274860102627393,-0.881004952406035
29.46,22.412712981009417,0.7611891468795307,0.4214911401744465,-0.9150400338166874
29.48,22.42792867210311,0.7541274295990661,0.4201093064660683,-0.9483049694352859
29.5,22.443144363196804,0.7464258184926393,0.41857370952261974,-0.9807554495569929
29.52,22.458360054290495,0.7380236681646579,0.4168540093840164,-1.0123540019798924
29.54,22.47357574538419,0.7288619575542157,0.4149194925689364,-1.043069823733689
29.56,22.488791436477882,0.718884920842072,0.41273962909182826,-1.0728784423058482
29.580000000000002,22.504007127571576,0.7080416259108233,0.4102846006119739,-1.1017612313797809
29.6,22.51922281866527,0.6962874698973565,0.40752579189248306,-1.1297048064835054
29.62,22.534438509758964,0.683585563107556,0.4044362396999656,-1.1567003245496255
29.64,22.54965420085265,0.6699079748692043,0.4009910350891032,-1.1827427085955118
29.66,22.564869891946344,0.6552368177439121,0.39716767663264974,-1.207829814939487
29.68,22.580085583040038,0.6395651498509096,0.3929463735494215,-1.2319615559289834
29.7,22.595301274133732,0.6228976788230511,0.38831029884847856,-1.2551389863566322
29.72,22.610516965227426,0.6052512550331244,0.38324579356476035,-1.2773633567816594
29.740000000000002,22.62573265632112,0.5866551461288054,0.3777425239405471,-1.298635131971024
29.76,22.64094834741481,0.5671510894887888,0.3717935940486569,-1.3189529676556007
29.78,22.656164038508503,0.5467931238734991,0.3653956169011306,-1.3383126337101476
29.8,22.671379729602194,0.525647206169424,0.3585487475874332,-1.3567058665884149
29.82,22.686595420695888,0.5037906236173626,0.3512566824854235,-1.3741191281860043
29.84,22.70181111178958,0.481311216153415,0.34352662913239024,-1.3905322420086887
29.86,22.71702680288327,0.4583064273596733,0.3353692519792186,-1.4059168702714007
29.88,22.732242493976965,0.43488220593212645,0.32679860002752087,-1.4202347869558778
29.900000000000002,22.74745818507066,0.4111517824105704,0.3178320233219683,-1.4334358914511043
29.92,22.762673876164353,0.38723434810981416,0.3084900865024591,-1.4454558946653162
29.94,22.777889567258047,0.36325366467644926,0.2987964891928153,-1.4562135938531318
29.96,22.793105258351734,0.33933663341474585,0.2887780050160003,-1.4656076332821304
29.98,22.808320949445427,0.315611853470557,0.2784644536130971,-1.4735126248475074
30.0,22.82353664053912,0.292208197123216,0.26788872337678404,-1.4797744758348856
30.02,22.838752331632815,0.2692534288472075,0.2570868669109168,-1.4842047412362338
30.04,22.85396802272651,0.24687289251625089,0.24609829676599865,-1.4865737884486514
30.060000000000002,22.869183713820203,0.225188288215179,0.23496611608165904,-1.4866025401376437
30.080000000000002,22.884399404913896,0.2043165567022811,0.22373762766973818,-1.4839525619013862
30.1,22.899615096007587,0.18436888574001387,0.2124650758942927,-1.4782143156023375
30.12,22.91483078710128,0.16544984843312704,0.20120668800571623,-1.4688935647661925
30.14,22.93004647819497,0.14765667951735395,0.19002809361882816,-1.455396301511414
30.16,22.945262169288664,0.1310786913838342,0.17900420818917417,-1.4370133521604789
30.18,22.96047786038236,0.11579682765471944,0.16822165824140117,-1.412907322538181
30.2,22.97569355147605,0.10188334847816805,0.15778178139069213,-1.382107236550139
30.22,22.990909242569742,0.08940163852213345,0.14780411278475986,-1.343520695349528
30.240000000000002,23.006124933663436,0.07840612601307839,0.1384300044886252,-1.2959800336952254
30.26,23.02134062475713,0.06894229917924122,0.12982552441171233,-1.2383469472193684
30.28,23.036556315850824,0.06104680516779126,0.1221819777326887,-1.1697050313133774
30.3,23.05177200694451,0.05474761593825406,0.1157113918333895,-1.089660248554693
30.32,23.066987698038204,0.050064245790053974,0.11063368446075504,-0.9987267844007931
30.34,23.082203389131898,0.04700800601278843,0.10715329223464988,-0.898688423662101
30.36,23.097419080225592,0.04558228360281191,0.10542721916489639,-0.7927280679845673
30.38,23.112634771319286,0.04578283296496011,0.10553317850666717,-0.6851189524995135
30.400000000000002,23.12785046241298,0.04759807191112486,0.10745098006894946,-0.5804698259022698
30.42,23.143066153506673,0.05100937593999788,0.11106654559262603,-0.48281667195345335
30.44,23.158281844600364,0.05599136759803969,0.11619664311574586,-0.3949715523862312
30.46,23.173497535694054,0.0625122005327512,0.12262269091534428,-0.3183452593753129
30.48,23.188713226787748,0.07053384050720979,0.13012108271734016,-0.2531632179640154
30.5,23.20392891788144,0.08001234801815826,0.1384834259639629,-0.19885056125541295
30.52,23.219144608975135,0.09089816911455273,0.1475264212640778,-0.1544013595393456
30.54,23.234360300068825,0.10313644245621845,0.15709429709329983,-0.11864955045425538
30.560000000000002,23.24957599116252,0.116667331489964,0.16705707761222757,-0.09043491110052393
30.580000000000002,23.264791682256213,0.131426390810077,0.1773070893437961,-0.06868904492994503
30.6,23.280007373349907,0.14734497528286283,0.18775510983488952,-0.05247026301287138
30.62,23.295223064443597,0.16435069936414948,0.19832683376743068,-0.04096968379884703
30.64,23.310438755537287,0.18236795226096092,0.20895990495852654,-0.03350301771056833
30.66,23.32565444663098,0.20131847226457467,0.21960154717667102,-0.029496441777862523
30.68,23.340870137724675,0.22112198079923928,0.23020673407288486,-0.028471036372315833
30.7,23.35608582881837,0.24169687362262948,0.24073680888494556,-0.030027941825739948
30.72,23.371301519912063,0.26296096331492436,0.2511584636780339,-0.03383512305828698
30.740000000000002,23.386517211005756,0.2848322638569698,0.261442998115223,-0.039615977685894324
30.76,23.40173290209945,0.30722980488258145,0.27156579082374555,-0.04713971413042233
30.78,23.41694859319314,0.3300744602508985,0.281505928857191,-0.05621329977937556
30.8,23.43216428428683,0.35328977306880915,0.29124595136966636,-0.06667474477970235
30.82,23.447379975380525,0.37680275732998325,0.3007716722502178,-0.07838749576212158
30.84,23.46259566647422,0.4005446550438023,0.3100720533443899,-0.09123574025301713
30.86,23.477811357567912,0.4244516271760972,0.31913910535685913,-0.10512045408264548
30.88,23.493027048661602,0.4484653569863326,0.32796779792023667,-0.11995605484796328
30.900000000000002,23.508242739755296,0.47253354543192927,0.3365559639190928,-0.13566755202238143
30.92,23.52345843084899,0.4966102802184196,0.3449041862076287,-0.15218810791326312
30.94,23.538674121942684,0.5206562627631115,0.3530156575341676,-0.1694569434168502
30.96,23.553889813036374,0.5446388807305311,0.36089600692114787,-0.18741753877325765
30.98,23.569105504130064,0.5685321178028744,0.3685530880422537,-0.2060160927082508
31.0,23.584321195223758,0.5923162968254019,0.37599672735233736,-0.22520021384911812
31.02,23.599536886317452,0.6159776572870896,0.38323843189437773,-0.2449178264302359
31.04,23.614752577411146,0.6395077730879279,0.3902910588372659,-0.2651162782912711
31.060000000000002,23.62996826850484,0.6629028215449466,0.3971684508687601,-0.28574164319402245
31.080000000000002,23.645183959598533,0.6861627194158473,0.40388504353666577,-0.3067382116862077
31.1,23.660399650692227,0.7092901462173131,0.4104554524355414,-0.32804816526968417
31.12,23.675615341785914,0.7322894791000181,0.416894049697979,-0.34961142766050096
31.14,23.690831032879608,0.7551656668932765,0.4232145404843019,-0.3713656846890851
31.16,23.7060467239733,0.7779230734915359,0.42942955098804775,-0.39324656117296203
31.18,23.721262415066995,0.8005643224533969,0.4355502398149252,-0.41518793926237735
31.2,23.73647810616069,0.8230891754138838,0.44158594439883786,-0.4371223987216601
31.22,23.75169379725438,0.8454934766639326,0.4475438733696201,-0.45898175580142464
31.240000000000002,23.766909488348073,0.8677681949994849,0.4534288544994133,-0.48069767420043197
31.26,23.782125179441767,0.8898985917269329,0.4592431460832742,-0.5022023194772149
31.28,23.79734087053546,0.9118635405961868,0.46498631744687224,-0.5234290274210703
31.3,23.81255656162915,0.9336350215157267,0.47065520184281284,-0.544312957473652
31.32,23.82777225272284,0.9551778053125872,0.476243922440187,-0.5647917043101471
31.34,23.842987943816535,0.9764493416880669,0.48174398957920844,-0.5848058440053397
31.36,23.85820363491023,0.9973998570603158,0.48714446509831705,-0.6042993955711441
31.38,23.873419326003923,1.017972663359103,0.4924321874694209,-0.6232201837186552
31.400000000000002,23.888635017097616,1.038104673230805,0.4975920497945043,-0.641520094089473
31.42,23.90385070819131,1.0577271117127793,0.5026073214851813,-0.6591552175414824
31.44,23.919066399285004,1.0767664094137217,0.50746000369153,-0.6760858850288771
31.46,23.93428209037869,1.095145257742331,0.512131208258305,-0.6922765989230708
31.48,23.949497781472385,1.112783802899969,0.5166015501284547,-0.7076958701057058
31.5,23.96471347256608,1.129600952284875,0.5208515436253799,-0.7223159727454286
31.52,23.979929163659772,1.145515764726838,0.5248619938541094,-0.7361126303480905
31.54,23.995144854753466,1.1604488946117044,0.5286143754882406,-0.7490646475164191
31.560000000000002,24.010360545847156,1.1743240594700524,0.5320911923762914,-0.7611535019902937
31.580000000000002,24.02557623694085,1.1870695009701535,0.5352763126361733,-0.7723629111108553
31.6,24.040791928034544,1.1986194104089236,0.5381552751476167,-0.7826783860201447
31.62,24.056007619128234,1.2089152916549324,0.5407155645487239,-0.7920867858246501
31.64,24.071223310221928,1.2179072369630148,0.5429468529554944,-0.8005758827553249
31.66,24.086439001315618,1.225555094030426,0.5448412076238149,-0.8081339481595323
31.68,24.101654692409312,1.2318295059680509,0.5463932646440468,-0.8147493680517047
31.7,24.116870383503006,1.2367128093868018,0.5476003694875258,-0.820410295989664
31.72,24.132086074596696,1.2401997794140698,0.548462685807458,-0.8251043502689503
31.740000000000002,24.147301765690393,1.242298214027869,0.5489832743321396,-0.8288183618531315
31.76,24.162517456784087,1.243029353514089,0.5491681439771284,-0.8315381790783366
31.78,24.17773314787778,1.2424281340083212,0.549026277447021,-0.8332485349642467
31.8,24.192948838971468,1.2405432768911169,0.5485696335985096,-0.8339329828946062
31.82,24.20816453006516,1.2374372181996023,0.547813128697256,-0.8335739064482469
31.84,24.223380221158855,1.233185884154807,0.546774598423498,-0.8321526092023773
31.86,24.23859591225255,1.2278783203557282,0.545474742068951,-0.8296494903151898
31.88,24.253811603346243,1.221616183162837,0.5439370498261422,-0.826044311531043
31.900000000000002,24.269027294439933,1.2145131023032718,0.5421877134102017,-0.821316560827288
31.92,24.284242985533627,1.2066939238261511,0.5402555194881207,-0.815445917110579
31.94,24.29945867662732,1.1982938422689813,0.5381717245459839,-0.808412819028651
31.96,24.31467436772101,1.1894574303547074,0.5359699089355351,-0.8001991389388896
31.98,24.329890058814705,1.1803375738017508,0.5336858069568269,-0.7907889602126439
32.0,24.345105749908395,1.1710943179939477,0.5313571090174412,-0.7801694522161997
