region,k,n_eff,delta_chi2,amp,phase
sideband_subtracted_charm_trimmed,6.0,4.564707328107824,99.92324693459886,1.174707250812991,-1.9382197907318874
sideband_subtracted_charm_trimmed,6.02,4.579923019201517,98.14946152293123,1.159429752546945,-1.9813841009120337
sideband_subtracted_charm_trimmed,6.04,4.59513871029521,96.54091257309119,1.145092727385934,-2.0265295873484
sideband_subtracted_charm_trimmed,6.06,4.610354401388903,95.12795765464762,1.1319853902312573,-2.073559473821361
sideband_subtracted_charm_trimmed,6.08,4.6255700924825955,93.9384153557221,1.1203866839507413,-2.1223254212067673
sideband_subtracted_charm_trimmed,6.1,4.640785783576288,92.99715480751183,1.1105569719939061,-2.1726260407664295
sideband_subtracted_charm_trimmed,6.12,4.656001474669981,92.32575138804168,1.102729687856216,-2.224208400626806
sideband_subtracted_charm_trimmed,6.14,4.671217165763673,91.94221949500934,1.0971035521620933,-2.2767729999948614
sideband_subtracted_charm_trimmed,6.16,4.686432856857366,91.86083008682544,1.0938360138569485,-2.3299823108694047
sideband_subtracted_charm_trimmed,6.18,4.701648547951058,92.0920170594909,1.0930385308045136,-2.3834725090374205
sideband_subtracted_charm_trimmed,6.2,4.716864239044752,92.6423727156689,1.0947741670678341,-2.4368675258906864
sideband_subtracted_charm_trimmed,6.22,4.732079930138445,93.51472886175179,1.099057761535257,-2.4897941638274057
sideband_subtracted_charm_trimmed,6.24,4.747295621232137,94.70831669145991,1.1058586502504728,-2.541896831427509
sideband_subtracted_charm_trimmed,6.26,4.76251131232583,96.21899578983721,1.1151056526265932,-2.592850521281456
sideband_subtracted_charm_trimmed,6.28,4.777727003419523,98.03954046977378,1.1266938104117514,-2.642370954975468
sideband_subtracted_charm_trimmed,6.3,4.792942694513216,100.15997031353982,1.1404922348773963,-2.6902212757244834
sideband_subtracted_charm_trimmed,6.32,4.808158385606908,102.56791124570736,1.1563523862291754,-2.7362151671015136
sideband_subtracted_charm_trimmed,6.34,4.823374076700601,105.2489736578791,1.174116169822735,-2.78021671047213
sideband_subtracted_charm_trimmed,6.36,4.838589767794295,108.18713493854011,1.1936233594008392,-2.8221375944290426
sideband_subtracted_charm_trimmed,6.38,4.853805458887987,111.36511509748016,1.2147180145239829,-2.861932433955024
sideband_subtracted_charm_trimmed,6.4,4.86902114998168,114.76473586240172,1.237253716792745,-2.899592962390499
sideband_subtracted_charm_trimmed,6.42,4.884236841075372,118.36725551332347,1.261097585335536,-2.935141765905317
sideband_subtracted_charm_trimmed,6.44,4.899452532169065,122.15367366930877,1.2861331348883982,-2.968626084112839
sideband_subtracted_charm_trimmed,6.46,4.914668223262757,126.10500213309933,1.3122621072489908,-3.00011204102388
sideband_subtracted_charm_trimmed,6.48,4.92988391435645,130.2024996412074,1.339405442715593,-3.0296795245959096
sideband_subtracted_charm_trimmed,6.5,4.945099605450143,134.42786989633532,1.367503569173516,-3.057417814851106
sideband_subtracted_charm_trimmed,6.52,4.960315296543835,138.76342353833752,1.3965161803156962,-3.083421974085721
sideband_subtracted_charm_trimmed,6.54,4.975530987637528,143.19220572595077,1.426421657866386,-3.1077899558697073
sideband_subtracted_charm_trimmed,6.5600000000000005,4.990746678731222,147.69809175914997,1.4572162709686673,-3.1306203569784428
sideband_subtracted_charm_trimmed,6.58,5.005962369824914,152.2658536905692,1.4889132629005386,3.1311745853069866
sideband_subtracted_charm_trimmed,6.6,5.021178060918606,156.88120118141887,1.521541913437236,3.1111290001030194
sideband_subtracted_charm_trimmed,6.62,5.0363937520123,161.53079998660905,1.5551466458530188,3.092336089079174
sideband_subtracted_charm_trimmed,6.64,5.051609443105992,166.202271439397,1.5897862313780236,3.074707466268591
sideband_subtracted_charm_trimmed,6.66,5.066825134199685,170.88417618146923,1.6255331310331085,3.0581588061978935
sideband_subtracted_charm_trimmed,6.68,5.082040825293378,175.56598518056126,1.6624730050153993,3.042610013070203
sideband_subtracted_charm_trimmed,6.7,5.09725651638707,180.2380408216195,1.700704412918929,3.027985263580777
sideband_subtracted_charm_trimmed,6.72,5.112472207480764,184.8915105707747,1.7403387237251033,3.01421295954088
sideband_subtracted_charm_trimmed,6.74,5.1276878985744565,189.5183354128858,1.7815002523806072,3.0012256186016555
sideband_subtracted_charm_trimmed,6.76,5.1429035896681485,194.11117496607767,1.8243266396413413,2.9889597248088013
sideband_subtracted_charm_trimmed,6.78,5.158119280761842,198.6633508910527,1.8689694935190249,2.9773555553710898
sideband_subtracted_charm_trimmed,6.8,5.173334971855534,203.16878994582294,1.9155953140248687,2.9663569957399223
sideband_subtracted_charm_trimmed,6.82,5.188550662949227,207.62196779155784,1.9643867279607987,2.9559113517119737
sideband_subtracted_charm_trimmed,6.84,5.20376635404292,212.01785443557674,2.01554406736375,2.945969164628146
sideband_subtracted_charm_trimmed,6.86,5.218982045136613,216.35186200253884,2.0692873340840556,2.9364840337115035
sideband_subtracted_charm_trimmed,6.88,5.234197736230305,220.61979535508,2.125858604232931,2.927412448045182
sideband_subtracted_charm_trimmed,6.9,5.249413427323999,224.81780593839358,2.1855249403964216,2.9187136295387597
sideband_subtracted_charm_trimmed,6.92,5.264629118417691,228.94234909828083,2.2485818973273015,2.9103493873860713
sideband_subtracted_charm_trimmed,6.94,5.279844809511384,232.9901450164325,2.3153577293173817,2.902283983912476
sideband_subtracted_charm_trimmed,6.96,5.295060500605076,236.9581433186977,2.386218436018083,2.8944840112918166
sideband_subtracted_charm_trimmed,6.98,5.31027619169877,240.84349133905198,2.461573820024679,2.8869182783399667
sideband_subtracted_charm_trimmed,7.0,5.325491882792462,244.64350596242002,2.541884776677502,2.8795577064295155
sideband_subtracted_charm_trimmed,7.02,5.340707573886154,248.35564892163165,2.6276720978537536,2.872375233491624
sideband_subtracted_charm_trimmed,7.04,5.355923264979847,251.97750538574473,2.7195271520080735,2.8653457250554406
sideband_subtracted_charm_trimmed,7.0600000000000005,5.3711389560735405,255.50676564783134,2.818124909348273,2.8584458913057538
sideband_subtracted_charm_trimmed,7.08,5.386354647167233,258.9412096983615,2.9242399236763243,2.851654209202468
sideband_subtracted_charm_trimmed,7.1,5.401570338260925,262.2786944552645,3.038766075213926,2.8449508487902704
sideband_subtracted_charm_trimmed,7.12,5.416786029354618,265.51714341202387,3.162741142128507,2.8383176029254304
sideband_subtracted_charm_trimmed,7.140000000000001,5.432001720448311,268.65453846052696,3.2973776325116444,2.8317378197518566
sideband_subtracted_charm_trimmed,7.16,5.447217411542003,271.6889136451791,3.444101817924907,2.8251963373658517
sideband_subtracted_charm_trimmed,7.18,5.462433102635697,274.6183506082125,3.604603631847516,2.8186794202135887
sideband_subtracted_charm_trimmed,7.2,5.477648793729389,277.44097549301296,3.7809011351385027,2.8121746968649264
sideband_subtracted_charm_trimmed,7.22,5.492864484823082,280.1549570819916,3.9754247680929247,2.80567109889909
sideband_subtracted_charm_trimmed,7.24,5.508080175916774,282.758505957685,4.191128863205696,2.799158800720599
sideband_subtracted_charm_trimmed,7.26,5.523295867010468,285.2498744901204,4.431641304899076,2.792629160196731
sideband_subtracted_charm_trimmed,7.28,5.538511558104161,287.627357469195,4.7014674926627755,2.786074660070272
sideband_subtracted_charm_trimmed,7.3,5.553727249197853,289.88929321824617,5.00627308895714,2.779488850153328
sideband_subtracted_charm_trimmed,7.32,5.568942940291547,292.03406504288796,5.353283515630793,2.7728662903496115
sideband_subtracted_charm_trimmed,7.34,5.584158631385239,294.06010288793914,5.751860615245241,2.7662024945848485
sideband_subtracted_charm_trimmed,7.36,5.599374322478932,295.96588509392313,6.214355477315682,2.7594938757478626
sideband_subtracted_charm_trimmed,7.38,5.614590013572624,297.7499401634632,6.757405138148506,2.752737691759853
sideband_subtracted_charm_trimmed,7.4,5.6298057046663175,299.41084846579906,7.403968313630914,2.7459319928970376
sideband_subtracted_charm_trimmed,7.42,5.6450213957600095,300.947243825256,8.186643175459693,2.739075570493104
sideband_subtracted_charm_trimmed,7.4399999999999995,5.6602370868537015,302.3578149558489,9.153319631975517,2.7321679071439067
sideband_subtracted_charm_trimmed,7.46,5.675452777947395,303.6413067193316,10.37733717322359,2.7252091285283258
sideband_subtracted_charm_trimmed,7.48,5.690668469041088,304.79652119799357,11.976980359858532,2.7181999569472226
sideband_subtracted_charm_trimmed,7.5,5.70588416013478,305.82231858560044,14.156138180047972,2.711141666667519
sideband_subtracted_charm_trimmed,7.52,5.721099851228472,306.71761791087556,17.298852502861997,2.704036041141561
sideband_subtracted_charm_trimmed,7.54,5.736315542322166,307.48139761676794,22.22470876330092,2.6968853321536446
sideband_subtracted_charm_trimmed,7.5600000000000005,5.751531233415859,308.1126960263791,31.050615239193363,2.6896922209263745
sideband_subtracted_charm_trimmed,7.58,5.766746924509551,308.61061173217604,51.43874837392916,2.6824597812000457
sideband_subtracted_charm_trimmed,7.6,5.781962615603243,308.9743039491732,149.20820180725175,2.675191444278183
sideband_subtracted_charm_trimmed,7.62,5.797178306696937,309.2029928760603,166.43157628034496,-0.4737016875760564
sideband_subtracted_charm_trimmed,7.640000000000001,5.81239399779063,309.29596010818204,53.5065610520437,-0.48103025789957315
sideband_subtracted_charm_trimmed,7.66,5.827609688884322,309.25254914843754,31.909320197278568,-0.48838260685440243
sideband_subtracted_charm_trimmed,7.68,5.842825379978016,309.07216605821304,22.75030546090976,-0.49575418440487806
sideband_subtracted_charm_trimmed,7.7,5.858041071071708,308.75428029019895,17.687291019529976,-0.5031402297907513
sideband_subtracted_charm_trimmed,7.72,5.873256762165401,308.29842574036593,14.475051174258725,-0.5105357958731518
sideband_subtracted_charm_trimmed,7.74,5.8884724532590935,307.704202052395,12.255797180474104,-0.517935772073667
sideband_subtracted_charm_trimmed,7.76,5.903688144352786,306.97127620275205,10.630877169119753,-0.5253349060525736
sideband_subtracted_charm_trimmed,7.78,5.9189038354464785,306.09938438865356,9.389834800931627,-0.5327278242875576
sideband_subtracted_charm_trimmed,7.8,5.934119526540172,305.08833423489705,8.411076508801944,-0.5401090517290745
sideband_subtracted_charm_trimmed,7.82,5.949335217633865,303.9380073285429,7.619446659018922,-0.5474730307232164
sideband_subtracted_charm_trimmed,7.84,5.964550908727557,302.6483620831241,6.965989510026772,-0.5548141394081127
sideband_subtracted_charm_trimmed,7.86,5.979766599821251,301.21943692642526,6.417446467325703,-0.562126709805163
sideband_subtracted_charm_trimmed,7.88,5.994982290914943,299.6513537978244,5.950430587465323,-0.569405045842035
sideband_subtracted_charm_trimmed,7.9,6.010197982008636,297.9443219333989,5.548016136746695,-0.5766434415609472
sideband_subtracted_charm_trimmed,7.92,6.025413673102328,296.09864190849476,5.197650631800991,-0.5838361997829247
sideband_subtracted_charm_trimmed,7.9399999999999995,6.04062936419602,294.1147098996116,4.889827389696474,-0.5909776515168996
sideband_subtracted_charm_trimmed,7.96,6.055845055289714,291.99302211940085,4.617213913789423,-0.5980621764218816
sideband_subtracted_charm_trimmed,7.98,6.071060746383407,289.7341793708365,4.374063384862822,-0.6050842246509541
sideband_subtracted_charm_trimmed,8.0,6.086276437477099,287.3388916594413,4.155807489056121,-0.6120383404274635
sideband_subtracted_charm_trimmed,8.02,6.101492128570792,284.80798279566807,3.9587685809177398,-0.6189191877273365
sideband_subtracted_charm_trimmed,8.04,6.116707819664484,282.14239491386616,3.7799522792128624,-0.6257215784654269
sideband_subtracted_charm_trimmed,8.06,6.1319235107581775,279.3431928291866,3.616895441579886,-0.6324405036101287
sideband_subtracted_charm_trimmed,8.08,6.1471392018518705,276.41156815038994,3.467553002803331,-0.6390711676774786
sideband_subtracted_charm_trimmed,8.1,6.1623548929455625,273.34884306449385,3.330212560008225,-0.64560902708424
sideband_subtracted_charm_trimmed,8.120000000000001,6.177570584039256,270.15647370911756,3.203429079210204,-0.6520498328690054
sideband_subtracted_charm_trimmed,8.14,6.192786275132949,266.8360530504142,3.0859744018873903,-0.6583896783204738
sideband_subtracted_charm_trimmed,8.16,6.208001966226641,263.3893131893856,2.9767977795970983,-0.6646250520829211
sideband_subtracted_charm_trimmed,8.18,6.223217657320333,259.81812702689786,2.8749947242631815,-0.6707528973403238
sideband_subtracted_charm_trimmed,8.2,6.238433348414026,256.1245092289646,2.779782197779897,-0.6767706777114992
sideband_subtracted_charm_trimmed,8.22,6.25364903950772,252.31061644847068,2.690478683205346,-0.6826764505205091
sideband_subtracted_charm_trimmed,8.24,6.268864730601412,248.37874677870786,2.606488050128941,-0.6884689481371934
sideband_subtracted_charm_trimmed,8.26,6.284080421695105,244.33133843723772,2.5272863944714796,-0.6941476681138082
sideband_subtracted_charm_trimmed,8.280000000000001,6.299296112788799,240.1709677069921,2.4524112286842907,-0.6997129728745147
sideband_subtracted_charm_trimmed,8.3,6.314511803882491,235.90034619426297,2.3814525429393183,-0.7051661997460938
sideband_subtracted_charm_trimmed,8.32,6.329727494976183,231.522317501629,2.3140453658581883,-0.7105097821512436
sideband_subtracted_charm_trimmed,8.34,6.344943186069876,227.03985345676483,2.249863534680758,-0.7157473828224861
sideband_subtracted_charm_trimmed,8.36,6.360158877163569,222.45605008598795,2.188614446638272,-0.7208840399371459
sideband_subtracted_charm_trimmed,8.379999999999999,6.375374568257261,217.77412357373396,2.130034610755775,-0.7259263271262745
sideband_subtracted_charm_trimmed,8.4,6.3905902593509545,212.99740650513195,2.0738858560327453,-0.7308825283779282
sideband_subtracted_charm_trimmed,8.42,6.405805950444647,208.12934474782014,2.019952080614083,-0.7357628289452783
sideband_subtracted_charm_trimmed,8.44,6.421021641538339,203.1734953899504,1.9680364491353755,-0.7405795234923332
sideband_subtracted_charm_trimmed,8.46,6.436237332632032,198.13352621201193,1.9179589633660306,-0.745347242877552
sideband_subtracted_charm_trimmed,8.48,6.451453023725726,193.01321722969806,1.8695543456768877,-0.7500832012045938
sideband_subtracted_charm_trimmed,8.5,6.466668714819418,187.81646490032654,1.8226701865497081,-0.7548074650813994
sideband_subtracted_charm_trimmed,8.52,6.48188440591311,182.5472896347419,1.7771653169529935,-0.7595432474497381
sideband_subtracted_charm_trimmed,8.54,6.497100097006802,177.2098472963662,1.7329083744125464,-0.7643172289108761
sideband_subtracted_charm_trimmed,8.56,6.512315788100497,171.8084453965057,1.6897765383772085,-0.7691599102196275
sideband_subtracted_charm_trimmed,8.58,6.527531479194189,166.3475647062878,1.6476544163093274,-0.7741060005991905
sideband_subtracted_charm_trimmed,8.6,6.542747170287881,160.8318869966497,1.6064330670416866,-0.7791948478039735
sideband_subtracted_charm_trimmed,8.620000000000001,6.557962861381576,155.26632958512346,1.5660091525190865,-0.7844709175016361
sideband_subtracted_charm_trimmed,8.64,6.573178552475268,149.65608730685562,1.526284213228324,-0.78998433164953
sideband_subtracted_charm_trimmed,8.66,6.58839424356896,144.0066824339192,1.4871640665399317,-0.7957914782135659
sideband_subtracted_charm_trimmed,8.68,6.603609934662652,138.32402293685664,1.4485583309462657,-0.8019557079526355
sideband_subtracted_charm_trimmed,8.7,6.618825625756346,132.61446931278624,1.4103800828887654,-0.8085481382283747
sideband_subtracted_charm_trimmed,8.72,6.6340413168500385,126.88490999130227,1.3725456566330205,-0.8156485890913157
sideband_subtracted_charm_trimmed,8.74,6.6492570079437305,121.14284507167031,1.334974601599242,-0.8233466834696491
sideband_subtracted_charm_trimmed,8.76,6.664472699037424,115.39647784082626,1.29758981584732,-0.8317431514152844
sideband_subtracted_charm_trimmed,8.780000000000001,6.679688390131117,109.6548131725649,1.2603178792520886,-0.8409513883503853
sideband_subtracted_charm_trimmed,8.8,6.694904081224809,103.9277615163337,1.223089615561138,-0.8510993294350669
sideband_subtracted_charm_trimmed,8.82,6.710119772318501,98.22624675434417,1.1858409193697113,-0.8623317168559661
sideband_subtracted_charm_trimmed,8.84,6.725335463412195,92.56231574596313,1.1485138925699887,-0.8748128542246542
sideband_subtracted_charm_trimmed,8.86,6.740551154505887,86.94924689950858,1.111058345688954,-0.8887299623005567
sideband_subtracted_charm_trimmed,8.879999999999999,6.755766845599579,81.4016546276107,1.0734337335740494,-0.9042972722123426
sideband_subtracted_charm_trimmed,8.9,6.770982536693274,75.93558607164232,1.0356116131911175,-0.9217610142589904
sideband_subtracted_charm_trimmed,8.92,6.786198227786966,70.56860604515168,0.9975787351415288,-0.941405477754204
sideband_subtracted_charm_trimmed,8.94,6.801413918880658,65.31986576977943,0.9593409112384234,-0.9635603210985105
sideband_subtracted_charm_trimmed,8.96,6.816629609974351,60.21015068973065,0.9209278391811789,-0.9886092836655135
sideband_subtracted_charm_trimmed,8.98,6.831845301068045,55.2619024810665,0.8823991119687753,-1.017000359330608
sideband_subtracted_charm_trimmed,9.0,6.847060992161737,50.499210351725196,0.8438516911338808,-1.0492572764188441
sideband_subtracted_charm_trimmed,9.02,6.862276683255429,45.947766886969475,0.8054291692954463,-1.085991687637892
sideband_subtracted_charm_trimmed,9.04,6.877492374349121,41.63478406014474,0.767333164909985,-1.127914635121133
sideband_subtracted_charm_trimmed,9.06,6.8927080654428154,37.588865620717115,0.7298371290055844,-1.17584435459163
sideband_subtracted_charm_trimmed,9.08,6.9079237565365075,33.83983290454853,0.6933025993829065,-1.2307049557545668
sideband_subtracted_charm_trimmed,9.1,6.9231394476301995,30.418502185963007,0.6581973324311412,-1.2935065956869092
sideband_subtracted_charm_trimmed,9.120000000000001,6.938355138723894,27.35641299614508,0.6251134940521386,-1.365292439553976
sideband_subtracted_charm_trimmed,9.14,6.953570829817586,24.68550834009875,0.5947818516494894,-1.4470322727089895
sideband_subtracted_charm_trimmed,9.16,6.968786520911278,22.437769410204055,0.5680744972315704,-1.539441480819165
sideband_subtracted_charm_trimmed,9.18,6.98400221200497,20.644809157733107,0.5459846696906947,-1.6427166880545871
sideband_subtracted_charm_trimmed,9.2,6.999217903098664,19.337430868079537,0.5295702419097883,-1.756218426427801
sideband_subtracted_charm_trimmed,9.22,7.014433594192357,18.545159603087086,0.5198523849370039,-1.878199675828459
sideband_subtracted_charm_trimmed,9.24,7.029649285286049,18.29575592897163,0.5176776868742198,-2.005743203977652
sideband_subtracted_charm_trimmed,9.26,7.044864976379742,18.614722645361326,0.5235775384210707,-2.135051183850905
sideband_subtracted_charm_trimmed,9.280000000000001,7.060080667473436,19.524816178531182,0.5376755913424622,-2.2620717802583323
sideband_subtracted_charm_trimmed,9.3,7.075296358567128,21.04557482477321,0.5596817726017311,-2.3832326300593216
sideband_subtracted_charm_trimmed,9.32,7.090512049660821,23.19287607097067,0.5889714746088716,-2.495974353664945
sideband_subtracted_charm_trimmed,9.34,7.105727740754514,25.978534750811377,0.6247110349216326,-2.5989178107374538
sideband_subtracted_charm_trimmed,9.36,7.120943431848206,29.409952818743477,0.6659820495370277,-2.691714802064438
sideband_subtracted_charm_trimmed,9.379999999999999,7.136159122941898,33.48983007388597,0.7118745546333511,-2.774746375249842
sideband_subtracted_charm_trimmed,9.4,7.1513748140355915,38.21594331009692,0.7615420820215012,-2.8488156822915403
sideband_subtracted_charm_trimmed,9.42,7.166590505129284,43.58099919871893,0.8142257656354145,-2.914909923962577
sideband_subtracted_charm_trimmed,9.44,7.1818061962229764,49.57256384242646,0.8692586390258772,-2.974045601887591
sideband_subtracted_charm_trimmed,9.46,7.19702188731667,56.173069498130644,0.9260595661594999,-3.0271820184926193
sideband_subtracted_charm_trimmed,9.48,7.212237578410363,63.359896583730006,0.9841230223134547,-3.075181179630448
sideband_subtracted_charm_trimmed,9.5,7.227453269504055,71.1055268794189,1.0430081725872473,-3.118795546901413
sideband_subtracted_charm_trimmed,9.52,7.242668960597747,79.37776191580633,1.1023288609561053,3.124514540020587
sideband_subtracted_charm_trimmed,9.54,7.25788465169144,88.13999899225382,1.1617450796116315,3.0878298805785773
sideband_subtracted_charm_trimmed,9.56,7.273100342785134,97.35155614513133,1.2209559657658526,3.053871990849535
sideband_subtracted_charm_trimmed,9.58,7.288316033878826,106.96803671475936,1.279694149377934,3.0222494595427545
sideband_subtracted_charm_trimmed,9.6,7.303531724972519,116.94172393891859,1.337721206765477,2.9926318007401376
sideband_subtracted_charm_trimmed,9.620000000000001,7.318747416066213,127.22199620223546,1.3948239793355408,2.9647393850587056
sideband_subtracted_charm_trimmed,9.64,7.333963107159905,137.7557541447095,1.4508115501080716,2.9383348280574997
sideband_subtracted_charm_trimmed,9.66,7.349178798253598,148.48785171416966,1.5055127118652354,2.913215741057024
sideband_subtracted_charm_trimmed,9.68,7.36439448934729,159.3615243608292,1.5587738000184954,2.889208683307452
sideband_subtracted_charm_trimmed,9.7,7.379610180440983,170.3188088397692,1.610456796969779,2.866164139372458
sideband_subtracted_charm_trimmed,9.72,7.394825871534676,181.30095043114488,1.6604376420127769,2.8439523547202867
sideband_subtracted_charm_trimmed,9.74,7.410041562628368,192.24879473726833,1.7086047020686357,2.822459881507395
sideband_subtracted_charm_trimmed,9.76,7.4252572537220605,203.10316250867982,1.7548573746264913,2.801586708118292
sideband_subtracted_charm_trimmed,9.780000000000001,7.440472944815755,213.8052071356433,1.7991048061025119,2.7812438667269803
sideband_subtracted_charm_trimmed,9.8,7.455688635909447,224.29675547769511,1.8412647173202894,2.76135143153084
sideband_subtracted_charm_trimmed,9.82,7.470904327003139,234.52063356371582,1.8812623337068035,2.7418368359639205
sideband_subtracted_charm_trimmed,9.84,7.486120018096832,244.42097935968195,1.9190294217201058,2.722633450201729
sideband_subtracted_charm_trimmed,9.86,7.501335709190524,253.94354526299867,1.9545034354812367,2.703679370910038
sideband_subtracted_charm_trimmed,9.879999999999999,7.516551400284217,263.03599323932576,1.9876267789711073,2.6849163838164425
sideband_subtracted_charm_trimmed,9.9,7.53176709137791,271.64818557551916,2.018346189778894,2.666289066641403
sideband_subtracted_charm_trimmed,9.92,7.546982782471603,279.7324740906988,2.0466122504824913,2.6477440055255563
sideband_subtracted_charm_trimmed,9.94,7.562198473565296,287.2439903394006,2.0723790334732897,2.6292291025995613
sideband_subtracted_charm_trimmed,9.96,7.577414164658989,294.1409388727261,2.095603884527647,2.61069295598412
sideband_subtracted_charm_trimmed,9.98,7.592629855752682,300.38489501299773,2.116247349759555,2.5920842964652913
sideband_subtracted_charm_trimmed,10.0,7.607845546846375,305.9411078642406,2.134273249817491,2.5733514675149665
sideband_subtracted_charm_trimmed,10.02,7.623061237940067,310.7788084461463,2.1496489043477007,2.5544419373443668
sideband_subtracted_charm_trimmed,10.04,7.638276929033759,314.8715219252954,2.1623455088555725,2.5353018333957076
sideband_subtracted_charm_trimmed,10.06,7.653492620127453,318.19738194917954,2.1723386651666905,2.515875491187869
sideband_subtracted_charm_trimmed,10.08,7.668708311221145,320.7394440918215,2.1796090657233007,2.496105010821738
sideband_subtracted_charm_trimmed,10.1,7.683924002314837,322.48599442350314,2.1841433309510627,2.4759298158059746
sideband_subtracted_charm_trimmed,10.120000000000001,7.699139693408532,323.4308482510569,2.185934997890797,2.4552862102734827
sideband_subtracted_charm_trimmed,10.14,7.714355384502224,323.57363317241834,2.1849856572045834,2.434106932223787
sideband_subtracted_charm_trimmed,10.16,7.729571075595916,322.92004978305704,2.1813062345179564,2.412320702264627
sideband_subtracted_charm_trimmed,10.18,7.744786766689608,321.4821026971731,2.1749184108240933,2.3898517695798542
sideband_subtracted_charm_trimmed,10.2,7.7600024577833,319.2782940379475,2.1658561753027334,2.366619459694316
sideband_subtracted_charm_trimmed,10.219999999999999,7.775218148876994,316.33377124115214,2.1541675023165054,2.3425377322532466
sideband_subtracted_charm_trimmed,10.24,7.790433839970687,312.6804209357542,2.1399161424148403,2.317514761743815
sideband_subtracted_charm_trimmed,10.26,7.805649531064379,308.35690083890586,2.1231835147100804,2.291452560167578
sideband_subtracted_charm_trimmed,10.280000000000001,7.820865222158074,303.40860205063655,2.1040706847142014,2.264246668480032
sideband_subtracted_charm_trimmed,10.3,7.836080913251766,297.88753486700443,2.082700407248774,2.235785953531562
sideband_subtracted_charm_trimmed,10.32,7.851296604345458,291.85213225120606,2.059219207834854,2.2059525596513234
sideband_subtracted_charm_trimmed,10.34,7.86651229543915,285.3669664026784,2.0337994673458937,2.1746220792112108
sideband_subtracted_charm_trimmed,10.36,7.881727986532844,278.5023754232134,2.0066414628024463,2.1416640245844065
sideband_subtracted_charm_trimmed,10.379999999999999,7.896943677626536,271.33399886690313,1.9779753009939887,2.1069427045543607
sideband_subtracted_charm_trimmed,10.4,7.9121593687202285,263.94222293320854,1.948062660040448,2.070318630393822
sideband_subtracted_charm_trimmed,10.42,7.927375059813922,256.41153816793303,1.917198226057223,2.0316505983137314
sideband_subtracted_charm_trimmed,10.440000000000001,7.942590750907615,248.82981471391759,1.885710677156427,1.990798611839412
sideband_subtracted_charm_trimmed,10.46,7.957806442001307,241.28750233368555,1.8539630254037123,1.947627813596585
sideband_subtracted_charm_trimmed,10.48,7.973022133094999,233.87676454026587,1.8223520810054392,1.9020135817600612
sideband_subtracted_charm_trimmed,10.5,7.988237824188693,226.69055814673266,1.7913067565385348,1.8538478998020134
sideband_subtracted_charm_trimmed,10.52,8.003453515282384,219.82167131142705,1.7612848908632375,1.8030470148533184
sideband_subtracted_charm_trimmed,10.54,8.018669206376078,213.36173464938838,1.7327682556346502,1.7495602462918924
sideband_subtracted_charm_trimmed,10.56,8.033884897469772,207.40022114618478,1.7062554300860697,1.693379584430298
sideband_subtracted_charm_trimmed,10.58,8.049100588563464,202.02345140093166,1.6822523132519178,1.6345494359533839
sideband_subtracted_charm_trimmed,10.600000000000001,8.064316279657158,197.31362110858754,1.6612602069879314,1.5731755587028833
sideband_subtracted_charm_trimmed,10.620000000000001,8.07953197075085,193.3478676453633,1.6437616586735297,1.5094319459675918
sideband_subtracted_charm_trimmed,10.64,8.094747661844542,190.1973921391218,1.6302045900139062,1.443564262823534
sideband_subtracted_charm_trimmed,10.66,8.109963352938236,187.9266524939303,1.6209856186482112,1.3758885109296768
sideband_subtracted_charm_trimmed,10.68,8.125179044031928,186.59264151472962,1.616433829952267,1.3067839866799287
sideband_subtracted_charm_trimmed,10.7,8.14039473512562,186.24426257366576,1.6167964821977419,1.2366803116046607
sideband_subtracted_charm_trimmed,10.719999999999999,8.155610426219312,186.921813216999,1.6222281371612919,1.1660392533836086
sideband_subtracted_charm_trimmed,10.74,8.170826117313005,188.6565847811471,1.6327844481783544,1.095333010639875
sideband_subtracted_charm_trimmed,10.76,8.186041808406697,191.470583527931,1.6484213268921684,1.0250213417087641
sideband_subtracted_charm_trimmed,10.780000000000001,8.201257499500393,195.37637608962905,1.6689995443939336,0.9555301595121216
sideband_subtracted_charm_trimmed,10.8,8.216473190594085,200.37705920594453,1.6942941493190817,0.8872339134853141
sideband_subtracted_charm_trimmed,10.82,8.231688881687777,206.46635091532517,1.7240075534347168,0.8204433318834436
sideband_subtracted_charm_trimmed,10.84,8.24690457278147,213.62879761212753,1.7577848441512787,0.7553991313511548
sideband_subtracted_charm_trimmed,10.86,8.262120263875161,221.84008878151144,1.7952298571997267,0.6922713770400817
sideband_subtracted_charm_trimmed,10.879999999999999,8.277335954968855,231.06746885657776,1.8359207351003752,0.6311634954721823
sideband_subtracted_charm_trimmed,10.9,8.292551646062547,241.2702335871254,1.8794240208340702,0.5721195905544473
sideband_subtracted_charm_trimmed,10.92,8.30776733715624,252.4002966386397,1.9253066987585419,0.5151336694108077
sideband_subtracted_charm_trimmed,10.940000000000001,8.322983028249935,264.40281091977886,1.9731459244685519,0.4601595609165406
sideband_subtracted_charm_trimmed,10.96,8.338198719343627,277.21682841882284,2.0225364415017966,0.40712059938163747
sideband_subtracted_charm_trimmed,10.98,8.353414410437319,290.775982152707,2.0730958540022484,0.3559184584661229
sideband_subtracted_charm_trimmed,11.0,8.368630101531012,305.0091742161676,2.124468018893966,0.3064407974179077
sideband_subtracted_charm_trimmed,11.02,8.383845792624705,319.8412548620363,2.176324856662859,0.2585675956335858
sideband_subtracted_charm_trimmed,11.04,8.399061483718397,335.1936790246473,2.228366876235382,0.21217619788864517
sideband_subtracted_charm_trimmed,11.06,8.41427717481209,350.98512867041427,2.280322683784007,0.16714518009001528
sideband_subtracted_charm_trimmed,11.08,8.429492865905782,367.1320917553494,2.331947710262365,0.12335718805391914
sideband_subtracted_charm_trimmed,11.100000000000001,8.444708556999476,383.54939130012644,2.383022356304906,0.08070091381150153
sideband_subtracted_charm_trimmed,11.120000000000001,8.459924248093168,400.15066105400183,2.4333497203913153,0.03907236722495059
sideband_subtracted_charm_trimmed,11.14,8.475139939186862,416.84876729016105,2.482753048831904,-0.0016244158632992244
sideband_subtracted_charm_trimmed,11.16,8.490355630280554,433.55617933021495,2.5310730244591344,-0.04147710812698184
sideband_subtracted_charm_trimmed,11.18,8.505571321374246,450.18529430444323,2.578164994254366,-0.08056516764082107
sideband_subtracted_charm_trimmed,11.2,8.520787012467938,466.64872429004026,2.6238962234078382,-0.11896017562563785
sideband_subtracted_charm_trimmed,11.219999999999999,8.536002703561632,482.8595562141163,2.6681432533102427,-0.1567263695474208
sideband_subtracted_charm_trimmed,11.24,8.551218394655324,498.7315966568458,2.7107894325975934,-0.1939213192003657
sideband_subtracted_charm_trimmed,11.26,8.566434085749016,514.1796148575959,2.7517226826986314,-0.23059670386619333
sideband_subtracted_charm_trimmed,11.280000000000001,8.581649776842712,529.1195977500975,2.790833551675165,-0.26679915682817384
sideband_subtracted_charm_trimmed,11.3,8.596865467936404,543.4690306938865,2.828013602047122,-0.3025711498854435
sideband_subtracted_charm_trimmed,11.32,8.612081159030096,557.147216718542,2.8631541695255613,-0.3379518955022766
sideband_subtracted_charm_trimmed,11.34,8.627296850123788,570.075645573088,2.896145520101854,-0.37297824822141645
sideband_subtracted_charm_trimmed,11.36,8.642512541217481,582.1784217210807,2.9268764228843644,-0.4076855902788176
sideband_subtracted_charm_trimmed,11.379999999999999,8.657728232311173,593.3827577169177,2.9552341456814726,-0.44210868920629287
sideband_subtracted_charm_trimmed,11.4,8.672943923404866,603.6195362373837,2.981104869928942,-0.4762825177499271
sideband_subtracted_charm_trimmed,11.42,8.68815961449856,612.823940544662,3.0043745115206004,-0.5102430287493968
sideband_subtracted_charm_trimmed,11.440000000000001,8.703375305592253,620.9361494587793,3.02492992480058,-0.5440278797448752
sideband_subtracted_charm_trimmed,11.46,8.718590996685945,627.9020891659093,3.0426604587613326,-0.5776771039894778
sideband_subtracted_charm_trimmed,11.48,8.733806687779637,633.6742305381049,3.0574598276611766,-0.6112337262018789
sideband_subtracted_charm_trimmed,11.5,8.749022378873331,638.2124172410367,3.0692282530484483,-0.6447443227308328
sideband_subtracted_charm_trimmed,11.52,8.764238069967023,641.484706904037,3.0778748306873616,-0.6782595267458379
sideband_subtracted_charm_trimmed,11.54,8.779453761060715,643.468205149089,3.083320074153995,-0.7118344795342112
sideband_subtracted_charm_trimmed,11.56,8.794669452154409,644.1498704310252,3.0854985868356035,-0.7455292288905397
sideband_subtracted_charm_trimmed,11.58,8.809885143248101,643.5272665103003,3.084361815541754,-0.7794090748426314
sideband_subtracted_charm_trimmed,11.600000000000001,8.825100834341795,641.6092390123995,3.0798808416379426,-0.8135448614778016
sideband_subtracted_charm_trimmed,11.620000000000001,8.840316525435487,638.4164929413746,3.0720491691557097,-0.8480132113162678
sideband_subtracted_charm_trimmed,11.64,8.85553221652918,633.9820491919709,3.0608854732357376,-0.8828966954186315
sideband_subtracted_charm_trimmed,11.66,8.870747907622873,628.3515599971433,3.0464362759494295,-0.9182839280972179
sideband_subtracted_charm_trimmed,11.68,8.885963598716565,621.5834657789273,3.0287785193593852,-0.9542695696115363
sideband_subtracted_charm_trimmed,11.7,8.901179289810257,613.7489789413448,3.0080220068802137,-0.9909542134639466
sideband_subtracted_charm_trimmed,11.719999999999999,8.916394980903949,604.931883639696,2.9843116827786975,-1.0284441268142166
sideband_subtracted_charm_trimmed,11.74,8.931610671997642,595.2281443582979,2.957829715144167,-1.0668508031333055
sideband_subtracted_charm_trimmed,11.76,8.946826363091336,584.745320104601,2.928797338986512,-1.1062902757179849
sideband_subtracted_charm_trimmed,11.780000000000001,8.96204205418503,573.6017850647404,2.8974764024431563,-1.1468821295680482
sideband_subtracted_charm_trimmed,11.8,8.977257745278722,561.925760558941,2.8641705397103303,-1.188748138296374
sideband_subtracted_charm_trimmed,11.82,8.992473436372414,549.8541669960541,2.8292258688873133,-1.2320104437302652
sideband_subtracted_charm_trimmed,11.84,9.007689127466106,537.5313081850145,2.7930310816525745,-1.2767891910365181
sideband_subtracted_charm_trimmed,11.86,9.022904818559798,525.1074037655017,2.75601675574852,-1.3231995349608496
sideband_subtracted_charm_trimmed,11.879999999999999,9.038120509653492,512.7369886358101,2.718653683265809,-1.3713479476334043
sideband_subtracted_charm_trimmed,11.9,9.053336200747186,500.57720106131455,2.6814499723462935,-1.4213277908384963
sideband_subtracted_charm_trimmed,11.92,9.068551891840878,488.7859836279167,2.644946654411525,-1.4732141715104512
sideband_subtracted_charm_trimmed,11.940000000000001,9.083767582934572,477.5202233518321,2.6097115235167134,-1.5270581833722892
sideband_subtracted_charm_trimmed,11.96,9.098983274028264,466.9338590562329,2.5763309616876677,-1.582880751806467
sideband_subtracted_charm_trimmed,11.98,9.114198965121956,457.1759855569144,2.545399578135454,-1.64066643879003
sideband_subtracted_charm_trimmed,12.0,9.129414656215648,448.3889852338034,2.51750762343884,-1.7003577160751016
sideband_subtracted_charm_trimmed,12.02,9.144630347309342,440.7067181599632,2.4932263382652606,-1.7618503518560342
sideband_subtracted_charm_trimmed,12.04,9.159846038403034,434.2528020634527,2.473091654024852,-1.8249906415950092
sideband_subtracted_charm_trimmed,12.06,9.175061729496727,429.13901294907555,2.4575869565572135,-1.889575204253656
sideband_subtracted_charm_trimmed,12.08,9.19027742059042,425.4638361440411,2.447125910208278,-1.9553539235429855
sideband_subtracted_charm_trimmed,12.100000000000001,9.205493111684113,423.3111957954716,2.442036559121424,-2.0220363247888864
sideband_subtracted_charm_trimmed,12.120000000000001,9.220708802777805,422.74938839259994,2.442548011829215,-2.0893012640151185
sideband_subtracted_charm_trimmed,12.14,9.235924493871499,423.83024268695954,2.448780925439993,-2.1568093329658686
sideband_subtracted_charm_trimmed,12.16,9.251140184965191,426.58852444484364,2.46074272220715,-2.2242169514814356
sideband_subtracted_charm_trimmed,12.18,9.266355876058883,431.04159982679266,2.478328025626452,-2.2911908322631493
sideband_subtracted_charm_trimmed,12.2,9.281571567152575,437.18936592996033,2.5013242703915903,-2.3574214382253134
sideband_subtracted_charm_trimmed,12.219999999999999,9.296787258246267,445.0144512717925,2.5294219198214014,-2.4226342270014904
sideband_subtracted_charm_trimmed,12.24,9.312002949339963,454.4826828995865,2.562228310627068,-2.486597843639257
sideband_subtracted_charm_trimmed,12.26,9.327218640433655,465.5438105747089,2.5992839019098852,-2.5491288872238824
sideband_subtracted_charm_trimmed,12.280000000000001,9.342434331527349,478.1324723227408,2.640079651616596,-2.61009333325929
sideband_subtracted_charm_trimmed,12.3,9.35765002262104,492.1693797937114,2.6840743548871453,-2.6694050547587347
sideband_subtracted_charm_trimmed,12.32,9.372865713714733,507.56269657154553,2.7307110023300054,-2.7270221053036168
sideband_subtracted_charm_trimmed,12.34,9.388081404808425,524.2095780242671,2.7794314912525144,-2.7829415034961458
sideband_subtracted_charm_trimmed,12.36,9.403297095902117,541.9978376822728,2.8296892960842897,-2.8371932179387973
sideband_subtracted_charm_trimmed,12.379999999999999,9.41851278699581,560.8077026151404,2.8809599393557486,-2.8898339370548816
sideband_subtracted_charm_trimmed,12.4,9.433728478089504,580.5136189399782,2.932749283831,-2.9409410602842554
sideband_subtracted_charm_trimmed,12.42,9.448944169183196,600.9860684732048,2.984599787074978,-2.990607198781316
sideband_subtracted_charm_trimmed,12.440000000000001,9.46415986027689,622.0933586089886,3.0360949289005807,-3.0389353448663803
sideband_subtracted_charm_trimmed,12.46,9.479375551370582,643.703349695712,3.086862051352929,-3.086034769263548
sideband_subtracted_charm_trimmed,12.48,9.494591242464274,665.6850873588992,3.1365738523930586,-3.1320176347495843
sideband_subtracted_charm_trimmed,12.5,9.509806933557966,687.9103112217672,3.184948758946732,3.106189036466014
sideband_subtracted_charm_trimmed,12.52,9.52502262465166,710.2548161095074,3.231750380728464,3.0621042774277263
sideband_subtracted_charm_trimmed,12.54,9.540238315745352,732.5996468861485,3.2767862189534864,3.018806668165542
sideband_subtracted_charm_trimmed,12.56,9.555454006839046,754.832113353641,3.319905777287452,2.976194346682224
sideband_subtracted_charm_trimmed,12.58,9.57066969793274,776.8466169454332,3.3609981981227937,2.9341712253189733
sideband_subtracted_charm_trimmed,12.600000000000001,9.585885389026432,798.5452860913429,3.3999895263880995,2.8926476374878023
sideband_subtracted_charm_trimmed,12.620000000000001,9.601101080120124,819.8384219647414,3.436839685790794,2.851540778621535
sideband_subtracted_charm_trimmed,12.64,9.616316771213816,840.6447607255541,3.4715392384961405,2.810774986815888
sideband_subtracted_charm_trimmed,12.66,9.63153246230751,860.891562253033,3.5041059884115393,2.770281898344241
sideband_subtracted_charm_trimmed,12.68,9.646748153401202,880.5145386634176,3.534581480077099,2.730000504189156
sideband_subtracted_charm_trimmed,12.7,9.661963844494894,899.457638599808,3.563027439263189,2.689877126092795
sideband_subtracted_charm_trimmed,12.719999999999999,9.677179535588586,917.6727053606774,3.5895221973687206,2.6498653243908423
sideband_subtracted_charm_trimmed,12.74,9.692395226682281,935.119028415651,3.6141571392464646,2.6099257450062963
sideband_subtracted_charm_trimmed,12.76,9.707610917775973,951.7628087719932,3.637033212809232,2.5700259093550413
sideband_subtracted_charm_trimmed,12.780000000000001,9.722826608869667,967.5765590440242,3.658257538347754,2.5301399484570277
sideband_subtracted_charm_trimmed,12.8,9.73804229996336,982.5384589852074,3.677940155561491,2.4902482811527324
sideband_subtracted_charm_trimmed,12.82,9.753257991057051,996.6316867179521,3.6961909464999234,2.450337235884541
sideband_subtracted_charm_trimmed,12.84,9.768473682150743,1009.8437449855337,3.713116772563597,2.4103986158976567
sideband_subtracted_charm_trimmed,12.86,9.783689373244435,1022.165800500632,3.7288188630635073,2.3704292088085723
sideband_subtracted_charm_trimmed,12.879999999999999,9.798905064338129,1033.5920529188843,3.7433904912608966,2.330430243127054
sideband_subtracted_charm_trimmed,12.9,9.814120755431823,1044.1191481645728,3.7569149710457834,2.2904067963254398
sideband_subtracted_charm_trimmed,12.92,9.829336446525515,1053.7456488206808,3.769464003287888,2.2503671612381306
sideband_subtracted_charm_trimmed,12.940000000000001,9.844552137619209,1062.4715721059438,3.7810963953446475,2.2103221797479713
sideband_subtracted_charm_trimmed,12.96,9.8597678287129,1070.2980036400659,3.791857170299219,2.1702845546840974
sideband_subtracted_charm_trimmed,12.98,9.874983519806593,1077.226792788173,3.801777074417159,2.1302681524442724
sideband_subtracted_charm_trimmed,13.0,9.890199210900287,1083.2603329229496,3.810872482361768,2.0902873099251487
sideband_subtracted_charm_trimmed,13.02,9.905414901993979,1088.4014274971814,3.819145690300672,2.0503561598003337
sideband_subtracted_charm_trimmed,13.04,9.92063059308767,1092.653240431202,3.8265855776367337,2.0104879879879665
sideband_subtracted_charm_trimmed,13.06,9.935846284181364,1096.019327040336,3.8331686091937747,1.9706946363108542
sideband_subtracted_charm_trimmed,13.08,9.951061975275056,1098.503739607433,3.838860141746519,1.930985961941208
sideband_subtracted_charm_trimmed,13.100000000000001,9.96627766636875,1100.11119979238,3.8436159922059883,1.8913693633510957
sideband_subtracted_charm_trimmed,13.120000000000001,9.981493357462444,1100.8473284053362,3.8473842198550328,1.8518493803036886
sideband_subtracted_charm_trimmed,13.14,9.996709048556136,1100.7189216889092,3.8501070719527863,1.8124273730788938
sideband_subtracted_charm_trimmed,13.16,10.011924739649828,1099.7342621810458,3.8517230408321566,1.773101283791675
sideband_subtracted_charm_trimmed,13.18,10.02714043074352,1097.9034514813466,3.8521689812141626,1.733865480476932
sideband_subtracted_charm_trimmed,13.2,10.042356121837212,1095.2387518229662,3.851382238650491,1.6947106827016953
sideband_subtracted_charm_trimmed,13.219999999999999,10.057571812930906,1091.7549232550882,3.8493027434841816,1.655623965908091
sideband_subtracted_charm_trimmed,13.24,10.0727875040246,1087.4695434520254,3.845875029129736,1.6165888405370452
sideband_subtracted_charm_trimmed,13.26,10.088003195118292,1082.403297662193,3.8410501384299933,1.5775854012424615
sideband_subtracted_charm_trimmed,13.280000000000001,10.103218886211986,1076.5802270651257,3.83478738696656,1.5385905411548504
sideband_subtracted_charm_trimmed,13.3,10.118434577305678,1070.0279247867875,3.827055957132696,1.4995782261386297
sideband_subtracted_charm_trimmed,13.32,10.13365026839937,1062.7776700004652,3.8178363012320173,1.4605198242333106
sideband_subtracted_charm_trimmed,13.34,10.148865959493063,1054.864491882403,3.807121335625036,1.4213844858843154
sideband_subtracted_charm_trimmed,13.36,10.164081650586756,1046.32715667101,3.7949174108825385,1.3821395710532818
sideband_subtracted_charm_trimmed,13.379999999999999,10.179297341680448,1037.208072673151,3.781245044982106,1.3427511197453441
sideband_subtracted_charm_trimmed,13.4,10.19451303277414,1027.5531097528547,3.7661394078640136,1.3031843627974073
sideband_subtracted_charm_trimmed,13.42,10.209728723867833,1017.411331613097,3.7496505462951775,1.2634042698366712
sideband_subtracted_charm_trimmed,13.440000000000001,10.224944414961527,1006.8346410302402,3.7318433382080864,1.223376131051286
sideband_subtracted_charm_trimmed,13.46,10.240160106055221,995.8773401136496,3.7127971657941243,1.183066168737792
sideband_subtracted_charm_trimmed,13.48,10.255375797148913,984.5956096313312,3.6926052969972143,1.1424421734438452
sideband_subtracted_charm_trimmed,13.5,10.270591488242605,973.0469134516352,3.671373966075142,1.1014741578796128
sideband_subtracted_charm_trimmed,13.52,10.285807179336297,961.2893361830866,3.649221145980576,1.060135019630548
sideband_subtracted_charm_trimmed,13.54,10.301022870429989,949.3808641200885,3.626275008851342,1.0184012011196535
sideband_subtracted_charm_trimmed,13.56,10.316238561523685,937.3786215842483,3.602672076221413,0.9762533323453901
sideband_subtracted_charm_trimmed,13.58,10.331454252617375,925.338076639171,3.578555067900184,0.933676838834889
sideband_subtracted_charm_trimmed,13.600000000000001,10.346669943711069,913.3122318899223,3.554070467903224,0.8906624942431215
sideband_subtracted_charm_trimmed,13.620000000000001,10.361885634804763,901.3508175867064,3.5293658372411203,0.8472068944076934
sideband_subtracted_charm_trimmed,13.64,10.377101325898455,889.4995054567116,3.504586916445093,0.8033128278003936
sideband_subtracted_charm_trimmed,13.66,10.392317016992147,877.7991625088798,3.4798745748276145,0.7589895165954376
sideband_subtracted_charm_trimmed,13.68,10.40753270808584,866.2851644134789,3.455361677785001,0.714252703383768
sideband_subtracted_charm_trimmed,13.7,10.422748399179532,854.986787882066,3.4311699568574565,0.6691245612240838
sideband_subtracted_charm_trimmed,13.719999999999999,10.437964090273224,843.9267007066846,3.407406978519661,0.6236334094320951
sideband_subtracted_charm_trimmed,13.74,10.453179781366917,833.1205667252507,3.384163315476749,0.5778132242850713
sideband_subtracted_charm_trimmed,13.76,10.46839547246061,822.5767809528479,3.361510027369309,0.5317029424453503
sideband_subtracted_charm_trimmed,13.780000000000001,10.483611163554304,812.2963474773605,3.3394965552799873,0.4853455649186458
sideband_subtracted_charm_trimmed,13.8,10.498826854647998,802.2729095154245,3.3181491257247306,0.43878708006058964
sideband_subtracted_charm_trimmed,13.82,10.514042545741688,792.4929373450068,3.297469744883068,0.39207523464698174
sideband_subtracted_charm_trimmed,13.84,10.529258236835382,782.9360757889372,3.2774358432630453,0.3452581913681261
sideband_subtracted_charm_trimmed,13.86,10.544473927929074,773.575648655973,3.258000605997661,0.29838311837362586
sideband_subtracted_charm_trimmed,13.879999999999999,10.559689619022766,764.3793132068749,3.2390939962259484,0.2514947609337762
sideband_subtracted_charm_trimmed,13.9,10.57490531011646,755.3098534638884,3.2206244505480823,0.20463404643614008
sideband_subtracted_charm_trimmed,13.92,10.590121001210152,746.3260971820418,3.2024811984801347,0.15783677170119104
sideband_subtracted_charm_trimmed,13.940000000000001,10.605336692303846,737.3839376973119,3.184537134135652,0.11113241625738816
sideband_subtracted_charm_trimmed,13.96,10.62055238339754,728.4374387875432,3.1666521496068714,0.06454311737857665
sideband_subtracted_charm_trimmed,13.98,10.635768074491232,719.4399982267751,3.1486768267326593,0.01808283321284532
sideband_subtracted_charm_trimmed,14.0,10.650983765584924,710.3455439519676,3.130456377503763,-0.028243289800764557
sideband_subtracted_charm_trimmed,14.02,10.666199456678617,701.109735728478,3.1118347230142316,-0.07443933885925766
sideband_subtracted_charm_trimmed,14.040000000000001,10.68141514777231,691.691144901979,3.0926586058160472,-0.12051884838399603
sideband_subtracted_charm_trimmed,14.06,10.696630838866003,682.0523852350816,3.0727816395661343,-0.16650481450582663
sideband_subtracted_charm_trimmed,14.08,10.711846529959693,672.1611689009915,3.052068211539217,-0.21242952445546745
sideband_subtracted_charm_trimmed,14.1,10.727062221053387,661.9912633802123,3.0303971664385134,-0.2583342173716481
sideband_subtracted_charm_trimmed,14.120000000000001,10.742277912147081,651.5233272088371,3.0076652125991408,-0.3042685933729922
sideband_subtracted_charm_trimmed,14.14,10.757493603240775,640.7456051829358,2.9837900030013063,-0.35029018617557256
sideband_subtracted_charm_trimmed,14.16,10.772709294334465,629.6544666619884,2.9587128526485587,-0.3964636114719829
sideband_subtracted_charm_trimmed,14.18,10.787924985428159,618.2547739692745,2.932401060309581,-0.44285969918890544
sideband_subtracted_charm_trimmed,14.2,10.80314067652185,606.5600715015207,2.9048498061966304,-0.4895545131180965
sideband_subtracted_charm_trimmed,14.22,10.818356367615545,594.5925899825525,2.876083598000037,-0.5366282567994407
sideband_subtracted_charm_trimmed,14.24,10.833572058709237,582.3830642804642,2.846157236241584,-0.5841640604678574
sideband_subtracted_charm_trimmed,14.26,10.848787749802929,569.9703673080367,2.8151562668230548,-0.6322466409226539
sideband_subtracted_charm_trimmed,14.28,10.864003440896623,557.4009666905622,2.7831968848226034,-0.6809608249287415
sideband_subtracted_charm_trimmed,14.3,10.879219131990316,544.7282150517021,2.750425250111979,-0.7303899278347565
sideband_subtracted_charm_trimmed,14.32,10.894434823084007,532.011488860302,2.717016173480628,-0.7806139831258226
sideband_subtracted_charm_trimmed,14.34,10.9096505141777,519.3151947040096,2.6831711330382104,-0.8317078262179657
sideband_subtracted_charm_trimmed,14.36,10.924866205271394,506.70766549713153,2.649115586189642,-0.8837390474237088
sideband_subtracted_charm_trimmed,14.38,10.940081896365086,494.25997236015246,2.6150955538960625,-0.9367658448914583
sideband_subtracted_charm_trimmed,14.4,10.955297587458778,482.044680588082,2.5813734725695037,-0.9908348282126642
sideband_subtracted_charm_trimmed,14.42,10.97051327855247,470.13458010959584,2.5482233357640776,-1.0459788464004618
sideband_subtracted_charm_trimmed,14.44,10.985728969646164,458.601421994088,2.5159251831544283,-1.1022149382889221
sideband_subtracted_charm_trimmed,14.46,11.000944660739858,447.51469277220895,2.4847590374916715,-1.159542526282076
sideband_subtracted_charm_trimmed,14.48,11.016160351833548,436.9404575117587,2.4549984393371327,-1.2179419920069499
sideband_subtracted_charm_trimmed,14.5,11.031376042927242,426.94030069293876,2.4269037808492437,-1.2773737803159153
sideband_subtracted_charm_trimmed,14.52,11.046591734020936,417.57039096308654,2.400715688546973,-1.337778171708352
sideband_subtracted_charm_trimmed,14.540000000000001,11.061807425114628,408.880691887367,2.3766487442319835,-1.3990758389788285
sideband_subtracted_charm_trimmed,14.56,11.077023116208322,400.9143359715126,2.354885855901033,-1.4611692601953752
sideband_subtracted_charm_trimmed,14.58,11.092238807302014,393.7071736933394,2.335573589788475,-1.5239449985542617
sideband_subtracted_charm_trimmed,14.6,11.107454498395706,387.28750326337104,2.3188187458434233,-1.5872767855759367
sideband_subtracted_charm_trimmed,14.620000000000001,11.1226701894894,381.67598059776356,2.304686400516377,-1.6510292663458404
sideband_subtracted_charm_trimmed,14.64,11.137885880583093,376.8857027998274,2.293199555598486,-1.7150621951771818
sideband_subtracted_charm_trimmed,14.66,11.153101571676784,372.92245258343246,2.2843404274350867,-1.7792348184441444
sideband_subtracted_charm_trimmed,14.68,11.168317262770477,369.7850857868143,2.278053298185083,-1.843410157315049
sideband_subtracted_charm_trimmed,14.700000000000001,11.183532953864171,367.46603964274254,2.274248742831486,-1.9074589111196023
sideband_subtracted_charm_trimmed,14.72,11.198748644957863,365.9519359699734,2.2728089547828305,-1.9712627409220087
sideband_subtracted_charm_trimmed,14.74,11.213964336051555,365.22425105752336,2.273593828804982,-2.034716756064215
sideband_subtracted_charm_trimmed,14.76,11.229180027145247,365.2600227988878,2.276447428013405,-2.097731103843863
sideband_subtracted_charm_trimmed,14.78,11.244395718238941,366.03256561119997,2.2812044621877683,-2.160231642671894
sideband_subtracted_charm_trimmed,14.8,11.259611409332635,367.51216480702715,2.2876964338648387,-2.2221597517055707
sideband_subtracted_charm_trimmed,14.82,11.274827100426325,369.666724289611,2.295757159654844,-2.2834713876486097
sideband_subtracted_charm_trimmed,14.84,11.290042791520019,372.46234459455445,2.30522743883966,-2.3441355383910047
sideband_subtracted_charm_trimmed,14.86,11.305258482613713,375.8638122518896,2.3159587116295595,-2.404132243143348
sideband_subtracted_charm_trimmed,14.88,11.320474173707405,379.8349860217895,2.3278156189369676,-2.46345035203509
sideband_subtracted_charm_trimmed,14.9,11.335689864801097,384.3390705817874,2.3406774395530525,-2.5220851885840583
sideband_subtracted_charm_trimmed,14.92,11.35090555589479,389.33877352459604,2.354438436525677,-2.580036260174178
sideband_subtracted_charm_trimmed,14.94,11.366121246988483,394.7963468726048,2.3690071912895827,-2.6373051384433426
sideband_subtracted_charm_trimmed,14.96,11.381336938082177,400.67351954130936,2.384305041738933,-2.6938936061715384
sideband_subtracted_charm_trimmed,14.98,11.396552629175867,406.9313321076588,2.400263769556067,-2.7498021417923955
sideband_subtracted_charm_trimmed,15.0,11.41176832026956,413.52988968899444,2.416822703421283,-2.8050287881216356
sideband_subtracted_charm_trimmed,15.02,11.426984011363254,420.42805255581334,2.433925418750365,-2.85956842882004
sideband_subtracted_charm_trimmed,15.040000000000001,11.442199702456948,427.5830871450162,2.4515162215718087,-2.9134124747159444
sideband_subtracted_charm_trimmed,15.06,11.45741539355064,434.95030229202166,2.4695366040481033,-2.9665489425859235
sideband_subtracted_charm_trimmed,15.08,11.472631084644332,442.48269666853594,2.4879218518548734,-3.018962891626903
sideband_subtracted_charm_trimmed,15.1,11.487846775738024,450.13064354301605,2.506597969164207,-3.070637168105558
sideband_subtracted_charm_trimmed,15.120000000000001,11.503062466831718,457.84163805502976,2.525479065665409,-3.1215533971228813
sideband_subtracted_charm_trimmed,15.14,11.518278157925412,465.5601302404575,2.5444653227096277,3.111492154506717
sideband_subtracted_charm_trimmed,15.16,11.533493849019102,473.2274641337426,2.5634416236375763,3.062146073518687
sideband_subtracted_charm_trimmed,15.18,11.548709540112796,480.7819395226106,2.5822768984897713,3.013608332714987
sideband_subtracted_charm_trimmed,15.200000000000001,11.56392523120649,488.1590084964191,2.6008241977960096,2.965889783389109
sideband_subtracted_charm_trimmed,15.22,11.579140922300182,495.29161400055455,2.6189214762974373,2.9189962727405754
sideband_subtracted_charm_trimmed,15.24,11.594356613393874,502.1106723965531,2.6363930374297824,2.8729275889405774
sideband_subtracted_charm_trimmed,15.26,11.609572304487568,508.54569675110906,2.6530515649577717,2.827676573458326
sideband_subtracted_charm_trimmed,15.28,11.624787995581258,514.5255524525855,2.6687006504966195,2.7832284193132666
sideband_subtracted_charm_trimmed,15.3,11.640003686674953,519.9793319788441,2.683137715313346,2.7395601608348787
sideband_subtracted_charm_trimmed,15.32,11.655219377768644,524.8373313853153,2.6961572216224226,2.6966403490494644
sideband_subtracted_charm_trimmed,15.34,11.670435068862338,529.0321074779276,2.707554071840791,2.6544288976363664
sideband_subtracted_charm_trimmed,15.36,11.685650759956031,532.4995917713895,2.7171271027564616,2.6128770778633434
sideband_subtracted_charm_trimmed,15.38,11.700866451049725,535.1802352546183,2.7246825938310555,2.5719276370949147
sideband_subtracted_charm_trimmed,15.4,11.716082142143415,537.0201566967662,2.7300377233304625,2.5315150142095013
sideband_subtracted_charm_trimmed,15.42,11.73129783323711,537.9722666993875,2.7330239211446363,2.4915656262438377
sideband_subtracted_charm_trimmed,15.44,11.746513524330801,537.9973398787406,2.733490081670781,2.4519982034088152
sideband_subtracted_charm_trimmed,15.46,11.761729215424495,537.0650083759429,2.731305612891172,2.4127241538795623
sideband_subtracted_charm_trimmed,15.48,11.776944906518187,535.1546512670247,2.726363307956732,2.3736479450862915
sideband_subtracted_charm_trimmed,15.5,11.792160597611879,532.2561563079726,2.7185820326482815,2.334667494327681
sideband_subtracted_charm_trimmed,15.52,11.807376288705573,528.3705327409989,2.707909225744507,2.2956745681924606
sideband_subtracted_charm_trimmed,15.540000000000001,11.822591979799267,523.5103565613899,2.6943232095073677,2.256555197392163
sideband_subtracted_charm_trimmed,15.56,11.837807670892957,517.7000326692614,2.6778353042946392,2.2171901211351788
sideband_subtracted_charm_trimmed,15.58,11.85302336198665,510.97586168980706,2.6584917349322583,2.177455283106573
sideband_subtracted_charm_trimmed,15.6,11.868239053080345,503.38590293047673,2.6363753072016816,2.137222409455508
sideband_subtracted_charm_trimmed,15.620000000000001,11.883454744174037,494.98962894557917,2.611606820933247,2.09635970786821
sideband_subtracted_charm_trimmed,15.64,11.89867043526773,485.8573714815757,2.584346172082571,2.054732735620278
sideband_subtracted_charm_trimmed,15.66,11.91388612636142,476.06956314751005,2.5547930801780074,2.01220549302769
sideband_subtracted_charm_trimmed,15.68,11.929101817455114,465.7157839367428,2.5231873601238073,1.9686418061731992
sideband_subtracted_charm_trimmed,15.700000000000001,11.944317508548808,454.8936266313249,2.489808639164364,1.9239070679154169
sideband_subtracted_charm_trimmed,15.72,11.959533199642502,443.70740002767343,2.4549754018264944,1.8778704071204677
sideband_subtracted_charm_trimmed,15.74,11.974748890736192,432.2666936792957,2.4190432293524737,1.8304073502117555
sideband_subtracted_charm_trimmed,15.76,11.989964581829886,420.6848322780279,2.382402087782868,1.7814030232340234
sideband_subtracted_charm_trimmed,15.78,12.005180272923576,409.0772516914076,2.3454725137313885,1.7307559129024772
sideband_subtracted_charm_trimmed,15.8,12.020395964017272,397.55983183496573,2.3087005534839977,1.6783821578326938
sideband_subtracted_charm_trimmed,15.82,12.035611655110964,386.2472237885777,2.2725513349573494,1.6242202736417093
sideband_subtracted_charm_trimmed,15.84,12.050827346204656,375.2512096941391,2.2375011995471112,1.568236127770406
sideband_subtracted_charm_trimmed,15.86,12.066043037298348,364.67913386783766,2.2040283978677255,1.5104278761395706
sideband_subtracted_charm_trimmed,15.88,12.081258728392044,354.6324421484096,2.172602463475536,1.450830465089009
sideband_subtracted_charm_trimmed,15.9,12.096474419485734,345.20536377228564,2.1436725207535803,1.3895192071800109
sideband_subtracted_charm_trimmed,15.92,12.111690110579428,336.4837660773228,2.1176549485440357,1.3266118840591474
sideband_subtracted_charm_trimmed,15.94,12.126905801673121,328.54420721879796,2.0949209915536233,1.2622688424195436
sideband_subtracted_charm_trimmed,15.96,12.142121492766814,321.4532060288511,2.0757850591317437,1.1966906543296887
sideband_subtracted_charm_trimmed,15.98,12.157337183860506,315.2667414107091,2.060494541642611,1.1301131203227612
sideband_subtracted_charm_trimmed,16.0,12.172552874954198,310.0299865171146,2.0492219753581633,1.0627996880627075
sideband_subtracted_charm_trimmed,16.02,12.187768566047891,305.77727572205913,2.042060275762778,0.995031698557833
sideband_subtracted_charm_trimmed,16.04,12.202984257141583,302.5322953601317,2.0390215353155576,0.9270971909844048
sideband_subtracted_charm_trimmed,16.060000000000002,12.218199948235279,300.3084826636623,2.0400395697602676,0.8592792252888866
sideband_subtracted_charm_trimmed,16.08,12.233415639328967,299.10961152401796,2.044976044616176,0.7918447636217029
sideband_subtracted_charm_trimmed,16.1,12.248631330422663,298.9305388425819,2.053629680017786,0.7250350666392968
sideband_subtracted_charm_trimmed,16.12,12.263847021516355,299.7580814655521,2.0657477732511156,0.6590583300590426
sideband_subtracted_charm_trimmed,16.14,12.279062712610049,301.5719911027154,2.0810391314213734,0.5940849661491998
sideband_subtracted_charm_trimmed,16.16,12.294278403703741,304.345993243649,2.0991874825467365,0.5302455950152547
sideband_subtracted_charm_trimmed,16.18,12.309494094797433,308.0488558821962,2.1198645172707966,0.46763151607796005
sideband_subtracted_charm_trimmed,16.200000000000003,12.324709785891129,312.64545477274805,2.1427418730046424,0.40629722311681493
sideband_subtracted_charm_trimmed,16.22,12.339925476984817,318.0978038657231,2.167501568901607,0.3462644207904364
sideband_subtracted_charm_trimmed,16.240000000000002,12.355141168078513,324.36602237258194,2.1938445984644632,0.28752698682389144
sideband_subtracted_charm_trimmed,16.259999999999998,12.370356859172203,331.4092134453349,2.221497561412922,0.2300563777743795
sideband_subtracted_charm_trimmed,16.28,12.385572550265898,339.18623356409444,2.2502173539984627,0.1738070687828779
sideband_subtracted_charm_trimmed,16.3,12.40078824135959,347.6563362508059,2.279794033802987,0.11872172350978281
sideband_subtracted_charm_trimmed,16.32,12.416003932453282,356.77967851072026,2.3100520349238054,0.06473589111590572
sideband_subtracted_charm_trimmed,16.34,12.431219623546975,366.51768329737024,2.3408499398715743,0.0117821120668537
sideband_subtracted_charm_trimmed,16.36,12.446435314640667,376.833256160513,2.3720790241187713,-0.0402066203598388
sideband_subtracted_charm_trimmed,16.380000000000003,12.461651005734362,387.69085893958254,2.4036607859369457,-0.09129405021867497
sideband_subtracted_charm_trimmed,16.4,12.476866696828052,399.0564477886728,2.4355436642070214,-0.14153847857903973
sideband_subtracted_charm_trimmed,16.42,12.492082387921748,410.89728685493174,2.4676991345973733,-0.19099117343556465
sideband_subtracted_charm_trimmed,16.439999999999998,12.507298079015436,423.1816524865062,2.500117362395557,-0.23969532160278176
sideband_subtracted_charm_trimmed,16.46,12.522513770109132,435.87844583805054,2.532802579388071,-0.28768547030199365
sideband_subtracted_charm_trimmed,16.48,12.537729461202824,448.95673410627205,2.565768342466908,-0.3349874044502838
sideband_subtracted_charm_trimmed,16.5,12.552945152296518,462.3852423187782,2.5990328223875263,-0.38161840467944713
sideband_subtracted_charm_trimmed,16.52,12.56816084339021,476.1318185866112,2.632614261270974,-0.42758783000402517
sideband_subtracted_charm_trimmed,16.54,12.583376534483902,490.1628960089038,2.666526725986546,-0.4728979676321193
sideband_subtracted_charm_trimmed,16.560000000000002,12.598592225577598,504.44297399767675,2.7007762706369847,-0.5175450909342608
sideband_subtracted_charm_trimmed,16.58,12.613807916671286,518.9341407079883,2.7353576045517722,-0.561520665589516
sideband_subtracted_charm_trimmed,16.6,12.629023607764982,533.5956565654742,2.7702513424953383,-0.6048126440314243
sideband_subtracted_charm_trimmed,16.62,12.644239298858675,548.3836166503606,2.8054218917084004,-0.6474067900608648
sideband_subtracted_charm_trimmed,16.64,12.659454989952366,563.250707008865,2.8408160068175263,-0.6892879792274308
sideband_subtracted_charm_trimmed,16.66,12.67467068104606,578.1460669132794,2.87636201973851,-0.7304414263840613
sideband_subtracted_charm_trimmed,16.68,12.689886372139751,593.0152657806975,2.911969728745739,-0.7708537994947655
sideband_subtracted_charm_trimmed,16.700000000000003,12.705102063233447,607.8003999893263,2.947530910105938,-0.8105141878741254
sideband_subtracted_charm_trimmed,16.72,12.720317754327137,622.4403112985638,2.9829203980949712,-0.849414902942969
sideband_subtracted_charm_trimmed,16.740000000000002,12.735533445420833,636.8709250794163,3.0179976655336835,-0.8875520996022538
sideband_subtracted_charm_trimmed,16.759999999999998,12.750749136514521,651.025703179821,3.052608827519131,-0.924926215782982
sideband_subtracted_charm_trimmed,16.78,12.765964827608217,664.8362030632998,3.0865889857574773,-0.961542236055688
sideband_subtracted_charm_trimmed,16.8,12.781180518701909,678.2327319347532,3.119764829464672,-0.9974097919683848
sideband_subtracted_charm_trimmed,16.82,12.796396209795601,691.1450819640631,3.15195741060514,-1.032543116806595
sideband_subtracted_charm_trimmed,16.84,12.811611900889295,703.5033304845056,3.1829850155585544,-1.0669608756891944
sideband_subtracted_charm_trimmed,16.86,12.826827591982985,715.2386872227398,3.212666061380941,-1.100685893445128
sideband_subtracted_charm_trimmed,16.880000000000003,12.84204328307668,726.2843692452661,3.2408219519421237,-1.1337448027836483
sideband_subtracted_charm_trimmed,16.9,12.857258974170371,736.5764834130205,3.2672798367686124,-1.1661676341703742
sideband_subtracted_charm_trimmed,16.92,12.872474665264065,746.0548957451938,3.291875222937452,-1.1979873668730885
sideband_subtracted_charm_trimmed,16.939999999999998,12.887690356357757,754.6640672211797,3.3144543975414975,-1.229239458154628
sideband_subtracted_charm_trimmed,16.96,12.902906047451452,762.3538362049803,3.3348766249214084,-1.2599613648428858
sideband_subtracted_charm_trimmed,16.98,12.918121738545143,769.0801288555158,3.353016088995215,-1.2901920687247552
sideband_subtracted_charm_trimmed,17.0,12.933337429638836,774.8055805746444,3.368763556670742,-1.319971614567241
sideband_subtracted_charm_trimmed,17.02,12.948553120732528,779.5000537103042,3.382027743611553,-1.3493406671820427
sideband_subtracted_charm_trimmed,17.04,12.96376881182622,783.1410393288861,3.3927363686841003,-1.3783400918945892
sideband_subtracted_charm_trimmed,17.060000000000002,12.978984502919916,785.7139338315428,3.400836888375275,-1.4070105610871724
sideband_subtracted_charm_trimmed,17.08,12.994200194013604,787.2121844329813,3.406296907443581,-1.43539218816274
sideband_subtracted_charm_trimmed,17.1,13.0094158851073,787.6373009486051,3.4091042671177725,-1.4635241893034983
sideband_subtracted_charm_trimmed,17.12,13.024631576200994,786.9987348370196,3.409266817297496,-1.4914445727439911
sideband_subtracted_charm_trimmed,17.14,13.039847267294684,785.3136299011021,3.406811884404063,-1.5191898549025726
sideband_subtracted_charm_trimmed,17.16,13.055062958388378,782.6064523419409,3.4017854516915156,-1.5467948025717577
sideband_subtracted_charm_trimmed,17.18,13.070278649482072,778.908510868223,3.3942510738355964,-1.5742922004127076
sideband_subtracted_charm_trimmed,17.200000000000003,13.085494340575764,774.2573801847539,3.384288552328507,-1.601712643185729
sideband_subtracted_charm_trimmed,17.22,13.100710031669456,768.6962433253211,3.37199240245928,-1.629084352433995
sideband_subtracted_charm_trimmed,17.240000000000002,13.115925722763151,762.2731698908756,3.357470146304135,-1.656433017680764
sideband_subtracted_charm_trimmed,17.259999999999998,13.13114141385684,755.0403482586917,3.3408404690482936,-1.6837816625612143
sideband_subtracted_charm_trimmed,17.28,13.146357104950535,747.0532902263512,3.3222312780003986,-1.7111505366540876
sideband_subtracted_charm_trimmed,17.3,13.16157279604423,738.3700263563042,3.3017777047648478,-1.7385570340697802
sideband_subtracted_charm_trimmed,17.32,13.17678848713792,729.0503095291133,3.2796200911644298,-1.766015640062792
sideband_subtracted_charm_trimmed,17.34,13.192004178231613,719.1548429551221,3.2559019986542315,-1.7935379070389734
sideband_subtracted_charm_trimmed,17.36,13.207219869325304,708.7445472121908,3.23076827916942,-1.8211324613028184
sideband_subtracted_charm_trimmed,17.380000000000003,13.222435560419,697.879878861444,3.2043632426708935,-1.848805041720942
sideband_subtracted_charm_trimmed,17.4,13.237651251512691,686.6202109406804,3.176828953184857,-1.8765585711582953
sideband_subtracted_charm_trimmed,17.42,13.252866942606383,675.0232832453148,3.148303680988995,-1.9043932610749044
sideband_subtracted_charm_trimmed,17.439999999999998,13.268082633700075,663.1447278751657,3.118920533907201,-1.9323067490633405
sideband_subtracted_charm_trimmed,17.46,13.28329832479377,651.0376731398756,3.0888062855745892,-1.9602942683826736
sideband_subtracted_charm_trimmed,17.48,13.298514015887461,638.7524266540349,3.0580804131708232,-1.988348847731546
sideband_subtracted_charm_trimmed,17.5,13.313729706981155,626.3362363787892,3.0268543516369153,-2.0164615386427105
sideband_subtracted_charm_trimmed,17.52,13.328945398074849,613.8331265298184,2.9952309659366096,-2.0446216670159005
sideband_subtracted_charm_trimmed,17.54,13.344161089168539,601.2838037073489,2.9633042376389924,-2.072817104486919
sideband_subtracted_charm_trimmed,17.560000000000002,13.359376780262235,588.725627333195,2.931159157121925,-2.101034554605576
sideband_subtracted_charm_trimmed,17.58,13.374592471355923,576.1926375110015,2.8988718081528835,-2.129259848210747
sideband_subtracted_charm_trimmed,17.6,13.389808162449619,563.7156327557532,2.8665096276107964,-2.15747824198624
sideband_subtracted_charm_trimmed,17.62,13.405023853543312,551.3222896542684,2.834131819769097,-2.1856747139850947
sideband_subtracted_charm_trimmed,17.64,13.420239544637003,539.0373163991753,2.801789901945231,-2.2138342499403234
sideband_subtracted_charm_trimmed,17.66,13.435455235730696,526.8826322587265,2.7695283564927085,-2.241942114438213
sideband_subtracted_charm_trimmed,17.68,13.45067092682439,514.877565372386,2.737385363096381,-2.2699841015066196
sideband_subtracted_charm_trimmed,17.700000000000003,13.465886617918082,503.03906176470264,2.7053935851309285,-2.2979467598402947
sideband_subtracted_charm_trimmed,17.72,13.481102309011774,491.38189911212976,2.673580984427418,-2.3258175887137162
sideband_subtracted_charm_trimmed,17.740000000000002,13.49631800010547,479.9188995447839,2.641971640103671,-2.353585201576776
sideband_subtracted_charm_trimmed,17.759999999999998,13.511533691199158,468.66113658315953,2.6105865490690197,-2.3812394553427763
sideband_subtracted_charm_trimmed,17.78,13.526749382292854,457.6181321658587,2.579444388303155,-2.4087715444147886
sideband_subtracted_charm_trimmed,17.8,13.541965073386548,446.7980405890776,2.548562221914182,-2.4361740595092027
sideband_subtracted_charm_trimmed,17.82,13.557180764480238,436.20781702360546,2.5179561391657055,-2.4634410122867503
sideband_subtracted_charm_trimmed,17.84,13.572396455573932,425.853369077915,2.4876418129963285,-2.490567827656696
sideband_subtracted_charm_trimmed,17.86,13.587612146667622,415.73969061614844,2.4576349719034662,-2.517551306358204
sideband_subtracted_charm_trimmed,17.880000000000003,13.602827837761318,405.87097770175023,2.42795178130803,-2.5443895610269167
sideband_subtracted_charm_trimmed,17.9,13.61804352885501,396.250727110335,2.3986091335520614,-2.571081929419432
sideband_subtracted_charm_trimmed,17.92,13.633259219948702,386.8818183311014,2.3696248484205804,-2.597628868793521
sideband_subtracted_charm_trimmed,17.939999999999998,13.648474911042394,377.76658035280707,2.341017788459902,-2.624031835633814
sideband_subtracted_charm_trimmed,17.96,13.66369060213609,368.9068448074504,2.312807895341866,-2.6502931549831215
sideband_subtracted_charm_trimmed,17.98,13.67890629322978,360.303987227755,2.2850161550799775,-2.6764158835992213
sideband_subtracted_charm_trimmed,18.0,13.694121984323473,351.958958269337,2.2576645010354928,-2.70240367102329
sideband_subtracted_charm_trimmed,18.02,13.709337675417164,343.8723067650608,2.230775664378377,-2.7282606224300885
sideband_subtracted_charm_trimmed,18.04,13.724553366510857,336.0441964277561,2.2043729820185485,-2.7539911668471415
sideband_subtracted_charm_trimmed,18.060000000000002,13.739769057604553,328.4744179109148,2.178480172038981,-2.7795999339907396
sideband_subtracted_charm_trimmed,18.08,13.754984748698242,321.1623977865529,2.153121086390871,-2.805091642581295
sideband_subtracted_charm_trimmed,18.1,13.770200439791937,314.1072058181926,2.128319450104091,-2.8304710025779016
sideband_subtracted_charm_trimmed,18.12,13.785416130885631,307.30756170567474,2.10409859557383,-2.8557426333185987
sideband_subtracted_charm_trimmed,18.14,13.800631821979321,300.76184226823534,2.080481199656701,-2.880910999076637
sideband_subtracted_charm_trimmed,18.16,13.815847513073015,294.4680898219667,2.057489030391558,-2.9059803630487586
sideband_subtracted_charm_trimmed,18.18,13.831063204166709,288.42402230533844,2.035142709192149,-2.9309547602874604
sideband_subtracted_charm_trimmed,18.200000000000003,13.846278895260403,282.6270455180129,2.0134614933750643,-2.9558379895819997
sideband_subtracted_charm_trimmed,18.22,13.861494586354093,277.07426766880235,1.992463082915877,-2.980633623791481
sideband_subtracted_charm_trimmed,18.240000000000002,13.876710277447788,271.7625162807162,1.972163454391389,-3.005345037648106
sideband_subtracted_charm_trimmed,18.259999999999998,13.891925968541477,266.688357377825,1.9525767241853687,-3.0299754515893746
sideband_subtracted_charm_trimmed,18.28,13.907141659635172,261.84811677932885,1.9337150422209806,-3.0545279897582622
sideband_subtracted_charm_trimmed,18.3,13.922357350728864,257.237903251651,1.9155885167463058,-3.0790057499398285
sideband_subtracted_charm_trimmed,18.32,13.937573041822557,252.85363321757904,1.8982051700446314,-3.103411882895158
sideband_subtracted_charm_trimmed,18.34,13.95278873291625,248.6910566911247,1.8815709243737937,-3.12774967831705
sideband_subtracted_charm_trimmed,18.36,13.96800442400994,244.74578409481182,1.8656896169585986,3.1311626527036824
sideband_subtracted_charm_trimmed,18.380000000000003,13.983220115103636,241.01331362100973,1.8505630424676511,3.1069506586259656
sideband_subtracted_charm_trimmed,18.4,13.998435806197328,237.48905881592145,1.8361910210973325,3.082795402500034
sideband_subtracted_charm_trimmed,18.42,14.013651497291022,234.16837609310096,1.8225714901569672,3.058692150395003
sideband_subtracted_charm_trimmed,18.439999999999998,14.028867188384712,231.0465919179187,1.8097006168942602,3.0346356036091953
sideband_subtracted_charm_trimmed,18.46,14.044082879478408,228.11902944376197,1.7975729302096903,3.0106198340361834
sideband_subtracted_charm_trimmed,18.48,14.059298570572098,225.3810344213416,1.786181468874514,2.986638232007282
sideband_subtracted_charm_trimmed,18.5,14.074514261665792,222.82800024229437,1.7755179438760915,2.9626834683978416
sideband_subtracted_charm_trimmed,18.52,14.089729952759484,220.4553920151011,1.765572912556064,2.938747472403992
sideband_subtracted_charm_trimmed,18.54,14.104945643853176,218.25876960295136,1.7563359622671784,2.914821426004734
sideband_subtracted_charm_trimmed,18.560000000000002,14.120161334946872,216.23380957889094,1.747795901341088,2.8908957757368676
sideband_subtracted_charm_trimmed,18.58,14.13537702604056,214.37632607109117,1.7399409552196932,2.8669602620418826
sideband_subtracted_charm_trimmed,18.6,14.150592717134256,212.6822904810906,1.7327589656460265,2.8430039661049746
sideband_subtracted_charm_trimmed,18.62,14.16580840822795,211.14785005863814,1.726237590827387,2.819015373806349
sideband_subtracted_charm_trimmed,18.64,14.181024099321641,209.76934530913422,1.7203645044673215,2.794982456146928
sideband_subtracted_charm_trimmed,18.66,14.196239790415333,208.54332619393608,1.7151275915103281,2.77089276529724
sideband_subtracted_charm_trimmed,18.68,14.211455481509027,207.46656705997884,1.710515138352247,2.746733545245265
sideband_subtracted_charm_trimmed,18.700000000000003,14.226671172602721,206.53608020508545,1.70651601514387,2.7224918558817817
sideband_subtracted_charm_trimmed,18.72,14.241886863696411,205.7491279495407,1.7031198476599823,2.6981547092514613
sideband_subtracted_charm_trimmed,18.740000000000002,14.257102554790107,205.10323304462509,1.700317176030604,2.6737092166037217
sideband_subtracted_charm_trimmed,18.759999999999998,14.272318245883795,204.59618720651997,1.69809959744688,2.6491427447891964
sideband_subtracted_charm_trimmed,18.78,14.287533936977491,204.22605752103846,1.6964598897752576,2.624443080452403
sideband_subtracted_charm_trimmed,18.8,14.302749628071183,203.9911904225737,1.6953921128565,2.5995986003601335
sideband_subtracted_charm_trimmed,18.82,14.317965319164875,203.8902129119997,1.694891684148307,2.5745984460675713
sideband_subtracted_charm_trimmed,18.84,14.333181010258569,203.92203064412388,1.6949554253109629,2.54943270095575
sideband_subtracted_charm_trimmed,18.86,14.34839670135226,204.08582248866514,1.6955815763525783,2.524092567470337
sideband_subtracted_charm_trimmed,18.880000000000003,14.363612392445956,204.38103115044942,1.6967697740636785,2.4985705421558415
sideband_subtracted_charm_trimmed,18.9,14.378828083539647,204.8073494271739,1.6985209916965445,2.472860585815612
sideband_subtracted_charm_trimmed,18.92,14.39404377463334,205.36470168824962,1.7008374371989197,2.4469582858487
sideband_subtracted_charm_trimmed,18.939999999999998,14.40925946572703,206.05322017717845,1.7037224078067312,2.4208610075347696
sideband_subtracted_charm_trimmed,18.96,14.424475156820726,206.8732157745544,1.707180099444837,2.394568030778138
sideband_subtracted_charm_trimmed,18.98,14.439690847914418,207.82514290988547,1.7112153701832025,2.3680806686069733
sideband_subtracted_charm_trimmed,19.0,14.45490653900811,208.90955837931688,1.7158334579451375,2.3414023635793377
sideband_subtracted_charm_trimmed,19.02,14.470122230101802,210.12707391347067,1.7210396537564439,2.314538758204176
sideband_subtracted_charm_trimmed,19.04,14.485337921195494,211.47830244508805,1.726838933041996,2.2874977355688606
sideband_subtracted_charm_trimmed,19.060000000000002,14.50055361228919,212.9637981505366,1.7332355487939841,2.2602894266008047
sideband_subtracted_charm_trimmed,19.08,14.51576930338288,214.58399048063075,1.7402325918200314,2.232926180797776
sideband_subtracted_charm_trimmed,19.1,14.530984994476576,216.3391125549242,1.747831524685552,2.205422497849971
sideband_subtracted_charm_trimmed,19.12,14.546200685570268,218.22912446601913,1.756031697342492,2.1777949183478786
sideband_subtracted_charm_trimmed,19.14,14.56141637666396,220.25363222526357,1.7648298537282265,2.150061872708956
sideband_subtracted_charm_trimmed,19.16,14.576632067757652,222.41180327399343,1.7742196397614107,2.1222434885399535
sideband_subtracted_charm_trimmed,19.18,14.591847758851346,224.7022796809215,1.7841911240929766,2.094361357838181
sideband_subtracted_charm_trimmed,19.200000000000003,14.60706344994504,227.12309034175632,1.7947303436294444,2.066438266675603
sideband_subtracted_charm_trimmed,19.22,14.62227914103873,229.67156368406359,1.8058188861768574,2.0384978912420517
sideband_subtracted_charm_trimmed,19.240000000000002,14.637494832132425,232.3442425536341,1.8174335225136478,2.0105644652841392
sideband_subtracted_charm_trimmed,19.259999999999998,14.652710523226114,235.1368031088059,1.8295458997584522,1.9826624249980749
sideband_subtracted_charm_trimmed,19.28,14.66792621431981,238.04397966991382,1.8421223070431385,1.9548160382572806
sideband_subtracted_charm_trimmed,19.3,14.683141905413502,241.05949755348774,1.855123523237833,1.9270490256301518
sideband_subtracted_charm_trimmed,19.32,14.698357596507195,244.17601595767337,1.868504754833322,1.8993841809327503
sideband_subtracted_charm_trimmed,19.34,14.713573287600887,247.38508294988787,1.8822156701138435,1.8718429990513485
sideband_subtracted_charm_trimmed,19.36,14.72878897869458,250.67710453418113,1.896200533518345,1.8444453184611564
sideband_subtracted_charm_trimmed,19.380000000000003,14.744004669788275,254.0413296405277,1.9103984416731943,1.8172089852853082
sideband_subtracted_charm_trimmed,19.4,14.759220360881965,257.46585267918636,1.9247436600775265,1.7901495449211615
sideband_subtracted_charm_trimmed,19.42,14.774436051975659,260.9376350416278,1.9391660569353382,1.7632799662642928
sideband_subtracted_charm_trimmed,19.439999999999998,14.78965174306935,264.4425466082721,1.9535916282552321,1.7366104024477038
sideband_subtracted_charm_trimmed,19.46,14.804867434163045,267.9654279489878,1.967943106176859,1.7101479908510648
sideband_subtracted_charm_trimmed,19.48,14.820083125256737,271.4901734834457,1.9821406406161368,1.683896693989343
sideband_subtracted_charm_trimmed,19.5,14.835298816350429,274.9998354171257,1.9961025428209467,1.6578571818200611
sideband_subtracted_charm_trimmed,19.52,14.850514507444121,278.476747796798,2.0097460783448784,1.6320267550645031
sideband_subtracted_charm_trimmed,19.54,14.865730198537815,281.90266955271,2.022988296308114,1.6063993083571602
sideband_subtracted_charm_trimmed,19.560000000000002,14.88094588963151,285.2589449271036,2.03574688162615,1.580965331443817
sideband_subtracted_charm_trimmed,19.58,14.896161580725199,288.52667924531124,2.0479410171296912,1.555711946253104
sideband_subtracted_charm_trimmed,19.6,14.911377271818894,291.6869275800491,2.0594922431287035,1.5306229774667288
sideband_subtracted_charm_trimmed,19.62,14.926592962912586,294.7208935028211,2.070325302925741,1.5056790541993559
sideband_subtracted_charm_trimmed,19.64,14.941808654006278,297.61013481826376,2.080368963975623,1.4808577405482133
sideband_subtracted_charm_trimmed,19.66,14.957024345099972,300.3367729439633,2.0895568057219287,1.4561336930606523
sideband_subtracted_charm_trimmed,19.68,14.972240036193664,302.88370243312966,2.0978279665109967,1.4314788435625445
sideband_subtracted_charm_trimmed,19.700000000000003,14.987455727287358,305.2347970417213,2.10512784328194,1.4068626062598548
sideband_subtracted_charm_trimmed,19.72,15.002671418381048,307.3751087130404,2.1114087388528673,1.3822521085351105
sideband_subtracted_charm_trimmed,19.740000000000002,15.017887109474744,309.2910558884905,2.11663045247474,1.3576124453746166
sideband_subtracted_charm_trimmed,19.759999999999998,15.033102800568434,310.97059764844016,2.120760809829679,1.3329069578467703
sideband_subtracted_charm_trimmed,19.78,15.04831849166213,312.403390337593,2.1237761287565897,1.3080975364692018
sideband_subtracted_charm_trimmed,19.8,15.06353418275582,313.58092353054235,2.125661616671785,1.2831449506183825
sideband_subtracted_charm_trimmed,19.82,15.078749873849514,314.49663244278054,2.1264116949257117,1.2580092053095486
sideband_subtracted_charm_trimmed,19.84,15.093965564943206,315.14598418865717,2.1260302442476555,1.2326499266702138
sideband_subtracted_charm_trimmed,19.86,15.109181256036898,315.5265356314194,2.124530764065221,1.2070267772050032
sideband_subtracted_charm_trimmed,19.880000000000003,15.124396947130593,315.63796096310034,2.121936436970875,1.181099901463479
sideband_subtracted_charm_trimmed,19.9,15.139612638224282,315.48204759684086,2.1182800881052497,1.154830401936089
sideband_subtracted_charm_trimmed,19.92,15.154828329317978,315.0626594543901,2.1136040279299237,1.1281808438819823
sideband_subtracted_charm_trimmed,19.939999999999998,15.170044020411668,314.3856672884431,2.1079597659865286,1.1011157863115584
sideband_subtracted_charm_trimmed,19.96,15.185259711505363,313.45884629394277,2.101407583011628,1.0736023344949055
sideband_subtracted_charm_trimmed,19.98,15.200475402599055,312.291741930072,2.094015949421055,1.0456107071603045
sideband_subtracted_charm_trimmed,20.0,15.21569109369275,310.8955055875267,2.0858607798955022,1.0171148090270181
sideband_subtracted_charm_trimmed,20.02,15.23090678478644,309.28270248014087,2.0770245167495855,0.988092796571458
sideband_subtracted_charm_trimmed,20.04,15.246122475880133,307.46709489659406,2.0675950390432956,0.9585276220873624
sideband_subtracted_charm_trimmed,20.060000000000002,15.261338166973829,305.4634046920328,2.057664400002139,0.9284075383561696
sideband_subtracted_charm_trimmed,20.08,15.276553858067517,303.28705960071966,2.047327402146298,0.8977265438316806
sideband_subtracted_charm_trimmed,20.1,15.291769549161213,300.9539285777173,2.036680027360488,0.8664847464459672
sideband_subtracted_charm_trimmed,20.12,15.306985240254907,298.48005189437754,2.0258177476034427,0.8346886232708844
sideband_subtracted_charm_trimmed,20.14,15.322200931348597,295.8813720878752,2.014833750571472,0.8023511536269772
sideband_subtracted_charm_trimmed,20.16,15.33741662244229,293.17347206924387,2.003817122800926,0.7694918050871205
sideband_subtracted_charm_trimmed,20.18,15.352632313535981,290.3713267057101,1.9928510397580894,0.7361363553540661
sideband_subtracted_charm_trimmed,20.200000000000003,15.367848004629677,287.4890739976654,1.98201101774775,0.7023165382487423
sideband_subtracted_charm_trimmed,20.22,15.383063695723369,284.53981156547525,1.971363285353946,0.6680695089055309
sideband_subtracted_charm_trimmed,20.240000000000002,15.398279386817064,281.5354235546074,1.9609633321191062,0.6334371314139972
sideband_subtracted_charm_trimmed,20.259999999999998,15.413495077910753,278.48644227828845,1.9508546889831462,0.5984651010652762
sideband_subtracted_charm_trimmed,20.28,15.428710769004448,275.4019479745548,1.9410679886123068,0.563201922386215
sideband_subtracted_charm_trimmed,20.3,15.443926460098139,272.2895089963786,1.9316203444095654,0.5276977725160672
sideband_subtracted_charm_trimmed,20.32,15.459142151191832,269.15516362204653,1.9225150752580418,0.4920032864307794
sideband_subtracted_charm_trimmed,20.34,15.474357842285526,266.0034435134439,1.913741789692939,0.45616830538059955
sideband_subtracted_charm_trimmed,20.36,15.489573533379216,262.83743770657384,1.9052768291743345,0.42024063219760277
sideband_subtracted_charm_trimmed,20.380000000000003,15.504789224472912,259.6588949323195,1.8970840564505755,0.3842648366359709
sideband_subtracted_charm_trimmed,20.4,15.5200049155666,256.4683610706925,1.889115962610325,0.3482811507084484
sideband_subtracted_charm_trimmed,20.42,15.535220606660296,253.2653476660089,1.8813150561086227,0.3123244884425683
sideband_subtracted_charm_trimmed,20.439999999999998,15.550436297753988,250.04852669211323,1.8736154893611583,0.27642361719504555
sideband_subtracted_charm_trimmed,20.46,15.56565198884768,246.8159461664036,1.865944873683359,0.24060049937160735
sideband_subtracted_charm_trimmed,20.48,15.580867679941374,243.5652607719967,1.8582262313633584,0.20486981488853218
sideband_subtracted_charm_trimmed,20.5,15.596083371035068,240.29397135560066,1.8503800341938734,0.16923866671021295
sideband_subtracted_charm_trimmed,20.52,15.611299062128758,236.9996670174587,1.8423262803460505,0.13370646490661098
sideband_subtracted_charm_trimmed,20.54,15.626514753222452,233.6802634891901,1.833986565425,0.09826497930995752
sideband_subtracted_charm_trimmed,20.560000000000002,15.641730444316147,230.33423159603262,1.825286108247741,0.06289854722966354
sideband_subtracted_charm_trimmed,20.58,15.656946135409836,226.96080981263003,1.816155696713556,0.027584420830596017
sideband_subtracted_charm_trimmed,20.6,15.672161826503531,223.56019524045405,1.8065335235799613,-0.007706761445787846
sideband_subtracted_charm_trimmed,20.62,15.687377517597225,220.13370775582007,1.796366885636647,-0.04301039389618695
sideband_subtracted_charm_trimmed,20.64,15.702593208690915,216.683922600223,1.785613722464066,-0.0783672253179823
sideband_subtracted_charm_trimmed,20.66,15.71780889978461,213.2147673092477,1.7742439726077002,-0.11382259301969583
sideband_subtracted_charm_trimmed,20.68,15.7330245908783,209.73157960510798,1.7622407256723531,-0.14942557552147628
sideband_subtracted_charm_trimmed,20.700000000000003,15.748240281971995,206.2411237101078,1.7496011487434202,-0.18522806747134818
sideband_subtracted_charm_trimmed,20.72,15.763455973065687,202.75156347204756,1.7363371649714616,-0.2212837779053977
sideband_subtracted_charm_trimmed,20.740000000000002,15.77867166415938,199.27239171879773,1.7224758614796132,-0.2576471514574284
sideband_subtracted_charm_trimmed,20.759999999999998,15.793887355253071,195.8143163646273,1.708059603385127,-0.29437221181143103
sideband_subtracted_charm_trimmed,20.78,15.809103046346767,192.38910495205346,1.6931458311036063,-0.33151132789972265
sideband_subtracted_charm_trimmed,20.8,15.824318737440457,189.00939050036322,1.677806519669174,-0.3691139063465534
sideband_subtracted_charm_trimmed,20.82,15.83953442853415,185.68844270769478,1.662127281980777,-0.4072250186456325
sideband_subtracted_charm_trimmed,20.84,15.854750119627845,182.4399096734196,1.6462061030603237,-0.4458839786254582
sideband_subtracted_charm_trimmed,20.86,15.869965810721535,179.27753632472377,1.6301516998992256,-0.4851228948192245
sideband_subtracted_charm_trimmed,20.880000000000003,15.88518150181523,176.2148665967361,1.6140815114871885,-0.524965233088506
sideband_subtracted_charm_trimmed,20.9,15.900397192908919,173.26493708492853,1.598119336214524,-0.5654244366099587
sideband_subtracted_charm_trimmed,20.92,15.915612884002615,170.43997032248808,1.5823926488523004,-0.6065026621063961
sideband_subtracted_charm_trimmed,20.939999999999998,15.930828575096307,167.75107600614137,1.567029646295942,-0.6481897015824245
sideband_subtracted_charm_trimmed,20.96,15.946044266189999,165.20796838493334,1.5521560894137365,-0.6904621660770127
sideband_subtracted_charm_trimmed,20.98,15.961259957283692,162.81870763737243,1.5378920265033387,-0.7332830101557787
sideband_subtracted_charm_trimmed,21.0,15.976475648377386,160.58947240689668,1.524348500489987,-0.7766014712135337
sideband_subtracted_charm_trimmed,21.02,15.991691339471076,158.5243697715232,1.511624355287703,-0.8203534847644265
sideband_subtracted_charm_trimmed,21.04,16.00690703056477,156.6252878328596,1.4998032647719302,-0.8644626152459656
sideband_subtracted_charm_trimmed,21.060000000000002,16.022122721658466,154.89179487076035,1.4889511088160796,-0.9088415121483641
sideband_subtracted_charm_trimmed,21.08,16.037338412752156,153.3210876789235,1.4791138135337294,-0.9533938656185943
sideband_subtracted_charm_trimmed,21.1,16.05255410384585,151.90799033029543,1.4703157567321508,-0.9980167975510361
sideband_subtracted_charm_trimmed,21.12,16.067769794939544,150.64500327194764,1.4625588151344948,-1.042603588003913
sideband_subtracted_charm_trimmed,21.14,16.082985486033234,149.522401366321,1.4558220987817356,-1.0870466073007137
sideband_subtracted_charm_trimmed,21.16,16.098201177126928,148.5283783164923,1.4500623827809371,-1.1312403055380609
sideband_subtracted_charm_trimmed,21.18,16.113416868220618,147.64923386726878,1.4452152104769411,-1.1750841061787376
sideband_subtracted_charm_trimmed,21.200000000000003,16.128632559314315,146.8695992785615,1.4411966086151595,-1.2184850597284123
sideband_subtracted_charm_trimmed,21.22,16.143848250408006,146.17269583087545,1.4379053271998414,-1.261360135798791
sideband_subtracted_charm_trimmed,21.240000000000002,16.1590639415017,145.54062054437236,1.4352254967732896,-1.3036380639187366
sideband_subtracted_charm_trimmed,21.259999999999998,16.17427963259539,144.95465286665058,1.4330295848682058,-1.3452606708553803
sideband_subtracted_charm_trimmed,21.28,16.189495323689084,144.39557579913162,1.4311815313529166,-1.3861837002199113
sideband_subtracted_charm_trimmed,21.3,16.204711014782777,143.84400477791132,1.4295399481987345,-1.4263771345267062
sideband_subtracted_charm_trimmed,21.32,16.21992670587647,143.28071759005616,1.4279612810299858,-1.4658250675392825
sideband_subtracted_charm_trimmed,21.34,16.23514239697016,142.68697868442177,1.4263028455092241,-1.5045251939585829
sideband_subtracted_charm_trimmed,21.36,16.250358088063855,142.04485142187696,1.4244256690290298,-1.5424879939628353
sideband_subtracted_charm_trimmed,21.380000000000003,16.26557377915755,141.33749210234964,1.42219708550181,-1.5797356925841082
sideband_subtracted_charm_trimmed,21.4,16.28078947025124,140.54942000771553,1.419493046909779,-1.6163010699340257
sideband_subtracted_charm_trimmed,21.42,16.296005161344933,139.66675821229364,1.4162001288795614,-1.6522261897319717
sideband_subtracted_charm_trimmed,21.439999999999998,16.311220852438623,138.6774405396609,1.412217218545931,-1.6875611023047918
sideband_subtracted_charm_trimmed,21.46,16.326436543532317,137.5713807847169,1.407456881424584,-1.722362565844349
sideband_subtracted_charm_trimmed,21.48,16.34165223462601,136.340601169024,1.4018464102472965,-1.756692817495077
sideband_subtracted_charm_trimmed,21.5,16.356867925719705,134.97931794339456,1.3953285631846783,-1.7906184146795832
sideband_subtracted_charm_trimmed,21.52,16.372083616813395,133.48398307678872,1.3878620020923305,-1.8242091574764974
sideband_subtracted_charm_trimmed,21.54,16.38729930790709,131.8532820478904,1.3794214438197914,-1.8575370950774295
sideband_subtracted_charm_trimmed,21.560000000000002,16.402514999000786,130.0880888530446,1.3699975395865098,-1.8906756133922866
sideband_subtracted_charm_trimmed,21.58,16.417730690094473,128.19138042307532,1.3595964992093552,-1.9236985966377393
sideband_subtracted_charm_trimmed,21.6,16.43294638118817,126.1681136606494,1.3482394787043819,-1.9566796530530381
sideband_subtracted_charm_trimmed,21.62,16.44816207228186,124.0250692283771,1.3359617515290312,-1.9896913935396596
sideband_subtracted_charm_trimmed,21.64,16.463377763375554,121.77066699693387,1.32281168544977,-2.022804751822542
sideband_subtracted_charm_trimmed,21.66,16.478593454469248,119.4147586702311,1.3088495486442573,-2.0560883355097928
sideband_subtracted_charm_trimmed,21.68,16.49380914556294,116.96840351636638,1.2941461700837065,-2.089607799044533
sideband_subtracted_charm_trimmed,21.700000000000003,16.509024836656632,114.44363333554065,1.2787814804101576,-2.123425231880838
sideband_subtracted_charm_trimmed,21.72,16.524240527750322,111.85321278628908,1.2628429603629912,-2.1575985581750587
sideband_subtracted_charm_trimmed,21.740000000000002,16.539456218844016,109.21040097843797,1.2464240243001252,-2.192180947765643
sideband_subtracted_charm_trimmed,21.759999999999998,16.55467190993771,106.52871984296507,1.2296223665129247,-2.2272202421020886
sideband_subtracted_charm_trimmed,21.78,16.569887601031404,103.82173423442146,1.2125382978993762,-2.2627584029296166
sideband_subtracted_charm_trimmed,21.8,16.585103292125094,101.10284804247567,1.1952731002019752,-2.2988309957399173
sideband_subtracted_charm_trimmed,21.82,16.600318983218788,98.38511982397904,1.1779274245041933,-2.3354667240038
sideband_subtracted_charm_trimmed,21.84,16.61553467431248,95.68110065296787,1.1605997600639895,-2.372687033685067
sideband_subtracted_charm_trimmed,21.86,16.630750365406172,93.00269605928406,1.1433849988598268,-2.4105058101231416
sideband_subtracted_charm_trimmed,21.880000000000003,16.64596605649987,90.36105312034488,1.1263731204004694,-2.448929190658268
sideband_subtracted_charm_trimmed,21.9,16.661181747593556,87.76647301156845,1.109648020312003,-2.4879555159617834
sideband_subtracted_charm_trimmed,21.92,16.676397438687253,85.22834863093522,1.0932865048191198,-2.5275754405919257
sideband_subtracted_charm_trimmed,21.939999999999998,16.691613129780944,82.75512630686717,1.0773574712978569,-2.567772218616635
sideband_subtracted_charm_trimmed,21.96,16.706828820874637,80.35429008484425,1.0619212923941896,-2.608522173214793
sideband_subtracted_charm_trimmed,21.98,16.72204451196833,78.03236667047895,1.0470294176025785,-2.649795350212665
sideband_subtracted_charm_trimmed,22.0,16.737260203062025,75.7949487838996,1.0327242015638605,-2.6915563450327724
sideband_subtracted_charm_trimmed,22.02,16.752475894155715,73.64673444794607,1.0190389626568588,-2.733765281279867
sideband_subtracted_charm_trimmed,22.04,16.76769158524941,71.59157958396099,1.0059982688313365,-2.7763789081191637
sideband_subtracted_charm_trimmed,22.06,16.7829072763431,69.63256121626546,0.993618440306977,-2.8193517737679494
sideband_subtracted_charm_trimmed,22.080000000000002,16.798122967436793,67.77204858089681,0.9819082511155327,-2.8626374248446216
sideband_subtracted_charm_trimmed,22.1,16.813338658530487,66.01177948836994,0.9708698039578217,-2.906189576850037
sideband_subtracted_charm_trimmed,22.12,16.82855434962418,64.35293939573239,0.9604995459945861,-2.9499632002489733
sideband_subtracted_charm_trimmed,22.14,16.84377004071787,62.796240794130426,0.950789387486469,-2.9939154696551142
sideband_subtracted_charm_trimmed,22.16,16.858985731811565,61.34200070721636,0.9417278810646666,-3.038006530284369
sideband_subtracted_charm_trimmed,22.18,16.874201422905255,59.99021431791334,0.9333014171474788,-3.082200045556565
sideband_subtracted_charm_trimmed,22.2,16.88941711399895,58.74062299044817,0.9254953907620324,-3.126463501663073
sideband_subtracted_charm_trimmed,22.22,16.904632805092643,57.59277522526827,0.918295296767444,3.1124170490673033
sideband_subtracted_charm_trimmed,22.240000000000002,16.919848496186336,56.54607937057517,0.911687714041545,3.06809596043022
sideband_subtracted_charm_trimmed,22.26,16.93506418728003,55.599847209607105,0.905661144310885,3.0237802725151495
sideband_subtracted_charm_trimmed,22.28,16.950279878373724,54.75332783992417,0.9002066776277311,2.9794891291014136
sideband_subtracted_charm_trimmed,22.3,16.965495569467414,54.00573155400343,0.8953184636557504,2.9352399029206873
sideband_subtracted_charm_trimmed,22.32,16.980711260561108,53.356243711652496,0.8909939755612156,2.891049140677092
sideband_subtracted_charm_trimmed,22.34,16.9959269516548,52.8040288581542,0.8872340611018669,2.8469335841181365
sideband_subtracted_charm_trimmed,22.36,17.011142642748492,52.34822558214364,0.8840427831995828,2.802911212594334
sideband_subtracted_charm_trimmed,22.38,17.026358333842186,51.98793281928738,0.8814270596682368,2.7590022510811263
sideband_subtracted_charm_trimmed,22.4,17.041574024935876,51.72218848893317,0.8793961186788839,2.715230088439469
sideband_subtracted_charm_trimmed,22.42,17.05678971602957,51.54994149911727,0.8779607928403591,2.671622053838978
sideband_subtracted_charm_trimmed,22.44,17.072005407123264,51.47001827082204,0.8771326803185243,2.628210004844534
sideband_subtracted_charm_trimmed,22.46,17.087221098216954,51.48108501549723,0.876923206063296,2.585030688706811
sideband_subtracted_charm_trimmed,22.48,17.102436789310648,51.581607053209154,0.8773426197927936,2.5421258488107563
sideband_subtracted_charm_trimmed,22.5,17.11765248040434,51.76980648431709,0.878398969717785,2.4995420607394014
sideband_subtracted_charm_trimmed,22.52,17.132868171498032,52.04361952857653,0.8800970918978492,2.457330296471711
sideband_subtracted_charm_trimmed,22.54,17.148083862591726,52.40065482422142,0.8824376544562565,2.415545230056273
sideband_subtracted_charm_trimmed,22.56,17.163299553685416,52.83815393844634,0.8854162935569535,2.3742443126661588
sideband_subtracted_charm_trimmed,22.580000000000002,17.178515244779113,53.352955280835886,0.8890228740773397,2.3334866580919384
sideband_subtracted_charm_trimmed,22.6,17.193730935872807,53.94146253440704,0.8932409024221293,2.293331790325174
sideband_subtracted_charm_trimmed,22.62,17.208946626966497,54.59961862414275,0.8980471121737684,2.253838311949092
sideband_subtracted_charm_trimmed,22.64,17.22416231806019,55.3228861312964,0.9034112356333664,2.2150625549358924
sideband_subtracted_charm_trimmed,22.66,17.239378009153885,56.10623493202365,0.9092959662272566,2.1770572739306
sideband_subtracted_charm_trimmed,22.68,17.254593700247575,56.94413769228413,0.9156571087315619,2.1398704364354337
sideband_subtracted_charm_trimmed,22.7,17.26980939134127,57.830573687228025,0.9224439067800844,2.1035441551889855
sideband_subtracted_charm_trimmed,22.72,17.285025082434963,58.759041235174664,0.9295995305891258,2.0681137964862373
sideband_subtracted_charm_trimmed,22.740000000000002,17.300240773528653,59.72257884665305,0.937061702575759,2.033607285410908
sideband_subtracted_charm_trimmed,22.76,17.315456464622347,60.713794992650946,0.9447634347624436,2.0000446161617114
sideband_subtracted_charm_trimmed,22.78,17.33067215571604,61.72490619907694,0.9526338496249618,1.967437563914479
sideband_subtracted_charm_trimmed,22.8,17.34588784680973,62.74778298423189,0.9605990553141301,1.9357895847823587
sideband_subtracted_charm_trimmed,22.82,17.361103537903425,63.77400298002249,0.9685830468371452,1.905095882913194
sideband_subtracted_charm_trimmed,22.84,17.37631922899712,64.79491042442532,0.9765086066306983,1.875343618778229
sideband_subtracted_charm_trimmed,22.86,17.39153492009081,65.80168108931684,0.984298180771097,1.8465122301669445
sideband_subtracted_charm_trimmed,22.88,17.406750611184503,66.78539162054221,0.9918747106096701,1.8185738370105096
sideband_subtracted_charm_trimmed,22.9,17.421966302278193,67.73709222001344,0.9991624036628766,1.7914937024879043
sideband_subtracted_charm_trimmed,22.92,17.43718199337189,68.64788159446834,1.0060874319095814,1.765230725449215
sideband_subtracted_charm_trimmed,22.94,17.452397684465584,69.50898313072321,1.0125785500554205,1.7397379425573458
sideband_subtracted_charm_trimmed,22.96,17.467613375559274,70.3118213288908,1.01856763064161,1.7149630222930934
sideband_subtracted_charm_trimmed,22.98,17.482829066652968,71.04809762596778,1.0239901169478984,1.6908487367605307
sideband_subtracted_charm_trimmed,23.0,17.498044757746662,71.70986486300899,1.0287853983322364,1.667333400828849
sideband_subtracted_charm_trimmed,23.02,17.513260448840352,72.28959977923296,1.0328971158491664,1.6443512713973565
sideband_subtracted_charm_trimmed,23.04,17.528476139934046,72.78027304369971,1.036273408600422,1.6218329023918416
sideband_subtracted_charm_trimmed,23.06,17.543691831027736,73.17541644850644,1.0388671132229867,1.5997054534716217
sideband_subtracted_charm_trimmed,23.080000000000002,17.55890752212143,73.46918697621732,1.0406359301621997,1.5778929523730647
sideband_subtracted_charm_trimmed,23.1,17.574123213215124,73.65642750992629,1.0415425708857544,1.5563165123927563
sideband_subtracted_charm_trimmed,23.12,17.589338904308818,73.73272397170877,1.0415548999682849,1.534894507798034
sideband_subtracted_charm_trimmed,23.14,17.604554595402508,73.69445865107991,1.0406460850392354,1.513542711030717
sideband_subtracted_charm_trimmed,23.16,17.619770286496202,73.53885942165653,1.0387947659858856,1.4921743965324954
sideband_subtracted_charm_trimmed,23.18,17.634985977589896,73.26404444520449,1.035985252605519,1.470700416957114
sideband_subtracted_charm_trimmed,23.2,17.650201668683586,72.86906183687097,1.0322077571904524,1.4490292585329982
sideband_subtracted_charm_trimmed,23.22,17.66541735977728,72.3539236241777,1.027458665403794,1.427067083481204
sideband_subtracted_charm_trimmed,23.240000000000002,17.680633050870973,71.71963318962662,1.021740845371046,1.4047177687532608
sideband_subtracted_charm_trimmed,23.26,17.695848741964667,70.96820525718067,1.0150639912839314,1.381882951996165
sideband_subtracted_charm_trimmed,23.28,17.71106443305836,70.10267738262337,1.0074449941028643,1.3584620976323172
sideband_subtracted_charm_trimmed,23.3,17.72628012415205,69.1271118524055,0.9989083282622745,1.33435259829338
sideband_subtracted_charm_trimmed,23.32,17.741495815245745,68.04658689778444,0.9894864397324118,1.3094499295774966
sideband_subtracted_charm_trimmed,23.34,17.756711506339435,66.86717620352283,0.9792201174648841,1.2836478791742731
sideband_subtracted_charm_trimmed,23.36,17.77192719743313,65.595915838574,0.9681588272283796,1.2568388747270096
sideband_subtracted_charm_trimmed,23.38,17.787142888526823,64.24075796399484,0.9563609841953569,1.2289144381971104
sideband_subtracted_charm_trimmed,23.400000000000002,17.802358579620517,62.81051097768432,0.9438941384325812,1.1997657976613243
sideband_subtracted_charm_trimmed,23.42,17.817574270714207,61.31476612817278,0.9308350457414888,1.1692846899553926
sideband_subtracted_charm_trimmed,23.44,17.8327899618079,59.763811057830026,0.917269595166209,1.1373643887264697
sideband_subtracted_charm_trimmed,23.46,17.848005652901595,58.16853120030282,0.9032925640505793,1.1039009913958657
sideband_subtracted_charm_trimmed,23.48,17.863221343995285,56.540300436347025,0.8890071719546419,1.0687949941468393
sideband_subtracted_charm_trimmed,23.5,17.87843703508898,54.890862880991335,0.8745244062958877,1.031953175016985
sideband_subtracted_charm_trimmed,23.52,17.893652726182673,53.232208107867336,0.8599620956374119,0.9932907900646777
sideband_subtracted_charm_trimmed,23.54,17.908868417276363,51.576442487854365,0.845443711601989,0.9527340650701309
sideband_subtracted_charm_trimmed,23.56,17.924084108370057,49.935659606850095,0.8310968880541975,0.9102229344524441
sideband_subtracted_charm_trimmed,23.580000000000002,17.93929979946375,48.32181291234883,0.8170516571127288,0.865713940105344
sideband_subtracted_charm_trimmed,23.6,17.954515490557444,46.74659380731828,0.8034384162981503,0.8191831572988151
sideband_subtracted_charm_trimmed,23.62,17.969731181651134,45.22131835574328,0.7903856599725965,0.7706289664508129
sideband_subtracted_charm_trimmed,23.64,17.98494687274483,43.75682558584231,0.778017530921447,0.7200744448181458
sideband_subtracted_charm_trimmed,23.66,18.000162563838522,42.36339008014329,0.7664512733621122,0.667569119876388
sideband_subtracted_charm_trimmed,23.68,18.015378254932212,41.050651137742534,0.7557946946709476,0.6131898168792435
sideband_subtracted_charm_trimmed,23.7,18.030593946025906,39.82756029822485,0.7461437663988322,0.5570403570632444
sideband_subtracted_charm_trimmed,23.72,18.045809637119596,38.702348449161946,0.7375805115121098,0.49924992735274426
sideband_subtracted_charm_trimmed,23.740000000000002,18.061025328213294,37.68251312006032,0.7301713297862493,0.4399700480731357
sideband_subtracted_charm_trimmed,23.76,18.076241019306984,36.774825917873386,0.7239659031152725,0.379370204096487
sideband_subtracted_charm_trimmed,23.78,18.091456710400678,35.985359404276096,0.7189967951969182,0.31763235954189933
sideband_subtracted_charm_trimmed,23.8,18.10667240149437,35.31953207339757,0.7152798163643449,0.2549447219141005
sideband_subtracted_charm_trimmed,23.82,18.121888092588062,34.782169480015,0.7128151681365353,0.19149523154621118
sideband_subtracted_charm_trimmed,23.84,18.137103783681756,34.377579009364126,0.7115893199284703,0.12746530420520125
sideband_subtracted_charm_trimmed,23.86,18.15231947477545,34.10963528625507,0.7115775103498675,0.0630243373061723
sideband_subtracted_charm_trimmed,23.88,18.16753516586914,33.98187280741695,0.7127467154385263,-0.0016745939750912665
sideband_subtracted_charm_trimmed,23.900000000000002,18.182750856962834,33.997582058713306,0.7150588919306401,-0.0664975594526226
sideband_subtracted_charm_trimmed,23.92,18.197966548056527,34.15990516035163,0.7184742881820707,-0.13133098589143025
sideband_subtracted_charm_trimmed,23.94,18.21318223915022,34.47192697754872,0.7229546183304741,-0.1960812904114725
sideband_subtracted_charm_trimmed,23.96,18.22839793024391,34.93675765069929,0.7284659138457602,-0.26067310778932123
sideband_subtracted_charm_trimmed,23.98,18.243613621337605,35.55760264359196,0.7349808964207835,-0.32504638883007864
sideband_subtracted_charm_trimmed,24.0,18.258829312431295,36.337816685401776,0.7424807526437024,-0.38915271125548606
sideband_subtracted_charm_trimmed,24.02,18.27404500352499,37.28093839120629,0.7509562302181046,-0.452951170657786
sideband_subtracted_charm_trimmed,24.04,18.289260694618683,38.390702883301856,0.7604080149878708,-0.516404213476976
sideband_subtracted_charm_trimmed,24.06,18.304476385712373,39.67103039138965,0.7708463861738357,-0.579473744328069
sideband_subtracted_charm_trimmed,24.080000000000002,18.31969207680607,41.12598956909642,0.7822901833303407,-0.6421177930310532
sideband_subtracted_charm_trimmed,24.1,18.33490776789976,42.75973510554468,0.7947651521570175,-0.7042879672165469
sideband_subtracted_charm_trimmed,24.12,18.350123458993455,44.57642010800191,0.8083017668300797,-0.7659278476127835
sideband_subtracted_charm_trimmed,24.14,18.36533915008715,46.58008465308012,0.8229326528306969,-0.8269724076271081
sideband_subtracted_charm_trimmed,24.16,18.38055484118084,48.77452281572914,0.8386897547010871,-0.8873484596825159
sideband_subtracted_charm_trimmed,24.18,18.395770532274533,51.16313135166274,0.8556014058207979,-0.946976052362443
sideband_subtracted_charm_trimmed,24.2,18.410986223368226,53.74874399484179,0.8736894603952707,-1.0057706706710683
sideband_subtracted_charm_trimmed,24.22,18.426201914461917,56.533456005094195,0.8929666402984948,-1.0636460334187352
sideband_subtracted_charm_trimmed,24.240000000000002,18.44141760555561,59.51844413467188,0.9134342312575437,-1.1205172432816304
sideband_subtracted_charm_trimmed,24.26,18.456633296649304,62.70378755503407,0.9350802355068871,-1.1763040309319164
sideband_subtracted_charm_trimmed,24.28,18.471848987742998,66.08829548275389,0.9578780541400314,-1.2309338460882397
sideband_subtracted_charm_trimmed,24.3,18.48706467883669,69.66934725958708,0.9817857354833112,-1.2843445829850362
sideband_subtracted_charm_trimmed,24.32,18.502280369930382,73.44275047762494,1.0067457897259826,-1.3364867798454216
sideband_subtracted_charm_trimmed,24.34,18.517496061024072,77.4026224032641,1.0326855382076519,-1.3873251935355184
sideband_subtracted_charm_trimmed,24.36,18.532711752117766,81.54129945690147,1.0595179407377873,-1.4368397131847228
sideband_subtracted_charm_trimmed,24.38,18.54792744321146,85.84927886482546,1.0871428274576733,-1.4850256326949776
sideband_subtracted_charm_trimmed,24.400000000000002,18.563143134305154,90.31519583547924,1.115448453183996,-1.531893346403787
sideband_subtracted_charm_trimmed,24.42,18.578358825398848,94.9258387442751,1.1443132910033615,-1.5774675620327336
sideband_subtracted_charm_trimmed,24.44,18.593574516492538,99.6662038603572,1.1736079865381903,-1.6217861402883822
sideband_subtracted_charm_trimmed,24.46,18.60879020758623,104.51959013540909,1.203197402887005,-1.6648986728700426
sideband_subtracted_charm_trimmed,24.48,18.624005898679926,109.46773351961019,1.232942696888267,-1.7068649031241752
sideband_subtracted_charm_trimmed,24.5,18.639221589773616,114.49097919351334,1.2627033784552693,-1.7477530795127871
sideband_subtracted_charm_trimmed,24.52,18.65443728086731,119.56848902888305,1.2923393150614828,-1.7876383145838237
sideband_subtracted_charm_trimmed,24.54,18.669652971961003,124.67848053896887,1.3217126522252982,-1.8266010038378175
sideband_subtracted_charm_trimmed,24.56,18.684868663054694,129.79849257588285,1.350689627655416,-1.864725341652981
sideband_subtracted_charm_trimmed,24.580000000000002,18.700084354148387,134.9056721070301,1.379142261499507,-1.9020979564353797
sideband_subtracted_charm_trimmed,24.6,18.71530004524208,139.97707558565526,1.4069499080640278,-1.9388066749769166
sideband_subtracted_charm_trimmed,24.62,18.73051573633577,144.98997775529278,1.4340006557730898,-1.9749394167616647
sideband_subtracted_charm_trimmed,24.64,18.745731427429465,149.92218022786255,1.4601925624344396,-2.010583212492128
sideband_subtracted_charm_trimmed,24.66,18.76094711852316,154.75231188359248,1.4854347125367997,-2.0458233370769165
sideband_subtracted_charm_trimmed,24.68,18.77616280961685,159.4601130865194,1.509648082766326,-2.080742545323564
sideband_subtracted_charm_trimmed,24.7,18.791378500710543,164.02669591551967,1.5327662016102221,-2.1154203982028617
sideband_subtracted_charm_trimmed,24.72,18.806594191804233,168.43477309225273,1.5547355891679568,-2.149932668412561
sideband_subtracted_charm_trimmed,24.740000000000002,18.82180988289793,172.66884904693507,1.575515964393962,-2.1843508157348093
sideband_subtracted_charm_trimmed,24.76,18.837025573991625,176.7153675912159,1.5950802091508967,-2.2187415250667266
sideband_subtracted_charm_trimmed,24.78,18.852241265085315,180.56281194095573,1.6134140817731935,-2.2531663027637445
sideband_subtracted_charm_trimmed,24.8,18.86745695617901,184.20175431227472,1.6305156773526224,-2.2876811298570714
sideband_subtracted_charm_trimmed,24.82,18.882672647272702,187.62485395193653,1.646394637599018,-2.322336173596739
sideband_subtracted_charm_trimmed,24.84,18.897888338366393,190.82680419554526,1.6610711197531816,-2.3571755614466423
sideband_subtracted_charm_trimmed,24.86,18.913104029460087,193.80423090544718,1.6745745414084854,-2.3922372239391265
sideband_subtracted_charm_trimmed,24.88,18.92831972055378,196.55554635070075,1.6869421259321684,-2.4275528145109138
sideband_subtracted_charm_trimmed,24.900000000000002,18.94353541164747,199.08076418056953,1.6982172811053706,-2.4631477154252908
sideband_subtracted_charm_trimmed,24.92,18.958751102741164,201.38128254142066,1.7084478512114247,-2.499041138995427
sideband_subtracted_charm_trimmed,24.94,18.973966793834858,203.4596435327112,1.7176842896551447,-2.5352463324544465
sideband_subtracted_charm_trimmed,24.96,18.98918248492855,205.31927804112638,1.725977804843343,-2.5717708929179057
sideband_subtracted_charm_trimmed,24.98,19.004398176022242,206.96424549531366,1.7333785360710146,-2.6086171959738915
sideband_subtracted_charm_trimmed,25.0,19.019613867115932,208.39897822555213,1.7399338181606439,-2.6457829376210427
sideband_subtracted_charm_trimmed,25.02,19.034829558209626,209.62803988644373,1.745686593299134,-2.683261784750891
sideband_subtracted_charm_trimmed,25.04,19.05004524930332,210.65590681499452,1.7506740257258988,-2.7210441244204673
sideband_subtracted_charm_trimmed,25.06,19.06526094039701,211.4867802736735,1.7549263696046207,-2.759117897133382
sideband_subtracted_charm_trimmed,25.080000000000002,19.080476631490708,212.12443630412963,1.7584661326737503,-2.797469494629382
sideband_subtracted_charm_trimmed,25.1,19.0956923225844,212.57211843704135,1.761307568390502,-2.836084698659618
sideband_subtracted_charm_trimmed,25.12,19.110908013678092,212.83247682249203,1.7634565176815356,-2.8749496342376633
sideband_subtracted_charm_trimmed,25.14,19.126123704771786,212.90755552394694,1.7649106086344837,-2.9140517091586675
sideband_subtracted_charm_trimmed,25.16,19.14133939586548,212.7988278231096,1.7656598091340985,-2.9533805113076186
sideband_subtracted_charm_trimmed,25.18,19.15655508695917,212.50727748189456,1.7656873142209004,-2.9929286364336756
sideband_subtracted_charm_trimmed,25.2,19.171770778052863,212.03352207024727,1.7649707374681602,-3.03269242151896
sideband_subtracted_charm_trimmed,25.22,19.186986469146554,211.37797276398487,1.7634835645017672,-3.0726725623723787
sideband_subtracted_charm_trimmed,25.240000000000002,19.202202160240248,210.54102351074835,1.7611968173889825,-3.112874598305468
sideband_subtracted_charm_trimmed,25.26,19.21741785133394,209.52326121505757,1.7580808713213953,3.129876055840512
sideband_subtracted_charm_trimmed,25.28,19.23263354242763,208.32568765929318,1.75410735999827,3.089192695184753
sideband_subtracted_charm_trimmed,25.3,19.247849233521325,206.94994329907058,1.749251103423369,3.0482391391330776
sideband_subtracted_charm_trimmed,25.32,19.26306492461502,205.39852288108887,1.7434919913859523,3.0069886307514473
sideband_subtracted_charm_trimmed,25.34,19.27828061570871,203.6749730459269,1.7368167575373905,2.9654094254713206
sideband_subtracted_charm_trimmed,25.36,19.293496306802403,201.78406269855623,1.7292205824709608,2.9234652200392914
sideband_subtracted_charm_trimmed,25.38,19.308711997896097,199.73191794051672,1.7207084693093528,2.8811157207879576
sideband_subtracted_charm_trimmed,25.400000000000002,19.32392768898979,197.52611472508943,1.7112963417499183,2.8383173413528637
sideband_subtracted_charm_trimmed,25.42,19.339143380083485,195.17572407238913,1.7010118220898562,2.795024018255522
sideband_subtracted_charm_trimmed,25.44,19.35435907117718,192.69130659915027,1.6898946552779972,2.7511881308510326
sideband_subtracted_charm_trimmed,25.46,19.36957476227087,190.08485520218892,1.6779967544006291,2.706761509720437
sideband_subtracted_charm_trimmed,25.48,19.384790453364563,187.36968689952482,1.665381853152601,2.661696514431034
sideband_subtracted_charm_trimmed,25.5,19.400006144458253,184.5602869895083,1.6521247617703863,2.615947157538008
sideband_subtracted_charm_trimmed,25.52,19.415221835551947,181.67211074577426,1.6383102346425558,2.5694702467298747
sideband_subtracted_charm_trimmed,25.54,19.43043752664564,178.72134973948414,1.6240314703977836,2.522226511275155
sideband_subtracted_charm_trimmed,25.56,19.44565321773933,175.72467149210206,1.6093882786882916,2.4741816727674677
sideband_subtracted_charm_trimmed,25.580000000000002,19.460868908833024,172.69894244601164,1.5944849620243096,2.425307414186726
sideband_subtracted_charm_trimmed,25.6,19.47608459992672,169.660945144773,1.5794279756009564,2.375582196327149
sideband_subtracted_charm_trimmed,25.62,19.49130029102041,166.627101002352,1.5643234426025887,2.3249918677146026
sideband_subtracted_charm_trimmed,25.64,19.506515982114102,163.61321009120002,1.549274616231304,2.273530014378453
sideband_subtracted_charm_trimmed,25.66,19.521731673207796,160.63421898744127,1.5343793916847008,2.221198000345753
sideband_subtracted_charm_trimmed,25.68,19.536947364301486,157.70402688872127,1.5197279802924835,2.1680046593488713
sideband_subtracted_charm_trimmed,25.7,19.55216305539518,154.8353389905169,1.505400862686738,2.1139656133946017
sideband_subtracted_charm_trimmed,25.72,19.56737874648887,152.03957450832968,1.491467136950598,2.0591022143096755
sideband_subtracted_charm_trimmed,25.740000000000002,19.582594437582568,149.32683481419735,1.4779833701339702,2.0034401291690926
sideband_subtracted_charm_trimmed,25.76,19.59781012867626,146.70593497614755,1.4649930467674679,1.947007617884092
sideband_subtracted_charm_trimmed,25.78,19.613025819769952,144.18449961590522,1.452526686099048,1.8898335788242704
sideband_subtracted_charm_trimmed,25.8,19.628241510863646,141.76912150889257,1.4406026714928948,1.8319454635231518
sideband_subtracted_charm_trimmed,25.82,19.64345720195734,139.46557882331035,1.429228802231036,1.773367181726011
sideband_subtracted_charm_trimmed,25.84,19.65867289305103,137.2791044175574,1.4184045418452818,1.71411713127868
sideband_subtracted_charm_trimmed,25.86,19.673888584144724,135.2146982776103,1.4081239003501265,1.6542064924868443
sideband_subtracted_charm_trimmed,25.88,19.689104275238414,133.2774720673333,1.3983788525627088,1.593637923472072
sideband_subtracted_charm_trimmed,25.900000000000002,19.70431996633211,131.47301297297963,1.3891631629294157,1.5324047825024742
sideband_subtracted_charm_trimmed,25.92,19.7195356574258,129.80775262969473,1.3804764601839015,1.4704909866529579
sideband_subtracted_charm_trimmed,25.94,19.734751348519495,128.2893259954617,1.372328383310623,1.4078715949015725
sideband_subtracted_charm_trimmed,25.96,19.749967039613185,126.92690464455882,1.3647426036715207,1.3445141788740738
sideband_subtracted_charm_trimmed,25.98,19.76518273070688,125.73148913064506,1.357760516430298,1.2803810159415652
sideband_subtracted_charm_trimmed,26.0,19.780398421800573,124.71614583914925,1.351444387304661,1.2154321061007913
sideband_subtracted_charm_trimmed,26.02,19.795614112894263,123.8961751075949,1.345879738435535,1.1496289737553838
sideband_subtracted_charm_trimmed,26.04,19.810829803987957,123.28919931400014,1.3411767609880754,1.0829391653139158
sideband_subtracted_charm_trimmed,26.06,19.826045495081647,122.9151620650955,1.3374705544589787,1.0153412909843154
sideband_subtracted_charm_trimmed,26.080000000000002,19.841261186175345,122.79623248285134,1.3349200173321847,0.9468303837355628
sideband_subtracted_charm_trimmed,26.1,19.85647687726904,122.95661179340459,1.3337052553983937,0.8774232632833806
sideband_subtracted_charm_trimmed,26.12,19.87169256836273,123.4222428539797,1.3340234374145132,0.8071635067524106
sideband_subtracted_charm_trimmed,26.14,19.886908259456423,124.2204267858906,1.3360831159380098,0.7361255554245538
sideband_subtracted_charm_trimmed,26.16,19.902123950550113,125.37935438497152,1.3400971436425522,0.6644174494764764
sideband_subtracted_charm_trimmed,26.18,19.917339641643807,126.9275633226498,1.346274446072944,0.5921817030529715
sideband_subtracted_charm_trimmed,26.2,19.9325553327375,128.8933352058266,1.3548110475510398,0.5195939298660682
sideband_subtracted_charm_trimmed,26.22,19.94777102383119,131.30404921582885,1.3658808681846404,0.44685901229830227
sideband_subtracted_charm_trimmed,26.240000000000002,19.962986714924888,134.1855111938239,1.3796268933484934,0.37420486282013327
sideband_subtracted_charm_trimmed,26.26,19.97820240601858,137.56127859889966,1.396153340856684,0.30187412082373405
sideband_subtracted_charm_trimmed,26.28,19.993418097112272,141.45200267134715,1.4155194016399884,0.23011440777487494
sideband_subtracted_charm_trimmed,26.3,20.008633788205962,145.87480934415362,1.4377350069520927,0.15916797006972327
sideband_subtracted_charm_trimmed,26.32,20.023849479299656,150.84273994053729,1.4627588944839458,0.089261624783439
sideband_subtracted_charm_trimmed,26.34,20.03906517039335,156.36427147458744,1.4904990357087522,0.02059786827240775
sideband_subtracted_charm_trimmed,26.36,20.05428086148704,162.4429344594064,1.520815281652857,-0.04665217492573001
sideband_subtracted_charm_trimmed,26.38,20.069496552580734,169.077043566278,1.5535239154699616,-0.11235355216595677
sideband_subtracted_charm_trimmed,26.400000000000002,20.084712243674428,176.25955333415914,1.5884036886572994,-0.17640991377777898
sideband_subtracted_charm_trimmed,26.42,20.09992793476812,183.9780474852414,1.62520287045377,-0.23876372037956622
sideband_subtracted_charm_trimmed,26.44,20.115143625861812,192.2148663627413,1.663646850754361,-0.29939456611933657
sideband_subtracted_charm_trimmed,26.46,20.130359316955506,200.94737269016332,1.7034458907201055,-0.35831606672355865
sideband_subtracted_charm_trimmed,26.48,20.1455750080492,210.14835139154457,1.7443026936613244,-0.41557178932959554
sideband_subtracted_charm_trimmed,26.5,20.16079069914289,219.78653475442843,1.7859195544994193,-0.47123066608500497
sideband_subtracted_charm_trimmed,26.52,20.176006390236584,229.82723991420062,1.8280049261394424,-0.5253822590009121
sideband_subtracted_charm_trimmed,26.54,20.191222081330277,240.2331016437529,1.870279307561006,-0.5781321519805384
sideband_subtracted_charm_trimmed,26.56,20.206437772423968,250.96487989791422,1.9124804082094418,-0.6295976546745685
sideband_subtracted_charm_trimmed,26.580000000000002,20.221653463517665,261.9823186278263,1.9543675766625168,-0.6799039228951976
sideband_subtracted_charm_trimmed,26.6,20.236869154611355,273.24503017065217,1.9957255009625554,-0.7291805370835734
sideband_subtracted_charm_trimmed,26.62,20.25208484570505,284.7133781365046,2.0363671967461148,-0.7775585348627275
sideband_subtracted_charm_trimmed,26.64,20.26730053679874,296.349331229183,2.0761363007670557,-0.8251678644919888
sideband_subtracted_charm_trimmed,26.66,20.282516227892433,308.1172608907291,2.114908684618966,-0.8721352102817926
sideband_subtracted_charm_trimmed,26.68,20.297731918986127,319.98465705593844,2.15259339887607,-0.9185821356212317
sideband_subtracted_charm_trimmed,26.7,20.312947610079817,331.9227386093153,2.189132953377253,-0.9646234913355992
sideband_subtracted_charm_trimmed,26.72,20.32816330117351,343.9069382857051,2.2245029363619753,-1.0103660442163533
sideband_subtracted_charm_trimmed,26.740000000000002,20.343378992267205,355.9172456460037,2.258710974627608,-1.0559072908468543
sideband_subtracted_charm_trimmed,26.76,20.3585946833609,367.9383962622087,2.291795039513144,-1.10133443381563
sideband_subtracted_charm_trimmed,26.78,20.373810374454592,379.95990020926547,2.323821109784487,-1.1467235099112836
sideband_subtracted_charm_trimmed,26.8,20.38902606554828,391.9759082176897,2.35488021264564,-1.19213867196977
sideband_subtracted_charm_trimmed,26.82,20.404241756641973,403.9849192129259,2.3850848781335094,-1.2376316368318858
sideband_subtracted_charm_trimmed,26.84,20.419457447735667,415.98933827495057,2.414565059790922,-1.2832413205400444
sideband_subtracted_charm_trimmed,26.86,20.43467313882936,427.994899118843,2.4434635951207677,-1.3289936876640822
sideband_subtracted_charm_trimmed,26.88,20.449888829923054,440.0099698551203,2.4719313018618965,-1.3749018437759564
sideband_subtracted_charm_trimmed,26.900000000000002,20.465104521016748,452.04476488407454,2.5001218291224343,-1.4209663980376237
sideband_subtracted_charm_trimmed,26.92,20.480320212110442,464.1104891735122,2.5281864039846385,-1.4671761163535162
sideband_subtracted_charm_trimmed,26.94,20.495535903204132,476.2184437473152,2.5562686322003354,-1.5135088747048755
sideband_subtracted_charm_trimmed,26.96,20.510751594297826,488.37912287907966,2.58449952377753,-1.5599329077624253
sideband_subtracted_charm_trimmed,26.98,20.525967285391516,500.60133417222096,2.6129929185487937,-1.6064083308320827
sideband_subtracted_charm_trimmed,27.0,20.54118297648521,512.8913723740989,2.641841481626862,-1.6528888952528398
sideband_subtracted_charm_trimmed,27.02,20.556398667578904,525.2522764052301,2.671113423187191,-1.6993239204643034
sideband_subtracted_charm_trimmed,27.04,20.571614358672594,537.6831967060207,2.7008500714603607,-1.7456603320656288
sideband_subtracted_charm_trimmed,27.06,20.586830049766288,550.1788966655076,2.731064393435409,-1.791844726016224
sideband_subtracted_charm_trimmed,27.080000000000002,20.60204574085998,562.7294076865328,2.7617405168292475,-1.8378253758662384
sideband_subtracted_charm_trimmed,27.1,20.617261431953676,575.3198524809522,2.792834262375454,-1.883554102995489
sideband_subtracted_charm_trimmed,27.12,20.63247712304737,587.9304456290665,2.8242746508102616,-1.92898793891526
sideband_subtracted_charm_trimmed,27.14,20.647692814141056,600.5366744621278,2.8559663074079182,-1.97409052263671
sideband_subtracted_charm_trimmed,27.16,20.66290850523475,613.1096571391608,2.887792651399082,-2.018833193281912
sideband_subtracted_charm_trimmed,27.18,20.678124196328444,625.6166686115248,2.9196197301709286,-2.0631957565992254
sideband_subtracted_charm_trimmed,27.2,20.693339887422137,638.0218192270622,2.951300539921585,-2.1071669219782603
sideband_subtracted_charm_trimmed,27.22,20.70855557851583,650.2868652455836,2.982679665585431,-2.1507444223773358
sideband_subtracted_charm_trimmed,27.240000000000002,20.723771269609525,662.3721257291545,3.0135980726757094,-2.1939348421864313
sideband_subtracted_charm_trimmed,27.26,20.73898696070322,674.2374763192274,3.0438978908942738,-2.236753186901194
sideband_subtracted_charm_trimmed,27.28,20.75420265179691,685.8433874707443,3.0734270422512138,-2.2792222335429293
sideband_subtracted_charm_trimmed,27.3,20.7694183428906,697.1519728905841,3.1020435832127125,-2.321371702404997
sideband_subtracted_charm_trimmed,27.32,20.784634033984293,708.1280132878092,3.12961964933791,-2.3632372896025053
sideband_subtracted_charm_trimmed,27.34,20.799849725077987,718.7399211006632,3.156044910498502,-2.4048595968545916
sideband_subtracted_charm_trimmed,27.36,20.81506541617168,728.9606135877075,3.1812294639546788,-2.446282990766537
sideband_subtracted_charm_trimmed,27.38,20.83028110726537,738.7682644795641,3.2051061105095786,-2.4875544193588848
sideband_subtracted_charm_trimmed,27.400000000000002,20.845496798359065,748.1469081692921,3.227631975263926,-2.5287222093422415
sideband_subtracted_charm_trimmed,27.42,20.86071248945276,757.0868750268273,3.248789449048442,-2.5698348641280404
sideband_subtracted_charm_trimmed,27.44,20.875928180546452,765.5850416894755,3.268586439599583,-2.6109398801001262
sideband_subtracted_charm_trimmed,27.46,20.891143871640146,773.6448859256634,3.2870559333461546,-2.652082597389035
sideband_subtracted_charm_trimmed,27.48,20.906359562733833,781.2763417075439,3.3042548798079805,-2.6933051012804845
sideband_subtracted_charm_trimmed,27.5,20.921575253827527,788.4954562763451,3.320262421652464,-2.734645191303767
sideband_subtracted_charm_trimmed,27.52,20.93679094492122,795.3238570655158,3.335177504971288,-2.7761354367145663
sideband_subtracted_charm_trimmed,27.54,20.952006636014914,801.7880421941954,3.349115916788001,-2.817802339132689
sideband_subtracted_charm_trimmed,27.56,20.96722232710861,807.9185137029526,3.3622068104640226,-2.85966562505436
sideband_subtracted_charm_trimmed,27.580000000000002,20.982438018202302,813.7487776329945,3.374588794548809,-2.9017376923088545
sideband_subtracted_charm_trimmed,27.6,20.997653709295996,819.3142393210292,3.3864056764084842,-2.9440232347327786
sideband_subtracted_charm_trimmed,27.62,21.012869400389686,824.65102577773,3.397801967990373,-2.9865190678917712
sideband_subtracted_charm_trimmed,27.64,21.028085091483376,829.794769636821,3.408918276307052,-3.0292141751936414
sideband_subtracted_charm_trimmed,27.66,21.04330078257707,834.779390816253,3.4198867143154987,-3.0720899879913124
sideband_subtracted_charm_trimmed,27.68,21.058516473670764,839.635912652946,3.430826477300594,-3.1151209052920286
sideband_subtracted_charm_trimmed,27.7,21.073732164764458,844.3913488098406,3.4418397341021603,3.1249102583948782
sideband_subtracted_charm_trimmed,27.72,21.088947855858148,849.0676956860189,3.4530079801946396,3.081670069497328
sideband_subtracted_charm_trimmed,27.740000000000002,21.104163546951842,853.6810623962228,3.464388989793243,3.0383851509534754
sideband_subtracted_charm_trimmed,27.76,21.119379238045536,858.240966669513,3.476014486482677,2.9950996315104486
sideband_subtracted_charm_trimmed,27.78,21.13459492913923,862.7498203320974,3.487888626751417,2.951859023936997
sideband_subtracted_charm_trimmed,27.8,21.14981062023292,867.2026225108275,3.4999873594541313,2.908708743162217
sideband_subtracted_charm_trimmed,27.82,21.16502631132661,871.5868724868051,3.512258688511352,2.865692628748224
sideband_subtracted_charm_trimmed,27.84,21.180242002420304,875.8827074427973,3.5246238285019005,2.822851528242646
sideband_subtracted_charm_trimmed,27.86,21.195457693513998,880.063263414504,3.536979205868469,2.7802219935204913
sideband_subtracted_charm_trimmed,27.88,21.21067338460769,884.0952508213304,3.5491992248335698,2.7378351345269785
sideband_subtracted_charm_trimmed,27.900000000000002,21.225889075701385,887.9397292739341,3.561139689037811,2.6957156647094007
sideband_subtracted_charm_trimmed,27.92,21.24110476679508,891.5530601807295,3.5726417489868942,2.653881160927339
sideband_subtracted_charm_trimmed,27.94,21.256320457888773,894.8880102323674,3.5835362325012934,2.612341548867262
sideband_subtracted_charm_trimmed,27.96,21.271536148982463,897.8949743269768,3.593648210597471,2.5710988139834035
sideband_subtracted_charm_trimmed,27.98,21.286751840076153,900.523283060571,3.6028016539785184,2.5301469285595997
sideband_subtracted_charm_trimmed,28.0,21.301967531169847,902.7225576473611,3.610824044402317,2.4894719781809025
sideband_subtracted_charm_trimmed,28.02,21.31718322226354,904.4440741000908,3.617550819093269,2.4490524659679185
sideband_subtracted_charm_trimmed,28.04,21.332398913357235,905.642098682998,3.622829543375361,2.4088597703373558
sideband_subtracted_charm_trimmed,28.06,21.347614604450925,906.275157992437,3.6265237251685583,2.368858731568403
sideband_subtracted_charm_trimmed,28.080000000000002,21.36283029554462,906.3072094227027,3.628516203420666,2.3290083436837747
sideband_subtracted_charm_trimmed,28.1,21.378045986638313,905.708681104079,3.628712059738825,2.2892625306249017
sideband_subtracted_charm_trimmed,28.12,21.393261677732006,904.4573545020576,3.6270410175709014,2.2495709889178204
sideband_subtracted_charm_trimmed,28.14,21.408477368825697,902.5390675736126,3.6234593057492757,2.2098800825199283
sideband_subtracted_charm_trimmed,28.16,21.423693059919387,899.9482215210846,3.61795097286983,2.170133778888147
sideband_subtracted_charm_trimmed,28.18,21.43890875101308,896.6880796032419,3.6105286459605233,2.1302746181634014
sideband_subtracted_charm_trimmed,28.2,21.454124442106774,892.7708520079032,3.6012337315763943,2.090244709441464
sideband_subtracted_charm_trimmed,28.22,21.46934013320047,888.2175663253183,3.59013606042512,2.049986749181526
sideband_subtracted_charm_trimmed,28.240000000000002,21.484555824294162,883.0577285682448,3.5773329786135104,2.0094450567429547
sideband_subtracted_charm_trimmed,28.26,21.499771515387856,877.3287848605287,3.562947890440725,1.9685666207562729
sideband_subtracted_charm_trimmed,28.28,21.51498720648155,871.0753987684584,3.547128260214264,1.9273021475170165
sideband_subtracted_charm_trimmed,28.3,21.530202897575236,864.3485636984296,3.530043084678594,1.8856070989166556
sideband_subtracted_charm_trimmed,28.32,21.54541858866893,857.2045737524277,3.511879854072392,1.843442702770413
sideband_subtracted_charm_trimmed,28.34,21.560634279762624,849.7038798481444,3.4928410291599894,1.8007769130656763
sideband_subtracted_charm_trimmed,28.36,21.575849970856318,841.9098607016604,3.4731400741495637,1.7575852920727562
sideband_subtracted_charm_trimmed,28.38,21.59106566195001,833.8875403683924,3.452997101216331,1.7138517810092841
sideband_subtracted_charm_trimmed,28.400000000000002,21.606281353043702,825.702285379055,3.4326342009797677,1.6695693217369239
sideband_subtracted_charm_trimmed,28.42,21.621497044137396,817.4185150336998,3.412270553852841,1.6247402895856573
sideband_subtracted_charm_trimmed,28.44,21.63671273523109,809.0984580857112,3.392117438311716,1.5793766976484107
sideband_subtracted_charm_trimmed,28.46,21.65192842632478,800.8009878337398,3.3723732720013406,1.5335001364711207
sideband_subtracted_charm_trimmed,28.48,21.667144117418474,792.5805655409677,3.3532188380387726,1.4871414204502662
sideband_subtracted_charm_trimmed,28.5,21.682359808512164,784.4863191471195,3.3348128596168194,1.440339923544886
sideband_subtracted_charm_trimmed,28.52,21.697575499605858,776.5612804876691,3.317288088904354,1.393142601732293
sideband_subtracted_charm_trimmed,28.54,21.71279119069955,768.8417997821998,3.3007480696138263,1.3456027170691143
sideband_subtracted_charm_trimmed,28.56,21.728006881793245,761.357151123957,3.285264715569486,1.2977782968404599
sideband_subtracted_charm_trimmed,28.580000000000002,21.74322257288694,754.1293372503424,3.2708768203058196,1.2497303792984247
sideband_subtracted_charm_trimmed,28.6,21.758438263980633,747.1730961746944,3.2575895764536447,1.2015211129767882
sideband_subtracted_charm_trimmed,28.62,21.773653955074327,740.49610650256,3.2453751408319405,1.1532117877416543
sideband_subtracted_charm_trimmed,28.64,21.788869646168013,734.0993826334707,3.2341742350212086,1.1048608812656973
sideband_subtracted_charm_trimmed,28.66,21.804085337261707,727.9778457487919,3.223898725472946,1.0565222038427395
sideband_subtracted_charm_trimmed,28.68,21.8193010283554,722.1210516772662,3.2144350856043866,1.008243217538437
sideband_subtracted_charm_trimmed,28.7,21.834516719449095,716.514052558683,3.205648608008019,0.960063593522367
sideband_subtracted_charm_trimmed,28.72,21.84973241054279,711.138365807059,3.1973882101160176,0.9120140555794463
sideband_subtracted_charm_trimmed,28.740000000000002,21.86494810163648,705.9730212878749,3.189491662480641,0.8641155401321648
sideband_subtracted_charm_trimmed,28.76,21.880163792730173,700.9956559132006,3.1817910651345045,0.816378685543153
sideband_subtracted_charm_trimmed,28.78,21.895379483823866,696.1836240331431,3.1741184030836704,0.7688036476988765
sideband_subtracted_charm_trimmed,28.8,21.910595174917557,691.5150920402739,3.1663110248747426,0.7213802261538971
sideband_subtracted_charm_trimmed,28.82,21.92581086601125,686.9700864577753,3.1582169059379406,0.6740882761512772
sideband_subtracted_charm_trimmed,28.84,21.94102655710494,682.531466385848,3.1496995785251043,0.6268983767957121
sideband_subtracted_charm_trimmed,28.86,21.956242248198635,678.1857934540058,3.1406426302328194,0.5797727242315893
sideband_subtracted_charm_trimmed,28.88,21.97145793929233,673.9240752835249,3.13095369145773,0.5326662202026032
sideband_subtracted_charm_trimmed,28.900000000000002,21.986673630386022,669.7423618167923,3.120567847367537,0.48552772995028426
sideband_subtracted_charm_trimmed,28.92,22.001889321479716,665.6421776322022,3.1094504213896346,0.43830148804632596
sideband_subtracted_charm_trimmed,28.94,22.01710501257341,661.6307774531888,3.0975990847162183,0.3909286354350646
sideband_subtracted_charm_trimmed,28.96,22.032320703667096,657.7212164006742,3.085045250336786,0.3433488747282793
sideband_subtracted_charm_trimmed,28.98,22.04753639476079,653.9322310542739,3.0718547115384225,0.29550223277939863
sideband_subtracted_charm_trimmed,29.0,22.062752085854484,650.2879320060019,3.0581274849551234,0.24733091903274462
sideband_subtracted_charm_trimmed,29.02,22.077967776948178,646.8173132346419,3.0439968186977495,0.19878126452515385
sideband_subtracted_charm_trimmed,29.04,22.09318346804187,643.5535882184158,3.0296273286765363,0.14980571936276288
sideband_subtracted_charm_trimmed,29.06,22.108399159135566,640.5333671491753,3.015212232865327,0.1003648759549722
sideband_subtracted_charm_trimmed,29.080000000000002,22.123614850229256,637.7956938169991,3.000969665838044,0.050429471618139286
sideband_subtracted_charm_trimmed,29.1,22.13883054132295,635.3809645931615,2.987138076074346,-1.7691755855390048e-05
sideband_subtracted_charm_trimmed,29.12,22.154046232416643,633.3297553422599,2.973970737406278,-0.05097998992851112
sideband_subtracted_charm_trimmed,29.14,22.169261923510334,631.6815849261438,2.9617294438411106,-0.10244547462411774
sideband_subtracted_charm_trimmed,29.16,22.184477614604027,630.47364611589,2.9506775029340133,-0.15438573311992088
sideband_subtracted_charm_trimmed,29.18,22.199693305697718,629.7395361033741,2.9410721944934712,-0.20675521801572
sideband_subtracted_charm_trimmed,29.2,22.21490899679141,629.508019323479,2.9331569146336083,-0.2594911494532629
sideband_subtracted_charm_trimmed,29.22,22.230124687885105,629.8018549072694,2.9271532744601982,-0.3125140728263869
sideband_subtracted_charm_trimmed,29.240000000000002,22.2453403789788,630.6367197664804,2.9232534613496806,-0.3657291223716623
sideband_subtracted_charm_trimmed,29.26,22.260556070072493,632.0202560781763,2.921613192011954,-0.4190279962236073
sideband_subtracted_charm_trimmed,29.28,22.275771761166187,633.9512688536415,2.9223455844560107,-0.47229159523886877
sideband_subtracted_charm_trimmed,29.3,22.290987452259873,636.4190954361147,2.9255162470098153,-0.5253932220560995
sideband_subtracted_charm_trimmed,29.32,22.306203143353567,639.4031643118687,2.931139826450703,-0.5782021858273587
sideband_subtracted_charm_trimmed,29.34,22.32141883444726,642.872755702967,2.9391781777778676,-0.6305876193427651
sideband_subtracted_charm_trimmed,29.36,22.336634525540955,646.7869712217689,2.949540222618107,-0.6824222949861294
sideband_subtracted_charm_trimmed,29.38,22.35185021663465,651.0949146015228,2.962083461796057,-0.7335862274572003
sideband_subtracted_charm_trimmed,29.400000000000002,22.367065907728342,655.7360803654192,2.976617011323393,-0.7839698742823451
sideband_subtracted_charm_trimmed,29.42,22.382281598822033,660.6409424369849,2.9929059501621373,-0.8334767861159746
sideband_subtracted_charm_trimmed,29.44,22.397497289915727,665.7317302810334,3.010676710192424,-0.882025611375719
sideband_subtracted_charm_trimmed,29.46,22.412712981009417,670.9233763182638,3.0296232078001437,-0.9295514162800347
sideband_subtracted_charm_trimmed,29.48,22.42792867210311,676.1246151622399,3.0494134124254635,-0.9760063345903168
sideband_subtracted_charm_trimmed,29.5,22.443144363196804,681.2392127278254,3.069696066929414,-1.0213596055734357
sideband_subtracted_charm_trimmed,29.52,22.458360054290495,686.1673014601729,3.090107312077272,-1.065597090442833
sideband_subtracted_charm_trimmed,29.54,22.47357574538419,690.8067968015821,3.1102770160839572,-1.1087203757448014
sideband_subtracted_charm_trimmed,29.56,22.488791436477882,695.0548694895479,3.1298346634110996,-1.150745577788423
sideband_subtracted_charm_trimmed,29.580000000000002,22.504007127571576,698.809448281565,3.1484147092109303,-1.1917019575952803
sideband_subtracted_charm_trimmed,29.6,22.51922281866527,701.9707281363844,3.1656613527877973,-1.2316304439397654
sideband_subtracted_charm_trimmed,29.62,22.534438509758964,704.4426596504745,3.1812327225707437,-1.2705821458675501
sideband_subtracted_charm_trimmed,29.64,22.54965420085265,706.134396560341,3.194804495159623,-1.308616918231933
sideband_subtracted_charm_trimmed,29.66,22.564869891946344,706.9616792978377,3.206072991955728,-1.3458020262761334
sideband_subtracted_charm_trimmed,29.68,22.580085583040038,706.8481338658239,3.2147578094370943,-1.382210939447562
sideband_subtracted_charm_trimmed,29.7,22.595301274133732,705.7264666480223,3.2206040444785407,-1.4179222711906692
sideband_subtracted_charm_trimmed,29.72,22.610516965227426,703.5395371661325,3.223384175647669,-1.4530188706806695
sideband_subtracted_charm_trimmed,29.740000000000002,22.62573265632112,700.2412922576987,3.22289965654861,-1.487587064246734
sideband_subtracted_charm_trimmed,29.76,22.64094834741481,695.797546700076,3.218982269359942,-1.5217160382958803
sideband_subtracted_charm_trimmed,29.78,22.656164038508503,690.1865969938335,3.2114952768852567,-1.5554973514886121
sideband_subtracted_charm_trimmed,29.8,22.671379729602194,683.3996568974362,3.200334400684842,-1.5890245613043819
sideband_subtracted_charm_trimmed,29.82,22.686595420695888,675.4411054302836,3.185428641983805,-1.6223929485567878
sideband_subtracted_charm_trimmed,29.84,22.70181111178958,666.3285404822782,3.1667409516843925,-1.6556993225062382
sideband_subtracted_charm_trimmed,29.86,22.71702680288327,656.0926339220387,3.144268746426761,-1.6890418886573628
sideband_subtracted_charm_trimmed,29.88,22.732242493976965,644.7767871954384,3.118044259584381,-1.7225201608627585
sideband_subtracted_charm_trimmed,29.900000000000002,22.74745818507066,632.4365898392025,3.088134709568098,-1.7562348987796497
sideband_subtracted_charm_trimmed,29.92,22.762673876164353,619.1390870554133,3.054642262953997,-1.790288050886653
sideband_subtracted_charm_trimmed,29.94,22.777889567258047,604.9618664241752,3.0177037667466595,-1.8247826820551623
sideband_subtracted_charm_trimmed,29.96,22.793105258351734,589.9919778635231,2.977490222445682,-1.859822863020397
sideband_subtracted_charm_trimmed,29.98,22.808320949445427,574.3247049392667,2.9342059743133575,-1.8955134970010659
sideband_subtracted_charm_trimmed,30.0,22.82353664053912,558.0622094246137,2.8880875850862573,-1.9319600562253796
sideband_subtracted_charm_trimmed,30.02,22.838752331632815,541.3120744385633,2.8394023740183107,-1.9692681983727105
sideband_subtracted_charm_trimmed,30.04,22.85396802272651,524.1857743827677,2.788446594254654,-2.0075432301820353
sideband_subtracted_charm_trimmed,30.060000000000002,22.869183713820203,506.7971020890982,2.735543228802693,-2.0468893831054915
sideband_subtracted_charm_trimmed,30.080000000000002,22.884399404913896,489.26058494959216,2.681039386559485,-2.087408864479216
sideband_subtracted_charm_trimmed,30.1,22.899615096007587,471.68992222586894,2.6253032818944644,-2.1292006480504773
sideband_subtracted_charm_trimmed,30.12,22.91483078710128,454.196475170771,2.5687207833262287,-2.172358970894902
sideband_subtracted_charm_trimmed,30.14,22.93004647819497,436.88784003175897,2.5116915193309572,-2.2169715110785835
sideband_subtracted_charm_trimmed,30.16,22.945262169288664,419.8665314890677,2.4546245331180137,-2.2631172333382024
sideband_subtracted_charm_trimmed,30.18,22.96047786038236,403.22880070310566,2.3979334845457467,-2.3108639100541257
sideband_subtracted_charm_trimmed,30.2,22.97569355147605,387.0636080434124,2.342031407838724,-2.360265353083679
sideband_subtracted_charm_trimmed,30.22,22.990909242569742,371.45176591532436,2.287325050232384,-2.411358429088042
sideband_subtracted_charm_trimmed,30.240000000000002,23.006124933663436,356.46526208780415,2.2342088408663345,-2.464159975993746
sideband_subtracted_charm_trimmed,30.26,23.02134062475713,342.16676876099154,2.18305857237726,-2.5186637883661165
sideband_subtracted_charm_trimmed,30.28,23.036556315850824,328.60933750129334,2.134224919738411,-2.5748378893751895
sideband_subtracted_charm_trimmed,30.3,23.05177200694451,315.83627530687227,2.0880269701069682,-2.632622348585565
sideband_subtracted_charm_trimmed,30.32,23.066987698038204,303.88119261534666,2.0447459894365316,-2.691927927625453
sideband_subtracted_charm_trimmed,30.34,23.082203389131898,292.7682101673927,2.0046196993271224,-2.752635828751585
sideband_subtracted_charm_trimmed,30.36,23.097419080225592,282.5123083968683,1.967837371653776,-2.8145987751070147
sideband_subtracted_charm_trimmed,30.38,23.112634771319286,273.1198004963444,1.9345360585940552,-2.877643561863264
sideband_subtracted_charm_trimmed,30.400000000000002,23.12785046241298,264.58890853583944,1.9047982526451066,-2.941575088484287
sideband_subtracted_charm_trimmed,30.42,23.143066153506673,256.91042098854814,1.8786512098976311,-3.0061817280094347
sideband_subtracted_charm_trimmed,30.44,23.158281844600364,250.06840970823032,1.8560680714025901,-3.0712417324103045
sideband_subtracted_charm_trimmed,30.46,23.173497535694054,244.04098475418868,1.8369707907161243,-3.1365302413551768
sideband_subtracted_charm_trimmed,30.48,23.188713226787748,238.80106639839505,1.821234736287649,3.0813589263219967
sideband_subtracted_charm_trimmed,30.5,23.20392891788144,234.31715509398418,1.808694704928747,3.0162653820809235
sideband_subtracted_charm_trimmed,30.52,23.219144608975135,230.55408204482592,1.7991519765562354,2.9515682550497555
sideband_subtracted_charm_trimmed,30.54,23.234360300068825,227.4737252027262,1.792381975437131,2.8874404668257827
sideband_subtracted_charm_trimmed,30.560000000000002,23.24957599116252,225.0356779430258,1.7881420861556085,2.8240310026090265
sideband_subtracted_charm_trimmed,30.580000000000002,23.264791682256213,223.19786024638597,1.7861792016208782,2.7614633770159642
sideband_subtracted_charm_trimmed,30.6,23.280007373349907,221.9170648649124,1.786236646452533,2.6998355009305306
sideband_subtracted_charm_trimmed,30.62,23.295223064443597,221.14943360141115,1.7880602084569168,2.6392207416531708
sideband_subtracted_charm_trimmed,30.64,23.310438755537287,220.850861414081,1.7914031091330445,2.579669904909978
sideband_subtracted_charm_trimmed,30.66,23.32565444663098,220.97732851463297,1.796029838622765,2.5212138455523134
sideband_subtracted_charm_trimmed,30.68,23.340870137724675,221.48516290079715,1.8017188622597264,2.463866426337313
sideband_subtracted_charm_trimmed,30.7,23.35608582881837,222.3312378058581,1.8082642699738418,2.4076275802971807
sideband_subtracted_charm_trimmed,30.72,23.371301519912063,223.4731103160484,1.8154764849652383,2.3524862810005374
sideband_subtracted_charm_trimmed,30.740000000000002,23.386517211005756,224.8691088666128,1.8231821755720259,2.298423277380469
sideband_subtracted_charm_trimmed,30.76,23.40173290209945,226.47837845116374,1.8312235269153219,2.2454134992779173
sideband_subtracted_charm_trimmed,30.78,23.41694859319314,228.26089314866113,1.8394570300645174,2.193428082600773
sideband_subtracted_charm_trimmed,30.8,23.43216428428683,230.17744597767523,1.8477519393775959,2.142435997390922
sideband_subtracted_charm_trimmed,30.82,23.447379975380525,232.18962613007898,1.8559885361129658,2.0924052880139947
sideband_subtracted_charm_trimmed,30.84,23.46259566647422,234.25979332580027,1.8640563205556948,2.0433039529451453
sideband_subtracted_charm_trimmed,30.86,23.477811357567912,236.35105838870732,1.8718522373381121,1.995100503435
sideband_subtracted_charm_trimmed,30.88,23.493027048661602,238.4272782012049,1.879279020462678,1.9477642470067866
sideband_subtracted_charm_trimmed,30.900000000000002,23.508242739755296,240.45307199133094,1.886243726496156,1.9012653444545211
sideband_subtracted_charm_trimmed,30.92,23.52345843084899,242.39386448795995,1.8926565069958994,1.8555746887937472
sideband_subtracted_charm_trimmed,30.94,23.538674121942684,244.2159598989856,1.898429654803177,1.810663652273353
sideband_subtracted_charm_trimmed,30.96,23.553889813036374,245.88664898119896,1.903476943654596,1.7665037437284479
sideband_subtracted_charm_trimmed,30.98,23.569105504130064,247.37434973595737,1.907713266826167,1.7230662137431758
sideband_subtracted_charm_trimmed,31.0,23.584321195223758,248.64878054069413,1.9110545683990605,1.680321639702879
sideband_subtracted_charm_trimmed,31.02,23.599536886317452,249.6811628688847,1.913418050337661,1.6382395171796011
sideband_subtracted_charm_trimmed,31.04,23.614752577411146,250.44444921323156,1.9147226299710958,1.5967878784909113
sideband_subtracted_charm_trimmed,31.060000000000002,23.62996826850484,250.91357045752738,1.9148896156815882,1.5559329539317193
sideband_subtracted_charm_trimmed,31.080000000000002,23.645183959598533,251.06569578498966,1.9138435635890017,1.515638886289118
sideband_subtracted_charm_trimmed,31.1,23.660399650692227,250.8804973009428,1.9115132746852308,1.4758675049529422
sideband_subtracted_charm_trimmed,31.12,23.675615341785914,250.34041091522158,1.9078328900836583,1.4365781623251952
sideband_subtracted_charm_trimmed,31.14,23.690831032879608,249.4308846956519,1.9027430416397193,1.3977276323571048
sideband_subtracted_charm_trimmed,31.16,23.7060467239733,248.14060588066422,1.896192015988837,1.3592700689094104
sideband_subtracted_charm_trimmed,31.18,23.721262415066995,246.46169803056546,1.8881368918524462,1.3211570202049332
sideband_subtracted_charm_trimmed,31.2,23.73647810616069,244.3898803956945,1.8785446131026349,1.283337494859504
sideband_subtracted_charm_trimmed,31.22,23.75169379725438,241.92458246996102,1.8673929633889976,1.2457580747509165
sideband_subtracted_charm_trimmed,31.240000000000002,23.766909488348073,239.06900785267135,1.8546714119714378,1.2083630702156973
sideband_subtracted_charm_trimmed,31.26,23.782125179441767,235.83014292334337,1.840381804643646,1.171094713642935
sideband_subtracted_charm_trimmed,31.28,23.79734087053546,232.21870739714723,1.8245388781637635,1.1338933883556153
sideband_subtracted_charm_trimmed,31.3,23.81255656162915,228.24904551845248,1.8071705813341898,1.0966978906292708
sideband_subtracted_charm_trimmed,31.32,23.82777225272284,223.93895840558253,1.7883181907039443,1.059445723695962
sideband_subtracted_charm_trimmed,31.34,23.842987943816535,219.3094798169077,1.7680362137235932,1.0220734235284836
sideband_subtracted_charm_trimmed,31.36,23.85820363491023,214.38459930024328,1.7463920769867423,0.9845169170088685
sideband_subtracted_charm_trimmed,31.38,23.873419326003923,209.19093824954325,1.7234656018713654,0.9467119136778865
sideband_subtracted_charm_trimmed,31.400000000000002,23.888635017097616,203.75738576607546,1.6993482743827741,0.9085943325634147
sideband_subtracted_charm_trimmed,31.42,23.90385070819131,198.11470235266825,1.6741423202383339,0.870100765524889
sideband_subtracted_charm_trimmed,31.44,23.919066399285004,192.29510031910468,1.6479596001772439,0.8311689780648144
sideband_subtracted_charm_trimmed,31.46,23.93428209037869,186.33181031496497,1.6209203440941886,0.7917384475920886
sideband_subtracted_charm_trimmed,31.48,23.949497781472385,180.25864361887216,1.593151745867589,0.7517509376354841
sideband_subtracted_charm_trimmed,31.5,23.96471347256608,174.10955970048963,1.5647864436801393,0.7111511044837684
sideband_subtracted_charm_trimmed,31.52,23.979929163659772,167.9182481474927,1.535960913220478,0.6698871301905869
sideband_subtracted_charm_trimmed,31.54,23.995144854753466,161.71773334168392,1.5068138034232,0.6279113728940353
sideband_subtracted_charm_trimmed,31.560000000000002,24.010360545847156,155.54000931484188,1.4774842463545765,0.5851810220914817
sideband_subtracted_charm_trimmed,31.580000000000002,24.02557623694085,149.41571106178162,1.4481101744693088,0.5416587430820644
sideband_subtracted_charm_trimmed,31.6,24.040791928034544,143.37382728909142,1.4188266797000115,0.49731329152456744
sideband_subtracted_charm_trimmed,31.62,24.056007619128234,137.4414581872552,1.389764449604198,0.45212007631831475
sideband_subtracted_charm_trimmed,31.64,24.071223310221928,131.64362038716354,1.3610483159348712,0.40606164722199434
sideband_subtracted_charm_trimmed,31.66,24.086439001315618,126.00309985208514,1.3327959503256661,0.35912808323388645
sideband_subtracted_charm_trimmed,31.68,24.101654692409312,120.54035210994334,1.30511674004958,0.3113172591982164
sideband_subtracted_charm_trimmed,31.7,24.116870383503006,115.27344799151615,1.2781108737696456,0.26263497171879135
sideband_subtracted_charm_trimmed,31.72,24.132086074596696,110.21806194074088,1.2518686626149393,0.21309491142835055
sideband_subtracted_charm_trimmed,31.740000000000002,24.147301765690393,105.38749903115604,1.226470115621093,0.1627184769079532
sideband_subtracted_charm_trimmed,31.76,24.162517456784087,100.79275607626187,1.2019847805197514,0.11153443570063662
sideband_subtracted_charm_trimmed,31.78,24.17773314787778,96.44261167178774,1.1784718511647774,0.05957844920678627
sideband_subtracted_charm_trimmed,31.8,24.192948838971468,92.34373965877239,1.1559805318556975,0.006892489768060829
sideband_subtracted_charm_trimmed,31.82,24.20816453006516,88.50084034525571,1.1345506369874132,-0.04647581130852179
sideband_subtracted_charm_trimmed,31.84,24.223380221158855,84.91678386251078,1.1142133925299273,-0.10047383800768277
sideband_subtracted_charm_trimmed,31.86,24.23859591225255,81.59276024598876,1.094992394679312,-0.1550446350244246
sideband_subtracted_charm_trimmed,31.88,24.253811603346243,78.52843120308535,1.0769046715334378,-0.2101274735730377
sideband_subtracted_charm_trimmed,31.900000000000002,24.269027294439933,75.72207903820163,1.0599617867210411,-0.2656582924233537
sideband_subtracted_charm_trimmed,31.92,24.284242985533627,73.17074882579254,1.0441709203036071,-0.32156997988650116
sideband_subtracted_charm_trimmed,31.94,24.29945867662732,70.87038062672218,1.029535862518048,-0.3777924780407535
sideband_subtracted_charm_trimmed,31.96,24.31467436772101,68.81592930497573,1.016057860298387,-0.43425270955776235
sideband_subtracted_charm_trimmed,31.98,24.329890058814705,67.00147029041182,1.003736264956112,-0.4908743483772358
sideband_subtracted_charm_trimmed,32.0,24.345105749908395,65.42029042102877,0.992568941548059,-0.5475774761410426
