region,k,n_eff,delta_chi2,amp,phase
B_low_sideband_Kst_signal,6.0,4.564707328107824,329.7604055761185,10.875270348198574,2.6728310149902192
B_low_sideband_Kst_signal,6.02,4.579923019201517,339.1228056118089,11.149718051945628,2.6721715471541514
B_low_sideband_Kst_signal,6.04,4.59513871029521,347.3547602878789,11.404947440814405,2.670502346161626
B_low_sideband_Kst_signal,6.06,4.610354401388903,354.3044913301637,11.637494065862837,2.6680161597261924
B_low_sideband_Kst_signal,6.08,4.6255700924825955,359.8285907413374,11.84381914818536,2.664892816973027
B_low_sideband_Kst_signal,6.1,4.640785783576288,363.7965483838598,12.020393755826422,2.661299012645418
B_low_sideband_Kst_signal,6.12,4.656001474669981,366.09565246875354,12.16380537543782,2.657387865840586
B_low_sideband_Kst_signal,6.14,4.671217165763673,366.636006605102,12.270882725735719,2.653298231557932
B_low_sideband_Kst_signal,6.16,4.686432856857366,365.3553267767784,12.33883186614168,2.649153753727699
B_low_sideband_Kst_signal,6.18,4.701648547951058,362.2231247394484,12.365374029073005,2.6450616562481657
B_low_sideband_Kst_signal,6.2,4.716864239044752,357.24386680554016,12.348873626875088,2.641111274802711
B_low_sideband_Kst_signal,6.22,4.732079930138445,350.45873138999013,12.288444046363724,2.637372337412839
B_low_sideband_Kst_signal,6.24,4.747295621232137,341.94568017649726,12.184019533424035,2.6338930059731496
B_low_sideband_Kst_signal,6.26,4.76251131232583,331.81770090344435,12.036383848843338,2.6306976940976727
B_low_sideband_Kst_signal,6.28,4.777727003419523,320.21925765322885,11.84715029214906,2.627784677585665
B_low_sideband_Kst_signal,6.3,4.792942694513216,307.3211709952084,11.618692660714673,2.625123511083823
B_low_sideband_Kst_signal,6.32,4.808158385606908,293.3143151470467,11.354032001109639,2.6226522556583878
B_low_sideband_Kst_signal,6.34,4.823374076700601,278.4026350544664,11.056688784343237,2.6202745036856108
B_low_sideband_Kst_signal,6.36,4.838589767794295,262.7960348094275,10.73051365507774,2.6178561555134694
B_low_sideband_Kst_signal,6.38,4.853805458887987,246.70366534154164,10.37951168846369,2.6152218516824925
B_low_sideband_Kst_signal,6.4,4.86902114998168,230.32805276999716,10.00767501735962,2.6121508892931367
B_low_sideband_Kst_signal,6.42,4.884236841075372,213.8603787038337,9.618837006248663,2.608372344840331
B_low_sideband_Kst_signal,6.44,4.899452532169065,197.47707475590505,9.21655835768818,2.6035589812494453
B_low_sideband_Kst_signal,6.46,4.914668223262757,181.33774948486098,8.804052293642648,2.5973193259110774
B_low_sideband_Kst_signal,6.48,4.92988391435645,165.5843454641472,8.38415291493885,2.5891870606801595
B_low_sideband_Kst_signal,6.5,4.945099605450143,150.34133804867452,7.959328576440563,2.578606556785913
B_low_sideband_Kst_signal,6.52,4.960315296543835,135.71673869162987,7.531741066606127,2.5649130177185993
B_low_sideband_Kst_signal,6.54,4.975530987637528,121.80365111492574,7.103351881850156,2.5473052877608477
B_low_sideband_Kst_signal,6.5600000000000005,4.990746678731222,108.68214111465204,6.676079210836428,2.5248090428782275
B_low_sideband_Kst_signal,6.58,5.005962369824914,96.42121161634714,6.252013630994807,2.496228092884595
B_low_sideband_Kst_signal,6.6,5.021178060918606,85.08071543685946,5.83370707691523,2.460082630913006
B_low_sideband_Kst_signal,6.62,5.0363937520123,74.7130821804567,5.424557848400671,2.414537233400255
B_low_sideband_Kst_signal,6.64,5.051609443105992,65.36477784575982,5.029321591362278,2.357332133655272
B_low_sideband_Kst_signal,6.66,5.066825134199685,57.077452994351916,4.654775419368319,2.285756424150143
B_low_sideband_Kst_signal,6.68,5.082040825293378,49.88876624747718,4.310525887437352,2.1967532003692187
B_low_sideband_Kst_signal,6.7,5.09725651638707,43.83289408820565,4.009830140056411,2.087330540006711
B_low_sideband_Kst_signal,6.72,5.112472207480764,38.94075581616926,3.770019785687226,1.9555250183034134
B_low_sideband_Kst_signal,6.74,5.1276878985744565,35.23999476048266,3.6116911371618348,1.8020339705885853
B_low_sideband_Kst_signal,6.76,5.1429035896681485,32.754764360030094,3.555669870727275,1.6319627420597689
B_low_sideband_Kst_signal,6.78,5.158119280761842,31.50537129706572,3.6178383599965835,1.455091827467676
B_low_sideband_Kst_signal,6.8,5.173334971855534,31.507828259283997,3.8043427984864473,1.2832941292199866
B_low_sideband_Kst_signal,6.82,5.188550662949227,32.77336673128593,4.110662502769012,1.1263691233086546
B_low_sideband_Kst_signal,6.84,5.20376635404292,35.30795601088175,4.525061723728478,0.989458178829382
B_low_sideband_Kst_signal,6.86,5.218982045136613,39.11186886722135,5.033464324870116,0.8733099910276328
B_low_sideband_Kst_signal,6.88,5.234197736230305,44.179327328547515,5.6229443882648935,0.7760273914993506
B_low_sideband_Kst_signal,6.9,5.249413427323999,50.498254405029,6.283227188926861,0.694699811295596
B_low_sideband_Kst_signal,6.92,5.264629118417691,58.050149508704635,7.006890219439435,0.6263668570560913
B_low_sideband_Kst_signal,6.94,5.279844809511384,66.81009730532969,7.78902370009858,0.5684288799701585
B_low_sideband_Kst_signal,6.96,5.295060500605076,76.74691208184959,8.626784256317015,0.5187511731672653
B_low_sideband_Kst_signal,6.98,5.31027619169877,87.82341275932049,9.519015079915498,0.47563569489125135
B_low_sideband_Kst_signal,7.0,5.325491882792462,99.99681769362724,10.46597616487324,0.43775034366081844
B_low_sideband_Kst_signal,7.02,5.340707573886154,113.2192435844554,11.469179690189442,0.40405446769763176
B_low_sideband_Kst_signal,7.04,5.355923264979847,127.43828927677896,12.53131371056304,0.37373418638577754
B_low_sideband_Kst_signal,7.0600000000000005,5.3711389560735405,142.59768302582597,13.65623882700307,0.34615041648574496
B_low_sideband_Kst_signal,7.08,5.386354647167233,158.6379708632412,14.849047855951737,0.32079856213397917
B_low_sideband_Kst_signal,7.1,5.401570338260925,175.4972239368617,16.116184423340922,0.2972777455510009
B_low_sideband_Kst_signal,7.12,5.416786029354618,193.11174393193141,17.4656221406676,0.27526745487295
B_low_sideband_Kst_signal,7.140000000000001,5.432001720448311,211.4167477146948,18.907111774970232,0.25450982264699035
B_low_sideband_Kst_signal,7.16,5.447217411542003,230.3470149486493,20.452510171914202,0.23479613506696734
B_low_sideband_Kst_signal,7.18,5.462433102635697,249.83748539875887,22.116212430097686,0.21595651086370762
B_low_sideband_Kst_signal,7.2,5.477648793729389,269.8237957531928,23.915719047074077,0.19785195806370318
B_low_sideband_Kst_signal,7.22,5.492864484823082,290.2427488764988,25.872384041888818,0.1803682214504842
B_low_sideband_Kst_signal,7.24,5.508080175916774,311.03271131663496,28.012410819024968,0.16341098568014398
B_low_sideband_Kst_signal,7.26,5.523295867010468,332.1339375114585,30.368193628184578,0.14690211096478825
B_low_sideband_Kst_signal,7.28,5.538511558104161,353.4888214065286,32.98015025771166,0.13077666037220217
B_low_sideband_Kst_signal,7.3,5.553727249197853,375.04207806659906,35.899266911078904,0.11498053808185894
B_low_sideband_Kst_signal,7.32,5.568942940291547,396.74085932899834,39.19069806614443,0.09946860233020126
B_low_sideband_Kst_signal,7.34,5.584158631385239,418.5348086222548,42.938966954828246,0.08420314961351145
B_low_sideband_Kst_signal,7.36,5.599374322478932,440.3760607902841,47.25566081019163,0.06915269113547921
B_low_sideband_Kst_signal,7.38,5.614590013572624,462.2191931634261,52.291135607299594,0.054290960755060264
B_low_sideband_Kst_signal,7.4,5.6298057046663175,484.02113425422067,58.252896141755826,0.039596107442845224
B_low_sideband_Kst_signal,7.42,5.6450213957600095,505.7410363785093,65.43555583715025,0.025050035673160165
B_low_sideband_Kst_signal,7.4399999999999995,5.6602370868537015,527.3401182634079,74.2718819378273,0.010637865122908492
B_low_sideband_Kst_signal,7.46,5.675452777947395,548.7814833506236,85.42453472288202,-0.0036525128571348203
B_low_sideband_Kst_signal,7.48,5.690668469041088,570.0299190780679,99.96214323791997,-0.017830799827896777
B_low_sideband_Kst_signal,7.5,5.70588416013478,591.0516819630975,119.72652992556588,-0.03190459007969097
B_low_sideband_Kst_signal,7.52,5.721099851228472,611.814272846168,148.18665268515056,-0.04587961700275793
B_low_sideband_Kst_signal,7.54,5.736315542322166,632.2862062102249,192.74524637189924,-0.059759955088708926
B_low_sideband_Kst_signal,7.5600000000000005,5.751531233415859,652.4367770872232,272.5222606003742,-0.07354818486918446
B_low_sideband_Kst_signal,7.58,5.766746924509551,672.2358287136412,456.7215581830249,-0.08724552669108528
B_low_sideband_Kst_signal,7.6,5.781962615603243,691.6535238115575,1339.8101371908015,-0.10085194810401371
B_low_sideband_Kst_signal,7.62,5.797178306696937,710.66012215726,1510.9460700562506,3.027226404854842
B_low_sideband_Kst_signal,7.640000000000001,5.81239399779063,729.2257669578539,490.98427881142936,3.0138065277917203
B_low_sideband_Kst_signal,7.66,5.827609688884322,747.3202824922955,295.8828462415612,3.0004844307892244
B_low_sideband_Kst_signal,7.68,5.842825379978016,764.9129854772946,213.1246429688134,2.9872644900629854
B_low_sideband_Kst_signal,7.7,5.858041071071708,781.9725126966368,167.363615021695,2.9741520805954065
B_low_sideband_Kst_signal,7.72,5.873256762165401,798.4666675705448,138.32073142078445,2.9611535668318862
B_low_sideband_Kst_signal,7.74,5.8884724532590935,814.3622885354089,118.2480321185161,2.9482763039127797
B_low_sideband_Kst_signal,7.76,5.903688144352786,829.6251423422946,103.54438366254321,2.935528648535246
B_low_sideband_Kst_signal,7.78,5.9189038354464785,844.219845650885,92.30838420439792,2.922919978708896
B_low_sideband_Kst_signal,7.8,5.934119526540172,858.1098185773917,83.4412074801548,2.9104607218036707
B_low_sideband_Kst_signal,7.82,5.949335217633865,871.2572741296462,76.26342943933395,2.898162390391346
B_low_sideband_Kst_signal,7.84,5.964550908727557,883.6232477051853,70.33224250863917,2.886037625456039
B_low_sideband_Kst_signal,7.86,5.979766599821251,895.1676710087522,65.34659779933348,2.874100246594839
B_low_sideband_Kst_signal,7.88,5.994982290914943,905.8494948297557,61.094591959094345,2.8623653088474033
B_low_sideband_Kst_signal,7.9,6.010197982008636,915.6268650685306,57.42266702473155,2.8508491657810637
B_low_sideband_Kst_signal,7.92,6.025413673102328,924.4573561682992,54.21675545041421,2.8395695384132784
B_low_sideband_Kst_signal,7.9399999999999995,6.04062936419602,932.2982656508757,51.39029477493939,2.828545589471724
B_low_sideband_Kst_signal,7.96,6.055845055289714,939.1069727193535,48.876360261726816,2.8177980023684857
B_low_sideband_Kst_signal,7.98,6.071060746383407,944.8413628315138,46.62235552433969,2.8073490640913246
B_low_sideband_Kst_signal,8.0,6.086276437477099,949.460318722071,44.58634205104422,2.7972227509828103
B_low_sideband_Kst_signal,8.02,6.101492128570792,952.924276523765,42.73444768738793,2.7874448160764294
B_low_sideband_Kst_signal,8.04,6.116707819664484,955.1958433901709,41.03900273601146,2.778042876274542
B_low_sideband_Kst_signal,8.06,6.1319235107581775,956.2404703571628,39.4771773735025,2.769046497171256
B_low_sideband_Kst_signal,8.08,6.1471392018518705,956.0271711280984,38.02997115964548,2.7604872727270164
B_low_sideband_Kst_signal,8.1,6.1623548929455625,954.5292740950244,36.68145412088319,2.752398896272476
B_low_sideband_Kst_signal,8.120000000000001,6.177570584039256,951.7251913232067,35.41819036156896,2.7448172184374307
B_low_sideband_Kst_signal,8.14,6.192786275132949,947.599184581115,34.2287959023792,2.737780286547308
B_low_sideband_Kst_signal,8.16,6.208001966226641,942.1421049936507,33.103596368908015,2.7313283587882164
B_low_sideband_Kst_signal,8.18,6.223217657320333,935.352079773038,32.03435965209337,2.7255038850004705
B_low_sideband_Kst_signal,8.2,6.238433348414026,927.2351170185102,31.01408523981301,2.7203514443189825
B_low_sideband_Kst_signal,8.22,6.25364903950772,917.80559806573,30.036836538650793,2.7159176280518906
B_low_sideband_Kst_signal,8.24,6.268864730601412,907.0866266062767,29.097605794530658,2.712250854217332
B_low_sideband_Kst_signal,8.26,6.284080421695105,895.1102050508089,28.192203597494057,2.7094010981197076
B_low_sideband_Kst_signal,8.280000000000001,6.299296112788799,881.9172115861256,27.317166700431493,2.70741952137033
B_low_sideband_Kst_signal,8.3,6.314511803882491,867.5571561961478,26.46967918621306,2.706357980040926
B_low_sideband_Kst_signal,8.32,6.329727494976183,852.0877005846705,25.64750301526433,2.70626839146767
B_low_sideband_Kst_signal,8.34,6.344943186069876,835.5739353246936,24.84891476883234,2.7072019389911417
B_low_sideband_Kst_signal,8.36,6.360158877163569,818.0874173906232,24.07264603693343,2.709208095135115
B_low_sideband_Kst_signal,8.379999999999999,6.375374568257261,799.7049820977663,23.3178254301101,2.7123334470301512
B_low_sideband_Kst_signal,8.4,6.3905902593509545,780.5073548524779,22.58392065331588,2.7166203140119203
B_low_sideband_Kst_signal,8.42,6.405805950444647,760.5775994069627,21.870679492435546,2.7221051570549606
B_low_sideband_Kst_signal,8.44,6.421021641538339,739.9994498861452,21.17806894749672,2.7288167937677317
B_low_sideband_Kst_signal,8.46,6.436237332632032,718.8555831099766,20.506212116627683,2.736774451581558
B_low_sideband_Kst_signal,8.48,6.451453023725726,697.2258951526674,19.855322804322995,2.745985715565248
B_low_sideband_Kst_signal,8.5,6.466668714819418,675.1858512608451,19.22563820781768,2.756444455297043
B_low_sideband_Kst_signal,8.52,6.48188440591311,652.8049809410768,18.617350434738327,2.768128845690316
B_low_sideband_Kst_signal,8.54,6.497100097006802,630.1455901119916,18.03053802709193,2.780999626585319
B_low_sideband_Kst_signal,8.56,6.512315788100497,607.2617597011922,17.46509910651383,2.7949987709451642
B_low_sideband_Kst_signal,8.58,6.527531479194189,584.1986950217797,16.920688197849557,2.8100487462354877
B_low_sideband_Kst_signal,8.6,6.542747170287881,560.9924827534778,16.396659203554986,2.826052552291846
B_low_sideband_Kst_signal,8.620000000000001,6.557962861381576,537.6703023706323,15.892017347572603,2.8428946967989672
B_low_sideband_Kst_signal,8.64,6.573178552475268,514.2511262582302,15.40538313132091,2.860443223893814
B_low_sideband_Kst_signal,8.66,6.58839424356896,490.7469272261442,14.934971389472414,2.8785528436963275
B_low_sideband_Kst_signal,8.68,6.603609934662652,467.164393210096,14.478588348022043,2.8970691269601367
B_low_sideband_Kst_signal,8.7,6.618825625756346,443.50712611348354,14.033649136124351,2.915833640518343
B_low_sideband_Kst_signal,8.72,6.6340413168500385,419.77827458791216,13.597217474386053,2.934689820184566
B_low_sideband_Kst_signal,8.74,6.6492570079437305,395.9835190226622,13.166068271239615,2.9534893234582134
B_low_sideband_Kst_signal,8.76,6.664472699037424,372.13429175854253,12.73677264707853,2.97209858758791
B_low_sideband_Kst_signal,8.780000000000001,6.679688390131117,348.25107823362487,12.305803535001562,2.990405346962639
B_low_sideband_Kst_signal,8.8,6.694904081224809,324.3666084112483,11.869658554364024,3.008324938749106
B_low_sideband_Kst_signal,8.82,6.710119772318501,300.52871688705636,11.424995408979242,3.0258063429748874
B_low_sideband_Kst_signal,8.84,6.725335463412195,276.8026302562175,10.968773732209026,3.0428380560827577
B_low_sideband_Kst_signal,8.86,6.740551154505887,253.27243806368642,10.498396216085366,3.0594540804641035
B_low_sideband_Kst_signal,8.879999999999999,6.755766845599579,230.04152501822318,10.011841179350967,3.075740528989495
B_low_sideband_Kst_signal,8.9,6.770982536693274,207.23179136048566,9.507778633887295,3.091843608710255
B_low_sideband_Kst_signal,8.92,6.786198227786966,184.98156615297194,8.985662594618308,3.1079800979085053
B_low_sideband_Kst_signal,8.94,6.801413918880658,163.44222084813373,8.445794023695115,3.124451933216287
B_low_sideband_Kst_signal,8.96,6.816629609974351,142.77360847072487,7.889351546219939,-3.1415180105268914
B_low_sideband_Kst_signal,8.98,6.831845301068045,123.13857303919212,7.318391026841968,-3.1230134679448303
B_low_sideband_Kst_signal,9.0,6.847060992161737,104.69687757477732,6.735820387955461,-3.10248955663265
B_low_sideband_Kst_signal,9.02,6.862276683255429,87.59897064396864,6.145363023698455,-3.078959407900046
B_low_sideband_Kst_signal,9.04,6.877492374349121,71.9800381549212,5.551532755419464,-3.051067002341403
B_low_sideband_Kst_signal,9.06,6.8927080654428154,57.95476329959274,4.959657763769015,-3.0169087485250117
B_low_sideband_Kst_signal,9.08,6.9079237565365075,45.613145832703594,4.376015351944866,-2.9737462047093914
B_low_sideband_Kst_signal,9.1,6.9231394476301995,35.017623169867875,3.808183883498165,-2.9175411117252263
B_low_sideband_Kst_signal,9.120000000000001,6.938355138723894,26.20160674012368,3.265800062244419,-2.8422195719858925
B_low_sideband_Kst_signal,9.14,6.953570829817586,19.16941654443508,2.76204204547751,-2.7386239092612468
B_low_sideband_Kst_signal,9.16,6.968786520911278,13.897482259159005,2.316251422261427,-2.593580589674424
B_low_sideband_Kst_signal,9.18,6.98400221200497,10.336593148185784,1.957476016124431,-2.3915080444574115
B_low_sideband_Kst_signal,9.2,6.999217903098664,8.41492791768178,1.724907331549989,-2.1254423552315673
B_low_sideband_Kst_signal,9.22,7.014433594192357,8.04157958333235,1.65348355571755,-1.8199273628908508
B_low_sideband_Kst_signal,9.24,7.029649285286049,9.110304502908548,1.743871828142813,-1.5314110359010868
B_low_sideband_Kst_signal,9.26,7.044864976379742,11.503260948218667,1.9564644766594153,-1.3019073016616676
B_low_sideband_Kst_signal,9.280000000000001,7.060080667473436,15.094551895530458,2.24177520582346,-1.1355920468902696
B_low_sideband_Kst_signal,9.3,7.075296358567128,19.753440675620368,2.5628693993959866,-1.0184579786697796
B_low_sideband_Kst_signal,9.32,7.090512049660821,25.34716001741981,2.8971382797181553,-0.9357235806873951
B_low_sideband_Kst_signal,9.34,7.105727740754514,31.74328026814328,3.2315383317454134,-0.8765125193418534
B_low_sideband_Kst_signal,9.36,7.120943431848206,38.81163870637465,3.5585894923130876,-0.8335278309836285
B_low_sideband_Kst_signal,9.379999999999999,7.136159122941898,46.425858154249,3.8739801016618327,-0.8019382561234398
B_low_sideband_Kst_signal,9.4,7.1513748140355915,54.4645000567798,4.175234892149726,-0.778497109389574
B_low_sideband_Kst_signal,9.42,7.166590505129284,62.81190609881014,4.460971714041658,-0.7609679810423686
B_low_sideband_Kst_signal,9.44,7.1818061962229764,71.35878487845184,4.730475007249723,-0.7477676372359375
B_low_sideband_Kst_signal,9.46,7.19702188731667,80.00259779734188,4.983442926396737,-0.7377445130886016
B_low_sideband_Kst_signal,9.48,7.212237578410363,88.64779266938422,5.219833199157209,-0.7300394077525336
B_low_sideband_Kst_signal,9.5,7.227453269504055,97.20592586893326,5.439767516406991,-0.723996162652281
B_low_sideband_Kst_signal,9.52,7.242668960597747,105.59570516735403,5.643472055592299,-0.7191032089847669
B_low_sideband_Kst_signal,9.54,7.25788465169144,113.7429765497036,5.831241077468647,-0.7149545744314744
B_low_sideband_Kst_signal,9.56,7.273100342785134,121.58066987898565,6.003415574644117,-0.7112234297518559
B_low_sideband_Kst_signal,9.58,7.288316033878826,129.0487107620429,6.1603717505494995,-0.7076438952909447
B_low_sideband_Kst_signal,9.6,7.303531724972519,136.09389973619545,6.302515714306477,-0.7039984019052223
B_low_sideband_Kst_signal,9.620000000000001,7.318747416066213,142.66975522069333,6.430281736462765,-0.7001088559805865
B_low_sideband_Kst_signal,9.64,7.333963107159905,148.73631376029152,6.544132018636817,-0.6958304472104823
B_low_sideband_Kst_signal,9.66,7.349178798253598,154.2598800408923,6.644556353421541,-0.6910473062527458
B_low_sideband_Kst_signal,9.68,7.36439448934729,159.21271998455632,6.732070386365534,-0.6856694526385081
B_low_sideband_Kst_signal,9.7,7.379610180440983,163.57269282086781,6.8072114963332995,-0.6796306225555439
B_low_sideband_Kst_signal,9.72,7.394825871534676,167.3228221385216,6.870531615682221,-0.6728866629581217
B_low_sideband_Kst_signal,9.74,7.410041562628368,170.45081117220252,6.92258663152236,-0.6654142430273279
B_low_sideband_Kst_signal,9.76,7.4252572537220605,172.9485134905044,6.963922344514545,-0.657209679663714
B_low_sideband_Kst_signal,9.780000000000001,7.440472944815755,174.81137625766496,6.995057302452079,-0.6482877095243237
B_low_sideband_Kst_signal,9.8,7.455688635909447,176.0378787536647,7.016463154860137,-0.6386800723024487
B_low_sideband_Kst_signal,9.82,7.470904327003139,176.62899328432468,7.028543470076417,-0.6284338024291766
B_low_sideband_Kst_signal,9.84,7.486120018096832,176.5876985067771,7.031612194775913,-0.6176091611159648
B_low_sideband_Kst_signal,9.86,7.501335709190524,175.9185761643639,7.025873097361903,-0.6062771777874154
B_low_sideband_Kst_signal,9.879999999999999,7.516551400284217,174.62752104548417,7.0114016068215435,-0.5945168079391674
B_low_sideband_Kst_signal,9.9,7.53176709137791,172.72159057918543,6.988130431848112,-0.5824117504332808
B_low_sideband_Kst_signal,9.92,7.546982782471603,170.20901492191115,6.955840225213642,-0.570046997555323
B_low_sideband_Kst_signal,9.94,7.562198473565296,167.09938085298927,6.914156358446428,-0.5575052120495229
B_low_sideband_Kst_signal,9.96,7.577414164658989,163.4039935423898,6.862552611334389,-0.5448630337040338
B_low_sideband_Kst_signal,9.98,7.592629855752682,159.1364096079924,6.800362282136358,-0.5321874119964257
B_low_sideband_Kst_signal,10.0,7.607845546846375,154.31312321760197,6.726796909114847,-0.519532040487069
B_low_sideband_Kst_signal,10.02,7.623061237940067,148.95437475579456,6.6409724791433025,-0.5069339341663632
B_low_sideband_Kst_signal,10.04,7.638276929033759,143.0850393016808,6.541942695390745,-0.4944101448756873
B_low_sideband_Kst_signal,10.06,7.653492620127453,136.73554051523752,6.428738588019508,-0.4819545544360806
B_low_sideband_Kst_signal,10.08,7.668708311221145,129.94272533405092,6.300413480293244,-0.46953462161301407
B_low_sideband_Kst_signal,10.1,7.683924002314837,122.750627137626,6.15609206877642,-0.45708788704027964
B_low_sideband_Kst_signal,10.120000000000001,7.699139693408532,115.21104088415086,5.995022147220702,-0.4445179563433007
B_low_sideband_Kst_signal,10.14,7.714355384502224,107.38383435191645,5.8166273165511155,-0.4316895785268791
B_low_sideband_Kst_signal,10.16,7.729571075595916,99.33692610700382,5.620558909689194,-0.41842230131841257
B_low_sideband_Kst_signal,10.18,7.744786766689608,91.14587393123657,5.406745367933147,-0.404481997002403
B_low_sideband_Kst_signal,10.2,7.7600024577833,82.89303737444425,5.175437500813965,-0.389569279617362
B_low_sideband_Kst_signal,10.219999999999999,7.775218148876994,74.66630424850155,4.9272485275302635,-0.3733034288090829
B_low_sideband_Kst_signal,10.24,7.790433839970687,66.55740172191145,4.663188641156269,-0.3551998237550376
B_low_sideband_Kst_signal,10.26,7.805649531064379,58.659845725596824,4.384695197186002,-0.3346379628901228
B_low_sideband_Kst_signal,10.280000000000001,7.820865222158074,51.06661439978052,4.093661709331392,-0.3108157456603937
B_low_sideband_Kst_signal,10.3,7.836080913251766,43.86765867009308,3.7924719608620028,-0.2826836253045155
B_low_sideband_Kst_signal,10.32,7.851296604345458,37.14738225043038,3.4840502423858024,-0.2488493527974796
B_low_sideband_Kst_signal,10.34,7.86651229543915,30.982231676585798,3.171945854776258,-0.2074405563797082
B_low_sideband_Kst_signal,10.36,7.881727986532844,25.43853288397804,2.8604806927753277,-0.15591015804588246
B_low_sideband_Kst_signal,10.379999999999999,7.896943677626536,20.570694451991585,2.5550034821440955,-0.09077576341350618
B_low_sideband_Kst_signal,10.4,7.9121593687202285,16.41987069213792,2.2623087986180193,-0.0073217809939858
B_low_sideband_Kst_signal,10.42,7.927375059813922,13.013143386822776,1.9912687546485262,0.10057369945926264
B_low_sideband_Kst_signal,10.440000000000001,7.942590750907615,10.363243193904054,1.7536008425581164,0.23996083373487234
B_low_sideband_Kst_signal,10.46,7.957806442001307,8.468794733766117,1.5642329325033368,0.4164847076456481
B_low_sideband_Kst_signal,10.48,7.973022133094999,7.315036943498853,1.4397351551493236,0.6288705789666981
B_low_sideband_Kst_signal,10.5,7.988237824188693,6.874945225001284,1.3928937473336724,0.8625430419530221
B_low_sideband_Kst_signal,10.52,8.003453515282384,7.110665784533921,1.4251835112205506,1.0916816375238785
B_low_sideband_Kst_signal,10.54,8.018669206376078,7.975165617928724,1.5246654072085257,1.2931436691578237
B_low_sideband_Kst_signal,10.56,8.033884897469772,9.414002979174256,1.672351069539268,1.4572793777215645
B_low_sideband_Kst_signal,10.58,8.049100588563464,11.367131231279927,1.8499469425889454,1.5859604856779685
B_low_sideband_Kst_signal,10.600000000000001,8.064316279657158,13.770661654129071,2.04335911448179,1.6857587205802733
B_low_sideband_Kst_signal,10.620000000000001,8.07953197075085,16.558525958629616,2.2427785226348957,1.7635539808222906
B_low_sideband_Kst_signal,10.64,8.094747661844542,19.663995038790745,2.4416461754045042,1.8250064865420244
B_low_sideband_Kst_signal,10.66,8.109963352938236,23.02102539128464,2.6356339441283776,1.874394753031964
B_low_sideband_Kst_signal,10.68,8.125179044031928,26.56541763030691,2.8219060592132537,1.9148646404265655
B_low_sideband_Kst_signal,10.7,8.14039473512562,30.235782073563314,2.998631864429896,1.9487227088152828
B_low_sideband_Kst_signal,10.719999999999999,8.155610426219312,33.97431432414305,3.1646719098484826,1.9776744321536415
B_low_sideband_Kst_signal,10.74,8.170826117313005,37.72738928073886,3.3193745429448565,2.0029974771712418
B_low_sideband_Kst_signal,10.76,8.186041808406697,41.445985438222124,3.4624414715867253,2.0256628288970333
B_low_sideband_Kst_signal,10.780000000000001,8.201257499500393,45.08595316433639,3.593836439367758,2.0464184063870303
B_low_sideband_Kst_signal,10.8,8.216473190594085,48.608141360306035,3.7137210724421212,2.0658467502523634
B_low_sideband_Kst_signal,10.82,8.231688881687777,51.97839700867917,3.822407949874691,2.0844050099497364
B_low_sideband_Kst_signal,10.84,8.24690457278147,55.16745198196077,3.9203245477499715,2.1024528611972846
B_low_sideband_Kst_signal,10.86,8.262120263875161,58.15071143521709,4.007983906073218,2.1202721734937113
B_low_sideband_Kst_signal,10.879999999999999,8.277335954968855,60.907958326206426,4.085959263451683,2.1380810365221934
B_low_sideband_Kst_signal,10.9,8.292551646062547,63.42298917676089,4.154860844339943,2.1560439551996473
B_low_sideband_Kst_signal,10.92,8.30776733715624,65.68319708112904,4.21531366487048,2.174279495146273
B_low_sideband_Kst_signal,10.940000000000001,8.322983028249935,67.67911906611334,4.267935755023989,2.192866305750705
B_low_sideband_Kst_signal,10.96,8.338198719343627,69.40396602984765,4.313316632662461,2.2118482014419625
B_low_sideband_Kst_signal,10.98,8.353414410437319,70.85315441137573,4.351996231392982,2.231238800339944
B_low_sideband_Kst_signal,11.0,8.368630101531012,72.02385924028931,4.38444478209373,2.2510260758326726
B_low_sideband_Kst_signal,11.02,8.383845792624705,72.9146080756218,4.411044369360239,2.271177054753579
B_low_sideband_Kst_signal,11.04,8.399061483718397,73.52493439944374,4.432073018053542,2.2916427880259604
B_low_sideband_Kst_signal,11.06,8.41427717481209,73.85510718051592,4.44769220347159,2.3123636244464643
B_low_sideband_Kst_signal,11.08,8.429492865905782,73.90595053545621,4.457938620958162,2.333274738411986
B_low_sideband_Kst_signal,11.100000000000001,8.444708556999476,73.67876372801766,4.462720906788478,2.3543118026059773
B_low_sideband_Kst_signal,11.120000000000001,8.459924248093168,73.17534726695158,4.4618217919739065,2.3754166615790715
B_low_sideband_Kst_signal,11.14,8.475139939186862,72.39813574205255,4.454905921963384,2.3965428544410505
B_low_sideband_Kst_signal,11.16,8.490355630280554,71.35043247069189,4.441533319004882,2.4176608540294864
B_low_sideband_Kst_signal,11.18,8.505571321374246,70.03673522771714,4.421178228907475,2.438762932037373
B_low_sideband_Kst_signal,11.2,8.520787012467938,68.46313653467587,4.393252901956546,2.4598676180299
B_low_sideband_Kst_signal,11.219999999999999,8.536002703561632,66.63777643832145,4.357135720850953,2.481023786986163
B_low_sideband_Kst_signal,11.24,8.551218394655324,64.57132068047576,4.312203008644738,2.502314476928246
B_low_sideband_Kst_signal,11.26,8.566434085749016,62.27743294579341,4.257863820472672,2.523860598495187
B_low_sideband_Kst_signal,11.280000000000001,8.581649776842712,59.773206789712276,4.193597033402934,2.5458247467599664
B_low_sideband_Kst_signal,11.3,8.596865467936404,57.07952124418807,4.11899008766981,2.5684153580877926
B_low_sideband_Kst_signal,11.32,8.612081159030096,54.221284324437875,4.033778791324964,2.591891466885924
B_low_sideband_Kst_signal,11.34,8.627296850123788,51.227531043572526,3.937887675104397,2.6165683010141865
B_low_sideband_Kst_signal,11.36,8.642512541217481,48.13134733299012,3.8314704745896138,2.642823895221252
B_low_sideband_Kst_signal,11.379999999999999,8.657728232311173,44.969598574611155,3.714950420522573,2.6711067700005175
B_low_sideband_Kst_signal,11.4,8.672943923404866,41.782451179497,3.5890601213044224,2.701944465657281
B_low_sideband_Kst_signal,11.42,8.68815961449856,38.61268743716573,3.4548808795503105,2.735952247446533
B_low_sideband_Kst_signal,11.440000000000001,8.703375305592253,35.50482705812465,3.313881191445385,2.773840462194487
B_low_sideband_Kst_signal,11.46,8.718590996685945,32.50408250610781,3.1679537208338435,2.816417617875025
B_low_sideband_Kst_signal,11.48,8.733806687779637,29.655188214772352,3.019448838242345,2.8645840139674696
B_low_sideband_Kst_signal,11.5,8.749022378873331,27.00115485353308,2.8712002626490554,2.919307474356808
B_low_sideband_Kst_signal,11.52,8.764238069967023,24.5820077503231,2.726533639193997,2.9815686349940616
B_low_sideband_Kst_signal,11.54,8.779453761060715,22.433572425932653,2.589241353134543,3.052259705823149
B_low_sideband_Kst_signal,11.56,8.794669452154409,20.58636936451876,2.4634969788138834,3.132021507745469
B_low_sideband_Kst_signal,11.58,8.809885143248101,19.06467455749953,2.353674186924443,-3.0621691314649833
B_low_sideband_Kst_signal,11.600000000000001,8.825100834341795,17.885792471759487,2.2640372091443703,-2.9645195962309767
B_low_sideband_Kst_signal,11.620000000000001,8.840316525435487,17.05957485644467,2.1982978298538316,-2.8597464888676343
B_low_sideband_Kst_signal,11.64,8.85553221652918,16.58820352515977,2.1590962559459097,-2.750372724907523
B_low_sideband_Kst_signal,11.66,8.870747907622873,16.466239417411998,2.147540605579574,-2.6396700639585857
B_low_sideband_Kst_signal,11.68,8.885963598716565,16.680925310101884,2.162974334429378,-2.531148942188682
B_low_sideband_Kst_signal,11.7,8.901179289810257,17.2127167512117,2.203077917650946,-2.4279537932486295
B_low_sideband_Kst_signal,11.719999999999999,8.916394980903949,18.036006001275382,2.2642709209313403,-2.332400184480824
B_low_sideband_Kst_signal,11.74,8.931610671997642,19.1199974406627,2.3422611758915224,-2.245796111282234
B_low_sideband_Kst_signal,11.76,8.946826363091336,20.429690053857485,2.4325676115033126,-2.168528448960606
B_low_sideband_Kst_signal,11.780000000000001,8.96204205418503,21.92692289360639,2.5309088178860932,-2.1002957654775503
B_low_sideband_Kst_signal,11.8,8.977257745278722,23.571442258253228,2.633432830998956,-2.040367062932896
B_low_sideband_Kst_signal,11.82,8.992473436372414,25.321953946746362,2.736816597875304,-1.987795944736339
B_low_sideband_Kst_signal,11.84,9.007689127466106,27.137129628921684,2.838279764624628,-1.9415689593365137
B_low_sideband_Kst_signal,11.86,9.022904818559798,28.976542397838784,2.9355518826236042,-1.90069486004213
B_low_sideband_Kst_signal,11.879999999999999,9.038120509653492,30.801512408830604,3.026819838399309,-1.8642508592831408
B_low_sideband_Kst_signal,11.9,9.053336200747186,32.57584877840782,3.1106711368758004,-1.831401409321712
B_low_sideband_Kst_signal,11.92,9.068551891840878,34.266478414836456,3.1860408785674323,-1.801401179389443
B_low_sideband_Kst_signal,11.940000000000001,9.083767582934572,35.84395613615561,3.252165579602743,-1.7735899264655905
B_low_sideband_Kst_signal,11.96,9.098983274028264,37.28285338308342,3.3085444349650057,-1.747383919234373
B_low_sideband_Kst_signal,11.98,9.114198965121956,38.56202522120657,3.3549073658122914,-1.7222665468426468
B_low_sideband_Kst_signal,12.0,9.129414656215648,39.66475736036591,3.3911886409765364,-1.6977794955320813
B_low_sideband_Kst_signal,12.02,9.144630347309342,40.578796813650115,3.417504677407215,-1.6735151498485081
B_low_sideband_Kst_signal,12.04,9.159846038403034,41.296271757488284,3.4341346198803784,-1.6491104706413948
B_low_sideband_Kst_signal,12.06,9.175061729496727,41.81350826164635,3.441502386523769,-1.6242423834703121
B_low_sideband_Kst_signal,12.08,9.19027742059042,42.130753880021075,3.440159005279832,-1.5986245922016058
B_low_sideband_Kst_signal,12.100000000000001,9.205493111684113,42.25182059213694,3.430764245676777,-1.5720056611598436
B_low_sideband_Kst_signal,12.120000000000001,9.220708802777805,42.18366213913032,3.414066770848836,-1.544168154598936
B_low_sideband_Kst_signal,12.14,9.235924493871499,41.935903218909516,3.390882301298876,-1.5149285680704203
B_low_sideband_Kst_signal,12.16,9.251140184965191,41.520340058134025,3.362069597799285,-1.4841377261572255
B_low_sideband_Kst_signal,12.18,9.266355876058883,40.95043331649504,3.3285044341183654,-1.451681256829411
B_low_sideband_Kst_signal,12.2,9.281571567152575,40.24081487125659,3.291052130133517,-1.4174796934014435
B_low_sideband_Kst_signal,12.219999999999999,9.296787258246267,39.40682959912738,3.250539629846075,-1.381487715879022
B_low_sideband_Kst_signal,12.24,9.312002949339963,38.46413171699896,3.207728501261818,-1.3436920433400383
B_low_sideband_Kst_signal,12.26,9.327218640433655,37.42835255276441,3.1632905588419895,-1.3041075465313705
B_low_sideband_Kst_signal,12.280000000000001,9.342434331527349,36.31485288156182,3.1177880110287344,-1.2627712775901525
B_low_sideband_Kst_signal,12.3,9.35765002262104,35.13856835507977,3.071660066026788,-1.2197343119755173
B_low_sideband_Kst_signal,12.32,9.372865713714733,33.913951318489126,3.0252177565775904,-1.1750515503420202
B_low_sideband_Kst_signal,12.34,9.388081404808425,32.65500673875795,2.978648366519338,-1.1287699038158219
B_low_sideband_Kst_signal,12.36,9.403297095902117,31.375414365211327,2.9320302922932377,-1.0809155454409534
B_low_sideband_Kst_signal,12.379999999999999,9.41851278699581,30.088723905300867,2.885358517274043,-1.0314811185160055
B_low_sideband_Kst_signal,12.4,9.433728478089504,28.80860519759881,2.838580198025473,-0.9804139329808368
B_low_sideband_Kst_signal,12.42,9.448944169183196,27.549131335439597,2.791639232297812,-0.9276062665716758
B_low_sideband_Kst_signal,12.440000000000001,9.46415986027689,26.32506963774722,2.744528135031421,-0.872888960348795
B_low_sideband_Kst_signal,12.46,9.479375551370582,25.152153445236763,2.6973450685856277,-0.8160296190507863
B_low_sideband_Kst_signal,12.48,9.494591242464274,24.047307081142208,2.6503533669947106,-0.7567369509965034
B_low_sideband_Kst_signal,12.5,9.509806933557966,23.02879707660759,2.6040402117169927,-0.6946731236463145
B_low_sideband_Kst_signal,12.52,9.52502262465166,22.11628501965606,2.559170079805309,-0.6294763896592936
B_low_sideband_Kst_signal,12.54,9.540238315745352,21.330761207656906,2.5168270539277273,-0.5607964135243579
B_low_sideband_Kst_signal,12.56,9.555454006839046,20.694343676699646,2.4784380766547205,-0.4883442307925258
B_low_sideband_Kst_signal,12.58,9.57066969793274,20.229934072005562,2.4457671251154838,-0.41195689390022777
B_low_sideband_Kst_signal,12.600000000000001,9.585885389026432,19.9607300219468,2.4208690490404248,-0.33167284551874504
B_low_sideband_Kst_signal,12.620000000000001,9.601101080120124,19.909602845302288,2.405993144719235,-0.24780767909307622
B_low_sideband_Kst_signal,12.64,9.616316771213816,20.098359059640643,2.403432480889202,-0.16101246779607464
B_low_sideband_Kst_signal,12.66,9.63153246230751,20.546913616719394,2.4153267296717105,-0.07229188590822586
B_low_sideband_Kst_signal,12.68,9.646748153401202,21.272411297173676,2.4434421150728327,0.017037800816384188
B_low_sideband_Kst_signal,12.7,9.661963844494894,22.28833943695281,2.488966253537938,0.10545661789131235
B_low_sideband_Kst_signal,12.719999999999999,9.677179535588586,23.603679359068337,2.552359889795484,0.19139793568750396
B_low_sideband_Kst_signal,12.74,9.692395226682281,25.222144934883545,2.63329655633315,0.2734180782970336
B_low_sideband_Kst_signal,12.76,9.707610917775973,27.1415542475479,2.730697956234165,0.35033654238290474
B_low_sideband_Kst_signal,12.780000000000001,9.722826608869667,29.35337437195267,2.842847956893114,0.4213176214129774
B_low_sideband_Kst_signal,12.8,9.73804229996336,31.842470192303153,2.9675525484552248,0.4858868590747558
B_low_sideband_Kst_signal,12.82,9.753257991057051,34.587076685180364,3.10231130556967,0.5438955353399882
B_low_sideband_Kst_signal,12.84,9.768473682150743,37.55900121194645,3.2444743679913803,0.5954555303510696
B_low_sideband_Kst_signal,12.86,9.783689373244435,40.72404925516821,3.391370970808756,0.6408656898722771
B_low_sideband_Kst_signal,12.879999999999999,9.798905064338129,44.04265486066288,3.540405786327294,0.6805441076650555
B_low_sideband_Kst_signal,12.9,9.814120755431823,47.470686821379786,3.6891256703875523,0.7149733659159425
B_low_sideband_Kst_signal,12.92,9.829336446525515,50.960394098598044,3.835262145993707,0.7446603037841311
B_low_sideband_Kst_signal,12.940000000000001,9.844552137619209,54.4614495098067,3.9767553681284133,0.7701088178340343
B_low_sideband_Kst_signal,12.96,9.8597678287129,57.92204934779875,4.111764603568305,0.7918029962518963
B_low_sideband_Kst_signal,12.98,9.874983519806593,61.29002803453113,4.238669220091255,0.8101977920520751
B_low_sideband_Kst_signal,13.0,9.890199210900287,64.51395061414587,4.3560632038515745,0.825714850084889
B_low_sideband_Kst_signal,13.02,9.905414901993979,67.54415116986274,4.462745445870792,0.838741655517444
B_low_sideband_Kst_signal,13.04,9.92063059308767,70.33369138939088,4.557707462292177,0.8496326897772963
B_low_sideband_Kst_signal,13.06,9.935846284181364,72.83921984242261,4.640119794254286,0.858711698739032
B_low_sideband_Kst_signal,13.08,9.951061975275056,75.02171853032269,4.709318021869502,0.8662744892442495
B_low_sideband_Kst_signal,13.100000000000001,9.96627766636875,76.8471285463238,4.764789082942321,0.8725918892175915
B_low_sideband_Kst_signal,13.120000000000001,9.981493357462444,78.2868510356202,4.806158384302136,0.877912654998143
B_low_sideband_Kst_signal,13.14,9.996709048556136,79.31812302027902,4.833178017035352,0.8824662068712413
B_low_sideband_Kst_signal,13.16,10.011924739649828,79.92427013282213,4.845716229698176,0.8864651360613288
B_low_sideband_Kst_signal,13.18,10.02714043074352,80.09484005532067,4.843748174070291,0.8901074654714473
B_low_sideband_Kst_signal,13.2,10.042356121837212,79.8256217086855,4.827347817238862,0.8935786706832944
B_low_sideband_Kst_signal,13.219999999999999,10.057571812930906,79.11855621292489,4.796680814115082,0.8970534830904978
B_low_sideband_Kst_signal,13.24,10.0727875040246,77.98154655584585,4.75199805857963,0.900697507694587
B_low_sideband_Kst_signal,13.26,10.088003195118292,76.42817393168298,4.693629581866205,0.9046686970781358
B_low_sideband_Kst_signal,13.280000000000001,10.103218886211986,74.4773299430235,4.621978445620722,0.9091187327535962
B_low_sideband_Kst_signal,13.3,10.118434577305678,72.15277532738037,4.53751428579621,0.914194377563642
B_low_sideband_Kst_signal,13.32,10.13365026839937,69.48263752581624,4.440766202884457,0.9200388802256895
B_low_sideband_Kst_signal,13.34,10.148865959493063,66.4988611388726,4.332314763851871,0.9267935380005243
B_low_sideband_Kst_signal,13.36,10.164081650586756,63.236626944169984,4.212782980575952,0.9345995591472195
B_low_sideband_Kst_signal,13.379999999999999,10.179297341680448,59.73375647556895,4.082826256880531,0.9436004179964811
B_low_sideband_Kst_signal,13.4,10.19451303277414,56.03011997122303,3.943121449329896,0.9539449691078022
B_low_sideband_Kst_signal,13.42,10.209728723867833,52.167065588419064,3.7943553639373735,0.9657916938330392
B_low_sideband_Kst_signal,13.440000000000001,10.224944414961527,48.18688700059647,3.6372132116583393,0.9793146098360601
B_low_sideband_Kst_signal,13.46,10.240160106055221,44.13234474253841,3.4723677737245855,0.9947116097667298
B_low_sideband_Kst_signal,13.48,10.255375797148913,40.046253938868176,3.3004702955121865,1.012216356395878
B_low_sideband_Kst_signal,13.5,10.270591488242605,35.971147408734396,3.1221444626386377,1.0321154287163299
B_low_sideband_Kst_signal,13.52,10.285807179336297,31.94901874136849,2.937985273621594,1.054773327926269
B_low_sideband_Kst_signal,13.54,10.301022870429989,28.021145009501197,2.7485653261557816,1.080669465713997
B_low_sideband_Kst_signal,13.56,10.316238561523685,24.227983616292477,2.5544522091082547,1.110453827579256
B_low_sideband_Kst_signal,13.58,10.331454252617375,20.609132673231215,2.356242798779189,1.14503247456503
B_low_sideband_Kst_signal,13.600000000000001,10.346669943711069,17.20333961167853,2.1546242295633755,1.185701979062476
B_low_sideband_Kst_signal,13.620000000000001,10.361885634804763,14.048538755087066,1.9504790920437842,1.2343661178818839
B_low_sideband_Kst_signal,13.64,10.377101325898455,11.181895607191109,1.7450681458387325,1.2938933791792202
B_low_sideband_Kst_signal,13.66,10.392317016992147,8.63983387785629,1.540356327626385,1.3687154618124915
B_low_sideband_Kst_signal,13.68,10.40753270808584,6.458020947779005,1.3396146404690141,1.4658170392119283
B_low_sideband_Kst_signal,13.7,10.422748399179532,4.671288670051581,1.1485565940071725,1.5962233022211436
B_low_sideband_Kst_signal,13.719999999999999,10.437964090273224,3.3134691501691123,0.9774180448010894,1.7763897903034926
B_low_sideband_Kst_signal,13.74,10.453179781366917,2.417129386394663,0.8440187933452004,2.025490604203657
B_low_sideband_Kst_signal,13.76,10.46839547246061,2.013194256789575,0.7745941345499519,2.3471397472905555
B_low_sideband_Kst_signal,13.780000000000001,10.483611163554304,2.130454090274725,0.7926355072680487,2.6978100422926055
B_low_sideband_Kst_signal,13.8,10.498826854647998,2.794960655766772,0.8984934327368795,3.0057256993983934
B_low_sideband_Kst_signal,13.82,10.514042545741688,4.029323464797926,1.070931999272794,-3.045600317624613
B_low_sideband_Kst_signal,13.84,10.529258236835382,5.851926359118806,1.2869667422399391,-2.880676134633178
B_low_sideband_Kst_signal,13.86,10.544473927929074,8.276091945626831,1.5308705191557042,-2.7632321551839687
B_low_sideband_Kst_signal,13.879999999999999,10.559689619022766,11.309228024572803,1.7931198112371858,-2.6777776848103447
B_low_sideband_Kst_signal,13.9,10.57490531011646,14.95199522508483,2.0678246121268753,-2.6140795696912678
B_low_sideband_Kst_signal,13.92,10.590121001210152,19.197538164822618,2.3510307558161223,-2.5656179470576155
B_low_sideband_Kst_signal,13.940000000000001,10.605336692303846,24.030823241708276,2.639800050454984,-2.528191402840019
B_low_sideband_Kst_signal,13.96,10.62055238339754,29.428124443194974,2.931730847193396,-2.499018274456165
B_low_sideband_Kst_signal,13.98,10.635768074491232,35.35669429970949,3.22470822837317,-2.4761978685788923
B_low_sideband_Kst_signal,14.0,10.650983765584924,41.774650484443555,3.5167743317789033,-2.458389320687072
B_low_sideband_Kst_signal,14.02,10.666199456678617,48.631099933008954,3.8060633612450983,-2.444617067474808
B_low_sideband_Kst_signal,14.040000000000001,10.68141514777231,55.86651225051901,4.090772546117351,-2.4341502275270077
B_low_sideband_Kst_signal,14.06,10.696630838866003,63.41334323749106,4.369153529570524,-2.426425918156868
B_low_sideband_Kst_signal,14.08,10.711846529959693,71.19689830751304,4.63951538994063,-2.4209993040359303
B_low_sideband_Kst_signal,14.1,10.727062221053387,79.13641508994988,4.900234060240043,-2.4175103081662863
B_low_sideband_Kst_signal,14.120000000000001,10.742277912147081,87.14633524162855,5.1497648908525075,-2.415660955491106
B_low_sideband_Kst_signal,14.14,10.757493603240775,95.13772793909811,5.386656264255517,-2.4151996532091173
B_low_sideband_Kst_signal,14.16,10.772709294334465,103.01982203291846,5.60956289718934,-2.4159100907366136
B_low_sideband_Kst_signal,14.18,10.787924985428159,110.7016005865662,5.817257946471322,-2.417603275682355
B_low_sideband_Kst_signal,14.2,10.80314067652185,118.09341049216164,6.008643368314462,-2.4201117371337273
B_low_sideband_Kst_signal,14.22,10.818356367615545,125.10854090253997,6.182758219435346,-2.423285252391009
B_low_sideband_Kst_signal,14.24,10.833572058709237,131.66472708020592,6.338784759618709,-2.4269876622242874
B_low_sideband_Kst_signal,14.26,10.848787749802929,137.68554060707538,6.476052336112389,-2.4310944765554567
B_low_sideband_Kst_signal,14.28,10.864003440896623,143.10163235953587,6.594039110944125,-2.4354910635621847
B_low_sideband_Kst_signal,14.3,10.879219131990316,147.8518008781175,6.692371741117301,-2.4400712767554027
B_low_sideband_Kst_signal,14.32,10.894434823084007,151.88386542517765,6.77082314571792,-2.44473641671421
B_low_sideband_Kst_signal,14.34,10.9096505141777,155.1553298526669,6.829308499838788,-2.449394453292727
B_low_sideband_Kst_signal,14.36,10.924866205271394,157.63383017142405,6.8678795891025715,-2.453959454370521
B_low_sideband_Kst_signal,14.38,10.940081896365086,159.29736524881082,6.886717646168222,-2.4583511812822496
B_low_sideband_Kst_signal,14.4,10.955297587458778,160.13431622591816,6.88612477695741,-2.462494820683526
B_low_sideband_Kst_signal,14.42,10.97051327855247,160.14326592941143,6.866514073600392,-2.466320828929317
B_low_sideband_Kst_signal,14.44,10.985728969646164,159.33263466231074,6.828398506410423,-2.4697648687961267
B_low_sideband_Kst_signal,14.46,11.000944660739858,157.72015320400533,6.7723786906391235,-2.4727678200324243
B_low_sideband_Kst_signal,14.48,11.016160351833548,155.33219754760285,6.699129636372418,-2.475275845051371
B_low_sideband_Kst_signal,14.5,11.031376042927242,152.20301276756436,6.6093866117648545,-2.477240489232178
B_low_sideband_Kst_signal,14.52,11.046591734020936,148.37385536419242,6.503930280098359,-2.478618791826515
B_low_sideband_Kst_signal,14.540000000000001,11.061807425114628,143.8920844077802,6.383571308403557,-2.479373378353896
B_low_sideband_Kst_signal,14.56,11.077023116208322,138.81023175795417,6.2491346875421385,-2.4794724985233585
B_low_sideband_Kst_signal,14.58,11.092238807302014,133.18508054562335,6.101444048223914,-2.4788899649498077
B_low_sideband_Kst_signal,14.6,11.107454498395706,127.07677899363625,5.941306301588358,-2.4776049368998727
B_low_sideband_Kst_signal,14.620000000000001,11.1226701894894,120.54801357420001,5.7694969736472785,-2.4756014793891676
B_low_sideband_Kst_signal,14.64,11.137885880583093,113.66326155290153,5.586746636858702,-2.472867810064864
B_low_sideband_Kst_signal,14.66,11.153101571676784,106.48813828675702,5.393728866207709,-2.469395122505909
B_low_sideband_Kst_signal,14.68,11.168317262770477,99.0888493956154,5.19105015851728,-2.4651758414643448
B_low_sideband_Kst_signal,14.700000000000001,11.183532953864171,91.53175231040223,4.979242250132295,-2.4602011172550204
B_low_sideband_Kst_signal,14.72,11.198748644957863,83.88302593680055,4.758757248839928,-2.454457292743144
B_low_sideband_Kst_signal,14.74,11.213964336051555,76.20844148987089,4.529965962624415,-2.447920959326336
B_low_sideband_Kst_signal,14.76,11.229180027145247,68.57322219281195,4.293159766519472,-2.440552026381688
B_low_sideband_Kst_signal,14.78,11.244395718238941,61.04197472724263,4.048556312462262,-2.4322839047450437
B_low_sideband_Kst_signal,14.8,11.259611409332635,53.67867130100058,3.796309381196635,-2.423009342501073
B_low_sideband_Kst_signal,14.82,11.274827100426325,46.54665817386558,3.5365232486970317,-2.4125594449474153
B_low_sideband_Kst_signal,14.84,11.290042791520019,39.70866463533457,3.269272187734458,-2.4006715446097697
B_low_sideband_Kst_signal,14.86,11.305258482613713,33.22678591058866,2.9946263449674646,-2.3869379798768025
B_low_sideband_Kst_signal,14.88,11.320474173707405,27.162414377777168,2.7126866603683517,-2.370720510923024
B_low_sideband_Kst_signal,14.9,11.335689864801097,21.576095847380202,2.4236347692365725,-2.3509992947638216
B_low_sideband_Kst_signal,14.92,11.35090555589479,16.527291442525893,2.1278116640200935,-2.326088740246444
B_low_sideband_Kst_signal,14.94,11.366121246988483,12.074030700721778,1.8258591377528546,-2.293060242919447
B_low_sideband_Kst_signal,14.96,11.381336938082177,8.272447676587035,1.5190162101315146,-2.24645358028225
B_low_sideband_Kst_signal,14.98,11.396552629175867,5.176198756558733,1.2098549988684628,-2.1750415046974
B_low_sideband_Kst_signal,15.0,11.41176832026956,2.835768220367754,0.9044994596869467,-2.052451348918889
B_low_sideband_Kst_signal,15.02,11.426984011363254,1.2976748662003956,0.6210275892695734,-1.8061690272612576
B_low_sideband_Kst_signal,15.040000000000001,11.442199702456948,0.6035998038423713,0.42545856921970693,-1.2473625166925915
B_low_sideband_Kst_signal,15.06,11.45741539355064,0.7894613743592345,0.4666484921282997,-0.4453605041301596
B_low_sideband_Kst_signal,15.08,11.472631084644332,1.884467701362155,0.7128178912520908,0.003053030340455894
B_low_sideband_Kst_signal,15.1,11.487846775738024,3.9101803357334575,1.0307128613441676,0.2003112819462255
B_low_sideband_Kst_signal,15.120000000000001,11.503062466831718,6.879623671575246,1.3742288331958128,0.30031718539175567
B_low_sideband_Kst_signal,15.14,11.518278157925412,10.796474275412038,1.7296560037891977,0.35751999118339034
B_low_sideband_Kst_signal,15.16,11.533493849019102,15.654362113793468,2.0914155846449245,0.3926048883401845
B_low_sideband_Kst_signal,15.18,11.548709540112796,21.436312140536756,2.4564165606794397,0.4147910738594648
B_low_sideband_Kst_signal,15.200000000000001,11.56392523120649,28.11435015445022,2.822482103961708,0.4287550414662713
B_low_sideband_Kst_signal,15.22,11.579140922300182,35.64929164885325,3.187815711323775,0.4371177362516403
B_low_sideband_Kst_signal,15.24,11.594356613393874,43.990726926163916,3.550793150688591,0.4414686681335848
B_low_sideband_Kst_signal,15.26,11.609572304487568,53.07721037783995,3.909874273984653,0.44283630531504464
B_low_sideband_Kst_signal,15.28,11.624787995581258,62.83665677940371,4.263564623840938,0.44192367728290716
B_low_sideband_Kst_signal,15.3,11.640003686674953,73.18694286358368,4.610399749064208,0.43923485786451766
B_low_sideband_Kst_signal,15.32,11.655219377768644,84.03670834126387,4.948940696108302,0.4351468059432322
B_low_sideband_Kst_signal,15.34,11.670435068862338,95.28634687159138,5.277775409286514,0.4299521077964356
B_low_sideband_Kst_signal,15.36,11.685650759956031,106.82917409562651,5.595523521321305,0.4238854064212971
B_low_sideband_Kst_signal,15.38,11.700866451049725,118.55275656615777,5.9008432977629095,0.4171402789193519
B_low_sideband_Kst_signal,15.4,11.716082142143415,130.34038205705292,6.192440112658933,0.40988030862147923
B_low_sideband_Kst_signal,15.42,11.73129783323711,142.0726481979109,6.469076116418945,0.4022465133817355
B_low_sideband_Kst_signal,15.44,11.746513524330801,153.62914261560218,6.729580864855656,0.3943624210630624
B_low_sideband_Kst_signal,15.46,11.761729215424495,164.89018384612064,6.972862688534451,0.3863375869705222
B_low_sideband_Kst_signal,15.48,11.776944906518187,175.73858840104367,7.197920537334947,0.37827005549058884
B_low_sideband_Kst_signal,15.5,11.792160597611879,186.06142583571636,7.4038559642349835,0.370248090671927
B_low_sideband_Kst_signal,15.52,11.807376288705573,195.7517208627869,7.5898848346460674,0.3623513899246811
B_low_sideband_Kst_signal,15.540000000000001,11.822591979799267,204.71005991876154,7.755348278578063,0.3546519246071948
B_low_sideband_Kst_signal,15.56,11.837807670892957,212.84605954651488,7.899722354673423,0.34721450559224565
B_low_sideband_Kst_signal,15.58,11.85302336198665,220.07965585641068,8.022625876923632,0.3400971418614441
B_low_sideband_Kst_signal,15.6,11.868239053080345,226.34217839532357,8.123825872665169,0.3333512402705779
B_low_sideband_Kst_signal,15.620000000000001,11.883454744174037,231.57717803181367,8.203240196819944,0.32702168146794225
B_low_sideband_Kst_signal,15.64,11.89867043526773,235.74098679502276,8.260936921255485,0.32114679839310756
B_low_sideband_Kst_signal,15.66,11.91388612636142,238.80299761128117,8.297130245097334,0.3157582784542908
B_low_sideband_Kst_signal,15.68,11.929101817455114,240.74566300291917,8.312172824279154,0.3108810074582841
B_low_sideband_Kst_signal,15.700000000000001,11.944317508548808,241.56422334436502,8.306544586718177,0.30653287200611984
B_low_sideband_Kst_signal,15.72,11.959533199642502,241.26618643306938,8.28083827206521,0.30272453689221773
B_low_sideband_Kst_signal,15.74,11.974748890736192,239.87059015450723,8.2357421005794,0.29945921466396
B_low_sideband_Kst_signal,15.76,11.989964581829886,237.4070882097767,8.172020123704376,0.2967324455635885
B_low_sideband_Kst_signal,15.78,12.005180272923576,233.91490469120254,8.090490930479532,0.2945319072476483
B_low_sideband_Kst_signal,15.8,12.020395964017272,229.4417063914152,7.992005472440141,0.29283727462126985
B_low_sideband_Kst_signal,15.82,12.035611655110964,224.0424419908777,7.877424821180595,0.2916201504940999
B_low_sideband_Kst_signal,15.84,12.050827346204656,217.77819478079618,7.74759868587126,0.2908440872283518
B_low_sideband_Kst_signal,15.86,12.066043037298348,210.71509062590485,7.603345493556271,0.2904647178042915
B_low_sideband_Kst_signal,15.88,12.081258728392044,202.92329588895882,7.445434775566801,0.2904300115300843
B_low_sideband_Kst_signal,15.9,12.096474419485734,194.4761315553842,7.274572512603385,0.2906806648147293
B_low_sideband_Kst_signal,15.92,12.111690110579428,185.4493203927159,7.091389973403421,0.29115063096128035
B_low_sideband_Kst_signal,15.94,12.126905801673121,175.9203742343052,6.896436442219379,0.2917677849006177
B_low_sideband_Kst_signal,15.96,12.142121492766814,165.9681189380717,6.69017607359433,0.2924547093586066
B_low_sideband_Kst_signal,15.98,12.157337183860506,155.6723457295666,6.472988944401824,0.29312957836827924
B_low_sideband_Kst_signal,16.0,12.172552874954198,145.11356991582943,6.245176198459762,0.29370710249333143
B_low_sideband_Kst_signal,16.02,12.187768566047891,134.37287170135824,6.006969004504209,0.29409948759900895
B_low_sideband_Kst_signal,16.04,12.202984257141583,123.5317893242609,5.758540880909944,0.2942173450051077
B_low_sideband_Kst_signal,16.060000000000002,12.218199948235279,112.6722321591078,5.500022788054956,0.29397047405031257
B_low_sideband_Kst_signal,16.08,12.233415639328967,101.87638092601992,5.231520260001137,0.29326841566928635
B_low_sideband_Kst_signal,16.1,12.248631330422663,91.22654373734986,4.953131749772843,0.2920206421215796
B_low_sideband_Kst_signal,16.12,12.263847021516355,80.80494034145886,4.664967305169739,0.29013619339632346
B_low_sideband_Kst_signal,16.14,12.279062712610049,70.69339241034322,4.367166681934762,0.2875224759623465
B_low_sideband_Kst_signal,16.16,12.294278403703741,60.97290476483977,4.059916043874067,0.2840827672984241
B_low_sideband_Kst_signal,16.18,12.309494094797433,51.723130612179375,3.7434624992052807,0.2797116444220557
B_low_sideband_Kst_signal,16.200000000000003,12.324709785891129,43.02172264763067,3.4181258825782774,0.2742869139173306
B_low_sideband_Kst_signal,16.22,12.339925476984817,34.94358062125684,3.0843074202999436,0.2676552925009311
B_low_sideband_Kst_signal,16.240000000000002,12.355141168078513,27.560014033766493,2.7424952364066875,0.2596061529137591
B_low_sideband_Kst_signal,16.259999999999998,12.370356859172203,20.937845365013345,2.3932671490008923,0.24982063681351177
B_low_sideband_Kst_signal,16.28,12.385572550265898,15.138484114464518,2.0372921348188666,0.23776491876434125
B_low_sideband_Kst_signal,16.3,12.40078824135959,10.217004560552596,1.6753341595350617,0.22244078368065617
B_low_sideband_Kst_signal,16.32,12.416003932453282,6.2212603541702265,1.3082697973103379,0.20170783612472304
B_low_sideband_Kst_signal,16.34,12.431219623546975,3.191066917068383,0.9371659883908569,0.1699768927848414
B_low_sideband_Kst_signal,16.36,12.446435314640667,1.1574784245058254,0.5637079839395785,0.10669868524403937
B_low_sideband_Kst_signal,16.380000000000003,12.461651005734362,0.14218041791173164,0.19573533068909374,-0.1656848464073986
B_low_sideband_Kst_signal,16.4,12.476866696828052,0.15701247006290941,0.21306615314059849,-2.5581782022514226
B_low_sideband_Kst_signal,16.42,12.492082387921748,1.2036285216563556,0.5844372092603666,-2.8027061712983836
B_low_sideband_Kst_signal,16.439999999999998,12.507298079015436,3.2732962163208867,0.9624741244319315,-2.865696515151718
B_low_sideband_Kst_signal,16.46,12.522513770109132,6.346831367325649,1.340247269782673,-2.9002301156322985
B_low_sideband_Kst_signal,16.48,12.537729461202824,10.394660018348077,1.7160284871130236,-2.925336061943664
B_low_sideband_Kst_signal,16.5,12.552945152296518,15.376998633400945,2.088613164715541,-2.9462743462302226
B_low_sideband_Kst_signal,16.52,12.56816084339021,21.24414277149117,2.4569193403212175,-2.965046122430315
B_low_sideband_Kst_signal,16.54,12.583376534483902,27.93685597000149,2.8199039265265866,-2.9825531726120795
B_low_sideband_Kst_signal,16.560000000000002,12.598592225577598,35.38685310251822,3.176535755366001,-2.9992413577983
B_low_sideband_Kst_signal,16.58,12.613807916671286,43.5173756884833,3.5257838227862743,-3.0153398119630426
B_low_sideband_Kst_signal,16.6,12.629023607764982,52.24385993597025,3.8666112217598125,-3.0309643186430764
B_low_sideband_Kst_signal,16.62,12.644239298858675,61.47470109766073,4.197972302580636,-3.046167252231964
B_low_sideband_Kst_signal,16.64,12.659454989952366,71.11211945777177,4.51881253004908,-3.060963906107399
B_low_sideband_Kst_signal,16.66,12.67467068104606,81.05313348024356,4.828071066550777,-3.075347405105531
B_low_sideband_Kst_signal,16.68,12.689886372139751,91.19064401943251,5.124686213819596,-3.0892976862118244
B_low_sideband_Kst_signal,16.700000000000003,12.705102063233447,101.41462989214415,5.4076037678531055,-3.102787207267073
B_low_sideband_Kst_signal,16.72,12.720317754327137,111.61344962463772,5.675788180011264,-3.115784757052418
B_low_sideband_Kst_signal,16.740000000000002,12.735533445420833,121.6752371434086,5.928236218534224,-3.128258114427999
B_low_sideband_Kst_signal,16.759999999999998,12.750749136514521,131.48937112693602,6.1639926170226,-3.1401759826588607
B_low_sideband_Kst_signal,16.78,12.765964827608217,140.94798942380294,6.382167002427702,3.1316758553633823
B_low_sideband_Kst_signal,16.8,12.781180518701909,149.94751225003347,6.581951234765228,3.120952162384789
B_low_sideband_Kst_signal,16.82,12.796396209795601,158.390131727072,6.762636181670224,3.1108591615677255
B_low_sideband_Kst_signal,16.84,12.811611900889295,166.18522156865583,6.923626907045586,3.1014125330609237
B_low_sideband_Kst_signal,16.86,12.826827591982985,173.25062004565552,7.0644552834003616,3.0926220577490366
B_low_sideband_Kst_signal,16.880000000000003,12.84204328307668,179.51374214639145,7.184789144547772,3.0844910371906145
B_low_sideband_Kst_signal,16.9,12.857258974170371,184.91248314064796,7.28443727444633,3.0770157789164703
B_low_sideband_Kst_signal,16.92,12.872474665264065,189.39588519649988,7.3633497672353245,3.070185136153737
B_low_sideband_Kst_signal,16.939999999999998,12.887690356357757,192.9245505742947,7.421613574873389,3.0639800961882924
B_low_sideband_Kst_signal,16.96,12.902906047451452,195.47079822943124,7.45944335987392,3.058373415260329
B_low_sideband_Kst_signal,16.98,12.918121738545143,197.01857422124885,7.477168067269323,3.0533293002891364
B_low_sideband_Kst_signal,17.0,12.933337429638836,197.5631389526461,7.475213898872101,3.0488031388538483
B_low_sideband_Kst_signal,17.02,12.948553120732528,197.1105648658122,7.454084594276782,3.044741278619029
B_low_sideband_Kst_signal,17.04,12.96376881182622,195.67708594533906,7.414340082304599,3.0410808556246627
B_low_sideband_Kst_signal,17.060000000000002,12.978984502919916,193.2883446921478,7.356574655521345,3.0377496673625557
B_low_sideband_Kst_signal,17.08,12.994200194013604,189.9785829428838,7.2813958372852765,3.03466608112071
B_low_sideband_Kst_signal,17.1,13.0094158851073,185.7898201641765,7.18940505948474,3.031738960464342
B_low_sideband_Kst_signal,17.12,13.024631576200994,180.77105707845476,7.081181158124483,3.0288675826712765
B_low_sideband_Kst_signal,17.14,13.039847267294684,174.9775343149231,6.9572675345235995,3.0259415070989686
B_low_sideband_Kst_signal,17.16,13.055062958388378,168.47006598770167,6.818163634797955,3.0228403382976414
B_low_sideband_Kst_signal,17.18,13.070278649482072,161.31445749433624,6.664321182390322,3.0194333073315045
B_low_sideband_Kst_signal,17.200000000000003,13.085494340575764,153.581006197448,6.4961453700478105,3.0155785687822236
B_low_sideband_Kst_signal,17.22,13.100710031669456,145.34407373765498,6.3140009905120875,3.0111220768931455
B_low_sideband_Kst_signal,17.240000000000002,13.115925722763151,136.68171017799614,6.118223270683103,3.0058958583607303
B_low_sideband_Kst_signal,17.259999999999998,13.13114141385684,127.67530355105919,5.909132984184101,2.9997154350733486
B_low_sideband_Kst_signal,17.28,13.146357104950535,118.40922410926942,5.687055266126138,2.9923760574675176
B_low_sideband_Kst_signal,17.3,13.16157279604423,108.97043098857466,5.452341459469403,2.983647271701934
B_low_sideband_Kst_signal,17.32,13.17678848713792,99.44801026793357,5.205393309461354,2.973265134782577
B_low_sideband_Kst_signal,17.34,13.192004178231613,89.93261756355787,4.9466889272597685,2.9609210668524515
B_low_sideband_Kst_signal,17.36,13.207219869325304,80.51580517062757,4.676810221219112,2.9462458145460237
B_low_sideband_Kst_signal,17.380000000000003,13.222435560419,71.28922297395548,4.396472033863452,2.9287861655262066
B_low_sideband_Kst_signal,17.4,13.237651251512691,62.34369328546745,4.106554177727284,2.907970677542461
B_low_sideband_Kst_signal,17.42,13.252866942606383,53.76817160889914,3.808139212213641,2.883058364690691
B_low_sideband_Kst_signal,17.439999999999998,13.268082633700075,45.648617089573236,3.50256167559594,2.8530602936762532
B_low_sideband_Kst_signal,17.46,13.28329832479377,38.06680699644494,3.191479628398841,2.816617068948011
B_low_sideband_Kst_signal,17.48,13.298514015887461,31.09913794343447,2.876988912166023,2.7718029040037035
B_low_sideband_Kst_signal,17.5,13.313729706981155,24.815461770860566,2.561818912065434,2.715805677565048
B_low_sideband_Kst_signal,17.52,13.328945398074849,19.278005435524392,2.2496849366921516,2.6443982533062282
B_low_sideband_Kst_signal,17.54,13.344161089168539,14.540421635512757,1.9459437536409425,2.5510772756828377
B_low_sideband_Kst_signal,17.560000000000002,13.359376780262235,10.647010391439835,1.6588264832212498,2.425784696470342
B_low_sideband_Kst_signal,17.58,13.374592471355923,7.6321420168205805,1.4016586224934469,2.2536766055490576
B_low_sideband_Kst_signal,17.6,13.389808162449619,5.51989979445716,1.1960641754604615,2.017000324142918
B_low_sideband_Kst_signal,17.62,13.405023853543312,4.323947431257693,1.072879262316232,1.7092173321214812
B_low_sideband_Kst_signal,17.64,13.420239544637003,4.047613272043236,1.06040272870488,1.3632116202597664
B_low_sideband_Kst_signal,17.66,13.435455235730696,4.68417152177426,1.1601707059896509,1.0449852505988193
B_low_sideband_Kst_signal,17.68,13.45067092682439,6.217291343415127,1.3447203683717197,0.7946508155163462
B_low_sideband_Kst_signal,17.700000000000003,13.465886617918082,8.621618341301655,1.5816262617181025,0.6098232593524194
B_low_sideband_Kst_signal,17.72,13.481102309011774,11.86344991887745,1.8477375407561931,0.47311131075840357
B_low_sideband_Kst_signal,17.740000000000002,13.49631800010547,15.901466275015991,2.12904605565572,0.36900265417591754
B_low_sideband_Kst_signal,17.759999999999998,13.511533691199158,20.68748202757706,2.417279053263019,0.2868421379255393
B_low_sideband_Kst_signal,17.78,13.526749382292854,26.167189056170173,2.7073999045524686,0.21975944320701515
B_low_sideband_Kst_signal,17.8,13.541965073386548,32.28086842974517,2.996190628521387,0.16333873255177683
B_low_sideband_Kst_signal,17.82,13.557180764480238,38.96405746859455,3.281483263543099,0.11469529549532242
B_low_sideband_Kst_signal,17.84,13.572396455573932,46.14816634297313,3.5617349490539807,0.07190447461878685
B_low_sideband_Kst_signal,17.86,13.587612146667622,53.76104645706073,3.835783216414295,0.033655653979789965
B_low_sideband_Kst_signal,17.880000000000003,13.602827837761318,61.727519632084295,4.102698544017335,-0.0009595985409660356
B_low_sideband_Kst_signal,17.9,13.61804352885501,69.96988232542935,4.361691948027241,-0.032580105591418086
B_low_sideband_Kst_signal,17.92,13.633259219948702,78.40840246737571,4.612055609030045,-0.0616601939063082
B_low_sideband_Kst_signal,17.939999999999998,13.648474911042394,86.96182775233683,4.853124707829602,-0.08852579613693957
B_low_sideband_Kst_signal,17.96,13.66369060213609,95.54792331692079,5.084253850014357,-0.11341239223236456
B_low_sideband_Kst_signal,17.98,13.67890629322978,104.08405374174254,5.304804151838132,-0.13649130181109737
B_low_sideband_Kst_signal,18.0,13.694121984323473,112.48781945882365,5.514138444105205,-0.15788832049572607
B_low_sideband_Kst_signal,18.02,13.709337675417164,120.6777513195666,5.711622737974564,-0.1776972024395261
B_low_sideband_Kst_signal,18.04,13.724553366510857,128.57405982705313,5.896632412070013,-0.19598959022717366
B_low_sideband_Kst_signal,18.060000000000002,13.739769057604553,136.09942803678132,6.068561706679667,-0.2128224373194176
B_low_sideband_Kst_signal,18.08,13.754984748698242,143.1798301409326,6.226835157242141,-0.22824361818771915
B_low_sideband_Kst_signal,18.1,13.770200439791937,149.74535204226413,6.37091963412208,-0.2422961966800512
B_low_sideband_Kst_signal,18.12,13.785416130885631,155.7309864854651,6.500335722023484,-0.25502167638172096
B_low_sideband_Kst_signal,18.14,13.800631821979321,161.07737406468732,6.6146672952036205,-0.2664624591617889
B_low_sideband_Kst_signal,18.16,13.815847513073015,165.73146292818274,6.713568333906896,-0.27666367223768706
B_low_sideband_Kst_signal,18.18,13.831063204166709,169.64706420771836,6.796766280141381,-0.28567447911757227
B_low_sideband_Kst_signal,18.200000000000003,13.846278895260403,172.7852867390029,6.864061533195846,-0.29354895890464106
B_low_sideband_Kst_signal,18.22,13.861494586354093,175.11484285195547,6.915323015118916,-0.3003466173616353
B_low_sideband_Kst_signal,18.240000000000002,13.876710277447788,176.61222602527778,6.950480067078803,-0.3061325790467961
B_low_sideband_Kst_signal,18.259999999999998,13.891925968541477,177.26177005385398,6.969511241601431,-0.31097750087204784
B_low_sideband_Kst_signal,18.28,13.907141659635172,177.05560712794613,6.9724308085765125,-0.31495724226560007
B_low_sideband_Kst_signal,18.3,13.922357350728864,175.99354807135023,6.959273975952743,-0.3181523247082279
B_low_sideband_Kst_signal,18.32,13.937573041822557,174.08291135975378,6.930081928344041,-0.32064721287953146
B_low_sideband_Kst_signal,18.34,13.95278873291625,171.33832814643029,6.884887805739501,-0.3225294502038998
B_low_sideband_Kst_signal,18.36,13.96800442400994,167.7815483499253,6.823704685131178,-0.32388868249620806
B_low_sideband_Kst_signal,18.380000000000003,13.983220115103636,163.44126815370328,6.746516500950177,-0.32481560401054715
B_low_sideband_Kst_signal,18.4,13.998435806197328,158.3529924804934,6.653272660144954,-0.3254008599228327
B_low_sideband_Kst_signal,18.42,14.013651497291022,152.55893772635682,6.543886890268635,-0.3257339376807232
B_low_sideband_Kst_signal,18.439999999999998,14.028867188384712,146.1079709447513,6.418240619158409,-0.3259020764188855
B_low_sideband_Kst_signal,18.46,14.044082879478408,139.05557246481112,6.276190935863142,-0.3259892185809197
B_low_sideband_Kst_signal,18.48,14.059298570572098,131.4638003125183,6.117582935116304,-0.32607502091562
B_low_sideband_Kst_signal,18.5,14.074514261665792,123.40122745279223,5.942266010252258,-0.32623393303557435
B_low_sideband_Kst_signal,18.52,14.089729952759484,114.94281741104714,5.75011343884706,-0.3265343405187692
B_low_sideband_Kst_signal,18.54,14.104945643853176,106.16970082589978,5.541044407744415,-0.3270377555269305
B_low_sideband_Kst_signal,18.560000000000002,14.120161334946872,97.16881539403039,5.315047456155305,-0.3277980198300361
B_low_sideband_Kst_signal,18.58,14.13537702604056,88.03237482581608,5.072204184989532,-0.3288604603706649
B_low_sideband_Kst_signal,18.6,14.150592717134256,78.85713897769529,4.812711996647941,-0.3302609010305121
B_low_sideband_Kst_signal,18.62,14.16580840822795,69.74346716595028,4.536904602270952,-0.3320243763411564
B_low_sideband_Kst_signal,18.64,14.181024099321641,60.79414940085189,4.245269072843399,-0.33416329441056786
B_low_sideband_Kst_signal,18.66,14.196239790415333,52.11302519199671,3.9384583249135536,-0.3366746185174104
B_low_sideband_Kst_signal,18.68,14.211455481509027,43.803415626691276,3.6172981261573507,-0.3395352970729342
B_low_sideband_Kst_signal,18.700000000000003,14.226671172602721,35.966410310920764,3.282787982180916,-0.34269448370328937
B_low_sideband_Kst_signal,18.72,14.241886863696411,28.699065026827157,2.936095624251253,-0.34605960281786785
B_low_sideband_Kst_signal,18.740000000000002,14.257102554790107,22.092577138180786,2.5785452684889236,-0.3494698481867577
B_low_sideband_Kst_signal,18.759999999999998,14.272318245883795,16.23051258367923,2.211600419047902,-0.3526418096388397
B_low_sideband_Kst_signal,18.78,14.287533936977491,11.187159818255168,1.8368429893909697,-0.3550462026633054
B_low_sideband_Kst_signal,18.8,14.302749628071183,7.026081894993695,1.4559529805714437,-0.3555873526832378
B_low_sideband_Kst_signal,18.82,14.317965319164875,3.7989282271919365,1.0707023191132996,-0.35158495697095066
B_low_sideband_Kst_signal,18.84,14.333181010258569,1.5445532420744712,0.6830323210884874,-0.3342848509119942
B_low_sideband_Kst_signal,18.86,14.34839670135226,0.2884714592983073,0.29599610066602633,-0.24924241120430257
B_low_sideband_Kst_signal,18.880000000000003,14.363612392445956,0.042659172402636614,0.10841296719402393,2.249307389039604
B_low_sideband_Kst_signal,18.9,14.378828083539647,0.8056936791072076,0.4857225070833484,2.6058639342892067
B_low_sideband_Kst_signal,18.92,14.39404377463334,2.563203595487721,0.8673692343111091,2.6396077977306653
B_low_sideband_Kst_signal,18.939999999999998,14.40925946572703,5.288589591473283,1.244539130404495,2.645619840239207
B_low_sideband_Kst_signal,18.96,14.424475156820726,8.943964845733717,1.615487218224138,2.6431782973830686
B_low_sideband_Kst_signal,18.98,14.439690847914418,13.481259065389168,1.9789602338286352,2.6369347359975834
B_low_sideband_Kst_signal,19.0,14.45490653900811,18.843428976968426,2.3339127619133246,2.628598211931928
B_low_sideband_Kst_signal,19.02,14.470122230101802,24.965721268094057,2.6794554119171434,2.618964847899577
B_low_sideband_Kst_signal,19.04,14.485337921195494,31.77694023443837,3.014834965211604,2.6084725813226113
B_low_sideband_Kst_signal,19.060000000000002,14.50055361228919,39.20068088291737,3.3394199985304747,2.597396112571334
B_low_sideband_Kst_signal,19.08,14.51576930338288,47.15649793325065,3.652686863361258,2.585927567295874
B_low_sideband_Kst_signal,19.1,14.530984994476576,55.56099108801209,3.954205192420751,2.574213903962745
B_low_sideband_Kst_signal,19.12,14.546200685570268,64.32879628673618,4.2436232095260635,2.562375729850106
B_low_sideband_Kst_signal,19.14,14.56141637666396,73.37348079089861,4.520653411844464,2.5505173029905452
B_low_sideband_Kst_signal,19.16,14.576632067757652,82.60834643130875,4.785059222504662,2.5387320116771726
B_low_sideband_Kst_signal,19.18,14.591847758851346,91.94714995370668,5.036643135745118,2.5271053757886683
B_low_sideband_Kst_signal,19.200000000000003,14.60706344994504,101.304752063661,5.275236752299573,2.5157166131227067
B_low_sideband_Kst_signal,19.22,14.62227914103873,110.59770759491221,5.500692954122579,2.504639336868813
B_low_sideband_Kst_signal,19.240000000000002,14.637494832132425,119.74480842903722,5.712880308548963,2.493941710173318
B_low_sideband_Kst_signal,19.259999999999998,14.652710523226114,128.6675887015408,5.911679632525043,2.483686257284479
B_low_sideband_Kst_signal,19.28,14.66792621431981,137.29079883945087,6.09698249658104,2.4739294616657355
B_low_sideband_Kst_signal,19.3,14.683141905413502,145.54285153105593,6.2686913145968886,2.4647212424783165
B_low_sideband_Kst_signal,19.32,14.698357596507195,153.35623929185022,6.426720558083932,2.4561043781122778
B_low_sideband_Kst_signal,19.34,14.713573287600887,160.6679203010608,6.570998561168673,2.448113931630018
B_low_sideband_Kst_signal,19.36,14.72878897869458,167.41966702504214,6.701469351884178,2.440776723997139
B_low_sideband_Kst_signal,19.380000000000003,14.744004669788275,173.55837110458742,6.818093961535631,2.434110894456526
B_low_sideband_Kst_signal,19.4,14.759220360881965,179.03629822225412,6.920850728105041,2.428125581941006
B_low_sideband_Kst_signal,19.42,14.774436051975659,183.81128819058722,7.009734218951104,2.4228207561538935
B_low_sideband_Kst_signal,19.439999999999998,14.78965174306935,187.8468981605438,7.084752544979761,2.41818722135567
B_low_sideband_Kst_signal,19.46,14.804867434163045,191.11249034483262,7.145923011357256,2.4142068097027525
B_low_sideband_Kst_signal,19.48,14.820083125256737,193.58326956780365,7.193266233911475,2.4108527741157033
B_low_sideband_Kst_signal,19.5,14.835298816350429,195.24027981212566,7.226799029199169,2.4080903832121163
B_low_sideband_Kst_signal,19.52,14.850514507444121,196.07037223783846,7.246526543639884,2.405877713089679
B_low_sideband_Kst_signal,19.54,14.865730198537815,196.06615945568046,7.252434209064645,2.4041666231002115
B_low_sideband_Kst_signal,19.560000000000002,14.88094588963151,195.2259717923298,7.244480188087266,2.4029038957367903
B_low_sideband_Kst_signal,19.58,14.896161580725199,193.55383067297225,7.222588997098574,2.402032514948158
B_low_sideband_Kst_signal,19.6,14.911377271818894,191.05945200080168,7.186646966564892,2.4014930531858503
B_low_sideband_Kst_signal,19.62,14.926592962912586,187.75828861812624,7.136500121370347,2.4012251358109133
B_low_sideband_Kst_signal,19.64,14.941808654006278,183.6716158164818,7.0719549454909,2.4011689525649715
B_low_sideband_Kst_signal,19.66,14.957024345099972,178.82665776005524,6.992782344976078,2.4012667899353373
B_low_sideband_Kst_signal,19.68,14.972240036193664,173.25674602488652,6.898724951791711,2.401464565588865
B_low_sideband_Kst_signal,19.700000000000003,14.987455727287358,167.00149471570694,6.789507729231422,2.4017133567167344
B_low_sideband_Kst_signal,19.72,15.002671418381048,160.10697031566815,6.664851657275714,2.401970928270375
B_low_sideband_Kst_signal,19.740000000000002,15.017887109474744,152.6258290670412,6.524490102311205,2.4022032850357906
B_low_sideband_Kst_signal,19.759999999999998,15.033102800568434,144.61739076978483,6.368187317886784,2.402386294104744
B_low_sideband_Kst_signal,19.78,15.04831849166213,136.14761586858003,6.195758388915814,2.402507453182517
B_low_sideband_Kst_signal,19.8,15.06353418275582,127.28895294820177,6.007089828075848,2.4025679182920876
B_low_sideband_Kst_signal,19.82,15.078749873849514,118.12002652700176,5.8021599675941955,2.402584956955789
B_low_sideband_Kst_signal,19.84,15.093965564943206,108.7251404298222,5.581058270393227,2.4025950686513515
B_low_sideband_Kst_signal,19.86,15.109181256036898,99.1935799406383,5.344002720999688,2.4026581282188473
B_low_sideband_Kst_signal,19.880000000000003,15.124396947130593,89.61870606736557,5.0913545596336665,2.4028630857542472
B_low_sideband_Kst_signal,19.9,15.139612638224282,80.09684704371102,4.823629806452637,2.403336043913173
B_low_sideband_Kst_signal,19.92,15.154828329317978,70.72600487647651,4.5415073077438395,2.404252013194341
B_low_sideband_Kst_signal,19.939999999999998,15.170044020411668,61.604407373004506,4.245833458160045,2.405852473163689
B_low_sideband_Kst_signal,19.96,15.185259711505363,52.828947610058094,3.9376243847590926,2.4084723464870033
B_low_sideband_Kst_signal,19.98,15.200475402599055,44.49356219557012,3.618067373584807,2.4125827429484428
B_low_sideband_Kst_signal,20.0,15.21569109369275,36.687606017028884,3.288525024020824,2.418861181188645
B_low_sideband_Kst_signal,20.02,15.23090678478644,29.49428379699384,2.9505488461378704,2.428311959280569
B_low_sideband_Kst_signal,20.04,15.246122475880133,22.989197353508644,2.6059158069372783,2.442483202307041
B_low_sideband_Kst_signal,20.060000000000002,15.261338166973829,17.23906204724699,2.256717141873606,2.4638827964311347
B_low_sideband_Kst_signal,20.08,15.276553858067517,12.300636940246477,1.9055696167405882,2.4968363748589053
B_low_sideband_Kst_signal,20.1,15.291769549161213,8.219901486900199,1.5561379769135986,2.5494215323005016
B_low_sideband_Kst_signal,20.12,15.306985240254907,5.031498170490522,1.2145496630537955,2.6382992574340185
B_low_sideband_Kst_signal,20.14,15.322200931348597,2.758446553889371,0.8937712233800655,2.8019336444679026
B_low_sideband_Kst_signal,20.16,15.33741662244229,1.4121208803117042,0.6287693124290193,3.132943582984098
B_low_sideband_Kst_signal,20.18,15.352632313535981,0.9924716477071343,0.5131875163787106,-2.540406181811539
B_low_sideband_Kst_signal,20.200000000000003,15.367848004629677,1.4884622585886973,0.6306976793567696,-1.9391603269861577
B_low_sideband_Kst_signal,20.22,15.383063695723369,2.8786853859273833,0.8889101035360054,-1.6172846202134208
B_low_sideband_Kst_signal,20.240000000000002,15.398279386817064,5.132120258567738,1.195456471538554,-1.458906413640518
B_low_sideband_Kst_signal,20.259999999999998,15.413495077910753,8.208991528026672,1.5168212679840667,-1.3739121040315165
B_low_sideband_Kst_signal,20.28,15.428710769004448,12.061692372564721,1.8409459170064133,-1.324976629029628
B_low_sideband_Kst_signal,20.3,15.443926460098139,16.635738501099695,2.162519196801421,-1.2958569613574507
B_low_sideband_Kst_signal,20.32,15.459142151191832,21.87072512431041,2.478719776063833,-1.2786316949903573
B_low_sideband_Kst_signal,20.34,15.474357842285526,27.70126513163268,2.7878125952876354,-1.2690282877844368
B_low_sideband_Kst_signal,20.36,15.489573533379216,34.05789305475264,3.0886070103614793,-1.264545729323711
B_low_sideband_Kst_signal,20.380000000000003,15.504789224472912,40.86792539343878,3.3802171214706282,-1.2636192085282485
B_low_sideband_Kst_signal,20.4,15.5200049155666,48.05627311611897,3.6619429597412734,-1.2652142337041226
B_low_sideband_Kst_signal,20.42,15.535220606660296,55.546206331724534,3.933205785150813,-1.2686145462969558
B_low_sideband_Kst_signal,20.439999999999998,15.550436297753988,63.260074087349494,4.1935102177473595,-1.273304478377267
B_low_sideband_Kst_signal,20.46,15.56565198884768,71.11998392238092,4.442421037901711,-1.278900410949157
B_low_sideband_Kst_signal,20.48,15.580867679941374,79.04844625770784,4.679548782149055,-1.2851091903191618
B_low_sideband_Kst_signal,20.5,15.596083371035068,86.96898806696481,4.904541047252314,-1.2917020454535717
B_low_sideband_Kst_signal,20.52,15.611299062128758,94.80673879823371,5.11707770096278,-1.2984977747479953
B_low_sideband_Kst_signal,20.54,15.626514753222452,102.4889894823682,5.316868804968998,-1.3053516615952465
B_low_sideband_Kst_signal,20.560000000000002,15.641730444316147,109.94572371271715,5.503654346515251,-1.3121480276587258
B_low_sideband_Kst_signal,20.58,15.656946135409836,117.11011705326746,5.677205021915713,-1.3187951450635844
B_low_sideband_Kst_signal,20.6,15.672161826503531,123.91899975249544,5.837323404158785,-1.3252217002939495
B_low_sideband_Kst_signal,20.62,15.687377517597225,130.3132766759154,5.983844903314246,-1.3313742853410353
B_low_sideband_Kst_signal,20.64,15.702593208690915,136.2382983063908,6.1166380159663145,-1.3372155664715695
B_low_sideband_Kst_signal,20.66,15.71780889978461,141.6441775702442,6.2356034687389625,-1.3427228924531587
B_low_sideband_Kst_signal,20.68,15.7330245908783,146.48604908345806,6.34067199275369,-1.3478871775101486
B_low_sideband_Kst_signal,20.700000000000003,15.748240281971995,150.72427000627067,6.431800615941894,-1.3527119444639508
B_low_sideband_Kst_signal,20.72,15.763455973065687,154.32456477490632,6.508967519626473,-1.3572124492383617
B_low_sideband_Kst_signal,20.740000000000002,15.77867166415938,157.25811920202614,6.572165663293403,-1.3614148344994184
B_low_sideband_Kst_signal,20.759999999999998,15.793887355253071,159.50163242272902,6.621395524833084,-1.365355280869518
B_low_sideband_Kst_signal,20.78,15.809103046346767,161.03733754546192,6.656657421457093,-1.3690791408323408
B_low_sideband_Kst_signal,20.8,15.824318737440457,161.85300333008854,6.6779439599216674,-1.3726400542429484
B_low_sideband_Kst_signal,20.82,15.83953442853415,161.94192953113816,6.685233207715091,-1.376099055892026
B_low_sideband_Kst_signal,20.84,15.854750119627845,161.30294759064054,6.67848317717825,-1.379523695170129
B_low_sideband_Kst_signal,20.86,15.869965810721535,159.94043613797112,6.657628173321772,-1.382987195731229
B_low_sideband_Kst_signal,20.880000000000003,15.88518150181523,157.8643573620102,6.622577477564531,-1.3865676893433236
B_low_sideband_Kst_signal,20.9,15.900397192908919,155.09031597346257,6.573216730128459,-1.390347563096078
B_low_sideband_Kst_signal,20.92,15.915612884002615,151.63963746442096,6.509412241076544,-1.3944129632207318
B_low_sideband_Kst_signal,20.939999999999998,15.930828575096307,147.53945705201477,6.431018312167674,-1.3988535025819033
B_low_sideband_Kst_signal,20.96,15.946044266189999,142.82280545869435,6.337887496927711,-1.4037622232986422
B_low_sideband_Kst_signal,20.98,15.961259957283692,137.5286729490108,6.229883572326348,-1.4092358721273839
B_low_sideband_Kst_signal,21.0,15.976475648377386,131.70202922815588,6.106896849546331,-1.4153755557730607
B_low_sideband_Kst_signal,21.02,15.991691339471076,125.3937743072529,5.968861320747252,-1.422287858301334
B_low_sideband_Kst_signal,21.04,16.00690703056477,118.66059460322504,5.815773030932855,-1.4300865262030296
B_low_sideband_Kst_signal,21.060000000000002,16.022122721658466,111.5646996420437,5.647708987211188,-1.4388948625095839
B_low_sideband_Kst_signal,21.08,16.037338412752156,104.1734179395462,5.464845881202167,-1.448849025689525
B_low_sideband_Kst_signal,21.1,16.05255410384585,96.55863596835479,5.26747791495858,-1.460102510982891
B_low_sideband_Kst_signal,21.12,16.067769794939544,88.79607143584144,5.056033099537808,-1.4728322155664626
B_low_sideband_Kst_signal,21.14,16.082985486033234,80.96438105894777,4.83108755455192,-1.4872466771900439
B_low_sideband_Kst_signal,21.16,16.098201177126928,73.14411309564093,4.593377598706014,-1.503597365713968
B_low_sideband_Kst_signal,21.18,16.113416868220618,65.41652537964546,4.3438098186156475,-1.522194359883743
B_low_sideband_Kst_signal,21.200000000000003,16.128632559314315,57.86229967912004,4.083469891130783,-1.5434284619395633
B_low_sideband_Kst_signal,21.22,16.143848250408006,50.560191989887244,3.8136318116063324,-1.5678029697078502
B_low_sideband_Kst_signal,21.240000000000002,16.1590639415017,43.585665048096416,3.535770532128078,-1.595980252811456
B_low_sideband_Kst_signal,21.259999999999998,16.17427963259539,37.00955321851143,3.2515831968678004,-1.6288515172548204
B_low_sideband_Kst_signal,21.28,16.189495323689084,30.89681052652668,2.963027878964192,-1.667643653344411
B_low_sideband_Kst_signal,21.3,16.204711014782777,25.305389798628312,2.6723953742122397,-1.714086463500784
B_low_sideband_Kst_signal,21.32,16.21992670587647,20.285294830053317,2.3824419885927464,-1.770679237275741
B_low_sideband_Kst_signal,21.34,16.23514239697016,15.877838700922439,2.0966348260915337,-1.8411194230220225
B_low_sideband_Kst_signal,21.36,16.250358088063855,12.115130564234278,1.819605386534809,-1.9309806415168247
B_low_sideband_Kst_signal,21.380000000000003,16.26557377915755,9.01980135341364,1.557982217512587,-2.048694338121804
B_low_sideband_Kst_signal,21.4,16.28078947025124,6.604966886672628,1.3218474819488137,-2.206526018007386
B_low_sideband_Kst_signal,21.42,16.296005161344933,4.874415711143229,1.1268409457827944,-2.41961702147887
B_low_sideband_Kst_signal,21.439999999999998,16.311220852438623,3.8229995130968746,0.9952215993993275,-2.697101903172717
B_low_sideband_Kst_signal,21.46,16.326436543532317,3.4371965824175277,0.9498476540334025,-3.020703034014445
B_low_sideband_Kst_signal,21.48,16.34165223462601,3.6958139672606194,0.9977050282773398,2.94550427426107
B_low_sideband_Kst_signal,21.5,16.356867925719705,4.570791639853269,1.1218301873061471,2.6817852288020703
B_low_sideband_Kst_signal,21.52,16.372083616813395,6.028072047804017,1.2955146472126502,2.4810180878260506
B_low_sideband_Kst_signal,21.54,16.38729930790709,8.028500504369731,1.4969184225217405,2.331100953974926
B_low_sideband_Kst_signal,21.560000000000002,16.402514999000786,10.528725527365168,1.7119614855182288,2.2172227533468387
B_low_sideband_Kst_signal,21.58,16.417730690094473,13.482072972994501,1.9321644251089976,2.1280887595077136
B_low_sideband_Kst_signal,21.6,16.43294638118817,16.839373141800024,2.1524051825087938,2.0560646115069487
B_low_sideband_Kst_signal,21.62,16.44816207228186,20.549725521050277,2.3695063219631507,1.9961196422183292
B_low_sideband_Kst_signal,21.64,16.463377763375554,24.561191112450615,2.581437648783754,1.9449135073700579
B_low_sideband_Kst_signal,21.66,16.478593454469248,28.821407104809623,2.7868700002009428,1.900185725166562
B_low_sideband_Kst_signal,21.68,16.49380914556294,33.27812280860962,2.984918703578323,1.8603726670418017
B_low_sideband_Kst_signal,21.700000000000003,16.509024836656632,37.87965917569454,3.1749900248699108,1.8243691723361712
B_low_sideband_Kst_signal,21.72,16.524240527750322,42.57529685279951,3.3566851107699156,1.7913783616777819
B_low_sideband_Kst_signal,21.740000000000002,16.539456218844016,47.31559958869548,3.5297372320466986,1.760815113510191
B_low_sideband_Kst_signal,21.759999999999998,16.55467190993771,52.0526809933217,3.693969126479786,1.732242610288622
B_low_sideband_Kst_signal,21.78,16.569887601031404,56.74042322223613,3.8492630116801427,1.705329647938685
B_low_sideband_Kst_signal,21.8,16.585103292125094,61.33465623190568,3.9955389448803973,1.6798212551463
B_low_sideband_Kst_signal,21.82,16.600318983218788,65.7933059271345,4.132738923324492,1.6555180272806498
B_low_sideband_Kst_signal,21.84,16.61553467431248,70.07651890449779,4.260815091811987,1.6322612874335733
B_low_sideband_Kst_signal,21.86,16.630750365406172,74.14677068322999,4.379720989429137,1.6099222255411159
B_low_sideband_Kst_signal,21.880000000000003,16.64596605649987,77.96896339327577,4.489405105165949,1.5883938098250776
B_low_sideband_Kst_signal,21.9,16.661181747593556,81.51051793327497,4.589806220726741,1.567584670333529
B_low_sideband_Kst_signal,21.92,16.676397438687253,84.74146467748506,4.680850154103166,1.5474144140612789
B_low_sideband_Kst_signal,21.939999999999998,16.691613129780944,87.63453593987651,4.762447611461101,1.5278099995801844
B_low_sideband_Kst_signal,21.96,16.706828820874637,90.16526261940817,4.83449292618029,1.5087029093581776
B_low_sideband_Kst_signal,21.98,16.72204451196833,92.31207675603582,4.89686352303864,1.4900269304254055
B_low_sideband_Kst_signal,22.0,16.737260203062025,94.05642110905319,4.949419998154666,1.471716401644068
B_low_sideband_Kst_signal,22.02,16.752475894155715,95.3828663003369,4.992006753833612,1.453704816859013
B_low_sideband_Kst_signal,22.04,16.76769158524941,96.27923550502237,5.024453172356465,1.4359236930880317
B_low_sideband_Kst_signal,22.06,16.7829072763431,96.73673607801175,5.0465753532784134,1.4183016252605645
B_low_sideband_Kst_signal,22.080000000000002,16.798122967436793,96.75009683244207,5.058178473678244,1.4007634562098261
B_low_sideband_Kst_signal,22.1,16.813338658530487,96.31770889888503,5.05905985864573,1.3832294941911416
B_low_sideband_Kst_signal,22.12,16.82855434962418,95.44176716934089,5.0490128690041045,1.3656147110281371
B_low_sideband_Kst_signal,22.14,16.84377004071787,94.12840826198953,5.027831724242977,1.3478278524737957
B_low_sideband_Kst_signal,22.16,16.858985731811565,92.38783974809849,4.995317380952721,1.3297703884948378
B_low_sideband_Kst_signal,22.18,16.874201422905255,90.23445410337808,4.951284581522494,1.3113352245574197
B_low_sideband_Kst_signal,22.2,16.88941711399895,87.68691954744645,4.895570176115828,1.2924050848687993
B_low_sideband_Kst_signal,22.22,16.904632805092643,84.76823870699445,4.828042805462999,1.2728504638147338
B_low_sideband_Kst_signal,22.240000000000002,16.919848496186336,81.50576499071758,4.748614016310517,1.2525270210356905
B_low_sideband_Kst_signal,22.26,16.93506418728003,77.93116582208677,4.657250870164782,1.2312722667850702
B_low_sideband_Kst_signal,22.28,16.950279878373724,74.08032157261914,4.553990105571978,1.2089013450163002
B_low_sideband_Kst_signal,22.3,16.965495569467414,69.99314930594119,4.438953933012892,1.1852016692160738
B_low_sideband_Kst_signal,22.32,16.980711260561108,65.71334139909231,4.312367590795739,1.1599260972671384
B_low_sideband_Kst_signal,22.34,16.9959269516548,61.28801084491715,4.174578885026805,1.132784243959628
B_low_sideband_Kst_signal,22.36,17.011142642748492,56.76723760724781,4.0260800963836125,1.1034314227125854
B_low_sideband_Kst_signal,22.38,17.026358333842186,52.203513793567254,3.867532885883316,1.0714545873283816
B_low_sideband_Kst_signal,22.4,17.041574024935876,47.65108955247342,3.699797200839465,1.0363545308872992
B_low_sideband_Kst_signal,22.42,17.05678971602957,43.16522634360081,3.5239657011711043,0.9975235466683376
B_low_sideband_Kst_signal,22.44,17.072005407123264,38.80136933366521,3.3414059127549662,0.9542178922004089
B_low_sideband_Kst_signal,22.46,17.087221098216954,34.6142558405154,3.1538131364618454,0.9055249986453214
B_low_sideband_Kst_signal,22.48,17.102436789310648,30.656981617124984,2.9632779265855236,0.8503270045477462
B_low_sideband_Kst_signal,22.5,17.11765248040434,26.980050950252917,2.7723721821238727,0.787265976535835
B_low_sideband_Kst_signal,22.52,17.132868171498032,23.63043966281475,2.5842562743567066,0.7147240854186345
B_low_sideband_Kst_signal,22.54,17.148083862591726,20.65070181676856,2.4028033155988173,0.6308469745345799
B_low_sideband_Kst_signal,22.56,17.163299553685416,18.078150968867703,2.23272024580328,0.5336631334067342
B_low_sideband_Kst_signal,22.580000000000002,17.178515244779113,15.94414510624847,2.0796110137885764,0.42138222922765595
B_low_sideband_Kst_signal,22.6,17.193730935872807,14.273500905128458,1.9498705591814331,0.29296414141177207
B_low_sideband_Kst_signal,22.62,17.208946626966497,13.084057887583185,1.8502406478936,0.14896665256985353
B_low_sideband_Kst_signal,22.64,17.22416231806019,12.386406717901991,1.7868819132503095,-0.007584688941947619
B_low_sideband_Kst_signal,22.66,17.239378009153885,12.183788716862182,1.7640479062449872,-0.17092641818111207
B_low_sideband_Kst_signal,22.68,17.254593700247575,12.472166187188122,1.7828655895215157,-0.3335056081758487
B_low_sideband_Kst_signal,22.7,17.26980939134127,13.240455867253331,1.8409346541649823,-0.48796052286339403
B_low_sideband_Kst_signal,22.72,17.285025082434963,14.470911259220884,1.9330327480931409,-0.6289838212290131
B_low_sideband_Kst_signal,22.740000000000002,17.300240773528653,16.139634131195635,2.0524765495765576,-0.7540369302542793
B_low_sideband_Kst_signal,22.76,17.315456464622347,18.217191470379476,2.192413588187124,-0.8629192583028527
B_low_sideband_Kst_signal,22.78,17.33067215571604,20.669311730940535,2.3466342808779106,-0.9568663915810428
B_low_sideband_Kst_signal,22.8,17.34588784680973,23.45763339948826,2.509901336799751,-1.0377431306366167
B_low_sideband_Kst_signal,22.82,17.361103537903425,26.540479588638846,2.677972710488319,-1.1075271379959968
B_low_sideband_Kst_signal,22.84,17.37631922899712,29.873634357081755,2.8474851391593354,-1.168049241163406
B_low_sideband_Kst_signal,22.86,17.39153492009081,33.411099462897255,3.0157992503203306,-1.2208961526640283
B_low_sideband_Kst_signal,22.88,17.406750611184503,37.105813968770235,3.1808525620049815,-1.2673976605615946
B_low_sideband_Kst_signal,22.9,17.421966302278193,40.91032321025341,3.3410358335850203,-1.308650502132846
B_low_sideband_Kst_signal,22.92,17.43718199337189,44.77738781142398,3.49509431512204,-1.3455539785770878
B_low_sideband_Kst_signal,22.94,17.452397684465584,48.66052742666943,3.642050491409794,-1.3788458546737015
B_low_sideband_Kst_signal,22.96,17.467613375559274,52.51449749675521,3.7811439203839186,-1.4091340762473743
B_low_sideband_Kst_signal,22.98,17.482829066652968,56.29570038368183,3.911784224648365,-1.4369231292647535
B_low_sideband_Kst_signal,23.0,17.498044757746662,59.96253470040756,4.03351412435643,-1.4626352585262155
B_low_sideband_Kst_signal,23.02,17.513260448840352,63.47568843726549,4.145980190735508,-1.486627254163212
B_low_sideband_Kst_signal,23.04,17.528476139934046,66.79838261007535,4.248909632937083,-1.5092036046623476
B_low_sideband_Kst_signal,23.06,17.543691831027736,69.8965726548704,4.342091898283067,-1.5306267477332758
B_low_sideband_Kst_signal,23.080000000000002,17.55890752212143,72.7391147353992,4.425364194244849,-1.5511250348645942
B_low_sideband_Kst_signal,23.1,17.574123213215124,75.29790360050902,4.498600262424283,-1.5708989081700284
B_low_sideband_Kst_signal,23.12,17.589338904308818,77.5479877285652,4.56170187946437,-1.590125686031562
B_low_sideband_Kst_signal,23.14,17.604554595402508,79.46766633678635,4.614592650414794,-1.6089632711040605
B_low_sideband_Kst_signal,23.16,17.619770286496202,81.0385715279117,4.657213714546321,-1.627553029270798
B_low_sideband_Kst_signal,23.18,17.634985977589896,82.24573750939817,4.689521015720583,-1.6460220382366437
B_low_sideband_Kst_signal,23.2,17.650201668683586,83.07765755842411,4.711483809833556,-1.6644848665039698
B_low_sideband_Kst_signal,23.22,17.66541735977728,83.52632831284427,4.72308409879938,-1.6830450147439122
B_low_sideband_Kst_signal,23.240000000000002,17.680633050870973,83.58728012141364,4.724316700256826,-1.701796129831462
B_low_sideband_Kst_signal,23.26,17.695848741964667,83.25959163477819,4.71518968904559,-1.7208230853787432
B_low_sideband_Kst_signal,23.28,17.71106443305836,82.54588658455395,4.695724983095512,-1.7402030102872101
B_low_sideband_Kst_signal,23.3,17.72628012415205,81.45231077006247,4.665958893501498,-1.7600063378925321
B_low_sideband_Kst_signal,23.32,17.741495815245745,79.98848760808323,4.625942515329891,-1.7802979423274516
B_low_sideband_Kst_signal,23.34,17.756711506339435,78.16745113242723,4.575741899763075,-1.8011384257699357
B_low_sideband_Kst_signal,23.36,17.77192719743313,76.00555596677805,4.515438016090049,-1.822585620630541
B_low_sideband_Kst_signal,23.38,17.787142888526823,73.5223644396101,4.445126579773801,-1.8446963752162184
B_low_sideband_Kst_signal,23.400000000000002,17.802358579620517,70.74051156704809,4.364917886422467,-1.8675287012229418
B_low_sideband_Kst_signal,23.42,17.817574270714207,67.68554901847529,4.274936847747937,-1.8911443784296011
B_low_sideband_Kst_signal,23.44,17.8327899618079,64.38576934205412,4.175323472724655,-1.915612138960576
B_low_sideband_Kst_signal,23.46,17.848005652901595,60.872011638573895,4.066234075433383,-1.9410115945397488
B_low_sideband_Kst_signal,23.48,17.863221343995285,57.17744953975125,3.947843523475737,-1.9674381313547875
B_low_sideband_Kst_signal,23.5,17.87843703508898,53.33736181453787,3.8203488738115103,-1.995009087635953
B_low_sideband_Kst_signal,23.52,17.893652726182673,49.388885264739656,3.6839747873934927,-2.023871662786641
B_low_sideband_Kst_signal,23.54,17.908868417276363,45.370748872584954,3.5389811874185213,-2.0542132054243596
B_low_sideband_Kst_signal,23.56,17.924084108370057,41.32298753404757,3.3856737554057013,-2.0862748245834615
B_low_sideband_Kst_signal,23.580000000000002,17.93929979946375,37.2866332597805,3.224418087318777,-2.1203697162677515
B_low_sideband_Kst_signal,23.6,17.954515490557444,33.30338155195932,3.0556587276534333,-2.156908279147655
B_low_sideband_Kst_signal,23.62,17.969731181651134,29.415230853435787,2.879944977806048,-2.196433136634492
B_low_sideband_Kst_signal,23.64,17.98494687274483,25.66409357505836,2.6979665319184627,-2.2396687799939805
B_low_sideband_Kst_signal,23.66,18.000162563838522,22.091378264249215,2.510603966635312,-2.2875929622938678
B_low_sideband_Kst_signal,23.68,18.015378254932212,18.73754397392986,2.319002483327338,-2.3415404811863714
B_low_sideband_Kst_signal,23.7,18.030593946025906,15.641629775440379,2.1246830472878697,-2.403354550116974
B_low_sideband_Kst_signal,23.72,18.045809637119596,12.840764539978409,1.9297146667831437,-2.475604968742533
B_low_sideband_Kst_signal,23.740000000000002,18.061025328213294,10.36966445915823,1.736986570922517,-2.5618883957348837
B_low_sideband_Kst_signal,23.76,18.076241019306984,8.260128119472938,1.5506380726808011,-2.6671882713370643
B_low_sideband_Kst_signal,23.78,18.091456710400678,6.5405410960484005,1.3767092930458007,-2.798122913733756
B_low_sideband_Kst_signal,23.8,18.10667240149437,5.235403783244692,1.2239900090114015,-2.962472056256601
B_low_sideband_Kst_signal,23.82,18.121888092588062,4.364897333965928,1.104641880406583,3.116686606614098
B_low_sideband_Kst_signal,23.84,18.137103783681756,3.9445029612652434,1.0331851704379338,2.874829876813484
B_low_sideband_Kst_signal,23.86,18.15231947477545,3.984689335949952,1.0218614425835908,2.612571005485973
B_low_sideband_Kst_signal,23.88,18.16753516586914,4.490681327173661,1.0738055288966823,2.359378593366319
B_low_sideband_Kst_signal,23.900000000000002,18.182750856962834,5.462320894948789,1.181053846221792,2.139562708666787
B_low_sideband_Kst_signal,23.92,18.197966548056527,6.894027654037927,1.329923540971189,1.9613247027464953
B_low_sideband_Kst_signal,23.94,18.21318223915022,8.77486267346103,1.5072027630790248,1.8209602036129588
B_low_sideband_Kst_signal,23.96,18.22839793024391,11.088694712347205,1.7027001299293365,1.7108022171928376
B_low_sideband_Kst_signal,23.98,18.243613621337605,13.814463628277736,1.9091971445225504,1.6235380883854762
B_low_sideband_Kst_signal,24.0,18.258829312431295,16.92653145802251,2.121663625471167,1.5534251821291294
B_low_sideband_Kst_signal,24.02,18.27404500352499,20.395107981239562,2.3365388002682423,1.4962470108837134
B_low_sideband_Kst_signal,24.04,18.289260694618683,24.18673470867725,2.5512315555282923,1.4489655109554067
B_low_sideband_Kst_signal,24.06,18.304476385712373,28.264809394157055,2.7638010511235143,1.409386597463911
B_low_sideband_Kst_signal,24.080000000000002,18.31969207680607,32.59013246799077,2.972756361914301,1.3759064455211176
B_low_sideband_Kst_signal,24.1,18.33490776789976,37.12145724828588,3.1769292665558284,1.3473330349566413
B_low_sideband_Kst_signal,24.12,18.350123458993455,41.816027329878125,3.375390980353525,1.3227636544086783
B_low_sideband_Kst_signal,24.14,18.36533915008715,46.630087021902,3.5673952032371274,1.301501093719221
B_low_sideband_Kst_signal,24.16,18.38055484118084,51.519353886003955,3.7523370272989247,1.2829959541630187
B_low_sideband_Kst_signal,24.18,18.395770532274533,56.43944606171863,3.9297215481213437,1.2668065325675253
B_low_sideband_Kst_signal,24.2,18.410986223368226,61.346260883383366,4.09913859124399,1.252570606731962
B_low_sideband_Kst_signal,24.22,18.426201914461917,66.1963050318991,4.260241508975515,1.2399853717794593
B_low_sideband_Kst_signal,24.240000000000002,18.44141760555561,70.94697988565167,4.41272893965651,1.228793035179382
B_low_sideband_Kst_signal,24.26,18.456633296649304,75.55682863550828,4.556328991999659,1.2187703974716155
B_low_sideband_Kst_signal,24.28,18.471848987742998,79.98575394904765,4.690785660685143,1.2097212810770104
B_low_sideband_Kst_signal,24.3,18.48706467883669,84.19521639225422,4.815847477664807,1.2014710220858074
B_low_sideband_Kst_signal,24.32,18.502280369930382,88.14842437239349,4.93125850526629,1.1938624743498292
B_low_sideband_Kst_signal,24.34,18.517496061024072,91.81052602561249,5.0367518117052095,1.1867531329115575
B_low_sideband_Kst_signal,24.36,18.532711752117766,95.14881225290083,5.132045555509602,1.1800130912792166
B_low_sideband_Kst_signal,24.38,18.54792744321146,98.13293806921502,5.216841754858192,1.1735236214042155
B_low_sideband_Kst_signal,24.400000000000002,18.563143134305154,100.73516667857984,5.290827739885216,1.1671762175688254
B_low_sideband_Kst_signal,24.42,18.578358825398848,102.93063737892226,5.353680188159971,1.1608719830444878
B_low_sideband_Kst_signal,24.44,18.593574516492538,104.69765473756706,5.4050715331580825,1.1545212661438802
B_low_sideband_Kst_signal,24.46,18.60879020758623,106.01799271126947,5.4446784204871745,1.1480434733269331
B_low_sideband_Kst_signal,24.48,18.624005898679926,106.87720379884922,5.47219177553464,1.1413670034146712
B_low_sideband_Kst_signal,24.5,18.639221589773616,107.2649202147768,5.487327948337725,1.1344292600706825
B_low_sideband_Kst_signal,24.52,18.65443728086731,107.17513175725253,5.489840326206966,1.127176710407515
B_low_sideband_Kst_signal,24.54,18.669652971961003,106.6064237792234,5.479530760641048,1.1195649664396083
B_low_sideband_Kst_signal,24.56,18.684868663054694,105.56215864900514,5.456260149318901,1.1115588735205013
B_low_sideband_Kst_signal,24.580000000000002,18.700084354148387,104.05058540365644,5.4199575506857425,1.1031325961570266
B_low_sideband_Kst_signal,24.6,18.71530004524208,102.08486492325028,5.370627288497337,1.0942696969267673
B_low_sideband_Kst_signal,24.62,18.73051573633577,99.6830017248758,5.308353623166499,1.084963208877802
B_low_sideband_Kst_signal,24.64,18.745731427429465,96.86767810235688,5.23330271825985,1.075215706028152
B_low_sideband_Kst_signal,24.66,18.76094711852316,93.66599143307758,5.145721802837596,1.06503938072408
B_low_sideband_Kst_signal,24.68,18.77616280961685,90.10910058784793,5.045935609872448,1.0544561410522413
B_low_sideband_Kst_signal,24.7,18.791378500710543,86.23179206110217,4.934340343116839,1.0434977467248403
B_low_sideband_Kst_signal,24.72,18.806594191804233,82.07198028010316,4.811395575632041,1.0322060085123603
B_low_sideband_Kst_signal,24.740000000000002,18.82180988289793,77.67015924360385,4.677614601183577,1.020633085250395
B_low_sideband_Kst_signal,24.76,18.837025573991625,73.06882400216637,4.533553836871164,1.008841924908906
B_low_sideband_Kst_signal,24.78,18.852241265085315,68.31188048912736,4.379801908063366,0.9969069139486442
B_low_sideband_Kst_signal,24.8,18.86745695617901,63.44406094675287,4.216969035835208,0.9849148248673412
B_low_sideband_Kst_signal,24.82,18.882672647272702,58.51035988809963,4.045677297716638,0.9729661896102684
B_low_sideband_Kst_signal,24.84,18.897888338366393,53.5555024931964,3.8665522531615912,0.9611772830477952
B_low_sideband_Kst_signal,24.86,18.913104029460087,48.623453900931054,3.6802163268641053,0.9496829869676715
B_low_sideband_Kst_signal,24.88,18.92831972055378,43.756974366689974,3.4872842389745213,0.9386409395038275
B_low_sideband_Kst_signal,24.900000000000002,18.94353541164747,38.9972220154159,3.2883606764261017,0.9282375897316222
B_low_sideband_Kst_signal,24.92,18.958751102741164,34.38340217676523,3.084040332065928,0.9186971296089025
B_low_sideband_Kst_signal,24.94,18.973966793834858,29.952460211574362,2.874910422651418,0.910294871123021
B_low_sideband_Kst_signal,24.96,18.98918248492855,25.738813419477083,2.661555871939629,0.9033776769957261
B_low_sideband_Kst_signal,24.98,19.004398176022242,21.774117069133354,2.444567581954977,0.8983959391190584
B_low_sideband_Kst_signal,25.0,19.019613867115932,18.087059764518926,2.2245547573697193,0.8959551626019344
B_low_sideband_Kst_signal,25.02,19.034829558209626,14.70318414628855,2.002163408187802,0.8969022768095826
B_low_sideband_Kst_signal,25.04,19.05004524930332,11.64473017983255,1.7781056705899523,0.902476585815993
B_low_sideband_Kst_signal,25.06,19.06526094039701,8.930499827936728,1.5532103180244277,0.9145882806359327
B_low_sideband_Kst_signal,25.080000000000002,19.080476631490708,6.575743558983959,1.3285189241362614,0.9363667658273747
B_low_sideband_Kst_signal,25.1,19.0956923225844,4.592070713770227,1.1054902712992298,0.9733286289121685
B_low_sideband_Kst_signal,25.12,19.110908013678092,2.987387069952092,0.8864916389331686,1.0361108519173676
B_low_sideband_Kst_signal,25.14,19.126123704771786,1.765863851433096,0.6761598419924343,1.1475587780515342
B_low_sideband_Kst_signal,25.16,19.14133939586548,0.9279428147165163,0.485797586210083,1.3621396884058252
B_low_sideband_Kst_signal,25.18,19.15655508695917,0.47038183727272553,0.3480752446401998,1.798799734755502
B_low_sideband_Kst_signal,25.2,19.171770778052863,0.38634461743276916,0.3323959098590809,2.465959291240635
B_low_sideband_Kst_signal,25.22,19.186986469146554,0.6655367159437446,0.448104049106363,2.958463610467668
B_low_sideband_Kst_signal,25.240000000000002,19.202202160240248,1.294388325070031,0.6228359685773909,-3.0775010820758
B_low_sideband_Kst_signal,25.26,19.21741785133394,2.2562819932500133,0.8165856891035587,-2.948402798330239
B_low_sideband_Kst_signal,25.28,19.23263354242763,3.5318212493621104,1.0156793329875595,-2.8732866173939278
B_low_sideband_Kst_signal,25.3,19.247849233521325,5.099133868330682,1.2148103663980163,-2.8255688575391997
B_low_sideband_Kst_signal,25.32,19.26306492461502,6.9342016052032704,1.411454314970047,-2.793163459990269
B_low_sideband_Kst_signal,25.34,19.27828061570871,9.011206780887733,1.6041892613023763,-2.7699533634076983
B_low_sideband_Kst_signal,25.36,19.293496306802403,11.30288527038283,1.792109712088943,-2.752558115541149
B_low_sideband_Kst_signal,25.38,19.308711997896097,13.780875307751558,1.9745904338585738,-2.7389779917964012
B_low_sideband_Kst_signal,25.400000000000002,19.32392768898979,16.416052101452806,2.1511785451061707,-2.727967330084436
B_low_sideband_Kst_signal,25.42,19.339143380083485,19.178839505002543,2.321537845429253,-2.7187200851443274
B_low_sideband_Kst_signal,25.44,19.35435907117718,22.039491811170592,2.485416084293472,-2.7107008518872817
B_low_sideband_Kst_signal,25.46,19.36957476227087,24.968340988030832,2.642622822235329,-2.703548661899457
B_low_sideband_Kst_signal,25.48,19.384790453364563,27.936007180785964,2.7930123653779284,-2.6970194207358333
B_low_sideband_Kst_signal,25.5,19.400006144458253,30.91357288103245,2.936469259680101,-2.6909499163443127
B_low_sideband_Kst_signal,25.52,19.415221835551947,33.87272363741431,3.0728952557143554,-2.6852343911287995
B_low_sideband_Kst_signal,25.54,19.43043752664564,36.78586038681533,3.202197369020829,-2.6798087020817545
B_low_sideband_Kst_signal,25.56,19.44565321773933,39.62619028874178,3.3242770303639695,-2.6746392118890734
B_low_sideband_Kst_signal,25.580000000000002,19.460868908833024,42.36780424034805,3.4390205081696346,-2.669714716195672
B_low_sideband_Kst_signal,25.6,19.47608459992672,44.98574996200841,3.5462908700367817,-2.6650403745192364
B_low_sideband_Kst_signal,25.62,19.49130029102041,47.456109628416016,3.645921770969996,-2.6606330022693343
B_low_sideband_Kst_signal,25.64,19.506515982114102,49.75609046286263,3.7377133341445945,-2.656517317321098
B_low_sideband_Kst_signal,25.66,19.521731673207796,51.86413552544036,3.8214303379519734,-2.6527228804450096
B_low_sideband_Kst_signal,25.68,19.536947364301486,53.76006015096573,3.8968028487096276,-2.6492815602633164
B_low_sideband_Kst_signal,25.7,19.55216305539518,55.4252172018023,3.9635293475692492,-2.6462254108733965
B_low_sideband_Kst_signal,25.72,19.56737874648887,56.84269159915857,4.021282297837425,-2.6435848861623676
B_low_sideband_Kst_signal,25.740000000000002,19.582594437582568,57.99752162432196,4.069715990118805,-2.641387336750885
B_low_sideband_Kst_signal,25.76,19.59781012867626,58.87694141296015,4.108476392827942,-2.6396557483280603
B_low_sideband_Kst_signal,25.78,19.613025819769952,59.47063610676196,4.137212630748942,-2.638407687090438
B_low_sideband_Kst_signal,25.8,19.628241510863646,59.770998503128794,4.155589621111271,-2.637654421231681
B_low_sideband_Kst_signal,25.82,19.64345720195734,59.773373987176456,4.163301322061905,-2.6374001883907985
B_low_sideband_Kst_signal,25.84,19.65867289305103,59.47627925601046,4.160083999213146,-2.6376415785865226
B_low_sideband_Kst_signal,25.86,19.673888584144724,58.881580027573364,4.14572889797632,-2.638367000994622
B_low_sideband_Kst_signal,25.88,19.689104275238414,57.9946136732724,4.120093726793973,-2.639556201211272
B_low_sideband_Kst_signal,25.900000000000002,19.70431996633211,56.8242445444921,4.0831124108203065,-2.6411797933922365
B_low_sideband_Kst_signal,25.92,19.7195356574258,55.38284259735883,4.0348026656977956,-2.6431987686564957
B_low_sideband_Kst_signal,25.94,19.734751348519495,53.686179572574474,3.975271062175537,-2.645563936990065
B_low_sideband_Kst_signal,25.96,19.749967039613185,51.753241185640945,3.904715396675587,-2.6482152539703163
B_low_sideband_Kst_signal,25.98,19.76518273070688,49.60595818870206,3.8234243403585157,-2.6510809750985955
B_low_sideband_Kst_signal,26.0,19.780398421800573,47.268863415338274,3.731774498251781,-2.6540765681948613
B_low_sideband_Kst_signal,26.02,19.795614112894263,44.76868566572375,3.63022515904005,-2.6571032965214063
B_low_sideband_Kst_signal,26.04,19.810829803987957,42.13389423728222,3.5193111450752843,-2.6600463597097863
B_low_sideband_Kst_signal,26.06,19.826045495081647,39.394209851991036,3.3996342737091005,-2.662772442748174
B_low_sideband_Kst_signal,26.080000000000002,19.841261186175345,36.58009857843717,3.271854011688153,-2.6651264701788504
B_low_sideband_Kst_signal,26.1,19.85647687726904,33.72226511068584,3.1366779452058964,-2.6669272856230752
B_low_sideband_Kst_signal,26.12,19.87169256836273,30.851160565103783,2.9948527054806355,-2.667961864110344
B_low_sideband_Kst_signal,26.14,19.886908259456423,27.996517986586696,2.8471559952082965,-2.6679774983207576
B_low_sideband_Kst_signal,26.16,19.902123950550113,25.18692626297343,2.6943903730763266,-2.6666711513110486
B_low_sideband_Kst_signal,26.18,19.917339641643807,22.449450390893617,2.5373794981963043,-2.6636747924893522
B_low_sideband_Kst_signal,26.2,19.9325553327375,19.809303264813934,2.3769676527364116,-2.658534958538586
B_low_sideband_Kst_signal,26.22,19.94777102383119,17.289571582179633,2.2140236088928837,-2.650683891621001
B_low_sideband_Kst_signal,26.240000000000002,19.962986714924888,14.91099622560796,2.049450381973417,-2.639398221571192
B_low_sideband_Kst_signal,26.26,19.97820240601858,12.691805695201765,1.8842032771960544,-2.623738998740807
B_low_sideband_Kst_signal,26.28,19.993418097112272,10.647599855587032,1.7193201748897253,-2.602463562020648
B_low_sideband_Kst_signal,26.3,20.008633788205962,8.791280420813564,1.5559706943205318,-2.573894842111382
B_low_sideband_Kst_signal,26.32,20.023849479299656,7.133024171216675,1.3955355419743511,-2.5357273979280697
B_low_sideband_Kst_signal,26.34,20.03906517039335,5.680294799341937,1.2397351570652453,-2.484744675505576
B_low_sideband_Kst_signal,26.36,20.05428086148704,4.437889422071748,1.0908385715272657,-2.41643209322215
B_low_sideband_Kst_signal,26.38,20.069496552580734,3.4080160757330304,0.9519957008520749,-2.3245436545936564
B_low_sideband_Kst_signal,26.400000000000002,20.084712243674428,2.5903988402569667,0.8277245533296261,-2.2009583718786634
B_low_sideband_Kst_signal,26.42,20.09992793476812,1.9824075410942896,0.7244534911132872,-2.0369373014227166
B_low_sideband_Kst_signal,26.44,20.115143625861812,1.5792091981238627,0.6505428215206445,-1.8280891775590005
B_low_sideband_Kst_signal,26.46,20.130359316955506,1.3739384943946789,0.6144078078565062,-1.583873864635991
B_low_sideband_Kst_signal,26.48,20.1455750080492,1.3578845137853932,0.6200641487040011,-1.332293999832436
B_low_sideband_Kst_signal,26.5,20.16079069914289,1.5206908547297644,0.6637197365286052,-1.1057725300919274
B_low_sideband_Kst_signal,26.52,20.176006390236584,1.8505659967122483,0.7359832149936103,-0.9213707185437017
B_low_sideband_Kst_signal,26.54,20.191222081330277,2.3345005188202776,0.8268679028567596,-0.7789146402987268
B_low_sideband_Kst_signal,26.56,20.206437772423968,2.958487498235627,0.9285765892870393,-0.6705138614068366
B_low_sideband_Kst_signal,26.580000000000002,20.221653463517665,3.707742202997906,1.0357681830738175,-0.5875464532729054
B_low_sideband_Kst_signal,26.6,20.236869154611355,4.5669170908659,1.1449363514872688,-0.5230501393822182
B_low_sideband_Kst_signal,26.62,20.25208484570505,5.520308174367528,1.2537824125938537,-0.47192982096757147
B_low_sideband_Kst_signal,26.64,20.26730053679874,6.5520490402959695,1.3607776274881078,-0.43056963472612253
B_low_sideband_Kst_signal,26.66,20.282516227892433,7.646289231372066,1.4648877847454345,-0.3964123663613437
B_low_sideband_Kst_signal,26.68,20.297731918986127,8.787354301788582,1.5654037127987308,-0.36763568944345437
B_low_sideband_Kst_signal,26.7,20.312947610079817,9.959885623215087,1.6618356558961762,-0.3429261144615606
B_low_sideband_Kst_signal,26.72,20.32816330117351,11.148958904243045,1.7538454018381362,-0.3213258423993141
B_low_sideband_Kst_signal,26.740000000000002,20.343378992267205,12.34018134395592,1.8412008265750976,-0.3021293717095393
B_low_sideband_Kst_signal,26.76,20.3585946833609,13.519768311154621,1.9237439772606597,-0.2848130828439731
B_low_sideband_Kst_signal,26.78,20.373810374454592,14.674601365299168,2.0013675574364855,-0.2689865596076519
B_low_sideband_Kst_signal,26.8,20.38902606554828,15.792270256333723,2.0739968429599913,-0.25435830885595034
B_low_sideband_Kst_signal,26.82,20.404241756641973,16.861102206668875,2.141575322108652,-0.2407111116486256
B_low_sideband_Kst_signal,26.84,20.419457447735667,17.870182248596393,2.2040531004682102,-0.22788389649833016
B_low_sideband_Kst_signal,26.86,20.43467313882936,18.809368635069404,2.2613775544429098,-0.21575809035440113
B_low_sideband_Kst_signal,26.88,20.449888829923054,19.669307341162494,2.313485976903149,-0.2042470910034739
B_low_sideband_Kst_signal,26.900000000000002,20.465104521016748,20.441449425867177,2.360300103817094,-0.1932879529948681
B_low_sideband_Kst_signal,26.92,20.480320212110442,21.11807453371148,2.4017224826938763,-0.18283467398486983
B_low_sideband_Kst_signal,26.94,20.495535903204132,21.692323104471143,2.437634667623919,-0.17285266328014473
B_low_sideband_Kst_signal,26.96,20.510751594297826,22.15823895675203,2.4678972180911525,-0.1633141031850948
B_low_sideband_Kst_signal,26.98,20.525967285391516,22.51082285852317,2.492351450914284,-0.1541939981411763
B_low_sideband_Kst_signal,27.0,20.54118297648521,22.746096547183697,2.5108228549618556,-0.1454667606627559
B_low_sideband_Kst_signal,27.02,20.556398667578904,22.86117547180038,2.523126033096776,-0.13710321608265763
B_low_sideband_Kst_signal,27.04,20.571614358672594,22.854347369691823,2.5290709903161246,-0.1290679264495443
B_low_sideband_Kst_signal,27.06,20.586830049766288,22.725152729228284,2.5284705455533527,-0.12131674187174488
B_low_sideband_Kst_signal,27.080000000000002,20.60204574085998,22.474462305595807,2.521148610760947,-0.11379448804337744
B_low_sideband_Kst_signal,27.1,20.617261431953676,22.104546214901347,2.506949057822371,-0.10643269339108896
B_low_sideband_Kst_signal,27.12,20.63247712304737,21.619128797396115,2.4857448842788568,-0.09914724913019267
B_low_sideband_Kst_signal,27.14,20.647692814141056,21.02342345839861,2.45744739510233,-0.09183588064334984
B_low_sideband_Kst_signal,27.16,20.66290850523475,20.324142092151305,2.4220151417647906,-0.08437528844154744
B_low_sideband_Kst_signal,27.18,20.678124196328444,19.52947446899998,2.3794624032244713,-0.07661779038034201
B_low_sideband_Kst_signal,27.2,20.693339887422137,18.649034091999056,2.3298670574867284,-0.0683872621087118
B_low_sideband_Kst_signal,27.22,20.70855557851583,17.693768446017202,2.2733777782602376,-0.05947412790760975
B_low_sideband_Kst_signal,27.240000000000002,20.723771269609525,16.675833187451644,2.2102206002117697,-0.04962909716416293
B_low_sideband_Kst_signal,27.26,20.73898696070322,15.608431549346278,2.14070503025587,-0.03855527170412837
B_low_sideband_Kst_signal,27.28,20.75420265179691,14.505621948745102,2.0652300440531515,-0.025898167958466035
B_low_sideband_Kst_signal,27.3,20.7694183428906,13.382098361060343,1.984290500679301,-0.011233114464884945
B_low_sideband_Kst_signal,27.32,20.784634033984293,12.252949363428343,1.898484739612309,0.005950575685307828
B_low_sideband_Kst_signal,27.34,20.799849725077987,11.13340275569135,1.8085243969881477,0.026269237904959098
B_low_sideband_Kst_signal,27.36,20.81506541617168,10.03856328565962,1.7152477885498454,0.05046864802648152
B_low_sideband_Kst_signal,27.38,20.83028110726537,8.983151208041818,1.6196385246505698,0.07945163232109263
B_low_sideband_Kst_signal,27.400000000000002,20.845496798359065,7.981249202264735,1.5228512495913766,0.11430748474964346
B_low_sideband_Kst_signal,27.42,20.86071248945276,7.046064602702245,1.4262462766803274,0.15633759768008196
B_low_sideband_Kst_signal,27.44,20.875928180546452,6.189713020568888,1.3314338312775644,0.2070646611058498
B_low_sideband_Kst_signal,27.46,20.891143871640146,5.423028342309408,1.2403254042626461,0.2682001891057051
B_low_sideband_Kst_signal,27.48,20.906359562733833,4.755402863120253,1.155182221435888,0.34152579420670953
B_low_sideband_Kst_signal,27.5,20.921575253827527,4.1946600463707,1.0786362779782457,0.42862234099510216
B_low_sideband_Kst_signal,27.52,20.93679094492122,3.7469611680753587,1.0136370739413592,0.5303803608163766
B_low_sideband_Kst_signal,27.54,20.952006636014914,3.416745975810045,0.9632566108746848,0.6462975809040186
B_low_sideband_Kst_signal,27.56,20.96722232710861,3.206706510412914,0.9302976688394987,0.77377251514597
B_low_sideband_Kst_signal,27.580000000000002,20.982438018202302,3.117792433782597,0.9167406547576799,0.9078705223819352
B_low_sideband_Kst_signal,27.6,20.997653709295996,3.1492455875159067,0.9232230384233949,1.0420411085773138
B_low_sideband_Kst_signal,27.62,21.012869400389686,3.2986610695079435,0.948832171594821,1.1696929827580187
B_low_sideband_Kst_signal,27.64,21.028085091483376,3.562071840820863,0.9913489169108965,1.2857921343481615
B_low_sideband_Kst_signal,27.66,21.04330078257707,3.9340537389507517,1.0477967239291395,1.3876263767079982
B_low_sideband_Kst_signal,27.68,21.058516473670764,4.4078477455550455,1.1150099408874814,1.4746062497474564
B_low_sideband_Kst_signal,27.7,21.073732164764458,4.975496407230821,1.190026935,1.5475680395520501
B_low_sideband_Kst_signal,27.72,21.088947855858148,5.627991409266542,1.2702767219266689,1.6080645482465394
B_low_sideband_Kst_signal,27.740000000000002,21.104163546951842,6.355429430546792,1.3536191767790464,1.657864741135567
B_low_sideband_Kst_signal,27.76,21.119379238045536,7.147173545836267,1.4383099437715985,1.6986742616149566
B_low_sideband_Kst_signal,27.78,21.13459492913923,7.9920175776023825,1.5229387195282982,1.732011383267828
B_low_sideband_Kst_signal,27.8,21.14981062023292,8.878350928418513,1.6063660249328768,1.7591717772029274
B_low_sideband_Kst_signal,27.82,21.16502631132661,9.79432154746246,1.6876684581568946,1.7812365119883415
B_low_sideband_Kst_signal,27.84,21.180242002420304,10.72799480584581,1.7660947700881853,1.799097312820582
B_low_sideband_Kst_signal,27.86,21.195457693513998,11.667506184017839,1.8410319167362152,1.813486000647258
B_low_sideband_Kst_signal,27.88,21.21067338460769,12.601205820770701,1.9119792562140256,1.8250022875308933
B_low_sideband_Kst_signal,27.900000000000002,21.225889075701385,13.517793147235352,1.9785290031709482,1.8341378053335162
B_low_sideband_Kst_signal,27.92,21.24110476679508,14.406440040318557,2.0403513230089283,1.8412959765270414
B_low_sideband_Kst_signal,27.94,21.256320457888773,15.25690118312923,2.097182783070114,1.8468080596697851
B_low_sideband_Kst_signal,27.96,21.271536148982463,16.059610617201542,2.148817183341028,1.8509459418469687
B_low_sideband_Kst_signal,27.98,21.286751840076153,16.80576380952334,2.195098040058506,1.853932274288084
B_low_sideband_Kst_signal,28.0,21.301967531169847,17.487384927833773,2.2359121933158246,1.8559484860694968
B_low_sideband_Kst_signal,28.02,21.31718322226354,18.097379407052358,2.27118416362152,1.8571411246742666
B_low_sideband_Kst_signal,28.04,21.332398913357235,18.62957228167943,2.3008710022482552,1.8576268870688646
B_low_sideband_Kst_signal,28.06,21.347614604450925,19.078733132053458,2.324957474263664,1.8574966303722136
B_low_sideband_Kst_signal,28.080000000000002,21.36283029554462,19.440588826797466,2.343451487341453,1.856818589273894
B_low_sideband_Kst_signal,28.1,21.378045986638313,19.7118255177229,2.3563797378989184,1.855640977217705
B_low_sideband_Kst_signal,28.12,21.393261677732006,19.89008153938994,2.363783591442761,1.8539941080800595
B_low_sideband_Kst_signal,28.14,21.408477368825697,19.973932968230656,2.3657152479012185,1.851892142588942
B_low_sideband_Kst_signal,28.16,21.423693059919387,19.96287359694179,2.3622342662079894,1.849334537196544
B_low_sideband_Kst_signal,28.18,21.43890875101308,19.857290975221986,2.3534045361956735,1.8463072510045915
B_low_sideband_Kst_signal,28.2,21.454124442106774,19.658439961229305,2.339291790537277,1.8427837474102096
B_low_sideband_Kst_signal,28.22,21.46934013320047,19.368414930053405,2.3199617456634427,1.83872581040409
B_low_sideband_Kst_signal,28.240000000000002,21.484555824294162,18.990121411603468,2.2954789490275846,1.8340841800917387
B_low_sideband_Kst_signal,28.26,21.499771515387856,18.527247503210674,2.26590639174083,1.8287989972780023
B_low_sideband_Kst_signal,28.28,21.51498720648155,17.98423494869712,2.231305921639567,1.822800032090642
B_low_sideband_Kst_signal,28.3,21.530202897575236,17.366249324997625,2.1917394637240344,1.8160066557143288
B_low_sideband_Kst_signal,28.32,21.54541858866893,16.679148362705746,2.1472710243459163,1.8083274961688016
B_low_sideband_Kst_signal,28.34,21.560634279762624,15.929447080052341,2.097969424543495,1.7996596970317138
B_low_sideband_Kst_signal,28.36,21.575849970856318,15.124278161645634,2.0439116788681786,1.7898876696688049
B_low_sideband_Kst_signal,28.38,21.59106566195001,14.271345891935198,1.9851869116271164,1.778881191358222
B_low_sideband_Kst_signal,28.400000000000002,21.606281353043702,13.37887197969394,1.9219006858506398,1.7664926484125527
B_low_sideband_Kst_signal,28.42,21.621497044137396,12.455531797157164,1.854179615254026,1.7525531470624285
B_low_sideband_Kst_signal,28.44,21.63671273523109,11.510379909959738,1.7821761406793506,1.7368671032999987
B_low_sideband_Kst_signal,28.46,21.65192842632478,10.55276428020079,1.70607338607771,1.719204757174846
B_low_sideband_Kst_signal,28.48,21.667144117418474,9.59222916386716,1.6260900735645032,1.6992918073550483
B_low_sideband_Kst_signal,28.5,21.682359808512164,8.638407457710855,1.542485585258253,1.6767949803737223
B_low_sideband_Kst_signal,28.52,21.697575499605858,7.700904031018581,1.4555654320352558,1.6513017585969603
B_low_sideband_Kst_signal,28.54,21.71279119069955,6.789172345714178,1.365687660678518,1.6222915655308021
B_low_sideband_Kst_signal,28.56,21.728006881793245,5.912387361382571,1.2732711620132549,1.5890942411885534
B_low_sideband_Kst_signal,28.580000000000002,21.74322257288694,5.079318276020786,1.1788075430610923,1.5508293045292334
B_low_sideband_Kst_signal,28.6,21.758438263980633,4.298205014456471,1.0828793962176793,1.5063157936387872
B_low_sideband_Kst_signal,28.62,21.773653955074327,3.5766425010806415,0.98618980454466,1.4539367453394394
B_low_sideband_Kst_signal,28.64,21.788869646168013,2.921476619430905,0.8896114208291392,1.3914342150470724
B_low_sideband_Kst_signal,28.66,21.804085337261707,2.338715367437544,0.7942695318740316,1.315601906064511
B_low_sideband_Kst_signal,28.68,21.8193010283554,1.8334580860137066,0.7016834959696204,1.2218444490533757
B_low_sideband_Kst_signal,28.7,21.834516719449095,1.4098448156364611,0.6140041829495329,1.1036323989599583
B_low_sideband_Kst_signal,28.72,21.84973241054279,1.071026881916623,0.5343877335756008,0.9521580229271283
B_low_sideband_Kst_signal,28.740000000000002,21.86494810163648,0.8191587998408068,0.46747055777367585,0.7573737975420287
B_low_sideband_Kst_signal,28.76,21.880163792730173,0.6554105944196635,0.41956070982831645,0.5132521757567058
B_low_sideband_Kst_signal,28.78,21.895379483823866,0.5799987330756267,0.3974253784132268,0.22913448623805024
B_low_sideband_Kst_signal,28.8,21.910595174917557,0.5922331144392956,0.40483102037495433,-0.06350759474516295
B_low_sideband_Kst_signal,28.82,21.92581086601125,0.6905770025769016,0.4395938968027665,-0.3277420934840125
B_low_sideband_Kst_signal,28.84,21.94102655710494,0.8727164606316364,0.49518644945306284,-0.5452396518395135
B_low_sideband_Kst_signal,28.86,21.956242248198635,1.13563573038482,0.5646534114167646,-0.7174950436545475
B_low_sideband_Kst_signal,28.88,21.97145793929233,1.4756951117597055,0.642680818243039,-0.8539253818736043
B_low_sideband_Kst_signal,28.900000000000002,21.986673630386022,1.888708195205254,0.7257124652795762,-0.9640681886246518
B_low_sideband_Kst_signal,28.92,22.001889321479716,2.370015752814652,0.8114560337895743,-1.0553033058682484
B_low_sideband_Kst_signal,28.94,22.01710501257341,2.914554161394335,0.8984243566507072,-1.1328732134139445
B_low_sideband_Kst_signal,28.96,22.032320703667096,3.51691686832055,0.9856275448561858,-1.200415530405349
B_low_sideband_Kst_signal,28.98,22.04753639476079,4.171408078131208,1.0723834823078473,-1.2604569070267115
B_low_sideband_Kst_signal,29.0,22.062752085854484,4.872088495048956,1.158202595216137,-1.314771408672918
B_low_sideband_Kst_signal,29.02,22.077967776948178,5.612813571871811,1.2427165929633501,-1.364622620095205
B_low_sideband_Kst_signal,29.04,22.09318346804187,6.3872652595091495,1.3256331723007997,-1.4109242465548901
B_low_sideband_Kst_signal,29.06,22.108399159135566,7.188978701517044,1.4067064027525042,-1.4543469821531907
B_low_sideband_Kst_signal,29.080000000000002,22.123614850229256,8.01136565658453,1.4857169420207386,-1.495390513917305
B_low_sideband_Kst_signal,29.1,22.13883054132295,8.847736645089753,1.562458710037228,-1.5344328424328975
B_low_sideband_Kst_signal,29.12,22.154046232416643,9.691323897033726,1.636730036318729,-1.571764676794976
B_low_sideband_Kst_signal,29.14,22.169261923510334,10.535307123038365,1.7083280738606192,-1.607613856977265
B_low_sideband_Kst_signal,29.16,22.184477614604027,11.372843942906911,1.7770457114586793,-1.6421629978215984
B_low_sideband_Kst_signal,29.18,22.199693305697718,12.197106495026674,1.8426704624021422,-1.6755624430916178
B_low_sideband_Kst_signal,29.2,22.21490899679141,13.001325332035776,1.9049849435114496,-1.7079399167820424
B_low_sideband_Kst_signal,29.22,22.230124687885105,13.778841207244113,1.963768632012533,-1.7394078089062746
B_low_sideband_Kst_signal,29.240000000000002,22.2453403789788,14.523164801252278,2.018800627016287,-1.7700687404139341
B_low_sideband_Kst_signal,29.26,22.260556070072493,15.228043864157371,2.069863164732185,-1.8000198589464649
B_low_sideband_Kst_signal,29.28,22.275771761166187,15.887536692811409,2.1167456528416424,-1.8293561879411437
B_low_sideband_Kst_signal,29.3,22.290987452259873,16.496090360978997,2.159249006416501,-1.8581732636004131
B_low_sideband_Kst_signal,29.32,22.306203143353567,17.04862170580236,2.197190089264528,-1.8865692331149628
B_low_sideband_Kst_signal,29.34,22.32141883444726,17.540598771920486,2.2304060923656674,-1.9146465440173788
B_low_sideband_Kst_signal,29.36,22.336634525540955,17.968120240373537,2.258758715181177,-1.942513322592197
B_low_sideband_Kst_signal,29.38,22.35185021663465,18.327990326499275,2.282138054798156,-1.9702845148233323
B_low_sideband_Kst_signal,29.400000000000002,22.367065907728342,18.617786711616645,2.3004661498248162,-1.9980828436287656
B_low_sideband_Kst_signal,29.42,22.382281598822033,18.835919257984642,2.3137001676683484,-2.0260396190916197
B_low_sideband_Kst_signal,29.44,22.397497289915727,18.98167751940855,2.321835261960784,-2.0542954224828973
B_low_sideband_Kst_signal,29.46,22.412712981009417,19.055265368966502,2.32490715797665,-2.083000668768553
B_low_sideband_Kst_signal,29.48,22.42792867210311,19.05782139112125,2.322994544625889,-2.1123160347993126
B_low_sideband_Kst_signal,29.5,22.443144363196804,18.991423999734252,2.3162213590490346,-2.1424127203489127
B_low_sideband_Kst_signal,29.52,22.458360054290495,18.859080529397033,2.3047590414618573,-2.173472485477415
B_low_sideband_Kst_signal,29.54,22.47357574538419,18.66469979514659,2.2888288116445925,-2.205687379382716
B_low_sideband_Kst_signal,29.56,22.488791436477882,18.41304782919906,2.2687039727668976,-2.2392590423218808
B_low_sideband_Kst_signal,29.580000000000002,22.504007127571576,18.1096866969674,2.2447121820387435,-2.2743974234454263
B_low_sideband_Kst_signal,29.6,22.51922281866527,17.7608964915853,2.2172375406404305,-2.3113187149966334
B_low_sideband_Kst_signal,29.62,22.534438509758964,17.37358083581421,2.186722248344451,-2.3502422611933085
B_low_sideband_Kst_signal,29.64,22.54965420085265,16.95515651340611,2.153667444082002,-2.391386165897189
B_low_sideband_Kst_signal,29.66,22.564869891946344,16.513428235102765,2.118632718860202,-2.434961309918731
B_low_sideband_Kst_signal,29.68,22.580085583040038,16.056450036314345,2.0822336540917297,-2.481163516313844
B_low_sideband_Kst_signal,29.7,22.595301274133732,15.592375406453357,2.045136627274548,-2.5301636971777297
B_low_sideband_Kst_signal,29.72,22.610516965227426,15.12929895072375,2.008050070085407,-2.5820960095794927
B_low_sideband_Kst_signal,29.740000000000002,22.62573265632112,14.675093146634026,1.9717114058450371,-2.6370443694884727
B_low_sideband_Kst_signal,29.76,22.64094834741481,14.237244524716516,1.9368690880337855,-2.6950281304495536
B_low_sideband_Kst_signal,29.78,22.656164038508503,13.822694300357398,1.9042595619388305,-2.755988297080372
B_low_sideband_Kst_signal,29.8,22.671379729602194,13.437689024969586,1.8745796078608432,-2.819776215841366
B_low_sideband_Kst_signal,29.82,22.686595420695888,13.087647121759801,1.8484553732281712,-2.886147094216759
B_low_sideband_Kst_signal,29.84,22.70181111178958,12.77704714256106,1.8264103540354597,-2.9547607181729614
B_low_sideband_Kst_signal,29.86,22.71702680288327,12.509343170568172,1.8088354376099374,-3.025191160968932
B_low_sideband_Kst_signal,29.88,22.732242493976965,12.28691197230728,1.7959645968646094,-3.0969460359717997
B_low_sideband_Kst_signal,29.900000000000002,22.74745818507066,12.111035287085542,1.7878596779734237,3.113691188449702
B_low_sideband_Kst_signal,29.92,22.762673876164353,11.98191909301022,1.7844068327833056,3.0408869208683686
B_low_sideband_Kst_signal,29.94,22.777889567258047,11.898749906646117,1.7853256272374687,2.9683350470059016
B_low_sideband_Kst_signal,29.96,22.793105258351734,11.859786291330238,1.7901900498160968,2.896484765738202
B_low_sideband_Kst_signal,29.98,22.808320949445427,11.86248191649429,1.7984590069525168,2.825702003726945
B_low_sideband_Kst_signal,30.0,22.82353664053912,11.903634874292038,1.8095128207021254,2.75625473925681
B_low_sideband_Kst_signal,30.02,22.838752331632815,11.979556649155711,1.822691925228944,2.6883079057016213
B_low_sideband_Kst_signal,30.04,22.85396802272651,12.08625324276727,1.8373343337418904,2.621926710080215
B_low_sideband_Kst_signal,30.060000000000002,22.869183713820203,12.219610529300553,1.8528092802696898,2.5570862795778417
B_low_sideband_Kst_signal,30.080000000000002,22.884399404913896,12.375575954429223,1.8685454395088834,2.4936852841575727
B_low_sideband_Kst_signal,30.1,22.899615096007587,12.55032915297852,1.8840530502309203,2.431561427762849
B_low_sideband_Kst_signal,30.12,22.91483078710128,12.740434868119337,1.8989399700355705,2.3705072247827856
B_low_sideband_Kst_signal,30.14,22.93004647819497,12.942972613331222,1.9129221261456366,2.3102850726985746
B_low_sideband_Kst_signal,30.16,22.945262169288664,13.155638726089819,1.9258290211185372,2.2506411549839083
B_low_sideband_Kst_signal,30.18,22.96047786038236,13.37681772621363,1.937604960187377,2.1913180916436628
B_low_sideband_Kst_signal,30.2,22.97569355147605,13.60562113711785,1.9483065530976738,2.132066482270725
B_low_sideband_Kst_signal,30.22,22.990909242569742,13.841893104312476,1.9580968674243981,2.072655570972153
B_low_sideband_Kst_signal,30.240000000000002,23.006124933663436,14.086183226001594,1.9672364232630177,2.012883227640312
B_low_sideband_Kst_signal,30.26,23.02134062475713,14.339687992109248,1.9760710640161148,1.9525853115664713
B_low_sideband_Kst_signal,30.28,23.036556315850824,14.604163122508908,1.985016652231637,1.891644288098498
B_low_sideband_Kst_signal,30.3,23.05177200694451,14.881809923328547,1.9945405549703785,1.8299967385892304
B_low_sideband_Kst_signal,30.32,23.066987698038204,15.175139561353717,2.005140022671519,1.7676391798080373
B_low_sideband_Kst_signal,30.34,23.082203389131898,15.486819903202559,2.017317835013793,1.704631444859494
B_low_sideband_Kst_signal,30.36,23.097419080225592,15.819510273173364,2.0315559668870415,1.6410968342456778
B_low_sideband_Kst_signal,30.38,23.112634771319286,16.175690131043666,2.0482884640190364,1.5772183768336268
B_low_sideband_Kst_signal,30.400000000000002,23.12785046241298,16.55748821490488,2.067875124982974,1.513230871015292
B_low_sideband_Kst_signal,30.42,23.143066153506673,16.966519078301644,2.0905778587904895,1.4494088800285525
B_low_sideband_Kst_signal,30.44,23.158281844600364,17.403734105508192,2.116541627017111,1.3860514449717543
B_low_sideband_Kst_signal,30.46,23.173497535694054,17.86929394678009,2.1457816292818856,1.3234648198542691
B_low_sideband_Kst_signal,30.48,23.188713226787748,18.36246881918487,2.1781778613312257,1.26194488204768
B_low_sideband_Kst_signal,30.5,23.20392891788144,18.881572234575287,2.2134774498281593,1.2017609283324162
B_low_sideband_Kst_signal,30.52,23.219144608975135,19.42393244516279,2.2513043834431783,1.1431423130229386
B_low_sideband_Kst_signal,30.54,23.234360300068825,19.985904279208626,2.291175563652969,1.0862688914261063
B_low_sideband_Kst_signal,30.560000000000002,23.24957599116252,20.562922157398134,2.332521606393915,1.0312656307470784
B_low_sideband_Kst_signal,30.580000000000002,23.264791682256213,21.14959305339653,2.374710592862454,0.9782011841541024
B_low_sideband_Kst_signal,30.6,23.280007373349907,21.73982613440603,2.4170729856933266,0.927089799816914
B_low_sideband_Kst_signal,30.62,23.295223064443597,22.32699394120573,2.458926139553964,0.8778957043106643
B_low_sideband_Kst_signal,30.64,23.310438755537287,22.90411838676664,2.4995971657548384,0.830539051053234
B_low_sideband_Kst_signal,30.66,23.32565444663098,23.46407368175278,2.538443284200809,0.7849026143623876
B_low_sideband_Kst_signal,30.68,23.340870137724675,23.999797609139932,2.574869155379484,0.7408385799396914
B_low_sideband_Kst_signal,30.7,23.35608582881837,24.50450239202837,2.6083409941930635,0.6981749802094642
B_low_sideband_Kst_signal,30.72,23.371301519912063,24.971876703384623,2.6383975094667207,0.6567215102074997
B_low_sideband_Kst_signal,30.740000000000002,23.386517211005756,25.396271085672197,2.6646578845877524,0.6162746156963964
B_low_sideband_Kst_signal,30.76,23.40173290209945,25.772860083488922,2.6868271203782164,0.5766218626741072
B_low_sideband_Kst_signal,30.78,23.41694859319314,26.09777563139869,2.7046991089546184,0.5375456781195671
B_low_sideband_Kst_signal,30.8,23.43216428428683,26.368207570918457,2.7181578059117273,0.49882660174622295
B_low_sideband_Kst_signal,30.82,23.447379975380525,26.58246850139767,2.7271768265572516,0.4602462148358562
B_low_sideband_Kst_signal,30.84,23.46259566647422,26.740021430832712,2.731817718712685,0.4215899210523971
B_low_sideband_Kst_signal,30.86,23.477811357567912,26.841469846800464,2.7322270684554133,0.3826497496680405
B_low_sideband_Kst_signal,30.88,23.493027048661602,26.8885108682407,2.7286324854081525,0.34322733574092995
B_low_sideband_Kst_signal,30.900000000000002,23.508242739755296,26.88385308263605,2.7213374012719793,0.30313720418320367
B_low_sideband_Kst_signal,30.92,23.52345843084899,26.831101555239,2.7107145114723177,0.2622104433363093
B_low_sideband_Kst_signal,30.94,23.538674121942684,26.73461335518732,2.6971976092581924,0.22029879570959052
B_low_sideband_Kst_signal,30.96,23.553889813036374,26.5993278101123,2.6812715203895934,0.17727911631228405
B_low_sideband_Kst_signal,30.98,23.569105504130064,26.430576591275894,2.663459861523605,0.13305805192028733
B_low_sideband_Kst_signal,31.0,23.584321195223758,26.233879633171455,2.644310432067605,0.08757668125196671
B_low_sideband_Kst_signal,31.02,23.599536886317452,26.0147337657545,2.6243782181774633,0.04081473640850126
B_low_sideband_Kst_signal,31.04,23.614752577411146,25.77840171233038,2.6042062394239363,-0.0072060819099870705
B_low_sideband_Kst_signal,31.060000000000002,23.62996826850484,25.529709689977608,2.584304788793162,-0.056420253272303406
B_low_sideband_Kst_signal,31.080000000000002,23.645183959598533,25.272862136633194,2.5651299708921855,-0.10671861139284457
B_low_sideband_Kst_signal,31.1,23.660399650692227,25.011281979750493,2.5470627771641428,-0.15795101316568907
B_low_sideband_Kst_signal,31.12,23.675615341785914,24.747484277268086,2.530390181941883,-0.20993177561268597
B_low_sideband_Kst_signal,31.14,23.690831032879608,24.482989963154978,2.515289829712726,-0.2624478608163893
B_low_sideband_Kst_signal,31.16,23.7060467239733,24.218284830374614,2.5018197606713777,-0.31526944162592924
B_low_sideband_Kst_signal,31.18,23.721262415066995,23.95282685543134,2.489914274832062,-0.3681621446024933
B_low_sideband_Kst_signal,31.2,23.73647810616069,23.685102637093223,2.479386500625129,-0.4209000160294317
B_low_sideband_Kst_signal,31.22,23.75169379725438,23.412731257558335,2.4699375952120795,-0.4732781529960297
B_low_sideband_Kst_signal,31.240000000000002,23.766909488348073,23.132611469387484,2.461171872638136,-0.5251240112429713
B_low_sideband_Kst_signal,31.26,23.782125179441767,22.841105954281375,2.4526166438674375,-0.5763066271942335
B_low_sideband_Kst_signal,31.28,23.79734087053546,22.53425465311375,2.443745241442445,-0.6267433180688123
B_low_sideband_Kst_signal,31.3,23.81255656162915,22.208007941560936,2.4340016243212848,-0.6764037770034029
B_low_sideband_Kst_signal,31.32,23.82777225272284,21.85846977520123,2.4228250979620864,-0.725311789846624
B_low_sideband_Kst_signal,31.34,23.842987943816535,21.482140838612395,2.4096739850537814,-0.773545018781034
B_low_sideband_Kst_signal,31.36,23.85820363491023,21.07615213772806,2.3940474691274183,-0.8212334060886918
B_low_sideband_Kst_signal,31.38,23.873419326003923,20.638480264813552,2.375505233558333,-0.8685567552067881
B_low_sideband_Kst_signal,31.400000000000002,23.888635017097616,20.168136612148373,2.3536848738835205,-0.9157419668160318
B_low_sideband_Kst_signal,31.42,23.90385070819131,19.6653239884472,2.3283173338431995,-0.9630602700402611
B_low_sideband_Kst_signal,31.44,23.919066399285004,19.13155529282085,2.299240785801738,-1.0108246130096479
B_low_sideband_Kst_signal,31.46,23.93428209037869,18.569730053433886,2.266413438016647,-1.0593871734827267
B_low_sideband_Kst_signal,31.48,23.949497781472385,17.9841657088582,2.229925704206016,-1.1091367186950805
B_low_sideband_Kst_signal,31.5,23.96471347256608,17.38058150820507,2.1900120134334773,-1.160495275452671
B_low_sideband_Kst_signal,31.52,23.979929163659772,16.76603387542491,2.1470622622226796,-1.2139132551660177
B_low_sideband_Kst_signal,31.54,23.995144854753466,16.148803089683497,2.1016324982093186,-1.2698618097437238
B_low_sideband_Kst_signal,31.560000000000002,24.010360545847156,15.538232253686147,2.0544538500043203,-1.328820793682432
B_low_sideband_Kst_signal,31.580000000000002,24.02557623694085,14.944520821180049,2.00643795855538,-1.391260349525972
B_low_sideband_Kst_signal,31.6,24.040791928034544,14.378476476551441,1.958676227290028,-1.4576139861401038
B_low_sideband_Kst_signal,31.62,24.056007619128234,13.851230903532269,1.9124291762115806,-1.5282413848533787
B_low_sideband_Kst_signal,31.64,24.071223310221928,13.37392689691842,1.8691012972146468,-1.603380490383058
B_low_sideband_Kst_signal,31.66,24.086439001315618,12.957386253405275,1.8301965371852658,-1.6830911964989108
B_low_sideband_Kst_signal,31.68,24.101654692409312,12.611769765037025,1.7972506060385067,-1.7671973032769965
B_low_sideband_Kst_signal,31.7,24.116870383503006,12.34624222943603,1.7717395137547958,-1.8552387256326035
B_low_sideband_Kst_signal,31.72,24.132086074596696,12.168656465226377,1.7549694412860968,-1.9464500813675902
B_low_sideband_Kst_signal,31.740000000000002,24.147301765690393,12.085270668678277,1.7479604001954938,-2.0397814560499383
B_low_sideband_Kst_signal,31.76,24.162517456784087,12.100512903980416,1.7513425918346066,-2.133969473968752
B_low_sideband_Kst_signal,31.78,24.17773314787778,12.216804995336133,1.7652863357079709,-2.2276523139006614
B_low_sideband_Kst_signal,31.8,24.192948838971468,12.434455597838678,1.7894813419189637,-2.3195065886674846
B_low_sideband_Kst_signal,31.82,24.20816453006516,12.751628890913707,1.8231697827927735,-2.4083753570170705
B_low_sideband_Kst_signal,31.84,24.223380221158855,13.1643913954249,1.8652245744195626,-2.4933601111885593
B_low_sideband_Kst_signal,31.86,24.23859591225255,13.666835178977635,1.9142550463158945,-2.5738632115512687
B_low_sideband_Kst_signal,31.88,24.253811603346243,14.251271543438634,1.9687198304883042,-2.649583221884548
B_low_sideband_Kst_signal,31.900000000000002,24.269027294439933,14.908485541043774,2.027030570824623,-2.720476593975312
B_low_sideband_Kst_signal,31.92,24.284242985533627,15.628038648115762,2.0876367628335264,-2.786702451388169
B_low_sideband_Kst_signal,31.94,24.29945867662732,16.398604855021404,2.149088509113245,-2.848564583710769
B_low_sideband_Kst_signal,31.96,24.31467436772101,17.20832441452876,2.210078482498152,-2.9064596156423916
B_low_sideband_Kst_signal,31.98,24.329890058814705,18.045159513865656,2.269466666862942,-2.9608353854998546
B_low_sideband_Kst_signal,32.0,24.345105749908395,18.89723708349993,2.326292046097842,-3.012160100983194
