k2,deltaD_add_exact,D_base_exact,D_two_exact,C,a1,b1,A1,phi1,a2,b2,A2,phi2,success,message,n_iter,amplitude1_bound_active,amplitude2_bound_active
18.0,102.6218066099716,1255.9044965985288,1153.2826899885572,-0.029809869619496405,0.015346897996589429,0.0905387341833609,0.09183022196228759,-1.4028859110459295,0.09388320323932653,-0.034437539829716465,0.1,0.35157340730889874,True,CONVERGENCE: RELATIVE REDUCTION OF F <= FACTR*EPSMCH,17,False,True
18.01,104.38113306424316,1255.9044965985288,1151.5233635342856,-0.029713652295856617,0.01545088366792431,0.09029513095135283,0.09160753505930441,-1.4013223401567332,0.09443169293264826,-0.03290372881413336,0.1,0.33528391422551534,True,CONVERGENCE: RELATIVE REDUCTION OF F <= FACTR*EPSMCH,17,False,True
18.02,106.1005687077054,1255.9044965985288,1149.8039278908234,-0.029616232534738374,0.015553422153597734,0.09005293786635463,0.09138621646096064,-1.3997693842272372,0.09494926246761258,-0.03137893492227578,0.1,0.3191813347330956,True,CONVERGENCE: RELATIVE REDUCTION OF F <= FACTR*EPSMCH,17,False,True
18.03,107.77883148422575,1255.9044965985288,1148.125665114303,-0.029518856849206975,0.015654985932650876,0.08981116279131715,0.09116536374347424,-1.3982202121604765,0.09543710107466491,-0.029862346499633863,0.1,0.3032499800139298,True,CONVERGENCE: RELATIVE REDUCTION OF F <= FACTR*EPSMCH,24,False,True
18.04,109.41468991272473,1255.9044965985288,1146.489806685804,-0.0294201853721538,0.01575337585648421,0.0895714932324321,0.0909462547374178,-1.3967019011524802,0.095895883520865,-0.028354532684434986,0.1,0.2874891575287937,True,CONVERGENCE: RELATIVE REDUCTION OF F <= FACTR*EPSMCH,18,False,True
18.05,111.00696129137964,1255.9044965985288,1144.8975353071492,-0.02932059211288769,0.01584993317491463,0.08933222684567808,0.09072743319887842,-1.3951969248790974,0.09632695490724746,-0.02685363584874706,0.1,0.27187325727917006,True,CONVERGENCE: RELATIVE REDUCTION OF F <= FACTR*EPSMCH,17,False,True
18.06,112.55451002865334,1255.9044965985288,1143.3499865698755,-0.029220337626053812,0.0159450387721101,0.08909569405749497,0.09051125322870543,-1.3937057843056369,0.0967305087764684,-0.025361558939575698,0.1,0.2564162304088073,True,CONVERGENCE: RELATIVE REDUCTION OF F <= FACTR*EPSMCH,15,False,True
18.07,114.05624607734126,1255.9044965985288,1141.8482505211875,-0.02911866178403371,0.016037504774497894,0.08886021972061506,0.09029584823339348,-1.3922383571687447,0.09710781377920362,-0.023876191133083036,0.1,0.24109068782099774,True,CONVERGENCE: RELATIVE REDUCTION OF F <= FACTR*EPSMCH,16,False,True
18.08,115.51112346728655,1255.9044965985288,1140.3933731312422,-0.02901609070523669,0.01612962093188621,0.08862757325478106,0.09008335813255368,-1.3907733570991265,0.09745884118021488,-0.022400318654198965,0.1,0.22592011120269226,True,CONVERGENCE: RELATIVE REDUCTION OF F <= FACTR*EPSMCH,17,False,True
18.09,116.91813887496642,1255.9044965985288,1138.9863577235624,-0.02891231206612849,0.016219282077765847,0.08839536972112327,0.08987105484666469,-1.3893291904928065,0.0977850769896391,-0.020930330100845378,0.1,0.21086242548995757,True,CONVERGENCE: RELATIVE REDUCTION OF F <= FACTR*EPSMCH,14,False,True
18.1,118.2763303698348,1255.9044965985288,1137.628166228694,-0.028807547268755028,0.016307000322588534,0.0881666232650114,0.08966198591083822,-1.3879065087728493,0.09808642384966065,-0.019469295220544632,0.1,0.19594440241722302,True,CONVERGENCE: RELATIVE REDUCTION OF F <= FACTR*EPSMCH,20,False,True
18.11,119.58477614295498,1255.9044965985288,1136.3197204555738,-0.028701399372755784,0.016394250643178385,0.08793970779396723,0.08945481351520272,-1.3864860734003492,0.09836383156172729,-0.018015455600570923,0.1,0.18114357585225968,True,CONVERGENCE: RELATIVE REDUCTION OF F <= FACTR*EPSMCH,14,False,True
18.12,120.842593372176,1255.9044965985288,1135.0619032263528,-0.028593593740370956,0.01647938331507773,0.08771525043731436,0.08924984724763421,-1.3850874516518834,0.09861791930287857,-0.016568222366051554,0.1,0.16644975585188945,True,CONVERGENCE: RELATIVE REDUCTION OF F <= FACTR*EPSMCH,19,False,True
18.13,122.04893713992556,1255.9044965985288,1133.8555594586032,-0.02848555790029892,0.016562697608002188,0.08749302696088418,0.08904691302247443,-1.3837071246112167,0.09884903619720878,-0.015128385336277939,0.1,0.1518669461871089,True,CONVERGENCE: RELATIVE REDUCTION OF F <= FACTR*EPSMCH,15,False,True
18.14,123.20299937777895,1255.9044965985288,1132.7014972207498,-0.028376028298851448,0.016644460829551705,0.08727422226112548,0.08884721688151415,-1.3823448525689264,0.09905772935404554,-0.01369548302253943,0.1,0.13738661983648773,True,CONVERGENCE: RELATIVE REDUCTION OF F <= FACTR*EPSMCH,13,False,True
18.15,124.30400792394516,1255.9044965985288,1131.6004886745836,-0.028264905124640905,0.016724990834710955,0.08705765071330468,0.08864964673443954,-1.3809948598037143,0.09924434589485395,-0.012270281492393982,0.1,0.12301282177782931,True,CONVERGENCE: RELATIVE REDUCTION OF F <= FACTR*EPSMCH,16,False,True
18.16,125.3512256195429,1255.9044965985288,1130.553270978986,-0.02815298399703448,0.016803222275549593,0.0868443740351563,0.08845503705499,-1.3796714282328815,0.09940949534044476,-0.010851370243342243,0.1,0.10872780104683441,True,CONVERGENCE: RELATIVE REDUCTION OF F <= FACTR*EPSMCH,18,False,True
18.17,126.34394942040353,1255.9044965985288,1129.5605471781253,-0.028039154694702084,0.016881298190524835,0.0866342970245507,0.08826369383577537,-1.3783508260457624,0.0995535107954316,-0.009439199558431144,0.1,0.0945327303193266,True,CONVERGENCE: RELATIVE REDUCTION OF F <= FACTR*EPSMCH,13,False,True
18.18,127.28150963549183,1255.9044965985288,1128.622986963037,-0.027924146818319284,0.016956650385146543,0.08642640727568338,0.08807412711384874,-1.3770596166688411,0.09967673784274808,-0.00803417282786926,0.1,0.0804284118431204,True,CONVERGENCE: RELATIVE REDUCTION OF F <= FACTR*EPSMCH,18,False,True
18.19,128.16326913194575,1255.9044965985288,1127.741227466583,-0.02780853570248059,0.017031032652310263,0.08622153878294285,0.08788748388310236,-1.3757803281064513,0.0997795759473264,-0.0066359794884948385,0.1,0.06640859556477802,True,CONVERGENCE: RELATIVE REDUCTION OF F <= FACTR*EPSMCH,16,False,True
18.2,128.98862262492412,1255.9044965985288,1126.9158739736047,-0.02769115789563178,0.01710425461860321,0.08602031443394594,0.08770433296806343,-1.374516676228599,0.09986239552768672,-0.005244231065833719,0.1,0.05246637822769569,True,CONVERGENCE: RELATIVE REDUCTION OF F <= FACTR*EPSMCH,11,False,True
18.21,129.7569960333542,1255.9044965985288,1126.1475005651746,-0.027572500532849164,0.017175960344913026,0.08582312371492365,0.08752498030823609,-1.3732737692331747,0.09992548760446202,-0.003859653742307471,0.1,0.03860612668275329,True,CONVERGENCE: RELATIVE REDUCTION OF F <= FACTR*EPSMCH,10,False,True
18.22,130.46784582794658,1255.9044965985288,1125.4366507705822,-0.027452883098817014,0.017245420120193818,0.0856286311392659,0.08734796497862124,-1.3720570658848334,0.09996921927358854,-0.002480967115698313,0.1,0.024812217002771957,True,CONVERGENCE: RELATIVE REDUCTION OF F <= FACTR*EPSMCH,18,False,True
18.23,131.12065848014868,1255.9044965985288,1124.7838381183801,-0.02733136602965415,0.017315193963464974,0.0854383891605022,0.0871753077673594,-1.3708415770658382,0.09999385150576129,-0.0011089008268376742,0.1,0.011089235542977843,True,CONVERGENCE: RELATIVE REDUCTION OF F <= FACTR*EPSMCH,10,False,True
18.24,131.71494984379183,1255.9044965985288,1124.189546754737,-0.02720860548098047,0.017383388104010963,0.08525061860651231,0.08700488580975033,-1.369644732109418,0.09999966990782805,0.0002569403149172598,0.1,-0.002569405976309218,True,CONVERGENCE: RELATIVE REDUCTION OF F <= FACTR*EPSMCH,18,False,True
18.25,132.25026469930617,1255.9044965985288,1123.6542318992226,-0.027084675060101728,0.017450204358952972,0.0850676624757106,0.0868390282721464,-1.3684698765959475,0.09998692874895149,0.001616811476981667,0.1,-0.016168819264941795,True,CONVERGENCE: RELATIVE REDUCTION OF F <= FACTR*EPSMCH,19,False,True
18.26,132.72617627734144,1255.9044965985288,1123.1783203211874,-0.026959761283333442,0.017516037585950318,0.0848873626600321,0.08667569389447216,-1.367307827525114,0.09995590835401676,0.0029692398224804035,0.1,-0.02969676295030853,True,CONVERGENCE: RELATIVE REDUCTION OF F <= FACTR*EPSMCH,19,False,True
18.27,133.1422857771006,1255.9044965985288,1122.7622108214282,-0.02683295541081354,0.0175799467221294,0.08471180262783039,0.0865167268868246,-1.3661743014103083,0.09990682626356406,0.004315792620368598,0.1,-0.04317133515207042,True,CONVERGENCE: RELATIVE REDUCTION OF F <= FACTR*EPSMCH,13,False,True
18.28,133.4982219956148,1255.9044965985288,1122.406274602914,-0.026705767685998017,0.01764235872684057,0.08453885276223438,0.08636012070279471,-1.3650597489489547,0.09983990444462944,0.00565627797118072,0.1,-0.05659298388701336,True,CONVERGENCE: RELATIVE REDUCTION OF F <= FACTR*EPSMCH,13,False,True
18.29,133.79364092796527,1255.9044965985288,1122.1108556705635,-0.02657670822978738,0.01770485861767216,0.08437101586831171,0.08620864421461845,-1.3639523316602755,0.09975539419469731,0.006990087915080295,0.1,-0.06995792884290353,True,CONVERGENCE: RELATIVE REDUCTION OF F <= FACTR*EPSMCH,19,False,True
18.3,134.02822541801652,1255.9044965985288,1121.8762711805123,-0.026446959180391437,0.01776504272730958,0.08420700106613735,0.08606053550644216,-1.3628765154428062,0.09965348263136724,0.008317655886113036,0.1,-0.08327276596510319,True,CONVERGENCE: RELATIVE REDUCTION OF F <= FACTR*EPSMCH,21,False,True
18.31,134.20168487701858,1255.9044965985288,1121.7028117215102,-0.026315539538887874,0.017825648441886766,0.08404677184255815,0.0859163174229946,-1.3618013326732148,0.09953433903760722,0.009639260985504052,0.1,-0.09654251002109909,True,CONVERGENCE: RELATIVE REDUCTION OF F <= FACTR*EPSMCH,20,False,True
18.32,134.31375494834015,1255.9044965985288,1121.5907416501886,-0.026183071591198058,0.017884064599225112,0.08389022043518056,0.08577533941205039,-1.3607564422662513,0.09939814201176206,0.010954878575757134,0.1,-0.10976909226120345,True,CONVERGENCE: RELATIVE REDUCTION OF F <= FACTR*EPSMCH,18,False,True
18.33,134.36419729724662,1255.9044965985288,1121.5402993012822,-0.026049146989819756,0.0179419152041144,0.08373827643165273,0.085638842010711,-1.3597258424666139,0.09924511120566981,0.0122640899284958,0.1,-0.12295043494896071,True,CONVERGENCE: RELATIVE REDUCTION OF F <= FACTR*EPSMCH,20,False,True
18.34,134.35279935207222,1255.9044965985288,1121.5516972464566,-0.0259144003246893,0.01799859387501272,0.08359044209905847,0.0855062067442691,-1.3587154699958026,0.09907541601446285,0.013566942970364402,0.1,-0.1360891081667218,True,CONVERGENCE: RELATIVE REDUCTION OF F <= FACTR*EPSMCH,22,False,True
18.35,134.27937411754374,1255.9044965985288,1121.625122480985,-0.025778685261091575,0.018054159779879377,0.08344673895626929,0.08537746147428585,-1.357724931059509,0.09888907049403925,0.01486444539244359,0.1,-0.14919735668310358,True,CONVERGENCE: RELATIVE REDUCTION OF F <= FACTR*EPSMCH,11,False,True
18.36,134.14376001188998,1255.9044965985288,1121.7607365866388,-0.025641763936051835,0.018110041038652786,0.08330797554831222,0.08525369420957589,-1.3567400953903315,0.09868637622818649,0.01615546802011104,0.1,-0.16226582521100313,True,CONVERGENCE: RELATIVE REDUCTION OF F <= FACTR*EPSMCH,13,False,True
18.37,133.94582068815112,1255.9044965985288,1121.9586759103777,-0.02550380581321812,0.01816437823389148,0.08317282456167054,0.08513320963167251,-1.3557791710313731,0.09846738648421116,0.017440579089267386,0.1,-0.17530227809057533,True,CONVERGENCE: RELATIVE REDUCTION OF F <= FACTR*EPSMCH,17,False,True
18.38,133.68544495884453,1255.9044965985288,1122.2190516396843,-0.02536472772015103,0.018217015910889797,0.08304183894684346,0.08501650830498216,-1.3548455496935632,0.09823230220010926,0.018719369766806014,0.1,-0.18830456263993606,True,CONVERGENCE: RELATIVE REDUCTION OF F <= FACTR*EPSMCH,14,False,True
18.39,133.36254666025093,1255.9044965985288,1122.5419499382779,-0.025225052706212087,0.018269523657182145,0.0829156931574743,0.08490457977308861,-1.3539231235002926,0.09798119480553104,0.019992135065584633,0.1,-0.20127765029712436,True,CONVERGENCE: RELATIVE REDUCTION OF F <= FACTR*EPSMCH,18,False,True
18.4,132.97706460838003,1255.9044965985288,1122.9274319901488,-0.025084163952472184,0.01832150818870001,0.08279404297694683,0.08479700003406442,-1.353015743017035,0.09771415976867187,0.02125895060209857,0.1,-0.21422428200862503,True,CONVERGENCE: RELATIVE REDUCTION OF F <= FACTR*EPSMCH,22,False,True
18.41,132.5289625571047,1255.9044965985288,1123.375534041424,-0.024942282601524847,0.01837225994248292,0.08267635541674764,0.08469309110187524,-1.3521304178764117,0.09743123035597202,0.02252010993138169,0.1,-0.22714943254423076,True,CONVERGENCE: RELATIVE REDUCTION OF F <= FACTR*EPSMCH,16,False,True
18.42,132.0182291653923,1255.9044965985288,1123.8862674331365,-0.024800271276893094,0.018421704674253622,0.08256247980588229,0.0845926845229665,-1.3512678125555908,0.09713228305442614,0.02377645029508906,0.1,-0.24006370285905104,True,CONVERGENCE: RELATIVE REDUCTION OF F <= FACTR*EPSMCH,19,False,True
18.43,131.4448780191633,1255.9044965985288,1124.4596185793655,-0.024656787947776395,0.01847111665191272,0.08245399204389052,0.08449759141148658,-1.3504174754942915,0.0968178889728327,0.02502591406610842,0.1,-0.25294790371733206,True,CONVERGENCE: RELATIVE REDUCTION OF F <= FACTR*EPSMCH,18,False,True
18.44,130.80894763765718,1255.9044965985288,1125.0955489608716,-0.024512904195189592,0.01852020052552467,0.08234915616305119,0.08440605042455332,-1.3495785092527721,0.0964878491397974,0.026269658703068462,0.1,-0.2658158867056916,True,CONVERGENCE: RELATIVE REDUCTION OF F <= FACTR*EPSMCH,16,False,True
18.45,130.11050155240264,1255.9044965985288,1125.7939950461262,-0.02436780188836864,0.018567754933094222,0.0822498743262397,0.08431964984472878,-1.348769922230943,0.09614223242179323,0.027507656115232537,0.1,-0.2786693347013085,True,CONVERGENCE: RELATIVE REDUCTION OF F <= FACTR*EPSMCH,19,False,True
18.46,129.34962839290665,1255.9044965985288,1126.5548682056221,-0.02422239862195067,0.018615648840820502,0.08215359291022876,0.08423630577028134,-1.3479636179908918,0.09578081274380457,0.028740840456330515,0.1,-0.2915199787645344,True,CONVERGENCE: RELATIVE REDUCTION OF F <= FACTR*EPSMCH,12,False,True
18.47,128.5264419409882,1255.9044965985288,1127.3780546575406,-0.024076525240373164,0.018663403113860572,0.08206264994492037,0.08415819111514339,-1.3471714033952176,0.09540390620442307,0.029968227857810455,0.1,-0.30435960890157915,True,CONVERGENCE: RELATIVE REDUCTION OF F <= FACTR*EPSMCH,17,False,True
18.48,127.64108131556509,1255.9044965985288,1128.2634152829637,-0.023930412384696422,0.01870980315506585,0.08197636430240776,0.08408436857313246,-1.3464057452202254,0.09501146786999971,0.031190078120902683,0.1,-0.3171929580953056,True,CONVERGENCE: RELATIVE REDUCTION OF F <= FACTR*EPSMCH,13,False,True
18.49,126.69371110155657,1255.9044965985288,1129.2107854969722,-0.023783245101970798,0.018755272194130427,0.08189406199336628,0.08401427036432109,-1.3456601289827093,0.094603338896397,0.03240691700321801,0.1,-0.3300276327600012,True,CONVERGENCE: RELATIVE REDUCTION OF F <= FACTR*EPSMCH,11,False,True
18.5,125.6845215248602,1255.9044965985288,1130.2199750736686,-0.023636014286612085,0.018800298882456434,0.08181607804244358,0.08394832853795786,-1.3449299243758959,0.09417985978802629,0.03361776331506469,0.1,-0.3428553601896601,True,CONVERGENCE: RELATIVE REDUCTION OF F <= FACTR*EPSMCH,20,False,True
18.51,124.61372866000738,1255.9044965985288,1131.2907679385214,-0.023488164163875835,0.018844542681066775,0.0817423741640215,0.08388642633244925,-1.3442191290907683,0.09374059490671416,0.03482385484887215,0.1,-0.35569137610663143,True,CONVERGENCE: RELATIVE REDUCTION OF F <= FACTR*EPSMCH,22,False,True
18.52,123.48157467366468,1255.9044965985288,1132.422921924864,-0.023340349053295927,0.01888897552593346,0.08167228592453542,0.083828131820758,-1.3435148063385371,0.09328560295555427,0.0360249397115205,0.1,-0.36853522755595397,True,CONVERGENCE: RELATIVE REDUCTION OF F <= FACTR*EPSMCH,20,False,True
18.53,122.28832806967944,1255.9044965985288,1133.6161685288494,-0.02319225329065582,0.01893276159991604,0.08160789500916871,0.08377528268902922,-1.3428323949883028,0.09281493601598793,0.03722079596607341,0.1,-0.3813867733056433,True,CONVERGENCE: RELATIVE REDUCTION OF F <= FACTR*EPSMCH,20,False,True
18.54,121.03428399101699,1255.9044965985288,1134.8702126075118,-0.02304389529962984,0.01897534640600291,0.08154709708018584,0.08372569983841917,-1.3421728235137058,0.09232815264721117,0.03841239681083798,0.1,-0.3942588108238537,True,CONVERGENCE: RELATIVE REDUCTION OF F <= FACTR*EPSMCH,15,False,True
18.55,119.71976453685647,1255.9044965985288,1136.1847320616723,-0.022895961325695675,0.01901834563377314,0.08148991295811525,0.0836797668768673,-1.3415174631528182,0.09182486557187917,0.03960043008234028,0.1,-0.40716130681895824,True,CONVERGENCE: RELATIVE REDUCTION OF F <= FACTR*EPSMCH,14,False,True
18.56,118.34511912345238,1255.9044965985288,1137.5593774750764,-0.022747665001503395,0.019061083967182885,0.08143779764939696,0.08363874585374963,-1.3408782328419724,0.0913064022867133,0.04078162455637193,0.1,-0.42006110386726264,True,CONVERGENCE: RELATIVE REDUCTION OF F <= FACTR*EPSMCH,14,False,True
18.57,116.91072486085113,1255.9044965985288,1138.9937717376777,-0.022599682665066366,0.019102664037776985,0.08138932338332977,0.08360103907330584,-1.3402618161698119,0.09077093996228179,0.04195993873165017,0.1,-0.4330039303796731,True,CONVERGENCE: RELATIVE REDUCTION OF F <= FACTR*EPSMCH,25,False,True
18.58,115.4169869993325,1255.9044965985288,1140.4875095991963,-0.02245166361358818,0.019143312795663458,0.08134490652348636,0.08356710023751779,-1.339666814862686,0.09021902086550573,0.04313384140172821,0.1,-0.4459757681960027,True,CONVERGENCE: RELATIVE REDUCTION OF F <= FACTR*EPSMCH,18,False,True
18.59,113.86433940562802,1255.9044965985288,1142.0401571929008,-0.022304301469996582,0.019184820044542812,0.08130432748186399,0.08353712340881553,-1.3390718789673206,0.0896500777199644,0.04430421610641976,0.1,-0.458989211827662,True,CONVERGENCE: RELATIVE REDUCTION OF F <= FACTR*EPSMCH,14,False,True
18.6,112.2532450710296,1255.9044965985288,1143.6512515274992,-0.022157293795621938,0.019224708005169826,0.08126761005363496,0.08351056125852413,-1.3385060317818827,0.08906409676333527,0.045470723193404936,0.1,-0.4720434703897659,True,CONVERGENCE: RELATIVE REDUCTION OF F <= FACTR*EPSMCH,16,False,True
18.61,110.58419668947158,1255.9044965985288,1145.3202999090572,-0.022010800200623237,0.019263596637850103,0.08123478109234723,0.0834875788039596,-1.3379622190749398,0.08846099315399295,0.04663317156498381,0.1,-0.4851394418754319,True,CONVERGENCE: RELATIVE REDUCTION OF F <= FACTR*EPSMCH,11,False,True
18.62,108.85771728335317,1255.9044965985288,1147.0467793151756,-0.02186476985893144,0.01930426242776008,0.08120591537386082,0.08346888785401704,-1.3374083738559095,0.08783998116468471,0.04779265329512307,0.1,-0.49829268754465933,True,CONVERGENCE: RELATIVE REDUCTION OF F <= FACTR*EPSMCH,16,False,True
18.63,107.07436091284376,1255.9044965985288,1148.830135685685,-0.021719649616160543,0.019342571211173734,0.0811800923532792,0.08345263600118494,-1.3368902069786321,0.08720094537471046,0.04894890321301147,0.1,-0.5115036905249247,True,CONVERGENCE: RELATIVE REDUCTION OF F <= FACTR*EPSMCH,10,False,True
18.64,105.23471340136803,1255.9044965985288,1150.6697831971608,-0.021575452246313062,0.019379451710822358,0.08115865581965212,0.08344034134077383,-1.33640069882339,0.08654372674986677,0.050101730112286504,0.1,-0.5247738526273095,True,CONVERGENCE: RELATIVE REDUCTION OF F <= FACTR*EPSMCH,13,False,True
18.65,103.33939324491894,1255.9044965985288,1152.5651033536099,-0.021432383005196395,0.019417237783301535,0.08113969599674872,0.0834306861387228,-1.3359073991901267,0.08586622869549998,0.05125417806981297,0.1,-0.5381423473993,True,CONVERGENCE: RELATIVE REDUCTION OF F <= FACTR*EPSMCH,20,False,True
18.66,101.38905246906734,1255.9044965985288,1154.5154441294615,-0.021289792343843,0.019453529944909162,0.08112366684696745,0.08342355272952144,-1.335439592080741,0.08517044776343814,0.0524022406751415,0.1,-0.5515668992228406,True,CONVERGENCE: RELATIVE REDUCTION OF F <= FACTR*EPSMCH,13,False,True
18.67,99.38437773570627,1255.9044965985288,1156.5201188628225,-0.02114869245423406,0.019488888771918244,0.08111106096739282,0.08341954804972462,-1.3349921718648101,0.08445363924056534,0.05354981623707446,0.1,-0.5650975017951253,True,CONVERGENCE: RELATIVE REDUCTION OF F <= FACTR*EPSMCH,14,False,True
18.68,97.32609146580944,1255.9044965985288,1158.5784051327194,-0.021009224570006896,0.01952374656130855,0.08110159014946695,0.0834184907832929,-1.3345593447714137,0.08371643471223354,0.05469514200614476,0.1,-0.5787183325967992,True,CONVERGENCE: RELATIVE REDUCTION OF F <= FACTR*EPSMCH,14,False,True
18.69,95.21495314800131,1255.9044965985288,1160.6895434505275,-0.020871204498177764,0.019557743881466628,0.08109440375098238,0.08341946814419515,-1.334142955021903,0.08295716513825968,0.055840028225489946,0.1,-0.592456179673554,True,CONVERGENCE: RELATIVE REDUCTION OF F <= FACTR*EPSMCH,16,False,True
18.7,93.0517607716622,1255.9044965985288,1162.8527358268666,-0.020734940177209615,0.019590928543806136,0.0810905525934616,0.08342351108123824,-1.3337454334210217,0.08217573038026303,0.0569837637969827,0.1,-0.6063082626215568,True,CONVERGENCE: RELATIVE REDUCTION OF F <= FACTR*EPSMCH,15,False,True
18.71,90.83735245708863,1255.9044965985288,1165.0671441414402,-0.02060041290675274,0.019623170083703095,0.08108834119215541,0.08342893911245275,-1.3333635609256407,0.08137116682743785,0.05812687166140355,0.1,-0.620286996181101,True,CONVERGENCE: RELATIVE REDUCTION OF F <= FACTR*EPSMCH,11,False,True
18.72,88.5726082964486,1255.9044965985288,1167.3318883020802,-0.0204677686514484,0.019653611647920587,0.08108850720877556,0.08343626580902891,-1.3330094166174338,0.0805421359904841,0.05927026514273718,0.1,-0.6344102887773418,True,CONVERGENCE: RELATIVE REDUCTION OF F <= FACTR*EPSMCH,18,False,True
18.73,86.25845239932028,1255.9044965985288,1169.6460441992085,-0.020337195617747397,0.019682247064847072,0.0810906020597148,0.0834450513327705,-1.3326818211933833,0.07968754097058789,0.060414367612852474,0.1,-0.6486908271684793,True,CONVERGENCE: RELATIVE REDUCTION OF F <= FACTR*EPSMCH,21,False,True
18.74,83.89585524609288,1255.9044965985288,1172.008641352436,-0.02020964406839374,0.019709232109159654,0.08109438399534567,0.08345509538618541,-1.3323782855218027,0.07880630807200888,0.06155944938073789,0.1,-0.6631401178132309,True,CONVERGENCE: RELATIVE REDUCTION OF F <= FACTR*EPSMCH,17,False,True
18.75,81.4858363454141,1255.9044965985288,1174.4186602531147,-0.020084587354185494,0.019734678038267225,0.08109906050159929,0.0834656524057419,-1.3320952744376595,0.07789693871055464,0.06270619538390203,0.1,-0.6777757499019658,True,CONVERGENCE: RELATIVE REDUCTION OF F <= FACTR*EPSMCH,13,False,True
18.76,79.0294672810644,1255.9044965985288,1176.8750293174644,-0.019962150633613684,0.019758188678350493,0.0811053111522667,0.08347728743170381,-1.3318393232670507,0.0769579579165918,0.06385509152219647,0.1,-0.6926138348961978,True,CONVERGENCE: RELATIVE REDUCTION OF F <= FACTR*EPSMCH,17,False,True
18.77,76.5278751713638,1255.9044965985288,1179.376621427165,-0.019843406617288135,0.01977907778445046,0.081112644459,0.08348935865806784,-1.3316170214745402,0.07598823992127529,0.06500605659218767,0.1,-0.7076641383440508,True,CONVERGENCE: RELATIVE REDUCTION OF F <= FACTR*EPSMCH,17,False,True
18.78,73.99252129232104,1255.9044965985288,1181.9119753062078,-0.019708862319628758,0.019768901434210253,0.08123044068737284,0.0836013992597033,-1.3320690858962616,0.07407412488215943,0.06542844296277,0.09883246999640452,-0.7235022542571297,True,CONVERGENCE: RELATIVE REDUCTION OF F <= FACTR*EPSMCH,16,False,False
18.79,71.45775304645463,1255.9044965985288,1184.4467435520742,-0.019574021138584054,0.019740861027871693,0.08140314006965378,0.08376259790217479,-1.3328818918602034,0.07170085834809216,0.06546027239112656,0.09708790011826222,-0.7399313093520803,True,CONVERGENCE: RELATIVE REDUCTION OF F <= FACTR*EPSMCH,24,False,False
18.8,68.92954388168891,1255.9044965985288,1186.9749527168399,-0.019448432445680282,0.019708452087609154,0.08157581890231132,0.08392280568041251,-1.333742115169342,0.06930123842307236,0.06543964110784907,0.09531530976341424,-0.7567465723473666,True,CONVERGENCE: RELATIVE REDUCTION OF F <= FACTR*EPSMCH,20,False,False
18.81,66.41165240351984,1255.9044965985288,1189.492844195009,-0.019332837480301165,0.01966893015739721,0.08174850039148632,0.08408141370001701,-1.3346813148115952,0.066873097924239,0.06536682187526771,0.09351380982538267,-0.7740081768230959,True,CONVERGENCE: RELATIVE REDUCTION OF F <= FACTR*EPSMCH,14,False,False
18.82,63.90786236064241,1255.9044965985288,1191.9966342378864,-0.019226666054020014,0.019625508231706765,0.08192131672435557,0.08423931805994733,-1.3356623721480279,0.06441971414959854,0.06524098078904064,0.09168579576702139,-0.7917320462850616,True,CONVERGENCE: RELATIVE REDUCTION OF F <= FACTR*EPSMCH,21,False,False
18.83,61.42197649303421,1255.9044965985288,1194.4825201054946,-0.019131044247536675,0.01957495038693941,0.08209342503905645,0.0843949590751386,-1.3367200573920928,0.0619417335865342,0.06506203878090365,0.08983232853507132,-0.8099618243125063,True,CONVERGENCE: RELATIVE REDUCTION OF F <= FACTR*EPSMCH,18,False,False
18.84,58.95781029031241,1255.9044965985288,1196.9466863082164,-0.019046456145839018,0.019519426631375236,0.08226412093954183,0.08454817330949974,-1.3378271371343184,0.05943949631698798,0.06483063856033412,0.08795490559689044,-0.82875342292028,True,CONVERGENCE: RELATIVE REDUCTION OF F <= FACTR*EPSMCH,19,False,False
18.85,56.51918545751937,1255.9044965985288,1199.3853111410094,-0.01897133287684392,0.019457484931328168,0.08243250190530235,0.08469776319490697,-1.3389976766042446,0.05691455772022484,0.06454642313938487,0.0860552591105118,-0.8481495532545018,True,CONVERGENCE: RELATIVE REDUCTION OF F <= FACTR*EPSMCH,15,False,False
18.86,54.109923146323354,1255.9044965985288,1201.7945734522054,-0.018908144557595468,0.019387232145620045,0.08259849895611454,0.08484324840593634,-1.3402530284682403,0.05436623743803138,0.06420923674039765,0.08413390431896547,-0.8682186952652461,True,CONVERGENCE: RELATIVE REDUCTION OF F <= FACTR*EPSMCH,22,False,False
18.87,51.73383704121011,1255.9044965985288,1204.1706595573187,-0.01885615244893293,0.01931101552886817,0.08276108008097226,0.08498418498123807,-1.3415632837819638,0.051797540199434895,0.0638196301928883,0.08219446677647525,-0.8890076908816344,True,CONVERGENCE: RELATIVE REDUCTION OF F <= FACTR*EPSMCH,16,False,False
18.88,49.39472622145945,1255.9044965985288,1206.5097703770693,-0.01881616648120543,0.01922767385036951,0.08292123080743137,0.08512128970072934,-1.3429442865705992,0.04920981470970155,0.0633771880042558,0.08023885482165075,-0.9105751205205124,True,CONVERGENCE: RELATIVE REDUCTION OF F <= FACTR*EPSMCH,23,False,False
18.89,47.09636782799066,1255.9044965985288,1208.8081287705381,-0.018786654473206328,0.019137042807465653,0.08307540774245714,0.08525109840342399,-1.3443884318432553,0.04660294852726132,0.06288201984610177,0.07826866059515843,-0.9330044700832804,True,CONVERGENCE: RELATIVE REDUCTION OF F <= FACTR*EPSMCH,22,False,False
18.9,44.8425095801947,1255.9044965985288,1211.061987018334,-0.018769319774794773,0.01903773822156862,0.08322561104347075,0.08537527634012118,-1.345916833412972,0.043977336994487526,0.062334967175109224,0.07628665874088775,-0.9563884280736508,True,CONVERGENCE: RELATIVE REDUCTION OF F <= FACTR*EPSMCH,15,False,False
18.91,42.636862165895764,1255.9044965985288,1213.267634432633,-0.018764251744512007,0.018930952516828005,0.08337086274984515,0.08549316767349256,-1.3475132945645256,0.04133567369872793,0.061734847877522765,0.07429555412397558,-0.9807878517281511,True,CONVERGENCE: RELATIVE REDUCTION OF F <= FACTR*EPSMCH,16,False,False
18.92,40.483091447214974,1255.9044965985288,1215.4214051513138,-0.0187709662707585,0.018816061043308564,0.08351016892032605,0.08560369423270765,-1.3491824554202843,0.03867893975236209,0.0610831849614407,0.07229948731077165,-1.0063096323852296,True,CONVERGENCE: RELATIVE REDUCTION OF F <= FACTR*EPSMCH,17,False,False
18.93,38.38481059214109,1255.9044965985288,1217.5196860063877,-0.01879000592273284,0.018693612902031125,0.08364312570924921,0.08570661375730726,-1.3509171884943671,0.0360059741663385,0.06037836757363007,0.07029919947284904,-1.033073100967496,True,CONVERGENCE: RELATIVE REDUCTION OF F <= FACTR*EPSMCH,22,False,False
18.94,36.3455720891543,1255.9044965985288,1219.5589245093745,-0.018821216371132994,0.018560188122066123,0.08376956776577765,0.08580105516129566,-1.3527562217995992,0.03332129562103313,0.059622671458507706,0.06830206214832339,-1.0611689929093575,True,CONVERGENCE: RELATIVE REDUCTION OF F <= FACTR*EPSMCH,18,False,False
18.95,34.36885968208867,1255.9044965985288,1221.5356369164401,-0.0188644779462346,0.01841851389996627,0.0838883194153614,0.08588650527653895,-1.3546658103620064,0.030625286649612816,0.058813633828577315,0.06630951444923215,-1.0907124409911717,True,CONVERGENCE: RELATIVE REDUCTION OF F <= FACTR*EPSMCH,19,False,False
18.96,32.45808028355941,1255.9044965985288,1223.4464163149694,-0.01892049345250641,0.018267906437328445,0.0839992842411431,0.0859627603013499,-1.3566538832516903,0.02791822115753705,0.05795460561332571,0.06432855807802063,-1.1218747693432887,True,CONVERGENCE: RELATIVE REDUCTION OF F <= FACTR*EPSMCH,19,False,False
18.97,30.616555844683262,1255.9044965985288,1225.2879407538455,-0.018988395435615455,0.018107639832297143,0.08410331591093322,0.0860305432245457,-1.3587312129785756,0.02520308932130318,0.0570429554474933,0.0623626048006519,-1.1547602388907758,True,CONVERGENCE: RELATIVE REDUCTION OF F <= FACTR*EPSMCH,18,False,False
18.98,28.847515215522208,1255.9044965985288,1227.0569813830066,-0.01906871828617505,0.01793628017161424,0.08419749238021298,0.0860867461895887,-1.3609074278217383,0.022478931185371434,0.056080657644664716,0.0604180644269142,-1.1895727755604943,True,CONVERGENCE: RELATIVE REDUCTION OF F <= FACTR*EPSMCH,16,False,False
18.99,27.154086041680785,1255.9044965985288,1228.750410556848,-0.019161728933969602,0.01775542589187747,0.0842835092201419,0.08613341439339148,-1.3631691185572616,0.019749712236576015,0.05506753630711154,0.058502005849052796,-1.2264405512699899,True,CONVERGENCE: RELATIVE REDUCTION OF F <= FACTR*EPSMCH,16,False,False
19.0,25.53928675474299,1255.9044965985288,1230.3652098437858,-0.019266648578459597,0.01756584988071787,0.08435939167601986,0.08616882293486458,-1.3655034540033628,0.01701430430050964,0.05400442372631866,0.056621235705714784,-1.265586468586795,True,CONVERGENCE: RELATIVE REDUCTION OF F <= FACTR*EPSMCH,19,False,False
19.01,24.006018546202313,1255.9044965985288,1231.8984780523265,-0.019383176256161816,0.01736275749670314,0.08442512932941712,0.08619204029478666,-1.367965732455986,0.014276527654509867,0.05288999449868694,0.05478294223516222,-1.307150945463757,True,CONVERGENCE: RELATIVE REDUCTION OF F <= FACTR*EPSMCH,22,False,False
19.02,22.557057623795345,1255.9044965985288,1233.3474389747334,-0.019512664474111863,0.017152034813354207,0.08448215229913532,0.08620572112877897,-1.3704932912051468,0.011536419981706432,0.051726164243713436,0.052997028722013596,-1.3513589714197578,True,CONVERGENCE: RELATIVE REDUCTION OF F <= FACTR*EPSMCH,15,False,False
19.03,21.195047415665385,1255.9044965985288,1234.7094491828634,-0.019653601919965305,0.016928490370333275,0.08452766867685184,0.08620615150998279,-1.3731396390268216,0.008797413232558574,0.05051290600646764,0.05127326937891353,-1.398364172608126,True,CONVERGENCE: RELATIVE REDUCTION OF F <= FACTR*EPSMCH,20,False,False
19.04,19.922491155001353,1255.9044965985288,1235.9820054435274,-0.019805993854510227,0.01669580732045468,0.08456269834319344,0.08619512708479336,-1.375866379270732,0.006058951573661756,0.049250200712549694,0.04962149901402021,-1.4483875054614348,True,CONVERGENCE: RELATIVE REDUCTION OF F <= FACTR*EPSMCH,19,False,False
19.05,18.74174452390639,1255.9044965985288,1237.1627520746224,-0.01997078583646796,0.016448868442707442,0.08458730365434661,0.08617178895994985,-1.3787330772707251,0.0033226966078099165,0.04793937065257015,0.048054381395581984,-1.5015966026769116,True,CONVERGENCE: RELATIVE REDUCTION OF F <= FACTR*EPSMCH,16,False,False
19.06,17.655008703176463,1255.9044965985288,1238.2494878953523,-0.020145344034849463,0.016194091327742837,0.0846008200580065,0.08613679439367633,-1.3816664675115007,0.0005945693554884077,0.046579311976021,0.046583106561048276,-1.5580323540989847,True,CONVERGENCE: RELATIVE REDUCTION OF F <= FACTR*EPSMCH,17,False,False
19.07,16.664323490463858,1255.9044965985288,1239.240173108065,-0.020332071599488875,0.015925922522189967,0.08460285211524957,0.08608877739994678,-1.3847303897616108,-0.002131737576258366,0.045172795325828075,0.04522306648871997,-1.6179520814119834,True,CONVERGENCE: RELATIVE REDUCTION OF F <= FACTR*EPSMCH,24,False,False
19.08,15.771560939518622,1255.9044965985288,1240.1329356590102,-0.020529154298381782,0.01564925285746583,0.08459229278740389,0.08602764156959533,-1.3878682331824672,-0.004847823655882601,0.043717706587995335,0.043985671115859826,-1.6812343862579533,True,CONVERGENCE: RELATIVE REDUCTION OF F <= FACTR*EPSMCH,22,False,False
19.09,14.978419293645857,1255.9044965985288,1240.926077304883,-0.02073693815384152,0.01535772183780858,0.08457111995170075,0.08595425498445355,-1.391158539975166,-0.007551792711935374,0.04221565874904675,0.04288579504661197,-1.747810071344636,True,CONVERGENCE: RELATIVE REDUCTION OF F <= FACTR*EPSMCH,23,False,False
19.1,14.286417140416233,1255.9044965985288,1241.6180794581126,-0.020955724326735075,0.015056598363766792,0.08453792699950269,0.08586828434096624,-1.3945398559367295,-0.010246951441977906,0.04066956767654089,0.04194059785996133,-1.8176153098482017,True,CONVERGENCE: RELATIVE REDUCTION OF F <= FACTR*EPSMCH,15,False,False
19.11,13.696888301101353,1255.9044965985288,1242.2076082974274,-0.021182822819122635,0.014742487854688515,0.08449326129346806,0.0857697624582924,-1.3980540628779052,-0.012926102248208877,0.03907709557388493,0.041159488794464974,-1.8902512888569354,True,CONVERGENCE: RELATIVE REDUCTION OF F <= FACTR*EPSMCH,16,False,False
19.12,13.210976795681063,1255.9044965985288,1242.6935198028477,-0.021420321209589796,0.014418586121725,0.08443655339583676,0.08565878340904448,-1.4016653050255972,-0.015589150256994604,0.037439278750598604,0.040555162422312885,-1.9653473354142033,True,CONVERGENCE: RELATIVE REDUCTION OF F <= FACTR*EPSMCH,21,False,False
19.13,12.829632620271468,1255.9044965985288,1243.0748639782573,-0.0216667472891328,0.014082564905577667,0.08436741768116102,0.0855346701665897,-1.405401685648209,-0.018236715532228533,0.03575776997169704,0.04013970486628201,-2.042417506177619,True,CONVERGENCE: RELATIVE REDUCTION OF F <= FACTR*EPSMCH,20,False,False
19.14,12.553607739178233,1255.9044965985288,1243.3508888593506,-0.021922096352142623,0.013735338386558153,0.08428697996398177,0.08539879690043603,-1.4092570736731562,-0.020865116619750625,0.03403540537437172,0.039921947729959335,-2.1207500327937514,True,CONVERGENCE: RELATIVE REDUCTION OF F <= FACTR*EPSMCH,18,False,False
19.15,12.383452790040337,1255.9044965985288,1243.5210438084885,-0.02218591066877803,0.01337830033153224,0.0841959775629019,0.08525222318235083,-1.4132188942222055,-0.02346984171776042,0.03226777560225773,0.039900411183023995,-2.1996406210830246,True,CONVERGENCE: RELATIVE REDUCTION OF F <= FACTR*EPSMCH,16,False,False
19.16,12.319514212937975,1255.9044965985288,1243.5849823855908,-0.02245873736901634,0.01300764139922243,0.08409207346845511,0.08509215918634817,-1.4173292883907351,-0.026058704237613795,0.0304580044317868,0.040084237556802495,-2.278510437367386,True,CONVERGENCE: RELATIVE REDUCTION OF F <= FACTR*EPSMCH,18,False,False
19.17,12.36193244590072,1255.9044965985288,1243.542564152628,-0.022737578076710337,0.012626090249503176,0.08397539989100763,0.08491929075212089,-1.4215595700230914,-0.028612662990379536,0.028608934170835865,0.04046177946892913,-2.3562596547407564,True,CONVERGENCE: RELATIVE REDUCTION OF F <= FACTR*EPSMCH,19,False,False
19.18,12.510639268738487,1255.9044965985288,1243.3938573297903,-0.023023837308889985,0.012235814072627414,0.08384838739923059,0.08473645741634092,-1.4258912910506654,-0.03114378508798204,0.026719226230417777,0.041034770621494375,-2.4325120776151588,True,CONVERGENCE: RELATIVE REDUCTION OF F <= FACTR*EPSMCH,16,False,False
19.19,12.765357870438947,1255.9044965985288,1243.1391387280898,-0.02331637423226941,0.01183598736641177,0.08370968044081528,0.08454230418223337,-1.4303341382092452,-0.03364583192545706,0.02479167288189705,0.041793169899387805,-2.5065657784934374,True,CONVERGENCE: RELATIVE REDUCTION OF F <= FACTR*EPSMCH,20,False,False
19.2,13.125601842879405,1255.9044965985288,1242.7788947556494,-0.023616537122724945,0.011421813310127354,0.08355960597237068,0.08433662057225941,-1.4349476246959838,-0.036116397624384816,0.02282671568848482,0.04272532184180229,-2.5779526589742536,True,CONVERGENCE: RELATIVE REDUCTION OF F <= FACTR*EPSMCH,23,False,False
19.21,13.590675608294987,1255.9044965985288,1242.3138209902338,-0.023920028310531367,0.011003546350965862,0.0834009293699592,0.08412367711929132,-1.4396184264571021,-0.038552533471349716,0.020823299450776808,0.043816750644887645,-2.646360360765682,True,CONVERGENCE: RELATIVE REDUCTION OF F <= FACTR*EPSMCH,18,False,False
19.22,14.159675109975979,1255.9044965985288,1241.7448214885528,-0.02423059218233011,0.010568700146455265,0.08322909062510032,0.08389743112316876,-1.4444890760585043,-0.04095837870613891,0.01878447200630536,0.045060461324659816,-2.711590667768344,True,CONVERGENCE: RELATIVE REDUCTION OF F <= FACTR*EPSMCH,20,False,False
19.23,14.831489464693732,1255.9044965985288,1241.073007133835,-0.024544088212839633,0.01012858797968277,0.08305015018574968,0.08366549910409758,-1.4494381462189756,-0.04332117469667941,0.01671424186019198,0.0464337168236747,-2.7733685311809757,True,CONVERGENCE: RELATIVE REDUCTION OF F <= FACTR*EPSMCH,23,False,False
19.24,15.604803263600843,1255.9044965985288,1240.299693334928,-0.02486137988113017,0.00967974738335891,0.0828565809787975,0.08342008463734421,-1.4544981704089839,-0.04564922724835461,0.014605524036260416,0.047928835587208896,-2.8319339966183423,True,CONVERGENCE: RELATIVE REDUCTION OF F <= FACTR*EPSMCH,23,False,False
19.25,16.478098798157134,1255.9044965985288,1239.4263978003717,-0.025183659435496376,0.009222740989289371,0.08265643424345988,0.08316937581345026,-1.459676722851549,-0.04793510155130273,0.012466601924403806,0.049529689321408575,-2.887156682486332,True,CONVERGENCE: RELATIVE REDUCTION OF F <= FACTR*EPSMCH,24,False,False
19.26,17.44966020024617,1255.9044965985288,1238.4548363982826,-0.0255082993958005,0.008756540176530476,0.08244711714803113,0.08291082029436424,-1.4649850314570891,-0.05017878445897284,0.01029575369358046,0.05122414424759998,-2.9392199702387805,True,CONVERGENCE: RELATIVE REDUCTION OF F <= FACTR*EPSMCH,24,False,False
19.27,18.51757714225846,1255.9044965985288,1237.3869194562703,-0.025835697186755904,0.00828239915148871,0.08222902420427493,0.08264508791992306,-1.4704113405607995,-0.052377711351489636,0.008094823540259704,0.05299953598445848,-2.9882586553940005,True,CONVERGENCE: RELATIVE REDUCTION OF F <= FACTR*EPSMCH,21,False,False
19.28,19.679749560344362,1255.9044965985288,1236.2247470381844,-0.026165076010359157,0.0077983830471498854,0.08200362474870992,0.08237359558789033,-1.4759834299528765,-0.05452927046197297,0.005868986104712044,0.05484420055951496,-3.034375378563683,True,CONVERGENCE: RELATIVE REDUCTION OF F <= FACTR*EPSMCH,22,False,False
19.29,20.933893371081695,1255.9044965985288,1234.970603227447,-0.026494742528177385,0.0073118105614938846,0.08176720847845134,0.08209347693967955,-1.4816112559211503,-0.05663334861075047,0.0036114106401576576,0.056748378493826905,-3.0779106093522453,True,CONVERGENCE: RELATIVE REDUCTION OF F <= FACTR*EPSMCH,21,False,False
19.3,22.277545494524247,1255.9044965985288,1233.6269511040045,-0.026826018236893102,0.0068183512608886235,0.08152538073784354,0.0818100092798382,-1.4873558080073317,-0.0586876505729707,0.0013295140047660295,0.05870270809139879,-3.1189424601800635,True,CONVERGENCE: RELATIVE REDUCTION OF F <= FACTR*EPSMCH,22,False,False
19.31,23.708071249672457,1255.9044965985288,1232.1964253488563,-0.027157267026338288,0.006317559183483452,0.08127715306377185,0.0815223108369029,-1.4932237019797947,-0.06068748717280527,-0.0009758429213387571,0.060695332347360374,3.1255142348719165,True,CONVERGENCE: RELATIVE REDUCTION OF F <= FACTR*EPSMCH,14,False,False
19.32,25.222670952708313,1255.9044965985288,1230.6818256458205,-0.027487698671407552,0.005811955920015087,0.08102044785377494,0.08122863905078345,-1.499184559268093,-0.06263662560544786,-0.0033050440774258184,0.06272376091714187,3.0888761817722576,True,CONVERGENCE: RELATIVE REDUCTION OF F <= FACTR*EPSMCH,24,False,False
19.33,26.81838743739422,1255.9044965985288,1229.0861091611346,-0.027817666429209673,0.0053015561028679345,0.08075902688365086,0.08093285439366449,-1.5052437775173375,-0.06452887578270315,-0.005656449407799875,0.06477631688883316,3.0541584937029476,True,CONVERGENCE: RELATIVE REDUCTION OF F <= FACTR*EPSMCH,24,False,False
19.34,28.492114185834907,1255.9044965985288,1227.412382412694,-0.028146164091311897,0.00478673905299653,0.08049251755414988,0.08063472113777419,-1.5113981561207568,-0.06636363401112493,-0.00802866144627632,0.06684752294424574,3.0211979148388655,True,CONVERGENCE: RELATIVE REDUCTION OF F <= FACTR*EPSMCH,15,False,False
19.35,30.240603828782014,1255.9044965985288,1225.6638927697468,-0.028472168510846656,0.004268123872709723,0.08021922259498045,0.08033268671677685,-1.5176406979280437,-0.06814063107000293,-0.010417201770950494,0.06893231241845106,2.9898892546448,True,CONVERGENCE: RELATIVE REDUCTION OF F <= FACTR*EPSMCH,23,False,False
19.36,32.06047695687653,1255.9044965985288,1223.8440196416523,-0.028796455569335317,0.003746560796743959,0.07994363855004931,0.08003138173507082,-1.5239655647983892,-0.06985784966520833,-0.0128245143774361,0.07102525838646356,2.9600341009757862,True,CONVERGENCE: RELATIVE REDUCTION OF F <= FACTR*EPSMCH,19,False,False
19.37,33.948231481836956,1255.9044965985288,1221.9562651166918,-0.02911678385222814,0.0032229284652297422,0.07966319508668245,0.07972836333019018,-1.5303614459674655,-0.07151288837678757,-0.015244601327050567,0.07311970373033243,2.931563634985206,True,CONVERGENCE: RELATIVE REDUCTION OF F <= FACTR*EPSMCH,20,False,False
19.38,35.90025229079424,1255.9044965985288,1220.0042443077346,-0.029434580241619483,0.002695921348228393,0.07938028431230822,0.07942605069760625,-1.5368472728895726,-0.07310400053042959,-0.01768139582908281,0.07521187839708404,2.9042837438782807,True,CONVERGENCE: RELATIVE REDUCTION OF F <= FACTR*EPSMCH,18,False,False
19.39,37.91282108624023,1255.9044965985288,1217.9916755122886,-0.029747675024061365,0.0021699748976841114,0.07909508715357931,0.07912484820136394,-1.543368192011482,-0.07463054455683514,-0.020130287731035063,0.07729777917239289,2.8781301055679354,True,CONVERGENCE: RELATIVE REDUCTION OF F <= FACTR*EPSMCH,19,False,False
19.4,39.9821266606823,1255.9044965985288,1215.9223699378465,-0.030056092227213897,0.0016423242424405398,0.07880683070911314,0.07882394176474636,-1.5499594712120135,-0.07609148326925268,-0.02258838852365562,0.07937347870800786,2.853020637246822,True,CONVERGENCE: RELATIVE REDUCTION OF F <= FACTR*EPSMCH,20,False,False
19.41,42.104275249746934,1255.9044965985288,1213.8002213487819,-0.030359572602606175,0.0011141137482064837,0.07851638112925756,0.07852428512937112,-1.5566077082178196,-0.07748656888029418,-0.02505606541152299,0.08143693738560588,2.828844693460509,True,CONVERGENCE: RELATIVE REDUCTION OF F <= FACTR*EPSMCH,22,False,False
19.42,44.275301161615516,1255.9044965985288,1211.6291954369133,-0.030658167306657477,0.0005867660071705588,0.0782260154073179,0.07822821601476738,-1.5632955612252164,-0.07881142978390528,-0.027531298854352234,0.08348181766822695,2.8055136863488954,True,CONVERGENCE: RELATIVE REDUCTION OF F <= FACTR*EPSMCH,20,False,False
19.43,46.49117735734535,1255.9044965985288,1209.4133192411834,-0.03095027984442756,6.128889605129989e-05,0.0779353587655887,0.07793538286458726,-1.5700099201575546,-0.08006691283784183,-0.03001197456618588,0.08550689532864557,2.7829656270592484,True,CONVERGENCE: NORM OF PROJECTED GRADIENT <= PGTOL,18,False,False
19.44,48.747826265146614,1255.9044965985288,1207.1566703333822,-0.03123646088783262,-0.0004625151869419975,0.07764560406137173,0.07764698159203266,-1.576753002928727,-0.08125126063209916,-0.032496540125135503,0.0875088136955921,2.761128336242824,True,CONVERGENCE: RELATIVE REDUCTION OF F <= FACTR*EPSMCH,12,False,False
19.45,51.04113059046472,1255.9044965985288,1204.863366008064,-0.03151544974128956,-0.0009848551832756592,0.07735467057630253,0.07736093975450602,-1.583527322447719,-0.08236607972157697,-0.034985942731407565,0.08948847566869436,2.7399240026393725,True,CONVERGENCE: RELATIVE REDUCTION OF F <= FACTR*EPSMCH,23,False,False
19.46,53.36694395478071,1255.9044965985288,1202.537552643748,-0.031786919109975754,-0.001503404247632603,0.07706480921970953,0.07707947226338557,-1.5903021633426,-0.08340785435470291,-0.037472861059626265,0.09143897136368818,2.719343823739042,True,CONVERGENCE: RELATIVE REDUCTION OF F <= FACTR*EPSMCH,15,False,False
19.47,55.72110161406658,1255.9044965985288,1200.1833949844622,-0.03205107019109603,-0.0020181092909408956,0.07677878197125221,0.07680530011723972,-1.597075002621449,-0.08437622207177109,-0.03995977852366595,0.0933602203873002,2.69929495789554,True,CONVERGENCE: RELATIVE REDUCTION OF F <= FACTR*EPSMCH,18,False,False
19.48,58.09943099513703,1255.9044965985288,1197.8050656033918,-0.032307900003011314,-0.0025292020683533516,0.0764937323830266,0.07653553394985009,-1.6038484595523101,-0.08527040290999749,-0.04244447634263267,0.09525006658493007,2.6797360125517335,True,CONVERGENCE: RELATIVE REDUCTION OF F <= FACTR*EPSMCH,15,False,False
19.49,60.49776205510443,1255.9044965985288,1195.4067345434244,-0.03255610339594767,-0.0030357118801235842,0.07621162745754959,0.07627206373468237,-1.6106079405853573,-0.086090826940737,-0.0449240048197301,0.09710714027497185,2.6606409922256327,True,CONVERGENCE: RELATIVE REDUCTION OF F <= FACTR*EPSMCH,17,False,False
19.5,62.9119374103002,1255.9044965985288,1192.9925591882286,-0.0327961277472662,-0.003536091621265086,0.07593406382246533,0.07601635345468907,-1.6173306313611469,-0.08683561504666971,-0.04739847125800593,0.09892946536866266,2.6419478529037366,True,CONVERGENCE: RELATIVE REDUCTION OF F <= FACTR*EPSMCH,19,False,False
19.51,65.33456265777227,1255.9044965985288,1190.5699339407565,-0.03292079122978535,-0.0038752237616805824,0.07577105171719223,0.07587008394309652,-1.6218956604708534,-0.08686992543628824,-0.04953398888332863,0.1,2.6233666037838597,True,CONVERGENCE: RELATIVE REDUCTION OF F <= FACTR*EPSMCH,14,False,True
19.52,67.73254701032715,1255.9044965985288,1188.1719495882016,-0.032884257348490833,-0.00397979235984687,0.07577378952269388,0.07587823090885164,-1.6232701297827064,-0.08593012427185837,-0.05114698175477198,0.1,2.6046982523695292,True,CONVERGENCE: RELATIVE REDUCTION OF F <= FACTR*EPSMCH,17,False,True
19.53,70.09687278511274,1255.9044965985288,1185.807623813416,-0.032844434250370654,-0.004080903585985387,0.07577567419813262,0.07588548329067722,-1.6245994121147236,-0.08497534205793816,-0.05271803526437993,0.1,2.586313711571749,True,CONVERGENCE: RELATIVE REDUCTION OF F <= FACTR*EPSMCH,20,False,True
19.54,72.42590881617798,1255.9044965985288,1183.4785877823508,-0.03280127433265604,-0.004180684800641664,0.07577749493828599,0.07589273261995694,-1.6259109862072527,-0.08400593384108208,-0.0542494523427448,0.1,2.568188920568505,True,CONVERGENCE: RELATIVE REDUCTION OF F <= FACTR*EPSMCH,19,False,True
19.55,74.71810616752305,1255.9044965985288,1181.1863904310057,-0.0327549669615198,-0.004278610362195253,0.07577906079133043,0.07589975336618451,-1.62719808706683,-0.08302309826760502,-0.05574195147326294,0.1,2.5503182619047604,True,CONVERGENCE: RELATIVE REDUCTION OF F <= FACTR*EPSMCH,17,False,True
19.56,76.97199339024178,1255.9044965985288,1178.932503208287,-0.0327061983543058,-0.004373935872095907,0.07578000619721878,0.075906130544665,-1.6284512224490901,-0.08202721835721671,-0.05719733777526268,0.1,2.5326830508646063,True,CONVERGENCE: RELATIVE REDUCTION OF F <= FACTR*EPSMCH,20,False,True
19.57,79.1861722273095,1255.9044965985288,1176.7183243712193,-0.03265363746510754,-0.004467474432111212,0.07578133995957372,0.0759129094019591,-1.6296803454904143,-0.08101862983915653,-0.05861724677077334,0.1,2.5152661939831074,True,CONVERGENCE: NORM OF PROJECTED GRADIENT <= PGTOL,12,False,True
19.58,81.35931370109438,1255.9044965985288,1174.5451828974344,-0.032598600443838575,-0.004560147607978768,0.07578301741377835,0.07592009401037111,-1.6308975971812196,-0.0799969908018421,-0.06000401205461175,0.1,2.4980413931706464,True,CONVERGENCE: RELATIVE REDUCTION OF F <= FACTR*EPSMCH,19,False,True
19.59,83.49015447618808,1255.9044965985288,1172.4143421223407,-0.03254014731860185,-0.004650110487868917,0.07578359964320583,0.0759261318811323,-1.6320798712617743,-0.07896437212721624,-0.06135656390765797,0.1,2.4810244377419783,True,CONVERGENCE: RELATIVE REDUCTION OF F <= FACTR*EPSMCH,18,False,True
19.6,85.57749364231245,1255.9044965985288,1170.3270029562163,-0.0324786670823005,-0.00473984157631009,0.07578590868791314,0.07593398484092104,-1.6332574894762735,-0.07791956518964008,-0.06267807719336509,0.1,2.464177817833992,True,CONVERGENCE: RELATIVE REDUCTION OF F <= FACTR*EPSMCH,16,False,True
19.61,87.62018965945254,1255.9044965985288,1168.2843069390763,-0.03241477418645198,-0.004825286367441002,0.07578989083606548,0.07594334033653335,-1.6343771349617096,-0.07686321202547054,-0.06396910689643527,0.1,2.4474963783584784,True,CONVERGENCE: RELATIVE REDUCTION OF F <= FACTR*EPSMCH,14,False,True
19.62,89.61715753965746,1255.9044965985288,1166.2873390588713,-0.032348029874425845,-0.004908812462624486,0.07579361427974761,0.0759524088188148,-1.635471514480772,-0.07579629837522127,-0.06522975664997097,0.1,2.4309809173108166,True,CONVERGENCE: RELATIVE REDUCTION OF F <= FACTR*EPSMCH,16,False,True
19.63,91.56736637327981,1255.9044965985288,1164.337130225249,-0.03227808853409567,-0.004991867373919312,0.07579838056449292,0.0759625778662,-1.6365585397049547,-0.07471844004347288,-0.06646167856343947,0.1,2.4146118305515256,True,CONVERGENCE: RELATIVE REDUCTION OF F <= FACTR*EPSMCH,15,False,True
19.64,93.46983688658725,1255.9044965985288,1162.4346597119415,-0.03220608510414494,-0.0050731584254203555,0.07580372904613794,0.07597329974214435,-1.6376215957703073,-0.07362944987624924,-0.06766612232809636,0.1,2.3983740896422225,True,CONVERGENCE: RELATIVE REDUCTION OF F <= FACTR*EPSMCH,18,False,True
19.65,95.32363929487087,1255.9044965985288,1160.580857303658,-0.03213041667788802,-0.005151763165365978,0.07581070897505703,0.07598555296247317,-1.6386476226665077,-0.07252995436895147,-0.06884334186570126,0.1,2.3822657305771457,True,CONVERGENCE: RELATIVE REDUCTION OF F <= FACTR*EPSMCH,13,False,True
19.66,97.12789124879055,1255.9044965985288,1158.7766053497382,-0.0320525549592921,-0.005228281108504089,0.0758196087840685,0.07599965789080065,-1.6396441861828968,-0.07142090965433015,-0.06999324013180139,0.1,2.3662898096764198,True,CONVERGENCE: RELATIVE REDUCTION OF F <= FACTR*EPSMCH,24,False,True
19.67,98.88175591297068,1255.9044965985288,1157.0227406855581,-0.03197197964923635,-0.005303574090324833,0.0758295834044843,0.07601482498453314,-1.6406233166343664,-0.0703017530042345,-0.0711172519472709,0.1,2.350428009907566,True,CONVERGENCE: RELATIVE REDUCTION OF F <= FACTR*EPSMCH,23,False,True
19.68,100.58444023698644,1255.9044965985288,1155.3200563615424,-0.03188865078962706,-0.005376870820732673,0.07584163526383704,0.07603199576044112,-1.6415739330346666,-0.06917230691953326,-0.07221628594319907,0.1,2.3346686457603107,True,CONVERGENCE: RELATIVE REDUCTION OF F <= FACTR*EPSMCH,23,False,True
19.69,102.23519328788097,1255.9044965985288,1153.6693033106478,-0.03180344748277558,-0.005448604813837753,0.07585504603259752,0.07605047865085969,-1.6425023428887724,-0.06803287207304805,-0.0732907109904951,0.1,2.3190073843664627,True,CONVERGENCE: RELATIVE REDUCTION OF F <= FACTR*EPSMCH,10,False,True
19.7,103.83330470347323,1255.9044965985288,1152.0711918950556,-0.03171469126488538,-0.005516975210783788,0.07587013838390906,0.07607046019231062,-1.6433845963118952,-0.0668837834696589,-0.07434083338774043,0.1,2.3034407193409883,True,CONVERGENCE: RELATIVE REDUCTION OF F <= FACTR*EPSMCH,10,False,True
19.71,105.37810323436975,1255.9044965985288,1150.526393364159,-0.03162362059833296,-0.005584287902130335,0.07588740125859371,0.07609258795149952,-1.6442504291077336,-0.06572464141263215,-0.07536757599379802,0.1,2.2879556988325698,True,CONVERGENCE: RELATIVE REDUCTION OF F <= FACTR*EPSMCH,15,False,True
19.72,106.86895540484443,1255.9044965985288,1149.0355411936844,-0.03153028853595938,-0.0056505507424898845,0.07590636482413579,0.07611639077431517,-1.6451003441877097,-0.06455654118679302,-0.07637049816518089,0.1,2.2725597323454583,True,CONVERGENCE: RELATIVE REDUCTION OF F <= FACTR*EPSMCH,18,False,True
19.73,108.30526418014824,1255.9044965985288,1147.5992324183806,-0.031434431612869664,-0.005714807404731815,0.07592738475286323,0.07614214850582104,-1.6459214260777282,-0.06337854027481252,-0.07735089290133612,0.1,2.2572335913930157,True,CONVERGENCE: RELATIVE REDUCTION OF F <= FACTR*EPSMCH,17,False,True
19.74,109.68646781999905,1255.9044965985288,1146.2180287785297,-0.03133598306483282,-0.005776143096345294,0.07595063828603607,0.07616996314247333,-1.6467014896715912,-0.062191544613784594,-0.07830844002118573,0.1,2.241982688903494,True,CONVERGENCE: RELATIVE REDUCTION OF F <= FACTR*EPSMCH,19,False,True
19.75,111.0120386921617,1255.9044965985288,1144.892457906367,-0.031235130359424403,-0.005835469083472071,0.07597664569793688,0.07620041594987517,-1.6474519182090144,-0.06099525924852627,-0.07924379060346036,0.1,2.2267970914470343,True,CONVERGENCE: RELATIVE REDUCTION OF F <= FACTR*EPSMCH,11,False,True
19.76,112.28148222721347,1255.9044965985288,1143.6230143713153,-0.031131800127832714,-0.005893890297285162,0.07600432358233403,0.07623250714783404,-1.6481882192149866,-0.05978905641032212,-0.0801577740057901,0.1,2.2116632397895764,True,CONVERGENCE: RELATIVE REDUCTION OF F <= FACTR*EPSMCH,10,False,True
19.77,113.4943358787607,1255.9044965985288,1142.410160719768,-0.031026061596672847,-0.005949626985362474,0.07603450461062385,0.07626692567979866,-1.6488862468557284,-0.05857533701242193,-0.08104893518042784,0.1,2.1966055976918963,True,CONVERGENCE: RELATIVE REDUCTION OF F <= FACTR*EPSMCH,18,False,True
19.78,114.65016819621314,1255.9044965985288,1141.2543284023157,-0.030918079138479274,-0.0060036301437468445,0.07606723521372522,0.07630378658993997,-1.649558366265827,-0.0573507230966393,-0.08192004980645827,0.1,2.181577083316566,True,CONVERGENCE: RELATIVE REDUCTION OF F <= FACTR*EPSMCH,13,False,True
19.79,115.74857786821372,1255.9044965985288,1140.155918730315,-0.0308069376892495,-0.006056347865088898,0.0761016962721742,0.07634230494925615,-1.6502112529643271,-0.05611856641335398,-0.08276899482118881,0.1,2.1666139302251017,True,CONVERGENCE: RELATIVE REDUCTION OF F <= FACTR*EPSMCH,14,False,True
19.8,116.78919294567709,1255.9044965985288,1139.1153036528517,-0.030694882193528342,-0.006105423941683908,0.07614007447417868,0.07638446924893283,-1.6508118568154504,-0.05487639832356072,-0.08359773266682478,0.1,2.1516813168762083,True,CONVERGENCE: RELATIVE REDUCTION OF F <= FACTR*EPSMCH,20,False,True
19.81,117.77166996036681,1255.9044965985288,1138.132826638162,-0.03057968025474134,-0.006153934278783471,0.07618018332449858,0.07642834054499546,-1.651402596081668,-0.05362666182670056,-0.08440486444112505,0.1,2.1368040058407445,True,CONVERGENCE: RELATIVE REDUCTION OF F <= FACTR*EPSMCH,11,False,True
19.82,118.69569320081268,1255.9044965985288,1137.208803397716,-0.03046262001098574,-0.006200560720761206,0.0762228601096368,0.07647464518744175,-1.6519653807671808,-0.05236754424960405,-0.0851917854564967,0.1,2.1219559007038815,True,CONVERGENCE: RELATIVE REDUCTION OF F <= FACTR*EPSMCH,14,False,True
19.83,119.56097402508794,1255.9044965985288,1136.3435225734409,-0.030342755304724023,-0.006244101273739359,0.07626854214788045,0.07652371738278095,-1.6524840866751087,-0.05110119000116892,-0.08595736373612463,0.1,2.1071579172439936,True,CONVERGENCE: RELATIVE REDUCTION OF F <= FACTR*EPSMCH,17,False,True
19.84,120.36725015616571,1255.9044965985288,1135.537246442363,-0.030220849514157433,-0.006286034207525762,0.07631658191935282,0.07657502792628595,-1.65297867621423,-0.049824858807658495,-0.08670342233612753,0.1,2.092373924010469,True,CONVERGENCE: RELATIVE REDUCTION OF F <= FACTR*EPSMCH,17,False,True
19.85,121.11428506026277,1255.9044965985288,1134.790211538266,-0.030097079324446874,-0.006326077153433092,0.07636764545068501,0.0766292145583701,-1.6534447647807138,-0.04854044429329636,-0.08742897270247085,0.1,2.0776220311037763,True,CONVERGENCE: RELATIVE REDUCTION OF F <= FACTR*EPSMCH,23,False,True
19.86,121.80186738816656,1255.9044965985288,1134.1026292103622,-0.02997147045756953,-0.006363842455331427,0.07642153417539654,0.07668604420960558,-1.6538775377003052,-0.04724860033320772,-0.08813381738329962,0.1,2.062905693493105,True,CONVERGENCE: RELATIVE REDUCTION OF F <= FACTR*EPSMCH,26,False,True
19.87,122.4298104462896,1255.9044965985288,1133.4746861522392,-0.029842701527982525,-0.006400481754926418,0.07647817796556108,0.07674553975070589,-1.6542920542900417,-0.04594762937609612,-0.08881900334228543,0.1,2.04820180222928,True,CONVERGENCE: RELATIVE REDUCTION OF F <= FACTR*EPSMCH,16,False,True
19.88,122.99795164592729,1255.9044965985288,1132.9065449526015,-0.029711891146811775,-0.00643429660308664,0.07653642132238765,0.07680640573294996,-1.6546675389048326,-0.0446397347160295,-0.0894834849817692,0.1,2.0335315503938793,True,CONVERGENCE: RELATIVE REDUCTION OF F <= FACTR*EPSMCH,20,False,True
19.89,123.50615210543424,1255.9044965985288,1132.3983444930946,-0.029579738029003134,-0.006467064817583554,0.07659870264159165,0.07687121811009505,-1.6550244415728845,-0.043323228928571794,-0.09012822995711478,0.1,2.01887234832288,True,CONVERGENCE: RELATIVE REDUCTION OF F <= FACTR*EPSMCH,20,False,True
19.9,123.95429621985977,1255.9044965985288,1131.950200378669,-0.029444715879647355,-0.00649632781471456,0.0766640775371789,0.07693882673723854,-1.6553319503139066,-0.041998791732622894,-0.0907529696098137,0.1,2.0042283330183635,True,CONVERGENCE: RELATIVE REDUCTION OF F <= FACTR*EPSMCH,15,False,True
19.91,124.34229127379945,1255.9044965985288,1131.5622053247293,-0.029308369499371146,-0.006524016801207279,0.07673147829732586,0.07700832784131482,-1.6556163238145973,-0.040666705650243544,-0.09135764364056492,0.1,1.9895991765773628,True,CONVERGENCE: RELATIVE REDUCTION OF F <= FACTR*EPSMCH,16,False,True
19.92,124.6700671188537,1255.9044965985288,1131.234429479675,-0.029169801309759685,-0.006549892833367688,0.07680178820902356,0.07708057970871983,-1.6558735412406689,-0.039327556812043564,-0.09194206477557204,0.1,1.9749878602250406,True,CONVERGENCE: RELATIVE REDUCTION OF F <= FACTR*EPSMCH,20,False,True
19.93,124.93757589920301,1255.9044965985288,1130.9669206993258,-0.02903016256586701,-0.006573226186308281,0.0768758843024709,0.07715639241037169,-1.656093259546159,-0.03797953180261637,-0.09250705467181436,0.1,1.9603713522820054,True,CONVERGENCE: RELATIVE REDUCTION OF F <= FACTR*EPSMCH,16,False,True
19.94,125.14479180105036,1255.9044965985288,1130.7597047974784,-0.028887407314977444,-0.006594691791238984,0.07695207861128753,0.07723413987621802,-1.656286131536182,-0.03662570358190272,-0.09305137203249933,0.1,1.9457796765108097,True,CONVERGENCE: RELATIVE REDUCTION OF F <= FACTR*EPSMCH,16,False,True
19.95,125.29171079910998,1255.9044965985288,1130.6127857994188,-0.028742910420799447,-0.006615143479755416,0.07703138274394165,0.0773149018669841,-1.6564621074285468,-0.03526447841719257,-0.0935757263501778,0.1,1.9311922876666543,True,CONVERGENCE: RELATIVE REDUCTION OF F <= FACTR*EPSMCH,18,False,True
19.96,125.37835056881727,1255.9044965985288,1130.5261460297115,-0.02859711287061945,-0.0066317527377873576,0.07711345096744483,0.07739809083229164,-1.656585191964902,-0.03389562475274329,-0.09408021376793962,0.1,1.9166035740274634,True,CONVERGENCE: RELATIVE REDUCTION OF F <= FACTR*EPSMCH,17,False,True
19.97,125.40475028864512,1255.9044965985288,1130.4997463098837,-0.028449391120330104,-0.00664731584217886,0.07719841354599974,0.07748407489236016,-1.6566913552453233,-0.03251955402506266,-0.09456467948452546,0.1,1.9020148269065487,True,CONVERGENCE: RELATIVE REDUCTION OF F <= FACTR*EPSMCH,21,False,True
19.98,125.37097060119822,1255.9044965985288,1130.5335259973306,-0.028299741297715196,-0.00666038086499166,0.07728605182394097,0.07757251110928172,-1.6567622362376864,-0.031136601938999697,-0.09502900620175021,0.1,1.8874264976128843,True,CONVERGENCE: RELATIVE REDUCTION OF F <= FACTR*EPSMCH,21,False,True
19.99,125.27709355493721,1255.9044965985288,1130.6274030435916,-0.028148317837507493,-0.0066714430816521295,0.07737688392595139,0.07766395765657245,-1.6568037293069175,-0.029747274261186625,-0.09547303113460756,0.1,1.8728407948417058,True,CONVERGENCE: RELATIVE REDUCTION OF F <= FACTR*EPSMCH,16,False,True
20.0,125.12322259784742,1255.9044965985288,1130.7812740006814,-0.027995464703006904,-0.006680028773778803,0.07747039564401695,0.07775786124668703,-1.6568104317594559,-0.028350714313261527,-0.09589701245569555,0.1,1.8582456666739957,True,CONVERGENCE: RELATIVE REDUCTION OF F <= FACTR*EPSMCH,19,False,True
20.01,124.90948261974563,1255.9044965985288,1130.9950139787832,-0.02784061529379366,-0.006687740458970798,0.07756563357274375,0.07785340958485831,-1.656804028285923,-0.026947296525106065,-0.09630079547951828,0.1,1.8436420365767823,True,CONVERGENCE: RELATIVE REDUCTION OF F <= FACTR*EPSMCH,15,False,True
20.02,124.63602004345171,1255.9044965985288,1131.268476555077,-0.027684329256476237,-0.006692740979049215,0.07766440951526413,0.07795225004557145,-1.656759090706514,-0.025538206879293035,-0.09668402137577042,0.1,1.8290391820230694,True,CONVERGENCE: RELATIVE REDUCTION OF F <= FACTR*EPSMCH,15,False,True
20.03,124.30300293687606,1255.9044965985288,1131.6014936616527,-0.0275267111038423,-0.006694098572806491,0.07776704272993985,0.07805462119991834,-1.6566635269596026,-0.024122417680996957,-0.09704694207044097,0.1,1.8144234079669865,True,CONVERGENCE: RELATIVE REDUCTION OF F <= FACTR*EPSMCH,18,False,True
20.04,123.91062113135399,1255.9044965985288,1131.9938754671748,-0.027367350554302217,-0.006695504742945932,0.07787079165185957,0.07815810883235427,-1.6565676098913937,-0.022699552925674035,-0.09738958002258005,0.1,1.799787892560926,True,CONVERGENCE: RELATIVE REDUCTION OF F <= FACTR*EPSMCH,14,False,True
20.05,123.45908652224875,1255.9044965985288,1132.44541007628,-0.027206699913746028,-0.006692310179845845,0.077978653322749,0.07826530131273209,-1.6564088816411016,-0.021270726334400455,-0.09771159706609571,0.1,1.7851411224193148,True,CONVERGENCE: RELATIVE REDUCTION OF F <= FACTR*EPSMCH,15,False,True
20.06,122.94863319363503,1255.9044965985288,1132.9558634048938,-0.02704462073317716,-0.006688448740048975,0.07808804035388592,0.0783739586397062,-1.6562404485943385,-0.019835436603557292,-0.0980130371672374,0.1,1.7704749664776531,True,CONVERGENCE: RELATIVE REDUCTION OF F <= FACTR*EPSMCH,18,False,True
20.07,122.37951777271678,1255.9044965985288,1133.524978825812,-0.026881082067498195,-0.006682258381662221,0.07820038336989225,0.0784853651089005,-1.656039708623372,-0.01839289575070794,-0.09829395396413551,0.1,1.7557784456845555,True,CONVERGENCE: RELATIVE REDUCTION OF F <= FACTR*EPSMCH,20,False,True
20.08,121.75201978297764,1255.9044965985288,1134.1524768155512,-0.026716696759284973,-0.006673338957346908,0.07831571675224352,0.07859952253835441,-1.655801710444375,-0.016946402950859127,-0.09855363730998017,0.1,1.7410821341295757,True,CONVERGENCE: RELATIVE REDUCTION OF F <= FACTR*EPSMCH,20,False,True
20.09,121.06644187810707,1255.9044965985288,1134.8380547204217,-0.02655040234062845,-0.0066629246247893285,0.07843293029494063,0.07871543126482024,-1.655543457196026,-0.015492650781500056,-0.09879259978238496,0.1,1.7263493893305497,True,CONVERGENCE: RELATIVE REDUCTION OF F <= FACTR*EPSMCH,19,False,True
20.1,120.32311036345413,1255.9044965985288,1135.5813862350747,-0.02638315611620371,-0.006650316127172316,0.07855311059730687,0.07883411627654649,-1.6552550541905764,-0.014032514860020296,-0.0990105475527901,0.1,1.7115861318103691,True,CONVERGENCE: RELATIVE REDUCTION OF F <= FACTR*EPSMCH,20,False,True
20.11,119.52237560291633,1255.9044965985288,1136.3821209956125,-0.02621512034646269,-0.006634316226036627,0.07867549327860336,0.07895471736646656,-1.6549223714598613,-0.012566925602629437,-0.09920721939908395,0.1,1.6967987333497982,True,CONVERGENCE: RELATIVE REDUCTION OF F <= FACTR*EPSMCH,15,False,True
20.12,118.6646124955389,1255.9044965985288,1137.23988410299,-0.026045272099793952,-0.006617995083599993,0.07879977049564768,0.07907718817138923,-1.6545846502178971,-0.011095244630692683,-0.09938257164405179,0.1,1.6819776891805398,True,CONVERGENCE: RELATIVE REDUCTION OF F <= FACTR*EPSMCH,14,False,True
20.13,117.7502209899692,1255.9044965985288,1138.1542756085596,-0.02587456418597152,-0.006597936660861855,0.07892612815985847,0.07920142975027122,-1.6541987611239695,-0.009616886168501848,-0.09953650335641734,0.1,1.6671140443085757,True,CONVERGENCE: RELATIVE REDUCTION OF F <= FACTR*EPSMCH,15,False,True
20.14,116.77962666490862,1255.9044965985288,1139.1248699336202,-0.02570288309635327,-0.006575762986918784,0.07905518429352743,0.07932819689457032,-1.6537846874059585,-0.008132127933329106,-0.09966879398927214,0.1,1.6522075055621173,True,CONVERGENCE: RELATIVE REDUCTION OF F <= FACTR*EPSMCH,16,False,True
20.15,115.75328135518316,1255.9044965985288,1140.1512152433456,-0.025530708432223968,-0.006552104808598615,0.07918678572930253,0.07945739179938724,-1.6533506734861105,-0.006641920494308763,-0.09977918065482039,0.1,1.6372644637790874,True,CONVERGENCE: RELATIVE REDUCTION OF F <= FACTR*EPSMCH,14,False,True
20.16,114.6716637702666,1255.9044965985288,1141.2328328282622,-0.025357311890178005,-0.006526333186362371,0.07931979093874056,0.07958782733197912,-1.652890156528007,-0.005145076265461116,-0.0998675532403923,0.1,1.6222698164464084,True,CONVERGENCE: RELATIVE REDUCTION OF F <= FACTR*EPSMCH,15,False,True
20.17,113.53528022196542,1255.9044965985288,1142.3692163765634,-0.02518310728904736,-0.006497261624646469,0.07945450796855216,0.07971971679041405,-1.652388139255652,-0.0036425593151954284,-0.09993363678779675,0.1,1.6072299798176337,True,CONVERGENCE: RELATIVE REDUCTION OF F <= FACTR*EPSMCH,18,False,True
20.18,112.34466534793705,1255.9044965985288,1143.5598312505917,-0.02500807798752827,-0.006466648827478753,0.07959130205504959,0.07985357167889283,-1.6518664361646567,-0.002132755117612947,-0.09997725419118239,0.1,1.5921254951595027,True,CONVERGENCE: RELATIVE REDUCTION OF F <= FACTR*EPSMCH,14,False,True
20.19,111.10038291977435,1255.9044965985288,1144.8041136787544,-0.024832722185202785,-0.006434414431744944,0.07972975679251502,0.07998897303549436,-1.6513246017642207,-0.0006165281311800513,-0.09999809944725682,0.1,1.576961647165135,True,CONVERGENCE: RELATIVE REDUCTION OF F <= FACTR*EPSMCH,18,False,True
20.2,109.80302669426828,1255.9044965985288,1146.1014699042605,-0.024656269681630344,-0.006399035930792275,0.07987036800937843,0.08012629622537853,-1.6507433344269578,0.0009050472711000728,-0.09999590436331418,0.1,1.5617457305237115,True,CONVERGENCE: RELATIVE REDUCTION OF F <= FACTR*EPSMCH,22,False,True
20.21,108.45322129133615,1255.9044965985288,1147.4512753071926,-0.024479740685123128,-0.0063619121971764244,0.08001247365505097,0.08026499777116304,-1.6501409051591363,0.0024343469771585893,-0.09997036538292135,0.1,1.5464504520402085,True,CONVERGENCE: RELATIVE REDUCTION OF F <= FACTR*EPSMCH,15,False,True
20.22,107.05162316438555,1255.9044965985288,1148.8528734341432,-0.024302036604595442,-0.006322393472395792,0.08015515730791918,0.0804041162023255,-1.649510294456019,0.003970711679180865,-0.09992113614626696,0.1,1.5310787685216891,True,CONVERGENCE: RELATIVE REDUCTION OF F <= FACTR*EPSMCH,14,False,True
20.23,105.59892163194877,1255.9044965985288,1150.30557496658,-0.024124888895536115,-0.0062807331997184685,0.08030011188987533,0.08054536348575592,-1.6488531560302218,0.005513853401701441,-0.0998478713877494,0.1,1.5156298152568777,True,CONVERGENCE: RELATIVE REDUCTION OF F <= FACTR*EPSMCH,18,False,True
20.240000000000002,104.0958399292872,1255.9044965985288,1151.8086566692416,-0.02394705040704048,-0.006237161729314098,0.08044632321822058,0.08068775065502841,-1.648173498824265,0.007064323392814558,-0.09975016458633908,0.1,1.500094203406621,True,CONVERGENCE: RELATIVE REDUCTION OF F <= FACTR*EPSMCH,19,False,True
20.25,102.54313639008319,1255.9044965985288,1153.3613602084456,-0.02376884566445302,-0.006191081503556815,0.08059399634043073,0.0808314402711287,-1.6474639050993216,0.008621795751680992,-0.09962762989259705,0.1,1.4844711929904342,True,CONVERGENCE: RELATIVE REDUCTION OF F <= FACTR*EPSMCH,23,False,True
20.26,100.94160567918516,1255.9044965985288,1154.9628909193436,-0.023590132468435967,-0.006143586126230107,0.08074143856147636,0.08097483282765744,-1.6467396204165659,0.0101873836136573,-0.09947973268514641,0.1,1.4687454500791717,True,CONVERGENCE: RELATIVE REDUCTION OF F <= FACTR*EPSMCH,16,False,True
20.27,99.29208008239107,1255.9044965985288,1156.6124165161377,-0.023411542431055046,-0.006093883190916983,0.08089008450576206,0.08111930216473677,-1.645989644824754,0.011760071421497103,-0.09930609608760828,0.1,1.452922843341332,True,CONVERGENCE: RELATIVE REDUCTION OF F <= FACTR*EPSMCH,18,False,True
20.28,97.59543096037214,1255.9044965985288,1158.3090656381567,-0.023232919619465477,-0.006042362620763704,0.08103889746516266,0.08126384834851196,-1.645219878252131,0.013342361618926471,-0.09910590994703494,0.1,1.4369736405951792,True,CONVERGENCE: RELATIVE REDUCTION OF F <= FACTR*EPSMCH,17,False,True
20.29,95.85257021773964,1255.9044965985288,1160.0519263807892,-0.023054382815753307,-0.005988578342072256,0.08118946321308602,0.08141002399820421,-1.6444235303909827,0.014932187620525214,-0.0988788641362017,0.1,1.4209139022765154,True,CONVERGENCE: RELATIVE REDUCTION OF F <= FACTR*EPSMCH,20,False,True
20.3,94.06445194692083,1255.9044965985288,1161.840044651608,-0.02287544552447132,-0.005932428744678097,0.08133970033117983,0.081555751242796,-1.643601405308259,0.01653114326868778,-0.09862414157917988,0.1,1.4047225465007678,True,CONVERGENCE: RELATIVE REDUCTION OF F <= FACTR*EPSMCH,16,False,True
20.31,92.23207417498702,1255.9044965985288,1163.6724224235418,-0.022697107635269317,-0.005874846837811733,0.08148971465429214,0.08170120819061186,-1.642764924018798,0.018139167670781036,-0.09834109312088865,0.1,1.388394906950184,True,CONVERGENCE: RELATIVE REDUCTION OF F <= FACTR*EPSMCH,18,False,True
20.32,90.35648074528808,1255.9044965985288,1165.5480158532407,-0.02251929563448389,-0.005815230387658543,0.08164003481455587,0.08184688258561496,-1.6419063558397926,0.01975739516327482,-0.09802879850514443,0.1,1.3719138583568373,True,CONVERGENCE: RELATIVE REDUCTION OF F <= FACTR*EPSMCH,20,False,True
20.33,88.43876335978553,1255.9044965985288,1167.4657332387433,-0.02234066497334956,-0.0057547046281448775,0.08178965370787322,0.081991853735667,-1.641040376589792,0.021384052442920527,-0.0976868583849354,0.1,1.355291582433402,True,CONVERGENCE: RELATIVE REDUCTION OF F <= FACTR*EPSMCH,15,False,True
20.34,86.48006380582297,1255.9044965985288,1169.4244327927058,-0.022163921719197024,-0.005691585683799393,0.08193936959097198,0.0821368031795853,-1.64014587744658,0.023021302182346406,-0.0973140259460531,0.1,1.3384997481381564,True,CONVERGENCE: RELATIVE REDUCTION OF F <= FACTR*EPSMCH,20,False,True
20.35,84.48157634215931,1255.9044965985288,1171.4229202563695,-0.021987111999960694,-0.005626635865622758,0.08208813908196963,0.08228074871502508,-1.639233117920257,0.024670916481741082,-0.09690895665494989,0.1,1.3215133481514831,True,CONVERGENCE: NORM OF PROJECTED GRADIENT <= PGTOL,19,False,True
20.36,82.44455029776645,1255.9044965985288,1173.4599463007623,-0.021810796286828228,-0.0055604617067044875,0.08223597198939805,0.0824237455071825,-1.6383094935755955,0.026330829126184098,-0.0964711741274444,0.1,1.3043464151026485,True,CONVERGENCE: RELATIVE REDUCTION OF F <= FACTR*EPSMCH,21,False,True
20.37,80.37029299756455,1255.9044965985288,1175.5342036009642,-0.02163559733849883,-0.005492792479333417,0.08238252349329787,0.0825654343314731,-1.6373720344520626,0.028002157262494345,-0.09599937077213859,0.1,1.2869797460286092,True,CONVERGENCE: RELATIVE REDUCTION OF F <= FACTR*EPSMCH,17,False,True
20.38,78.26017286123397,1255.9044965985288,1177.6443237372948,-0.021461320705527566,-0.005424054529817463,0.08252798596386524,0.08270603868397017,-1.636425757750026,0.029686459114286096,-0.09549195853712406,0.1,1.2693887832958712,True,CONVERGENCE: RELATIVE REDUCTION OF F <= FACTR*EPSMCH,23,False,True
20.39,76.11562287625884,1255.9044965985288,1179.78887372227,-0.021286916742443526,-0.005353027383103553,0.08267111826697263,0.08284424360012005,-1.6354569372812764,0.03138332814598161,-0.09494781047755467,0.1,1.2515687225365586,True,CONVERGENCE: RELATIVE REDUCTION OF F <= FACTR*EPSMCH,17,False,True
20.4,73.9381443571333,1255.9044965985288,1181.9663522413955,-0.021113950682208678,-0.005281643628896613,0.08281195416661284,0.08298021157068623,-1.6344888175268872,0.03309381296671083,-0.09436524542078172,0.1,1.2334987772847523,True,CONVERGENCE: RELATIVE REDUCTION OF F <= FACTR*EPSMCH,17,False,True
20.41,71.72931119784744,1255.9044965985288,1184.1751854006814,-0.020942474551783424,-0.005208726557730927,0.08295100766326985,0.08311438205692842,-1.6335067984554106,0.03481753202879112,-0.0937429435393625,0.1,1.2151724000241486,True,CONVERGENCE: RELATIVE REDUCTION OF F <= FACTR*EPSMCH,17,False,True
20.42,69.49077449293418,1255.9044965985288,1186.4137221055946,-0.02077234056949991,-0.005134649610251751,0.08308689977856291,0.0832454055274705,-1.6325163819300779,0.03655630216120555,-0.09307865905941404,0.1,1.1965587075457307,True,CONVERGENCE: RELATIVE REDUCTION OF F <= FACTR*EPSMCH,26,False,True
20.43,67.22728745123686,1255.9044965985288,1188.677209147292,-0.020585823425641792,-0.004909554582002131,0.08327051265369605,0.08341511855654832,-1.629687252729141,0.03807776901875264,-0.0917444827859287,0.09933260600177087,1.17739075127001,True,CONVERGENCE: RELATIVE REDUCTION OF F <= FACTR*EPSMCH,25,False,False
20.44,64.9689780057056,1255.9044965985288,1190.9355185928232,-0.020378801777374844,-0.004454354626271686,0.08352362209039707,0.0836423141850825,-1.6240763303543462,0.03922458088597442,-0.08942746083209521,0.097651617992516,1.1574470690013436,True,CONVERGENCE: RELATIVE REDUCTION OF F <= FACTR*EPSMCH,17,False,False
20.45,62.72622415219871,1255.9044965985288,1193.17827244633,-0.020179779600340862,-0.003996841747668728,0.08376868430466396,0.08386398043314162,-1.6184730088402275,0.04032516526507205,-0.08705703514391959,0.09594293263031428,1.1370163835302614,True,CONVERGENCE: RELATIVE REDUCTION OF F <= FACTR*EPSMCH,19,False,False
20.46,60.502858926198996,1255.9044965985288,1195.4016376723298,-0.01998935983194667,-0.0035359702638553224,0.08400555256345649,0.08407993784012045,-1.612863596087307,0.04137800228583841,-0.08463556147627255,0.09420890265559173,1.1160711713049623,True,CONVERGENCE: RELATIVE REDUCTION OF F <= FACTR*EPSMCH,21,False,False
20.47,58.30273036237486,1255.9044965985288,1197.601766236154,-0.01980726222637172,-0.0030719722599742883,0.08423361463142008,0.08428961292733902,-1.6072498425760915,0.04238539168187902,-0.0821624771813483,0.09245103614671865,1.0945312179175701,True,CONVERGENCE: RELATIVE REDUCTION OF F <= FACTR*EPSMCH,17,False,False
20.48,56.129693209451716,1255.9044965985288,1199.774803389077,-0.019634695866070206,-0.002605156540284464,0.08445222613858323,0.08449239812173512,-1.6016342430025083,0.04334526661842927,-0.07963992232559254,0.09067154661882157,1.0723664179019985,True,CONVERGENCE: RELATIVE REDUCTION OF F <= FACTR*EPSMCH,19,False,False
20.490000000000002,53.98760055996922,1255.9044965985288,1201.9168960385596,-0.019470840618806256,-0.0021387405348330646,0.08465970263429919,0.08468671360492921,-1.596053747442916,0.04425576186937413,-0.07706954350879208,0.08887230724636526,1.049539764518805,True,CONVERGENCE: RELATIVE REDUCTION OF F <= FACTR*EPSMCH,20,False,False
20.5,51.88029505261693,1255.9044965985288,1204.0242015459119,-0.01931685993116037,-0.0016722135414905083,0.08485855233204478,0.08487502696328719,-1.590499669515278,0.045116619855007735,-0.07445242055066262,0.08705557025827818,1.0259919350665325,True,CONVERGENCE: RELATIVE REDUCTION OF F <= FACTR*EPSMCH,20,False,False
20.51,49.8115999986162,1255.9044965985288,1206.0928965999126,-0.019172205011411186,-0.0012045229395347046,0.08504571449174135,0.08505424403827624,-1.5849586207451385,0.04592885808734907,-0.07178927523824004,0.08522417523472804,1.0016440119800292,True,CONVERGENCE: RELATIVE REDUCTION OF F <= FACTR*EPSMCH,20,False,False
20.52,47.78531029798637,1255.9044965985288,1208.1191863005424,-0.01903747106062973,-0.0007369734713442216,0.08522157728456374,0.0852247638000032,-1.5794438445310113,0.046690641361404425,-0.06908260683524932,0.08338118827345245,0.9764514069932593,True,CONVERGENCE: RELATIVE REDUCTION OF F <= FACTR*EPSMCH,16,False,False
20.53,45.80518315728864,1255.9044965985288,1210.0993134412402,-0.018913104727120253,-0.0002713910902205484,0.08538465809917636,0.0853850893999479,-1.5739747687111931,0.04740117468150554,-0.06633339846502008,0.08152908139495826,0.9503454684228492,True,CONVERGENCE: RELATIVE REDUCTION OF F <= FACTR*EPSMCH,16,False,False
20.54,43.874928831874286,1255.9044965985288,1212.0295677666545,-0.018798703542867872,0.00019191072323151322,0.08553596347970908,0.08553617876739536,-1.568552704423578,0.04806315707596768,-0.06354320320048913,0.07967311805802378,0.923221012718592,True,CONVERGENCE: RELATIVE REDUCTION OF F <= FACTR*EPSMCH,19,False,False
20.55,41.998201037950366,1255.9044965985288,1213.9062955605784,-0.018695269078090153,0.0006518824447001504,0.08567463850886617,0.08567711849932047,-1.5631876589739158,0.04867295632008816,-0.06071410284490522,0.07781554447023382,0.8950350986614688,True,CONVERGENCE: RELATIVE REDUCTION OF F <= FACTR*EPSMCH,18,False,False
20.56,40.178587638387626,1255.9044965985288,1215.7259089601412,-0.018601571765202187,0.0011097622071303047,0.0857991311056922,0.08580630787213803,-1.557862625584093,0.0492307348476998,-0.057846366106619314,0.07595964274129756,0.8656871344834384,True,CONVERGENCE: RELATIVE REDUCTION OF F <= FACTR*EPSMCH,18,False,False
20.57,38.41960106011152,1255.9044965985288,1217.4848955384173,-0.018519174477365882,0.0015622409301608428,0.08591122428890302,0.08592542729333426,-1.552613967257089,0.04973680284754723,-0.05494361312267383,0.07411174117823598,0.8350972649834775,True,CONVERGENCE: RELATIVE REDUCTION OF F <= FACTR*EPSMCH,16,False,False
20.58,36.72466887451469,1255.9044965985288,1219.179827724014,-0.01844790714984368,0.0020106701587489545,0.08600809152842728,0.08603159072602115,-1.5474228981424722,0.050190981162495034,-0.052005836330798784,0.07227545643245542,0.8031547283296012,True,CONVERGENCE: RELATIVE REDUCTION OF F <= FACTR*EPSMCH,22,False,False
20.59,35.0971244177008,1255.9044965985288,1220.807372180828,-0.018387421393771555,0.0024524688264470932,0.08609132536378511,0.08612624980943849,-1.5423172001630692,0.05059277861547281,-0.04903677847710034,0.07045732674070493,0.7697815764083187,True,CONVERGENCE: RELATIVE REDUCTION OF F <= FACTR*EPSMCH,15,False,False
20.6,33.54019749265308,1255.9044965985288,1222.3642991058757,-0.018337346688960126,0.0028875109771911126,0.08615903875213134,0.08620741080866928,-1.5372951330554234,0.05094249792096887,-0.046035951175006175,0.0686618299713565,0.7348470702250431,True,CONVERGENCE: RELATIVE REDUCTION OF F <= FACTR*EPSMCH,17,False,False
20.61,32.05700522626921,1255.9044965985288,1223.8474913722596,-0.018298717186169954,0.0033156255104216815,0.08621123247281112,0.08627496726748983,-1.5323559504162911,0.051239121474109875,-0.043006992133739506,0.06689580660871143,0.6982721419559836,True,CONVERGENCE: RELATIVE REDUCTION OF F <= FACTR*EPSMCH,18,False,False
20.62,30.650543133932388,1255.9044965985288,1225.2539534645964,-0.01827140239202451,0.0037367583748599753,0.08624854023819574,0.08632945068962129,-1.527497936939863,0.05148436144292134,-0.03995040717880301,0.06516651369328821,0.6599168545770736,True,CONVERGENCE: RELATIVE REDUCTION OF F <= FACTR*EPSMCH,17,False,False
20.63,29.323676338418636,1255.9044965985288,1226.5808202601102,-0.018254852180854157,0.004148739382425471,0.0862702565110333,0.0863699554066272,-1.5227433154222856,0.051676546640479847,-0.036867989217822354,0.06348002915603579,0.6196876433580988,True,CONVERGENCE: RELATIVE REDUCTION OF F <= FACTR*EPSMCH,16,False,False
20.64,28.079131125958384,1255.9044965985288,1227.8253654725704,-0.018249491063131673,0.004552788817069909,0.08627685327105494,0.08639689402037541,-1.5180756982881378,0.051815621369846195,-0.033763490209180416,0.06184522527284288,0.5775050219468102,True,CONVERGENCE: RELATIVE REDUCTION OF F <= FACTR*EPSMCH,22,False,False
20.65,26.919486730470453,1255.9044965985288,1228.9850098680583,-0.01825508005116045,0.00494428932863326,0.08626693548837719,0.08640850742560635,-1.5135451197938263,0.05190257545975925,-0.030639266091032707,0.060271402555051846,0.5332734161375857,True,CONVERGENCE: RELATIVE REDUCTION OF F <= FACTR*EPSMCH,19,False,False
20.66,25.84716741597913,1255.9044965985288,1230.0573291825497,-0.018271692223520198,0.005327097494525503,0.08624008895916928,0.08640446117765917,-1.509104164029556,0.05193653654645232,-0.027493845614647114,0.05876491619259767,0.48686963655009086,True,CONVERGENCE: RELATIVE REDUCTION OF F <= FACTR*EPSMCH,17,False,False
20.67,24.864435020198925,1255.9044965985288,1231.0400615783299,-0.01829929897753334,0.005698365877746886,0.0861978463229755,0.0863859947236586,-1.5047843938347707,0.051919321011219634,-0.024330867599044997,0.057337657890677136,0.4382368491077912,True,CONVERGENCE: RELATIVE REDUCTION OF F <= FACTR*EPSMCH,17,False,False
20.68,23.973381803199572,1255.9044965985288,1231.9311147953292,-0.018337368565931378,0.0060573829375151315,0.0861398936809273,0.08635260952289257,-1.5005915967345065,0.051850270823618365,-0.021153934650327173,0.05599946013733421,0.3873677130406621,True,CONVERGENCE: RELATIVE REDUCTION OF F <= FACTR*EPSMCH,16,False,False
20.69,23.175923805106777,1255.9044965985288,1232.728572793422,-0.018386773993722006,0.006405393847215696,0.08606438907479712,0.08630242254511751,-1.496507689967575,0.051727917200955785,-0.017962411315950656,0.05475788197357828,0.334220971162586,True,CONVERGENCE: RELATIVE REDUCTION OF F <= FACTR*EPSMCH,16,False,False
20.7,22.47379444920375,1255.9044965985288,1233.430702149325,-0.018446683540764622,0.006739674132873756,0.08597267910506301,0.08623644681872895,-1.492563117400341,0.051553964082613556,-0.014763076264360383,0.05362610962412554,0.27889802817292103,True,CONVERGENCE: RELATIVE REDUCTION OF F <= FACTR*EPSMCH,16,False,False
20.71,21.86853898977165,1255.9044965985288,1234.0359576087571,-0.01851635782423502,0.0070619101240784864,0.08586564124929834,0.08615555073095271,-1.4887372865777746,0.051329726769821615,-0.011550073726055843,0.05261316425897484,0.2213308567289612,True,CONVERGENCE: RELATIVE REDUCTION OF F <= FACTR*EPSMCH,31,False,False
20.72,21.361509018524885,1255.9044965985288,1234.542987580004,-0.018596044672576632,0.007369022641115811,0.08574238953450983,0.08605846767037453,-1.4850632451038341,0.051054973804972446,-0.008333690770010699,0.051730655824922464,0.16180280112546055,True,CONVERGENCE: RELATIVE REDUCTION OF F <= FACTR*EPSMCH,15,False,False
20.73,20.953857848013968,1255.9044965985288,1234.9506387505148,-0.01868596369078383,0.007661458867628202,0.08560264428019507,0.08594481170927057,-1.481533899916891,0.05072936091037401,-0.005112940916136807,0.050986372916563584,0.10044937664407935,True,CONVERGENCE: RELATIVE REDUCTION OF F <= FACTR*EPSMCH,15,False,False
20.740000000000002,20.646536407317626,1255.9044965985288,1235.2579601912112,-0.018785793348331796,0.007938816048420871,0.08544685939193437,0.08581486223373938,-1.4781528913465778,0.05035377998493525,-0.0018860064024833576,0.05038908789531196,0.03743761033312583,True,CONVERGENCE: RELATIVE REDUCTION OF F <= FACTR*EPSMCH,16,False,False
20.75,20.440289374557324,1255.9044965985288,1235.4642072239715,-0.018894863590825657,0.008202482862650053,0.08527578373006832,0.08566936451199725,-1.474903620275881,0.049928764519219286,0.0013390985776063032,0.04994671872521955,-0.026813754513970105,True,CONVERGENCE: RELATIVE REDUCTION OF F <= FACTR*EPSMCH,20,False,False
20.76,20.335652359235155,1255.9044965985288,1235.5688442392936,-0.01901385192464641,0.00844948757142581,0.08508917051542317,0.08550766503198669,-1.4718192444407785,0.04945426644809891,0.004565360749271466,0.049664544583541186,-0.09205389716123366,True,CONVERGENCE: RELATIVE REDUCTION OF F <= FACTR*EPSMCH,19,False,False
20.77,20.332949313531344,1255.9044965985288,1235.5715472849975,-0.019141343446934876,0.00868178871732253,0.08488733710373918,0.08533014388770292,-1.4688764525762656,0.048931620578879544,0.007786400500797288,0.04954726556768036,-0.15780510367721776,True,CONVERGENCE: RELATIVE REDUCTION OF F <= FACTR*EPSMCH,22,False,False
20.78,20.43229076022112,1255.9044965985288,1235.4722058383077,-0.019277236368974146,0.008895986053486186,0.08467023048643443,0.08513628191605359,-1.4661141134389952,0.04836116816879025,0.011001098755741408,0.04959664061691665,-0.2236717229483211,True,CONVERGENCE: RELATIVE REDUCTION OF F <= FACTR*EPSMCH,21,False,False
20.79,20.633572484886145,1255.9044965985288,1235.2709241136426,-0.01942248418219891,0.009093891816095394,0.08443977647958564,0.08492805614333364,-1.463513052627642,0.04774360685504722,0.014208249357269291,0.04981291343946522,-0.2892487351711236,True,CONVERGENCE: RELATIVE REDUCTION OF F <= FACTR*EPSMCH,18,False,False
20.8,20.93647499640406,1255.9044965985288,1234.9680216021247,-0.019574424485577023,0.009275878395509241,0.08419362045842069,0.08470305570582957,-1.4610656996081917,0.047079530446100616,0.01740701097977183,0.05019448394271239,-0.3541479449795678,True,CONVERGENCE: RELATIVE REDUCTION OF F <= FACTR*EPSMCH,17,False,False
20.81,21.340463424035534,1255.9044965985288,1234.5640331744933,-0.019735005702072414,0.009440636725188026,0.08393504675110701,0.08446429834484798,-1.458791553827919,0.04636899480636117,0.020592547324159095,0.05073595061344648,-0.41793804612946944,True,CONVERGENCE: RELATIVE REDUCTION OF F <= FACTR*EPSMCH,16,False,False
20.82,21.844788214556047,1255.9044965985288,1234.0597083839727,-0.0199022392428609,0.009589130772994845,0.08366336977655141,0.08421110895451722,-1.4566786585475249,0.04561492111678686,0.023764530810432134,0.051434171064873455,-0.4802915864159483,True,CONVERGENCE: RELATIVE REDUCTION OF F <= FACTR*EPSMCH,22,False,False
20.83,22.448486276921813,1255.9044965985288,1233.456010321607,-0.020076750021094773,0.009717725373964776,0.08337734874893389,0.08394174450680154,-1.454768672895148,0.04481629674600863,0.026920450287531154,0.05228012143931707,-0.5409225830702722,True,CONVERGENCE: RELATIVE REDUCTION OF F <= FACTR*EPSMCH,18,False,False
20.84,23.1503829551159,1255.9044965985288,1232.754113643413,-0.020257680896649522,0.00983230188747409,0.0830809304957941,0.0836607146303054,-1.452998166675406,0.04397220132577666,0.030059093744561442,0.053264468514939364,-0.5996295485730514,True,CONVERGENCE: RELATIVE REDUCTION OF F <= FACTR*EPSMCH,19,False,False
20.85,23.94909419156943,1255.9044965985288,1231.9554024069594,-0.020444736267203112,0.009928464948420585,0.08277235294261422,0.08336568135563166,-1.4514176296401864,0.0430865314898079,0.03317629677232403,0.05437936983220315,-0.6561738736990586,True,CONVERGENCE: RELATIVE REDUCTION OF F <= FACTR*EPSMCH,17,False,False
20.86,24.843029868368376,1255.9044965985288,1231.0614667301604,-0.02063800362552133,0.010006545418318864,0.08245259502206898,0.0830575786854047,-1.4500257461094646,0.042158439137524095,0.03627375825665296,0.055615820847798536,-0.7105095851889232,True,CONVERGENCE: RELATIVE REDUCTION OF F <= FACTR*EPSMCH,20,False,False
20.87,25.830397116928907,1255.9044965985288,1230.0740994816,-0.02083546785291948,0.010067316883458657,0.08212064434011045,0.08273542830049824,-1.448813190250498,0.04119034253606643,0.039345987397043244,0.05696271624919909,-0.7625012569086446,True,CONVERGENCE: RELATIVE REDUCTION OF F <= FACTR*EPSMCH,19,False,False
20.88,26.909204677833714,1255.9044965985288,1228.995291920695,-0.02103910787443493,0.01011122712593522,0.08178084349173528,0.08240353922139479,-1.4477825157417505,0.0401802050641754,0.042393176045814614,0.058409162416958316,-0.8121918027428767,True,CONVERGENCE: RELATIVE REDUCTION OF F <= FACTR*EPSMCH,18,False,False
20.89,28.077267433272254,1255.9044965985288,1227.8272291652565,-0.021246563893857037,0.010138350182832727,0.08143118790191188,0.08205988366763764,-1.4469316471951053,0.03913282689289723,0.04541209545727575,0.05994694783264771,-0.8595334334155919,True,CONVERGENCE: RELATIVE REDUCTION OF F <= FACTR*EPSMCH,21,False,False
20.9,29.33221172569415,1255.9044965985288,1226.5722848728346,-0.02145879803665852,0.010148545086721902,0.08107379742987013,0.08170650890276028,-1.4462674192478786,0.038046203729769454,0.04840085932351624,0.06156424937820595,-0.9046105076587095,True,CONVERGENCE: RELATIVE REDUCTION OF F <= FACTR*EPSMCH,23,False,False
20.91,30.671481013768243,1255.9044965985288,1225.2330155847606,-0.021674013408258763,0.010141968895540716,0.08070761013660153,0.08134234977574586,-1.4457884821318154,0.03692155974119894,0.05135879687658426,0.06325288602374728,-0.9475016842629479,True,CONVERGENCE: RELATIVE REDUCTION OF F <= FACTR*EPSMCH,18,False,False
20.92,32.09234208274256,1255.9044965985288,1223.8121545157862,-0.021892990505680533,0.010119380649400845,0.08033558177215042,0.08097041165387105,-1.4454924054583576,0.03576212318431659,0.054282628123172,0.0650041011829932,-0.9882503191174532,True,CONVERGENCE: RELATIVE REDUCTION OF F <= FACTR*EPSMCH,19,False,False
20.93,33.59189171316552,1255.9044965985288,1222.3126048853633,-0.022112994218728078,0.010080258519444218,0.07995555699689744,0.0805884775045598,-1.44538471413302,0.03456548779388096,0.057172756004117545,0.06680940783703514,-1.0270162011763337,True,CONVERGENCE: RELATIVE REDUCTION OF F <= FACTR*EPSMCH,18,False,False
20.94,35.16706368143127,1255.9044965985288,1220.7374329170975,-0.02233649881798026,0.010024025807180465,0.07957132735506253,0.08020023210957399,-1.445481103275168,0.03333573406405091,0.06002325512734197,0.06865902942564152,-1.0638317461134963,True,CONVERGENCE: RELATIVE REDUCTION OF F <= FACTR*EPSMCH,24,False,False
20.95,36.814636319105375,1255.9044965985288,1219.0898602794234,-0.022562061925595334,0.009954246273794912,0.07918308927692372,0.07980631958884353,-1.4457405744723784,0.03207243048309139,0.06283784389844169,0.07054952461142212,-1.0988634388648884,True,CONVERGENCE: RELATIVE REDUCTION OF F <= FACTR*EPSMCH,18,False,False
20.96,38.53124026743603,1255.9044965985288,1217.3732563310928,-0.022788318500621678,0.00986827578320308,0.07878840600504182,0.07940400360025092,-1.4461948369487767,0.030776451256546558,0.06561189666680423,0.07247144911040472,-1.132198958319921,True,CONVERGENCE: RELATIVE REDUCTION OF F <= FACTR*EPSMCH,20,False,False
20.97,40.31336674346335,1255.9044965985288,1215.5911298550654,-0.023016047771300428,0.009767768004248606,0.07839332643606083,0.0789995121598584,-1.4468357061186856,0.029449306302338493,0.06834218138661262,0.07441717139457542,-1.1639308096799397,True,CONVERGENCE: RELATIVE REDUCTION OF F <= FACTR*EPSMCH,17,False,False
20.98,42.157376003028276,1255.9044965985288,1213.7471205955005,-0.02324326679039219,0.009652993543565967,0.07799312564610544,0.07858821751637657,-1.447655314806921,0.028092308720189238,0.07103055945299834,0.07638401786654295,-1.1941786483151966,True,CONVERGENCE: RELATIVE REDUCTION OF F <= FACTR*EPSMCH,25,False,False
20.990000000000002,44.059506137574544,1255.9044965985288,1211.8449904609543,-0.02347119537039693,0.00952582276421138,0.07759394088612129,0.07817647319733766,-1.4486425164285128,0.026704274713279307,0.07367328206179462,0.07836370829484167,-1.2230568126717685,True,CONVERGENCE: RELATIVE REDUCTION OF F <= FACTR*EPSMCH,16,False,False
21.0,46.01588205906728,1255.9044965985288,1209.8886145394615,-0.023698933681386314,0.009384760094352596,0.07719234673056066,0.07776073633781802,-1.4498137658000405,0.025288962751794798,0.07626958788276708,0.08035285727880992,-1.2506305929156993,True,CONVERGENCE: RELATIVE REDUCTION OF F <= FACTR*EPSMCH,20,False,False
21.01,48.022524854965695,1255.9044965985288,1207.881971743563,-0.023925158158181987,0.009230685432679115,0.07679204314513281,0.07734483463012261,-1.4511666265764784,0.02384706639309654,0.07881684190194727,0.08234547433194676,-1.2769897452909276,True,CONVERGENCE: RELATIVE REDUCTION OF F <= FACTR*EPSMCH,20,False,False
21.02,50.0753611302564,1255.9044965985288,1205.8291354682724,-0.02415020475776556,0.0090635987159482,0.07639198023947968,0.07692778085056654,-1.4527024468428786,0.022379512489461025,0.08131470298147382,0.08433814973208298,-1.3022246813333735,True,CONVERGENCE: RELATIVE REDUCTION OF F <= FACTR*EPSMCH,25,False,False
21.03,52.17023266886099,1255.9044965985288,1203.7342639296678,-0.02437369480216191,0.008886583286391154,0.07599378049780518,0.07651160720344699,-1.4543867253488556,0.020887304401122866,0.08376194626247065,0.0863269548103151,-1.3264153249803197,True,CONVERGENCE: RELATIVE REDUCTION OF F <= FACTR*EPSMCH,12,False,False
21.04,54.30290613325678,1255.9044965985288,1201.601590465272,-0.024595173696911093,0.008697818261696943,0.07559873218794978,0.07609743984483883,-1.4562475492076246,0.01936957533265919,0.08615729110363628,0.08830775310743832,-1.3496566078371448,True,CONVERGENCE: RELATIVE REDUCTION OF F <= FACTR*EPSMCH,18,False,False
21.05,56.46908290365559,1255.9044965985288,1199.4354136948732,-0.02481376938690095,0.008499074871490077,0.07520633332583819,0.07568505034673806,-1.4582636731883252,0.017830644288438367,0.08849729406428,0.09027570510630459,-1.37197582115624,True,CONVERGENCE: RELATIVE REDUCTION OF F <= FACTR*EPSMCH,15,False,False
21.06,58.66440890142803,1255.9044965985288,1197.2400876971008,-0.025029158405403353,0.008290672389437993,0.07481852659244669,0.07527647155741056,-1.4604361391132925,0.01626907210435895,0.09078457805830359,0.09223081003851721,-1.393473312943253,True,CONVERGENCE: RELATIVE REDUCTION OF F <= FACTR*EPSMCH,14,False,False
21.07,60.8844846215045,1255.9044965985288,1195.0200119770243,-0.02524196849953471,0.00807403267306527,0.07443616626473909,0.07487277777535442,-1.4627495324887767,0.014688484401023263,0.09301318639573754,0.09416583466144883,-1.4141714585555063,True,CONVERGENCE: RELATIVE REDUCTION OF F <= FACTR*EPSMCH,17,False,False
21.08,63.12487484221424,1255.9044965985288,1192.7796217563146,-0.02545062726820122,0.00784798870394198,0.07405933512225979,0.07447399576663243,-1.4652213991169991,0.013088291216382882,0.09518472539748704,0.09608035863775624,-1.4341491278364198,True,CONVERGENCE: RELATIVE REDUCTION OF F <= FACTR*EPSMCH,22,False,False
21.09,65.38111867452199,1255.9044965985288,1190.5233779240068,-0.025655743183640615,0.007614895483268549,0.07368952084801937,0.07408192840384074,-1.467824260387201,0.011468632876202698,0.09729820413920251,0.09797178200259013,-1.4534667419636234,True,CONVERGENCE: RELATIVE REDUCTION OF F <= FACTR*EPSMCH,22,False,False
21.1,67.64873928505176,1255.9044965985288,1188.255757313477,-0.02585585063909995,0.007374137204822838,0.07332665819959482,0.07369651757197052,-1.4705677350585105,0.00983290954996701,0.09935173833046637,0.09983713747650869,-1.4721469020689162,True,CONVERGENCE: RELATIVE REDUCTION OF F <= FACTR*EPSMCH,24,False,False
21.11,69.90456644518417,1255.9044965985288,1185.9999301533446,-0.025903287200030035,0.007290713546329845,0.07327159682616383,0.07363342587079959,-1.4716201851720232,0.008175231777702437,0.09966526769833534,0.1,-1.4889526695707924,True,CONVERGENCE: RELATIVE REDUCTION OF F <= FACTR*EPSMCH,15,False,True
21.12,72.1196204746318,1255.9044965985288,1183.784876123897,-0.02593266625056999,0.007216761395939421,0.07324980320522086,0.0736044517311929,-1.472590655013783,0.0065484056654245065,0.09978536156792256,0.1,-1.5052653785617536,True,CONVERGENCE: RELATIVE REDUCTION OF F <= FACTR*EPSMCH,22,False,True
21.13,74.291894866034,1255.9044965985288,1181.6126017324948,-0.02595855260982645,0.007138340286434418,0.07323235283564536,0.07357943601230842,-1.4736280684369698,0.004954365376845274,0.09987719591434632,0.1,-1.5212323825153935,True,CONVERGENCE: RELATIVE REDUCTION OF F <= FACTR*EPSMCH,17,False,True
21.14,76.41965645890355,1255.9044965985288,1179.4848401396252,-0.02598088070614056,0.007058876262223746,0.07321953433973966,0.07355900993769356,-1.47468634267797,0.0033909875032183327,0.09994248948146639,0.1,-1.5368799496852823,True,CONVERGENCE: RELATIVE REDUCTION OF F <= FACTR*EPSMCH,20,False,True
21.15,78.501261247706,1255.9044965985288,1177.4032353508228,-0.025999692436855366,0.006974608714744475,0.07321069627107218,0.07354217303846121,-1.4758153622125516,0.0018577475043156544,0.09998274238192414,0.1,-1.5522177830013997,True,CONVERGENCE: RELATIVE REDUCTION OF F <= FACTR*EPSMCH,30,False,True
21.16,80.53514829033315,1255.9044965985288,1175.3693483081956,-0.026015931028785202,0.006888705110361851,0.07320715563946921,0.0735305507589804,-1.4769738010096343,0.0003494380867697369,0.0999993894632538,0.1,-1.5673019388156888,True,CONVERGENCE: RELATIVE REDUCTION OF F <= FACTR*EPSMCH,20,False,True
21.17,82.51983408573665,1255.9044965985288,1173.3846625127921,-0.026027947376618885,0.006802532142479127,0.07320816986592704,0.07352353758265369,-1.4781419848345803,-0.0011316856113261103,0.09999359623334446,0.1,-1.5821134244826984,True,CONVERGENCE: RELATIVE REDUCTION OF F <= FACTR*EPSMCH,22,False,True
21.18,84.45390777701982,1255.9044965985288,1171.450588821509,-0.026037682382382455,0.0067122616743022145,0.07321395402738312,0.07352100054479724,-1.4793718164532732,-0.0025875622498852864,0.09996651700245923,0.1,-1.5966748376586126,True,CONVERGENCE: RELATIVE REDUCTION OF F <= FACTR*EPSMCH,16,False,True
21.19,86.33602680466015,1255.9044965985288,1169.5684697938686,-0.026044917402859726,0.006622044717766622,0.07322698120463561,0.07352579311090876,-1.4806098792713265,-0.004020130091790142,0.09991916009477403,0.1,-1.6110084641147877,True,CONVERGENCE: RELATIVE REDUCTION OF F <= FACTR*EPSMCH,20,False,True
21.2,88.16491316223482,1255.9044965985288,1167.739583436294,-0.026048384642073742,0.006530781976570769,0.07324099619129451,0.07353158937707466,-1.481863138171659,-0.005429471380890276,0.09985249541460692,0.1,-1.6251177520955653,True,CONVERGENCE: RELATIVE REDUCTION OF F <= FACTR*EPSMCH,32,False,True
21.21,89.93934969970451,1255.9044965985288,1165.9651468988243,-0.026049208562512364,0.0064390528645662795,0.07326118493507963,0.07354361032669404,-1.4831298656436165,-0.006818793813473051,0.09976724939041541,0.1,-1.6390372168451606,True,CONVERGENCE: RELATIVE REDUCTION OF F <= FACTR*EPSMCH,22,False,True
21.22,91.65817731107313,1255.9044965985288,1164.2463192874557,-0.02604801319037754,0.006347319335959697,0.07328813204784758,0.0735624820259308,-1.4844041647905775,-0.008187578358724258,0.09966425417680981,0.1,-1.6527638651269259,True,CONVERGENCE: RELATIVE REDUCTION OF F <= FACTR*EPSMCH,17,False,True
21.23,93.3202920353583,1255.9044965985288,1162.5842045631705,-0.026044659194665608,0.006254786454297954,0.07331902706125835,0.07358533877613396,-1.4856931929833184,-0.009536566015299647,0.099544230915889,0.1,-1.666307133995152,True,CONVERGENCE: RELATIVE REDUCTION OF F <= FACTR*EPSMCH,17,False,True
21.240000000000002,94.92464260023758,1255.9044965985288,1160.9798539982912,-0.026036922401471138,0.006160983280910285,0.07335335533009897,0.073611632594118,-1.4870025191564629,-0.01086838321823869,0.09940763676006742,0.1,-1.6796952697818162,True,CONVERGENCE: RELATIVE REDUCTION OF F <= FACTR*EPSMCH,21,False,True
21.25,96.47022813426634,1255.9044965985288,1159.4342684642625,-0.026028432777254615,0.006069779085369117,0.0733962032637432,0.07364675737381716,-1.4882852695835058,-0.012181341034899644,0.09925530177573122,0.1,-1.6929130215257902,True,CONVERGENCE: RELATIVE REDUCTION OF F <= FACTR*EPSMCH,22,False,True
21.26,97.95609614952582,1255.9044965985288,1157.948400449003,-0.02601731201592076,0.005978528376532534,0.0734425423952487,0.07368547913277694,-1.4895712684697942,-0.013478169423943358,0.09908753175339206,0.1,-1.7059894698835611,True,CONVERGENCE: RELATIVE REDUCTION OF F <= FACTR*EPSMCH,14,False,True
21.27,99.3813407312357,1255.9044965985288,1156.523155867293,-0.026003308960373495,0.005887002914002659,0.07349453679639807,0.07372993789653282,-1.4908657540445873,-0.01475797620915207,0.09890501573838459,0.1,-1.7189171176914648,True,CONVERGENCE: RELATIVE REDUCTION OF F <= FACTR*EPSMCH,11,False,True
21.28,100.74510079742367,1255.9044965985288,1155.1593958011051,-0.025987286501641664,0.0057971616033018905,0.0735514850150333,0.07377959088102526,-1.4921411955695392,-0.01602324961958555,0.09870793013546811,0.1,-1.7317225147773736,True,CONVERGENCE: RELATIVE REDUCTION OF F <= FACTR*EPSMCH,21,False,True
21.29,102.04655858112392,1255.9044965985288,1153.8579380174049,-0.025968551541592732,0.0057084456117203275,0.07361351381385003,0.07383451609730952,-1.4934050433001331,-0.017273920452582282,0.0984967597040525,0.1,-1.7444063314424376,True,CONVERGENCE: RELATIVE REDUCTION OF F <= FACTR*EPSMCH,12,False,True
21.3,103.28493830929392,1255.9044965985288,1152.6195582892349,-0.025948949739330797,0.005621405021614283,0.07368241122533903,0.07389653522592922,-1.4946514727961084,-0.01850853647861325,0.09827224469513171,0.1,-1.7569550540267111,True,CONVERGENCE: RELATIVE REDUCTION OF F <= FACTR*EPSMCH,28,False,True
21.31,104.45950473143898,1255.9044965985288,1151.4449918670898,-0.025926641964229717,0.005534785058937484,0.07375601137968485,0.07396338999997795,-1.4958948967883714,-0.0197303316030654,0.09803424919298909,0.1,-1.7694027252610232,True,CONVERGENCE: RELATIVE REDUCTION OF F <= FACTR*EPSMCH,15,False,True
21.32,105.56956211999454,1255.9044965985288,1150.3349344785343,-0.025902345294801447,0.005451090180763999,0.07383500093828488,0.07403594902285883,-1.4971020284270475,-0.02093854838582571,0.097783317552098,0.1,-1.7817427974087583,True,CONVERGENCE: RELATIVE REDUCTION OF F <= FACTR*EPSMCH,19,False,True
21.33,106.61445309204692,1255.9044965985288,1149.2900435064819,-0.025875949388476507,0.005367898624070021,0.07391841727696544,0.0741130673253366,-1.498304347114649,-0.022133553621270497,0.09751977134968244,0.1,-1.7939800879639687,True,CONVERGENCE: RELATIVE REDUCTION OF F <= FACTR*EPSMCH,17,False,True
21.34,107.59355761715756,1255.9044965985288,1148.3109389813712,-0.02584750442651847,0.005286972988346067,0.07400958574643476,0.07419818640464455,-1.4994811455442463,-0.023316044068727226,0.09724382802515114,0.1,-1.8061227668001836,True,CONVERGENCE: RELATIVE REDUCTION OF F <= FACTR*EPSMCH,17,False,True
21.35,108.50629206975327,1255.9044965985288,1147.3982045287755,-0.02581726633091756,0.005207904842679735,0.07410387285453131,0.07428664916989425,-1.5006332447465915,-0.02448620639539867,0.09695579248483269,0.1,-1.8181737498252384,True,CONVERGENCE: RELATIVE REDUCTION OF F <= FACTR*EPSMCH,21,False,True
21.36,109.35210841075559,1255.9044965985288,1146.5523881877732,-0.025785405720256935,0.005130431379950923,0.07420566418438693,0.07438280663695333,-1.5017681709814161,-0.02564601033930991,0.09665548175699096,0.1,-1.8301543545263392,True,CONVERGENCE: RELATIVE REDUCTION OF F <= FACTR*EPSMCH,12,False,True
21.37,110.13049331364505,1255.9044965985288,1145.7740032848837,-0.025751620813069403,0.005055510502209298,0.07431108870411547,0.07448285769778752,-1.502869282771614,-0.026793375341361832,0.0963437337755648,0.1,-1.84204405555354,True,CONVERGENCE: RELATIVE REDUCTION OF F <= FACTR*EPSMCH,16,False,True
21.38,110.84096747691137,1255.9044965985288,1145.0635291216174,-0.025715795556705497,0.004983363836519875,0.0744229880468048,0.07458964448864189,-1.5039361258650985,-0.027930621857712536,0.09602020809517897,0.1,-1.853867823107876,True,CONVERGENCE: RELATIVE REDUCTION OF F <= FACTR*EPSMCH,20,False,True
21.39,111.48308489031183,1255.9044965985288,1144.421411708217,-0.025678524124647394,0.004913193688749095,0.07454063486450388,0.07470238094081376,-1.5049785747094002,-0.029056067311519402,0.09568565698362767,0.1,-1.8656090656006337,True,CONVERGENCE: RELATIVE REDUCTION OF F <= FACTR*EPSMCH,19,False,True
21.4,112.05643216876229,1255.9044965985288,1143.8480644297665,-0.025639551521765884,0.004844735188332037,0.07466358731869516,0.07482060364860389,-1.5059996423815927,-0.03017157776457799,0.09533979177235508,0.1,-1.877288114446134,True,CONVERGENCE: RELATIVE REDUCTION OF F <= FACTR*EPSMCH,13,False,True
21.41,112.56062800930704,1255.9044965985288,1143.3438685892218,-0.025599394370983183,0.004781098620227897,0.07479219066864894,0.07494485098411953,-1.5069580841291472,-0.031276129857396515,0.09498317588469693,0.1,-1.888895118116963,True,CONVERGENCE: RELATIVE REDUCTION OF F <= FACTR*EPSMCH,21,False,True
21.42,112.99532250075958,1255.9044965985288,1142.9091740977692,-0.025556799348348154,0.004718090701037769,0.07492593894627386,0.07507434120153154,-1.5079093018219927,-0.03237112066089688,0.09461559357292885,0.1,-1.9004456005669579,True,CONVERGENCE: RELATIVE REDUCTION OF F <= FACTR*EPSMCH,13,False,True
21.43,113.36019666695915,1255.9044965985288,1142.5442999315696,-0.025513438321756697,0.004657158195524149,0.07506489591432945,0.07520922630294273,-1.50883398756705,-0.033456768444412956,0.09423717231144478,0.1,-1.9119427668335818,True,CONVERGENCE: RELATIVE REDUCTION OF F <= FACTR*EPSMCH,21,False,True
21.44,113.65496195066112,1255.9044965985288,1142.2495346478677,-0.02546919363766076,0.004600229091421255,0.0752107137674795,0.07535126789316347,-1.5097078852372066,-0.0345322794163866,0.09384839731347895,0.1,-1.9233790429079447,True,CONVERGENCE: RELATIVE REDUCTION OF F <= FACTR*EPSMCH,15,False,True
21.45,113.8793597511044,1255.9044965985288,1142.0251368474244,-0.025421447878239783,0.004547001225769182,0.0753595892370779,0.07549664171423955,-1.5105319947514086,-0.03559828830557152,0.09344924756098044,0.1,-1.9347619663777993,True,CONVERGENCE: NORM OF PROJECTED GRADIENT <= PGTOL,17,False,True
21.46,114.0331608297995,1255.9044965985288,1141.8713357687293,-0.025373325988911295,0.004496158528629593,0.07551527710164845,0.07564900869973988,-1.5113268122180366,-0.036655821035506,0.09303951195171306,0.1,-1.9461033619347865,True,CONVERGENCE: RELATIVE REDUCTION OF F <= FACTR*EPSMCH,20,False,True
21.47,114.11616511495413,1255.9044965985288,1141.7883314835747,-0.02532433133933645,0.004447560401773388,0.07567630191936262,0.07580688270676976,-1.5120930044608856,-0.03770328846990145,0.09261998725197168,0.1,-1.9573869894918268,True,CONVERGENCE: RELATIVE REDUCTION OF F <= FACTR*EPSMCH,18,False,True
21.48,114.12820111546444,1255.9044965985288,1141.7762954830644,-0.025273478069620256,0.004401129450407156,0.0758423644969323,0.07596995585706745,-1.5128313727200535,-0.03874198597767861,0.09219033855293815,0.1,-1.9686275580756227,True,CONVERGENCE: RELATIVE REDUCTION OF F <= FACTR*EPSMCH,19,False,True
21.490000000000002,114.06912563076435,1255.9044965985288,1141.8353709677644,-0.02522184363091947,0.00435921117469745,0.07601402411326527,0.0761389163566023,-1.5135116102545783,-0.03977264403222797,0.09175040483118144,0.1,-1.9798338547300274,True,CONVERGENCE: RELATIVE REDUCTION OF F <= FACTR*EPSMCH,18,False,True
21.5,113.93882336214119,1255.9044965985288,1141.9656732363876,-0.0251687104428753,0.004319064494816972,0.07619080576622612,0.07631312600999375,-1.5141694548725904,-0.0407950330059611,0.09130041227750588,0.1,-1.9910042866225688,True,CONVERGENCE: RELATIVE REDUCTION OF F <= FACTR*EPSMCH,13,False,True
21.51,113.73720662065102,1255.9044965985288,1142.1672899778778,-0.025113930006710125,0.004284381708337126,0.07637290431450247,0.07649298294650879,-1.51475687291255,-0.04180739141427505,0.09084130130691437,0.1,-2.0021203342747342,True,CONVERGENCE: RELATIVE REDUCTION OF F <= FACTR*EPSMCH,18,False,True
21.52,113.46421492953073,1255.9044965985288,1142.440281668998,-0.02505877733602051,0.004251160887120912,0.07656034716619371,0.07667828328214119,-1.515326361034348,-0.04281189219246878,0.09037224068761619,0.1,-2.0132065972429105,True,CONVERGENCE: RELATIVE REDUCTION OF F <= FACTR*EPSMCH,13,False,True
21.53,113.1198148229198,1255.9044965985288,1142.784681775609,-0.025001234188950353,0.004220438351182741,0.07675176495191273,0.0768677144392221,-1.515863488731798,-0.04380844498314237,0.08989338211547605,0.1,-2.024262977525644,True,CONVERGENCE: RELATIVE REDUCTION OF F <= FACTR*EPSMCH,24,False,True
21.54,112.70399945853092,1255.9044965985288,1143.2004971399979,-0.024943272618126767,0.004193613067205994,0.07694915250949452,0.07706334058738233,-1.5163516900911242,-0.04479641497585038,0.08940515200653376,0.1,-2.0352832571807893,True,CONVERGENCE: RELATIVE REDUCTION OF F <= FACTR*EPSMCH,20,False,True
21.55,112.21678845564634,1255.9044965985288,1143.6877081428825,-0.024884487750717575,0.004170649653204258,0.07715192861979207,0.07726457408336154,-1.516791270686567,-0.04577642713346773,0.08890736031901025,0.1,-2.0462752204195027,True,CONVERGENCE: RELATIVE REDUCTION OF F <= FACTR*EPSMCH,20,False,True
21.56,111.65822759669186,1255.9044965985288,1144.246269001837,-0.024824878929015054,0.004150207778885877,0.07735850272587258,0.07746975002281059,-1.5171986903144707,-0.04674837970331648,0.08840016399936455,0.1,-2.0572385773129005,True,CONVERGENCE: RELATIVE REDUCTION OF F <= FACTR*EPSMCH,16,False,True
21.57,111.02838859851204,1255.9044965985288,1144.8761080000168,-0.024763802064026723,0.004134193484305442,0.07757092683914414,0.07768101599779399,-1.5175510451097178,-0.04771244089394009,0.08788357630377973,0.1,-2.0681760758950194,True,CONVERGENCE: RELATIVE REDUCTION OF F <= FACTR*EPSMCH,16,False,True
21.58,110.3273689196642,1255.9044965985288,1145.5771276788646,-0.0247013693136691,0.004118658008881543,0.07778776405289575,0.07789672380879124,-1.517898345506346,-0.048668041562718464,0.08735800896568963,0.1,-2.079082062572228,True,CONVERGENCE: RELATIVE REDUCTION OF F <= FACTR*EPSMCH,16,False,True
21.59,109.55529152733652,1255.9044965985288,1146.3492050711923,-0.02463884801293092,0.00411034830009621,0.07801038120728143,0.07811859278848712,-1.5181552445595847,-0.04961524746709014,0.08682354069478743,0.1,-2.089958031575578,True,CONVERGENCE: RELATIVE REDUCTION OF F <= FACTR*EPSMCH,16,False,True
21.6,108.71230473253104,1255.9044965985288,1147.1921918659978,-0.024575079410061238,0.004102251968453785,0.0782366030565132,0.07834407781724853,-1.5184103778254856,-0.05055601835994673,0.08627913425382021,0.1,-2.10082743761931,True,CONVERGENCE: RELATIVE REDUCTION OF F <= FACTR*EPSMCH,16,False,True
21.61,107.79858200266631,1255.9044965985288,1148.1059145958625,-0.024510647586332673,0.004099687516673184,0.07846842458428636,0.07857544842044621,-1.518597453701353,-0.05148915356585507,0.08572553333209304,0.1,-2.1116774461071226,True,CONVERGENCE: RELATIVE REDUCTION OF F <= FACTR*EPSMCH,15,False,True
21.62,106.81432183404354,1255.9044965985288,1149.0901747644853,-0.024444914572793547,0.004099825833646618,0.07870387108177337,0.07881058238030372,-1.5187515742844906,-0.052412656384854255,0.08516403848270229,0.1,-2.1224855231512105,True,CONVERGENCE: RELATIVE REDUCTION OF F <= FACTR*EPSMCH,18,False,True
21.63,105.75974754230356,1255.9044965985288,1150.1447490562252,-0.024379541200719296,0.004104895681960043,0.07894488888108668,0.07905153792942234,-1.5188461336858319,-0.05332947071614483,0.08459295214813024,0.1,-2.133286909463999,True,CONVERGENCE: RELATIVE REDUCTION OF F <= FACTR*EPSMCH,18,False,True
21.64,104.63510722734873,1255.9044965985288,1151.26938937118,-0.0243122847910005,0.004112171616011434,0.07919071196167969,0.07929740737500343,-1.5189154763691908,-0.05423824903417708,0.08401316766856604,0.1,-2.1440667022580207,True,CONVERGENCE: RELATIVE REDUCTION OF F <= FACTR*EPSMCH,16,False,True
21.65,103.44067359515543,1255.9044965985288,1152.4638230033734,-0.024245117555106246,0.004119032859845852,0.07943870125329484,0.07954541902907243,-1.5189910069597166,-0.05514099234492619,0.08342344372666949,0.1,-2.154849703133941,True,CONVERGENCE: RELATIVE REDUCTION OF F <= FACTR*EPSMCH,19,False,True
21.66,102.17674377663684,1255.9044965985288,1153.727752821892,-0.024176990743894306,0.004134918376989857,0.07969322885683366,0.0798004277909087,-1.5189573703163122,-0.056034264660108635,0.08282608999585156,0.1,-2.165595762976288,True,CONVERGENCE: RELATIVE REDUCTION OF F <= FACTR*EPSMCH,13,False,True
21.67,100.84363932533279,1255.9044965985288,1155.060857273196,-0.024108126217951865,0.0041521513749187815,0.07994938112997153,0.08005712900239233,-1.5189081913344187,-0.05692065583443728,0.08221945596619783,0.1,-2.1763368302034496,True,CONVERGENCE: RELATIVE REDUCTION OF F <= FACTR*EPSMCH,19,False,True
21.68,99.4417061674119,1255.9044965985288,1156.462790431117,-0.024038920822228717,0.004173306358746789,0.08021260297539629,0.08032109412883087,-1.5188151329804291,-0.05779993504065248,0.08160372239853005,0.1,-2.187071217997791,True,CONVERGENCE: RELATIVE REDUCTION OF F <= FACTR*EPSMCH,18,False,True
21.69,97.9713143840288,1255.9044965985288,1157.9331822145,-0.023969354555964693,0.004196500003606879,0.0804783377778414,0.08058767563197618,-1.5186990442078552,-0.0586717282952427,0.08097918435529725,0.1,-2.197795406864843,True,CONVERGENCE: RELATIVE REDUCTION OF F <= FACTR*EPSMCH,15,False,True
21.7,96.4328582485391,1255.9044965985288,1159.4716383499897,-0.023899022358208365,0.004223270776505514,0.08074790830306558,0.0808582754662253,-1.5185420174646738,-0.05953589406473214,0.08034598507649895,0.1,-2.2085086453166154,True,CONVERGENCE: RELATIVE REDUCTION OF F <= FACTR*EPSMCH,17,False,True
21.71,94.82675617492919,1255.9044965985288,1161.0777404235996,-0.0238283379964066,0.0042553004116170036,0.08102207477110185,0.08113374256009102,-1.5183242775282892,-0.060392083529168174,0.0797044305356106,0.1,-2.2192075403375635,True,CONVERGENCE: RELATIVE REDUCTION OF F <= FACTR*EPSMCH,19,False,True
21.72,93.15345058375101,1255.9044965985288,1162.7510460147778,-0.02375746826981349,0.004290147809321243,0.08129996479378782,0.0814130802985427,-1.518075857160933,-0.06124132195288388,0.07905378223376301,0.1,-2.2299059515737447,True,CONVERGENCE: RELATIVE REDUCTION OF F <= FACTR*EPSMCH,16,False,True
21.73,91.41340793038307,1255.9044965985288,1164.4910886681457,-0.023685216021402476,0.004328859224699771,0.08158166419815288,0.08169643171845052,-1.5177843733911944,-0.062083286881084665,0.07839429500952821,0.1,-2.240600993613288,True,CONVERGENCE: RELATIVE REDUCTION OF F <= FACTR*EPSMCH,15,False,True
21.740000000000002,89.60711876846858,1255.9044965985288,1166.2973778300602,-0.0236143041615194,0.0043682921851234185,0.0818658429512415,0.08198230430240387,-1.5174877270645508,-0.06291733382380223,0.07772650194434477,0.1,-2.251285527954126,True,CONVERGENCE: RELATIVE REDUCTION OF F <= FACTR*EPSMCH,17,False,True
21.75,87.73509741137605,1255.9044965985288,1168.1693991871527,-0.023542059679952015,0.004411826070327838,0.08215241007790272,0.08227078880673697,-1.5171449227039515,-0.0637450563126172,0.07704912585942336,0.1,-2.261981198968632,True,CONVERGENCE: RELATIVE REDUCTION OF F <= FACTR*EPSMCH,16,False,True
21.76,85.79788234470107,1255.9044965985288,1170.1066142538277,-0.023470086548256313,0.004460655282628242,0.08244484274486268,0.08256542581962244,-1.5167443063977064,-0.06456468817130144,0.07636361071441429,0.1,-2.2726664142721145,True,CONVERGENCE: NORM OF PROJECTED GRADIENT <= PGTOL,12,False,True
21.77,83.79603587311112,1255.9044965985288,1172.1084607254177,-0.023397574863233354,0.004511993625715056,0.08273935857291394,0.08286229265193983,-1.5163176715478597,-0.0653764254973273,0.07566982879055835,0.1,-2.283344717879262,True,CONVERGENCE: RELATIVE REDUCTION OF F <= FACTR*EPSMCH,16,False,True
21.78,81.73014427768658,1255.9044965985288,1174.1743523208422,-0.023324936082265695,0.004565758301351783,0.0830377315220574,0.08316315894189956,-1.515867496317254,-0.06618118286118556,0.0749669996404706,0.1,-2.2940293521245003,True,CONVERGENCE: RELATIVE REDUCTION OF F <= FACTR*EPSMCH,16,False,True
21.79,79.60081784277736,1255.9044965985288,1176.3036787557514,-0.02325199177472124,0.004624336993411172,0.08333799938183951,0.08346620054606603,-1.5153642354172854,-0.06697888598568268,0.07425516030631757,0.1,-2.3047207337030797,True,CONVERGENCE: RELATIVE REDUCTION OF F <= FACTR*EPSMCH,17,False,True
21.8,77.40869081702795,1255.9044965985288,1178.4958057815008,-0.023179957778497566,0.004683925824486386,0.08364123444786338,0.08377228217669457,-1.5148545565779892,-0.06777117682809763,0.07353276542694911,0.1,-2.3154426279090936,True,CONVERGENCE: RELATIVE REDUCTION OF F <= FACTR*EPSMCH,13,False,True
21.81,75.15442145015186,1255.9044965985288,1180.750075148377,-0.023107655418418804,0.0047484282789602246,0.08394793458669135,0.08408212231201016,-1.5142925684739874,-0.0685548557399248,0.0728026905716959,0.1,-2.3261532436607086,True,CONVERGENCE: RELATIVE REDUCTION OF F <= FACTR*EPSMCH,15,False,True
21.82,72.83869203467248,1255.9044965985288,1183.0658045638563,-0.023034728396658443,0.00481501569972762,0.0842562014249641,0.08439367188807906,-1.5137111008499624,-0.06933137238127451,0.07206358861262077,0.1,-2.3368736018955327,True,CONVERGENCE: RELATIVE REDUCTION OF F <= FACTR*EPSMCH,21,False,True
21.83,70.46220894484782,1255.9044965985288,1185.442287653681,-0.022962521721922837,0.004885050240733701,0.08456747414867223,0.084708449399932,-1.513095329466071,-0.07010125676947522,0.07131489184833771,0.1,-2.3476126889134696,True,CONVERGENCE: RELATIVE REDUCTION OF F <= FACTR*EPSMCH,16,False,True
21.84,68.02570268668728,1255.9044965985288,1187.8787939118415,-0.02289064652158996,0.004957982559374304,0.08488133500956344,0.08502601145569982,-1.5124518686300612,-0.07086488321481373,0.07055613599787629,0.1,-2.358377664434293,True,CONVERGENCE: RELATIVE REDUCTION OF F <= FACTR*EPSMCH,16,False,True
21.85,65.52992799009007,1255.9044965985288,1190.3745686084387,-0.02281819642861704,0.005032808484430153,0.08519669604039132,0.08534521766004105,-1.5117920838298962,-0.07162002676526777,0.06978948177298876,0.1,-2.36913875943997,True,CONVERGENCE: RELATIVE REDUCTION OF F <= FACTR*EPSMCH,18,False,True
21.86,62.9778756028586,1255.9044965985288,1192.9266209956702,-0.02272161995374151,0.005177672274550168,0.08554408189736577,0.08570063149035641,-1.5103437119244858,-0.07196232344521036,0.06858103733729647,0.09940792059938043,-2.3802485182927198,True,CONVERGENCE: RELATIVE REDUCTION OF F <= FACTR*EPSMCH,14,False,False
21.87,60.40754713548699,1255.9044965985288,1195.4969494630418,-0.02256594321831357,0.005482753717629886,0.08595244015932434,0.0861271302068658,-1.5070944065045297,-0.07128329471710437,0.0663299125515441,0.09737024907445317,-2.3921739187886732,True,CONVERGENCE: RELATIVE REDUCTION OF F <= FACTR*EPSMCH,13,False,False
21.88,57.83589830828237,1255.9044965985288,1198.0685982902464,-0.0224134511060027,0.0057914038350114294,0.08635159844703193,0.08654558863822946,-1.5038289063342765,-0.07053372244243293,0.06406054276617647,0.09528252274726615,-2.4042514834389817,True,CONVERGENCE: RELATIVE REDUCTION OF F <= FACTR*EPSMCH,14,False,False
21.89,55.26751185162561,1255.9044965985288,1200.6369847469032,-0.022265919713749225,0.006103511371983981,0.08673945168125057,0.08695392647277027,-1.5005460833820152,-0.06971540108846541,0.0617744938362059,0.0931467940277337,-2.4165129990242726,True,CONVERGENCE: RELATIVE REDUCTION OF F <= FACTR*EPSMCH,20,False,False
21.9,52.70701582780225,1255.9044965985288,1203.1974807707265,-0.022121551712243226,0.006415445885871102,0.08711459383373957,0.08735050317389108,-1.4972852725694705,-0.06882862222198603,0.05947371942073415,0.09096429265768563,-2.42897864628303,True,CONVERGENCE: RELATIVE REDUCTION OF F <= FACTR*EPSMCH,18,False,False
21.91,50.15907580273051,1255.9044965985288,1205.7454207957983,-0.021981508861513434,0.006730401319928339,0.08747764850742501,0.08773618005313367,-1.4940090775043977,-0.06787159175174884,0.057161438679127125,0.08873546663416873,-2.441644493963853,True,CONVERGENCE: RELATIVE REDUCTION OF F <= FACTR*EPSMCH,17,False,False
21.92,47.62838655362725,1255.9044965985288,1208.2761100449015,-0.02184538208703946,0.007046915486024863,0.08782586472743774,0.0881081241032254,-1.4907304954265408,-0.06684624416583185,0.05483610577329388,0.0864605045986772,-2.4545765851765773,True,CONVERGENCE: RELATIVE REDUCTION OF F <= FACTR*EPSMCH,18,False,False
21.93,45.11966343272388,1255.9044965985288,1210.784833165805,-0.021714339947184354,0.007361232310481394,0.08815993267979129,0.08846672522047037,-1.487490954985737,-0.06575070316470336,0.052504730181750364,0.0841421514944284,-2.4677410694536683,True,CONVERGENCE: RELATIVE REDUCTION OF F <= FACTR*EPSMCH,16,False,False
21.94,42.63763320862972,1255.9044965985288,1213.266863389899,-0.021587249513016438,0.007678051722301773,0.08847785890502892,0.08881038224593195,-1.484233825778744,-0.06458652378676585,0.0501634660373274,0.08177892381131321,-2.481229939950516,True,CONVERGENCE: RELATIVE REDUCTION OF F <= FACTR*EPSMCH,20,False,False
21.95,40.187024846460645,1255.9044965985288,1215.7174717520681,-0.021466278675052138,0.007990233161832899,0.08878135207568275,0.08914018343242733,-1.4810391417056237,-0.06335416422383505,0.04781740782173993,0.07937414324130533,-2.4950498981657745,True,CONVERGENCE: RELATIVE REDUCTION OF F <= FACTR*EPSMCH,18,False,False
21.96,37.772559818762375,1255.9044965985288,1218.1319367797664,-0.021350657150089818,0.008304236120194097,0.08906517401218951,0.08945147041475357,-1.4778273602241165,-0.06205445601582364,0.045465943365596964,0.07692793717202784,-2.509270017245965,True,CONVERGENCE: RELATIVE REDUCTION OF F <= FACTR*EPSMCH,17,False,False
21.97,35.39894198233901,1255.9044965985288,1220.5055546161898,-0.021240417078527158,0.008614824180102348,0.089333171797538,0.08974759483720171,-1.4746588334245085,-0.06068704183220313,0.04311374633740258,0.07444267707161979,-2.5239025640224173,True,CONVERGENCE: RELATIVE REDUCTION OF F <= FACTR*EPSMCH,21,False,False
21.98,33.07084756780341,1255.9044965985288,1222.8336490307254,-0.021135774613226535,0.008922420023467463,0.08958326259656471,0.09002649896847174,-1.47152453569139,-0.059251391526294335,0.0407601503873296,0.07191743361244163,-2.539020930506614,True,CONVERGENCE: RELATIVE REDUCTION OF F <= FACTR*EPSMCH,23,False,False
21.990000000000002,30.792914598108155,1255.9044965985288,1225.1115820004206,-0.021037339149914156,0.009227454550812732,0.089814056671775,0.09028682458325869,-1.4684160041237297,-0.05774899289827925,0.038407709505611336,0.06935487243325399,-2.5546892043795317,True,CONVERGENCE: RELATIVE REDUCTION OF F <= FACTR*EPSMCH,19,False,False
22.0,28.56973232898531,1255.9044965985288,1227.3347642695435,-0.02094495659249148,0.009526596426110484,0.0900255930541692,0.09052824666489934,-1.4653677117875124,-0.05618098428649502,0.03605909962861304,0.06675748393570298,-2.570976520527731,True,CONVERGENCE: RELATIVE REDUCTION OF F <= FACTR*EPSMCH,22,False,False
22.009999999999998,26.405830434095606,1255.9044965985288,1229.4986661644332,-0.02085859288386738,0.009822808199881468,0.09021618914808618,0.09074937104649773,-1.4623427826840143,-0.05454756805692892,0.03371471697447865,0.06412580854534694,-2.5879855835303456,True,CONVERGENCE: RELATIVE REDUCTION OF F <= FACTR*EPSMCH,21,False,False
22.02,24.30566812211282,1255.9044965985288,1231.598828476416,-0.020779148364318493,0.010112986790173927,0.09038659303257487,0.09095058384559467,-1.4593738144235084,-0.05284952985723773,0.031378334987977555,0.061462775016661905,-2.6057964318367537,True,CONVERGENCE: RELATIVE REDUCTION OF F <= FACTR*EPSMCH,23,False,False
22.03,22.273623180755067,1255.9044965985288,1233.6308734177737,-0.020705849789922133,0.010393998211592386,0.09053531010968889,0.09113000370613468,-1.456490756825903,-0.051088714144177164,0.02904971090799381,0.05877025112030289,-2.6245715636975473,True,CONVERGENCE: RELATIVE REDUCTION OF F <= FACTR*EPSMCH,19,False,False
22.04,20.313981222270968,1255.9044965985288,1235.5905153762578,-0.020640291921138105,0.010674306137362323,0.09066256647884145,0.0912887822902928,-1.453599222893983,-0.04926518788885803,0.02672824902636268,0.05604871125850925,-2.644496274523845,True,CONVERGENCE: RELATIVE REDUCTION OF F <= FACTR*EPSMCH,20,False,False
22.05,18.43092430345905,1255.9044965985288,1237.4735722950697,-0.020581905670176374,0.010943400067641397,0.09076899811311372,0.09142630378342381,-1.4508122415230031,-0.04737998319559612,0.024422536993074284,0.053304062891988385,-2.665652829228733,True,CONVERGENCE: RELATIVE REDUCTION OF F <= FACTR*EPSMCH,23,False,False
22.060000000000002,16.628520468326315,1255.9044965985288,1239.2759761302025,-0.02052957406870943,0.011205408001414618,0.09085054647183256,0.0915389696397593,-1.4480771932037573,-0.04543419237096167,0.02212986773085302,0.050537084227195,-2.6883382550628925,True,CONVERGENCE: RELATIVE REDUCTION OF F <= FACTR*EPSMCH,25,False,False
22.07,14.910712901169063,1255.9044965985288,1240.9937836973597,-0.020484989625823766,0.011456479314873222,0.09090972555143258,0.09162875704782267,-1.445436764388938,-0.04342966595665256,0.019852244838478257,0.047751937240632585,-2.7128397045603116,True,CONVERGENCE: RELATIVE REDUCTION OF F <= FACTR*EPSMCH,24,False,False
22.08,13.281309324505173,1255.9044965985288,1242.6231872740236,-0.02044814617888992,0.011701024812397005,0.09094692119581066,0.09169654550012953,-1.4428415070298692,-0.041366104317535915,0.01759169588758765,0.04495133313496533,-2.7394947136196564,True,CONVERGENCE: RELATIVE REDUCTION OF F <= FACTR*EPSMCH,22,False,False
22.09,11.743971792648608,1255.9044965985288,1244.1605248058802,-0.02041834992751082,0.011934227315053616,0.0909592953171893,0.09173886409917568,-1.4403374724511857,-0.039248178760903925,0.01535221531185871,0.04214392068886732,-2.768732378683972,True,CONVERGENCE: RELATIVE REDUCTION OF F <= FACTR*EPSMCH,23,False,False
22.1,10.302206472029184,1255.9044965985288,1245.6022901264996,-0.020395274096416713,0.012157351447044796,0.09094841583341506,0.09175737320136593,-1.4379110340680106,-0.03707338104017023,0.013134028265705528,0.03933113626929694,-2.8011179053818123,True,CONVERGENCE: RELATIVE REDUCTION OF F <= FACTR*EPSMCH,22,False,False
22.11,8.959354082334357,1255.9044965985288,1246.9451425161944,-0.020380536405982114,0.012368755572739483,0.09091323848844082,0.09175076591982376,-1.4355764341380117,-0.03484615167670771,0.010936138383793911,0.03652195790788892,-2.837486890010973,True,CONVERGENCE: RELATIVE REDUCTION OF F <= FACTR*EPSMCH,23,False,False
22.12,7.718580426818107,1255.9044965985288,1248.1859161717107,-0.020372561637692622,0.012569588563870377,0.09085347944474349,0.09171886002279689,-1.4333189277251743,-0.03256643334096596,0.00876381474051016,0.033725020820713554,-2.8787144874492476,True,CONVERGENCE: RELATIVE REDUCTION OF F <= FACTR*EPSMCH,25,False,False
22.13,6.582867488326201,1255.9044965985288,1249.3216291102026,-0.020371344365418587,0.012756804645593997,0.09076875516445636,0.09166080393969317,-1.4311690355943407,-0.030236086197583344,0.006620921339367812,0.03095250406558064,-2.926021047969336,True,CONVERGENCE: RELATIVE REDUCTION OF F <= FACTR*EPSMCH,27,False,False
22.14,5.555005069676554,1255.9044965985288,1250.3494915288522,-0.020379374640503767,0.012931466980794231,0.09066196606048953,0.09157955518689052,-1.429118087510386,-0.027856492884746727,0.004500812828566224,0.02821775171688438,-2.9814055822436774,True,CONVERGENCE: RELATIVE REDUCTION OF F <= FACTR*EPSMCH,22,False,False
22.15,4.59641801605585,1255.9044965985288,1251.308078582473,-0.020526611680664646,0.01268525765380412,0.0901339501283262,0.0910222210643038,-1.4309768002124466,-0.025061864218085938,-3.0691931795344527e-18,0.025061864218085938,3.141592653589793,True,CONVERGENCE: RELATIVE REDUCTION OF F <= FACTR*EPSMCH,25,False,False
22.16,3.832080187932206,1255.9044965985288,1252.0724164105966,-0.02043689059881263,0.013180370460170784,0.09031381355760765,0.09127051596647001,-1.4258796827983706,-0.022903514943689352,-2.8048716265012737e-18,0.022903514943689352,3.141592653589793,True,CONVERGENCE: RELATIVE REDUCTION OF F <= FACTR*EPSMCH,24,False,False
22.17,3.1433690440940154,1255.9044965985288,1252.7611275544348,-0.020447349541256234,0.013376066649561645,0.09019296193964864,0.09117943596261398,-1.423564497869601,-0.02044305423120479,-0.001666658848909633,0.020510880478873374,3.060245662654,True,CONVERGENCE: RELATIVE REDUCTION OF F <= FACTR*EPSMCH,32,False,False
22.18,2.5706914440377204,1255.9044965985288,1253.333805154491,-0.020484169340573545,0.01349667033198555,0.08998852757715384,0.09099502846614464,-1.421923863715798,-0.017885930591655594,-0.003655330958277495,0.018255628105985928,2.939999618609202,True,CONVERGENCE: RELATIVE REDUCTION OF F <= FACTR*EPSMCH,27,False,False
22.19,2.1166683660358103,1255.9044965985288,1253.787828232493,-0.020528050138501133,0.013599331158365579,0.08975934064580995,0.09078370471139324,-1.4204310950461214,-0.01528844364057173,-0.005607801682151156,0.01628446955406517,2.7900303008352174,True,CONVERGENCE: RELATIVE REDUCTION OF F <= FACTR*EPSMCH,24,False,False
22.2,1.7827880218474093,1255.9044965985288,1254.1217085766814,-0.020579919334395298,0.013687874689807233,0.08950729882657428,0.09054785727312122,-1.4190472946497992,-0.012654172305934845,-0.007524697336178999,0.014722402886396898,2.6051224649596603,True,CONVERGENCE: RELATIVE REDUCTION OF F <= FACTR*EPSMCH,23,False,False
22.21,1.5703028246600752,1255.9044965985288,1254.3341937738687,-0.020638430491951545,0.013762003919134414,0.0892323044809836,0.09028730206876955,-1.4177752715591505,-0.009982563155762035,-0.009400430005079403,0.013712025796328376,2.3862186569408217,True,CONVERGENCE: RELATIVE REDUCTION OF F <= FACTR*EPSMCH,20,False,False
22.22,1.480225809043759,1255.9044965985288,1254.424270789485,-0.020705213572642517,0.013818207788188035,0.08893266772065087,0.08999979030191813,-1.4166506115956734,-0.007281096089909264,-0.011234439506869271,0.013387568535921565,2.1458382114858576,True,CONVERGENCE: RELATIVE REDUCTION OF F <= FACTR*EPSMCH,21,False,False
22.23,1.5133279858534934,1255.9044965985288,1254.3911686126753,-0.02077580708644146,0.013857216559973318,0.08861258688533401,0.08968953676600669,-1.4156729034356765,-0.0045441802480216285,-0.013028950642325303,0.013798664028327483,1.9063799621740878,True,CONVERGENCE: RELATIVE REDUCTION OF F <= FACTR*EPSMCH,24,False,False
22.240000000000002,1.670135681949887,1255.9044965985288,1254.234360916579,-0.020855138561574286,0.013883859490079026,0.08827061645806315,0.08935582400843689,-1.4147870277271082,-0.0017771728575828646,-0.014779962071958348,0.014886424090904321,1.6904638545417725,True,CONVERGENCE: RELATIVE REDUCTION OF F <= FACTR*EPSMCH,23,False,False
22.25,1.9509295574066527,1255.9044965985288,1253.9535670411221,-0.020939501006599158,0.013892239037468154,0.0879047414872942,0.08899571833196346,-1.4140552349816076,0.0010139121345191795,-0.01648414948587467,0.016515302058672358,1.509365411300568,True,CONVERGENCE: RELATIVE REDUCTION OF F <= FACTR*EPSMCH,28,False,False
22.259999999999998,2.35574382034315,1255.9044965985288,1253.5487527781856,-0.021030474693947285,0.013883189237228913,0.08751991127153713,0.08861420773428176,-1.4134782036916227,0.003833557820686237,-0.01814320896345167,0.018543791334460644,1.3625647611940808,True,CONVERGENCE: RELATIVE REDUCTION OF F <= FACTR*EPSMCH,28,False,False
22.27,2.884366213879275,1255.9044965985288,1253.0201303846495,-0.021127262614628592,0.013855770383083969,0.08711293313792871,0.08820796728641912,-1.413062356761169,0.006675230463449313,-0.01975567864269548,0.020852950399730393,1.244951111213669,True,CONVERGENCE: RELATIVE REDUCTION OF F <= FACTR*EPSMCH,27,False,False
22.28,3.5363388402909095,1255.9044965985288,1252.3681577582379,-0.021230534133891678,0.013811762308686889,0.08668608547852336,0.08777950896229439,-1.4127936404373822,0.009538061155545789,-0.021319386462019675,0.023355745539885453,1.1501157460082099,True,CONVERGENCE: RELATIVE REDUCTION OF F <= FACTR*EPSMCH,26,False,False
22.29,4.310959663724134,1255.9044965985288,1251.5935369348047,-0.021339502507946695,0.01375095222806527,0.08624101276466681,0.08733041262844209,-1.4126793864365403,0.012419668641555718,-0.02283337419793082,0.025992520971017324,1.0726283201362652,True,CONVERGENCE: RELATIVE REDUCTION OF F <= FACTR*EPSMCH,22,False,False
22.3,5.207284698279182,1255.9044965985288,1250.6972119002496,-0.02145299741663547,0.01367389738899058,0.08577762383286894,0.08686067130881392,-1.4127154085150833,0.01531751640027717,-0.024296324993047232,0.028721729001585747,1.0082905014326418,True,CONVERGENCE: RELATIVE REDUCTION OF F <= FACTR*EPSMCH,20,False,False
22.310000000000002,6.22413096466903,1255.9044965985288,1249.6803656338598,-0.021572914766158222,0.013578418087238628,0.08529453323335542,0.08636857551938565,-1.4129265854680741,0.018229830908676557,-0.025708613277452243,0.03151602023746864,0.9539928525136785,True,CONVERGENCE: RELATIVE REDUCTION OF F <= FACTR*EPSMCH,22,False,False
22.32,7.360080022747297,1255.9044965985288,1248.5444165757815,-0.02169634438198746,0.013465467480031136,0.08479552232688153,0.08585801896820379,-1.4133120369960979,0.021155154036482368,-0.027067229885412956,0.0343536821312809,0.9073896237843921,True,CONVERGENCE: RELATIVE REDUCTION OF F <= FACTR*EPSMCH,18,False,False
22.33,8.613482254930204,1255.9044965985288,1247.2910143435986,-0.021823795516064292,0.013338318830449478,0.08427877419852817,0.08532773599263735,-1.4138339240398177,0.024091635533804223,-0.02837112548243167,0.03721999011060511,0.8667899105439406,True,CONVERGENCE: RELATIVE REDUCTION OF F <= FACTR*EPSMCH,18,False,False
22.34,9.982461690650553,1255.9044965985288,1245.9220349078782,-0.021956372934428803,0.01319140458132818,0.0837482834402777,0.08478082409378536,-1.4145673749908971,0.027033901226743488,-0.02962212242653175,0.04010364014138565,0.8310494956668668,True,CONVERGENCE: RELATIVE REDUCTION OF F <= FACTR*EPSMCH,21,False,False
22.35,11.464921546428513,1255.9044965985288,1244.4395750521003,-0.02209292210383146,0.013029356784934403,0.08320177130680809,0.08421578763402685,-1.4154584207100194,0.029983814887877002,-0.030817306482842057,0.04299692470500528,0.7991057952863828,True,CONVERGENCE: RELATIVE REDUCTION OF F <= FACTR*EPSMCH,24,False,False
22.36,13.058550247141056,1255.9044965985288,1242.8459463513877,-0.022232740086548353,0.012852874857370158,0.08264209611513065,0.08363559315507789,-1.4165078234672805,0.03293642133504337,-0.031955068177755154,0.04589045905855029,0.7702763290621951,True,CONVERGENCE: RELATIVE REDUCTION OF F <= FACTR*EPSMCH,18,False,False
22.37,14.760828061192342,1255.9044965985288,1241.1436685373365,-0.022375761902777833,0.01265709861084545,0.08206872229470276,0.08303901085832915,-1.4177763387028446,0.03588973845678663,-0.033037571536886856,0.04878067711247421,0.744042411720992,True,CONVERGENCE: RELATIVE REDUCTION OF F <= FACTR*EPSMCH,17,False,False
22.38,16.56903424852885,1255.9044965985288,1239.33546235,-0.022521908688310353,0.012447533222470485,0.0814838621379441,0.08242912635858751,-1.4192075108231448,0.038843674537797745,-0.034060732842220436,0.05166202254410362,0.7198863864890059,True,CONVERGENCE: RELATIVE REDUCTION OF F <= FACTR*EPSMCH,26,False,False
22.39,18.480254642337513,1255.9044965985288,1237.4242419561913,-0.02267101297234279,0.01222149658941036,0.08088818827587581,0.08180625881580517,-1.4208393239746824,0.041794096039756305,-0.03502510312486063,0.05452984790633012,0.6975092623088893,True,CONVERGENCE: RELATIVE REDUCTION OF F <= FACTR*EPSMCH,24,False,False
22.4,20.491389748360007,1255.9044965985288,1235.4131068501688,-0.02282160055742545,0.011981420236755295,0.08028138832121078,0.08117053493522614,-1.422646986351061,0.04474029164289756,-0.03593102688335181,0.05738233516670161,0.6766296704032596,True,CONVERGENCE: RELATIVE REDUCTION OF F <= FACTR*EPSMCH,19,False,False
22.41,22.599163291991545,1255.9044965985288,1233.3053333065372,-0.022975724467284218,0.011726218738813535,0.07966703460563912,0.08052540349955785,-1.4246553288793435,0.04767886174671006,-0.03677708118353101,0.060214844995581635,0.6570255598632727,True,CONVERGENCE: RELATIVE REDUCTION OF F <= FACTR*EPSMCH,18,False,False
22.42,24.80013099342773,1255.9044965985288,1231.104365605101,-0.02313080279959044,0.011456090529641957,0.07904298663504011,0.0798688659391786,-1.4268636259028238,0.05060805254984062,-0.037563730151275884,0.06302546156725314,0.6385213958615538,True,CONVERGENCE: RELATIVE REDUCTION OF F <= FACTR*EPSMCH,18,False,False
22.43,27.090689875074986,1255.9044965985288,1228.8138067234538,-0.02328754919510356,0.011172509360043638,0.07841228152482357,0.07920423510979985,-1.429264798296843,0.053525902622038796,-0.03828977478371187,0.06581131441090778,0.6209541124366204,True,CONVERGENCE: RELATIVE REDUCTION OF F <= FACTR*EPSMCH,17,False,False
22.44,29.46708782086148,1255.9044965985288,1226.4374087776673,-0.02344477626435512,0.010876948092473845,0.07777504016208464,0.0785319353640304,-1.4318461337227022,0.05643199297682411,-0.038953256884188936,0.06857059175201814,0.6041652106062725,True,CONVERGENCE: RELATIVE REDUCTION OF F <= FACTR*EPSMCH,18,False,False
22.45,31.92543328479428,1255.9044965985288,1223.9790633137345,-0.023603181427161574,0.010569025567200074,0.07713351695639249,0.0778542467660064,-1.4346218566453361,0.05932134886290705,-0.039556321244671636,0.0713002453104222,0.5881047754255532,True,CONVERGENCE: RELATIVE REDUCTION OF F <= FACTR*EPSMCH,17,False,False
22.46,34.46170547605311,1255.9044965985288,1221.4427911224757,-0.023762058780119347,0.010246753028738922,0.0764876228607757,0.07717092975029022,-1.4376230743953604,0.06219445937117817,-0.040096382656786264,0.07399912620181784,0.5726359818657614,True,CONVERGENCE: RELATIVE REDUCTION OF F <= FACTR*EPSMCH,22,False,False
22.47,37.07176450143447,1255.9044965985288,1218.8327320970943,-0.023921075350546963,0.009914137536828802,0.07583841646643057,0.0764836945710321,-1.4408063564580629,0.06504812323224075,-0.04057539645641451,0.07666564506760505,0.5577179689256423,True,CONVERGENCE: RELATIVE REDUCTION OF F <= FACTR*EPSMCH,21,False,False
22.48,39.75136185714905,1255.9044965985288,1216.1531347413797,-0.024079621825618503,0.00957176585138487,0.07518696213510223,0.07579378587073636,-1.4441712681760852,0.06788046978859373,-0.040992844921219365,0.07929799186269049,0.5432803703411954,True,CONVERGENCE: RELATIVE REDUCTION OF F <= FACTR*EPSMCH,23,False,False
22.490000000000002,42.496150935354535,1255.9044965985288,1213.4083456631743,-0.02423791815502566,0.009219560479560093,0.07453464254049402,0.07510268459965654,-1.4477264891690085,0.07069126980760716,-0.0413457581851526,0.08189461122025689,0.5292260622855068,True,CONVERGENCE: RELATIVE REDUCTION OF F <= FACTR*EPSMCH,17,False,False
22.5,45.30169768456744,1255.9044965985288,1210.6027989139614,-0.024395009579180442,0.008856353482029105,0.07388225381823472,0.07441117138078603,-1.4514943868869878,0.07347624105819345,-0.04163722157097701,0.08445363355233679,0.5155560638783685,True,CONVERGENCE: RELATIVE REDUCTION OF F <= FACTR*EPSMCH,18,False,False
22.509999999999998,48.16349125674583,1255.9044965985288,1207.741005341783,-0.024551320065698892,0.008484060157647468,0.07323144841984237,0.07372126093893548,-1.4554578231105393,0.07623574962138693,-0.04186488146547095,0.08697446648558835,0.5021905826692796,True,CONVERGENCE: RELATIVE REDUCTION OF F <= FACTR*EPSMCH,19,False,False
22.52,51.07695478511323,1255.9044965985288,1204.8275418134156,-0.02470567034582852,0.008104595353223918,0.07258153991054928,0.07303262559723672,-1.4595950298448426,0.0789662322922462,-0.042031539929628804,0.08945566606587292,0.48913091653799706,True,CONVERGENCE: RELATIVE REDUCTION OF F <= FACTR*EPSMCH,27,False,False
22.53,54.03745601810874,1255.9044965985288,1201.86704058042,-0.02485861476079056,0.007716647865808049,0.07193457391643347,0.07234728452971619,-1.4639318482891563,0.08166640267584153,-0.04213353351311596,0.09189470045826127,0.476304307391023,True,CONVERGENCE: RELATIVE REDUCTION OF F <= FACTR*EPSMCH,15,False,False
22.54,57.040317976527376,1255.9044965985288,1198.8641786220014,-0.025009526434833642,0.007321859562309853,0.07129248413600991,0.0716674816198631,-1.4684534421370623,0.08433500174668772,-0.042173109257585585,0.09429190667319264,0.46370080859706764,True,CONVERGENCE: RELATIVE REDUCTION OF F <= FACTR*EPSMCH,22,False,False
22.55,60.08082955677037,1255.9044965985288,1195.8236670417584,-0.025157974072364572,0.006921467089342376,0.07065451634647352,0.07099272770377923,-1.4731457693858285,0.08697035054939165,-0.042151460405253416,0.09664671483801048,0.45130429098638936,True,CONVERGENCE: RELATIVE REDUCTION OF F <= FACTR*EPSMCH,16,False,False
22.560000000000002,63.154255895854476,1255.9044965985288,1192.7502407026743,-0.025303720609193017,0.0065160237854456635,0.07002277010923495,0.07032529345650299,-1.4780077573661519,0.08957093883081663,-0.042066692728468434,0.09895736314264479,0.43907144280022375,True,CONVERGENCE: RELATIVE REDUCTION OF F <= FACTR*EPSMCH,12,False,False
22.57,66.24627588253065,1255.9044965985288,1189.6582207159981,-0.0253561564352075,0.006264678165810914,0.06966520702759905,0.06994631700611137,-1.4811120603152867,0.09105480472339955,-0.04134032579435699,0.1,0.4261884979453072,True,CONVERGENCE: RELATIVE REDUCTION OF F <= FACTR*EPSMCH,18,False,True
22.58,69.30478795235399,1255.9044965985288,1186.5997086461748,-0.025330228245352755,0.006144465720280077,0.06953769193415081,0.06980863169061946,-1.482663567438314,0.09160070516084085,-0.04011621634746611,0.1,0.4127852217791902,True,CONVERGENCE: RELATIVE REDUCTION OF F <= FACTR*EPSMCH,15,False,True
22.59,72.3215941515391,1255.9044965985288,1183.5829024469897,-0.025303662426388457,0.006021428217155118,0.06941374521241751,0.06967442588345286,-1.4842660261369172,0.09212588642631037,-0.03889500032351927,0.1,0.39949157681684,True,CONVERGENCE: RELATIVE REDUCTION OF F <= FACTR*EPSMCH,14,False,True
22.6,75.2954762831298,1255.9044965985288,1180.609020315399,-0.025276554305712823,0.005897525100181732,0.06929502451313269,0.06954553346249444,-1.485893441528752,0.09263018637762319,-0.0376782241042063,0.1,0.3863200625128534,True,CONVERGENCE: RELATIVE REDUCTION OF F <= FACTR*EPSMCH,18,False,True
22.61,78.22524897293829,1255.9044965985288,1177.6792476255905,-0.02524852764348233,0.005772371817800536,0.06918052024242351,0.06942092377241393,-1.4875498939152472,0.09311493846979027,-0.036463793463752135,0.1,0.37324393642581394,True,CONVERGENCE: RELATIVE REDUCTION OF F <= FACTR*EPSMCH,22,False,True
22.62,81.10975892590022,1255.9044965985288,1174.7947376726286,-0.025220051309610313,0.005644887666772658,0.06907129383902183,0.06930157566294562,-1.4892520272542225,0.09358037326287488,-0.03525214518268373,0.1,0.3602641646383837,True,CONVERGENCE: RELATIVE REDUCTION OF F <= FACTR*EPSMCH,24,False,True
22.63,83.94788424439434,1255.9044965985288,1171.9566123541344,-0.025190356182250864,0.005516576674211503,0.0689662057629017,0.06918648824397254,-1.4909767115251882,0.09402754289852659,-0.034041462607616355,0.1,0.34735782471260057,True,CONVERGENCE: RELATIVE REDUCTION OF F <= FACTR*EPSMCH,23,False,True
22.64,86.7385337916312,1255.9044965985288,1169.1659628068976,-0.025159013633553027,0.005387992606746755,0.068865698845819,0.0690761532068296,-1.492716252841803,0.0944560050517221,-0.0328338713780305,0.1,0.33454424262526494,True,CONVERGENCE: RELATIVE REDUCTION OF F <= FACTR*EPSMCH,14,False,True
22.65,89.48064669910605,1255.9044965985288,1166.4238498994227,-0.0251273456561976,0.005257424654658714,0.0687710689872633,0.06897173655672548,-1.494496533004533,0.09486678952776381,-0.03162739705848337,0.1,0.32179925868306963,True,CONVERGENCE: RELATIVE REDUCTION OF F <= FACTR*EPSMCH,19,False,True
22.66,92.17319186909117,1255.9044965985288,1163.7313047294376,-0.02509502933047755,0.005128087526909024,0.0686817343085379,0.06887291128819975,-1.496270108245384,0.0952603335300141,-0.030421519616062438,0.1,0.30911446911925883,True,CONVERGENCE: RELATIVE REDUCTION OF F <= FACTR*EPSMCH,20,False,True
22.67,94.81516756447854,1255.9044965985288,1161.0893290340503,-0.025061670825692817,0.0049955874697650325,0.06859750948011269,0.06877916981937354,-1.4981000399801274,0.09563642376575592,-0.029217707803603596,0.1,0.2965024596470742,True,CONVERGENCE: RELATIVE REDUCTION OF F <= FACTR*EPSMCH,16,False,True
22.68,97.40560103261441,1255.9044965985288,1158.4988955659144,-0.02502736045012243,0.004866974038348447,0.06851929726998758,0.06869193209295313,-1.4998847192989841,0.09599620754807824,-0.02801299941788257,0.1,0.2839295224857953,True,CONVERGENCE: RELATIVE REDUCTION OF F <= FACTR*EPSMCH,16,False,True
22.69,99.94354815212341,1255.9044965985288,1155.9609484464054,-0.024991897096230516,0.0047357185275802675,0.06844586368479867,0.06860949850808203,-1.5017171591983975,0.09633914830684806,-0.026809858326950105,0.1,0.27141881801545675,True,CONVERGENCE: RELATIVE REDUCTION OF F <= FACTR*EPSMCH,23,False,True
22.7,102.4280931022638,1255.9044965985288,1153.476403496265,-0.024955193367115918,0.0046046927430864176,0.06837845793216288,0.06853332550255241,-1.5035565668886477,0.09666567977348199,-0.025607544863392024,0.1,0.2589600839667171,True,CONVERGENCE: RELATIVE REDUCTION OF F <= FACTR*EPSMCH,13,False,True
22.71,104.85834811048767,1255.9044965985288,1151.0461484880411,-0.024917138581837896,0.004474552558502374,0.068315908276032,0.06846228848189358,-1.5053917891609392,0.09697639188335362,-0.02440449584167283,0.1,0.2465347516691455,True,CONVERGENCE: RELATIVE REDUCTION OF F <= FACTR*EPSMCH,29,False,True
22.72,107.23345316113569,1255.9044965985288,1148.671043437393,-0.02487828667302335,0.00434482746132146,0.06825968953525838,0.06839782702044353,-1.5072306408709353,0.09727152844813586,-0.02320021020084725,0.1,0.23413544042265452,True,CONVERGENCE: RELATIVE REDUCTION OF F <= FACTR*EPSMCH,14,False,True
22.73,109.55257575042447,1255.9044965985288,1146.3519208481043,-0.024838505602615978,0.004214794272478682,0.06820953227555217,0.06833962821093566,-1.509082926480455,0.0975505239206866,-0.02199761993488279,0.1,0.22179007214843957,True,CONVERGENCE: RELATIVE REDUCTION OF F <= FACTR*EPSMCH,22,False,True
22.740000000000002,111.81491066922399,1255.9044965985288,1144.0895859293048,-0.024797682827624266,0.00408701941254708,0.0681659539201204,0.06828836651669531,-1.5109111152812893,0.09781432991630909,-0.020793192708755473,0.1,0.20946019864490967,True,CONVERGENCE: RELATIVE REDUCTION OF F <= FACTR*EPSMCH,12,False,True
22.75,114.01967973049432,1255.9044965985288,1141.8848168680345,-0.02475568860895128,0.003959643097472528,0.06812829717878477,0.0682432681657332,-1.5127412491712815,0.09806285940459271,-0.0195876390970194,0.1,0.19715107378661836,True,CONVERGENCE: RELATIVE REDUCTION OF F <= FACTR*EPSMCH,23,False,True
22.759999999999998,116.16613160460611,1255.9044965985288,1139.7383649939227,-0.024711887913409374,0.0038331846711721837,0.06809636447373803,0.06820416526329957,-1.51456507668853,0.09829573974503474,-0.018383349748519736,0.1,0.1848850028913521,True,CONVERGENCE: RELATIVE REDUCTION OF F <= FACTR*EPSMCH,21,False,True
22.77,118.25354163129464,1255.9044965985288,1137.6509549672342,-0.024667849781474422,0.0037076060421817416,0.06807062121250772,0.06817151762151645,-1.516383041198885,0.09851383240687807,-0.017176286691527383,0.1,0.17261885232404447,True,CONVERGENCE: RELATIVE REDUCTION OF F <= FACTR*EPSMCH,13,False,True
22.78,120.28121152912831,1255.9044965985288,1135.6232850694005,-0.02462247753717574,0.003582914547077766,0.06805107279148377,0.06814532841452511,-1.5181945204065237,0.0987166911091395,-0.015969185842200657,0.1,0.16037849767219425,True,CONVERGENCE: RELATIVE REDUCTION OF F <= FACTR*EPSMCH,15,False,True
22.79,122.24846931236857,1255.9044965985288,1133.6560272861602,-0.024575596959705893,0.0034594802215690773,0.06803802551324949,0.06812591958384867,-1.5199938013485388,0.09890466886681781,-0.014760300686135068,0.1,0.14814429305206206,True,CONVERGENCE: RELATIVE REDUCTION OF F <= FACTR*EPSMCH,20,False,True
22.8,124.1546690326054,1255.9044965985288,1131.7498275659234,-0.02452832715828475,0.0033380840469286474,0.06803179804540849,0.0681136429094466,-1.5217691194224845,0.09907765759509163,-0.01355056328975969,0.1,0.1359237846593037,True,CONVERGENCE: RELATIVE REDUCTION OF F <= FACTR*EPSMCH,14,False,True
22.810000000000002,125.99919064734377,1255.9044965985288,1129.905305951185,-0.02447915280786958,0.0032172069443799156,0.06803116549991611,0.06810719418534243,-1.5235413392679755,0.09923568636017768,-0.01234011963574284,0.1,0.12371655141423855,True,CONVERGENCE: RELATIVE REDUCTION OF F <= FACTR*EPSMCH,27,False,True
22.82,127.78143978298749,1255.9044965985288,1128.1230568155413,-0.02442914509070611,0.0030971517987017374,0.06803658696370961,0.06810704453237287,-1.5253058745825567,0.09937879876267694,-0.011128987217503777,0.1,0.11152089100146922,True,CONVERGENCE: RELATIVE REDUCTION OF F <= FACTR*EPSMCH,15,False,True
22.83,129.5008476331759,1255.9044965985288,1126.4036489653529,-0.024377697035070714,0.0029790056563162377,0.06805045536198148,0.06811562926137729,-1.5270478336923394,0.09950720484333314,-0.009915451793384735,0.1,0.09931771589252007,True,CONVERGENCE: RELATIVE REDUCTION OF F <= FACTR*EPSMCH,21,False,True
22.84,131.15687072243463,1255.9044965985288,1124.7476258760942,-0.024325108588545023,0.0028641151368300997,0.0680692293576582,0.06812945868611094,-1.5287446285961603,0.09962074126168013,-0.00870102927666496,0.1,0.08712045795540453,True,CONVERGENCE: RELATIVE REDUCTION OF F <= FACTR*EPSMCH,15,False,True
22.85,132.74899077263626,1255.9044965985288,1123.1555058258925,-0.024271777483055604,0.0027486534419661843,0.06809544985653661,0.0681509015854385,-1.5304535123728047,0.09971939959735254,-0.007486076672298155,0.1,0.0749308652789761,True,CONVERGENCE: RELATIVE REDUCTION OF F <= FACTR*EPSMCH,18,False,True
22.86,134.27671452810682,1255.9044965985288,1121.627782070422,-0.024216793039246256,0.0026350522181493173,0.06812740338385548,0.06817834401053562,-1.532137296166909,0.09980331097836229,-0.006268900841161135,0.1,0.06273014157430343,True,CONVERGENCE: RELATIVE REDUCTION OF F <= FACTR*EPSMCH,14,False,True
22.87,135.73957364259286,1255.9044965985288,1120.164922955936,-0.024161023418553293,0.0025242707444621277,0.06816675591860874,0.06821347781236878,-1.5337824212586963,0.09987235966930871,-0.005050918142698459,0.1,0.050530682433701776,True,CONVERGENCE: RELATIVE REDUCTION OF F <= FACTR*EPSMCH,14,False,True
22.88,137.1371244381712,1255.9044965985288,1118.7673721603576,-0.02410432272024896,0.0024157027561262793,0.06821297208431468,0.06825573368136519,-1.5353969951313926,0.09992657233478834,-0.003831467267289946,0.1,0.03832405328466869,True,CONVERGENCE: RELATIVE REDUCTION OF F <= FACTR*EPSMCH,14,False,True
22.89,138.46894784840197,1255.9044965985288,1117.4355487501268,-0.024045571548495376,0.0023073518485774774,0.06826452985227449,0.06830351314907022,-1.5370090323264878,0.09996590422243795,-0.0026111286813105495,0.1,0.02611425483332073,True,CONVERGENCE: RELATIVE REDUCTION OF F <= FACTR*EPSMCH,21,False,True
22.9,139.7346492092231,1255.9044965985288,1116.1698473893057,-0.023986521424579757,0.0022010816787523973,0.06832390084144943,0.06835934600878474,-1.5385920662866395,0.09999034820080593,-0.0013893403764326318,0.1,0.01389385076939483,True,CONVERGENCE: RELATIVE REDUCTION OF F <= FACTR*EPSMCH,15,False,True
22.91,140.93385817107765,1255.9044965985288,1114.9706384274511,-0.023926084399684903,0.002096884282874575,0.06838970588881695,0.06842184443037655,-1.5401451119321778,0.09999986039038207,-0.00016709848621426033,0.1,0.0016709856397615647,True,CONVERGENCE: RELATIVE REDUCTION OF F <= FACTR*EPSMCH,11,False,True
22.92,142.06622854567354,1255.9044965985288,1113.8382680528553,-0.02386424396909431,0.001995251165504057,0.06846211695852561,0.06849118545956322,-1.5416607019732542,0.09999441435063908,0.0010569288872517278,0.1,-0.010569485664719587,True,CONVERGENCE: RELATIVE REDUCTION OF F <= FACTR*EPSMCH,16,False,True
22.93,143.1314381834086,1255.9044965985288,1112.7730584151202,-0.023801814118219678,0.0018957150363122612,0.06854038854707882,0.06856659972379726,-1.5431450119962433,0.09997393398664241,0.0022830950997423357,0.1,-0.02283293491052127,True,CONVERGENCE: RELATIVE REDUCTION OF F <= FACTR*EPSMCH,16,False,True
22.94,144.1291889034569,1255.9044965985288,1111.775307695072,-0.023738297481941353,0.001797135557840764,0.06862712691565771,0.06865065363790097,-1.544615354221758,0.09993843961030562,0.00350831701208693,0.1,-0.03509037100613889,True,CONVERGENCE: RELATIVE REDUCTION OF F <= FACTR*EPSMCH,16,False,True
22.95,145.05920632770494,1255.9044965985288,1110.8452902708239,-0.023673544578022055,0.00169967844997486,0.06871970722734802,0.0687407235068539,-1.5460678747196137,0.09988774416727315,0.0047369362644422534,0.1,-0.04738709556467088,True,CONVERGENCE: RELATIVE REDUCTION OF F <= FACTR*EPSMCH,22,False,True
22.96,145.92123984522846,1255.9044965985288,1109.9832567533003,-0.023607738423181045,0.00160617769045221,0.06881975604993712,0.06883849671184114,-1.547461658856651,0.09982195097617144,0.005964738327104334,0.1,-0.05968280903029931,True,CONVERGENCE: RELATIVE REDUCTION OF F <= FACTR*EPSMCH,16,False,True
22.97,146.71506250861057,1255.9044965985288,1109.1894340899182,-0.023540956015029278,0.001513366767979922,0.06892485536277686,0.06894146767914167,-1.5488430904396848,0.0997409013521251,0.007193927819046538,0.1,-0.07200147388688469,True,CONVERGENCE: RELATIVE REDUCTION OF F <= FACTR*EPSMCH,14,False,True
22.98,147.4404709748585,1255.9044965985288,1108.4640256236703,-0.023472958978406126,0.0014228438211594371,0.06903730687395539,0.0690519675675364,-1.5501894624816632,0.09964454882703892,0.008424006710340262,0.1,-0.08434002000022074,True,CONVERGENCE: RELATIVE REDUCTION OF F <= FACTR*EPSMCH,17,False,True
22.990000000000002,148.09728545519442,1255.9044965985288,1107.8072111433344,-0.023403114648783935,0.001334929821054721,0.06915650855615658,0.06916939144813188,-1.5514956986301847,0.0995327949211433,0.009655192136132407,0.1,-0.09670256809073148,True,CONVERGENCE: RELATIVE REDUCTION OF F <= FACTR*EPSMCH,21,False,True
23.0,148.68534969127518,1255.9044965985288,1107.2191469072536,-0.023333627736299153,0.0012489942169431965,0.06928284139377376,0.06929409858096697,-1.5527708111720304,0.09940565221637992,0.010886519528119296,0.1,-0.10908138863654053,True,CONVERGENCE: RELATIVE REDUCTION OF F <= FACTR*EPSMCH,23,False,True
23.009999999999998,149.2045308884717,1255.9044965985288,1106.699965710057,-0.023262713603735115,0.001164312701288477,0.06941502594489243,0.06942478988802539,-1.554024691051466,0.09926292697764116,0.0121190481404886,0.1,-0.12148911616788004,True,CONVERGENCE: RELATIVE REDUCTION OF F <= FACTR*EPSMCH,19,False,True
23.02,149.6547197630473,1255.9044965985288,1106.2497768354815,-0.02319083935961704,0.0010811750970058883,0.06955454644827908,0.06956294898303404,-1.5552533021421928,0.0991047831668522,0.013350728573797422,0.1,-0.13390711105828118,True,CONVERGENCE: RELATIVE REDUCTION OF F <= FACTR*EPSMCH,19,False,True
23.03,150.03583052634826,1255.9044965985288,1105.8686660721805,-0.02311809886766434,0.0010027937194900056,0.06970071196361198,0.06970792525587209,-1.556410181940682,0.0989307608681044,0.014584394195781473,0.1,-0.14636598221833305,True,CONVERGENCE: RELATIVE REDUCTION OF F <= FACTR*EPSMCH,19,False,True
23.04,150.34780091240827,1255.9044965985288,1105.5566956861205,-0.02304429376692805,0.0009241357313849362,0.06985353629883542,0.0698596490135954,-1.5575674786784772,0.09874103751254194,0.015817949012017465,0.1,-0.15884665790410463,True,CONVERGENCE: RELATIVE REDUCTION OF F <= FACTR*EPSMCH,14,False,True
23.05,150.5905922261593,1255.9044965985288,1105.3139043723695,-0.02297002314793633,0.0008481134080126854,0.07001248305463983,0.07001761978123136,-1.5586831736854936,0.09853535120840812,0.01705240634736535,0.1,-0.1713614979359819,True,CONVERGENCE: RELATIVE REDUCTION OF F <= FACTR*EPSMCH,18,False,True
23.060000000000002,150.76418943099907,1255.9044965985288,1105.1403071675297,-0.022894559050608308,0.0007740434967076015,0.07017764939469656,0.07018191802665236,-1.5597670016936105,0.09831385270562648,0.018286234335597427,0.1,-0.18389710190632383,True,CONVERGENCE: RELATIVE REDUCTION OF F <= FACTR*EPSMCH,17,False,True
23.07,150.86860121692848,1255.9044965985288,1105.0358953816003,-0.022818075813593745,0.000703126572183088,0.07034970782279643,0.07035322151635513,-1.5608019262142174,0.09807609934135515,0.019521238126323767,0.1,-0.19647399291922263,True,CONVERGENCE: RELATIVE REDUCTION OF F <= FACTR*EPSMCH,21,False,True
23.08,150.90386012713225,1255.9044965985288,1105.0006364713965,-0.022740628029649622,0.0006332089661801344,0.07052806889898973,0.07053091135250908,-1.5618184551007037,0.09782236445059028,0.02075536107360923,0.1,-0.2090734446691578,True,CONVERGENCE: RELATIVE REDUCTION OF F <= FACTR*EPSMCH,23,False,True
23.09,150.8700226647095,1255.9044965985288,1105.0344739338193,-0.022663248047092,0.000566242226889972,0.07071326837480589,0.07071553545372357,-1.5627889169038007,0.09755228581904407,0.02198980517147736,0.1,-0.22170996296485918,True,CONVERGENCE: RELATIVE REDUCTION OF F <= FACTR*EPSMCH,19,False,True
23.1,150.76716948154058,1255.9044965985288,1105.1373271169882,-0.0225841371877883,0.0005017192388233734,0.07090452367024336,0.07090629872654972,-1.5637204613989075,0.0972657950404116,0.023224235512856906,0.1,-0.2343824399336653,True,CONVERGENCE: RELATIVE REDUCTION OF F <= FACTR*EPSMCH,15,False,True
23.11,150.59540554624778,1255.9044965985288,1105.309091052281,-0.022504408912540557,0.0004374547889711542,0.07110162278690028,0.07110296850078097,-1.5646438755258212,0.09696268730519889,0.024458889397399527,0.1,-0.24709568610822866,True,CONVERGENCE: RELATIVE REDUCTION OF F <= FACTR*EPSMCH,14,False,True
23.12,150.35486033662914,1255.9044965985288,1105.5496362618996,-0.022424300045132434,0.00037655550432355675,0.07130545295506516,0.07130644722025384,-1.5655154963905433,0.09664324162364901,0.025692097004195582,0.1,-0.25983487168784736,True,CONVERGENCE: RELATIVE REDUCTION OF F <= FACTR*EPSMCH,15,False,True
23.13,150.04568808717318,1255.9044965985288,1105.8588085113556,-0.022343807273698932,0.00031804130349013767,0.07151578709288715,0.07151649427779504,-1.5663492079167365,0.09630678410671029,0.02692588596543288,0.1,-0.2726233866559631,True,CONVERGENCE: RELATIVE REDUCTION OF F <= FACTR*EPSMCH,27,False,True
23.14,149.6680680362947,1255.9044965985288,1106.236428562234,-0.02226230276523616,0.0002608524323768192,0.07173133346159212,0.07173180775757435,-1.5671598227744616,0.09595336276637939,0.028159406489192896,0.1,-0.28545499652232315,True,CONVERGENCE: RELATIVE REDUCTION OF F <= FACTR*EPSMCH,23,False,True
23.15,149.22220473232233,1255.9044965985288,1106.6822918662065,-0.022180662343657752,0.0002064212695074533,0.07195436689908301,0.07195466298710847,-1.5679275543752287,0.09558281516406597,0.029392608685041923,0.1,-0.2983317821947723,True,CONVERGENCE: RELATIVE REDUCTION OF F <= FACTR*EPSMCH,17,False,True
23.16,148.7083283123991,1255.9044965985288,1107.1961682861297,-0.02209842433012385,0.00015452079845118752,0.07218288914519948,0.07218305453515604,-1.5686556454748553,0.09519509080909866,0.0306250662994786,0.1,-0.31125194151339686,True,CONVERGENCE: RELATIVE REDUCTION OF F <= FACTR*EPSMCH,19,False,True
23.17,148.12669488441793,1255.9044965985288,1107.7778017141109,-0.02201519145053332,0.00010412038816797808,0.07241699567704421,0.07241707052860032,-1.569358538393881,0.09478963839428906,0.03185787897961701,0.1,-0.3242297780194929,True,CONVERGENCE: RELATIVE REDUCTION OF F <= FACTR*EPSMCH,28,False,True
23.18,147.47758686966654,1255.9044965985288,1108.4269097288623,-0.02193177810889294,5.6398135534000755e-05,0.07265685759468724,0.07265687948353103,-1.5700201010390087,0.09436683862466985,0.033089269680449576,0.1,-0.33724940415867044,True,CONVERGENCE: RELATIVE REDUCTION OF F <= FACTR*EPSMCH,20,False,True
23.19,146.76131343115594,1255.9044965985288,1109.1431831673729,-0.02184776922099968,1.0388830639593884e-05,0.07290334763790253,0.07290334837811409,-1.5706538253747853,0.09392600200618975,0.03432063733576694,0.1,-0.35032850050362463,True,CONVERGENCE: RELATIVE REDUCTION OF F <= FACTR*EPSMCH,16,False,True
23.2,145.97821091429432,1255.9044965985288,1109.9262856842345,-0.02176392817138449,-3.265730990220722e-05,0.07315585248981869,0.07315585977904984,-1.5712427341105306,0.09346755688262709,0.03555018720615786,0.1,-0.3634509603544081,True,CONVERGENCE: RELATIVE REDUCTION OF F <= FACTR*EPSMCH,19,False,True
23.21,145.12864330619914,1255.9044965985288,1110.7758532923297,-0.021680002651126885,-7.56550598417272e-05,0.07341322519394788,0.07341326417661447,-1.5718268636342714,0.09299050055698706,0.03677997833279665,0.1,-0.37664184426215913,True,CONVERGENCE: RELATIVE REDUCTION OF F <= FACTR*EPSMCH,18,False,True
23.22,144.21300273744896,1255.9044965985288,1111.6914938610798,-0.02159503313221623,-0.00011428954342026933,0.07367678366615484,0.07367687231071304,-1.5723475542787975,0.09249495429472293,0.038008991436462976,0.1,-0.3898935045540354,True,CONVERGENCE: RELATIVE REDUCTION OF F <= FACTR*EPSMCH,18,False,True
23.23,143.2317100844598,1255.9044965985288,1112.672786514069,-0.021510192469540917,-0.00015282845080839643,0.07394513794068952,0.07394529587203622,-1.5728631054561915,0.09198112575540034,0.03923611225349971,0.1,-0.4031971558234384,True,CONVERGENCE: RELATIVE REDUCTION OF F <= FACTR*EPSMCH,17,False,True
23.240000000000002,142.18521548044578,1255.9044965985288,1113.719281118083,-0.02142518468664441,-0.000188034757382262,0.0742200793468503,0.07422031753719961,-1.5733297969385327,0.09144787048912706,0.040463403008198,0.1,-0.41657860004692565,True,CONVERGENCE: RELATIVE REDUCTION OF F <= FACTR*EPSMCH,13,False,True
23.25,141.0739989964968,1255.9044965985288,1114.830497602032,-0.02134053623181667,-0.00022145597308990579,0.07449965324810796,0.07449998239487268,-1.573768895272206,0.09089534723359179,0.04168975715070525,0.1,-0.43002945023905975,True,CONVERGENCE: RELATIVE REDUCTION OF F <= FACTR*EPSMCH,16,False,True
23.259999999999998,139.89857133813848,1255.9044965985288,1116.0059252603903,-0.021255277378301757,-0.00025327173247813707,0.07478552364859971,0.07478595251760681,-1.5741829550063733,0.09032349462748662,0.04291463990619513,0.1,-0.44354751591175773,True,CONVERGENCE: RELATIVE REDUCTION OF F <= FACTR*EPSMCH,18,False,True
23.27,138.6594744858271,1255.9044965985288,1117.2450221127017,-0.02116962998721022,-0.0002825986734468427,0.0750754168737755,0.07507594875045809,-1.5745605062093484,0.08973161298008676,0.04413884493268855,0.1,-0.45714542134674174,True,CONVERGENCE: RELATIVE REDUCTION OF F <= FACTR*EPSMCH,16,False,True
23.28,137.35728255804315,1255.9044965985288,1118.5472140404856,-0.021084544526496853,-0.00031022261935651884,0.07537207451457001,0.07537271293182603,-1.5749121862773088,0.0891190256043955,0.045362972514189366,0.1,-0.47083403299020193,True,CONVERGENCE: RELATIVE REDUCTION OF F <= FACTR*EPSMCH,20,False,True
23.29,135.9926025784514,1255.9044965985288,1119.9118940200774,-0.021000302181919936,-0.0003350675447736657,0.07567282430788431,0.07567356611784255,-1.5752241429641338,0.08848589573879662,0.04658590189427288,0.1,-0.4846051609973417,True,CONVERGENCE: RELATIVE REDUCTION OF F <= FACTR*EPSMCH,19,False,True
23.3,134.56607537428636,1255.9044965985288,1121.3384212242424,-0.020916031729793373,-0.0003582847604611758,0.07597923843924592,0.07598008319143487,-1.5755118531964212,0.08783199076617848,0.04780733623671096,0.1,-0.4984598507112399,True,CONVERGENCE: RELATIVE REDUCTION OF F <= FACTR*EPSMCH,15,False,True
23.310000000000002,133.0783765540084,1255.9044965985288,1122.8261200445204,-0.020832012910165475,-0.000380743536728218,0.07628957567848407,0.07629052577380699,-1.5757870528833964,0.08715614263806942,0.049028632455459124,0.1,-0.5124182416659102,True,CONVERGENCE: RELATIVE REDUCTION OF F <= FACTR*EPSMCH,19,False,True
23.32,131.53021747639605,1255.9044965985288,1124.3742791221327,-0.020748345090797267,-0.0004002216483901703,0.07660530743267008,0.07660635289727437,-1.576020742968003,0.08645884940108947,0.05024805827332765,0.1,-0.5264654820747109,True,CONVERGENCE: RELATIVE REDUCTION OF F <= FACTR*EPSMCH,16,False,True
23.33,129.922346385305,1255.9044965985288,1125.9821502132238,-0.020664605506965875,-0.0004178785316714848,0.0769258088909261,0.07692694388827959,-1.5762285013454456,0.08573831808698028,0.05146786192971098,0.1,-0.5406327680025075,True,CONVERGENCE: RELATIVE REDUCTION OF F <= FACTR*EPSMCH,18,False,True
23.34,128.25554953448614,1255.9044965985288,1127.6489470640427,-0.020582330969429182,-0.00043397588819280047,0.07725099262882106,0.07725221160076712,-1.5764140063642,0.08499515979034623,0.05268607797334615,0.1,-0.5549029086439032,True,CONVERGENCE: RELATIVE REDUCTION OF F <= FACTR*EPSMCH,18,False,True
23.35,126.53065247105815,1255.9044965985288,1129.3738441274706,-0.020500608839805628,-0.0004492435192554823,0.07758059602348569,0.07758189672274632,-1.576586930645111,0.08422818282027655,0.05390374030430607,0.1,-0.5692938466477507,True,CONVERGENCE: RELATIVE REDUCTION OF F <= FACTR*EPSMCH,20,False,True
23.36,124.74852140850112,1255.9044965985288,1131.1559751900277,-0.020419160915295456,-0.00046096135102717,0.07791464555893608,0.07791600912483762,-1.5767124927437857,0.08343712642834317,0.055120286042261046,0.1,-0.5838051894541544,True,CONVERGENCE: RELATIVE REDUCTION OF F <= FACTR*EPSMCH,20,False,True
23.37,122.91006463329109,1255.9044965985288,1132.9944319652377,-0.020339557468981414,-0.0004718747711069954,0.07825358212359589,0.07825500483019583,-1.576826326176717,0.08262100596004536,0.056336217250984734,0.1,-0.5984495728474484,True,CONVERGENCE: RELATIVE REDUCTION OF F <= FACTR*EPSMCH,17,False,True
23.38,121.01623410724619,1255.9044965985288,1134.8882624912826,-0.020260545650656905,-0.00048234096413000483,0.07859580007591417,0.07859728012074431,-1.5769332311639028,0.08177891139161296,0.05755179972514081,0.1,-0.6132374187497239,True,CONVERGENCE: RELATIVE REDUCTION OF F <= FACTR*EPSMCH,23,False,True
23.39,119.0680272241118,1255.9044965985288,1136.836469374417,-0.02018245078080444,-0.0004893545493393338,0.07894349084521442,0.07894500753501396,-1.5769950428184454,0.08091081338648765,0.05876597890903351,0.1,-0.6281634584065571,True,CONVERGENCE: RELATIVE REDUCTION OF F <= FACTR*EPSMCH,14,False,True
23.4,117.06648854029481,1255.9044965985288,1138.838008058234,-0.02010578166896996,-0.000495642721070417,0.07929416411442115,0.07929571315217301,-1.5770469288620765,0.08001544430384827,0.05997940207152583,0.1,-0.6432436595395574,True,CONVERGENCE: RELATIVE REDUCTION OF F <= FACTR*EPSMCH,16,False,True
23.41,115.01271189899671,1255.9044965985288,1140.891784699532,-0.020030815300598928,-0.0005004750214872881,0.07964970810981763,0.07965128044938312,-1.5770796948947448,0.07909119715688206,0.061192994143865954,0.1,-0.658498441196546,True,CONVERGENCE: RELATIVE REDUCTION OF F <= FACTR*EPSMCH,24,False,True
23.42,112.90784254703749,1255.9044965985288,1142.9966540514913,-0.019957000137162607,-0.0005034735580448986,0.0800083475383705,0.08000993164254251,-1.5770890065968504,0.07813822139140832,0.062405275079814054,0.1,-0.673918671397045,True,CONVERGENCE: RELATIVE REDUCTION OF F <= FACTR*EPSMCH,19,False,True
23.43,110.75307954518371,1255.9044965985288,1145.151417053345,-0.019884883301143488,-0.0005060266189056673,0.08037057054523836,0.08037216354376792,-1.577092411655826,0.07715460967837731,0.06361734201754461,0.1,-0.6895284367388149,True,CONVERGENCE: RELATIVE REDUCTION OF F <= FACTR*EPSMCH,16,False,True
23.44,108.54967835395314,1255.9044965985288,1147.3548182445757,-0.019814508184275922,-0.0005082529498262645,0.08073605573721924,0.08073765550884159,-1.5770914849037851,0.07614030529033144,0.06482787911304153,0.1,-0.7053216798997795,True,CONVERGENCE: RELATIVE REDUCTION OF F <= FACTR*EPSMCH,15,False,True
23.45,106.29895371602765,1255.9044965985288,1149.6055428825011,-0.019746535459049804,-0.0005079770545740765,0.08110551556643783,0.08110710632235417,-1.5770594077827762,0.07509255289597834,0.06603868941434783,0.1,-0.7213338672740135,True,CONVERGENCE: RELATIVE REDUCTION OF F <= FACTR*EPSMCH,16,False,True
23.46,104.00228273476091,1255.9044965985288,1151.9022138637679,-0.019680565939302494,-0.0005065868173554986,0.0814793697733314,0.0814809445751753,-1.5770136096659262,0.0740109924087559,0.0672485910831675,0.1,-0.7375625238359312,True,CONVERGENCE: RELATIVE REDUCTION OF F <= FACTR*EPSMCH,13,False,True
23.47,101.6611083820319,1255.9044965985288,1154.243388216497,-0.01961675741244348,-0.000505874559323699,0.08185456035879823,0.08185612353759439,-1.5769764115296439,0.07289427426225634,0.06845746693954542,0.1,-0.7540200491282335,True,CONVERGENCE: RELATIVE REDUCTION OF F <= FACTR*EPSMCH,16,False,True
23.48,99.2769432266607,1255.9044965985288,1156.627553371868,-0.01955558289130631,-0.0005025761571535544,0.08223345118776113,0.0822349869401317,-1.5769078287777192,0.07174077395942394,0.06966535259153463,0.1,-0.7707221913439403,True,CONVERGENCE: RELATIVE REDUCTION OF F <= FACTR*EPSMCH,13,False,True
23.490000000000002,96.85137373228804,1255.9044965985288,1159.0531228662408,-0.019497482782302882,-0.0005006842013332777,0.08261565624664065,0.08261717340681995,-1.5768566559676414,0.0705474209173678,0.07087355925807406,0.1,-0.7877043117647703,True,CONVERGENCE: RELATIVE REDUCTION OF F <= FACTR*EPSMCH,14,False,True
23.5,94.38606476231962,1255.9044965985288,1161.5184318362092,-0.019442165984334958,-0.0004974679106310029,0.0830002635796369,0.08300175437068368,-1.5767898252788464,0.06931401019690143,0.07208028850125285,0.1,-0.804959952447546,True,CONVERGENCE: RELATIVE REDUCTION OF F <= FACTR*EPSMCH,16,False,True
23.509999999999998,91.88276488006386,1255.9044965985288,1164.021731718465,-0.01939030128603527,-0.0004935021188078171,0.08338766848644326,0.08338912878754778,-1.5767144243541515,0.06803843079485564,0.07328555065613987,0.1,-0.8225094217192057,True,CONVERGENCE: RELATIVE REDUCTION OF F <= FACTR*EPSMCH,20,False,True
23.52,89.34331201977443,1255.9044965985288,1166.5611845787544,-0.019341422580188873,-0.0004898319356392505,0.08377684629348944,0.08377827827192516,-1.5766431254708304,0.06671790664203896,0.07448973710051725,0.1,-0.8403810026235676,True,CONVERGENCE: RELATIVE REDUCTION OF F <= FACTR*EPSMCH,17,False,True
23.53,86.76963993256277,1255.9044965985288,1169.134856665966,-0.01929738195422611,-0.0004858942419872032,0.08416947519498796,0.08417087767045138,-1.5765690709333535,0.06535039519503853,0.07569231036143821,0.1,-0.8585918830434377,True,CONVERGENCE: RELATIVE REDUCTION OF F <= FACTR*EPSMCH,18,False,True
23.54,84.16378532601107,1255.9044965985288,1171.7407112725177,-0.019257006272025614,-0.00048241534822911333,0.0845633078035302,0.0845646838298518,-1.5765010482341468,0.0639327156575037,0.07689348391545789,0.1,-0.877173412909302,True,CONVERGENCE: RELATIVE REDUCTION OF F <= FACTR*EPSMCH,16,False,True
23.55,81.52789593199282,1255.9044965985288,1174.376600666536,-0.019220868347058113,-0.00047884857792960297,0.08496010526320463,0.08496145468561257,-1.5764324251275268,0.062462975897996854,0.07809210358266876,0.1,-0.8961389919460692,True,CONVERGENCE: RELATIVE REDUCTION OF F <= FACTR*EPSMCH,16,False,True
23.560000000000002,78.86423952128189,1255.9044965985288,1177.040257077247,-0.019189564147321814,-0.00047637767970283736,0.08535749910101503,0.08535882841553942,-1.5763772392965967,0.060937983566296594,0.07928784370175397,0.1,-0.9155181394376772,True,CONVERGENCE: RELATIVE REDUCTION OF F <= FACTR*EPSMCH,20,False,True
23.57,76.17521409191545,1255.9044965985288,1179.7292825066133,-0.019164246686179096,-0.00047354833112643103,0.08575725437891336,0.08575856182697776,-1.5763182330346432,0.05935303498315744,0.08048116076628176,0.1,-0.935357990091602,True,CONVERGENCE: RELATIVE REDUCTION OF F <= FACTR*EPSMCH,16,False,True
23.58,73.46335939749383,1255.9044965985288,1182.441137201035,-0.019144194893601037,-0.00047315014238736593,0.08615763121812181,0.08615893040291946,-1.5762879516141568,0.057707773857345115,0.08166892209665509,0.1,-0.9556503592252817,True,CONVERGENCE: RELATIVE REDUCTION OF F <= FACTR*EPSMCH,16,False,True
23.59,70.73635199587011,1255.9044965985288,1185.1681446026587,-0.019123492657095724,-0.00032357061197964125,0.08659801212929645,0.0865986166326386,-1.574532776376434,0.05546889607346589,0.08220015278830306,0.09916483020723288,-0.9771821234240651,True,CONVERGENCE: RELATIVE REDUCTION OF F <= FACTR*EPSMCH,17,False,False
23.6,68.03865723477747,1255.9044965985288,1187.8658393637513,-0.019103227913829568,2.8994812227225396e-05,0.08708102740285588,0.08708103222996424,-1.570463363208907,0.05248172166429613,0.08179930519011705,0.09718774325209203,-1.0003550571186561,True,CONVERGENCE: RELATIVE REDUCTION OF F <= FACTR*EPSMCH,20,False,False
23.61,65.3840080641603,1255.9044965985288,1190.5204885343685,-0.019093169834240913,0.00038155704474166467,0.08754826652030279,0.08754909797644041,-1.5664381065339092,0.04947098170882137,0.08133015670093968,0.09519439279828378,-1.024315545511939,True,CONVERGENCE: RELATIVE REDUCTION OF F <= FACTR*EPSMCH,15,False,False
23.62,62.7771335342436,1255.9044965985288,1193.1273630642852,-0.01909364252241428,0.0007344721983083582,0.08800160064371955,0.08800466558806294,-1.5624503974055484,0.046437883105448025,0.08079094570456875,0.09318612501415557,-1.0491193662222342,True,CONVERGENCE: RELATIVE REDUCTION OF F <= FACTR*EPSMCH,14,False,False
23.63,60.22273724496836,1255.9044965985288,1195.6817593535604,-0.019104763821631766,0.001089793600477769,0.08843983145342546,0.08844654565104251,-1.5584745207864332,0.04338284725557427,0.0801827456580126,0.09116657357418906,-1.07485073824625,True,CONVERGENCE: RELATIVE REDUCTION OF F <= FACTR*EPSMCH,16,False,False
23.64,57.725487116890235,1255.9044965985288,1198.1790094816386,-0.019126544152734827,0.0014428820927954516,0.08885893436300038,0.08887064827524169,-1.5545598581871016,0.040309803732246026,0.0795053880606848,0.08914026591620802,-1.1015586889133047,True,CONVERGENCE: RELATIVE REDUCTION OF F <= FACTR*EPSMCH,18,False,False
23.65,55.29000490379235,1255.9044965985288,1200.6144916947364,-0.019159756104786263,0.0017951570861004722,0.08926251366142228,0.08928056302532694,-1.5506880523013422,0.03721679493262373,0.07875951851246463,0.0871099970231444,-1.12935940820571,True,CONVERGENCE: RELATIVE REDUCTION OF F <= FACTR*EPSMCH,17,False,False
23.66,52.92085563514661,1255.9044965985288,1202.9836409633822,-0.01920397838951234,0.0021456759164111172,0.08964813357678757,0.08967380765273555,-1.5468664773912977,0.034109400568142,0.0779439440782721,0.08508060663626449,-1.1582897794501983,True,CONVERGENCE: RELATIVE REDUCTION OF F <= FACTR*EPSMCH,16,False,False
23.67,50.622536852244366,1255.9044965985288,1205.2819597462844,-0.019260460807873754,0.0024946632967677426,0.0900158455114488,0.09005040692914862,-1.5430898168289107,0.030987434636068373,0.07705840504976497,0.0830555169398051,-1.1884557827211164,True,CONVERGENCE: RELATIVE REDUCTION OF F <= FACTR*EPSMCH,25,False,False
23.68,48.39946786083851,1255.9044965985288,1207.5050287376903,-0.019328282132676483,0.0028390733395596553,0.09036432848527237,0.09040891659577392,-1.5393885822291657,0.027851856401249358,0.07610528575808521,0.08104159688280842,-1.2199703523145653,True,CONVERGENCE: RELATIVE REDUCTION OF F <= FACTR*EPSMCH,14,False,False
23.69,46.25597883066189,1255.9044965985288,1209.648517767867,-0.01940762374626806,0.003180444642346193,0.09069336970432568,0.09074911865383888,-1.5357425861163185,0.024709052671021428,0.0750818591461559,0.07904317084190451,-1.2528652515178915,True,CONVERGENCE: RELATIVE REDUCTION OF F <= FACTR*EPSMCH,15,False,False
23.7,44.19629995048581,1255.9044965985288,1211.708196648043,-0.0194997213289886,0.0035188794097139563,0.09100274481907182,0.09107075313680683,-1.5321477434262607,0.02155409843081436,0.07399049846201197,0.07706603027159392,-1.2873318709520292,True,CONVERGENCE: RELATIVE REDUCTION OF F <= FACTR*EPSMCH,12,False,False
23.71,42.22455056493595,1255.9044965985288,1213.6799460335928,-0.019604437702472142,0.003851080050278969,0.09129258394786087,0.09137377469181669,-1.5286373911193403,0.01839337279663482,0.0728304867606496,0.07511721483541002,-1.3234186767502707,True,CONVERGENCE: RELATIVE REDUCTION OF F <= FACTR*EPSMCH,11,False,False
23.72,40.34472844972743,1255.9044965985288,1215.5597681488014,-0.019721314779520334,0.004178579245061302,0.09156121341311825,0.09165651273199217,-1.5251909689129495,0.015228544771835086,0.0716022424974113,0.07320375472969866,-1.3612363141672537,True,CONVERGENCE: RELATIVE REDUCTION OF F <= FACTR*EPSMCH,18,False,False
23.73,38.56069912292469,1255.9044965985288,1217.343797475604,-0.01985085091600684,0.004501284206170248,0.09180925081273579,0.09191953053785983,-1.5218068990772726,0.012059444298600208,0.0703057413081632,0.07133251332794469,-1.400920896488649,True,CONVERGENCE: RELATIVE REDUCTION OF F <= FACTR*EPSMCH,17,False,False
23.740000000000002,36.87618529672909,1255.9044965985288,1219.0283113017997,-0.019992997213613216,0.004815612025666889,0.09203562082870738,0.09216151919596022,-1.5185206473668902,0.008888922793516734,0.06894208375403954,0.0695127604169055,-1.4425705458535414,True,CONVERGENCE: RELATIVE REDUCTION OF F <= FACTR*EPSMCH,16,False,False
23.75,35.29475655512806,1255.9044965985288,1220.6097400434007,-0.02014806340238705,0.0051229854836226515,0.09223999323688326,0.09238214834374484,-1.5153135858436175,0.005720758754181571,0.06751227357377372,0.06775421878985552,-1.4862616946472949,True,CONVERGENCE: RELATIVE REDUCTION OF F <= FACTR*EPSMCH,19,False,False
23.759999999999998,33.81981927041579,1255.9044965985288,1222.084677328113,-0.020316183559158017,0.005423690968260639,0.09242370906996024,0.09258271124766136,-1.5121806530451618,0.002555613638637748,0.06601436183159176,0.06606381103979932,-1.5321026544087115,True,CONVERGENCE: RELATIVE REDUCTION OF F <= FACTR*EPSMCH,16,False,False
23.77,32.45460669511681,1255.9044965985288,1223.449889903412,-0.02049665033627868,0.005717041885686565,0.09258430770911316,0.0927606522287249,-1.509125054135583,-0.0006049087917854326,0.06445163641916109,0.06445447503280212,-1.5801815195501818,True,CONVERGENCE: RELATIVE REDUCTION OF F <= FACTR*EPSMCH,20,False,False
23.78,31.202169417744926,1255.9044965985288,1224.7023271807839,-0.020689226617010475,0.0059988351799924846,0.09272241857857222,0.09291626838491024,-1.5061896596464261,-0.0037586671331542297,0.06282211273894782,0.06293445342261203,-1.6305554092544794,True,CONVERGENCE: RELATIVE REDUCTION OF F <= FACTR*EPSMCH,16,False,False
23.79,30.065366386622372,1255.9044965985288,1225.8391302119064,-0.020896052585487768,0.0062744109098174,0.09283883620779546,0.09305061923857953,-1.5033150410012852,-0.006900990130349,0.06113104125215788,0.061519329233601074,-1.683208894206766,True,CONVERGENCE: RELATIVE REDUCTION OF F <= FACTR*EPSMCH,19,False,False
23.8,29.046855641304774,1255.9044965985288,1226.857640957224,-0.02111546277440408,0.006538921092622735,0.09293180855479474,0.09316157217608861,-1.5005495299915517,-0.010032779551466127,0.05937380769545839,0.060215493901367205,-1.7381915862127186,True,CONVERGENCE: RELATIVE REDUCTION OF F <= FACTR*EPSMCH,25,False,False
23.810000000000002,28.14908637564986,1255.9044965985288,1227.755410222879,-0.021347074625410536,0.006792732032290396,0.09300209278809947,0.09324982826487546,-1.4978873044089482,-0.01315047971738076,0.057555035087965584,0.05903826878198743,-1.7954256457407058,True,CONVERGENCE: RELATIVE REDUCTION OF F <= FACTR*EPSMCH,16,False,False
23.82,27.374290822564717,1255.9044965985288,1228.530205775964,-0.021591635124565543,0.0070381484157144665,0.09305000625702257,0.09331580357878061,-1.4953017356333709,-0.016250941512329774,0.05567269905486537,0.057996056073588056,-1.8548067975529867,True,CONVERGENCE: RELATIVE REDUCTION OF F <= FACTR*EPSMCH,12,False,False
23.83,26.72447681685958,1255.9044965985288,1229.1800197816692,-0.021849225320674518,0.0072698003727416785,0.09307475932286512,0.09335823916756775,-1.4928474754400995,-0.019337030553743452,0.05373037232402724,0.05710405993197857,-1.9162546373616896,True,CONVERGENCE: RELATIVE REDUCTION OF F <= FACTR*EPSMCH,25,False,False
23.84,26.2014209652541,1255.9044965985288,1229.7030756332747,-0.022118386911909524,0.007492279329923793,0.09307642161440514,0.09337748395678751,-1.4904735180154218,-0.02239921523340957,0.0517279372611836,0.05636935635936917,-1.9794400645849703,True,CONVERGENCE: RELATIVE REDUCTION OF F <= FACTR*EPSMCH,17,False,False
23.85,25.806662223596504,1255.9044965985288,1230.0978343749323,-0.022400801286741975,0.007702606709917591,0.09305677234064312,0.09337501287060661,-1.4882113922450504,-0.025440503382626805,0.04966650775936242,0.05580305731205283,-2.044177256322882,True,CONVERGENCE: RELATIVE REDUCTION OF F <= FACTR*EPSMCH,24,False,False
23.86,25.541496299039636,1255.9044965985288,1230.3630002994892,-0.02269474166131299,0.00789921678335695,0.09301157333072559,0.09334640003367785,-1.4860723846858441,-0.0284585226026292,0.047545409030906434,0.05541167231405813,-2.110152344641489,True,CONVERGENCE: RELATIVE REDUCTION OF F <= FACTR*EPSMCH,20,False,False
23.87,25.40697042951456,1255.9044965985288,1230.4975261690142,-0.023000452392934807,0.00808367446394526,0.09294539546637606,0.0932962610785667,-1.4840423320722946,-0.031445563380377926,0.04537035592965301,0.05520228848057628,-2.1768670072930654,True,CONVERGENCE: RELATIVE REDUCTION OF F <= FACTR*EPSMCH,20,False,False
23.88,25.403879014405675,1255.9044965985288,1230.5006175841231,-0.02331853766379183,0.008257982756090427,0.09285652190163565,0.09322300112562794,-1.4820969608628762,-0.03440776170039221,0.04313856519948602,0.05517997709949945,-2.2440784037393424,True,CONVERGENCE: RELATIVE REDUCTION OF F <= FACTR*EPSMCH,16,False,False
23.89,25.532759768917686,1255.9044965985288,1230.371736829611,-0.023648295588765925,0.008416203841929615,0.09274575035713105,0.09312683123792082,-1.4802992870817808,-0.037336599187156705,0.040850725939221295,0.055342600667331834,-2.311279750202401,True,CONVERGENCE: RELATIVE REDUCTION OF F <= FACTR*EPSMCH,19,False,False
23.9,25.79389065109035,1255.9044965985288,1230.1106059474384,-0.02398784169283921,0.008562739208222668,0.09261256206360591,0.09300756504034115,-1.4786007960907481,-0.04023105886590904,0.03851210579154217,0.055693091043424535,-2.3780208938944014,True,CONVERGENCE: RELATIVE REDUCTION OF F <= FACTR*EPSMCH,14,False,False
23.91,26.187287574258562,1255.9044965985288,1229.7172090242702,-0.024338941631653878,0.008695083663386395,0.09245613474646844,0.0928641014179883,-1.477026625622719,-0.043091648784716954,0.036120767390053404,0.05622810713363685,-2.4439707473083514,True,CONVERGENCE: RELATIVE REDUCTION OF F <= FACTR*EPSMCH,15,False,False
23.92,26.712702735164612,1255.9044965985288,1229.1917938633642,-0.024701347048396046,0.008815328609238322,0.09228142497504963,0.0927015178619777,-1.4755587399984649,-0.04591405249812681,0.03367876781107785,0.05694172124262875,-2.508723971141722,True,CONVERGENCE: RELATIVE REDUCTION OF F <= FACTR*EPSMCH,17,False,False
23.93,27.36962365908289,1255.9044965985288,1228.534872939446,-0.025074338939478774,0.00891782108357733,0.09208314972981858,0.09251396649718832,-1.4742520965366115,-0.04869574404137171,0.03118930857537075,0.05782774815910165,-2.571929426478535,True,CONVERGENCE: RELATIVE REDUCTION OF F <= FACTR*EPSMCH,16,False,False
23.94,28.157273315549446,1255.9044965985288,1227.7472232829793,-0.025455477126086635,0.009011500813198176,0.09186467223509345,0.09230560736904027,-1.4730137806138726,-0.051436173139712264,0.02865230915437453,0.058878134541918974,-2.633356024700359,True,CONVERGENCE: RELATIVE REDUCTION OF F <= FACTR*EPSMCH,20,False,False
23.95,29.07461038382621,1255.9044965985288,1226.8298862147026,-0.025847067905071353,0.009087741654326133,0.09162592186570902,0.09207549405849956,-1.4719365656615724,-0.05413268116479633,0.02606899687107794,0.060082774303070983,-2.6927926297902025,True,CONVERGENCE: RELATIVE REDUCTION OF F <= FACTR*EPSMCH,17,False,False
23.96,30.120331017845956,1255.9044965985288,1225.7841655806828,-0.026248444536838073,0.009151545275525844,0.09136665478034842,0.09182383343490601,-1.4709664312865718,-0.05678214520962178,0.023442756699978463,0.06143105775013937,-2.750054273720742,True,CONVERGENCE: RELATIVE REDUCTION OF F <= FACTR*EPSMCH,25,False,False
23.97,31.292870814799244,1255.9044965985288,1224.6116257837296,-0.026657379764531933,0.009200405105350954,0.0910897368253821,0.09155319551506622,-1.4701339604250045,-0.05938358723595074,0.02077493596304821,0.0629127045776807,-2.8050576526017603,True,CONVERGENCE: RELATIVE REDUCTION OF F <= FACTR*EPSMCH,19,False,False
23.98,32.59040787199001,1255.9044965985288,1223.3140887265388,-0.02707603192446542,0.009236902520236007,0.09079139617777178,0.09126005691471738,-1.4694075347607265,-0.06193489021634579,0.018066215923430017,0.06451603509130735,-2.8577706749391836,True,CONVERGENCE: RELATIVE REDUCTION OF F <= FACTR*EPSMCH,24,False,False
23.990000000000002,34.010866396025904,1255.9044965985288,1221.893630202503,-0.02750081488609332,0.009257512797348624,0.09047448797991212,0.0909468774528314,-1.468829391157008,-0.06443352926309551,0.01531796234270148,0.06622929611305411,-2.908192509150234,True,CONVERGENCE: RELATIVE REDUCTION OF F <= FACTR*EPSMCH,23,False,False
24.0,35.55192113004614,1255.9044965985288,1220.3525754684827,-0.02793322676499234,0.009264995647023327,0.09013970832734775,0.09061460788238664,-1.4683711723661743,-0.0668777105040807,0.01253470287324962,0.06804224377831965,-2.956315019774796,True,CONVERGENCE: RELATIVE REDUCTION OF F <= FACTR*EPSMCH,17,False,False
