k2,deltaD_add_exact,D_base_exact,D_two_exact,C,a1,b1,A1,phi1,a2,b2,A2,phi2,success,message,n_iter,amplitude1_bound_active,amplitude2_bound_active
18.0,83.34263578476407,1059.6645947377945,976.3219589530304,-0.028125554205500863,0.00787052656844293,0.07748171099568978,0.0778804258288574,-1.4695644022716687,0.09355344164399405,-0.03532355526506072,0.1,0.3610273626627102,True,CONVERGENCE: NORM OF PROJECTED GRADIENT <= PGTOL,13,False,True
18.01,85.14095785727704,1059.6645947377945,974.5236368805174,-0.028019932233814184,0.007977861081801988,0.07723751836662977,0.07764844178008985,-1.4678713488663409,0.09406665543235274,-0.03393323350008108,0.1,0.34620702796765684,True,CONVERGENCE: RELATIVE REDUCTION OF F <= FACTR*EPSMCH,16,False,True
18.02,86.90233247321225,1059.6645947377945,972.7622622645822,-0.02791222516275803,0.008083045113401952,0.07699553134010988,0.07741865062535729,-1.4661987544164432,0.09455307797820324,-0.03255327087786752,0.1,0.3315750700382415,True,CONVERGENCE: RELATIVE REDUCTION OF F <= FACTR*EPSMCH,17,False,True
18.03,88.62561544813354,1059.6645947377945,971.0389792896609,-0.027803407811013515,0.008187589642744355,0.07675479751658631,0.07719025564130579,-1.4645261663277975,0.09501396997458167,-0.031182455157817396,0.1,0.31711272712025657,True,CONVERGENCE: RELATIVE REDUCTION OF F <= FACTR*EPSMCH,18,False,True
18.04,90.30970575249012,1059.6645947377945,969.3548889853043,-0.027692851709324343,0.008289920993276925,0.07651561867112976,0.07696338539007049,-1.462874421419744,0.09545022984220153,-0.029820355850842934,0.1,0.30281002783992284,True,CONVERGENCE: RELATIVE REDUCTION OF F <= FACTR*EPSMCH,22,False,True
18.05,91.95354393735624,1059.6645947377945,967.7110508004382,-0.027581557391277794,0.008391113948933706,0.07627880756258398,0.07673895540384759,-1.4612310343927424,0.09586231604550173,-0.02846781274338341,0.1,0.2886706459452176,True,CONVERGENCE: RELATIVE REDUCTION OF F <= FACTR*EPSMCH,15,False,True
18.06,93.55611067439645,1059.6645947377945,966.108484063398,-0.02746787064127445,0.008491662483028135,0.07604345432574375,0.07651611122840171,-1.4595884958934873,0.09625142019644653,-0.027123128694291267,0.1,0.2746720416129071,True,CONVERGENCE: RELATIVE REDUCTION OF F <= FACTR*EPSMCH,21,False,True
18.07,95.1164254209998,1059.6645947377945,964.5481693167947,-0.027353220816753048,0.008589644329255488,0.07581085442330766,0.07629592150367578,-1.457973857934062,0.09661777967982804,-0.025787684070893404,0.1,0.26082407332052665,True,CONVERGENCE: RELATIVE REDUCTION OF F <= FACTR*EPSMCH,17,False,True
18.08,96.63354513897116,1059.6645947377945,963.0310495988233,-0.027236509281500596,0.00868824040059262,0.07558042679390421,0.07607816004351843,-1.4563451174758923,0.09696237963622183,-0.02446010906110595,0.1,0.24710826481943543,True,CONVERGENCE: RELATIVE REDUCTION OF F <= FACTR*EPSMCH,16,False,True
18.09,98.10656315122799,1059.6645947377945,961.5580315865665,-0.027118621976579372,0.00878400183299234,0.07535255531014137,0.07586281223346474,-1.454748047213826,0.09728584706239923,-0.023140094238171666,0.1,0.23351746373989277,True,CONVERGENCE: RELATIVE REDUCTION OF F <= FACTR*EPSMCH,12,False,True
18.1,99.53460798992421,1059.6645947377945,960.1299867478702,-0.026998615605369564,0.008878760696954001,0.07512711347755985,0.07564995420344899,-1.4531588193325657,0.09758835884070739,-0.02182915982756388,0.1,0.2200635062986578,True,CONVERGENCE: RELATIVE REDUCTION OF F <= FACTR*EPSMCH,20,False,True
18.11,100.91684241490202,1059.6645947377945,958.7477523228924,-0.026877598895131014,0.008973092117271523,0.07490493372134022,0.07544047638995535,-1.4515713963189076,0.09787118294633726,-0.020523926249248294,0.1,0.20670816773957168,True,CONVERGENCE: RELATIVE REDUCTION OF F <= FACTR*EPSMCH,11,False,True
18.12,102.25246245389064,1059.6645947377945,957.4121322839038,-0.026753830594202825,0.009066498535776919,0.07468508521520376,0.0752333925149032,-1.4499910773554565,0.09813397252432007,-0.019228193794425755,0.1,0.19348694835802896,True,CONVERGENCE: RELATIVE REDUCTION OF F <= FACTR*EPSMCH,15,False,True
18.13,103.54069642688853,1059.6645947377945,956.1238983109059,-0.026628739091897866,0.009157672309523256,0.07446827254002089,0.0750292381490272,-1.44843651289898,0.09837765345347256,-0.017939824441405766,0.1,0.1803747379487156,True,CONVERGENCE: RELATIVE REDUCTION OF F <= FACTR*EPSMCH,15,False,True
18.14,104.78080418544846,1059.6645947377945,954.883790552346,-0.02650161315899824,0.009249295924073161,0.07425433387523908,0.0748281736670524,-1.446872251153352,0.09860284343132285,-0.016657708943850404,0.1,0.16735723202647804,True,CONVERGENCE: RELATIVE REDUCTION OF F <= FACTR*EPSMCH,20,False,True
18.15,105.97207626060333,1059.6645947377945,953.6925184771911,-0.026373840935228498,0.009339049723913622,0.07404508223922036,0.07463170943746791,-1.4453322818862682,0.09880976225518272,-0.015382811286441471,0.1,0.1544413401593294,True,CONVERGENCE: RELATIVE REDUCTION OF F <= FACTR*EPSMCH,22,False,True
18.16,107.1138331542428,1059.6645947377945,952.5507615835517,-0.026242830254938596,0.009428296217738028,0.07383746680563599,0.07443698189638542,-1.443793731832125,0.0989986426674189,-0.014116258357252743,0.1,0.14163565961592126,True,CONVERGENCE: RELATIVE REDUCTION OF F <= FACTR*EPSMCH,17,False,True
18.17,108.20542458238288,1059.6645947377945,951.4591701554116,-0.02611040675059071,0.009516276756516999,0.073633649608265,0.07424603610927233,-1.4422705829101878,0.0991703026265994,-0.012855002020563576,0.1,0.1289067297110389,True,CONVERGENCE: RELATIVE REDUCTION OF F <= FACTR*EPSMCH,17,False,True
18.18,109.24622885208487,1059.6645947377945,950.4183658857096,-0.025976422062477213,0.009604089807060553,0.07343299427473594,0.07405837690076314,-1.4407473623988796,0.0993248414668371,-0.01160068392758283,0.1,0.11626862308622116,True,CONVERGENCE: RELATIVE REDUCTION OF F <= FACTR*EPSMCH,22,False,True
18.19,110.2356522416244,1059.6645947377945,949.4289424961701,-0.025840363558560144,0.009689910555410356,0.0732377207314832,0.07387596432206199,-1.4392526992817098,0.09946259049628693,-0.010353409668700136,0.1,0.10371996365352815,True,CONVERGENCE: RELATIVE REDUCTION OF F <= FACTR*EPSMCH,19,False,True
18.2,111.17312838860755,1059.6645947377945,948.4914663491869,-0.025702942111331454,0.009775828026566583,0.0730445692849397,0.07369583377388006,-1.437753159046549,0.09958398802409578,-0.009112043086857638,0.1,0.09124699881039253,True,CONVERGENCE: RELATIVE REDUCTION OF F <= FACTR*EPSMCH,21,False,True
18.21,112.05811774035044,1059.6645947377945,947.606476997444,-0.025563465550354422,0.009860838974938368,0.07285516747703519,0.07351946390852228,-1.43626533434198,0.09968920707745862,-0.007877943403425432,0.1,0.07886114926447552,True,CONVERGENCE: RELATIVE REDUCTION OF F <= FACTR*EPSMCH,20,False,True
18.22,112.89010704788632,1059.6645947377945,946.7744876899081,-0.025421965650605807,0.009945188599127457,0.07267010966405615,0.0733474717686858,-1.4347873216839437,0.09977864366828779,-0.006649982535078875,0.1,0.06654893602870905,True,CONVERGENCE: RELATIVE REDUCTION OF F <= FACTR*EPSMCH,19,False,True
18.23,113.66860886203472,1059.6645947377945,945.9959858757597,-0.02527902617072759,0.010028678073546946,0.072489502074463,0.07317993095724003,-1.4333223423753094,0.0998525358178423,-0.0054287282807783735,0.1,0.05431398332379597,True,CONVERGENCE: RELATIVE REDUCTION OF F <= FACTR*EPSMCH,11,False,True
18.24,114.39316110210439,1059.6645947377945,945.2714336356901,-0.025134642158190758,0.010111868812138125,0.07231285034963392,0.07301642429318517,-1.4318621983806001,0.09991128421631841,-0.004211328323230706,0.1,0.042125741363101696,True,CONVERGENCE: RELATIVE REDUCTION OF F <= FACTR*EPSMCH,13,False,True
18.25,115.0633265623369,1059.6645947377945,944.6012681754576,-0.024987896216410267,0.010193011204980795,0.07213941608234775,0.07285597319456351,-1.430429521776354,0.09995494605113803,-0.003001459630594164,0.1,0.030019104705393828,True,CONVERGENCE: RELATIVE REDUCTION OF F <= FACTR*EPSMCH,26,False,True
18.26,115.67869256536642,1059.6645947377945,943.985902172428,-0.024839418148870286,0.010275526337531145,0.07197065739313828,0.0727004949578322,-1.4289809206430226,0.09998382892359506,-0.00179831970941667,0.1,0.01798416651572073,True,CONVERGENCE: NORM OF PROJECTED GRADIENT <= PGTOL,26,False,True
18.27,116.23887051618715,1059.6645947377945,943.4257242216073,-0.024689388372958317,0.010357674801456822,0.07180615506487631,0.07254933033801067,-1.427539492304561,0.09999819824451713,-0.0006002898052209582,0.1,0.006002934104984344,True,CONVERGENCE: RELATIVE REDUCTION OF F <= FACTR*EPSMCH,19,False,True
18.28,116.7434956691078,1059.6645947377945,942.9210990686867,-0.024537530455396767,0.01043692397817073,0.07164583701869201,0.07240203964140163,-1.42614000709102,0.09999825052181918,0.00059151718106191,0.1,-0.005915206305740555,True,CONVERGENCE: RELATIVE REDUCTION OF F <= FACTR*EPSMCH,12,False,True
18.29,117.19222658608476,1059.6645947377945,942.4723681517097,-0.024383844660711855,0.010516504266726096,0.07148971290135979,0.07225908878965273,-1.424738732793111,0.09998422021137413,0.0017764314575708451,0.1,-0.017765249025120666,True,CONVERGENCE: RELATIVE REDUCTION OF F <= FACTR*EPSMCH,16,False,True
18.3,117.58474503715172,1059.6645947377945,942.0798497006427,-0.02422898960479083,0.010597120202720117,0.07133930385763132,0.07212208560130766,-1.423329345195916,0.09995625405265282,0.0029575793753554023,0.1,-0.02958010724540892,True,CONVERGENCE: RELATIVE REDUCTION OF F <= FACTR*EPSMCH,22,False,True
18.31,117.92075556532393,1059.6645947377945,941.7438391724705,-0.024072366341278875,0.010675067861734885,0.0711922634560096,0.0719881618729255,-1.4219581922653937,0.09991459502299593,0.004132033566020245,0.1,-0.04133210288794269,True,CONVERGENCE: RELATIVE REDUCTION OF F <= FACTR*EPSMCH,17,False,True
18.32,118.1999852715403,1059.6645947377945,941.4646094662542,-0.023913685292536378,0.010754340372463839,0.07104961528578962,0.07185891502872498,-1.4205728485887015,0.09985941689011307,0.005300646976228586,0.1,-0.05303132311990768,True,CONVERGENCE: RELATIVE REDUCTION OF F <= FACTR*EPSMCH,19,False,True
18.33,118.42218355573652,1059.6645947377945,941.2424111820579,-0.023753819140845796,0.010832730270938921,0.07091289216321102,0.0717355303881843,-1.4192071524878005,0.09979082836377082,0.006464562976136461,0.1,-0.064690740948052,True,CONVERGENCE: RELATIVE REDUCTION OF F <= FACTR*EPSMCH,15,False,True
18.34,118.58712190291487,1059.6645947377945,941.0774728348796,-0.023592604408066657,0.010911405192887073,0.07078017572964508,0.07161628334117041,-1.4178413437200226,0.09970913743150318,0.007621542669670682,0.1,-0.0762894068252931,True,CONVERGENCE: RELATIVE REDUCTION OF F <= FACTR*EPSMCH,16,False,True
18.35,118.69459360966505,1059.6645947377945,940.9700011281294,-0.023429417179126274,0.01098891613117973,0.07065099997060997,0.07150049003038533,-1.416494679298525,0.09961439684276822,0.00877336546893436,0.1,-0.08784659682607943,True,CONVERGENCE: RELATIVE REDUCTION OF F <= FACTR*EPSMCH,19,False,True
18.36,118.74441366114331,1059.6645947377945,940.9201810766511,-0.023265161329235923,0.011066755121114403,0.07052854483869968,0.07139151704492055,-1.4151537026020757,0.09950683079503102,0.00991920486375139,0.1,-0.09935543253249648,True,CONVERGENCE: RELATIVE REDUCTION OF F <= FACTR*EPSMCH,16,False,True
18.37,118.7364184967264,1059.6645947377945,940.9281762410681,-0.023099450636133678,0.011143768931299501,0.07040985129982288,0.07128625916722918,-1.4138283113896,0.09938641179993743,0.011060793350083862,0.1,-0.11083471594547013,True,CONVERGENCE: RELATIVE REDUCTION OF F <= FACTR*EPSMCH,20,False,True
18.38,118.67046588769199,1059.6645947377945,940.9941288501025,-0.022932207901688616,0.011221186961547652,0.07029637860241626,0.07118634617284592,-1.4125049565509589,0.09925359366040414,0.012195250940238435,0.1,-0.12225683863009225,True,CONVERGENCE: RELATIVE REDUCTION OF F <= FACTR*EPSMCH,20,False,True
18.39,118.54643476683066,1059.6645947377945,941.1181599709638,-0.02276364362374896,0.011298149484923454,0.07018743960511163,0.07109096187353825,-1.4111943461993435,0.09910821617753329,0.013325219927165531,0.1,-0.13364972484672655,True,CONVERGENCE: RELATIVE REDUCTION OF F <= FACTR*EPSMCH,19,False,True
18.4,118.36422511296792,1059.6645947377945,941.3003696248265,-0.02259387124726349,0.011375096103758461,0.07008357859348704,0.0710007098544741,-1.4098918966995715,0.09895047070609903,0.014450063911327188,0.1,-0.14500829647167304,True,CONVERGENCE: RELATIVE REDUCTION OF F <= FACTR*EPSMCH,21,False,True
18.41,118.1237578291142,1059.6645947377945,941.5408369086803,-0.022422998881685825,0.011451903069169565,0.06998462244049852,0.07091539650911348,-1.4085992475754003,0.09878054344117272,0.01556933644914222,0.1,-0.15632933872926977,True,CONVERGENCE: RELATIVE REDUCTION OF F <= FACTR*EPSMCH,24,False,True
18.42,117.82497465480867,1059.6645947377945,941.8396200829858,-0.02225034610715764,0.011528388993374609,0.06989045980379428,0.07083487929239624,-1.4073189731082143,0.09859858408579192,0.016682901914146182,0.1,-0.16761273697363704,True,CONVERGENCE: RELATIVE REDUCTION OF F <= FACTR*EPSMCH,19,False,True
18.43,117.4678380664352,1059.6645947377945,942.1967566713593,-0.022076372523479663,0.011605900024442017,0.06980137322013887,0.0707596538911438,-1.4060332618638947,0.09840473340891794,0.017790684155472778,0.1,-0.17885894926706195,True,CONVERGENCE: RELATIVE REDUCTION OF F <= FACTR*EPSMCH,14,False,True
18.44,117.05233126382109,1059.6645947377945,942.6122634739734,-0.02190232701705296,0.01168273648077005,0.06971722983560306,0.07068930942956946,-1.4047657861361857,0.09819851787882128,0.018895795468908416,0.1,-0.19010087601470577,True,CONVERGENCE: RELATIVE REDUCTION OF F <= FACTR*EPSMCH,22,False,True
18.45,116.57845800188363,1059.6645947377945,943.0861367359108,-0.021726763828930414,0.01175948524844164,0.06963841237775376,0.07062431572625964,-1.4035095693508204,0.09798091224680745,0.01999351983227111,0.1,-0.20129178330178818,True,CONVERGENCE: RELATIVE REDUCTION OF F <= FACTR*EPSMCH,15,False,True
18.46,116.04624265045004,1059.6645947377945,943.6183520873444,-0.021550104954983128,0.011838034538379743,0.06956507110400614,0.07056513430467842,-1.4022389041742458,0.09775139178533554,0.021087090933313575,0.1,-0.2124658174287201,True,CONVERGENCE: RELATIVE REDUCTION OF F <= FACTR*EPSMCH,16,False,True
18.47,115.45573017863194,1059.6645947377945,944.2088645591625,-0.021372253155569662,0.011913691813007726,0.0694954778561298,0.07050927240489123,-1.401015518176037,0.09751034380041429,0.0221750502124574,0.1,-0.22360930150707337,True,CONVERGENCE: RELATIVE REDUCTION OF F <= FACTR*EPSMCH,18,False,True
18.48,114.80698602499831,1059.6645947377945,944.8576087127962,-0.021194089052052008,0.011991633304016126,0.06943134834559705,0.0704592889716156,-1.3997714439653584,0.09725773985920298,0.023257945684853606,0.1,-0.234729032151174,True,CONVERGENCE: RELATIVE REDUCTION OF F <= FACTR*EPSMCH,12,False,True
18.49,114.10009621772565,1059.6645947377945,945.5644985200688,-0.02101435852325753,0.012069224343745728,0.06937284738746723,0.07041489992114228,-1.3985442109307082,0.09699372154549801,0.024335529185830276,0.1,-0.24582364569805326,True,CONVERGENCE: RELATIVE REDUCTION OF F <= FACTR*EPSMCH,18,False,True
18.5,113.33516731687905,1059.6645947377945,946.3294274209154,-0.020834567793250925,0.012146482429188287,0.06931911837631832,0.07037525991335743,-1.3973317959407419,0.09671810401802837,0.025408824356074517,0.1,-0.25690489160803226,True,CONVERGENCE: RELATIVE REDUCTION OF F <= FACTR*EPSMCH,21,False,True
18.51,112.51232646500591,1059.6645947377945,947.1522682727885,-0.020653314006853794,0.012224544290821782,0.06926932764162975,0.07033974150536605,-1.3961164934426058,0.09643103731651388,0.026477444024322068,0.1,-0.2679700069654822,True,CONVERGENCE: RELATIVE REDUCTION OF F <= FACTR*EPSMCH,17,False,True
18.52,111.63172142318638,1059.6645947377945,948.0328733146081,-0.02047251581680597,0.01230299202225129,0.06922618577993192,0.07031094090066799,-1.3949111092067699,0.09613281284070746,0.027540557280736223,0.1,-0.27901156491779494,True,CONVERGENCE: RELATIVE REDUCTION OF F <= FACTR*EPSMCH,14,False,True
18.53,110.69352059805465,1059.6645947377945,948.9710741397398,-0.020290126101120482,0.012382116897517484,0.06918757419014154,0.07028682124822638,-1.3937066101988451,0.09582312126859338,0.028599465560468947,0.1,-0.2900442797301236,True,CONVERGENCE: RELATIVE REDUCTION OF F <= FACTR*EPSMCH,20,False,True
18.54,109.69791313082158,1059.6645947377945,949.9666816069729,-0.0201078704272117,0.012460544337055105,0.06915334600181941,0.0702669938763789,-1.3925221177311742,0.09550198900881668,0.029654175007237354,0.1,-0.30106947931263534,True,CONVERGENCE: RELATIVE REDUCTION OF F <= FACTR*EPSMCH,16,False,True
18.55,108.64510894100965,1059.6645947377945,951.0194857967848,-0.019925109987191863,0.012539781961706896,0.06912465475027975,0.07025285777811834,-1.3913396792544535,0.09516972910713234,0.030703789044270215,0.1,-0.31207901387202636,True,CONVERGENCE: RELATIVE REDUCTION OF F <= FACTR*EPSMCH,19,False,True
18.56,107.5353388428424,1059.6645947377945,952.129255894952,-0.0197416784959586,0.012619221300660876,0.06909980660761776,0.07024263676318841,-1.3901637710026524,0.09482586231064012,0.03174989507137815,0.1,-0.32309080049746824,True,CONVERGENCE: RELATIVE REDUCTION OF F <= FACTR*EPSMCH,16,False,True
18.57,106.36885462025532,1059.6645947377945,953.2957401175391,-0.01955818290595804,0.012699052094988962,0.06908080331789235,0.0702383322065421,-1.3889970866600263,0.0944709005341833,0.03279098888811446,0.1,-0.33409028410573455,True,CONVERGENCE: RELATIVE REDUCTION OF F <= FACTR*EPSMCH,15,False,True
18.58,105.14592913570289,1059.6645947377945,954.5186656020916,-0.019374213799635484,0.012779413148626378,0.06906717196725837,0.07023950201971911,-1.3878367529614117,0.09410420597242779,0.033828958279836056,0.1,-0.34509872449502765,True,CONVERGENCE: RELATIVE REDUCTION OF F <= FACTR*EPSMCH,19,False,True
18.59,103.8668564981773,1059.6645947377945,955.7977382396172,-0.01919072343064368,0.01285975634258842,0.069057450770625,0.07024460719605483,-1.3866869006183415,0.09372665523333484,0.03486135537771855,0.1,-0.35609145162188205,True,CONVERGENCE: RELATIVE REDUCTION OF F <= FACTR*EPSMCH,17,False,True
18.6,102.53195212267246,1059.6645947377945,957.132642615122,-0.01900682637930683,0.012942126296419923,0.06905229777583823,0.07025466860782646,-1.3855208392066303,0.0933373604956321,0.03589062740756168,0.1,-0.36709583040690796,True,CONVERGENCE: RELATIVE REDUCTION OF F <= FACTR*EPSMCH,17,False,True
18.61,101.14155296396416,1059.6645947377945,958.5230417738303,-0.01882336578730597,0.013023320039165828,0.06905209963856647,0.0702694765124734,-1.3843846321789697,0.09293636209521816,0.03691656268541939,0.1,-0.37811107066769134,True,CONVERGENCE: RELATIVE REDUCTION OF F <= FACTR*EPSMCH,14,False,True
18.62,99.69601763230412,1059.6645947377945,959.9685771054903,-0.01863909160923385,0.013105540012753871,0.06905631071254177,0.07028889832863369,-1.383246257191601,0.0925240519462002,0.037938105006139256,0.1,-0.3891272435271767,True,CONVERGENCE: RELATIVE REDUCTION OF F <= FACTR*EPSMCH,16,False,True
18.63,98.19572661908342,1059.6645947377945,961.468868118711,-0.018455661720468714,0.013187413801669712,0.06906532535031829,0.07031306456499949,-1.3821261628859343,0.0920997467957867,0.038956856137937784,0.1,-0.40016309913446985,True,CONVERGENCE: RELATIVE REDUCTION OF F <= FACTR*EPSMCH,18,False,True
18.64,96.64108246133856,1059.6645947377945,963.0235122764559,-0.018273026102251684,0.013269826265232388,0.06907899792538887,0.0703419948784887,-1.3810118114806496,0.09166317884274938,0.03997326161876389,0.1,-0.4112251249768699,True,CONVERGENCE: RELATIVE REDUCTION OF F <= FACTR*EPSMCH,20,False,True
18.65,95.03251000495914,1059.6645947377945,964.6320847328353,-0.018089997894319337,0.013353587520405514,0.06909686094870789,0.07037538271746878,-1.3798908581469647,0.0912151929790444,0.04098522379828722,0.1,-0.4222920635208092,True,CONVERGENCE: RELATIVE REDUCTION OF F <= FACTR*EPSMCH,13,False,True
18.66,93.37045662774904,1059.6645947377945,966.2941381100454,-0.017908270158671007,0.013436984295230499,0.06911915110473908,0.07041313511263382,-1.3787880497796179,0.09075491214943465,0.041994593946702255,0.1,-0.4333857516379447,True,CONVERGENCE: RELATIVE REDUCTION OF F <= FACTR*EPSMCH,14,False,True
18.67,91.65539251599682,1059.6645947377945,968.0092022217976,-0.017726207614675468,0.013521259413177288,0.0691449941721841,0.07045462848663535,-1.377683867413475,0.09028200222967907,0.04300186127832404,0.1,-0.4445133931067029,True,CONVERGENCE: RELATIVE REDUCTION OF F <= FACTR*EPSMCH,19,False,True
18.68,89.88781098317781,1059.6645947377945,969.7767837546166,-0.01754639512641576,0.01360576276576229,0.06917646655321531,0.07050177519202137,-1.3765932198796198,0.08979661838438574,0.044006446422416315,0.1,-0.4556704612776414,True,CONVERGENCE: RELATIVE REDUCTION OF F <= FACTR*EPSMCH,16,False,True
18.69,88.06822877406648,1059.6645947377945,971.596365963728,-0.017366059744887134,0.013690445340102095,0.06921013654040586,0.07055119625882998,-1.3755075839293496,0.08929803478290597,0.04500956547125196,0.1,-0.4668724546526867,True,CONVERGENCE: RELATIVE REDUCTION OF F <= FACTR*EPSMCH,18,False,True
18.7,86.19718643215788,1059.6645947377945,973.4674083056366,-0.01718724699364604,0.013775597990498156,0.06924873508317317,0.07060562591334571,-1.3744305590339772,0.08878635019979403,0.04601069460679261,0.1,-0.47811564803659595,True,CONVERGENCE: RELATIVE REDUCTION OF F <= FACTR*EPSMCH,20,False,True
18.71,84.27524872885465,1059.6645947377945,975.3893460089398,-0.017009284184121568,0.013860594063537306,0.06929059466204236,0.07066330431287246,-1.3733664200406528,0.08826139288037646,0.04700985563491801,0.1,-0.4894024388609936,True,CONVERGENCE: RELATIVE REDUCTION OF F <= FACTR*EPSMCH,19,False,True
18.72,82.30300506998321,1059.6645947377945,977.3615896678112,-0.016833179540173646,0.013944902894816275,0.06933654939860068,0.07072494184692164,-1.3723249622308455,0.08772262419780412,0.04800772025258888,0.1,-0.5007427178280537,True,CONVERGENCE: RELATIVE REDUCTION OF F <= FACTR*EPSMCH,19,False,True
18.73,80.28107006882078,1059.6645947377945,979.3835246689737,-0.016657276364573922,0.014031220095342316,0.06938540627668169,0.07078989858407848,-1.3712656362873021,0.087169202373323,0.04900540947281902,0.1,-0.5121518090080405,True,CONVERGENCE: RELATIVE REDUCTION OF F <= FACTR*EPSMCH,15,False,True
18.74,78.21008399170057,1059.6645947377945,981.4545107460939,-0.016483211869420245,0.01411712313473486,0.06943833943723626,0.07085884665588417,-1.370225443465385,0.0866013709887472,0.05000202538767178,0.1,-0.523622162918547,True,CONVERGENCE: RELATIVE REDUCTION OF F <= FACTR*EPSMCH,19,False,True
18.75,76.09071349138708,1059.6645947377945,983.5738812464074,-0.016310972319346636,0.014202941845191117,0.06949394132354314,0.07093046903650037,-1.3691959730621357,0.08601798423316803,0.05099908223157018,0.1,-0.5351741207471187,True,CONVERGENCE: RELATIVE REDUCTION OF F <= FACTR*EPSMCH,13,False,True
18.76,73.92423244068846,1059.6645947377945,985.740362297106,-0.0161386573293063,0.014276484764375466,0.06957347876487002,0.07102314386644162,-1.368405708021837,0.08517399496338257,0.05186081913763045,0.09972037895860773,-0.5469240004664873,True,CONVERGENCE: RELATIVE REDUCTION OF F <= FACTR*EPSMCH,25,False,False
18.77,71.73253745248553,1059.6645947377945,987.9320572853089,-0.015968233741428927,0.014296747817790854,0.06974301791026863,0.07119329705384882,-1.368605584921845,0.08326851646082785,0.052130045435308775,0.09824045740261247,-0.5593522094761559,True,CONVERGENCE: RELATIVE REDUCTION OF F <= FACTR*EPSMCH,18,False,False
18.78,69.52862607757868,1059.6645947377945,990.1359686602158,-0.015806277877853936,0.01431362879531055,0.06991551408495304,0.0713656715729153,-1.3688592486750446,0.0813325180385691,0.05235632247173145,0.09672726085886077,-0.5719560744922652,True,CONVERGENCE: RELATIVE REDUCTION OF F <= FACTR*EPSMCH,21,False,False
18.79,67.31547955659289,1059.6645947377945,992.3491151812016,-0.015652133921866693,0.014322608633717872,0.070088928314241,0.07153736778994223,-1.3692224697320279,0.07936563271948296,0.05253922503664808,0.09518021761067481,-0.5847576547883722,True,CONVERGENCE: RELATIVE REDUCTION OF F <= FACTR*EPSMCH,20,False,False
18.8,65.09612527058493,1059.6645947377945,994.5684694672095,-0.015507964245553535,0.014328245098539574,0.07026316995308031,0.0717092160008689,-1.3696319408260889,0.07737006636798117,0.05268172489438964,0.09360283813877635,-0.5977957719902808,True,CONVERGENCE: RELATIVE REDUCTION OF F <= FACTR*EPSMCH,14,False,False
18.81,62.873633070764754,1059.6645947377945,996.7909616670297,-0.015373033902619527,0.014327405606054333,0.07043764007553646,0.07188000897893111,-1.3701283723896156,0.07534249876979002,0.052779723674927316,0.09199016986655419,-0.6110819634780161,True,CONVERGENCE: RELATIVE REDUCTION OF F <= FACTR*EPSMCH,16,False,False
18.82,60.651111457237675,1059.6645947377945,999.0134832805568,-0.015247828883059632,0.01432156224159191,0.07061245564734278,0.07205016334185331,-1.3706914667103776,0.07328741099555831,0.052836058676739205,0.09034762701324098,-0.6246439380948668,True,CONVERGENCE: RELATIVE REDUCTION OF F <= FACTR*EPSMCH,17,False,False
18.83,58.43170344127111,1059.6645947377945,1001.2328912965233,-0.015132883572657812,0.014309852983459853,0.07078619023500615,0.07221811836647861,-1.3713285533786654,0.07120335977687757,0.052849824231334365,0.08867368473678312,-0.6385147555741466,True,CONVERGENCE: RELATIVE REDUCTION OF F <= FACTR*EPSMCH,17,False,False
18.84,56.218582273096445,1059.6645947377945,1003.446012464698,-0.015028181704040577,0.014290719165902124,0.07095970576794534,0.07238442164548983,-1.3720626359389019,0.06909150390444137,0.0528197252907732,0.08696872593967432,-0.6527100422470198,True,CONVERGENCE: RELATIVE REDUCTION OF F <= FACTR*EPSMCH,16,False,False
18.85,54.01494692884319,1059.6645947377945,1005.6496478089513,-0.014933599935848514,0.014265483953094744,0.0711306437288721,0.07254703653285732,-1.3728688229890609,0.06695345751158646,0.052745366453187024,0.08523402580564172,-0.6672522922624904,True,CONVERGENCE: RELATIVE REDUCTION OF F <= FACTR*EPSMCH,24,False,False
18.86,51.82401729591072,1059.6645947377945,1007.8405774418837,-0.014850132351330361,0.014233171369439388,0.07129946914197513,0.0727062409092871,-1.3737611696710872,0.06479112186215695,0.0526279733988145,0.08347210945114061,-0.6821788242552803,True,CONVERGENCE: RELATIVE REDUCTION OF F <= FACTR*EPSMCH,22,False,False
18.87,49.64902927312801,1059.6645947377945,1010.0155654646665,-0.014777440877904434,0.01419300649178286,0.07146552471653204,0.07286125620852994,-1.3747479113949843,0.06260092013188154,0.05246657764070973,0.08167996676472655,-0.6975518087000152,True,CONVERGENCE: RELATIVE REDUCTION OF F <= FACTR*EPSMCH,15,False,False
18.88,47.49322956118226,1059.6645947377945,1012.1713651766122,-0.014716157425289282,0.014145910518754301,0.07162803618710202,0.07301152205251853,-1.3758141846619891,0.060386449265721814,0.05226218954812726,0.07986150331220905,-0.7134024614942911,True,CONVERGENCE: RELATIVE REDUCTION OF F <= FACTR*EPSMCH,26,False,False
18.89,45.359870274860896,1059.6645947377945,1014.3047244629336,-0.014666343406579458,0.014092389426816985,0.07178723139798204,0.07315737851744335,-1.376953521018888,0.058149493549178,0.052014178822326465,0.07801819274109628,-0.7297629152774847,True,CONVERGENCE: RELATIVE REDUCTION OF F <= FACTR*EPSMCH,23,False,False
18.9,43.25220338100189,1059.6645947377945,1016.4123913567926,-0.014628443905869782,0.014028732644171817,0.07194180980108952,0.07329685762062241,-1.3782119816365066,0.05588849962540828,0.05172129736632364,0.07614865062254839,-0.7466923842409031,True,CONVERGENCE: RELATIVE REDUCTION OF F <= FACTR*EPSMCH,16,False,False
18.91,41.17347486859455,1059.6645947377945,1018.4911198691999,-0.014601311741993785,0.013957993433497797,0.0720908238849274,0.07342964298631163,-1.3795459414086693,0.05360523238504269,0.0513841673368603,0.07425532702747252,-0.7642461822957125,True,CONVERGENCE: RELATIVE REDUCTION OF F <= FACTR*EPSMCH,16,False,False
18.92,39.12691884193339,1059.6645947377945,1020.5376758958611,-0.014587251282457123,0.013878471887882387,0.07223606071957471,0.07355719169615454,-1.380982636710502,0.051302535846693254,0.05100350405602561,0.07234160359222255,-0.7824752573855374,True,CONVERGENCE: RELATIVE REDUCTION OF F <= FACTR*EPSMCH,16,False,False
18.93,37.115751325413044,1059.6645947377945,1022.5488434123814,-0.014584912069576222,0.01378755551453508,0.07237464592011866,0.07367622451733623,-1.382549372809419,0.048977170650002,0.05057877810172365,0.07040579549399904,-0.8014842870659514,True,CONVERGENCE: RELATIVE REDUCTION OF F <= FACTR*EPSMCH,21,False,False
18.94,35.1431640008675,1059.6645947377945,1024.521430736927,-0.014594667351507495,0.013691182001138426,0.07250692433373364,0.0737882276581168,-1.3841678587878965,0.04663425961931381,0.050109868979662756,0.06845256123331347,-0.8213085104956444,True,CONVERGENCE: RELATIVE REDUCTION OF F <= FACTR*EPSMCH,18,False,False
18.95,33.21231768698203,1059.6645947377945,1026.4522770508124,-0.01461685234578974,0.013582567289267782,0.07263227502524583,0.07389136288843531,-1.3859270247216038,0.04427238479936685,0.04959678281820729,0.06648221507846765,-0.8420589290455691,True,CONVERGENCE: RELATIVE REDUCTION OF F <= FACTR*EPSMCH,16,False,False
18.96,31.326335863396935,1059.6645947377945,1028.3382588743975,-0.01465075967935466,0.013465738486682257,0.07275053111740223,0.0739862547427279,-1.3877729859330916,0.0418941823860497,0.04903880550780576,0.06449749579191426,-0.8638072819369063,True,CONVERGENCE: RELATIVE REDUCTION OF F <= FACTR*EPSMCH,19,False,False
18.97,29.48829783533347,1059.6645947377945,1030.176296902461,-0.014696675241625205,0.013338929672509442,0.07286063118541442,0.07407157769040117,-1.3897269001166643,0.03950064674443019,0.04843629319599433,0.06250100472629692,-0.8866648292889818,True,CONVERGENCE: RELATIVE REDUCTION OF F <= FACTR*EPSMCH,19,False,False
18.98,27.701232090814074,1059.6645947377945,1031.9633626469804,-0.014756055577790902,0.013201469472171837,0.07296419001557627,0.07414884908650846,-1.3918019438962326,0.03709113034293972,0.04779095781512683,0.060495682482340635,-0.9107919757410355,True,CONVERGENCE: RELATIVE REDUCTION OF F <= FACTR*EPSMCH,18,False,False
18.99,25.968109281412126,1059.6645947377945,1033.6964854563823,-0.014827465181786188,0.013053688419958628,0.0730576706921964,0.07421470223840271,-1.3939856544353895,0.03466613380346305,0.047101590538254634,0.058483336636284716,-0.936324361780045,True,CONVERGENCE: RELATIVE REDUCTION OF F <= FACTR*EPSMCH,21,False,False
19.0,24.29183532729462,1059.6645947377945,1035.3727594104998,-0.014910966192270511,0.012896409600771845,0.07314192465920012,0.07427017250177212,-1.3962698344236737,0.03223052603837095,0.04636810243514822,0.05646952923609781,-0.9633656850281836,True,CONVERGENCE: RELATIVE REDUCTION OF F <= FACTR*EPSMCH,20,False,False
19.01,22.67524451396548,1059.6645947377945,1036.989350223829,-0.01500648391420674,0.012727136503353581,0.07321847066018945,0.07431638076085258,-1.3986918228275902,0.029782190253197893,0.04559076703602779,0.05445637607490085,-0.9921394546385047,True,CONVERGENCE: RELATIVE REDUCTION OF F <= FACTR*EPSMCH,19,False,False
19.02,21.121092450492824,1059.6645947377945,1038.5435022873016,-0.015114286962390653,0.012546483572874474,0.07328457907400487,0.07435081559807184,-1.4012379379759328,0.027325054551177553,0.0447692229024773,0.052449422547026454,-1.022798675988873,True,CONVERGENCE: RELATIVE REDUCTION OF F <= FACTR*EPSMCH,17,False,False
19.03,19.632049152100763,1059.6645947377945,1040.0325455856937,-0.015234114965877643,0.012355502847272668,0.07334021625954389,0.07437369004967838,-1.4038952054818967,0.02485768536307108,0.04390402127484281,0.05045262734200557,-1.055613934429842,True,CONVERGENCE: RELATIVE REDUCTION OF F <= FACTR*EPSMCH,17,False,False
19.04,18.210692105807084,1059.6645947377945,1041.4539026319874,-0.015366545792610554,0.012154574239527954,0.07338694510942383,0.07438667479755888,-1.4066631712324795,0.02238422494387577,0.04299598452527264,0.048473788913551155,-1.0907954275482432,True,CONVERGENCE: RELATIVE REDUCTION OF F <= FACTR*EPSMCH,17,False,False
19.05,16.85949944310687,1059.6645947377945,1042.8050952946876,-0.015509833209546839,0.011939934922943842,0.07342256621232496,0.07438706389667074,-1.4095880795425335,0.019903954511993605,0.04204499783336109,0.0465182678957724,-1.1286571211895065,True,CONVERGENCE: RELATIVE REDUCTION OF F <= FACTR*EPSMCH,20,False,False
19.06,15.580843185313142,1059.6645947377945,1044.0837515524813,-0.015665290694662957,0.011713874112221476,0.07344650669337471,0.07437475507305492,-1.4126398244761103,0.017420636600936974,0.04105075076624224,0.04459420049798003,-1.1694608713557786,True,CONVERGENCE: RELATIVE REDUCTION OF F <= FACTR*EPSMCH,14,False,False
19.07,14.376982640214692,1059.6645947377945,1045.2876120975798,-0.01583141437395251,0.011476212568196004,0.07345976633834292,0.07435079505556319,-1.4158245131004012,0.014931968857845672,0.04001363286683422,0.042708951159838485,-1.2136292171362144,True,CONVERGENCE: RELATIVE REDUCTION OF F <= FACTR*EPSMCH,17,False,False
19.08,13.250057902733033,1059.6645947377945,1046.4145368350614,-0.01600854466812386,0.011226421962678527,0.07346098337072128,0.07431385219377003,-1.419148057560362,0.01244080916733548,0.03893370217246441,0.04087305833421593,-1.2615122480771264,True,CONVERGENCE: RELATIVE REDUCTION OF F <= FACTR*EPSMCH,24,False,False
19.09,12.20208380144254,1059.6645947377945,1047.462510936352,-0.016197925646246305,0.01096484735746211,0.07345318551156615,0.07426707439618849,-1.4226138617046615,0.009952177951365982,0.037812735495767774,0.03910049630949141,-1.3134365489576112,True,CONVERGENCE: RELATIVE REDUCTION OF F <= FACTR*EPSMCH,22,False,False
19.1,11.23494343821676,1059.6645947377945,1048.4296512995777,-0.016396581626237486,0.010693991774563745,0.07343292396091215,0.07420751836251865,-1.4261835326593553,0.007462679488759881,0.03665004337247635,0.03740210240556478,-1.369922494584609,True,CONVERGENCE: RELATIVE REDUCTION OF F <= FACTR*EPSMCH,16,False,False
19.11,10.350382897340523,1059.6645947377945,1049.314211840454,-0.016606120321271012,0.010407199688214873,0.07340032649434873,0.07413445713585129,-1.4299483346184196,0.004979035091481111,0.03544535150900032,0.035793347622690895,-1.431238715045933,True,CONVERGENCE: RELATIVE REDUCTION OF F <= FACTR*EPSMCH,17,False,False
19.12,9.550005249407832,1059.6645947377945,1050.1145894883866,-0.016826159157809023,0.010111275386333041,0.07335759999453388,0.07405116722170085,-1.4338239860114783,0.002499865988049973,0.03420014894198603,0.03429139130470266,-1.4978309128622833,True,CONVERGENCE: RELATIVE REDUCTION OF F <= FACTR*EPSMCH,23,False,False
19.13,8.835265653882516,1059.6645947377945,1050.829329083912,-0.017056078892907035,0.009802925733368873,0.07330126658022804,0.07395385747342462,-1.4378504213260705,2.2470946203736304e-05,0.032915016330568696,0.03291502400097905,-1.5701136310159542,True,CONVERGENCE: RELATIVE REDUCTION OF F <= FACTR*EPSMCH,23,False,False
19.14,8.207466414867213,1059.6645947377945,1051.4571283229272,-0.01729494850825394,0.009480192491191574,0.07323443877009636,0.07384549459270374,-1.4420622955088487,-0.002443762149892647,0.031589172121910404,0.03168355675729809,-1.6480033052353513,True,CONVERGENCE: RELATIVE REDUCTION OF F <= FACTR*EPSMCH,31,False,False
19.15,7.667752433330861,1059.6645947377945,1051.9968423044636,-0.01754269864257344,0.009149427911578972,0.07315604247241497,0.07372596951776873,-1.4463750789371375,-0.004898900265736421,0.030224460020413686,0.030618902778173123,-1.7314828711932535,True,CONVERGENCE: RELATIVE REDUCTION OF F <= FACTR*EPSMCH,23,False,False
19.16,7.217106979706841,1059.6645947377945,1052.4474877580876,-0.017798826969670698,0.00880591355976446,0.07306515160930693,0.07359388896717615,-1.450853444938728,-0.007344779130199043,0.02882089235511096,0.02974205131823124,-1.820327120945756,True,CONVERGENCE: RELATIVE REDUCTION OF F <= FACTR*EPSMCH,22,False,False
19.17,6.856348166904127,1059.6645947377945,1052.8082465708903,-0.01806306140198496,0.008449495984677013,0.07296305390650046,0.07345067200344708,-1.4555047511003243,-0.009778045032018332,0.027379494159454506,0.029073129605802363,-1.9138090679703152,True,CONVERGENCE: RELATIVE REDUCTION OF F <= FACTR*EPSMCH,21,False,False
19.18,6.586125597597402,1059.6645947377945,1053.078469140197,-0.018335888588665646,0.00808188794617399,0.07284880150453067,0.07329573516529472,-1.4603075649146058,-0.012195561196065593,0.025899567327288146,0.028627247520984486,-2.0108768942059285,True,CONVERGENCE: RELATIVE REDUCTION OF F <= FACTR*EPSMCH,24,False,False
19.19,6.406917519114586,1059.6645947377945,1053.2576772186799,-0.01861555029050544,0.007706286472964538,0.07272482802332862,0.07313198658744421,-1.465225287236169,-0.01459619100343448,0.024382290213799746,0.028417333933335415,-2.110214526252765,True,CONVERGENCE: RELATIVE REDUCTION OF F <= FACTR*EPSMCH,22,False,False
19.2,6.319028390365929,1059.6645947377945,1053.3455663474285,-0.018902003784880043,0.007313299058322736,0.07258798974152632,0.07295546996512595,-1.4703843494284554,-0.016977836377529917,0.02282950689575325,0.028450541526751708,-2.2102400311958763,True,CONVERGENCE: RELATIVE REDUCTION OF F <= FACTR*EPSMCH,18,False,False
19.21,6.322587465633433,1059.6645947377945,1053.342007272161,-0.019194769215391736,0.006916035299861859,0.07244109223175392,0.07277048431883915,-1.4756136531012194,-0.019342019285773244,0.0212413859988415,0.028728212426167483,-2.309427055638382,True,CONVERGENCE: RELATIVE REDUCTION OF F <= FACTR*EPSMCH,19,False,False
19.22,6.417546629610342,1059.6645947377945,1053.2470481081841,-0.01949336180396404,0.0065040090974531175,0.07228262867544077,0.07257465496005755,-1.4810577425970164,-0.02168350932656224,0.019618175272061986,0.02924119316513018,-2.406158919602559,True,CONVERGENCE: RELATIVE REDUCTION OF F <= FACTR*EPSMCH,18,False,False
19.23,6.603680607902334,1059.6645947377945,1053.0609141298921,-0.019797983872985574,0.006087292192150252,0.07211425172680903,0.07237071526764256,-1.4865841839880596,-0.02399770709884728,0.017962830734415895,0.02997587753503376,-2.499037628058731,True,CONVERGENCE: RELATIVE REDUCTION OF F <= FACTR*EPSMCH,24,False,False
19.24,6.8805857665154235,1059.6645947377945,1052.784008971279,-0.02010686699242684,0.005655878693781852,0.07193576863894487,0.07215777001456308,-1.4923337280656805,-0.026288338034111704,0.016271498239914795,0.030916635838449086,-2.5873466193489305,True,CONVERGENCE: RELATIVE REDUCTION OF F <= FACTR*EPSMCH,24,False,False
19.25,7.247680951123357,1059.6645947377945,1052.416913786671,-0.02042076890563499,0.005215370882338703,0.07174736740467025,0.07193667230933806,-1.498233190760319,-0.028552796853695637,0.014549365970317094,0.032046002220349305,-2.6703262485387564,True,CONVERGENCE: RELATIVE REDUCTION OF F <= FACTR*EPSMCH,23,False,False
19.26,7.704208124974684,1059.6645947377945,1051.9603866128198,-0.020737927700475705,0.004767574147020137,0.07154898440790446,0.07170764905538243,-1.5042609757517251,-0.03078748877276527,0.012796887194667492,0.033341112561013804,-2.7476662495651003,True,CONVERGENCE: RELATIVE REDUCTION OF F <= FACTR*EPSMCH,25,False,False
19.27,8.249233668396755,1059.6645947377945,1051.4153610693977,-0.021058427714383942,0.004309576489719252,0.07134158139486914,0.07147162853497518,-1.5104620048989363,-0.03298998857133209,0.011012537428873643,0.034779524530375125,-2.819409087478092,True,CONVERGENCE: RELATIVE REDUCTION OF F <= FACTR*EPSMCH,20,False,False
19.28,8.881650316597415,1059.6645947377945,1050.782944421197,-0.021382179603875215,0.003841653005153701,0.07112682085634325,0.07123049166573506,-1.5168374427553908,-0.035159416253188705,0.009199705351663435,0.036343075404021805,-2.8856731968801035,True,CONVERGENCE: RELATIVE REDUCTION OF F <= FACTR*EPSMCH,28,False,False
19.29,9.60017984407682,1059.6645947377945,1050.0644148937176,-0.021707985662023067,0.0033706202145115465,0.07090151644027205,0.07098158996641765,-1.5232926256083226,-0.037296042669483304,0.007358090624417292,0.03801494832879636,-2.946805393495377,True,CONVERGENCE: RELATIVE REDUCTION OF F <= FACTR*EPSMCH,29,False,False
19.3,10.403375557672234,1059.6645947377945,1049.2612191801222,-0.022035442620871235,0.002888616403227211,0.07066974530175961,0.07072875656860204,-1.52994420148309,-0.03939488632589447,0.005491984725940221,0.03977585907130238,-3.0030768210079386,True,CONVERGENCE: RELATIVE REDUCTION OF F <= FACTR*EPSMCH,27,False,False
19.31,11.28962629877924,1059.6645947377945,1048.3749684390152,-0.02236391539476002,0.002400995858412748,0.07042834181789391,0.0704692565047356,-1.5367181945584225,-0.04145585327341642,0.003597379527703963,0.041611643924427864,-3.0550333313584277,True,CONVERGENCE: RELATIVE REDUCTION OF F <= FACTR*EPSMCH,31,False,False
19.32,12.257160255108602,1059.6645947377945,1047.4074344826859,-0.022693469695016552,0.0019053481017390704,0.0701813419854236,0.07020720129918143,-1.5436540674213726,-0.04347809463993007,0.001677866147882488,0.04351045791909028,-3.1030207250585584,True,CONVERGENCE: RELATIVE REDUCTION OF F <= FACTR*EPSMCH,20,False,False
19.33,13.304049644468478,1059.6645947377945,1046.360545093326,-0.023023236517823984,0.0014071148600572647,0.06992841250903715,0.06994256821323805,-1.5506768225711145,-0.04545697977359585,-0.00026651268678900517,0.045457761044175087,3.1357297556488164,True,CONVERGENCE: RELATIVE REDUCTION OF F <= FACTR*EPSMCH,17,False,False
19.34,14.42821566023963,1059.6645947377945,1045.2363790775548,-0.023351233342815185,0.0009000429562783479,0.06966759982743309,0.0696734134590699,-1.5578779416322321,-0.047394032962405665,-0.002232202787097657,0.04744657089531678,3.094528618791885,True,CONVERGENCE: RELATIVE REDUCTION OF F <= FACTR*EPSMCH,21,False,False
19.35,15.627434001519077,1059.6645947377945,1044.0371607362754,-0.02367946754519698,0.00038843088537477967,0.06940175748296147,0.06940284446819533,-1.5651995401469125,-0.049286484443404,-0.0042182440414756965,0.0494666668735963,3.0562144901443253,True,CONVERGENCE: RELATIVE REDUCTION OF F <= FACTR*EPSMCH,15,False,False
19.36,16.89934094183286,1059.6645947377945,1042.7652537959616,-0.024005717177775672,-0.00012496955745396138,0.06913141628420877,0.06913152923848029,-1.5726040348970225,-0.05113144058991113,-0.006227101230353128,0.05150923224561473,3.020403308015757,True,CONVERGENCE: RELATIVE REDUCTION OF F <= FACTR*EPSMCH,24,False,False
19.37,18.241439555833267,1059.6645947377945,1041.4231551819612,-0.024330504987022845,-0.0006436073044860148,0.06885692489196586,0.06885993273261466,-1.5801430782387607,-0.05292926292722835,-0.008253020387993222,0.053568826938288475,2.9869127195746774,True,CONVERGENCE: RELATIVE REDUCTION OF F <= FACTR*EPSMCH,23,False,False
19.38,19.65110663987798,1059.6645947377945,1040.0134880979165,-0.02465239920001046,-0.0011649322866521693,0.06857767818598723,0.06858757185243777,-1.5877817407953245,-0.05467753324507931,-0.010297870439518826,0.05563882437072039,2.9554350541596626,True,CONVERGENCE: RELATIVE REDUCTION OF F <= FACTR*EPSMCH,21,False,False
19.39,21.125599826180633,1059.6645947377945,1038.5389949116138,-0.02497117673309231,-0.001688954006947339,0.06829528289045372,0.0683161637588403,-1.595521457885196,-0.05637550841934413,-0.01235791182497569,0.05771408783142479,2.9257987677153143,True,CONVERGENCE: RELATIVE REDUCTION OF F <= FACTR*EPSMCH,24,False,False
19.4,22.662065062647798,1059.6645947377945,1037.0025296751467,-0.025285911896632037,-0.002215450331573634,0.06800919496583231,0.0680452703725414,-1.603360558262896,-0.058019524106258095,-0.014434432760055196,0.0597881094083198,2.897757108600686,True,CONVERGENCE: RELATIVE REDUCTION OF F <= FACTR*EPSMCH,18,False,False
19.41,24.257544441599975,1059.6645947377945,1035.4070502961945,-0.025597329798691625,-0.0027433295665002006,0.0677222887389858,0.06777783007117442,-1.6112827094431954,-0.059611625598249805,-0.01652380040061595,0.06185937185378872,2.871190719586599,True,CONVERGENCE: RELATIVE REDUCTION OF F <= FACTR*EPSMCH,26,False,False
19.42,25.908984224712867,1059.6645947377945,1033.7556105130816,-0.025904070897090795,-0.0032699382057451137,0.06743361536714662,0.06751285046088384,-1.6192495918632575,-0.06114710509352749,-0.01862618499990502,0.0639210703052568,2.8459094118358736,True,CONVERGENCE: RELATIVE REDUCTION OF F <= FACTR*EPSMCH,19,False,False
19.43,27.61324318051993,1059.6645947377945,1032.0513515572745,-0.026205539714417997,-0.0037998161022189687,0.06714245161538562,0.06724988781652413,-1.6273293710353476,-0.06262796680245963,-0.020738191261202712,0.0659722275097348,2.821823636596423,True,CONVERGENCE: RELATIVE REDUCTION OF F <= FACTR*EPSMCH,22,False,False
19.44,29.367101106437076,1059.6645947377945,1030.2974936313574,-0.026501784045133217,-0.004326266313976283,0.06685166766078983,0.06699150729195559,-1.635420624028324,-0.06405081658338865,-0.0228615094899235,0.06800849741875464,2.798759560284289,True,CONVERGENCE: RELATIVE REDUCTION OF F <= FACTR*EPSMCH,22,False,False
19.45,31.167267400352785,1059.6645947377945,1028.4973273374417,-0.026791581655141686,-0.0048524892446568935,0.06655961085874149,0.06673626038022065,-1.6435719848162584,-0.06541527623690176,-0.02499164006999318,0.07002671232135814,2.776659083681508,True,CONVERGENCE: RELATIVE REDUCTION OF F <= FACTR*EPSMCH,20,False,False
19.46,33.01038991354767,1059.6645947377945,1026.6542048242468,-0.027075009769470214,-0.005376998994678396,0.0662686816782286,0.0664864669655349,-1.6517583325896292,-0.06672022305532747,-0.027128774718224124,0.07202470813731082,2.7554053313883053,True,CONVERGENCE: RELATIVE REDUCTION OF F <= FACTR*EPSMCH,24,False,False
19.47,34.89306380195035,1059.6645947377945,1024.771530935844,-0.027352623076169025,-0.0058977196697105085,0.06597952204911835,0.06624258771464611,-1.6599465154622786,-0.0679630409584573,-0.029273219714929237,0.07399929951559993,2.7348848897930242,True,CONVERGENCE: RELATIVE REDUCTION OF F <= FACTR*EPSMCH,19,False,False
19.48,36.81184044296765,1059.6645947377945,1022.8527542948268,-0.027622997619187167,-0.0064174656452734725,0.06569092910913878,0.06600365166057225,-1.6681791224287994,-0.06914689308281079,-0.0314182887910885,0.0759499946910196,2.715110401451858,True,CONVERGENCE: RELATIVE REDUCTION OF F <= FACTR*EPSMCH,20,False,False
19.49,38.763236221975944,1059.6645947377945,1020.9013585158185,-0.027885425972611365,-0.006933623137833461,0.06540544073903479,0.06577193024448112,-1.6764117500615918,-0.07026611381171008,-0.03356900885665892,0.07787300627186958,2.6959102217806783,True,CONVERGENCE: RELATIVE REDUCTION OF F <= FACTR*EPSMCH,21,False,False
19.5,40.7437415477865,1059.6645947377945,1018.920853190008,-0.028141012392737995,-0.007444846303793466,0.06512104371570047,0.06554522157342424,-1.6846253392140407,-0.07132374209141842,-0.03571856426681322,0.07976773795968918,2.677309349466961,True,CONVERGENCE: RELATIVE REDUCTION OF F <= FACTR*EPSMCH,22,False,False
19.51,42.749829517976195,1059.6645947377945,1016.9147652198183,-0.028387189440013488,-0.00795284896125038,0.06484026923395446,0.06532616872993673,-1.6928396958253036,-0.07231682760551249,-0.03786989041067353,0.08163242097746358,2.6591916996920064,True,CONVERGENCE: RELATIVE REDUCTION OF F <= FACTR*EPSMCH,22,False,False
19.52,44.77796466994005,1059.6645947377945,1014.8866300678544,-0.028625856091718024,-0.008454059617580006,0.0645634330842885,0.06511457606133203,-1.7009974810125876,-0.07324501950569748,-0.04001821378845964,0.08346430564743748,2.6415476804467133,True,CONVERGENCE: RELATIVE REDUCTION OF F <= FACTR*EPSMCH,16,False,False
19.53,46.824611398518186,1059.6645947377945,1012.8399833392763,-0.028856020524137615,-0.008950026027072776,0.0642908009853235,0.06491078536899514,-1.709118951850563,-0.07410778930688018,-0.042164502907403895,0.08526317928262714,2.6243080640160583,True,CONVERGENCE: RELATIVE REDUCTION OF F <= FACTR*EPSMCH,24,False,False
19.54,48.88624238957527,1059.6645947377945,1010.7783523482192,-0.029076511662785354,-0.00943870941582759,0.0640228400887498,0.06471486141888941,-1.71716916473879,-0.07490608105351187,-0.044304862007573664,0.08702782185201141,2.6074672167176844,True,CONVERGENCE: RELATIVE REDUCTION OF F <= FACTR*EPSMCH,24,False,False
19.55,50.95934660938326,1059.6645947377945,1008.7052481284112,-0.029288188401330587,-0.009922922549577702,0.06375904576465638,0.06452658606144032,-1.725189353410913,-0.07563751302584236,-0.04643971351428787,0.08875629762458326,2.5909590930771156,True,CONVERGENCE: RELATIVE REDUCTION OF F <= FACTR*EPSMCH,19,False,False
19.56,53.04043722837753,1059.6645947377945,1006.6241575094169,-0.029490485157593664,-0.010398276221540766,0.06350104500203198,0.06434677042967697,-1.7331055259853305,-0.07630205827364901,-0.04856759806671459,0.0904478616594404,2.5747539039075265,True,CONVERGENCE: RELATIVE REDUCTION OF F <= FACTR*EPSMCH,23,False,False
19.57,55.12605913746859,1059.6645947377945,1004.5385356003259,-0.029682785846869644,-0.010865699467847236,0.06324947938261236,0.06417600850081813,-1.7409267864219753,-0.07690073154596584,-0.05068602220412738,0.09210209204563162,2.5588400220582526,True,CONVERGENCE: RELATIVE REDUCTION OF F <= FACTR*EPSMCH,17,False,False
19.58,57.21279617189316,1059.6645947377945,1002.4517985659013,-0.029865747357940876,-0.01132626713038917,0.0630029294730931,0.06401291626930052,-1.7486700182375772,-0.077433171952971,-0.05279446111678333,0.09371846799489374,2.5431815481859656,True,CONVERGENCE: RELATIVE REDUCTION OF F <= FACTR*EPSMCH,14,False,False
19.59,59.29727805988887,1059.6645947377945,1000.3673166779056,-0.030038592757835963,-0.011777642063604989,0.06276386646258307,0.06385934376355082,-1.7562892173270441,-0.07789757565871278,-0.05489183624299371,0.09529504698373635,2.5277414632531054,True,CONVERGENCE: RELATIVE REDUCTION OF F <= FACTR*EPSMCH,23,False,False
19.6,61.37618689041733,1059.6645947377945,998.2884078473771,-0.030200833444145897,-0.012219773313768275,0.06253110219879585,0.06371390430695748,-1.7637833445964697,-0.07829465181969912,-0.05697673728723986,0.09683181861075968,2.5125026090770533,True,CONVERGENCE: RELATIVE REDUCTION OF F <= FACTR*EPSMCH,17,False,False
19.61,63.446263309629785,1059.6645947377945,996.2183314281647,-0.030353772225707384,-0.012652356388772441,0.06230744952702016,0.06357908766843604,-1.7711356258898796,-0.07862517611981193,-0.059047029176937646,0.09832837827653607,2.497455739803374,True,CONVERGENCE: RELATIVE REDUCTION OF F <= FACTR*EPSMCH,14,False,False
19.62,65.50431221833287,1059.6645947377945,994.1602825194616,-0.030495888492057067,-0.01307664284071731,0.06208918912427781,0.06345128835645515,-1.7783732816248032,-0.07888883802904305,-0.061101866369771905,0.09978420135192771,2.482575537458798,True,CONVERGENCE: RELATIVE REDUCTION OF F <= FACTR*EPSMCH,19,False,False
19.63,67.53784002197108,1059.6645947377945,992.1267547158234,-0.030451080281292026,-0.013204224124014804,0.062066314504362216,0.06345533020063499,-1.7804149828215379,-0.07811378179830855,-0.06243586383775146,0.1,2.4672824511157416,True,CONVERGENCE: RELATIVE REDUCTION OF F <= FACTR*EPSMCH,18,False,True
19.64,69.52866127337427,1059.6645947377945,990.1359334644202,-0.030371141208306758,-0.013278976996028894,0.06207853952689864,0.0634828819435112,-1.7815266636724911,-0.07715160439233382,-0.06362098662932555,0.1,2.452016978160013,True,CONVERGENCE: RELATIVE REDUCTION OF F <= FACTR*EPSMCH,21,False,True
19.65,71.47555605339346,1059.6645947377945,988.189038684401,-0.030288201188323358,-0.013351952290970937,0.06209124362689221,0.06351060671348091,-1.782608429586087,-0.07618211808155506,-0.06477873790533437,0.1,2.436916199847982,True,CONVERGENCE: RELATIVE REDUCTION OF F <= FACTR*EPSMCH,19,False,True
19.66,73.3776518860758,1059.6645947377945,986.2869428517187,-0.030202619791225228,-0.013421157336492722,0.06210724893364244,0.0635408359589038,-1.7836202766190712,-0.07520328051628031,-0.06591256784248097,0.1,2.4219370968770146,True,CONVERGENCE: RELATIVE REDUCTION OF F <= FACTR*EPSMCH,18,False,True
19.67,75.23411844043574,1059.6645947377945,984.4304762973587,-0.030114412251317987,-0.01348966261080114,0.062124257953487465,0.06357196255917145,-1.7846170529883045,-0.07421541402211954,-0.06702292385091377,0.1,2.407075026588823,True,CONVERGENCE: RELATIVE REDUCTION OF F <= FACTR*EPSMCH,17,False,True
19.68,77.04416579810982,1059.6645947377945,982.6204289396846,-0.030022706010498206,-0.013554140914720491,0.06214340425718759,0.06360438214941122,-1.7855438321346317,-0.07321958269853632,-0.06810941718626141,0.1,2.392336685052295,True,CONVERGENCE: RELATIVE REDUCTION OF F <= FACTR*EPSMCH,21,False,True
19.69,78.80704286377454,1059.6645947377945,980.8575518740199,-0.029929218508787023,-0.013616676063637732,0.06216477287917251,0.06363861134673782,-1.7864323661259653,-0.07221503292279147,-0.06917361505632148,0.1,2.377702220315122,True,CONVERGENCE: RELATIVE REDUCTION OF F <= FACTR*EPSMCH,22,False,True
19.7,80.52203590757108,1059.6645947377945,979.1425588302234,-0.02983243093573037,-0.013677188283410307,0.06218814235072845,0.0636744103103776,-1.7872821652193822,-0.07120289655428427,-0.07021500923791077,0.1,2.3631799652083076,True,CONVERGENCE: RELATIVE REDUCTION OF F <= FACTR*EPSMCH,15,False,True
19.71,82.18846716625512,1059.6645947377945,977.4761275715393,-0.029733098808102616,-0.01373692110588632,0.06221393630062602,0.06371245460259475,-1.7881108580416996,-0.07018140648409828,-0.07123601746247307,0.1,2.348737195331067,True,CONVERGENCE: RELATIVE REDUCTION OF F <= FACTR*EPSMCH,13,False,True
19.72,83.80569357545255,1059.6645947377945,975.8589011623419,-0.029630982150119063,-0.01379422500776814,0.06224123353242195,0.06375148465096654,-1.7888962611439596,-0.06915212419975526,-0.07223561253745706,0.1,2.334389207139442,True,CONVERGENCE: RELATIVE REDUCTION OF F <= FACTR*EPSMCH,14,False,True
19.73,85.37310571825628,1059.6645947377945,974.2914890195382,-0.029526029826470238,-0.013846432928399433,0.062271754071881444,0.06379259408449814,-1.7895917534078933,-0.06811442134123413,-0.0732149274762246,0.1,2.3201206419941864,True,CONVERGENCE: RELATIVE REDUCTION OF F <= FACTR*EPSMCH,17,False,True
19.74,86.8901264249854,1059.6645947377945,972.7744683128091,-0.02941899317634354,-0.01389628494747343,0.06230581912667584,0.06383668093179204,-1.7902382402891757,-0.06706864832556383,-0.07417409528792275,0.1,2.3059302301541553,True,CONVERGENCE: RELATIVE REDUCTION OF F <= FACTR*EPSMCH,23,False,True
19.75,88.35620997127762,1059.6645947377945,971.3083847665168,-0.029309758154752123,-0.013944542631352001,0.06234190506329989,0.06388241852121043,-1.7908525729733618,-0.0660146946749073,-0.07511364780769715,0.1,2.2918107034070863,True,CONVERGENCE: RELATIVE REDUCTION OF F <= FACTR*EPSMCH,20,False,True
19.76,89.77084105448023,1059.6645947377945,969.8937536833142,-0.02919672194031011,-0.013991070975349584,0.06238070163833205,0.06393044661135938,-1.7914303513803311,-0.06495176884466249,-0.07603464818061258,0.1,2.277746260246574,True,CONVERGENCE: RELATIVE REDUCTION OF F <= FACTR*EPSMCH,24,False,True
19.77,91.13353379799685,1059.6645947377945,968.5310609397976,-0.029081697544395577,-0.014033126075139684,0.06242092883876756,0.06397891046692847,-1.7919341421343205,-0.06388073313538306,-0.0769366748312271,0.1,2.2637433976524983,True,CONVERGENCE: RELATIVE REDUCTION OF F <= FACTR*EPSMCH,11,False,True
19.78,92.44383102463019,1059.6645947377945,967.2207637131643,-0.028964877716912984,-0.014075881670665969,0.06246529491441501,0.06403158215717797,-1.7924336329176558,-0.06280244783861519,-0.07781935842371113,0.1,2.2498083306307897,True,CONVERGENCE: RELATIVE REDUCTION OF F <= FACTR*EPSMCH,23,False,True
19.79,93.70130320267162,1059.6645947377945,965.9632915351228,-0.028845362681954693,-0.014114434532471585,0.06251271665845322,0.06408632464255912,-1.7928578299183884,-0.06171550400052975,-0.07868415702007997,0.1,2.2359182098994625,True,CONVERGENCE: RELATIVE REDUCTION OF F <= FACTR*EPSMCH,11,False,True
19.8,94.90554791434124,1059.6645947377945,964.7590468234532,-0.02872352986423914,-0.014150895025189177,0.06256246444300781,0.06414288570992531,-1.7932414846790283,-0.060620344286701856,-0.07953096163483586,0.1,2.2220744984688463,True,CONVERGENCE: RELATIVE REDUCTION OF F <= FACTR*EPSMCH,23,False,True
19.81,96.05618900018465,1059.6645947377945,963.6084057376098,-0.02859886133102475,-0.014184675277299623,0.06261524577141446,0.06420182252660023,-1.7935733066533879,-0.05951719267616178,-0.08035983932256607,0.1,2.208275904673196,True,CONVERGENCE: RELATIVE REDUCTION OF F <= FACTR*EPSMCH,11,False,True
19.82,97.15287589124591,1059.6645947377945,962.5117188465485,-0.028472145560256686,-0.01421620379790386,0.06267109971218228,0.06426326469732012,-1.7938597700565277,-0.05840534959784575,-0.0811715167922432,0.1,2.1945098403408245,True,CONVERGENCE: RELATIVE REDUCTION OF F <= FACTR*EPSMCH,17,False,True
19.83,98.19528296109854,1059.6645947377945,961.4693117766959,-0.02834322639684226,-0.014244715932254468,0.06273003834074868,0.06432705218041958,-1.794089338015525,-0.05728675961057244,-0.0819647922788833,0.1,2.1807964927261843,True,CONVERGENCE: RELATIVE REDUCTION OF F <= FACTR*EPSMCH,27,False,True
19.84,99.18310891286205,1059.6645947377945,960.4814858249324,-0.028212198503091653,-0.01427096241472899,0.06279215995133834,0.06439344469429374,-1.7942731849371039,-0.05615846059908089,-0.08274193195195216,0.1,2.1670960033514155,True,CONVERGENCE: RELATIVE REDUCTION OF F <= FACTR*EPSMCH,11,False,True
19.85,100.11607618778476,1059.6645947377945,959.5485185500097,-0.028079051748589545,-0.014295712724709335,0.0628567571491336,0.06446192148557607,-1.7944255030871366,-0.05502332692571136,-0.0835010987593953,0.1,2.1534398996625805,True,CONVERGENCE: RELATIVE REDUCTION OF F <= FACTR*EPSMCH,14,False,True
19.86,100.9939304317661,1059.6645947377945,958.6706643060284,-0.02794298249412324,-0.01431675508372259,0.06292551469173577,0.06453363367537233,-1.7945071664224754,-0.05388015637105612,-0.0842432712412721,0.1,2.1398101980221553,True,CONVERGENCE: RELATIVE REDUCTION OF F <= FACTR*EPSMCH,23,False,True
19.87,101.8164399562678,1059.6645947377945,957.8481547815267,-0.02780538975427783,-0.014335812099404568,0.06299718179859087,0.06460774274894723,-1.7945486911622162,-0.05272858074397803,-0.08496879881889463,0.1,2.1261993740575247,True,CONVERGENCE: RELATIVE REDUCTION OF F <= FACTR*EPSMCH,18,False,True
19.88,102.58339528973931,1059.6645947377945,957.0811994480551,-0.027665180089948987,-0.01435234331833036,0.0630721716867826,0.06468453138126767,-1.7945406462317344,-0.05156942295836217,-0.08567727012307028,0.1,2.112614063070451,True,CONVERGENCE: RELATIVE REDUCTION OF F <= FACTR*EPSMCH,24,False,True
19.89,103.29460872563743,1059.6645947377945,956.369986012157,-0.027522971240574595,-0.014366445490533595,0.06314870634531593,0.06476228739875868,-1.7944907557635752,-0.050402925729063935,-0.08636865796080466,0.1,2.0990539705069464,True,CONVERGENCE: RELATIVE REDUCTION OF F <= FACTR*EPSMCH,20,False,True
19.9,103.94991384504772,1059.6645947377945,955.7146808927467,-0.027378740687203265,-0.014377841817701796,0.06322974600682628,0.06484383637187592,-1.7943848871062358,-0.049227968571613025,-0.08704370804551172,0.1,2.085503158587232,True,CONVERGENCE: RELATIVE REDUCTION OF F <= FACTR*EPSMCH,17,False,True
19.91,104.54916520945972,1059.6645947377945,955.1154295283347,-0.027233580533474352,-0.014387370721488126,0.06331389941955701,0.06492800856323344,-1.7942406096347716,-0.04804573768690737,-0.08770180779277523,0.1,2.071972478361819,True,CONVERGENCE: RELATIVE REDUCTION OF F <= FACTR*EPSMCH,18,False,True
19.92,105.09223796411254,1059.6645947377945,954.5723567736819,-0.027085194989231575,-0.014393474716137028,0.06340129029714119,0.06501458087034358,-1.7940343073084697,-0.04685623633245758,-0.08834304226568657,0.1,2.0584590668358844,True,CONVERGENCE: RELATIVE REDUCTION OF F <= FACTR*EPSMCH,22,False,True
19.93,105.57902748723791,1059.6645947377945,954.0855672505566,-0.026935086892529832,-0.014396811190827563,0.06349261351263659,0.06510437883222127,-1.7937737377497245,-0.04565851980701857,-0.0889679693430849,0.1,2.0449494906580563,True,CONVERGENCE: RELATIVE REDUCTION OF F <= FACTR*EPSMCH,18,False,True
19.94,106.00944913835883,1059.6645947377945,953.6551455994356,-0.02678380447986132,-0.014398581787838306,0.06358615416074079,0.0651959980248371,-1.7934829486902195,-0.04445345895415248,-0.08957616863324463,0.1,2.0314509510972876,True,CONVERGENCE: RELATIVE REDUCTION OF F <= FACTR*EPSMCH,17,False,True
19.95,106.38343797543337,1059.6645947377945,953.2811567623611,-0.02662934035601998,-0.014395964793893712,0.0636836278418332,0.06529049132487931,-1.7931141429898196,-0.04324114689152056,-0.09016763951388515,0.1,2.017961822401003,True,CONVERGENCE: RELATIVE REDUCTION OF F <= FACTR*EPSMCH,20,False,True
19.96,106.70094853493322,1059.6645947377945,952.9636462028612,-0.026473757890900708,-0.014393647754501597,0.06378306925217438,0.06538697897065089,-1.7927442535976328,-0.04202088795334858,-0.09074274062211327,0.1,2.004471823297977,True,CONVERGENCE: RELATIVE REDUCTION OF F <= FACTR*EPSMCH,12,False,True
19.97,106.96195456712553,1059.6645947377945,952.7026401706689,-0.026316101784077384,-0.014387011716641954,0.06388649595951394,0.06548641440879004,-1.7922977396052657,-0.04079448738447245,-0.09130065607123598,0.1,1.990998310518556,True,CONVERGENCE: RELATIVE REDUCTION OF F <= FACTR*EPSMCH,12,False,True
19.98,107.16644894194849,1059.6645947377945,952.498145795846,-0.026157019669116453,-0.014379060698108695,0.06399305073418636,0.06558862652036589,-1.7918225615694798,-0.03955993143246943,-0.0918423204468306,0.1,1.9775166332360261,True,CONVERGENCE: RELATIVE REDUCTION OF F <= FACTR*EPSMCH,12,False,True
19.99,107.31444346397939,1059.6645947377945,952.3501512738151,-0.025996190937237654,-0.014367247038311538,0.06410332425074548,0.06569363719155825,-1.7912791049102188,-0.03831779144735442,-0.09236745562478732,0.1,1.9640306914384136,True,CONVERGENCE: RELATIVE REDUCTION OF F <= FACTR*EPSMCH,18,False,True
20.0,107.40596878552526,1059.6645947377945,952.2586259522692,-0.025833553943174378,-0.014353573532219083,0.06421613245670489,0.06580073510867403,-1.7907013949850155,-0.03707010179915845,-0.09287522572031807,0.1,1.9505600293635228,True,CONVERGENCE: RELATIVE REDUCTION OF F <= FACTR*EPSMCH,20,False,True
20.01,107.44107428393693,1059.6645947377945,952.2235204538575,-0.025669430180100216,-0.01433622683093448,0.06433265691184481,0.06591068308768419,-1.7900589004103253,-0.03581386460945769,-0.09336684155381628,0.1,1.9370698640457213,True,CONVERGENCE: RELATIVE REDUCTION OF F <= FACTR*EPSMCH,14,False,True
20.02,107.41982807911575,1059.6645947377945,952.2447666586787,-0.025503749514869268,-0.014318870182240644,0.06445140041669088,0.06602282225843184,-1.789411109411823,-0.034550720553645844,-0.09384160969007233,0.1,1.9235755492376563,True,CONVERGENCE: RELATIVE REDUCTION OF F <= FACTR*EPSMCH,22,False,True
20.03,107.34231695827248,1059.6645947377945,952.322277779522,-0.025335553286044497,-0.014297312356464231,0.06457337441131458,0.0661372347734778,-1.7886929337374227,-0.03328185986840706,-0.09429908697171843,0.1,1.91008733036219,True,CONVERGENCE: RELATIVE REDUCTION OF F <= FACTR*EPSMCH,12,False,True
20.04,107.20864641157505,1059.6645947377945,952.4559483262194,-0.025167445961867818,-0.014272604065273963,0.06469971386423619,0.06625526545806085,-1.7879166080312288,-0.03200476745182555,-0.09474014386918868,0.1,1.8965761350106454,True,CONVERGENCE: RELATIVE REDUCTION OF F <= FACTR*EPSMCH,15,False,True
20.05,107.01894068992215,1059.6645947377945,952.6456540478723,-0.02499676250175512,-0.014246760134627643,0.06482747258367065,0.06637447834763137,-1.7871217430458524,-0.030722324747625703,-0.09516374709994047,0.1,1.8830701114835577,True,CONVERGENCE: RELATIVE REDUCTION OF F <= FACTR*EPSMCH,13,False,True
20.06,106.77334286092378,1059.6645947377945,952.8912518768707,-0.024824749778955598,-0.01421663915386212,0.06495880564739318,0.06649631012294535,-1.786255400823733,-0.029431720662282775,-0.09557077910563122,0.1,1.86953732940579,True,CONVERGENCE: RELATIVE REDUCTION OF F <= FACTR*EPSMCH,20,False,True
20.07,106.4720149276917,1059.6645947377945,953.1925798101028,-0.02465204576040737,-0.014184340812827196,0.06509448441429118,0.06662197404353036,-1.7853464045841116,-0.028135201073548506,-0.09596046300717288,0.1,1.8559990703550533,True,CONVERGENCE: RELATIVE REDUCTION OF F <= FACTR*EPSMCH,19,False,True
20.08,106.11513801516946,1059.6645947377945,953.549456722625,-0.024477245912786053,-0.01415138420416399,0.06523048613531787,0.06674786885244921,-1.7844301681310621,-0.026831694887590032,-0.09633306882612676,0.1,1.8424418153793785,True,CONVERGENCE: RELATIVE REDUCTION OF F <= FACTR*EPSMCH,12,False,True
20.09,105.70291240209872,1059.6645947377945,953.9616823356957,-0.024301167451000274,-0.01411510516483315,0.06537105121028124,0.06687757868038817,-1.7834544170024187,-0.0255216858217804,-0.09668838375324273,0.1,1.8288683090646303,True,CONVERGENCE: RELATIVE REDUCTION OF F <= FACTR*EPSMCH,17,False,True
20.1,105.2355579114926,1059.6645947377945,954.4290368263019,-0.02412479624885211,-0.014075896131079306,0.06551400194691556,0.06700906881156751,-1.7824322148188183,-0.024204884185737147,-0.09702640661982208,0.1,1.815273256751823,True,CONVERGENCE: RELATIVE REDUCTION OF F <= FACTR*EPSMCH,13,False,True
20.11,104.71331398595703,1059.6645947377945,954.9512807518374,-0.02394686129941476,-0.01403372207937145,0.06565980499766559,0.0671427981821767,-1.7813619521724142,-0.022881398105305692,-0.09734701649638017,0.1,1.8016554935155173,True,CONVERGENCE: RELATIVE REDUCTION OF F <= FACTR*EPSMCH,19,False,True
20.12,104.13644004017146,1059.6645947377945,955.528154697623,-0.02376747075315633,-0.013989008464539548,0.06580776748141012,0.06727818828348679,-1.7802523484811013,-0.021551768836307963,-0.09764999365092834,0.1,1.78801827249783,True,CONVERGENCE: RELATIVE REDUCTION OF F <= FACTR*EPSMCH,12,False,True
20.13,103.5052157256564,1059.6645947377945,956.1593790121381,-0.023587638981940492,-0.013942974408965745,0.06595939012255375,0.06741696878908392,-1.7791168105106927,-0.020214670763961842,-0.09793552514743885,0.1,1.7743457138046983,True,CONVERGENCE: RELATIVE REDUCTION OF F <= FACTR*EPSMCH,20,False,True
20.14,102.81994127673715,1059.6645947377945,956.8446534610573,-0.02340574804389178,-0.013893526971067945,0.06611201006715707,0.06755610976673886,-1.7779334566588785,-0.018871240675203002,-0.09820323963789873,0.1,1.7606471562327495,True,CONVERGENCE: RELATIVE REDUCTION OF F <= FACTR*EPSMCH,18,False,True
20.15,102.08093782072729,1059.6645947377945,957.5836569170672,-0.02322338609517092,-0.013842406986555254,0.06626813583024359,0.06769843467612119,-1.7767201948049358,-0.017521611406349363,-0.09845299961771042,0.1,1.746921600555065,True,CONVERGENCE: RELATIVE REDUCTION OF F <= FACTR*EPSMCH,14,False,True
20.16,101.2885478342746,1059.6645947377945,958.3760469035199,-0.023040156779684184,-0.013786893742438347,0.06642630967104493,0.06784197119467301,-1.7754424832695594,-0.01616511381155923,-0.0986847966784111,0.1,1.733159894663031,True,CONVERGENCE: RELATIVE REDUCTION OF F <= FACTR*EPSMCH,16,False,True
20.17,100.44313550265394,1059.6645947377945,959.2214592351405,-0.02285563339550663,-0.013731343779875269,0.06658685989689829,0.06798793799587013,-1.774162580442603,-0.014802736922570626,-0.09889832647522993,0.1,1.7193696956120765,True,CONVERGENCE: RELATIVE REDUCTION OF F <= FACTR*EPSMCH,19,False,True
20.18,99.54508722504806,1059.6645947377945,960.1195075127464,-0.0226717040906866,-0.01367187392200822,0.06675012975439812,0.06813589332186284,-1.772823792298569,-0.013433258010590025,-0.09909363036654234,0.1,1.7055362339442408,True,CONVERGENCE: RELATIVE REDUCTION OF F <= FACTR*EPSMCH,21,False,True
20.19,98.59481205689553,1059.6645947377945,961.0697826808989,-0.022485443681666342,-0.013610416851337329,0.06691503452931781,0.06828517623120674,-1.7714575177326162,-0.01205581758967484,-0.09927062638184816,0.1,1.6916484670198604,True,CONVERGENCE: RELATIVE REDUCTION OF F <= FACTR*EPSMCH,18,False,True
20.2,97.59274224674334,1059.6645947377945,962.0718524910511,-0.022299595064369432,-0.013546068398251516,0.06708310536719213,0.06843711708390345,-1.7700466348197066,-0.010672464054248404,-0.09942886155946258,0.1,1.6777246144721316,True,CONVERGENCE: RELATIVE REDUCTION OF F <= FACTR*EPSMCH,19,False,True
20.21,96.53933378201555,1059.6645947377945,963.1252609557789,-0.022112573589620748,-0.013479248919071637,0.06725274768335134,0.06859024874122277,-1.7686021790856576,-0.009282382734016747,-0.09956825483445629,0.1,1.663753972728065,True,CONVERGENCE: RELATIVE REDUCTION OF F <= FACTR*EPSMCH,15,False,True
20.22,95.43506698740873,1059.6645947377945,964.2295277503857,-0.021924639180526853,-0.013410627723906983,0.06742323874415944,0.06874400380179456,-1.767136047363862,-0.00788352706188384,-0.09968876567128587,0.1,1.649713486845117,True,CONVERGENCE: RELATIVE REDUCTION OF F <= FACTR*EPSMCH,17,False,True
20.23,94.28044717836349,1059.6645947377945,965.384147559431,-0.021737442294493245,-0.013339285016884573,0.06759687765577943,0.06890046729574549,-1.7656288638026452,-0.006479573908661497,-0.09978985480479563,0.1,1.6356374924459651,True,CONVERGENCE: RELATIVE REDUCTION OF F <= FACTR*EPSMCH,19,False,True
20.240000000000002,93.07600521499194,1059.6645947377945,966.5885895228025,-0.02154855210775586,-0.01326689939338332,0.06777091773828368,0.06905727992473616,-1.7641125763719112,-0.005067265619851559,-0.09987153157500826,0.1,1.621490693604774,True,CONVERGENCE: RELATIVE REDUCTION OF F <= FACTR*EPSMCH,18,False,True
20.25,91.8222983452224,1059.6645947377945,967.842296392572,-0.021360351388257825,-0.013190940027018311,0.0679479087824437,0.06921646629743303,-1.7625443510900203,-0.0036476908576530604,-0.09993344961226444,0.1,1.6072813293674664,True,CONVERGENCE: RELATIVE REDUCTION OF F <= FACTR*EPSMCH,23,False,True
20.26,90.51991084331291,1059.6645947377945,969.1446838944815,-0.021171224057427857,-0.013112310568555548,0.06812603387468978,0.06937643101184748,-1.7609424431874114,-0.002221051078350874,-0.0999753316178914,0.1,1.5930086640831904,True,CONVERGENCE: RELATIVE REDUCTION OF F <= FACTR*EPSMCH,29,False,True
20.27,89.16945484754501,1059.6645947377945,970.4951398902494,-0.020981514801025752,-0.013032383138526575,0.06830453699717555,0.06953670099068458,-1.7593285554071698,-0.0007862391854997757,-0.09999690909194736,0.1,1.5786587996573302,True,CONVERGENCE: RELATIVE REDUCTION OF F <= FACTR*EPSMCH,12,False,True
20.28,87.77157118905734,1059.6645947377945,971.8930235487371,-0.02079214374001723,-0.012950361975122402,0.06848540569348249,0.06969908656709628,-1.7576862704722191,0.0006567974604105147,-0.0999978430622181,0.1,1.5642283049680088,True,CONVERGENCE: RELATIVE REDUCTION OF F <= FACTR*EPSMCH,15,False,True
20.29,86.32693027347523,1059.6645947377945,973.3376644643192,-0.020602537913871722,-0.012865945999308723,0.06866662976328557,0.06986156747100128,-1.7560169947249893,0.0021083158309799593,-0.09997777255148686,0.1,1.54971160626348,True,CONVERGENCE: RELATIVE REDUCTION OF F <= FACTR*EPSMCH,12,False,True
20.3,84.83623302731962,1059.6645947377945,974.8283617104748,-0.020413055848761658,-0.012779720989058824,0.06884878039543724,0.07002482295941442,-1.754327654816677,0.003567708699761442,-0.09993633700828566,0.1,1.535111666835131,True,CONVERGENCE: RELATIVE REDUCTION OF F <= FACTR*EPSMCH,15,False,True
20.31,83.30021190967204,1059.6645947377945,976.3643828281224,-0.02022330949453154,-0.012691734193215579,0.06903179274510075,0.07018880627588549,-1.752619271310096,0.005036743577111237,-0.09987307552157604,0.1,1.52040757066404,True,CONVERGENCE: RELATIVE REDUCTION OF F <= FACTR*EPSMCH,20,False,True
20.32,81.71963196320428,1059.6645947377945,977.9449627745902,-0.020034001028338945,-0.012600559077649707,0.06921577755964456,0.0703533791104275,-1.750871795001002,0.00651452585516929,-0.09978757915132691,0.1,1.5056049016434665,True,CONVERGENCE: RELATIVE REDUCTION OF F <= FACTR*EPSMCH,18,False,True
20.33,80.09529198837515,1059.6645947377945,979.5693027494193,-0.019844497616538646,-0.012509774971524662,0.06939974556075415,0.07051821859445685,-1.7491379795535507,0.008001660065899995,-0.09967935310880474,0.1,1.4906940927126444,True,CONVERGENCE: RELATIVE REDUCTION OF F <= FACTR*EPSMCH,21,False,True
20.34,78.42802572553728,1059.6645947377945,981.2365690122572,-0.01965506578086191,-0.012415007544074005,0.06958461522103897,0.07068345695974032,-1.747354537122463,0.009498489864865844,-0.0995478713498538,0.1,1.475668017438968,True,CONVERGENCE: RELATIVE REDUCTION OF F <= FACTR*EPSMCH,12,False,True
20.35,76.71870319997242,1059.6645947377945,982.945891537822,-0.019466632375794067,-0.012320147660116035,0.06976857550072411,0.07084800749327608,-1.7455803661842066,0.011006627497657046,-0.09939242501885051,0.1,1.4605065969450595,True,CONVERGENCE: RELATIVE REDUCTION OF F <= FACTR*EPSMCH,29,False,True
20.36,74.96823211175479,1059.6645947377945,984.6963626260397,-0.01927815106647403,-0.012222874212800177,0.0699531213749114,0.07101294138475762,-1.7437795231433186,0.012523050414946788,-0.09921276736541876,0.1,1.4452361658794892,True,CONVERGENCE: RELATIVE REDUCTION OF F <= FACTR*EPSMCH,17,False,True
20.37,73.17755934491379,1059.6645947377945,986.4870353928807,-0.019089682168839325,-0.01212466794555866,0.07013686625054699,0.07117715630900953,-1.7419760348128182,0.014051886047104509,-0.09900780019028395,0.1,1.429810871353661,True,CONVERGENCE: RELATIVE REDUCTION OF F <= FACTR*EPSMCH,20,False,True
20.38,71.34767262094681,1059.6645947377945,988.3169221168476,-0.018902420342952253,-0.01202320665567024,0.07032089565845007,0.07134133349252433,-1.7401352094890616,0.015591607793382657,-0.09877703056084107,0.1,1.414241521193414,True,CONVERGENCE: RELATIVE REDUCTION OF F <= FACTR*EPSMCH,26,False,True
20.39,69.47960227144654,1059.6645947377945,990.1849924663479,-0.018715651838463316,-0.011922978392131859,0.07050287849513719,0.07150393898128495,-1.7383246182038603,0.017144012181142695,-0.09851945415161836,0.1,1.3985050791173539,True,CONVERGENCE: RELATIVE REDUCTION OF F <= FACTR*EPSMCH,19,False,True
20.4,67.57442312080684,1059.6645947377945,992.0901716169876,-0.018529574999908736,-0.011821044946154796,0.07068486890873754,0.07166650400476099,-1.7364987642178396,0.018708930056859027,-0.09823429103998033,0.1,1.3825980388122954,True,CONVERGENCE: RELATIVE REDUCTION OF F <= FACTR*EPSMCH,15,False,True
20.41,65.64494260684455,1059.6645947377945,994.0196521309499,-0.01830598370194899,-0.011426093273895079,0.07095216503767553,0.07186630177654403,-1.7304648687030812,0.02002170427533673,-0.09662855599151818,0.09868103401918223,1.3664847185954492,True,CONVERGENCE: RELATIVE REDUCTION OF F <= FACTR*EPSMCH,20,False,False
20.42,63.70665913063942,1059.6645947377945,995.957935607155,-0.018087649459061158,-0.011015571818642258,0.07121818097065212,0.07206505479953666,-1.724253860490241,0.02129661627190447,-0.0949262660548688,0.09728587693880589,1.350101567750108,True,CONVERGENCE: RELATIVE REDUCTION OF F <= FACTR*EPSMCH,19,False,False
20.43,61.762564943306074,1059.6645947377945,997.9020297944884,-0.017875490219822123,-0.010602131957143135,0.07147690358927289,0.07225892988930079,-1.7180521152091826,0.022537819059014724,-0.09317201423847653,0.09585915462381128,1.3334605822306007,True,CONVERGENCE: RELATIVE REDUCTION OF F <= FACTR*EPSMCH,35,False,False
20.44,59.81568970087562,1059.6645947377945,999.8489050369188,-0.017670225874471045,-0.010183291393040852,0.07173074161836158,0.07244997389037301,-1.7118194733782424,0.023745904687829892,-0.09136208945673313,0.0943975602404194,1.3165127351955437,True,CONVERGENCE: RELATIVE REDUCTION OF F <= FACTR*EPSMCH,16,False,False
20.45,57.869107264849504,1059.6645947377945,1001.795487472945,-0.01747139798640037,-0.009762284260512349,0.07197746797920405,0.07263647906307404,-1.7056034577052712,0.024919789614838195,-0.0895016028130123,0.09290604297108992,1.299245545777693,True,CONVERGENCE: RELATIVE REDUCTION OF F <= FACTR*EPSMCH,20,False,False
20.46,55.92593049378411,1059.6645947377945,1003.7386642440104,-0.0172797102893217,-0.00933878455015075,0.07221523273545022,0.07281656910284483,-1.6994013569357669,0.026059216694425184,-0.08758916506764668,0.09138350295307389,1.2816195810382123,True,CONVERGENCE: RELATIVE REDUCTION OF F <= FACTR*EPSMCH,21,False,False
20.47,53.98930585600499,1059.6645947377945,1005.6752888817895,-0.01709634162367239,-0.00891167032703311,0.07244779511715957,0.07299384142073667,-1.6931896514541915,0.02716222812792488,-0.08562613708904249,0.08983107474401568,1.2636181930848218,True,CONVERGENCE: RELATIVE REDUCTION OF F <= FACTR*EPSMCH,18,False,False
20.48,52.062407527173946,1059.6645947377945,1007.6021872106205,-0.01691990983428595,-0.008482504245057311,0.07267168583655043,0.07316506543832035,-1.686994169039242,0.028228454137134547,-0.0836129470147631,0.08824947893027976,1.2452029354330323,True,CONVERGENCE: RELATIVE REDUCTION OF F <= FACTR*EPSMCH,27,False,False
20.490000000000002,50.14843145495763,1059.6645947377945,1009.5161632828368,-0.01675158808200916,-0.008051755538738378,0.07288612765353776,0.07332951910099647,-1.680820549899054,0.02925823259085617,-0.08155143324618812,0.0866411013252262,1.2263297834596258,True,CONVERGENCE: RELATIVE REDUCTION OF F <= FACTR*EPSMCH,19,False,False
20.5,48.25058899823944,1059.6645947377945,1011.414005739555,-0.016591690855891014,-0.007621569407491763,0.07309089609348177,0.0734871921628617,-1.6746960560070758,0.030249402141970274,-0.07944305511558483,0.08500720755350387,1.2069780759551323,True,CONVERGENCE: RELATIVE REDUCTION OF F <= FACTR*EPSMCH,19,False,False
20.51,46.37210039366141,1059.6645947377945,1013.292494344133,-0.01644030772000105,-0.007190362820409636,0.07328564573423431,0.07363753925935347,-1.6685975083559594,0.031203428340971777,-0.07728617559801511,0.08334750673413925,1.1870710012584353,True,CONVERGENCE: RELATIVE REDUCTION OF F <= FACTR*EPSMCH,19,False,False
20.52,44.51618795109948,1059.6645947377945,1015.148406786695,-0.016298002336702925,-0.006760748064169299,0.07347097121296048,0.07378137519294986,-1.6625572221120108,0.03211835316118584,-0.07508461746438695,0.08166571122300949,1.1665884893630825,True,CONVERGENCE: RELATIVE REDUCTION OF F <= FACTR*EPSMCH,15,False,False
20.53,42.68606909144046,1059.6645947377945,1016.978525646354,-0.016163855272996765,-0.006331322251869272,0.07364475027289483,0.07391640470297549,-1.6565565839342555,0.032993598663665476,-0.07283814588060404,0.07996232267826632,1.1454741116379292,True,CONVERGENCE: RELATIVE REDUCTION OF F <= FACTR*EPSMCH,24,False,False
20.54,40.884949204062195,1059.6645947377945,1018.7796455337323,-0.016039438357343033,-0.005904599975911756,0.07380812756411555,0.07404393287364124,-1.6506256362970857,0.03382850572795477,-0.07054958372513122,0.07824072829144402,1.1236830294787994,True,CONVERGENCE: RELATIVE REDUCTION OF F <= FACTR*EPSMCH,19,False,False
20.55,39.11601429163386,1059.6645947377945,1020.5485804461606,-0.01592397386209973,-0.005478710759969817,0.0739599810598584,0.074162625829767,-1.6447379683970538,0.034622344232639664,-0.06821775765121636,0.0765007789445538,1.1011453778719649,True,CONVERGENCE: RELATIVE REDUCTION OF F <= FACTR*EPSMCH,19,False,False
20.56,37.38242358267905,1059.6645947377945,1022.2821711551154,-0.015818176492830176,-0.005059440539342176,0.0740986344711203,0.07427116243237235,-1.6389703208604949,0.035375970224837516,-0.06584500935233317,0.0747464014248006,1.0777859441934434,True,CONVERGENCE: RELATIVE REDUCTION OF F <= FACTR*EPSMCH,19,False,False
20.57,35.68730194066609,1059.6645947377945,1023.9772927971284,-0.01572193590816657,-0.0046404302030620855,0.07422569584207397,0.07437060921970164,-1.633232907710652,0.03608818239142712,-0.0634334780174894,0.0729805661920502,1.0535480006466313,True,CONVERGENCE: RELATIVE REDUCTION OF F <= FACTR*EPSMCH,13,False,False
20.58,34.03373220778599,1059.6645947377945,1025.6308625300085,-0.01563524755476201,-0.0042269400100503505,0.07433918273079687,0.07445925806057546,-1.6275953569240618,0.03675953787564529,-0.06098209518140264,0.071204491133247,1.0283261882439179,True,CONVERGENCE: RELATIVE REDUCTION OF F <= FACTR*EPSMCH,19,False,False
20.59,32.424747730946365,1059.6645947377945,1027.239847006848,-0.015558777063232646,-0.0038174300741354262,0.07444030762876676,0.07453812562867639,-1.6220332048056167,0.0373864864212695,-0.05849659138536886,0.06942334312487825,1.0021059166126391,True,CONVERGENCE: RELATIVE REDUCTION OF F <= FACTR*EPSMCH,21,False,False
20.6,30.863324442741714,1059.6645947377945,1028.8012702950527,-0.015492207249083512,-0.003416334498159066,0.07452683333340156,0.07460509518865267,-1.616604586756865,0.03797197144292929,-0.05597547590201076,0.06763966674754707,0.9747364918637298,True,CONVERGENCE: RELATIVE REDUCTION OF F <= FACTR*EPSMCH,18,False,False
20.61,29.35237329453389,1059.6645947377945,1030.3122214432606,-0.015435275863029823,-0.003021618631459702,0.07459930640238394,0.07466047612271666,-1.6112788453682578,0.03851558038584045,-0.05342013044292748,0.0658571201085921,0.9461191077388484,True,CONVERGENCE: RELATIVE REDUCTION OF F <= FACTR*EPSMCH,17,False,False
20.62,27.89473273216845,1059.6645947377945,1031.769862005626,-0.015388795560940718,-0.0026326721633948137,0.07465880520610343,0.07470520836944912,-1.606044436684189,0.039014745601037355,-0.050833672340712115,0.06407973640673426,0.9161901832068503,True,CONVERGENCE: RELATIVE REDUCTION OF F <= FACTR*EPSMCH,19,False,False
20.63,26.493161047751528,1059.6645947377945,1033.171433690043,-0.015352484810745255,-0.0022498059134469324,0.07470310859931642,0.07473697920741407,-1.6009038567980813,0.03947101974351269,-0.048214181864871745,0.062310261855425514,0.884780476944921,True,CONVERGENCE: RELATIVE REDUCTION OF F <= FACTR*EPSMCH,17,False,False
20.64,25.150328994155416,1059.6645947377945,1034.514265743639,-0.01532602659206173,-0.0018787653253881653,0.07473320233045128,0.07475681433630013,-1.5959306663235802,0.03988486155653314,-0.04556748628606824,0.060557394163015574,0.8518009040919154,True,CONVERGENCE: RELATIVE REDUCTION OF F <= FACTR*EPSMCH,19,False,False
20.65,23.868812491447898,1059.6645947377945,1035.7957822463466,-0.015309486757158696,-0.0015130997572708421,0.07474881426889293,0.07476412712980006,-1.5910360209634866,0.0402545528147842,-0.04289279852599878,0.058823644801305655,0.8171172840593195,True,CONVERGENCE: RELATIVE REDUCTION OF F <= FACTR*EPSMCH,18,False,False
20.66,22.651085503472586,1059.6645947377945,1037.0135092343219,-0.01530333320981197,-0.0011583053199510627,0.07474855149143482,0.0747575255160436,-1.586291110263389,0.04058139849573995,-0.04019204742681823,0.05711611489089266,0.7805779152456823,True,CONVERGENCE: RELATIVE REDUCTION OF F <= FACTR*EPSMCH,20,False,False
20.67,21.499513125992735,1059.6645947377945,1038.1650816118017,-0.015306829377897962,-0.0008161085641560548,0.07473181023607212,0.07473626625908457,-1.5817163904412341,0.0408652380544994,-0.03746663539904234,0.05544110793784409,0.7420381319936784,True,CONVERGENCE: RELATIVE REDUCTION OF F <= FACTR*EPSMCH,18,False,False
20.68,20.4163449553223,1059.6645947377945,1039.2482497824722,-0.015321058443489941,-0.0004817505421808418,0.07470275988431273,0.07470431324842076,-1.5772451362458293,0.04110409949696216,-0.034718947965826204,0.05380476134423339,0.7013851601688859,True,CONVERGENCE: RELATIVE REDUCTION OF F <= FACTR*EPSMCH,21,False,False
20.69,19.403708497139178,1059.6645947377945,1040.2608862406553,-0.0153443407434354,-0.00015819233533161114,0.07465776158827918,0.07465792918496529,-1.5729152236814292,0.04129890954184217,-0.03195222538623326,0.052216325382756605,0.6584861515308481,True,CONVERGENCE: RELATIVE REDUCTION OF F <= FACTR*EPSMCH,15,False,False
20.7,18.46360321845259,1059.6645947377945,1041.2009915193419,-0.015378240531280302,0.00015179397884699234,0.07459594593119867,0.07459610037248816,-1.5687614471852989,0.041451626351085444,-0.02916414510172229,0.050683179524022695,0.6131183141552125,True,CONVERGENCE: RELATIVE REDUCTION OF F <= FACTR*EPSMCH,15,False,False
20.71,17.597894537479306,1059.6645947377945,1042.0667002003152,-0.015422357196557953,0.0004502269413230215,0.07452023096661241,0.07452159101640243,-1.5647547263118042,0.041559958255177054,-0.026360876976894477,0.04921509895512783,0.56524864786716,True,CONVERGENCE: RELATIVE REDUCTION OF F <= FACTR*EPSMCH,23,False,False
20.72,16.808308487269414,1059.6645947377945,1042.856286250525,-0.015474435961578364,0.0007358237659022939,0.07442747932927925,0.07443111658389089,-1.5609101960227363,0.0416266741647884,-0.023539992552954376,0.04782166090188221,0.5146674420370246,True,CONVERGENCE: RELATIVE REDUCTION OF F <= FACTR*EPSMCH,24,False,False
20.73,16.096426394843093,1059.6645947377945,1043.5681683429514,-0.01553564926502107,0.0010085972198928103,0.07431966373109378,0.07432650728680065,-1.5572260917183205,0.04164804835494178,-0.020706420700552248,0.046511458695721715,0.4613860622738848,True,CONVERGENCE: RELATIVE REDUCTION OF F <= FACTR*EPSMCH,22,False,False
20.740000000000002,15.46368027629046,1059.6645947377945,1044.200914461504,-0.01560767911977023,0.0012682371121571522,0.07419936964202027,0.074210207388511,-1.5537057014122344,0.04162812185240891,-0.01785998850538303,0.04529767895125995,0.40528472275563837,True,CONVERGENCE: RELATIVE REDUCTION OF F <= FACTR*EPSMCH,17,False,False
20.75,14.911348333200067,1059.6645947377945,1044.7532464045944,-0.015686965413420923,0.0015118391627224163,0.07406129835304333,0.07407672759640803,-1.550385812100586,0.041564974151118234,-0.015005304430267919,0.04419056728791955,0.3464479907523628,True,CONVERGENCE: RELATIVE REDUCTION OF F <= FACTR*EPSMCH,22,False,False
20.76,14.440551093120803,1059.6645947377945,1045.2240436446737,-0.015776797501904343,0.0017431289978644823,0.07391068843098662,0.07393124077847994,-1.5472164365725596,0.04145996759289073,-0.012141990412568025,0.043201352339740984,0.28489407198876865,True,CONVERGENCE: RELATIVE REDUCTION OF F <= FACTR*EPSMCH,18,False,False
20.77,14.052247779221716,1059.6645947377945,1045.6123469585727,-0.015875290465480564,0.001957223880750554,0.07374403821864733,0.07377000676503086,-1.5442617816615136,0.041313300302081774,-0.009271016249784464,0.04234076669303188,0.22075046257263475,True,CONVERGENCE: RELATIVE REDUCTION OF F <= FACTR*EPSMCH,13,False,False
20.78,13.747233424720434,1059.6645947377945,1045.917361313074,-0.015980088820838463,0.002159657621158833,0.07356321947705716,0.07359491409649387,-1.541446911425236,0.04112381163754063,-0.006396672084544954,0.04161832886309971,0.15431010329382078,True,CONVERGENCE: RELATIVE REDUCTION OF F <= FACTR*EPSMCH,22,False,False
20.79,13.526135950978642,1059.6645947377945,1046.1384587868158,-0.016093932060149044,0.0023451148964380285,0.07336827052234399,0.07340574012512473,-1.5388435940600524,0.04089337235520235,-0.0035181491645142598,0.04104443051286009,0.08582093841506662,True,CONVERGENCE: RELATIVE REDUCTION OF F <= FACTR*EPSMCH,15,False,False
20.8,13.38941424481959,1059.6645947377945,1046.2751804929749,-0.016215374005433023,0.002515462361996447,0.07315952076064439,0.07320275287734593,-1.5364266128916106,0.04062342574533108,-0.0006383114611992753,0.04062844029504365,0.015711598057328198,True,CONVERGENCE: RELATIVE REDUCTION OF F <= FACTR*EPSMCH,20,False,False
20.81,13.337356355373004,1059.6645947377945,1046.3272383824215,-0.0163449186798398,0.002669530863103357,0.0729383791970687,0.07298721501005807,-1.5342128454643407,0.04031116018499968,0.002238514504568727,0.04037326569213677,-0.05547391314090328,True,CONVERGENCE: RELATIVE REDUCTION OF F <= FACTR*EPSMCH,20,False,False
20.82,13.370078276912182,1059.6645947377945,1046.2945164608823,-0.016481573785204515,0.0028088244232308463,0.07270360367965477,0.07275784138255373,-1.5321816217838065,0.03995941753498402,0.005115805390443274,0.04028556211011678,-0.12733236244604476,True,CONVERGENCE: RELATIVE REDUCTION OF F <= FACTR*EPSMCH,20,False,False
20.83,13.487523246904175,1059.6645947377945,1046.1770714908903,-0.016623287749957635,0.0029304597157131427,0.07245499537835624,0.07251423273691202,-1.5303731183213605,0.03956944624836704,0.007987447419346507,0.040367566098035115,-0.19918238439925803,True,CONVERGENCE: RELATIVE REDUCTION OF F <= FACTR*EPSMCH,15,False,False
20.84,13.689461325121329,1059.6645947377945,1045.9751334126731,-0.01677319425529702,0.0030368367162067343,0.07219605179294675,0.07225989393661432,-1.5287573585276595,0.03913907125053248,0.01085326419194607,0.040616009675673914,-0.27050323639551366,True,CONVERGENCE: RELATIVE REDUCTION OF F <= FACTR*EPSMCH,17,False,False
20.85,13.975489825567593,1059.6645947377945,1045.6891049122269,-0.016928330291639114,0.00312713801694616,0.07192384946361881,0.07199179893461706,-1.5273452353547887,0.03867194634705291,0.013709248553146957,0.041030024739954776,-0.3406790905435941,True,CONVERGENCE: RELATIVE REDUCTION OF F <= FACTR*EPSMCH,22,False,False
20.86,14.34503374662404,1059.6645947377945,1045.3195609911704,-0.01708918331649597,0.0032007454060528013,0.07164135067845814,0.07171281543900074,-1.5261486716286026,0.038167082904408796,0.016556075299739518,0.04160324322408842,-0.40928289560172926,True,CONVERGENCE: RELATIVE REDUCTION OF F <= FACTR*EPSMCH,17,False,False
20.87,14.797347130775279,1059.6645947377945,1044.8672476070192,-0.01725566830748769,0.0032590690473502204,0.0713477229305741,0.07142211911189254,-1.52514938782837,0.037623423201026455,0.0193931924329046,0.04232750744023565,-0.47593525330147163,True,CONVERGENCE: RELATIVE REDUCTION OF F <= FACTR*EPSMCH,15,False,False
20.88,15.33151445042472,1059.6645947377945,1044.3330802873697,-0.017428326653391456,0.003300925286195688,0.07104549239162891,0.07112213506999103,-1.5243675812388269,0.037043322465732054,0.022218064790940687,0.043195487523057866,-0.5402621043314337,True,CONVERGENCE: RELATIVE REDUCTION OF F <= FACTR*EPSMCH,25,False,False
20.89,15.946452818841408,1059.6645947377945,1043.718141918953,-0.01760342321753775,0.003328181970789378,0.07073289726995743,0.07081115414560787,-1.5237781896263414,0.036427370181463456,0.025026272247836434,0.04419578714040741,-0.6019602196750727,True,CONVERGENCE: RELATIVE REDUCTION OF F <= FACTR*EPSMCH,16,False,False
20.9,16.64091437141292,1059.6645947377945,1043.0236803663815,-0.017783772311235773,0.0033386710148199093,0.07041076925967976,0.0704898797834488,-1.5234147653759147,0.0357769201338654,0.027818113211653745,0.04531926121332262,-0.660897205530424,True,CONVERGENCE: RELATIVE REDUCTION OF F <= FACTR*EPSMCH,15,False,False
20.91,17.413489220136398,1059.6645947377945,1042.251105517658,-0.01796803860176608,0.003332281799994954,0.07008131143535777,0.07016048969679577,-1.523283319005341,0.03509162591492206,0.030591461810423902,0.04655383706045565,-0.7169917796029984,True,CONVERGENCE: RELATIVE REDUCTION OF F <= FACTR*EPSMCH,21,False,False
20.92,18.26260869259272,1059.6645947377945,1041.4019860452017,-0.018155897345325564,0.0033104945071235005,0.06974391146110272,0.06982243593413101,-1.5233654967247505,0.034372366550291765,0.03334603792183585,0.04788964217189486,-0.770243493629293,True,CONVERGENCE: RELATIVE REDUCTION OF F <= FACTR*EPSMCH,17,False,False
20.93,19.18654922124324,1059.6645947377945,1040.4780455165512,-0.018345882949865083,0.003275388795291606,0.0693998756639891,0.0694771251127842,-1.5236354337046292,0.033621043207891534,0.03607640612491574,0.0493141118269078,-0.820612478039045,True,CONVERGENCE: RELATIVE REDUCTION OF F <= FACTR*EPSMCH,19,False,False
20.94,20.18343618752965,1059.6645947377945,1039.4811585502648,-0.01853983285030552,0.003225033068769349,0.06905132260830091,0.06912659395811646,-1.5241253718942482,0.03283585419763681,0.03878545466074983,0.05081835115516385,-0.8682781266131434,True,CONVERGENCE: RELATIVE REDUCTION OF F <= FACTR*EPSMCH,22,False,False
20.95,21.25124862026314,1059.6645947377945,1038.4133461175313,-0.01873515917020037,0.0031590563306890186,0.06869497089057791,0.0687675698462423,-1.524841983851766,0.032019691935851996,0.041470835241641905,0.05239361456614989,-0.9132996891966231,True,CONVERGENCE: RELATIVE REDUCTION OF F <= FACTR*EPSMCH,20,False,False
20.96,22.38782385869149,1059.6645947377945,1037.276770879103,-0.018931633273549745,0.0030803244986227795,0.06833363986150488,0.06840303162681216,-1.5257491049894758,0.031171311010959952,0.044127950843619784,0.05402709205388457,-0.9557981438717451,True,CONVERGENCE: RELATIVE REDUCTION OF F <= FACTR*EPSMCH,22,False,False
20.97,23.590862719735014,1059.6645947377945,1036.0737320180594,-0.019130221468931976,0.0029874796039843095,0.06796947772697678,0.06803510077057441,-1.5268713459799088,0.030293596757415206,0.046758802094636974,0.05571433906837901,-0.9959203547997136,True,CONVERGENCE: RELATIVE REDUCTION OF F <= FACTR*EPSMCH,17,False,False
20.98,24.857934970305905,1059.6645947377945,1034.8066597674886,-0.0193292741631214,0.0028792235546255926,0.06760133596535263,0.06766262300988626,-1.5282308297715894,0.029385826764451197,0.049359178483390435,0.05744436713190885,-1.0338053548561013,True,CONVERGENCE: RELATIVE REDUCTION OF F <= FACTR*EPSMCH,18,False,False
20.990000000000002,26.186484993017757,1059.6645947377945,1033.4781097447767,-0.01952922672412572,0.002760384458963199,0.06723222283313324,0.06728886616257825,-1.5297619115161232,0.028451114722993984,0.051928989605571546,0.05921221065317966,-1.0695783625700566,True,CONVERGENCE: RELATIVE REDUCTION OF F <= FACTR*EPSMCH,19,False,False
21.0,27.573837858096113,1059.6645947377945,1032.0907568796983,-0.019729398335444556,0.0026279073878574125,0.06686016086397814,0.06691178526983263,-1.5315120150434531,0.027485249034005926,0.054468213337287144,0.061010041621175355,-1.1034668801501202,True,CONVERGENCE: RELATIVE REDUCTION OF F <= FACTR*EPSMCH,20,False,False
21.01,29.01720546878869,1059.6645947377945,1030.6473892690058,-0.019928822306131015,0.002484144437373421,0.0664881710765294,0.06653456144506835,-1.5334514959218812,0.026494716414914313,0.056971556718670054,0.06283094995983562,-1.135496187884058,True,CONVERGENCE: RELATIVE REDUCTION OF F <= FACTR*EPSMCH,21,False,False
21.02,30.513693099511556,1059.6645947377945,1029.150901638283,-0.02012735251336178,0.0023294120689607224,0.06611464495203857,0.06615566822065316,-1.5355779737468394,0.025477296798978644,0.05944047559541918,0.06467041666166123,-1.1658646416279068,True,CONVERGENCE: RELATIVE REDUCTION OF F <= FACTR*EPSMCH,16,False,False
21.03,32.06030606591298,1059.6645947377945,1027.6042886718815,-0.020325694560301564,0.002161654733177204,0.06574236285604657,0.0657778916132279,-1.5379274713578264,0.02443398683265896,0.061874630078801444,0.066524353134225,-1.1946984769474633,True,CONVERGENCE: RELATIVE REDUCTION OF F <= FACTR*EPSMCH,19,False,False
21.04,33.65395647940932,1059.6645947377945,1026.0106382583851,-0.020522115581086988,0.0019862575342603915,0.06537187240128584,0.06540204064279954,-1.540421693620057,0.023366331655292692,0.06426980715685723,0.06838562397905536,-1.2220872651929249,True,CONVERGENCE: RELATIVE REDUCTION OF F <= FACTR*EPSMCH,19,False,False
21.05,35.291470350408645,1059.6645947377945,1024.3731243873858,-0.02071697395572685,0.0017998184626458948,0.06500401230720433,0.06502892404564029,-1.5431155931316367,0.02227520448067661,0.06662600893315955,0.07025104839799483,-1.2481472734027348,True,CONVERGENCE: RELATIVE REDUCTION OF F <= FACTR*EPSMCH,17,False,False
21.06,36.969594702308314,1059.6645947377945,1022.6950000354861,-0.02090866734774093,0.0016054594672135153,0.06463739244955694,0.06465732752580257,-1.545963495825232,0.021160107345673057,0.06894160710790467,0.07211584661848669,-1.2729957802337772,True,CONVERGENCE: RELATIVE REDUCTION OF F <= FACTR*EPSMCH,19,False,False
21.07,38.685004811119825,1059.6645947377945,1020.9795899266746,-0.02109853845158774,0.0014001352368301163,0.06427521388325093,0.06429046195524703,-1.5490163318007317,0.020022133169922324,0.07121672558803284,0.07397775219723342,-1.296727393614025,True,CONVERGENCE: RELATIVE REDUCTION OF F <= FACTR*EPSMCH,25,False,False
21.08,40.434311516208254,1059.6645947377945,1019.2302832215862,-0.021284295909738345,0.0011900405697547278,0.06391738639571078,0.06392846377175238,-1.552180060422654,0.018864749248105772,0.07344889014582885,0.07583283080465836,-1.3193887083777132,True,CONVERGENCE: RELATIVE REDUCTION OF F <= FACTR*EPSMCH,19,False,False
21.09,42.214068782075856,1059.6645947377945,1017.4505259557186,-0.021468816518628565,0.0009703691079045639,0.06356569443296363,0.06357310063973975,-1.555531902340844,0.017685383638550652,0.07563630310869993,0.07767640016371669,-1.3411016105202236,True,CONVERGENCE: RELATIVE REDUCTION OF F <= FACTR*EPSMCH,23,False,False
21.1,44.020780943914815,1059.6645947377945,1015.6438137938796,-0.02164879947729228,0.0007462791248792897,0.06322029908135035,0.06322470362498839,-1.5589924524799947,0.01648674552164261,0.07777939258530407,0.07950752598863996,-1.361919963868931,True,CONVERGENCE: RELATIVE REDUCTION OF F <= FACTR*EPSMCH,24,False,False
21.11,45.85091042162344,1059.6645947377945,1013.813684316171,-0.021823130255322797,0.0005156824309600512,0.0628799147390941,0.06288202927677625,-1.5625954430565168,0.015269258798972602,0.07987689932830329,0.08132323967092003,-1.3819151478471583,True,CONVERGENCE: RELATIVE REDUCTION OF F <= FACTR*EPSMCH,21,False,False
21.12,47.7008851400974,1059.6645947377945,1011.9637095976971,-0.021995557171273807,0.0002791278392206399,0.06254788667495274,0.06254850949345923,-1.566333730196763,0.014033768327349911,0.08192604991462887,0.08311933775048976,-1.4011449013857655,True,CONVERGENCE: RELATIVE REDUCTION OF F <= FACTR*EPSMCH,20,False,False
21.13,49.567105923190866,1059.6645947377945,1010.0974888146036,-0.022162367844830378,3.976072846270429e-05,0.06222458204132131,0.062224594744623725,-1.5701573394084518,0.012780645383766026,0.08392740564672266,0.08489496048067349,-1.4196752028904416,True,CONVERGENCE: RELATIVE REDUCTION OF F <= FACTR*EPSMCH,25,False,False
21.14,51.445954147341695,1059.6645947377945,1008.2186405904528,-0.022324690378269466,-0.00020504584326477878,0.06190907387347987,0.0619094134334176,-1.5741083629905506,0.011512156913412633,0.08588066962393406,0.08664882671943311,-1.4375423919901547,True,CONVERGENCE: RELATIVE REDUCTION OF F <= FACTR*EPSMCH,19,False,False
21.15,53.33379897080329,1059.6645947377945,1006.3307957669912,-0.022481833297970506,-0.0004501486031828948,0.06160379190092105,0.06160543653231372,-1.5781033541339977,0.010227380645989843,0.08778306230613692,0.08837683713915702,-1.4548117825284097,True,CONVERGENCE: RELATIVE REDUCTION OF F <= FACTR*EPSMCH,25,False,False
21.16,55.227004820983325,1059.6645947377945,1004.4375899168111,-0.022633355740567095,-0.0007009023069551703,0.06130728690508202,0.06131129334556511,-1.58222843882734,0.00892787343577519,0.08963518948378589,0.090078710680601,-1.4715214256280265,True,CONVERGENCE: RELATIVE REDUCTION OF F <= FACTR*EPSMCH,21,False,False
21.17,57.1219384852036,1059.6645947377945,1002.5426562525909,-0.022779461015267722,-0.0009502880618376439,0.061022763625742785,0.06103016244385843,-1.5863677496367967,0.007615225355496456,0.09143525466514209,0.0917518253382154,-1.4877026587898152,True,CONVERGENCE: RELATIVE REDUCTION OF F <= FACTR*EPSMCH,20,False,False
21.18,59.014976371623675,1059.6645947377945,1000.6496183661708,-0.022919953416921112,-0.0012030354938230734,0.06074902288656303,0.0607609337985482,-1.5905971105348273,0.006289282808272522,0.09318206202768418,0.0933940670598171,-1.5034039727236022,True,CONVERGENCE: RELATIVE REDUCTION OF F <= FACTR*EPSMCH,17,False,False
21.19,60.90251149407163,1059.6645947377945,998.7620832437228,-0.02305366825401064,-0.0014531385945572655,0.06048757163050538,0.06050502403545106,-1.5948154615852328,0.004952089491733958,0.09487492964906939,0.09500408131364678,-1.5186476753355092,True,CONVERGENCE: RELATIVE REDUCTION OF F <= FACTR*EPSMCH,23,False,False
21.2,62.780960301860205,1059.6645947377945,996.8836344359343,-0.023182103781000676,-0.0017038284277010789,0.06023811872519743,0.06026221020558426,-1.5990736752194243,0.003603796116314891,0.09651493429302634,0.09658219239608903,-1.5334744064740287,True,CONVERGENCE: RELATIVE REDUCTION OF F <= FACTR*EPSMCH,16,False,False
21.21,64.646769444641,1059.6645947377945,995.0178252931535,-0.02330295886498003,-0.00195435179163329,0.06000177148771917,0.0600335912018424,-1.6033563838442075,0.002245432459248353,0.09809986121503339,0.09812555598485981,-1.5479110707513133,True,CONVERGENCE: RELATIVE REDUCTION OF F <= FACTR*EPSMCH,18,False,False
21.22,66.49642230970824,1059.6645947377945,993.1681724280862,-0.02341831093216659,-0.0022019340920484596,0.059779924457832374,0.05982046373884,-1.607613688168045,0.0008772733332883707,0.0996287424507989,0.09963260475782473,-1.5619911302272242,True,CONVERGENCE: RELATIVE REDUCTION OF F <= FACTR*EPSMCH,26,False,False
21.23,68.31841316090629,1059.6645947377945,991.3461815768882,-0.023430345651143797,-0.0023096165994040373,0.059767647036893176,0.05981225594443741,-1.6094203665822913,-0.0004237558736645028,0.09999910215076702,0.1,-1.5750338982138834,True,CONVERGENCE: RELATIVE REDUCTION OF F <= FACTR*EPSMCH,20,False,True
21.240000000000002,70.09104763141715,1059.6645947377945,989.5735471063773,-0.023406715146424704,-0.0023725716386881575,0.05982625321567707,0.059873280100617654,-1.6104332566744866,-0.0016839387392209434,0.09998582074635659,0.1,-1.5876365101320666,True,CONVERGENCE: RELATIVE REDUCTION OF F <= FACTR*EPSMCH,22,False,True
21.25,71.81239765648502,1059.6645947377945,987.8521970813094,-0.023380269859261716,-0.0024349048341941325,0.05989126700638377,0.05994074261453168,-1.6114293733628267,-0.0029246406980520906,0.09995722323467823,0.1,-1.6000469047113959,True,CONVERGENCE: RELATIVE REDUCTION OF F <= FACTR*EPSMCH,19,False,True
21.26,73.4814743301448,1059.6645947377945,986.1831204076497,-0.023351886145533043,-0.002494541487797858,0.0599626464413702,0.06001451245729745,-1.6123739427550465,-0.004147050438562309,0.09991397285995599,0.1,-1.6122787272371168,True,CONVERGENCE: RELATIVE REDUCTION OF F <= FACTR*EPSMCH,15,False,True
21.27,75.09733312470269,1059.6645947377945,984.5672616130918,-0.023319753882036758,-0.002552264430409866,0.06003940997223454,0.06009363363565887,-1.6132805669026336,-0.005352748689087606,0.09985663764353109,0.1,-1.6243494077854843,True,CONVERGENCE: RELATIVE REDUCTION OF F <= FACTR*EPSMCH,15,False,True
21.28,76.6590720100761,1059.6645947377945,983.0055227277184,-0.023285317617410487,-0.002608526990507896,0.060122652227749734,0.06017921338767356,-1.614155892065957,-0.006541466726275317,0.09978581669289997,0.1,-1.6362577365384956,True,CONVERGENCE: RELATIVE REDUCTION OF F <= FACTR*EPSMCH,20,False,True
21.29,78.16582979044199,1059.6645947377945,981.4987649473525,-0.023248478304373897,-0.002663891739999425,0.06021089023753594,0.06026979029662404,-1.6150101833506953,-0.0077154698762391645,0.09970191334467382,0.1,-1.6480277797029577,True,CONVERGENCE: RELATIVE REDUCTION OF F <= FACTR*EPSMCH,10,False,True
21.3,79.61678457278197,1059.6645947377945,980.0478101650125,-0.023209117963008456,-0.0027156058790541553,0.06030611765253403,0.060367229037049816,-1.6157962821369667,-0.008874664089603388,0.0996054232323557,0.1,-1.6596598767725312,True,CONVERGENCE: RELATIVE REDUCTION OF F <= FACTR*EPSMCH,19,False,True
21.31,81.0111524221578,1059.6645947377945,978.6534423156367,-0.02316751701978289,-0.0027643415081001262,0.06040778890319102,0.060471005813909635,-1.616525766262401,-0.010019292320357599,0.09949680287023913,0.1,-1.6711576449619787,True,CONVERGENCE: RELATIVE REDUCTION OF F <= FACTR*EPSMCH,17,False,True
21.32,82.3481861479006,1059.6645947377945,977.3164085898939,-0.02312363505194951,-0.0028109397774750563,0.06051408961397564,0.06057933991255489,-1.6172139576594655,-0.01115121173245716,0.09937630742233236,0.1,-1.68254085496763,True,CONVERGENCE: RELATIVE REDUCTION OF F <= FACTR*EPSMCH,16,False,True
21.33,83.62717418330953,1059.6645947377945,976.0374205544849,-0.023077403085319248,-0.0028553015985841226,0.06062742078270679,0.06069462000854989,-1.6178574309355842,-0.01226928581281192,0.09924446899270273,0.1,-1.693799115971316,True,CONVERGENCE: RELATIVE REDUCTION OF F <= FACTR*EPSMCH,13,False,True
21.34,84.84743956848536,1059.6645947377945,974.8171551693091,-0.02302899489976579,-0.0028957112661355893,0.060747536894318395,0.06081651406043756,-1.618428233441175,-0.01337477248083669,0.09910154116402961,0.1,-1.704946052784891,True,CONVERGENCE: RELATIVE REDUCTION OF F <= FACTR*EPSMCH,22,False,True
21.35,86.0083390506054,1059.6645947377945,973.6562556871891,-0.0229782888359484,-0.0029335762590693114,0.06087315439852645,0.060943800308929,-1.6189506969133094,-0.014467348113753768,0.09894794509516337,0.1,-1.7159793007879904,True,CONVERGENCE: RELATIVE REDUCTION OF F <= FACTR*EPSMCH,22,False,True
21.36,87.10926227494542,1059.6645947377945,972.555332462849,-0.022925337458587276,-0.0029675081111754714,0.061002366203541734,0.06107450193674037,-1.619403796157269,-0.015549887602493935,0.09878360691708826,0.1,-1.726928779130049,True,CONVERGENCE: RELATIVE REDUCTION OF F <= FACTR*EPSMCH,18,False,True
21.37,88.14963096544375,1059.6645947377945,971.5149637723507,-0.02287176394301452,-0.003000521333784655,0.061140299296654425,0.06121388181090118,-1.6198329846289403,-0.016622387693431967,0.09860880400536882,0.1,-1.7377953522904739,True,CONVERGENCE: RELATIVE REDUCTION OF F <= FACTR*EPSMCH,19,False,True
21.38,89.12889821420674,1059.6645947377945,970.5356965235877,-0.022815795866933032,-0.0030267771058700506,0.0612848446309066,0.06135954335784272,-1.6201449007651434,-0.01768201142851887,0.0984243184982336,0.1,-1.7485510415512644,True,CONVERGENCE: RELATIVE REDUCTION OF F <= FACTR*EPSMCH,22,False,True
21.39,90.04654787854952,1059.6645947377945,969.6180468592449,-0.022757377853817613,-0.003051542943493837,0.061433968519848704,0.06150970982238291,-1.62042745165661,-0.018730618161452574,0.09823015801315736,0.1,-1.7592153987881418,True,CONVERGENCE: RELATIVE REDUCTION OF F <= FACTR*EPSMCH,15,False,True
21.4,90.90209398748937,1059.6645947377945,968.7625007503051,-0.02269743769947926,-0.003072592793940551,0.06158849372883767,0.06166509049911832,-1.620644070467627,-0.019771355239481744,0.0980259838613937,0.1,-1.7698212051860804,True,CONVERGENCE: RELATIVE REDUCTION OF F <= FACTR*EPSMCH,20,False,True
21.41,91.69508015057897,1059.6645947377945,967.9695145872155,-0.022635756693736204,-0.0030886989291834532,0.06175046766494297,0.0618276662822907,-1.6207737120618766,-0.02080096257025186,0.09781267789070587,0.1,-1.7803359609081437,True,CONVERGENCE: RELATIVE REDUCTION OF F <= FACTR*EPSMCH,21,False,True
21.42,92.4250790367148,1059.6645947377945,967.2395157010797,-0.022573396306457362,-0.0031007017233816653,0.06191855149230262,0.06199613996114849,-1.6208316336318607,-0.021821116128161525,0.09759015775641154,0.1,-1.7907774090692505,True,CONVERGENCE: RELATIVE REDUCTION OF F <= FACTR*EPSMCH,13,False,True
21.43,93.09169200711028,1059.6645947377945,966.5729027306842,-0.022506823009730115,-0.003111428661971549,0.06209133050068814,0.0621692392720405,-1.6208649631343828,-0.022832152694620703,0.09735857847837305,0.1,-1.801149648682026,True,CONVERGENCE: RELATIVE REDUCTION OF F <= FACTR*EPSMCH,20,False,True
21.44,93.69454847482007,1059.6645947377945,965.9700462629744,-0.02244204781239719,-0.0031161412526583055,0.0622725010874457,0.062350418827722756,-1.6207950279224994,-0.02383455131615554,0.09711804242033273,0.1,-1.8114582373448933,True,CONVERGENCE: RELATIVE REDUCTION OF F <= FACTR*EPSMCH,23,False,True
21.45,94.23330569646919,1059.6645947377945,965.4312890413253,-0.022373031289656082,-0.0031167332109785957,0.062456102109855256,0.06253382058266617,-1.6206577458920235,-0.02482786019278613,0.09686886681616269,0.1,-1.8216991365822182,True,CONVERGENCE: RELATIVE REDUCTION OF F <= FACTR*EPSMCH,16,False,True
21.46,94.7076482237843,1059.6645947377945,964.9569465140102,-0.022303291357417845,-0.0031145646900363286,0.06264814193408946,0.06272551475278812,-1.6204706252766499,-0.025812001071418674,0.09661128609375347,0.1,-1.831872091032621,True,CONVERGENCE: RELATIVE REDUCTION OF F <= FACTR*EPSMCH,23,False,True
21.47,95.11728765300609,1059.6645947377945,964.5473070847884,-0.02223244860601409,-0.003106853180612824,0.06284491160353806,0.062921661223639,-1.620192940723177,-0.02678726080261359,0.09634543403136842,0.1,-1.841980590244973,True,CONVERGENCE: RELATIVE REDUCTION OF F <= FACTR*EPSMCH,20,False,True
21.48,95.46196219004446,1059.6645947377945,964.20263254775,-0.02216011677918115,-0.0030935384757813174,0.06304866674564281,0.06312451472054471,-1.6198228913662196,-0.027755098496143306,0.09607109090392064,0.1,-1.8520403242712975,True,CONVERGENCE: RELATIVE REDUCTION OF F <= FACTR*EPSMCH,20,False,True
21.490000000000002,95.74143648317795,1059.6645947377945,963.9231582546165,-0.022086413630928274,-0.003078739887788188,0.06325620627011411,0.06333108455556308,-1.6194289034580924,-0.028714836198152956,0.09578861196464455,0.1,-1.8620448190416068,True,CONVERGENCE: RELATIVE REDUCTION OF F <= FACTR*EPSMCH,22,False,True
21.5,95.95550110626061,1059.6645947377945,963.7090936315338,-0.022011536779969074,-0.0030598586079892396,0.06347069046635413,0.06354440402566243,-1.6189680325878941,-0.0296656792709281,0.09549841607793519,0.1,-1.871986269346043,True,CONVERGENCE: RELATIVE REDUCTION OF F <= FACTR*EPSMCH,20,False,True
21.51,96.1039724634121,1059.6645947377945,963.5606222743824,-0.021935069814405194,-0.0030346612931257864,0.06369100041705156,0.0637632551183584,-1.618406946283677,-0.03061003235214932,0.09519992604724214,0.1,-1.8818903445606423,True,CONVERGENCE: RELATIVE REDUCTION OF F <= FACTR*EPSMCH,21,False,True
21.52,96.18669243885518,1059.6645947377945,963.4779022989393,-0.021857356573099816,-0.003006355784849205,0.06391615685929945,0.06398682116473414,-1.6177976141862465,-0.0315438119249734,0.09489461485902088,0.1,-1.8917146357571903,True,CONVERGENCE: NORM OF PROJECTED GRADIENT <= PGTOL,16,False,True
21.53,96.20352820952951,1059.6645947377945,963.461066528265,-0.021778918674461446,-0.0029721143122908604,0.06414792574176528,0.0642167411229841,-1.617095412764375,-0.032472567108916404,0.09458082461766192,0.1,-1.9015179933666477,True,CONVERGENCE: RELATIVE REDUCTION OF F <= FACTR*EPSMCH,24,False,True
21.54,96.15437188919316,1059.6645947377945,963.5102228486013,-0.021699423140556926,-0.0029337325515919944,0.06438465182751334,0.06445145597761456,-1.6163305437552529,-0.033392781404501165,0.09425986500134192,0.1,-1.9112638486037126,True,CONVERGENCE: RELATIVE REDUCTION OF F <= FACTR*EPSMCH,20,False,True
21.55,96.03914046076898,1059.6645947377945,963.6254542770255,-0.02161849877401175,-0.002891534921878886,0.06462662443505712,0.06469127885638347,-1.615508669078194,-0.034305620789260916,0.09393148770387612,0.1,-1.9209649556160324,True,CONVERGENCE: RELATIVE REDUCTION OF F <= FACTR*EPSMCH,13,False,True
21.56,95.85777545410622,1059.6645947377945,963.8068192836882,-0.021536671801379956,-0.002846047666695169,0.0648741888294722,0.06493658724943217,-1.6146384771041706,-0.035210177489221985,0.09359617193655671,0.1,-1.9306120624625056,True,CONVERGENCE: RELATIVE REDUCTION OF F <= FACTR*EPSMCH,23,False,True
21.57,95.61024290897899,1059.6645947377945,964.0543518288155,-0.021453670417831687,-0.002792465158626073,0.06512756675725917,0.0651874053278959,-1.6136469342590096,-0.036108349249555714,0.09325334907911946,0.1,-1.9402258397702394,True,CONVERGENCE: RELATIVE REDUCTION OF F <= FACTR*EPSMCH,13,False,True
21.58,95.2965329366159,1059.6645947377945,964.3680618011786,-0.021369928155904373,-0.002735944316189335,0.06538636989074541,0.06544358455028779,-1.6126146642551054,-0.036997861469826136,0.09290402707450068,0.1,-1.949782328682693,True,CONVERGENCE: RELATIVE REDUCTION OF F <= FACTR*EPSMCH,26,False,True
21.59,94.91665981167853,1059.6645947377945,964.7479349261159,-0.021285438988338578,-0.002675209769919583,0.06565075879466456,0.06570524239075828,-1.6115229013704024,-0.03788047400468233,0.09254766171643986,0.1,-1.9593007739103085,True,CONVERGENCE: RELATIVE REDUCTION OF F <= FACTR*EPSMCH,13,False,True
21.6,94.47066170680762,1059.6645947377945,965.1939330309868,-0.021199755352920308,-0.0026092384658843457,0.06591883272127826,0.06597045272474425,-1.6103582688886806,-0.03875679949616066,0.09218411193266658,0.1,-1.9687882475682412,True,CONVERGENCE: RELATIVE REDUCTION OF F <= FACTR*EPSMCH,14,False,True
21.61,93.95860050830993,1059.6645947377945,965.7059942294845,-0.02111331730098802,-0.0025377269697526056,0.0661931295831404,0.06624175769243618,-1.6091157830233551,-0.03962442072957875,0.09181451563802606,0.1,-1.978218913595784,True,CONVERGENCE: RELATIVE REDUCTION OF F <= FACTR*EPSMCH,13,False,True
21.62,93.38056176704981,1059.6645947377945,966.2840329707446,-0.021026298812818783,-0.0024622636526767097,0.06647259858172787,0.06651818626889057,-1.6078211833399996,-0.04048583355848441,0.09143794223994052,0.1,-1.9876202225248414,True,CONVERGENCE: RELATIVE REDUCTION OF F <= FACTR*EPSMCH,13,False,True
21.63,92.73665454298077,1059.6645947377945,966.9279401948137,-0.020938259641214346,-0.0023827707927304093,0.0667565830993152,0.06679909418357756,-1.60647460083963,-0.04133740940335897,0.09105612875484599,0.1,-1.9969527960097804,True,CONVERGENCE: RELATIVE REDUCTION OF F <= FACTR*EPSMCH,13,False,True
21.64,92.02701127758439,1059.6645947377945,967.6375834602101,-0.020849505338115304,-0.0022983554537096716,0.06704488711279209,0.06708427033037351,-1.605063753627443,-0.04218403396187858,0.09066701317846021,0.1,-2.006270469303816,True,CONVERGENCE: RELATIVE REDUCTION OF F <= FACTR*EPSMCH,18,False,True
21.65,91.25178767414059,1059.6645947377945,968.4128070636539,-0.02076063843043266,-0.002209542264568761,0.06733953086582797,0.06737577082489457,-1.6035965230322824,-0.043023245260981224,0.09027181380261204,0.1,-2.015546590913546,True,CONVERGENCE: RELATIVE REDUCTION OF F <= FACTR*EPSMCH,14,False,True
21.66,90.41116271251258,1059.6645947377945,969.2534320252819,-0.020669894988662306,-0.002113611469665235,0.06763755267398938,0.0676705688255344,-1.6020352437097336,-0.043854286489030496,0.08987102734773893,0.1,-2.0247729951095623,True,CONVERGENCE: RELATIVE REDUCTION OF F <= FACTR*EPSMCH,20,False,True
21.67,89.50533840577907,1059.6645947377945,970.1592563320154,-0.02058102388759874,-0.002013556472942196,0.06794245760238347,0.06797228813804493,-1.6004238579320056,-0.04467776629784878,0.08946450245004892,0.1,-2.0339566077727578,True,CONVERGENCE: RELATIVE REDUCTION OF F <= FACTR*EPSMCH,20,False,True
21.68,88.53453985617114,1059.6645947377945,971.1300548816233,-0.02048918977963563,-0.0019091815845604717,0.06825061967709505,0.06827731732156953,-1.5987621365206102,-0.04549254226382028,0.08905295390033127,0.1,-2.043084794170913,True,CONVERGENCE: RELATIVE REDUCTION OF F <= FACTR*EPSMCH,21,False,True
21.69,87.499015170039,1059.6645947377945,972.1655795677555,-0.0203974144032055,-0.0018001575001819342,0.06856290380843309,0.06858653180960465,-1.5970458571143376,-0.0463022000476587,0.08863467871407103,0.1,-2.0521980022020343,True,CONVERGENCE: RELATIVE REDUCTION OF F <= FACTR*EPSMCH,16,False,True
21.7,86.39903530671984,1059.6645947377945,973.2655594310746,-0.020305257440021082,-0.0016851871661616913,0.06887979058358458,0.06890040207882289,-1.595257072685774,-0.04710303976879531,0.08821169788944826,0.1,-2.0612548374321618,True,CONVERGENCE: RELATIVE REDUCTION OF F <= FACTR*EPSMCH,16,False,True
21.71,85.23489416221423,1059.6645947377945,974.4297005755802,-0.020212561781395928,-0.001565546193229679,0.06920154043655234,0.06921924684417569,-1.5934154647964547,-0.04789705913712389,0.08778309476211726,0.1,-2.0702779905506863,True,CONVERGENCE: RELATIVE REDUCTION OF F <= FACTR*EPSMCH,19,False,True
21.72,84.00690844687858,1059.6645947377945,975.6576862909159,-0.020120877943723907,-0.0014408234659680356,0.06952811035338904,0.06954303776492028,-1.5915162523552313,-0.048682379738208964,0.08735001947924696,0.1,-2.0792462012850956,True,CONVERGENCE: RELATIVE REDUCTION OF F <= FACTR*EPSMCH,20,False,True
21.73,82.71541772158776,1059.6645947377945,976.9491770162067,-0.020026936148226603,-0.0013119084723181352,0.06985768950177261,0.06987000705857851,-1.5895738484552886,-0.04946167780542693,0.0869111179807977,0.1,-2.088190167606035,True,CONVERGENCE: RELATIVE REDUCTION OF F <= FACTR*EPSMCH,17,False,True
21.740000000000002,81.3607842802993,1059.6645947377945,978.3038104574952,-0.0199334022193579,-0.0011774474626455131,0.07019198190947587,0.07020185686224743,-1.5875694254988193,-0.05023170010157299,0.08646835435525319,0.1,-2.097072617448587,True,CONVERGENCE: RELATIVE REDUCTION OF F <= FACTR*EPSMCH,16,False,True
21.75,79.94339321545783,1059.6645947377945,979.7212015223366,-0.019839360865691612,-0.001037338269419425,0.07053141512334296,0.07053904301864701,-1.585502730770135,-0.05099334348251592,0.0860213864133458,0.1,-2.1059037331727337,True,CONVERGENCE: RELATIVE REDUCTION OF F <= FACTR*EPSMCH,16,False,True
21.76,78.46365243108767,1059.6645947377945,981.2009423067068,-0.01974608408094277,-0.0008933341525370574,0.07087355463026751,0.07087918447497546,-1.5834002783223156,-0.05174865962062443,0.08556913127681476,0.1,-2.114707381182202,True,CONVERGENCE: RELATIVE REDUCTION OF F <= FACTR*EPSMCH,16,False,True
21.77,76.92199252421904,1059.6645947377945,982.7426022135754,-0.01965119476475149,-0.0007418497184662563,0.07122024423831332,0.07122410778921551,-1.5812122260691885,-0.052494291403913707,0.08511374371980704,0.1,-2.1234443683011652,True,CONVERGENCE: RELATIVE REDUCTION OF F <= FACTR*EPSMCH,21,False,True
21.78,75.31886694017203,1059.6645947377945,984.3457277976224,-0.019557375996994992,-0.0005895907466011572,0.07156889821757986,0.07157132672604849,-1.5790342265543371,-0.05323416293393105,0.0846529615354577,0.1,-2.1321606456734608,True,CONVERGENCE: RELATIVE REDUCTION OF F <= FACTR*EPSMCH,16,False,True
21.79,73.65475192501526,1059.6645947377945,986.0098428127792,-0.019462383983349974,-0.0004259143497409889,0.07192495813607531,0.0719262191826423,-1.576717906487437,-0.05396323678541753,0.08419007706161673,0.1,-2.140796705842141,True,CONVERGENCE: RELATIVE REDUCTION OF F <= FACTR*EPSMCH,16,False,True
21.8,71.93014651311796,1059.6645947377945,987.7344482246765,-0.01936742104726442,-0.0002618417318585907,0.07228127993089976,0.07228175419524374,-1.5744188496217413,-0.054686500954050477,0.08372207960509961,0.1,-2.149411444762471,True,CONVERGENCE: RELATIVE REDUCTION OF F <= FACTR*EPSMCH,16,False,True
21.81,70.14557256177909,1059.6645947377945,989.5190221760154,-0.019273093891061296,-9.008008024987305e-05,0.07264376911337618,0.07264382496412454,-1.5720363510279238,-0.0554000683642934,0.08325162115677759,0.1,-2.157958456214653,True,CONVERGENCE: RELATIVE REDUCTION OF F <= FACTR*EPSMCH,17,False,True
21.82,68.30157489596365,1059.6645947377945,991.3630198418308,-0.019178236188564485,8.526725396711548e-05,0.07300805190047514,0.07300810169294276,-1.5696284115721424,-0.056105290839224276,0.08277799429707183,0.1,-2.1664535458632725,True,CONVERGENCE: RELATIVE REDUCTION OF F <= FACTR*EPSMCH,19,False,True
21.83,66.39872123638156,1059.6645947377945,993.2658735014129,-0.0190831694235829,0.0002665632811904174,0.07337626327021597,0.0733767474577807,-1.5671635156285975,-0.056802343046341054,0.08230123829229904,0.1,-2.1748985580367286,True,CONVERGENCE: RELATIVE REDUCTION OF F <= FACTR*EPSMCH,16,False,True
21.84,64.43760232489058,1059.6645947377945,995.2269924129039,-0.01898934743599009,0.00045331485363599063,0.07374842634501605,0.0737498195436625,-1.564649630966116,-0.05749036416993672,0.08182211209451916,0.1,-2.1832827043713174,True,CONVERGENCE: RELATIVE REDUCTION OF F <= FACTR*EPSMCH,17,False,True
21.85,62.41924006362922,1059.6645947377945,997.2453546741652,-0.01888643291549028,0.0006696640237000845,0.0741313088451847,0.07413433348324378,-1.5617630880823359,-0.05802143203695108,0.08113267254243116,0.09974465965401805,-2.191612993606022,True,CONVERGENCE: RELATIVE REDUCTION OF F <= FACTR*EPSMCH,18,False,False
21.86,60.36469772248347,1059.6645947377945,999.299897015311,-0.01874219518587942,0.0010095889604308144,0.07455215376149119,0.07455898939997811,-1.5572551049644578,-0.05775437059828382,0.07934811913182807,0.09814118061732643,-2.199977014464257,True,CONVERGENCE: RELATIVE REDUCTION OF F <= FACTR*EPSMCH,23,False,False
21.87,58.288091707745934,1059.6645947377945,1001.3765030300485,-0.018601559938317712,0.001354437751815417,0.07496454495418085,0.07497677975087316,-1.5527305811863785,-0.057429648095502835,0.07753540453372867,0.09648784087428967,-2.208311938482738,True,CONVERGENCE: RELATIVE REDUCTION OF F <= FACTR*EPSMCH,18,False,False
21.88,56.19301021063234,1059.6645947377945,1003.4715845271621,-0.018462705082569027,0.0017018107394341142,0.07536875161067329,0.07538796242865449,-1.5482203709713531,-0.057043192578525526,0.07570018329179608,0.0947863047595077,-2.216559832790219,True,CONVERGENCE: RELATIVE REDUCTION OF F <= FACTR*EPSMCH,25,False,False
21.89,54.08311095294471,1059.6645947377945,1005.5814837848498,-0.018328810969835584,0.002051020572917884,0.07576136090038867,0.07578911855187045,-1.5437308186690881,-0.056601632454433164,0.07383868950188312,0.09303707252414085,-2.224810559588254,True,CONVERGENCE: RELATIVE REDUCTION OF F <= FACTR*EPSMCH,15,False,False
21.9,51.962115656412834,1059.6645947377945,1007.7024790813816,-0.018197746276943583,0.0024027316232302347,0.07614415088583573,0.07618205059840664,-1.5392517552371958,-0.056096929229023554,0.07195594446918774,0.09123882623849842,-2.232974525632038,True,CONVERGENCE: RELATIVE REDUCTION OF F <= FACTR*EPSMCH,19,False,False
21.91,49.833804394092795,1059.6645947377945,1009.8307903437017,-0.018070729177887195,0.00275367134677262,0.07651541082111253,0.07656494497490128,-1.5348233977192691,-0.05553448605527605,0.07005265344187366,0.08939492936218979,-2.241103024637568,True,CONVERGENCE: RELATIVE REDUCTION OF F <= FACTR*EPSMCH,19,False,False
21.92,47.70200939762162,1059.6645947377945,1011.9625853401728,-0.017947409884410064,0.003106240593314521,0.07687457619686913,0.07693730691980187,-1.5304116913549977,-0.05491025601576413,0.06812998043513888,0.08750331679318886,-2.249162795227731,True,CONVERGENCE: RELATIVE REDUCTION OF F <= FACTR*EPSMCH,19,False,False
21.93,45.57060866130462,1059.6645947377945,1014.0939860764898,-0.017829680964512328,0.0034580273746316384,0.07722085772472714,0.07729824591196266,-1.5260452226376908,-0.05422815199099195,0.06618852963838938,0.08556642988958972,-2.2571942752119845,True,CONVERGENCE: RELATIVE REDUCTION OF F <= FACTR*EPSMCH,20,False,False
21.94,43.44351914746335,1059.6645947377945,1016.2210755903311,-0.017716174700329317,0.0038070894744065224,0.07755183289887135,0.0776452233961665,-1.5217448022788256,-0.05348403852461853,0.06423161945072067,0.0835837502997148,-2.2651457208844694,True,CONVERGENCE: RELATIVE REDUCTION OF F <= FACTR*EPSMCH,17,False,False
21.95,41.324689604739774,1059.6645947377945,1018.3399051330547,-0.017607244695963226,0.004157764572434609,0.07787053512400036,0.07798145450514478,-1.517453682312496,-0.0526779590033698,0.062259917855999374,0.0815552863779933,-2.2730204039162287,True,CONVERGENCE: RELATIVE REDUCTION OF F <= FACTR*EPSMCH,26,False,False
21.96,39.21809324982894,1059.6645947377945,1020.4465014879655,-0.017503503549191297,0.004504695382892404,0.07817207618497717,0.078301760999115,-1.5132346079543884,-0.05181505650100934,0.060273470959312216,0.079483906431968,-2.280875331274954,True,CONVERGENCE: RELATIVE REDUCTION OF F <= FACTR*EPSMCH,27,False,False
21.97,37.12771997163463,1059.6645947377945,1022.5368747661598,-0.017404598214659454,0.004848684970264197,0.07845826010219499,0.07860794059256704,-1.5090752741387974,-0.05088943799974576,0.05827651080113964,0.07736851175436499,-2.288629204218548,True,CONVERGENCE: RELATIVE REDUCTION OF F <= FACTR*EPSMCH,21,False,False
21.98,35.05756837936269,1059.6645947377945,1024.6070263584318,-0.017312178283634322,0.005190290719623921,0.07872807383394091,0.07889897798676904,-1.504964782600386,-0.04990417983264568,0.05626859873428375,0.07521025440914875,-2.2963221544344696,True,CONVERGENCE: RELATIVE REDUCTION OF F <= FACTR*EPSMCH,17,False,False
21.990000000000002,33.01163747434862,1059.6645947377945,1026.6529572634458,-0.01722484862500771,0.005525903985553282,0.07897956808151818,0.07917264546041593,-1.5009439134391487,-0.04886001420601065,0.054251445826097144,0.07301041269869331,-2.303954648777837,True,CONVERGENCE: RELATIVE REDUCTION OF F <= FACTR*EPSMCH,20,False,False
22.0,30.993918279186573,1059.6645947377945,1028.6706764586079,-0.01714392155671203,0.005859346776580805,0.07921376642181809,0.0794301752193622,-1.4969619954292972,-0.04775600214980272,0.05222742254252731,0.07076962206178335,-2.3115026525464057,True,CONVERGENCE: RELATIVE REDUCTION OF F <= FACTR*EPSMCH,20,False,False
22.009999999999998,29.00838495012522,1059.6645947377945,1030.6562097876692,-0.017068560616167124,0.006186422330450131,0.07942948358461678,0.07967003629828218,-1.4930675281381447,-0.04659081918298132,0.05019912945965629,0.068488371499464,-2.3189319424854467,True,CONVERGENCE: RELATIVE REDUCTION OF F <= FACTR*EPSMCH,21,False,False
22.02,27.058986046482687,1059.6645947377945,1032.6056086913118,-0.01699994761226831,0.00650818976843781,0.07962614626771417,0.07989167480726267,-1.4892432788037517,-0.04536986861378611,0.048164622444754425,0.06616838998553581,-2.32632398417678,True,CONVERGENCE: RELATIVE REDUCTION OF F <= FACTR*EPSMCH,20,False,False
22.03,25.149635382621,1059.6645947377945,1034.5149593551735,-0.016937921209453293,0.0068226845959551965,0.07980300179875915,0.08009412039087914,-1.4855096322084975,-0.04408869429304919,0.04613076028950285,0.06381112762954061,-2.3335639235992236,True,CONVERGENCE: RELATIVE REDUCTION OF F <= FACTR*EPSMCH,18,False,False
22.04,23.284202952795795,1059.6645947377945,1036.3803917849987,-0.01688239019129289,0.007128714358963413,0.07995868787832978,0.08027583905282992,-1.4818764566508114,-0.04275132403927742,0.044093617318608815,0.061415981595601146,-2.3407395150961783,True,CONVERGENCE: RELATIVE REDUCTION OF F <= FACTR*EPSMCH,18,False,False
22.05,21.466505636302145,1059.6645947377945,1038.1980891014923,-0.016832109234278945,0.0074286306725279165,0.08009391659348733,0.08043767791870504,-1.478311916396918,-0.04135754718881047,0.04205912149861343,0.05898657822513365,-2.3477842074597373,True,CONVERGENCE: RELATIVE REDUCTION OF F <= FACTR*EPSMCH,27,False,False
22.060000000000002,19.700297864276763,1059.6645947377945,1039.9642968735177,-0.016789810067083626,0.007717379038829333,0.08020739282251416,0.08057781209870406,-1.4748738101491987,-0.039908353313502655,0.04002442644383419,0.05652107019823008,-2.3547423569236603,True,CONVERGENCE: RELATIVE REDUCTION OF F <= FACTR*EPSMCH,17,False,False
22.07,17.989262616044925,1059.6645947377945,1041.6753321217495,-0.016754392156107058,0.008000031163980275,0.08030087894144303,0.08069839934839441,-1.471498283451567,-0.038400848811671474,0.03799804301503329,0.05402292534127683,-2.3614668449953875,True,CONVERGENCE: RELATIVE REDUCTION OF F <= FACTR*EPSMCH,19,False,False
22.08,16.337001642853465,1059.6645947377945,1043.327593094941,-0.01672596969734652,0.008270882378927357,0.0803705365709916,0.08079499145389613,-1.4682479339664387,-0.03684140841192256,0.03597450429474192,0.05149227449847679,-2.3680993490395936,True,CONVERGENCE: RELATIVE REDUCTION OF F <= FACTR*EPSMCH,22,False,False
22.09,14.747026795384954,1059.6645947377945,1044.9175679424095,-0.016704796334492088,0.008531073289590825,0.08041869558044551,0.0808699314351925,-1.4651083932519475,-0.035228622692383506,0.03395997130824895,0.048931947723950354,-2.3745285704225907,True,CONVERGENCE: RELATIVE REDUCTION OF F <= FACTR*EPSMCH,24,False,False
22.1,13.2227507248665,1059.6645947377945,1046.441844012928,-0.01669084413123646,0.008780067466956554,0.08044443963616711,0.08092216910773736,-1.462082158917595,-0.033561296838579974,0.031953971113203285,0.046340229988539205,-2.3807231750332045,True,CONVERGENCE: RELATIVE REDUCTION OF F <= FACTR*EPSMCH,24,False,False
22.11,11.76747796948348,1059.6645947377945,1047.897116768311,-0.016683752264159663,0.009020181209697716,0.08044648485540179,0.08095060589424993,-1.4591362309556448,-0.03184461749819679,0.029958681825328234,0.04372187416291431,-2.386700153203963,True,CONVERGENCE: RELATIVE REDUCTION OF F <= FACTR*EPSMCH,21,False,False
22.12,10.38439634203246,1059.6645947377945,1049.280198395762,-0.016683877112556193,0.009245053160077827,0.08042568249600393,0.08095530503234916,-1.456347163340136,-0.030076832531914538,0.02797701287497918,0.04107711168716203,-2.3923489368143755,True,CONVERGENCE: RELATIVE REDUCTION OF F <= FACTR*EPSMCH,25,False,False
22.13,9.076568325856897,1059.6645947377945,1050.5880264119376,-0.016691622559408727,0.009457712302117172,0.08038153902533557,0.08093602497078271,-1.4536745671676516,-0.02826147425582834,0.02600745667515923,0.03840701407065033,-2.3977048489425226,True,CONVERGENCE: RELATIVE REDUCTION OF F <= FACTR*EPSMCH,23,False,False
22.14,7.84692306251236,1059.6645947377945,1051.817671675282,-0.016706017835713096,0.009654925446574524,0.08031334345893235,0.08089159859300188,-1.4511547602968005,-0.02639709422363686,0.02405500481324425,0.03571344060737871,-2.4025832276599903,True,CONVERGENCE: RELATIVE REDUCTION OF F <= FACTR*EPSMCH,24,False,False
22.15,6.698248320043376,1059.6645947377945,1052.966346417751,-0.016728842976362884,0.009839806931103723,0.08022268991672155,0.08082389360774359,-1.448749776946428,-0.024488772600324553,0.022118530410749706,0.03299892984630966,-2.4070063119965712,True,CONVERGENCE: RELATIVE REDUCTION OF F <= FACTR*EPSMCH,22,False,False
22.16,5.633183105755506,1059.6645947377945,1054.031411632039,-0.016758095958718324,0.010011607255032057,0.08010813858081844,0.08073132072939611,-1.4464648091066337,-0.022533348798534185,0.020202757659242034,0.03026389309250323,-2.410674999685609,True,CONVERGENCE: RELATIVE REDUCTION OF F <= FACTR*EPSMCH,21,False,False
22.17,4.654210355761734,1059.6645947377945,1055.0103843820327,-0.01679504739879821,0.010166470510069544,0.07996977372716245,0.0806134097567252,-1.444345722644794,-0.02053480398788262,0.01830440177766979,0.027508713151638355,-2.4135580534187735,True,CONVERGENCE: RELATIVE REDUCTION OF F <= FACTR*EPSMCH,23,False,False
22.18,3.7636504869637974,1059.6645947377945,1055.9009442508307,-0.016838605560291327,0.010307339975773957,0.07980764730308851,0.08047050282824358,-1.4423550400310836,-0.01849556168985762,0.01642989220661186,0.024739182689495102,-2.4152707691508972,True,CONVERGENCE: RELATIVE REDUCTION OF F <= FACTR*EPSMCH,24,False,False
22.19,2.9636548004630185,1059.6645947377945,1056.7009399373314,-0.016891168820992578,0.010430705517024057,0.07962385601211823,0.08030415969189525,-1.4405383101573268,-0.016417588930869767,0.014581380914982189,0.02195800299869786,-2.415359841568865,True,CONVERGENCE: RELATIVE REDUCTION OF F <= FACTR*EPSMCH,24,False,False
22.2,2.2562002735971873,1059.6645947377945,1057.4083944641973,-0.016947365866353686,0.01054102276378733,0.07941457661753144,0.08011109873324954,-1.4388336019606194,-0.014293892690474328,0.01275456302641757,0.01915709388820897,-2.4130432457728164,True,CONVERGENCE: RELATIVE REDUCTION OF F <= FACTR*EPSMCH,22,False,False
22.21,1.6430836930510395,1059.6645947377945,1058.0215110447434,-0.01701135630120292,0.010631168454348442,0.07918187745185852,0.07989237422624186,-1.437331824871051,-0.012139497441512232,0.010952163733385643,0.016349840628439465,-2.4075675370361314,True,CONVERGENCE: RELATIVE REDUCTION OF F <= FACTR*EPSMCH,23,False,False
22.22,1.1259169231848318,1059.6645947377945,1058.5386778146096,-0.017083882319627677,0.010702190567146021,0.07892691230821117,0.07964919566099563,-1.4360221017650723,-0.009950956344984883,0.009174593078805545,0.013534943307655985,-2.3967652075068764,True,CONVERGENCE: RELATIVE REDUCTION OF F <= FACTR*EPSMCH,21,False,False
22.23,0.7061233207782607,1059.6645947377945,1058.9584714170162,-0.01716262097469907,0.01076253388550325,0.07865177185579392,0.07938471736859974,-1.4348031541225739,-0.007727230256808369,0.007429668032915528,0.010719610744848044,-2.3758241002994938,True,CONVERGENCE: RELATIVE REDUCTION OF F <= FACTR*EPSMCH,29,False,False
22.240000000000002,0.3849333309831309,1059.6645947377945,1059.2796614068113,-0.01724590108352157,0.01080156361479365,0.07835337154749106,0.07909440314828613,-1.4338027694999995,-0.005461098680189459,0.005726052404726856,0.007912728665665546,-2.3325151638028903,True,CONVERGENCE: RELATIVE REDUCTION OF F <= FACTR*EPSMCH,26,False,False
22.25,0.16338365862816318,1059.6645947377945,1059.5012110791663,-0.01733718096280349,0.010820361564792137,0.07802951473791861,0.07877617275945746,-1.4330049458455858,-0.0031769234940048734,0.0040380674208480545,0.005137979309229903,-2.2374016359916444,True,CONVERGENCE: RELATIVE REDUCTION OF F <= FACTR*EPSMCH,33,False,False
22.259999999999998,0.04230973587755216,1059.6645947377945,1059.622285001917,-0.01743423220442988,0.010828835984194634,0.07768721263043966,0.0784382986497013,-1.4322985145387839,-0.0008622482022192743,0.0023839029400186005,0.0025350473742436646,-1.9178525280687564,True,CONVERGENCE: RELATIVE REDUCTION OF F <= FACTR*EPSMCH,29,False,False
22.27,0.022349202053419503,1059.6645947377945,1059.642245535741,-0.017536947000649134,0.010805584200596687,0.07732348485085061,0.07807484844299033,-1.4319503169616992,0.001482803982978164,0.0007633849416599996,0.0016677722329770178,-0.47543735072319293,True,CONVERGENCE: RELATIVE REDUCTION OF F <= FACTR*EPSMCH,31,False,False
22.28,0.10393913966549917,1059.6645947377945,1059.560655598129,-0.01764658752245265,0.01077818783128673,0.07693741006627854,0.07768870188536552,-1.4316117843591059,0.00384406208852929,-0.0008118334052905705,0.003928853117439471,0.2081331360480465,True,CONVERGENCE: RELATIVE REDUCTION OF F <= FACTR*EPSMCH,36,False,False
22.29,0.28731299118635434,1059.6645947377945,1059.377281746608,-0.017760621941537498,0.010723862277942935,0.07653573805365128,0.07728337739497035,-1.4315868629907056,0.006236318586893795,-0.0023550164118805303,0.006666166200858156,0.36107378545494756,True,CONVERGENCE: RELATIVE REDUCTION OF F <= FACTR*EPSMCH,21,False,False
22.3,0.5725033569881361,1059.6645947377945,1059.0920913808063,-0.017880649725550205,0.01065534749864192,0.07611184056375966,0.07685407409057757,-1.4317043822965676,0.008648999634152164,-0.003863685703159046,0.009472764215600421,0.4201233721266287,True,CONVERGENCE: RELATIVE REDUCTION OF F <= FACTR*EPSMCH,27,False,False
22.310000000000002,0.9593412582594283,1059.6645947377945,1058.705253479535,-0.018004878153736685,0.010564863310753141,0.0756710762820624,0.07640502681408211,-1.432077408101029,0.011077153757608612,-0.005332851171339524,0.012294008174121242,0.4486798674131421,True,CONVERGENCE: RELATIVE REDUCTION OF F <= FACTR*EPSMCH,20,False,False
22.32,1.4474573211887218,1059.6645947377945,1058.2171374166057,-0.018135576635280464,0.010458906223209817,0.07521070031021697,0.07593443329965113,-1.4326210484873099,0.013525159112004154,-0.006761028404348707,0.015120893958011843,0.463555855681066,True,CONVERGENCE: RELATIVE REDUCTION OF F <= FACTR*EPSMCH,30,False,False
22.33,2.036283493361225,1059.6645947377945,1057.6283112444332,-0.018269210902413867,0.010333028414973057,0.07473356756928815,0.07544453325362943,-1.43340254589892,0.015988997126581923,-0.008151518052933347,0.01794701300164301,0.4714730858339423,True,CONVERGENCE: RELATIVE REDUCTION OF F <= FACTR*EPSMCH,22,False,False
22.34,2.7250551107483716,1059.6645947377945,1056.939539627046,-0.018407452420629414,0.010189155459181266,0.0742390739221414,0.07493503176611416,-1.4344006151795732,0.018465409922683647,-0.009498348888365973,0.020765114861658406,0.47509008538182174,True,CONVERGENCE: RELATIVE REDUCTION OF F <= FACTR*EPSMCH,23,False,False
22.35,3.512813812959621,1059.6645947377945,1056.1517809248348,-0.018550783199295547,0.010025841003731177,0.07372966577538156,0.07440820588605512,-1.4356441856462856,0.020953547295600703,-0.010804926357720956,0.02357535954900261,0.4760977389201031,True,CONVERGENCE: RELATIVE REDUCTION OF F <= FACTR*EPSMCH,23,False,False
22.36,4.398410605963136,1059.6645947377945,1055.2661841318313,-0.01869649788953108,0.009845515958594273,0.07320515434487238,0.07386425933526662,-1.4371064279101518,0.023452836217773523,-0.012065780071334254,0.026374581994555217,0.47515646505344444,True,CONVERGENCE: RELATIVE REDUCTION OF F <= FACTR*EPSMCH,19,False,False
22.37,5.380509763856935,1059.6645947377945,1054.2840849739375,-0.018846599323009937,0.009647168041304678,0.0726652942263731,0.07330288422853867,-1.4388064843136934,0.02595852793563701,-0.013284887825688848,0.029160476970145444,0.47302201987848186,True,CONVERGENCE: RELATIVE REDUCTION OF F <= FACTR*EPSMCH,27,False,False
22.38,6.457592848795912,1059.6645947377945,1053.2070018889985,-0.018999146288546175,0.009431850440821132,0.07211240008372849,0.07272659794445044,-1.4407408542807298,0.02847020027465576,-0.014459413603348771,0.0319315979154147,0.46993083303414157,True,CONVERGENCE: RELATIVE REDUCTION OF F <= FACTR*EPSMCH,17,False,False
22.39,7.627963573953139,1059.6645947377945,1052.0366311638413,-0.019154993843281867,0.009198200963379331,0.07154667734219723,0.07213552481039555,-1.4429354493231137,0.030987590560669975,-0.015587224860554735,0.03468706311594019,0.4660567503440382,True,CONVERGENCE: RELATIVE REDUCTION OF F <= FACTR*EPSMCH,20,False,False
22.4,8.889752725423023,1059.6645947377945,1050.7748420123714,-0.019312367231056827,0.008948372950493305,0.07096888631999203,0.07153080597869055,-1.445369548613175,0.033506320627315025,-0.016667455681929375,0.037422955533863385,0.4615992243789693,True,CONVERGENCE: RELATIVE REDUCTION OF F <= FACTR*EPSMCH,28,False,False
22.41,10.240923805931061,1059.6645947377945,1049.4236709318634,-0.019473181603796075,0.008682445287448383,0.07038110692935315,0.07091463226140693,-1.4480531800348975,0.03602695131860998,-0.01770315736749544,0.04014153711670495,0.4567330922757198,True,CONVERGENCE: RELATIVE REDUCTION OF F <= FACTR*EPSMCH,18,False,False
22.42,11.67927875928308,1059.6645947377945,1047.9853159785114,-0.01963549583496319,0.008399088826340322,0.0697835196649779,0.07028715608093068,-1.4510133116945552,0.03854416555531249,-0.018691605955619976,0.042837236506986606,0.45152715007270317,True,CONVERGENCE: RELATIVE REDUCTION OF F <= FACTR*EPSMCH,18,False,False
22.43,13.202464252806521,1059.6645947377945,1046.462130484988,-0.019799692001516007,0.008101019658361108,0.06917712827881474,0.06964984993816385,-1.4542218174589303,0.041059893397250205,-0.019630196985720817,0.045511091829264584,0.44596395166557834,True,CONVERGENCE: RELATIVE REDUCTION OF F <= FACTR*EPSMCH,29,False,False
22.44,14.807978237164434,1059.6645947377945,1044.85661650063,-0.019964823183864534,0.007787426229507966,0.06856285554453084,0.06900368952237432,-1.4577001684763287,0.043570289938655325,-0.02052279827307265,0.04816176298990438,0.4402020250445804,True,CONVERGENCE: RELATIVE REDUCTION OF F <= FACTR*EPSMCH,17,False,False
22.45,16.493176725426565,1059.6645947377945,1043.171418012368,-0.02013102266364139,0.007458805462000066,0.06794032100095654,0.06834852592874976,-1.4614495644171892,0.046074445082091846,-0.02136441781148387,0.050786738801052646,0.43418285922689825,True,CONVERGENCE: RELATIVE REDUCTION OF F <= FACTR*EPSMCH,20,False,False
22.46,18.255280897920102,1059.6645947377945,1041.4093138398744,-0.02029719241723915,0.007115058327217985,0.06731191801945259,0.06768691426307762,-1.4654845821327134,0.04857124123913481,-0.022156975406040624,0.05338630006522384,0.42797699740578826,True,CONVERGENCE: RELATIVE REDUCTION OF F <= FACTR*EPSMCH,17,False,False
22.47,20.091384443947618,1059.6645947377945,1039.5732102938468,-0.020464533292139417,0.006759817346332675,0.06667952655519757,0.06702129804906107,-1.4697637972254622,0.05105677996895388,-0.0228998638410371,0.05595711344177976,0.4216204680712229,True,CONVERGENCE: RELATIVE REDUCTION OF F <= FACTR*EPSMCH,19,False,False
22.48,21.99846108546876,1059.6645947377945,1037.6661336523257,-0.020630163999677906,0.00639135267909108,0.06604112155714131,0.06634967313855916,-1.474318405184733,0.05353251116514679,-0.023592046521900573,0.058500550516538616,0.41509738978480054,True,CONVERGENCE: RELATIVE REDUCTION OF F <= FACTR*EPSMCH,24,False,False
22.490000000000002,23.97337231591382,1059.6645947377945,1035.6912224218806,-0.020797562532882792,0.006007887518531579,0.06539975681927514,0.06567513155263302,-1.4791893748814835,0.05599349844910065,-0.02423472281843993,0.06101306137751203,0.408469804814913,True,CONVERGENCE: RELATIVE REDUCTION OF F <= FACTR*EPSMCH,20,False,False
22.5,26.012875241987558,1059.6645947377945,1033.651719495807,-0.020963013633913116,0.005615628726236532,0.0647578082743685,0.0650008385983658,-1.484295320784144,0.05844005018523886,-0.024826449327951795,0.06349481909484107,0.401717410698314,True,CONVERGENCE: RELATIVE REDUCTION OF F <= FACTR*EPSMCH,21,False,False
22.509999999999998,28.113630627366774,1059.6645947377945,1031.5509641104277,-0.021127166368598738,0.00521077544954366,0.06411357250339915,0.06432497462054833,-1.4897004328919223,0.060870699925065934,-0.025364077425965005,0.0659437527976515,0.39480911812277253,True,CONVERGENCE: RELATIVE REDUCTION OF F <= FACTR*EPSMCH,20,False,False
22.52,30.27221097744291,1059.6645947377945,1029.3923837603515,-0.021291559909436722,0.004793914079382208,0.06346889511826369,0.06364968389343073,-1.495407765816676,0.06328325085662827,-0.025854033490101333,0.06836081397036041,0.387850681658612,True,CONVERGENCE: RELATIVE REDUCTION OF F <= FACTR*EPSMCH,18,False,False
22.53,32.48510868463859,1059.6645947377945,1027.1794860531559,-0.0214532519197708,0.00437016679525857,0.06282522508359994,0.06297703759802756,-1.5013474938895368,0.06567614213702197,-0.026290327014485394,0.07074275185862432,0.3807671668021679,True,CONVERGENCE: RELATIVE REDUCTION OF F <= FACTR*EPSMCH,23,False,False
22.54,34.74874426545898,1059.6645947377945,1024.9158504723355,-0.021613214624451867,0.003935391664360471,0.06218259558813039,0.06230700202729137,-1.5075929490952897,0.06804816423031053,-0.026674231969630705,0.07308944729771175,0.3735825985225158,True,CONVERGENCE: RELATIVE REDUCTION OF F <= FACTR*EPSMCH,23,False,False
22.55,37.05947472600701,1059.6645947377945,1022.6051200117874,-0.02177162564385586,0.003494730955338323,0.06154368255034485,0.06164282607333818,-1.5140726823234472,0.07039713793393607,-0.027008723165841245,0.07540045196375596,0.36634324632065374,True,CONVERGENCE: RELATIVE REDUCTION OF F <= FACTR*EPSMCH,16,False,False
22.560000000000002,39.4136015888638,1059.6645947377945,1020.2509931489307,-0.021926953467481157,0.003044120989820106,0.0609071946167196,0.060983219238407056,-1.5208582185471542,0.07272348643148367,-0.027289708918142898,0.07767518066658846,0.3589924897409299,True,CONVERGENCE: RELATIVE REDUCTION OF F <= FACTR*EPSMCH,29,False,False
22.57,41.80737928056931,1059.6645947377945,1017.8572154572252,-0.022079594189515286,0.0025875264041472896,0.06027573909251424,0.06033125239907596,-1.527894510176958,0.07502299137038142,-0.027519376246191163,0.07991098362014921,0.3515733997603338,True,CONVERGENCE: RELATIVE REDUCTION OF F <= FACTR*EPSMCH,18,False,False
22.58,44.237023276869536,1059.6645947377945,1015.4275714609249,-0.02222924432086142,0.002125104177981517,0.05964913889339385,0.05968698215264921,-1.5351846516702556,0.07729780835654097,-0.027695966625550815,0.08210979079286562,0.3440516645076881,True,CONVERGENCE: RELATIVE REDUCTION OF F <= FACTR*EPSMCH,28,False,False
22.59,46.69871816478076,1059.6645947377945,1012.9658765730137,-0.022375552973457096,0.0016570317175774083,0.0590294944671236,0.05905274736332962,-1.5427324462905991,0.0795424070189812,-0.02782159331991638,0.08426764248056359,0.3364704158955508,True,CONVERGENCE: RELATIVE REDUCTION OF F <= FACTR*EPSMCH,18,False,False
22.6,49.18862566808855,1059.6645947377945,1010.4759690697059,-0.022518338091630175,0.0011822216509539485,0.05841517651202988,0.05842713834309868,-1.5505608271602027,0.08175927496856886,-0.027893689137182518,0.08638655530270799,0.328785551239859,True,CONVERGENCE: RELATIVE REDUCTION OF F <= FACTR*EPSMCH,19,False,False
22.61,51.70289263383529,1059.6645947377945,1007.9617021039592,-0.022658679404090935,0.0007081538408354475,0.057812544037184006,0.0578168810116356,-1.5585478011789546,0.0839458453910747,-0.027914884147226433,0.08846550579392677,0.32103137236247875,True,CONVERGENCE: RELATIVE REDUCTION OF F <= FACTR*EPSMCH,18,False,False
22.62,54.23765858280342,1059.6645947377945,1005.426936154991,-0.02279331855554829,0.00022829703955638982,0.05721490641792776,0.05721536188778763,-1.566806180830225,0.08609951715475275,-0.02788504906107118,0.09050250170807385,0.3132094970889889,True,CONVERGENCE: RELATIVE REDUCTION OF F <= FACTR*EPSMCH,27,False,False
22.63,56.78906346996325,1059.6645947377945,1002.8755312678312,-0.022924256450929572,-0.0002515648421589005,0.05662881065886341,0.056629369425300974,-1.5752386448379636,0.08822030689794047,-0.027802556727342866,0.09249759299432565,0.30529652590044065,True,CONVERGENCE: RELATIVE REDUCTION OF F <= FACTR*EPSMCH,17,False,False
22.64,59.35325513968769,1059.6645947377945,1000.3113395981068,-0.023050794398754175,-0.000735205644828645,0.05605256731429329,0.05605738871784493,-1.5839119345731347,0.09030704406965794,-0.02766890081250745,0.09445067644422414,0.29730604286170076,True,CONVERGENCE: RELATIVE REDUCTION OF F <= FACTR*EPSMCH,16,False,False
22.65,61.92639641436631,1059.6645947377945,997.7381983234282,-0.02317293970679395,-0.0012190435922326747,0.055487122010580175,0.05550051149581213,-1.5927626402605206,0.09235820309419293,-0.027485057720223683,0.09636112326385686,0.2892461123597134,True,CONVERGENCE: RELATIVE REDUCTION OF F <= FACTR*EPSMCH,28,False,False
22.66,64.50467222172438,1059.6645947377945,995.1599225160701,-0.023290555514992248,-0.0017045288425131051,0.05493373192133485,0.054960170317967925,-1.6018151938117604,0.09437369768019373,-0.02725049742859883,0.09822924423988344,0.28110490866084176,True,CONVERGENCE: RELATIVE REDUCTION OF F <= FACTR*EPSMCH,27,False,False
22.67,67.08427854411866,1059.6645947377945,992.5803161936758,-0.023398666102846594,-0.002177705541213851,0.05440617007872898,0.05444973594113949,-1.6108017830557728,0.09630147522007024,-0.026944867237345967,0.1,0.272820483830487,True,CONVERGENCE: RELATIVE REDUCTION OF F <= FACTR*EPSMCH,25,False,True
22.68,69.63928096560323,1059.6645947377945,990.0253137721912,-0.023364884626864008,-0.002394960951239581,0.054299086441206616,0.05435187785447335,-1.6148745950609893,0.09656156066915916,-0.025997403738379256,0.1,0.2629953156978634,True,CONVERGENCE: RELATIVE REDUCTION OF F <= FACTR*EPSMCH,16,False,True
22.69,72.14808316263839,1059.6645947377945,987.5165115751561,-0.023329792974848374,-0.002608531028618611,0.05419944236129997,0.05426217823127951,-1.618887591717596,0.09681237057484449,-0.02504725341587354,0.1,0.2531683170941315,True,CONVERGENCE: RELATIVE REDUCTION OF F <= FACTR*EPSMCH,29,False,True
22.7,74.6098100641284,1059.6645947377945,985.0547846736661,-0.02329193913874325,-0.0028191570748245256,0.05410633732552668,0.054179732238136935,-1.6228532610902313,0.09705454794937443,-0.02409179782296415,0.1,0.24331157758913768,True,CONVERGENCE: RELATIVE REDUCTION OF F <= FACTR*EPSMCH,24,False,True
22.71,77.02360726202096,1059.6645947377945,982.6409874757735,-0.023253047787656127,-0.0030269107067290193,0.05401954716814641,0.05410428508610113,-1.626771411536675,0.09728747015436728,-0.023133269353100477,0.1,0.23344731141720004,True,CONVERGENCE: RELATIVE REDUCTION OF F <= FACTR*EPSMCH,15,False,True
22.72,79.3886411771125,1059.6645947377945,980.275953560682,-0.023212471767438386,-0.003230916155031423,0.05394095422318921,0.05403762912738712,-1.6306221245156955,0.0975116051124914,-0.02216950311544084,0.1,0.22355241460746045,True,CONVERGENCE: NORM OF PROJECTED GRADIENT <= PGTOL,14,False,True
22.73,81.70409916453855,1059.6645947377945,977.9604955732559,-0.02317011681934347,-0.003433328342118159,0.0538692478403631,0.05397854764988825,-1.6344447153455297,0.09772658328521631,-0.021201766893296455,0.1,0.21363910507697007,True,CONVERGENCE: RELATIVE REDUCTION OF F <= FACTR*EPSMCH,17,False,True
22.740000000000002,83.9691896706064,1059.6645947377945,975.6954050671881,-0.02312654505198643,-0.003630633494854703,0.05380289463127719,0.05392525354857663,-1.6381744432829841,0.09793239286750852,-0.020229840020226764,0.1,0.20370427971901436,True,CONVERGENCE: RELATIVE REDUCTION OF F <= FACTR*EPSMCH,17,False,True
22.75,86.18314226068128,1059.6645947377945,973.4814524771132,-0.023079917300096422,-0.0038254359928622393,0.05374555338644408,0.053881522522573506,-1.6418532842349036,0.09812886886785431,-0.01925422277619784,0.1,0.19375219450890338,True,CONVERGENCE: RELATIVE REDUCTION OF F <= FACTR*EPSMCH,13,False,True
22.759999999999998,88.34520785597545,1059.6645947377945,971.319386881819,-0.02303354364178114,-0.004018612368426958,0.05369323368180337,0.05384340803270553,-1.645500970965948,0.09831616538490731,-0.01827379610282315,0.1,0.18377058782797023,True,CONVERGENCE: RELATIVE REDUCTION OF F <= FACTR*EPSMCH,18,False,True
22.77,90.45465864998118,1059.6645947377945,969.2099360878133,-0.022984649591368228,-0.0042061053268246055,0.05364915513065386,0.05381378232621552,-1.649036500741196,0.09849422628798171,-0.017288359897105737,0.1,0.1737566047005828,True,CONVERGENCE: RELATIVE REDUCTION OF F <= FACTR*EPSMCH,23,False,True
22.78,92.51078825746674,1059.6645947377945,967.1538064803277,-0.02293487391778472,-0.0043911112444326855,0.053612013012732954,0.053791540201396267,-1.6525192671222764,0.09866268841662848,-0.0162995065693194,0.1,0.16372555874347144,True,CONVERGENCE: RELATIVE REDUCTION OF F <= FACTR*EPSMCH,20,False,True
22.79,94.51291184190063,1059.6645947377945,965.1516828958938,-0.022881985113505983,-0.004569553433885828,0.05358280403562674,0.05377729731871541,-1.6558707068424778,0.09882180587214397,-0.015305250215801548,0.1,0.15365643451502475,True,CONVERGENCE: RELATIVE REDUCTION OF F <= FACTR*EPSMCH,23,False,True
22.8,96.46036602701383,1059.6645947377945,963.2042287107806,-0.022828040566532273,-0.00474845509816159,0.05356047092503373,0.0537705483655378,-1.6592211034410627,0.09897112433133944,-0.014307919086664997,0.1,0.14357192162640978,True,CONVERGENCE: RELATIVE REDUCTION OF F <= FACTR*EPSMCH,16,False,True
22.810000000000002,98.3525090060541,1059.6645947377945,961.3120857317404,-0.022772805448278387,-0.0049225446750593765,0.053544167371311804,0.05376996657582192,-1.6624729092650943,0.09911081641817947,-0.013305865959114791,0.1,0.13345444624269148,True,CONVERGENCE: RELATIVE REDUCTION OF F <= FACTR*EPSMCH,15,False,True
22.82,100.1887205762988,1059.6645947377945,959.4758741614957,-0.022715867137463968,-0.005093116444294637,0.05353641092423609,0.05377812873058907,-1.6656445676445524,0.09924066609129713,-0.012300007876244162,0.1,0.12331235455695924,True,CONVERGENCE: RELATIVE REDUCTION OF F <= FACTR*EPSMCH,16,False,True
22.83,101.96840213678354,1059.6645947377945,957.6961926010109,-0.022657601812257018,-0.005259356129934473,0.0535354571295285,0.053793177977965415,-1.6687227103037785,0.09936072319224162,-0.011289228791850181,0.1,0.11313346949663412,True,CONVERGENCE: RELATIVE REDUCTION OF F <= FACTR*EPSMCH,19,False,True
22.84,103.6909766934499,1059.6645947377945,955.9736180443446,-0.022597426290867046,-0.005421697299482627,0.05354184644995451,0.05381564942354337,-1.671713270818178,0.09947073348293184,-0.0102748810390945,0.1,0.10293046671097572,True,CONVERGENCE: RELATIVE REDUCTION OF F <= FACTR*EPSMCH,18,False,True
22.85,105.35588888458233,1059.6645947377945,954.3087058532121,-0.02253522180954337,-0.005581774601295479,0.05355410458935737,0.053844204201264734,-1.6746481852678934,0.09957071064976995,-0.009256002414638335,0.1,0.09269270211205383,True,CONVERGENCE: RELATIVE REDUCTION OF F <= FACTR*EPSMCH,16,False,True
22.86,106.9626049383578,1059.6645947377945,952.7019897994367,-0.02247217891002097,-0.00573787486524964,0.05357540364472804,0.053881788051852945,-1.6774886898628087,0.09966048790552384,-0.008233295235380349,0.1,0.08242625585376627,True,CONVERGENCE: RELATIVE REDUCTION OF F <= FACTR*EPSMCH,18,False,True
22.87,108.51061266261479,1059.6645947377945,951.1539820751797,-0.02240765491881158,-0.0058901500934691615,0.05360292086250352,0.053925569010585414,-1.6802421004605304,0.09974002440537512,-0.007206076020635413,0.1,0.07212327201397604,True,CONVERGENCE: RELATIVE REDUCTION OF F <= FACTR*EPSMCH,21,False,True
22.88,109.99942146343551,1059.6645947377945,949.665173274359,-0.022341946805125586,-0.006038608336201451,0.053638627733551617,0.05397746914941987,-1.6829037663082318,0.09980914962536358,-0.0061752450203848355,0.1,0.06179176514609199,True,CONVERGENCE: RELATIVE REDUCTION OF F <= FACTR*EPSMCH,21,False,True
22.89,111.42856226635558,1059.6645947377945,948.2360324714389,-0.022274145872253476,-0.006184608497232765,0.05368085003419228,0.0540359421372246,-1.6855013019095189,0.09986777286058182,-0.005140811596162392,0.1,0.0514307864464121,True,CONVERGENCE: RELATIVE REDUCTION OF F <= FACTR*EPSMCH,26,False,True
22.9,112.79758754371187,1059.6645947377945,946.8670071940826,-0.02220475494333355,-0.006325198105674564,0.05373049767615995,0.054101520418596914,-1.6879778223710848,0.09991578280475502,-0.004103211731439529,0.1,0.04104363989553717,True,CONVERGENCE: RELATIVE REDUCTION OF F <= FACTR*EPSMCH,16,False,True
22.91,114.10607121864814,1059.6645947377945,945.5585235191463,-0.022134274694104613,-0.006461125684619334,0.053788068045239855,0.05417473958545441,-1.6903454344511668,0.0999531599933636,-0.003060360655390046,0.1,0.030608385693112368,True,CONVERGENCE: RELATIVE REDUCTION OF F <= FACTR*EPSMCH,27,False,True
22.92,115.35360865961331,1059.6645947377945,944.3109860781811,-0.02206177956411908,-0.006595978773770011,0.05385293959960842,0.054255377977700026,-1.6926706198764565,0.09997970677812512,-0.0020145055373773572,0.1,0.020146418177991576,True,CONVERGENCE: RELATIVE REDUCTION OF F <= FACTR*EPSMCH,16,False,True
22.93,116.53981670229064,1059.6645947377945,943.1247780355038,-0.02198863255672146,-0.006724452389233459,0.05392400986574957,0.05434167001423976,-1.6948582697468664,0.09999534919701022,-0.0009644371249536143,0.1,0.009644520765886436,True,CONVERGENCE: RELATIVE REDUCTION OF F <= FACTR*EPSMCH,17,False,True
22.94,117.66433347171017,1059.6645947377945,942.0002612660843,-0.02191396985286648,-0.006851419346982357,0.05400101044614019,0.05443391476159276,-1.6969977970437564,0.09999996054547065,8.883076220449157e-05,0.1,-0.000888307738870798,True,CONVERGENCE: RELATIVE REDUCTION OF F <= FACTR*EPSMCH,22,False,True
22.95,118.72681847237152,1059.6645947377945,940.9377762654229,-0.02183745408267041,-0.0069731943211643,0.05408759854329176,0.05453525240815353,-1.6990131545453098,0.09999343380476357,0.0011459476132735552,0.1,-0.011459726956515379,True,CONVERGENCE: RELATIVE REDUCTION OF F <= FACTR*EPSMCH,19,False,True
22.96,119.72695248938749,1059.6645947377945,939.937642248407,-0.02176005486192968,-0.0070926591402416484,0.05418091231964453,0.054643179569536966,-1.7009631255385933,0.09997564084335879,0.002207088117799639,0.1,-0.022072673446136244,True,CONVERGENCE: RELATIVE REDUCTION OF F <= FACTR*EPSMCH,17,False,True
22.97,120.66443756624119,1059.6645947377945,939.0001571715533,-0.02168060328590004,-0.007207654270329854,0.054279598200744524,0.05475605045029154,-1.7028115601219223,0.09994651843078961,0.0032700846416924495,0.1,-0.032706677306260284,True,CONVERGENCE: RELATIVE REDUCTION OF F <= FACTR*EPSMCH,18,False,True
22.98,121.53899698372481,1059.6645947377945,938.1255977540696,-0.021601083403433273,-0.00731900811506312,0.05438846376258324,0.05487871053734945,-1.7045618702042131,0.09990586389940066,0.004338013198969281,0.1,-0.04339374923889303,True,CONVERGENCE: RELATIVE REDUCTION OF F <= FACTR*EPSMCH,18,False,True
22.990000000000002,122.35037522291282,1059.6645947377945,937.3142195148816,-0.02151921752721023,-0.007425979839327522,0.05450256301058773,0.05500613194269512,-1.706212578617152,0.09985369650108222,0.0054073371514788025,0.1,-0.05409975736830749,True,CONVERGENCE: RELATIVE REDUCTION OF F <= FACTR*EPSMCH,18,False,True
23.0,123.09833790531707,1059.6645947377945,936.5662568324774,-0.021436136467574265,-0.0075310308142341196,0.05462423412598298,0.055140941041798945,-1.7078023838500382,0.09978975062919213,0.006481178084549927,0.1,-0.0648572412003202,True,CONVERGENCE: RELATIVE REDUCTION OF F <= FACTR*EPSMCH,16,False,True
23.009999999999998,123.7826718802628,1059.6645947377945,935.8819228575317,-0.02135205174658109,-0.0076301372880729496,0.054751588518782854,0.05528069681511762,-1.7092637261633812,0.09971407947013466,0.0075566100484058115,0.1,-0.07563820261768824,True,CONVERGENCE: RELATIVE REDUCTION OF F <= FACTR*EPSMCH,15,False,True
23.02,124.40318505118569,1059.6645947377945,935.2614096866088,-0.021266677772249123,-0.007727240774833456,0.05488712204892092,0.055428389989295106,-1.710661332024846,0.09962628459465878,0.00863732700921167,0.1,-0.08648102793120209,True,CONVERGENCE: RELATIVE REDUCTION OF F <= FACTR*EPSMCH,16,False,True
23.03,124.95970656104714,1059.6645947377945,934.7048881767473,-0.021179986339973186,-0.007820204208332376,0.05502930765773226,0.055582194047638755,-1.7119609142892411,0.09952672032322366,0.009717609876035344,0.1,-0.09732969448336472,True,CONVERGENCE: RELATIVE REDUCTION OF F <= FACTR*EPSMCH,22,False,True
23.04,125.45208661639833,1059.6645947377945,934.2125081213961,-0.021092277034246175,-0.007909096755988079,0.055178881025889505,0.05574282664850115,-1.713162215527106,0.099414840332362,0.01080229242758084,0.1,-0.10823412088843169,True,CONVERGENCE: RELATIVE REDUCTION OF F <= FACTR*EPSMCH,15,False,True
23.05,125.88019663973205,1059.6645947377945,933.7843980980624,-0.021003908654182155,-0.007995258645227066,0.05533464037574523,0.055909271022945135,-1.7142924435072848,0.09929055745548855,0.011890550877832647,0.1,-0.11918749791688535,True,CONVERGENCE: RELATIVE REDUCTION OF F <= FACTR*EPSMCH,18,False,True
23.060000000000002,126.2439292184838,1059.6645947377945,933.4206655193107,-0.02091338660494977,-0.008077933108582918,0.055497131131731596,0.05608194510855836,-1.7153371272814373,0.09915406918072935,0.012979621138659648,0.1,-0.13016344970524873,True,CONVERGENCE: RELATIVE REDUCTION OF F <= FACTR*EPSMCH,16,False,True
23.07,126.54319818369163,1059.6645947377945,933.1213965541028,-0.02082234483149469,-0.008154999081781656,0.05566754251955991,0.0562617036730214,-1.7162563427269573,0.09900481700782164,0.014072889157800979,0.1,-0.14119759455554962,True,CONVERGENCE: RELATIVE REDUCTION OF F <= FACTR*EPSMCH,18,False,True
23.08,126.77793860914142,1059.6645947377945,932.886656128653,-0.020730208801646888,-0.008229882388975152,0.05584360809705412,0.05644678493442945,-1.7171168383622026,0.09884303491550836,0.01516754590207643,0.1,-0.15226312358629202,True,CONVERGENCE: RELATIVE REDUCTION OF F <= FACTR*EPSMCH,23,False,True
23.09,126.9481069229596,1059.6645947377945,932.7164878148349,-0.02063674520378265,-0.008301885591215787,0.05602686655866453,0.05663860062494516,-1.7179027847788568,0.09866852180943166,0.0162641570313899,0.1,-0.16336728254873392,True,CONVERGENCE: RELATIVE REDUCTION OF F <= FACTR*EPSMCH,22,False,True
23.1,127.05368093307072,1059.6645947377945,932.6109138047237,-0.020542611362050794,-0.008370689301013918,0.05621561223401196,0.056835407082371676,-1.718613519813022,0.09848100703631851,0.017363503480363234,0.1,-0.17451957960198575,True,CONVERGENCE: RELATIVE REDUCTION OF F <= FACTR*EPSMCH,13,False,True
23.11,127.09466000319708,1059.6645947377945,932.5699347345974,-0.020447159015070368,-0.00843455086264492,0.056412476228173865,0.057039539991560466,-1.7192125975929733,0.09828051961383118,0.01846454614755929,0.1,-0.18571110869565075,True,CONVERGENCE: RELATIVE REDUCTION OF F <= FACTR*EPSMCH,12,False,True
23.12,127.07106502064767,1059.6645947377945,932.5935297171468,-0.02035078929854808,-0.008495030533006355,0.056615192635706024,0.0572489788636864,-1.719733807033927,0.09806678768504636,0.019567962416563486,0.1,-0.19695042405638247,True,CONVERGENCE: RELATIVE REDUCTION OF F <= FACTR*EPSMCH,17,False,True
23.13,126.98293863418007,1059.6645947377945,932.6816561036144,-0.020254069331427635,-0.008551195787335009,0.05682556423693649,0.057465360872786066,-1.7201571396048358,0.09783973092215936,0.020673341604091393,0.1,-0.20823506598822383,True,CONVERGENCE: RELATIVE REDUCTION OF F <= FACTR*EPSMCH,17,False,True
23.14,126.83034533134912,1059.6645947377945,932.8342494064453,-0.020156291800964093,-0.008605109024446242,0.05704159509519527,0.057687013030029655,-1.7205240554837056,0.09759910942710703,0.02178104311174258,0.1,-0.21957047551882727,True,CONVERGENCE: RELATIVE REDUCTION OF F <= FACTR*EPSMCH,21,False,True
23.15,126.61337160368862,1059.6645947377945,933.0512231341058,-0.020057116498800428,-0.008655595429538927,0.05726306084577443,0.0579135344256135,-1.7208156236749788,0.09734481427300828,0.02289076525923767,0.1,-0.23095539216457214,True,CONVERGENCE: RELATIVE REDUCTION OF F <= FACTR*EPSMCH,19,False,True
23.16,126.33212616662809,1059.6645947377945,933.3324685711664,-0.01995794259588759,-0.008702806411849883,0.057492132250016564,0.0581470902977572,-1.721029638584007,0.09707717127682368,0.024000475347172645,0.1,-0.2423707476266848,True,CONVERGENCE: RELATIVE REDUCTION OF F <= FACTR*EPSMCH,19,False,True
23.17,125.98674001693632,1059.6645947377945,933.6778547208581,-0.01985698490871041,-0.008746786485606398,0.05772724250359481,0.05838613534815976,-1.7211717273869338,0.09679531640329583,0.02511307871181569,0.1,-0.25384830345658643,True,CONVERGENCE: RELATIVE REDUCTION OF F <= FACTR*EPSMCH,22,False,True
23.18,125.57736682097368,1059.6645947377945,934.0872279168208,-0.019756888339908834,-0.008786336430408118,0.05796854022805515,0.05863063503016119,-1.7212221272359736,0.09649955174275526,0.026226637478855386,0.1,-0.2653700418131888,True,CONVERGENCE: RELATIVE REDUCTION OF F <= FACTR*EPSMCH,22,False,True
23.19,125.10418301127788,1059.6645947377945,934.5604117265166,-0.019654884636607528,-0.008823947185890305,0.05821468134515089,0.05887963287977296,-1.7212272144791882,0.09618948610685352,0.0273419597413835,0.1,-0.2769463081082633,True,CONVERGENCE: RELATIVE REDUCTION OF F <= FACTR*EPSMCH,23,False,True
23.2,124.5673880651666,1059.6645947377945,935.0972066726279,-0.01955289766997364,-0.00885776511308138,0.0584674608193565,0.059134625875721145,-1.7211520203294344,0.09586490853909216,0.02845908134131346,0.1,-0.28857956444040955,True,CONVERGENCE: RELATIVE REDUCTION OF F <= FACTR*EPSMCH,22,False,True
23.21,123.96720481994112,1059.6645947377945,935.6973899178533,-0.019449281585528517,-0.008888741580580097,0.05872523034952122,0.059394127710495605,-1.72101759179574,0.09552569243764086,0.029577729532694764,0.1,-0.30026911917757027,True,CONVERGENCE: RELATIVE REDUCTION OF F <= FACTR*EPSMCH,16,False,True
23.22,123.30387973088409,1059.6645947377945,936.3607150069104,-0.01934660921070738,-0.008916905144325093,0.058990920180033324,0.05966104140090042,-1.7208178645819407,0.09517156950272956,0.030698083953027373,0.1,-0.3120190679613617,True,CONVERGENCE: RELATIVE REDUCTION OF F <= FACTR*EPSMCH,18,False,True
23.23,122.5776832336735,1059.6645947377945,937.086911504121,-0.01924201129839651,-0.008939784417061293,0.059260552888181356,0.059931067686438494,-1.7205229113657048,0.09480252677230674,0.03181950530077526,0.1,-0.32382497565559737,True,CONVERGENCE: RELATIVE REDUCTION OF F <= FACTR*EPSMCH,15,False,True
23.240000000000002,121.78891002927867,1059.6645947377945,937.8756847085158,-0.01913815957498403,-0.008960346018166839,0.05953748947181342,0.06020797665900734,-1.7201744781252981,0.09441865681195453,0.032941117859391966,0.1,-0.33567987901796253,True,CONVERGENCE: RELATIVE REDUCTION OF F <= FACTR*EPSMCH,23,False,True
23.25,120.93787946471161,1059.6645947377945,938.7267152730828,-0.01903345456688153,-0.008978101562374175,0.05981962044327039,0.06048961313846567,-1.7197706099431218,0.09401920913380661,0.034064472898513165,0.1,-0.3476025541804939,True,CONVERGENCE: RELATIVE REDUCTION OF F <= FACTR*EPSMCH,13,False,True
23.259999999999998,120.02493599241541,1059.6645947377945,939.639658745379,-0.018928206160482804,-0.008993098179708028,0.06010645903064569,0.06077550684340326,-1.719314123787986,0.09360392965317281,0.03518954892413199,0.1,-0.3595953451354317,True,CONVERGENCE: RELATIVE REDUCTION OF F <= FACTR*EPSMCH,22,False,True
23.27,119.05044952469916,1059.6645947377945,940.6141452130953,-0.018822561886840086,-0.009005535139375076,0.06039829183751004,0.06106597514193605,-1.7188083894972954,0.09317247517304815,0.03631652337611254,0.1,-0.3716628306057293,True,CONVERGENCE: RELATIVE REDUCTION OF F <= FACTR*EPSMCH,23,False,True
23.28,118.01481598946486,1059.6645947377945,941.6497787483296,-0.018717542395250836,-0.009013545191782633,0.060697940337825065,0.06136353932245498,-1.7182173649073056,0.09272532068718378,0.037443489466914386,0.1,-0.38378725930110097,True,CONVERGENCE: RELATIVE REDUCTION OF F <= FACTR*EPSMCH,19,False,True
23.29,116.91845765051596,1059.6645947377945,942.7461370872785,-0.01861211351436315,-0.00901922070541797,0.061001465362865825,0.06166461804430446,-1.717585395965293,0.09226118069145084,0.03857297677674698,0.1,-0.3959986721960871,True,CONVERGENCE: RELATIVE REDUCTION OF F <= FACTR*EPSMCH,17,False,True
23.3,115.76182381510034,1059.6645947377945,943.9027709226941,-0.018506150146570383,-0.009022785523737031,0.061310158074454786,0.06197052639539212,-1.7169137268797592,0.0917809826069538,0.039702030574040474,0.1,-0.40826803062255834,True,CONVERGENCE: RELATIVE REDUCTION OF F <= FACTR*EPSMCH,15,False,True
23.310000000000002,114.54539129061402,1059.6645947377945,945.1192034471804,-0.01840045849539835,-0.009022314581505346,0.06162375217595087,0.06228072729705919,-1.716173134915635,0.09128305803891906,0.04083385011315163,0.1,-0.4206331583030702,True,CONVERGENCE: RELATIVE REDUCTION OF F <= FACTR*EPSMCH,12,False,True
23.32,113.26966499648529,1059.6645947377945,946.3949297413092,-0.01829487074579721,-0.0090188962232024,0.06194300573912088,0.06259613765306656,-1.7153802575734147,0.09076808052180084,0.04196612393809894,0.1,-0.4330720722747861,True,CONVERGENCE: RELATIVE REDUCTION OF F <= FACTR*EPSMCH,14,False,True
23.33,111.93517864184957,1059.6645947377945,947.7294160959449,-0.018189326865518243,-0.009014510355919355,0.06226650400395785,0.06291564922840641,-1.714570443606126,0.09023503314747022,0.04310033402277704,0.1,-0.44560440077231855,True,CONVERGENCE: RELATIVE REDUCTION OF F <= FACTR*EPSMCH,15,False,True
23.34,110.5424953668778,1059.6645947377945,949.1220993709167,-0.018084154041316764,-0.00900540350256562,0.06259565570747049,0.06324012496581742,-1.71368218594505,0.08968397329528939,0.04423556187017205,0.1,-0.45822355430188705,True,CONVERGENCE: RELATIVE REDUCTION OF F <= FACTR*EPSMCH,13,False,True
23.35,109.0922085097784,1059.6645947377945,950.5723862280161,-0.0179793928558551,-0.00899561705835608,0.06292888545779901,0.06356859091738132,-1.712783335007758,0.08911415191477233,0.04537254597783644,0.1,-0.47094145927043907,True,CONVERGENCE: RELATIVE REDUCTION OF F <= FACTR*EPSMCH,21,False,True
23.36,107.58494238639548,1059.6645947377945,952.079652351399,-0.017874610279618987,-0.008981859450260792,0.0632657769298717,0.0639001747237402,-1.7118241385661102,0.08852550773825907,0.046510584598383996,0.1,-0.4837541729834156,True,CONVERGENCE: RELATIVE REDUCTION OF F <= FACTR*EPSMCH,20,False,True
23.37,106.02135313366591,1059.6645947377945,953.6432416041285,-0.01777045701585849,-0.008965850641965162,0.06360893223599108,0.06423770495539931,-1.7108265302700132,0.087917490994637,0.047649918963288115,0.1,-0.49666846868554004,True,CONVERGENCE: RELATIVE REDUCTION OF F <= FACTR*EPSMCH,22,False,True
23.38,104.40212962924227,1059.6645947377945,955.2624651085522,-0.017666498355969174,-0.008948023155584723,0.06395586875848179,0.06457879115503036,-1.7098033463970503,0.08728900446619248,0.0487916970323951,0.1,-0.5097017971984071,True,CONVERGENCE: RELATIVE REDUCTION OF F <= FACTR*EPSMCH,15,False,True
23.39,102.72799445046542,1059.6645947377945,956.936600287329,-0.017563451682647786,-0.008927447224775432,0.06430667460401027,0.06492339880641809,-1.708740785714605,0.08664005288613436,0.04993497006996042,0.1,-0.5228480372751201,True,CONVERGENCE: RELATIVE REDUCTION OF F <= FACTR*EPSMCH,14,False,True
23.4,100.99970495320451,1059.6645947377945,958.66488978459,-0.017460845447404165,-0.008905110729675546,0.06466184828834262,0.06527216574599329,-1.7076535943365914,0.08597017835777737,0.05107962835741806,0.1,-0.5361107679994159,True,CONVERGENCE: RELATIVE REDUCTION OF F <= FACTR*EPSMCH,18,False,True
23.41,99.2180544169953,1059.6645947377945,960.4465403207992,-0.017359976708047363,-0.008879302756087597,0.06502210296414221,0.06562557345512324,-1.7065150689324113,0.08527781418991398,0.052227333906590595,0.1,-0.549514584870623,True,CONVERGENCE: RELATIVE REDUCTION OF F <= FACTR*EPSMCH,19,False,True
23.42,97.3838732643278,1059.6645947377945,962.2807214734667,-0.01725945873475671,-0.008852604166185284,0.06538496249656937,0.06598152712086122,-1.7053700683132258,0.08456433121560962,0.05337484319467996,0.1,-0.5630270358036616,True,CONVERGENCE: RELATIVE REDUCTION OF F <= FACTR*EPSMCH,17,False,True
23.43,95.49803040302265,1059.6645947377945,964.1665643347718,-0.017160008996854957,-0.008823857198812561,0.06575270268510587,0.06634213115555579,-1.7041969674935458,0.08382637939279154,0.05452649005663003,0.1,-0.5767050932531537,True,CONVERGENCE: RELATIVE REDUCTION OF F <= FACTR*EPSMCH,19,False,True
23.44,93.56143468142784,1059.6645947377945,966.1031600563666,-0.017061799289344797,-0.008793413438086732,0.06612363274460642,0.06670576382320129,-1.703005031927507,0.08306516035657026,0.05567925228428692,0.1,-0.5905193812283397,True,CONVERGENCE: RELATIVE REDUCTION OF F <= FACTR*EPSMCH,17,False,True
23.45,91.5750364881543,1059.6645947377945,968.0895582496402,-0.016964857174929817,-0.00876161218144287,0.06649838485455599,0.06707310218174384,-1.7017985120148575,0.08227892457315283,0.05683465994519038,0.1,-0.6044949504841917,True,CONVERGENCE: RELATIVE REDUCTION OF F <= FACTR*EPSMCH,17,False,True
23.46,89.53982947378313,1059.6645947377945,970.1247652640113,-0.016869340181445782,-0.00872783218913174,0.06687659196698478,0.06744370695506155,-1.7005694138876861,0.08146688313192155,0.05799264567830853,0.1,-0.618638414013379,True,CONVERGENCE: RELATIVE REDUCTION OF F <= FACTR*EPSMCH,26,False,True
23.47,87.45685244662388,1059.6645947377945,972.2077422911706,-0.01677588565852877,-0.008692505738858512,0.06725888552634113,0.06781826699544562,-1.6993234117860343,0.08062796428242376,0.05915345615999287,0.1,-0.6329607772104396,True,CONVERGENCE: RELATIVE REDUCTION OF F <= FACTR*EPSMCH,16,False,True
23.48,85.32719144101486,1059.6645947377945,974.3374032967796,-0.016683556363910782,-0.008655955600386239,0.06764389237777566,0.06819546717613975,-1.698068249647065,0.07976239490497428,0.06031550678741691,0.1,-0.6474508039320338,True,CONVERGENCE: RELATIVE REDUCTION OF F <= FACTR*EPSMCH,11,False,True
23.490000000000002,83.1519820538224,1059.6645947377945,976.5126126839721,-0.016593266105890087,-0.008618230652904318,0.06803207655752913,0.06857577808757379,-1.6968040784621328,0.07886657785657177,0.06148221610509258,0.1,-0.6621604532499364,True,CONVERGENCE: RELATIVE REDUCTION OF F <= FACTR*EPSMCH,10,False,True
23.5,80.9324118646872,1059.6645947377945,978.7321828731073,-0.016505354460835862,-0.008579596847282288,0.06842372389208908,0.06895952054156654,-1.6955345274683715,0.07794047884074105,0.0626520690646047,0.1,-0.6770810987973553,True,CONVERGENCE: RELATIVE REDUCTION OF F <= FACTR*EPSMCH,11,False,True
23.509999999999998,78.66972329806947,1059.6645947377945,980.994871439725,-0.01641998964760214,-0.008540371642702037,0.06881780522007654,0.06934571553530804,-1.6942662432505664,0.07698380858440515,0.06382392353843244,0.1,-0.6922089027709327,True,CONVERGENCE: RELATIVE REDUCTION OF F <= FACTR*EPSMCH,14,False,True
23.52,76.3652167244876,1059.6645947377945,983.2993780133069,-0.016335899367776113,-0.008499747885572808,0.06921469530411545,0.06973463816612115,-1.6929871931696305,0.07599297108425918,0.06500052573469657,0.1,-0.7075913549065185,True,CONVERGENCE: RELATIVE REDUCTION OF F <= FACTR*EPSMCH,17,False,True
23.53,74.02025378218684,1059.6645947377945,985.6443409556076,-0.016255440271427918,-0.008459891785920295,0.0696152959743696,0.07012744970857392,-1.691726816795245,0.07496787603740487,0.06618019010580355,0.1,-0.7232197828417901,True,CONVERGENCE: RELATIVE REDUCTION OF F <= FACTR*EPSMCH,21,False,True
23.54,71.63626132075285,1059.6645947377945,988.0283334170416,-0.016177759826124904,-0.008417819182306566,0.07001768949497872,0.07052188682955995,-1.690446242855314,0.07390694707672754,0.06736292135735945,0.1,-0.7391083843559177,True,CONVERGENCE: RELATIVE REDUCTION OF F <= FACTR*EPSMCH,18,False,True
23.55,69.21832994360284,1059.6645947377945,990.4462647941916,-0.01610016093881962,-0.008244829425370507,0.07047118202794121,0.0709518478171547,-1.687262614485919,0.07225610694555401,0.06808854503020842,0.09928240002768898,-0.7557116914686742,True,CONVERGENCE: RELATIVE REDUCTION OF F <= FACTR*EPSMCH,17,False,False
23.560000000000002,66.79861476837948,1059.6645947377945,992.865979969415,-0.016025921523975847,-0.007889541997196855,0.0709854075180831,0.07142249612995798,-1.681485198833638,0.06982053515364563,0.06814766883265751,0.09756542367287206,-0.7732737441432763,True,CONVERGENCE: RELATIVE REDUCTION OF F <= FACTR*EPSMCH,19,False,False
23.57,64.38756474470995,1059.6645947377945,995.2770299930845,-0.015959370015537263,-0.007532324911584913,0.07148925748557504,0.07188497655569298,-1.6757720439189816,0.06735253542180947,0.06815026356687344,0.09581660843497027,-0.7912852663585238,True,CONVERGENCE: RELATIVE REDUCTION OF F <= FACTR*EPSMCH,17,False,False
23.58,61.98914128615763,1059.6645947377945,997.6754534516368,-0.015901506968381083,-0.007169616750272807,0.07198284693126435,0.07233901890871637,-1.670070646179586,0.06485141048233714,0.06809472763469065,0.09403508586262518,-0.8097890483563648,True,CONVERGENCE: RELATIVE REDUCTION OF F <= FACTR*EPSMCH,22,False,False
23.59,59.607337843119126,1059.6645947377945,1000.0572568946753,-0.015851618094827272,-0.006804444858632071,0.07246576007790143,0.07278452344765429,-1.6644205677219273,0.06231982148516561,0.06798138932121428,0.09222380085414728,-0.8288206997410277,True,CONVERGENCE: RELATIVE REDUCTION OF F <= FACTR*EPSMCH,16,False,False
23.6,57.24617295266739,1059.6645947377945,1002.4184217851271,-0.0158115227770762,-0.006438709855807918,0.0729367061682034,0.07322035298517836,-1.6588461211429144,0.05975837483139867,0.06780922596688871,0.09038337506819778,-0.8484250439978824,True,CONVERGENCE: RELATIVE REDUCTION OF F <= FACTR*EPSMCH,21,False,False
23.61,54.909682894488014,1059.6645947377945,1004.7549118433064,-0.015780571845297846,-0.0060704839861101915,0.07339574491538005,0.07364635868465702,-1.6533174358067748,0.05716704496953198,0.06757943178115969,0.08851582135648355,-0.8686735129697815,True,CONVERGENCE: RELATIVE REDUCTION OF F <= FACTR*EPSMCH,20,False,False
23.62,52.601913991409674,1059.6645947377945,1007.0626807463848,-0.01575892914668854,-0.005703432991684572,0.07383999002861709,0.07405993029511239,-1.6478837022209851,0.05455057748274384,0.06728994646040001,0.08662391354784393,-0.8895773568403029,True,CONVERGENCE: RELATIVE REDUCTION OF F <= FACTR*EPSMCH,13,False,False
23.63,50.32691475941681,1059.6645947377945,1009.3376799783777,-0.015746927655178353,-0.005333471499237838,0.07427117948969846,0.07446243362276166,-1.6424840519175852,0.0519085487600189,0.06694038419284067,0.08470839669275043,-0.9112086514267266,True,CONVERGENCE: RELATIVE REDUCTION OF F <= FACTR*EPSMCH,13,False,False
23.64,48.088727623525074,1059.6645947377945,1011.5758671142694,-0.015745982771501646,-0.004965046052401034,0.07468882197877527,0.07485366932141434,-1.6371750906886917,0.04923916854111969,0.0665304829526457,0.08276956494106437,-0.9336617912577385,True,CONVERGENCE: RELATIVE REDUCTION OF F <= FACTR*EPSMCH,22,False,False
23.65,45.89138057626849,1059.6645947377945,1013.773214161526,-0.015754714893209027,-0.004597279929168868,0.07509086211758244,0.07523145988420613,-1.631942900103407,0.04655012472453878,0.06606099577391934,0.08081441254202065,-0.9569539012354848,True,CONVERGENCE: RELATIVE REDUCTION OF F <= FACTR*EPSMCH,15,False,False
23.66,43.738878475080355,1059.6645947377945,1015.9257162627141,-0.01577449218921719,-0.004232705521608442,0.07547690171528496,0.07559549251490752,-1.6268171308101194,0.04383803231836726,0.06553131894818603,0.07884241777517416,-0.9812055899759224,True,CONVERGENCE: RELATIVE REDUCTION OF F <= FACTR*EPSMCH,21,False,False
23.67,41.63519424730657,1059.6645947377945,1018.0294004904879,-0.015804739438910885,-0.0038680191696004304,0.07584766452104617,0.07594622956798819,-1.6217493945158061,0.04110511400232718,0.0649412109428415,0.07685695333453539,-1.0064942564717247,True,CONVERGENCE: RELATIVE REDUCTION OF F <= FACTR*EPSMCH,18,False,False
23.68,39.58425983279358,1059.6645947377945,1020.0803349050009,-0.015846099983788803,-0.003507389813245869,0.07619941655226865,0.07628009482301536,-1.616792951270382,0.03835370465817023,0.06428985153801225,0.074861149281759,-1.0328991697712473,True,CONVERGENCE: RELATIVE REDUCTION OF F <= FACTR*EPSMCH,19,False,False
23.69,37.58995714276398,1059.6645947377945,1022.0746375950305,-0.01589945698664987,-0.0031486979826055236,0.07653730089303323,0.076602041271603,-1.6119125330113873,0.03558721597716066,0.06357760623689736,0.0728598789171314,-1.0605025229763603,True,CONVERGENCE: RELATIVE REDUCTION OF F <= FACTR*EPSMCH,19,False,False
23.7,35.65610870041087,1059.6645947377945,1024.0084860373836,-0.015963099541909907,-0.0027962661923826336,0.0768550768647601,0.07690592918954198,-1.6071639086930851,0.032804915390142055,0.06280488980434135,0.0708563099313663,-1.0894442497714079,True,CONVERGENCE: RELATIVE REDUCTION OF F <= FACTR*EPSMCH,16,False,False
23.71,33.78646833557036,1059.6645947377945,1025.878126402224,-0.016038871714562836,-0.002447916305691708,0.07715636808617571,0.07719519046215965,-1.602512379772299,0.03000943574636192,0.06197076485988599,0.06885449826361605,-1.119826707719403,True,CONVERGENCE: RELATIVE REDUCTION OF F <= FACTR*EPSMCH,25,False,False
23.72,31.98471192047714,1059.6645947377945,1027.6798828173173,-0.016127021170007364,-0.0021049338231042456,0.07743801557878285,0.07746661863783307,-1.5979718117607733,0.027199681601999745,0.061076673479507584,0.06685942508407135,-1.1518272003133896,True,CONVERGENCE: RELATIVE REDUCTION OF F <= FACTR*EPSMCH,17,False,False
23.73,30.254427882464825,1059.6645947377945,1029.4101668553296,-0.016226470644513366,-0.0017663746231382296,0.07770140816902689,0.07772148294235633,-1.5935252641702011,0.02438145197850604,0.0601224905979571,0.06487810937659663,-1.1855321265544534,True,CONVERGENCE: RELATIVE REDUCTION OF F <= FACTR*EPSMCH,20,False,False
23.740000000000002,28.599107896092164,1059.6645947377945,1031.0654868417023,-0.016338289297034927,-0.0014347521190857093,0.07794517679300092,0.07795838055613642,-1.5892014439274873,0.021556065589156338,0.059106788339957334,0.06291483443154346,-1.2210889178369293,True,CONVERGENCE: RELATIVE REDUCTION OF F <= FACTR*EPSMCH,16,False,False
23.75,27.022137602009934,1059.6645947377945,1032.6424571357845,-0.01646199066099408,-0.0011125156276272734,0.07816898580044213,0.07817690216484302,-1.5850275530300548,0.018722592273324044,0.058032188335849284,0.060977621669597894,-1.2587146945206062,True,CONVERGENCE: RELATIVE REDUCTION OF F <= FACTR*EPSMCH,23,False,False
23.759999999999998,25.526787469665805,1059.6645947377945,1034.1378072681287,-0.01659801073265603,-0.0007938132310709791,0.07837315468990039,0.07837717470981509,-1.5809246174105398,0.015884391264355657,0.05689641773841295,0.05907212741473875,-1.2985473664296063,True,CONVERGENCE: RELATIVE REDUCTION OF F <= FACTR*EPSMCH,24,False,False
23.77,24.116203558115785,1059.6645947377945,1035.5483911796787,-0.016746331445667624,-0.0004856606555084991,0.07855661175773943,0.07855811299368458,-1.57697854949174,0.013043856274912065,0.055701346496070295,0.05720823531621864,-1.3407664450059702,True,CONVERGENCE: RELATIVE REDUCTION OF F <= FACTR*EPSMCH,24,False,False
23.78,22.793398870177498,1059.6645947377945,1036.871195867617,-0.016907219401127056,-0.00018468652751305308,0.07872045245230834,0.07872066909909736,-1.5731424285119149,0.01020180528690667,0.05444756549920242,0.05539507396783485,-1.3855745867560576,True,CONVERGENCE: RELATIVE REDUCTION OF F <= FACTR*EPSMCH,24,False,False
23.79,21.561244496845575,1059.6645947377945,1038.1033502409489,-0.017079423927138168,0.00010667369720559053,0.07886277614289133,0.07886284828892161,-1.5694436780883194,0.007360652980319753,0.05313445185672837,0.05364186039290281,-1.4331435738518767,True,CONVERGENCE: RELATIVE REDUCTION OF F <= FACTR*EPSMCH,20,False,False
23.8,20.422461290957244,1059.6645947377945,1039.2421334468372,-0.017265872004859437,0.00038718423434506966,0.07898580097026656,0.07898674994292326,-1.5658944187505939,0.004522719068364495,0.051764642810216886,0.05196184401116541,-1.4836468179996116,True,CONVERGENCE: RELATIVE REDUCTION OF F <= FACTR*EPSMCH,19,False,False
23.810000000000002,19.379611663332298,1059.6645947377945,1040.2849830744622,-0.01746324843131094,0.0006593197458109851,0.07908671490877744,0.0790894631261931,-1.562459851156005,0.001689570305674887,0.0503362079158533,0.050364555742762496,-1.53724321895515,True,CONVERGENCE: RELATIVE REDUCTION OF F <= FACTR*EPSMCH,17,False,False
23.82,18.435091739354903,1059.6645947377945,1041.2295029984396,-0.017673074420618485,0.0009185240600570577,0.07916599230357395,0.07917132071563815,-1.5591943393760948,-0.0011349610466806258,0.04885113360873732,0.04886431613597173,-1.5940252023841865,True,CONVERGENCE: RELATIVE REDUCTION OF F <= FACTR*EPSMCH,19,False,False
23.83,17.591123978649648,1059.6645947377945,1042.0734707591448,-0.0178942985640303,0.0011707072060245158,0.07922432624680838,0.0792329756138375,-1.5560202843908033,-0.003953223924319373,0.04730915019184294,0.047474031546416655,-1.6541641552827848,True,CONVERGENCE: RELATIVE REDUCTION OF F <= FACTR*EPSMCH,24,False,False
23.84,16.849749991027238,1059.6645947377945,1042.8148447467672,-0.01812959984080507,0.0014077796913597794,0.07926191476343439,0.0792744156435438,-1.5530370827466227,-0.006759638255293552,0.045712219106767454,0.046209303013652385,-1.717606187779169,True,CONVERGENCE: RELATIVE REDUCTION OF F <= FACTR*EPSMCH,20,False,False
23.85,16.212823817107164,1059.6645947377945,1043.4517709206873,-0.018375805791317895,0.0016333510895615135,0.07927798528399149,0.0792948093286726,-1.5501964082166801,-0.00955289285699166,0.044060494812424196,0.04508419861828335,-1.7843048404823134,True,CONVERGENCE: RELATIVE REDUCTION OF F <= FACTR*EPSMCH,25,False,False
23.86,15.682005865150586,1059.6645947377945,1043.9825888726439,-0.01863411735270943,0.0018459383029320823,0.07927291933610275,0.07929440855625626,-1.5475146716597834,-0.012333902902173118,0.04235513787122804,0.04411442921415815,-1.854162190216718,True,CONVERGENCE: RELATIVE REDUCTION OF F <= FACTR*EPSMCH,25,False,False
23.87,15.258757083176079,1059.6645947377945,1044.4058376546184,-0.018903917754503168,0.0020495852694176636,0.07924755530984412,0.07927405516537814,-1.5449390185594403,-0.01509470996190044,0.04059576008244111,0.04331126880506984,-1.9267846776235062,True,CONVERGENCE: RELATIVE REDUCTION OF F <= FACTR*EPSMCH,24,False,False
23.88,14.944333729679784,1059.6645947377945,1044.7202610081147,-0.019185336480620367,0.0022365370442568445,0.07920022612756913,0.07923179864554646,-1.5425648060697914,-0.01783745369367857,0.0387852612343534,0.042690411608359596,-2.0018549135480304,True,CONVERGENCE: RELATIVE REDUCTION OF F <= FACTR*EPSMCH,16,False,False
23.89,14.739782615173453,1059.6645947377945,1044.924812122621,-0.019477197797701393,0.002411576741906141,0.07913346929300612,0.07917020692614896,-1.5403309544999593,-0.020558643733075394,0.03692562579864928,0.04226298229852448,-2.078813338621968,True,CONVERGENCE: RELATIVE REDUCTION OF F <= FACTR*EPSMCH,25,False,False
23.9,14.645937306941505,1059.6645947377945,1045.018657430853,-0.019782797208012178,0.002573448676920699,0.07904415424308202,0.0790860351648563,-1.5382507195423036,-0.02325893033521223,0.03501152216963391,0.04203313603543069,-2.1571740595205675,True,CONVERGENCE: RELATIVE REDUCTION OF F <= FACTR*EPSMCH,25,False,False
23.91,14.663414013625015,1059.6645947377945,1045.0011807241694,-0.020096643864076873,0.0027202717670434017,0.0789349092395594,0.07898176862506975,-1.5363477456162862,-0.025931522236370838,0.0330516350359089,0.042010170483376,-2.236061425965655,True,CONVERGENCE: RELATIVE REDUCTION OF F <= FACTR*EPSMCH,20,False,False
23.92,14.792609105769998,1059.6645947377945,1044.8719856320245,-0.020421181463142948,0.00285439080506904,0.07880569449723841,0.07885737145036052,-1.5345915379353603,-0.028578643216638586,0.03104452548307254,0.04219598808622762,-2.314860260144173,True,CONVERGENCE: RELATIVE REDUCTION OF F <= FACTR*EPSMCH,26,False,False
23.93,15.033696671160214,1059.6645947377945,1044.6308980666342,-0.020757044262391586,0.0029741520137170777,0.0786564579455523,0.07871266706662362,-1.5330024077309272,-0.031195889629070928,0.028990562899677753,0.042586808603009306,-2.3928196852301284,True,CONVERGENCE: RELATIVE REDUCTION OF F <= FACTR*EPSMCH,19,False,False
23.94,15.386626711788495,1059.6645947377945,1044.277968026006,-0.021104460588925476,0.0030792175048853137,0.0784881367687617,0.07854851490559343,-1.5315848060947321,-0.03378197284833855,0.026891397615425243,0.04317833895875085,-2.4692783354586934,True,CONVERGENCE: RELATIVE REDUCTION OF F <= FACTR*EPSMCH,18,False,False
23.95,15.851124153754881,1059.6645947377945,1043.8134705840396,-0.021458855247226107,0.003168176481481055,0.07830058132823711,0.0783646500570103,-1.5303566621558147,-0.036337285242475696,0.02474688075284693,0.04396369417813598,-2.5437101426641937,True,CONVERGENCE: RELATIVE REDUCTION OF F <= FACTR*EPSMCH,22,False,False
23.96,16.426688537559357,1059.6645947377945,1043.237906200235,-0.02182392986000105,0.0032451059444379895,0.0780934421446011,0.07816083685953462,-1.529266078379085,-0.03885467803164702,0.02256235321864126,0.04493045501333907,-2.615495969671692,True,CONVERGENCE: RELATIVE REDUCTION OF F <= FACTR*EPSMCH,23,False,False
23.97,17.11259402556925,1059.6645947377945,1042.5520007122252,-0.02219820040334904,0.003307464767309189,0.07786826665841012,0.07793847750355569,-1.5283467125941894,-0.04133601546575841,0.020335187111453337,0.04606719016223191,-2.684407038130137,True,CONVERGENCE: RELATIVE REDUCTION OF F <= FACTR*EPSMCH,20,False,False
23.98,17.90789063255329,1059.6645947377945,1041.7567041052412,-0.022579734485575716,0.0033538131570722773,0.07762434851663841,0.07769676663365789,-1.527617496103749,-0.043778094312696574,0.018070657385563405,0.047361062065770586,-2.750119070400517,True,CONVERGENCE: RELATIVE REDUCTION OF F <= FACTR*EPSMCH,21,False,False
23.990000000000002,18.811405501120817,1059.6645947377945,1040.8531892366736,-0.022970077979775624,0.0033848909446625333,0.07736396616036098,0.07743798000186174,-1.5270714031438706,-0.04617901958823274,0.015767805739908,0.048796778049189464,-2.8125553701938126,True,CONVERGENCE: RELATIVE REDUCTION OF F <= FACTR*EPSMCH,27,False,False
24.0,19.821745432809166,1059.6645947377945,1039.8428493049853,-0.023366712984185786,0.0034052786851206463,0.07708351098572347,0.07715869094800332,-1.5266485443737308,-0.04853817454288432,0.01342532839734233,0.05036063770974301,-2.8717458733849512,True,CONVERGENCE: RELATIVE REDUCTION OF F <= FACTR*EPSMCH,20,False,False
