region,k,n_eff,deltaD,A2,phi2,bound_active,success
signal_B_signal_Kst,6.0,4.564707328107824,108.96535344354152,0.1195962796316855,-2.5610158546127697,True,True
signal_B_signal_Kst,6.02,4.579923019201517,107.63093647463711,0.11647236291071099,-2.603275691257243,True,True
signal_B_signal_Kst,6.04,4.59513871029521,106.28234154169968,0.11353141974651805,-2.6483738469516798,True,True
signal_B_signal_Kst,6.06,4.610354401388903,104.95125825859168,0.11080202752049967,-2.6963601566046447,True,True
signal_B_signal_Kst,6.08,4.6255700924825955,103.66552963413733,0.10831285941606955,-2.747255442896443,True,True
signal_B_signal_Kst,6.1,4.640785783576288,102.44917894595733,0.1060949096807817,-2.800986324361277,True,True
signal_B_signal_Kst,6.12,4.656001474669981,101.32243833778557,0.10417722022605509,-2.8574514232542554,True,True
signal_B_signal_Kst,6.14,4.671217165763673,100.30177086185131,0.10258930403575826,-2.9164420140166616,True,True
signal_B_signal_Kst,6.16,4.686432856857366,99.39987972472909,0.10135842747898859,-2.9776886607767286,True,True
signal_B_signal_Kst,6.18,4.701648547951058,98.62569897290564,0.10051012968502016,-3.040798756851834,True,True
signal_B_signal_Kst,6.2,4.716864239044752,97.98436117799474,0.10006583785153121,-3.105315456907127,True,True
signal_B_signal_Kst,6.22,4.732079930138445,97.47713869789436,0.10004239543269322,3.1124789248681197,True,True
signal_B_signal_Kst,6.24,4.747295621232137,97.10135658205263,0.10045092547736072,3.046804729916649,True,True
signal_B_signal_Kst,6.26,4.76251131232583,96.85027680498774,0.10129596764440053,2.981459921229186,True,True
signal_B_signal_Kst,6.28,4.777727003419523,96.71295565161086,0.10257494438930774,2.917054059041847,True,True
signal_B_signal_Kst,6.3,4.792942694513216,96.67407874440983,0.104277795587668,2.854167309704452,True,True
signal_B_signal_Kst,6.32,4.808158385606908,96.713781626328,0.10638740721691553,2.793311962649398,True,True
signal_B_signal_Kst,6.34,4.823374076700601,96.80746815323141,0.10887862703665728,2.7349499552456584,True,True
signal_B_signal_Kst,6.36,4.838589767794295,96.92564424936745,0.11172063663715802,2.679428839444256,True,True
signal_B_signal_Kst,6.38,4.853805458887987,97.03379114809104,0.1148754221823664,2.627030363320812,True,True
signal_B_signal_Kst,6.4,4.86902114998168,97.0923096778181,0.11829922582607223,2.5779490689708005,True,True
signal_B_signal_Kst,6.42,4.884236841075372,97.0565756126116,0.12194178442313121,2.532318204277541,True,True
signal_B_signal_Kst,6.44,4.899452532169065,96.87715469731165,0.12574818550096484,2.490199820673702,True,True
signal_B_signal_Kst,6.46,4.914668223262757,96.51662804399689,0.12835032877749122,2.446144767038406,True,True
signal_B_signal_Kst,6.48,4.92988391435645,96.1034238579939,0.12886056946913024,2.3943346947112056,True,True
signal_B_signal_Kst,6.5,4.945099605450143,95.67721598852677,0.12940040226728583,2.342620083270348,True,True
signal_B_signal_Kst,6.52,4.960315296543835,95.2380120585101,0.12998293846449852,2.2910129958205623,True,True
signal_B_signal_Kst,6.54,4.975530987637528,94.75697185237277,0.12855841382187203,2.25034486273683,True,True
signal_B_signal_Kst,6.5600000000000005,4.990746678731222,94.09048928332845,0.12535815811202106,2.218097257126816,True,True
signal_B_signal_Kst,6.58,5.005962369824914,93.25121373614411,0.12227106744900448,2.183919309853202,True,True
signal_B_signal_Kst,6.6,5.021178060918606,92.27380296591491,0.11931465316853199,2.147765036156654,True,True
signal_B_signal_Kst,6.62,5.0363937520123,91.1894178404707,0.1165061743053301,2.1095990900754678,True,True
signal_B_signal_Kst,6.64,5.051609443105992,90.02590817272176,0.11386231631746435,2.0693946593440735,True,True
signal_B_signal_Kst,6.66,5.066825134199685,88.80802119689179,0.1113979101186842,2.0271100783030644,True,True
signal_B_signal_Kst,6.68,5.082040825293378,87.55762197923423,0.1091290981540783,1.9827361035554396,True,True
signal_B_signal_Kst,6.7,5.09725651638707,86.29392005710315,0.10707444209437907,1.9363396478897243,True,True
signal_B_signal_Kst,6.72,5.112472207480764,85.0336912357111,0.10524699271961084,1.887889127465962,True,True
signal_B_signal_Kst,6.74,5.1276878985744565,83.79149781581873,0.10366402316867127,1.8374623159753642,True,True
signal_B_signal_Kst,6.76,5.1429035896681485,82.57989673903671,0.1023422140367352,1.7851508520358161,True,True
signal_B_signal_Kst,6.78,5.158119280761842,81.40963772710734,0.10129828387104317,1.7310705649244704,True,True
signal_B_signal_Kst,6.8,5.173334971855534,80.28984894660175,0.10054944948576845,1.6753855648419287,True,True
signal_B_signal_Kst,6.82,5.188550662949227,79.22820932175523,0.1001128633471846,1.6182847039396904,True,True
signal_B_signal_Kst,6.84,5.20376635404292,78.23110753237893,0.10000585076219225,1.5599792320419938,True,True
signal_B_signal_Kst,6.86,5.218982045136613,77.30378768357559,0.10024599955353682,1.5007254609909153,True,True
signal_B_signal_Kst,6.88,5.234197736230305,76.45048199514508,0.10085075892135155,1.4408139589025852,True,True
signal_B_signal_Kst,6.9,5.249413427323999,75.67453104729998,0.101837930568493,1.3805220402916505,True,True
signal_B_signal_Kst,6.92,5.264629118417691,74.97849227222969,0.1032253988910546,1.3201560853713918,True,True
signal_B_signal_Kst,6.94,5.279844809511384,74.3642373309608,0.10503160270718939,1.260013247311898,True,True
signal_B_signal_Kst,6.96,5.295060500605076,73.83303915587021,0.10727603832157412,1.2003742072328936,True,True
signal_B_signal_Kst,6.98,5.31027619169877,73.38564944623431,0.10997882558763672,1.1415169920835353,True,True
signal_B_signal_Kst,7.0,5.325491882792462,73.02236725051625,0.11316263236836528,1.083674900898035,True,True
signal_B_signal_Kst,7.02,5.340707573886154,72.74309948850896,0.11685278646692057,1.0270520853780176,True,True
signal_B_signal_Kst,7.04,5.355923264979847,72.54741406183302,0.12107650740346623,0.9718392688800604,True,True
signal_B_signal_Kst,7.0600000000000005,5.3711389560735405,72.43458602918236,0.12586900071323442,0.9181455555047212,True,True
signal_B_signal_Kst,7.08,5.386354647167233,72.4036378582689,0.13126823168403548,0.8660855431441434,True,True
signal_B_signal_Kst,7.1,5.401570338260925,72.45337387096515,0.13732034326595463,0.8157272749261031,True,True
signal_B_signal_Kst,7.12,5.416786029354618,72.52724182639577,0.14142135623730953,0.7853981633974483,True,True
signal_B_signal_Kst,7.140000000000001,5.432001720448311,72.06697843824031,0.14142135623730953,0.7853981633974483,True,True
signal_B_signal_Kst,7.16,5.447217411542003,70.92415646543668,0.14142135623730953,0.7853981633974483,True,True
signal_B_signal_Kst,7.18,5.462433102635697,69.09475378354273,0.14142135623730953,0.7853981633974483,True,True
signal_B_signal_Kst,7.2,5.477648793729389,66.60804274745601,0.14142135623730953,0.7853981633974483,True,True
signal_B_signal_Kst,7.22,5.492864484823082,63.5899613424142,0.1390869744774037,0.7684704734458246,True,True
signal_B_signal_Kst,7.24,5.508080175916774,60.39637441062928,0.1355756684764135,0.7412939024346572,True,True
signal_B_signal_Kst,7.26,5.523295867010468,57.086008652355076,0.1320783470838592,0.7118933409180447,True,True
signal_B_signal_Kst,7.28,5.538511558104161,53.726347249028095,0.12806047119244826,0.6747212876325889,True,True
signal_B_signal_Kst,7.3,5.553727249197853,50.36463544153139,0.12429702045990956,0.6359218829970614,True,True
signal_B_signal_Kst,7.32,5.568942940291547,47.015424390181124,0.12079864989702185,0.5955790069336798,True,True
signal_B_signal_Kst,7.34,5.584158631385239,43.6890680867798,0.1175733748825721,0.5537989733078398,True,True
signal_B_signal_Kst,7.36,5.599374322478932,40.39215689516459,0.11462745437961946,0.5107229479805601,True,True
signal_B_signal_Kst,7.38,5.614590013572624,37.12791823852058,0.11196462675380148,0.4665193449418754,True,True
signal_B_signal_Kst,7.4,5.6298057046663175,33.89658525139885,0.10958597039605708,0.4213794927679715,True,True
signal_B_signal_Kst,7.42,5.6450213957600095,30.695735776471338,0.10749149976577801,0.37554976017830477,True,True
signal_B_signal_Kst,7.4399999999999995,5.6602370868537015,27.520604956203897,0.10567701413007524,0.3292671177388909,True,True
signal_B_signal_Kst,7.46,5.675452777947395,24.364375434880685,0.10413632687111797,0.2827934889867335,True,True
signal_B_signal_Kst,7.48,5.690668469041088,21.218449263773437,0.1028624364741255,0.23646497517305312,True,True
signal_B_signal_Kst,7.5,5.70588416013478,18.072706810556156,0.10184272002342985,0.19051830072665651,True,True
signal_B_signal_Kst,7.52,5.721099851228472,14.915754214317758,0.10106369587004195,0.14521376846186407,True,True
signal_B_signal_Kst,7.54,5.736315542322166,11.735167322291773,0.10051124026407274,0.10090308903679604,True,True
signal_B_signal_Kst,7.5600000000000005,5.751531233415859,8.517733441498422,0.10016745864085944,0.05783170197570069,True,True
signal_B_signal_Kst,7.58,5.766746924509551,5.249693802210004,0.1000130460699206,0.016152183595814107,True,True
signal_B_signal_Kst,7.6,5.781962615603243,1.916992686651838,0.10002821492316945,-0.02375217495327755,True,True
signal_B_signal_Kst,7.62,5.797178306696937,2.3522564799254724,0.13039059212757054,-2.267554671776459,True,True
signal_B_signal_Kst,7.640000000000001,5.81239399779063,7.060812710696382,0.1336020870382915,-2.2958085723897153,True,True
signal_B_signal_Kst,7.66,5.827609688884322,11.776000953138237,0.13699958428313325,-2.3233742572248697,True,True
signal_B_signal_Kst,7.68,5.842825379978016,15.509163204102833,0.12830035627913672,-2.3626615001330546,True,True
signal_B_signal_Kst,7.7,5.858041071071708,21.04519252441105,0.14142135623730953,-2.356194490192345,True,True
signal_B_signal_Kst,7.72,5.873256762165401,25.11126388269372,0.14142135623730953,-2.356194490192345,True,True
signal_B_signal_Kst,7.74,5.8884724532590935,28.64376815331275,0.14142135623730953,-2.356194490192345,True,True
signal_B_signal_Kst,7.76,5.903688144352786,31.748153430454067,0.14142135623730953,-2.356194490192345,True,True
signal_B_signal_Kst,7.78,5.9189038354464785,34.44550625441957,0.14142135623730953,-2.356194490192345,True,True
signal_B_signal_Kst,7.8,5.934119526540172,36.78161762323907,0.13240058514268702,-2.426883161028065,True,True
signal_B_signal_Kst,7.82,5.949335217633865,39.17382716519592,0.11789315431862062,-2.5834224819276623,True,True
signal_B_signal_Kst,7.84,5.964550908727557,41.69625335017031,0.10849978063999434,-2.7431358590832686,True,True
signal_B_signal_Kst,7.86,5.979766599821251,44.3183159136463,0.1043387244937685,-2.852198454936168,True,True
signal_B_signal_Kst,7.88,5.994982290914943,46.980249838976306,0.10204662542814452,-2.940977662102599,True,True
signal_B_signal_Kst,7.9,6.010197982008636,49.67852025381808,0.10070496599124117,-3.0231993026109123,True,True
signal_B_signal_Kst,7.92,6.025413673102328,52.41172693340923,0.10009028714851342,-3.0991145958657884,True,True
signal_B_signal_Kst,7.9399999999999995,6.04062936419602,55.17834559778885,0.10003788079321872,3.1140721742594044,True,True
signal_B_signal_Kst,7.96,6.055845055289714,57.976696472324875,0.10042554696277718,3.049501032103498,True,True
signal_B_signal_Kst,7.98,6.071060746383407,60.804909269784275,0.10116259369713822,2.989840171779104,True,True
signal_B_signal_Kst,8.0,6.086276437477099,63.66088408218502,0.10218078981229438,2.9346201158304344,True,True
signal_B_signal_Kst,8.02,6.101492128570792,66.54224788409624,0.10342972401975452,2.883349174447034,True,True
signal_B_signal_Kst,8.04,6.116707819664484,69.44630634666555,0.10487095028642297,2.8356149921931446,True,True
signal_B_signal_Kst,8.06,6.1319235107581775,72.36998981380066,0.10647566355941382,2.7910361678876896,True,True
signal_B_signal_Kst,8.08,6.1471392018518705,75.30979416192554,0.10822223382585967,2.7492726723467626,True,True
signal_B_signal_Kst,8.1,6.1623548929455625,78.2617147173687,0.11009443859575814,2.710024928999605,True,True
signal_B_signal_Kst,8.120000000000001,6.177570584039256,81.22117347548806,0.11207978721931229,2.673037119895349,True,True
signal_B_signal_Kst,8.14,6.192786275132949,84.18293897670833,0.11416952704403756,2.6380745461136135,True,True
signal_B_signal_Kst,8.16,6.208001966226641,87.14103753849645,0.11635641803763042,2.604946744628586,True,True
signal_B_signal_Kst,8.18,6.223217657320333,90.08865670943396,0.11863474639509963,2.573490074285421,True,True
signal_B_signal_Kst,8.2,6.238433348414026,93.0180385550068,0.12100128678799321,2.5435469060858993,True,True
signal_B_signal_Kst,8.22,6.25364903950772,95.92036411024651,0.12345253918821426,2.514996004775961,True,True
signal_B_signal_Kst,8.24,6.268864730601412,98.78562734587126,0.1259864324669148,2.4877234602602334,True,True
signal_B_signal_Kst,8.26,6.284080421695105,101.60249900389886,0.12860047117766743,2.4616394252827187,True,True
signal_B_signal_Kst,8.280000000000001,6.299296112788799,104.35818015833138,0.13129298222209082,2.436660215268147,True,True
signal_B_signal_Kst,8.3,6.314511803882491,107.03824574215969,0.13405985370064272,2.4127346367343523,True,True
signal_B_signal_Kst,8.32,6.329727494976183,109.62647920075847,0.13690380378064304,2.389762139822102,True,True
signal_B_signal_Kst,8.34,6.344943186069876,112.10469796976759,0.13981867869387393,2.367723749256362,True,True
signal_B_signal_Kst,8.36,6.360158877163569,114.42248349546549,0.14142135623730953,2.356194490192345,True,True
signal_B_signal_Kst,8.379999999999999,6.375374568257261,116.34099051432236,0.14142135623730953,2.356194490192345,True,True
signal_B_signal_Kst,8.4,6.3905902593509545,117.78489187623495,0.14142135623730953,2.356194490192345,True,True
signal_B_signal_Kst,8.42,6.405805950444647,118.72117791942333,0.14142135623730953,2.356194490192345,True,True
signal_B_signal_Kst,8.44,6.421021641538339,119.11893959362874,0.14142135623730953,2.356194490192345,True,True
signal_B_signal_Kst,8.46,6.436237332632032,118.97644063690177,0.13970990251752774,2.343868156700468,True,True
signal_B_signal_Kst,8.48,6.451453023725726,118.48925988216456,0.13581806024991633,2.3140376383453325,True,True
signal_B_signal_Kst,8.5,6.466668714819418,117.75287047542884,0.13178487671293523,2.280104868150618,True,True
signal_B_signal_Kst,8.52,6.48188440591311,116.94055345765764,0.1274460687179701,2.239468360295297,True,True
signal_B_signal_Kst,8.54,6.497100097006802,116.18212915516301,0.1234147835266664,2.196970254292475,True,True
signal_B_signal_Kst,8.56,6.512315788100497,115.48433019735694,0.1196925483396529,2.152598062185602,True,True
signal_B_signal_Kst,8.58,6.527531479194189,114.85344611041864,0.11627984144268556,2.1063341652856065,True,True
signal_B_signal_Kst,8.6,6.542747170287881,114.29530357504564,0.11318369232127981,2.0582689108008516,True,True
signal_B_signal_Kst,8.620000000000001,6.557962861381576,113.81524102822596,0.11040527839393792,2.008437657380538,True,True
signal_B_signal_Kst,8.64,6.573178552475268,113.4180788012377,0.10794758888397872,1.9569209479022827,True,True
signal_B_signal_Kst,8.66,6.58839424356896,113.10808159011754,0.10581565321506374,1.90387645147573,True,True
signal_B_signal_Kst,8.68,6.603609934662652,112.8889137142969,0.10401391028860997,1.8495109322833247,True,True
signal_B_signal_Kst,8.7,6.618825625756346,112.76358531892924,0.10254404303584934,1.7940116455628992,True,True
signal_B_signal_Kst,8.72,6.6340413168500385,112.73438938470827,0.10140832266854644,1.7376490035358194,True,True
signal_B_signal_Kst,8.74,6.6492570079437305,112.80282829257567,0.10060710255078238,1.6807096502094723,True,True
signal_B_signal_Kst,8.76,6.664472699037424,112.96952969808899,0.10013906514659575,1.6235038553499035,True,True
signal_B_signal_Kst,8.780000000000001,6.679688390131117,113.23415125213683,0.1000009809202352,1.56636707806203,True,True
signal_B_signal_Kst,8.8,6.694904081224809,113.59524489356727,0.10018567388619332,1.5099051039935074,True,True
signal_B_signal_Kst,8.82,6.710119772318501,114.04481657264864,0.10064736199055657,1.4573160323253334,True,True
signal_B_signal_Kst,8.84,6.725335463412195,114.57640861392883,0.1013870842039563,1.4051920778584637,True,True
signal_B_signal_Kst,8.86,6.740551154505887,115.18669458893282,0.10240060528312885,1.3538380487269819,True,True
signal_B_signal_Kst,8.879999999999999,6.755766845599579,115.87066114969207,0.10368163866787242,1.3035090920346277,True,True
signal_B_signal_Kst,8.9,6.770982536693274,116.62143130351524,0.10522212630496196,1.2544244506498858,True,True
signal_B_signal_Kst,8.92,6.786198227786966,117.43008421533659,0.10701098189379833,1.2068055558570419,True,True
signal_B_signal_Kst,8.94,6.801413918880658,118.28547550228723,0.10903492094151453,1.1608378265537178,True,True
signal_B_signal_Kst,8.96,6.816629609974351,119.17406323067348,0.11127883677383735,1.1166673513674612,True,True
signal_B_signal_Kst,8.98,6.831845301068045,120.07974610146675,0.11372514434930008,1.0744177765059109,True,True
signal_B_signal_Kst,9.0,6.847060992161737,120.98372169492723,0.11635447559844858,1.0341784815763075,True,True
signal_B_signal_Kst,9.02,6.862276683255429,121.86437341450937,0.11914915303503812,0.995965305046964,True,True
signal_B_signal_Kst,9.04,6.877492374349121,122.69720109795298,0.12207816258306799,0.9599228562340294,True,True
signal_B_signal_Kst,9.06,6.8927080654428154,123.45479432479351,0.1251224890088036,0.9259910811034368,True,True
signal_B_signal_Kst,9.08,6.9079237565365075,124.1068817750056,0.12825886067543582,0.8941438040832789,True,True
signal_B_signal_Kst,9.1,6.9231394476301995,124.62045053829661,0.131452284711245,0.8644406202892239,True,True
signal_B_signal_Kst,9.120000000000001,6.938355138723894,124.95995862861241,0.13467972243362647,0.8367982723469146,True,True
signal_B_signal_Kst,9.14,6.953570829817586,125.08764974392989,0.1379166274722743,0.8111443605567134,True,True
signal_B_signal_Kst,9.16,6.968786520911278,124.96399179439322,0.14111165079191115,0.7875953335476646,True,True
signal_B_signal_Kst,9.18,6.98400221200497,124.44437061414101,0.14142135623730953,0.7853981633974483,True,True
signal_B_signal_Kst,9.2,6.999217903098664,123.43369560554606,0.13925490318835523,0.7697171122694296,True,True
signal_B_signal_Kst,9.22,7.014433594192357,122.25284001216005,0.13558680576864837,0.7413836244777068,True,True
signal_B_signal_Kst,9.24,7.029649285286049,120.9664722294749,0.13202556380985608,0.7114298602044604,True,True
signal_B_signal_Kst,9.26,7.044864976379742,119.6010984102777,0.12858731353806668,0.6798266705705964,True,True
signal_B_signal_Kst,9.280000000000001,7.060080667473436,118.180863115889,0.12528670422599525,0.6465461122602879,True,True
signal_B_signal_Kst,9.3,7.075296358567128,116.72758617404588,0.12213740487520644,0.6115658340388626,True,True
signal_B_signal_Kst,9.32,7.090512049660821,115.26081753216818,0.11915292027400673,0.574879825974759,True,True
signal_B_signal_Kst,9.34,7.105727740754514,113.79790392493783,0.11634618350765685,0.5364980182977175,True,True
signal_B_signal_Kst,9.36,7.120943431848206,112.35406135662333,0.11372868722251119,0.4964360646443125,True,True
signal_B_signal_Kst,9.379999999999999,7.136159122941898,110.942449162696,0.11131209197171768,0.45474060021833096,True,True
signal_B_signal_Kst,9.4,7.1513748140355915,109.57424153862894,0.10910710673745451,0.41147823771791614,True,True
signal_B_signal_Kst,9.42,7.166590505129284,108.25869393776475,0.1071238943861066,0.36674754752634864,True,True
signal_B_signal_Kst,9.44,7.1818061962229764,107.00320214506564,0.10537125389569933,0.32066686251703563,True,True
signal_B_signal_Kst,9.46,7.19702188731667,105.81335264587892,0.10385716489348415,0.2733910076157962,True,True
signal_B_signal_Kst,9.48,7.212237578410363,104.69296374419696,0.10258811406803922,0.2250999887650216,True,True
signal_B_signal_Kst,9.5,7.227453269504055,103.64411651907085,0.10156910591611726,0.17600338022969964,True,True
signal_B_signal_Kst,9.52,7.242668960597747,102.66717716153698,0.10080341337257956,0.12633851759003106,True,True
signal_B_signal_Kst,9.54,7.25788465169144,101.7608104747469,0.10029238924534752,0.07637782262681578,True,True
signal_B_signal_Kst,9.56,7.273100342785134,100.92198645286726,0.10003478411315384,0.026371967449550796,True,True
signal_B_signal_Kst,9.58,7.288316033878826,100.14598183314024,0.10002737177560275,-0.02339467187624651,True,True
signal_B_signal_Kst,9.6,7.303531724972519,99.42637889352704,0.10026441972331376,-0.07264136379787789,True,True
signal_B_signal_Kst,9.620000000000001,7.318747416066213,98.75506453392609,0.1007377954802733,-0.12110224378092661,True,True
signal_B_signal_Kst,9.64,7.333963107159905,98.12223306704004,0.10143700368262779,-0.16852322847558093,True,True
signal_B_signal_Kst,9.66,7.349178798253598,97.51639669525412,0.10234924955132482,-0.2146700548055304,True,True
signal_B_signal_Kst,9.68,7.36439448934729,96.92440810678386,0.10345966481525097,-0.25933682525643803,True,True
signal_B_signal_Kst,9.7,7.379610180440983,96.33150001852346,0.10475186871116242,-0.30235830131633423,True,True
signal_B_signal_Kst,9.72,7.394825871534676,95.72134705322196,0.10620647460140441,-0.3435579148789288,True,True
signal_B_signal_Kst,9.74,7.410041562628368,95.076154612545,0.10780440712556305,-0.38284432525411527,True,True
signal_B_signal_Kst,9.76,7.4252572537220605,94.37678116094844,0.10952439085129512,-0.42012335994126854,True,True
signal_B_signal_Kst,9.780000000000001,7.440472944815755,93.60289780104199,0.1113442164385265,-0.45533035679883005,True,True
signal_B_signal_Kst,9.8,7.455688635909447,92.73319016842038,0.11324135626266957,-0.4884322296946298,True,True
signal_B_signal_Kst,9.82,7.470904327003139,91.74560575175678,0.11519233244113371,-0.5194076869390869,True,True
signal_B_signal_Kst,9.84,7.486120018096832,90.67664098994533,0.11463526004109933,-0.5588455824352495,True,True
signal_B_signal_Kst,9.86,7.501335709190524,89.61112555330647,0.11371893605937523,-0.5996499930487065,True,True
signal_B_signal_Kst,9.879999999999999,7.516551400284217,88.5498112163234,0.11281062463751863,-0.6404123272730057,True,True
signal_B_signal_Kst,9.9,7.53176709137791,87.49220304253322,0.11191031285628009,-0.6811289115691848,True,True
signal_B_signal_Kst,9.92,7.546982782471603,86.43776133777101,0.11101635654383771,-0.7217940261625686,True,True
signal_B_signal_Kst,9.94,7.562198473565296,85.3859240435022,0.11012802327053992,-0.7623987282676851,True,True
signal_B_signal_Kst,9.96,7.577414164658989,84.3361289265597,0.10924484152293226,-0.8029443934620714,True,True
signal_B_signal_Kst,9.98,7.592629855752682,83.28783504274543,0.10836573605485368,-0.8434273102929257,True,True
signal_B_signal_Kst,10.0,7.607845546846375,82.24054295692554,0.1074904232966271,-0.8838468417080694,True,True
signal_B_signal_Kst,10.02,7.623061237940067,81.1938132286773,0.10661694190045909,-0.9242060546902682,True,True
signal_B_signal_Kst,10.04,7.638276929033759,80.14728279029987,0.10574674419607276,-0.9645073220041869,True,True
signal_B_signal_Kst,10.06,7.653492620127453,79.10067875567665,0.10487717312112196,-1.0047429198661584,True,True
signal_B_signal_Kst,10.08,7.668708311221145,78.05382955873574,0.1040084952684549,-1.0449234808707573,True,True
signal_B_signal_Kst,10.1,7.683924002314837,77.00667308141601,0.10314018941903978,-1.0850562598813953,True,True
signal_B_signal_Kst,10.120000000000001,7.699139693408532,75.95926178184254,0.10227251064235211,-1.1251464888051574,True,True
signal_B_signal_Kst,10.14,7.714355384502224,74.91176474479789,0.10140518579820267,-1.1651965352290075,True,True
signal_B_signal_Kst,10.16,7.729571075595916,73.8644668600241,0.10053845446042631,-1.2052137963611707,True,True
signal_B_signal_Kst,10.18,7.744786766689608,72.81776517162893,0.09967225709759461,-1.2452044142144454,True,True
signal_B_signal_Kst,10.2,7.7600024577833,71.77216281597521,0.0988061919929555,-1.285173451194326,True,True
signal_B_signal_Kst,10.219999999999999,7.775218148876994,70.7282606611293,0.09794068470285101,-1.3251262674264517,True,True
signal_B_signal_Kst,10.24,7.790433839970687,69.68674729527152,0.09707639718683156,-1.3650742053764653,True,True
signal_B_signal_Kst,10.26,7.805649531064379,68.64838742080678,0.096215845256981,-1.4050159460572658,True,True
signal_B_signal_Kst,10.280000000000001,7.820865222158074,67.61400953534712,0.09535483313121798,-1.4449652776796373,True,True
signal_B_signal_Kst,10.3,7.836080913251766,66.58449261188593,0.09449559842872317,-1.4849328010559952,True,True
signal_B_signal_Kst,10.32,7.851296604345458,65.56075292561877,0.09363770638230857,-1.5249056269696417,True,True
signal_B_signal_Kst,10.34,7.86651229543915,64.54373169955761,0.0927875368096721,-1.5649107630337116,True,True
signal_B_signal_Kst,10.36,7.881727986532844,63.53438206517194,0.09194589502032764,-1.6049394990922587,True,True
signal_B_signal_Kst,10.379999999999999,7.896943677626536,62.53365723010393,0.09110981510265886,-1.6449961964540414,True,True
signal_B_signal_Kst,10.4,7.9121593687202285,61.54250077791971,0.09027476025549,-1.6850756506842166,True,True
signal_B_signal_Kst,10.42,7.927375059813922,60.561838295408506,0.0894529078377894,-1.725202987626214,True,True
signal_B_signal_Kst,10.440000000000001,7.942590750907615,59.59256746577785,0.08863576033557713,-1.7653541554804577,True,True
signal_B_signal_Kst,10.46,7.957806442001307,58.63555369913661,0.08782045574162117,-1.8055271912128832,True,True
signal_B_signal_Kst,10.48,7.973022133094999,57.691626333768454,0.08702159143161169,-1.8457631801326226,True,True
signal_B_signal_Kst,10.5,7.988237824188693,56.76157252689177,0.08623273398060097,-1.886032763527729,True,True
signal_B_signal_Kst,10.52,8.003453515282384,55.84613759989429,0.08545405602477803,-1.926339673161735,True,True
signal_B_signal_Kst,10.54,8.018669206376078,54.94602399042401,0.0846861791030498,-1.966681677981738,True,True
signal_B_signal_Kst,10.56,8.033884897469772,54.0618916326398,0.08392884237189928,-2.0070564308053607,True,True
signal_B_signal_Kst,10.58,8.049100588563464,53.19435953529387,0.08318145043087079,-2.047460838621271,True,True
signal_B_signal_Kst,10.600000000000001,8.064316279657158,52.34400792557267,0.08244251099888457,-2.0878536422085734,True,True
signal_B_signal_Kst,10.620000000000001,8.07953197075085,51.51138006391284,0.08171801402184745,-2.1283197731563726,True,True
signal_B_signal_Kst,10.64,8.094747661844542,50.69698651462045,0.08100563066963733,-2.1688180256779415,True,True
signal_B_signal_Kst,10.66,8.109963352938236,49.901307455183314,0.08030586902291768,-2.209348932239709,True,True
signal_B_signal_Kst,10.68,8.125179044031928,49.12479595985542,0.07961900523374497,-2.249918413686193,True,True
signal_B_signal_Kst,10.7,8.14039473512562,48.36788092582651,0.07894556442345169,-2.2905212462879065,True,True
signal_B_signal_Kst,10.719999999999999,8.155610426219312,47.63096961423548,0.07828571364889275,-2.3311625341489393,True,True
signal_B_signal_Kst,10.74,8.170826117313005,46.914449927759506,0.07764008052031629,-2.3718386366207747,True,True
signal_B_signal_Kst,10.76,8.186041808406697,46.218692080637084,0.07700868943529623,-2.4125458073012975,True,True
signal_B_signal_Kst,10.780000000000001,8.201257499500393,45.54404978704952,0.07639170735373206,-2.4532901046931763,True,True
signal_B_signal_Kst,10.8,8.216473190594085,44.89086086404973,0.0757898112400061,-2.494074401189892,True,True
signal_B_signal_Kst,10.82,8.231688881687777,44.25944726047214,0.0752037885280586,-2.5349006885630754,True,True
signal_B_signal_Kst,10.84,8.24690457278147,43.65011453130728,0.07463403724977502,-2.5757725603715707,True,True
signal_B_signal_Kst,10.86,8.262120263875161,43.063149230539466,0.07406980738679907,-2.616572624751827,True,True
signal_B_signal_Kst,10.879999999999999,8.277335954968855,42.49882379155724,0.07353309463348874,-2.6575497169038633,True,True
signal_B_signal_Kst,10.9,8.292551646062547,41.95738500006905,0.07301479597834953,-2.6985670228187577,True,True
signal_B_signal_Kst,10.92,8.30776733715624,41.43905810841716,0.07251498762298914,-2.7396107813885497,True,True
signal_B_signal_Kst,10.940000000000001,8.322983028249935,40.944042970535065,0.07203367144899135,-2.780691217048724,True,True
signal_B_signal_Kst,10.96,8.338198719343627,40.47251144023676,0.07157178107123219,-2.821796356148365,True,True
signal_B_signal_Kst,10.98,8.353414410437319,40.02460463670445,0.07112943357483466,-2.862924435300114,True,True
signal_B_signal_Kst,11.0,8.368630101531012,39.600430472659355,0.070707433101366,-2.9040780645997213,True,True
signal_B_signal_Kst,11.02,8.383845792624705,39.200061204526946,0.07030627393454748,-2.945238539579113,True,True
signal_B_signal_Kst,11.04,8.399061483718397,38.82353114541888,0.06992724669633468,-2.9864045750662633,True,True
signal_B_signal_Kst,11.06,8.41427717481209,38.470834589538526,0.0695694385974257,-3.0275668015075556,True,True
signal_B_signal_Kst,11.08,8.429492865905782,38.141924968456124,0.0692310718379862,-3.0687338493574816,True,True
signal_B_signal_Kst,11.100000000000001,8.444708556999476,37.83671077998861,0.06891520172725006,-3.109874831631445,True,True
signal_B_signal_Kst,11.120000000000001,8.459924248093168,37.55506829764499,0.06861845443964884,3.1321783521105004,True,True
signal_B_signal_Kst,11.14,8.475139939186862,37.29681505165263,0.0683445218242362,3.0910937201295625,True,True
signal_B_signal_Kst,11.16,8.490355630280554,37.06173713847488,0.06809283479334015,3.0500533775828518,True,True
signal_B_signal_Kst,11.18,8.505571321374246,36.84957718844498,0.06786341756306405,3.0090834726962594,True,True
signal_B_signal_Kst,11.2,8.520787012467938,36.66003892557728,0.0676555577605261,2.968184807813704,True,True
signal_B_signal_Kst,11.219999999999999,8.536002703561632,36.49278969180841,0.06746908190834575,2.9273747134547015,True,True
signal_B_signal_Kst,11.24,8.551218394655324,36.34746360075587,0.06730387835662907,2.8866645009873575,True,True
signal_B_signal_Kst,11.26,8.566434085749016,36.22366527013719,0.06715958122467246,2.84606174567049,True,True
signal_B_signal_Kst,11.280000000000001,8.581649776842712,36.12097409488388,0.06703584319505394,2.805584125743196,True,True
signal_B_signal_Kst,11.3,8.596865467936404,36.03894901085596,0.06693162468470065,2.765238926601198,True,True
signal_B_signal_Kst,11.32,8.612081159030096,35.97713367665506,0.06684733309205401,2.725032962723285,True,True
signal_B_signal_Kst,11.34,8.627296850123788,35.935062006414,0.06678199754864358,2.6849807624077924,True,True
signal_B_signal_Kst,11.36,8.642512541217481,35.91226396941488,0.06673480848979291,2.645078861153631,True,True
signal_B_signal_Kst,11.379999999999999,8.657728232311173,35.90827154975,0.06670485895051283,2.605341010411692,True,True
signal_B_signal_Kst,11.4,8.672943923404866,35.92262479710371,0.06669290439792998,2.5657583428188606,True,True
signal_B_signal_Kst,11.42,8.68815961449856,35.95487786265244,0.06669717539964301,2.5263653573496976,True,True
signal_B_signal_Kst,11.440000000000001,8.703375305592253,36.00460486960992,0.06671674288285914,2.487139707257947,True,True
signal_B_signal_Kst,11.46,8.718590996685945,36.07140568507566,0.06675339354987178,2.448069793610666,True,True
signal_B_signal_Kst,11.48,8.733806687779637,36.15491119930539,0.06680424259985263,2.40917358454114,True,True
signal_B_signal_Kst,11.5,8.749022378873331,36.25478841690233,0.06686968286297744,2.3704439353661924,True,True
signal_B_signal_Kst,11.52,8.764238069967023,36.370744942362535,0.06694908325642066,2.3318758294468336,True,True
signal_B_signal_Kst,11.54,8.779453761060715,36.502532965939054,0.06704251618187833,2.293465990311977,True,True
signal_B_signal_Kst,11.56,8.794669452154409,36.64995270157851,0.06714933616445093,2.255201947186718,True,True
signal_B_signal_Kst,11.58,8.809885143248101,36.812855107249334,0.06726919981365384,2.2170765693074506,True,True
signal_B_signal_Kst,11.600000000000001,8.825100834341795,36.99114402489886,0.0674010212755906,2.1790832755056897,True,True
signal_B_signal_Kst,11.620000000000001,8.840316525435487,37.18477749650333,0.0675453302533849,2.1411944597846917,True,True
signal_B_signal_Kst,11.64,8.85553221652918,37.393768455276586,0.06770319189554984,2.103433178198293,True,True
signal_B_signal_Kst,11.66,8.870747907622873,37.61818494478439,0.06787426360891984,2.0657774236158306,True,True
signal_B_signal_Kst,11.68,8.885963598716565,37.858146756202586,0.06804814809633704,2.028117754316738,True,True
signal_B_signal_Kst,11.7,8.901179289810257,38.11383686310933,0.06825540648502697,1.9907318644770362,True,True
signal_B_signal_Kst,11.719999999999999,8.916394980903949,38.38547428955144,0.06846753816818553,1.9533663891726818,True,True
signal_B_signal_Kst,11.74,8.931610671997642,38.67333570578921,0.06868524661751982,1.9159475232844385,True,True
signal_B_signal_Kst,11.76,8.946826363091336,38.97774570126603,0.06892933928494024,1.8787632566184862,True,True
signal_B_signal_Kst,11.780000000000001,8.96204205418503,39.29906453201852,0.06918211412067524,1.8415529317892811,True,True
signal_B_signal_Kst,11.8,8.977257745278722,39.637695874154815,0.06944845020576244,1.804385172747294,True,True
signal_B_signal_Kst,11.82,8.992473436372414,39.994077110532544,0.06973066756609121,1.7672588188733986,True,True
signal_B_signal_Kst,11.84,9.007689127466106,40.36867634993246,0.07002736565955862,1.7301691367269807,True,True
signal_B_signal_Kst,11.86,9.022904818559798,40.761988114339374,0.0703396957489124,1.6931103024608616,True,True
signal_B_signal_Kst,11.879999999999999,9.038120509653492,41.17452902776017,0.07066857198708991,1.6560801513909118,True,True
signal_B_signal_Kst,11.9,9.053336200747186,41.606833482837374,0.07101364845211178,1.619076930034631,True,True
signal_B_signal_Kst,11.92,9.068551891840878,42.05944945085503,0.07137531171759114,1.5820941445175647,True,True
signal_B_signal_Kst,11.940000000000001,9.083767582934572,42.53293443084999,0.07175407120305342,1.5451346694535766,True,True
signal_B_signal_Kst,11.96,9.098983274028264,43.027851619834564,0.07215005091875296,1.5081992607669024,True,True
signal_B_signal_Kst,11.98,9.114198965121956,43.54476636548861,0.07256308822752207,1.4712787697474847,True,True
signal_B_signal_Kst,12.0,9.129414656215648,44.08424295083819,0.07299406513436042,1.4343802527080312,True,True
signal_B_signal_Kst,12.02,9.144630347309342,44.646841696597676,0.07344285831459017,1.3975037245648352,True,True
signal_B_signal_Kst,12.04,9.159846038403034,45.23311647991022,0.0739098029582541,1.3606500601321059,True,True
signal_B_signal_Kst,12.06,9.175061729496727,45.843612611129856,0.07439515448243873,1.3238188882229156,True,True
signal_B_signal_Kst,12.08,9.19027742059042,46.478865135147316,0.07489937091067303,1.2870187452603288,True,True
signal_B_signal_Kst,12.100000000000001,9.205493111684113,47.139397422760794,0.07542283044010038,1.2502473954671203,True,True
signal_B_signal_Kst,12.120000000000001,9.220708802777805,47.825720178625716,0.07596467798138552,1.213502490154925,True,True
signal_B_signal_Kst,12.14,9.235924493871499,48.53833089312889,0.07652364258402106,1.1767764285196385,True,True
signal_B_signal_Kst,12.16,9.251140184965191,49.27771335569946,0.07709991948662279,1.1400446523987624,True,True
signal_B_signal_Kst,12.18,9.266355876058883,50.0443377345473,0.07769604769541745,1.1034138387139036,True,True
signal_B_signal_Kst,12.2,9.281571567152575,50.83866019170841,0.07830901683526119,1.0667632287311417,True,True
signal_B_signal_Kst,12.219999999999999,9.296787258246267,51.6611235115779,0.07894285009302826,1.030125585079235,True,True
signal_B_signal_Kst,12.24,9.312002949339963,52.51215695541464,0.07959422933809654,0.9935281514880572,True,True
signal_B_signal_Kst,12.26,9.327218640433655,53.392176835880946,0.08025768797673215,0.9569576531970544,True,True
signal_B_signal_Kst,12.280000000000001,9.342434331527349,54.3015861817039,0.08094533872792832,0.9203881647397825,True,True
signal_B_signal_Kst,12.3,9.35765002262104,55.24077485030466,0.0816482651331952,0.8838468302372268,True,True
signal_B_signal_Kst,12.32,9.372865713714733,56.21011934933267,0.08236921742163135,0.8473238705465663,True,True
signal_B_signal_Kst,12.34,9.388081404808425,57.209982053663225,0.08310783462218568,0.8108219522674246,True,True
signal_B_signal_Kst,12.36,9.403297095902117,58.240710289063145,0.08386350998907739,0.7743200054056643,True,True
signal_B_signal_Kst,12.379999999999999,9.41851278699581,59.302634887826116,0.08463682490243297,0.7378410968210921,True,True
signal_B_signal_Kst,12.4,9.433728478089504,60.396068383329066,0.0854270306664226,0.7013644279008879,True,True
signal_B_signal_Kst,12.42,9.448944169183196,61.52130258264674,0.08623419177214407,0.6648918728530678,True,True
signal_B_signal_Kst,12.440000000000001,9.46415986027689,62.67860568247352,0.08705816731409102,0.6284224824525123,True,True
signal_B_signal_Kst,12.46,9.479375551370582,63.86821881910737,0.08789886290550626,0.5919531585586669,True,True
signal_B_signal_Kst,12.48,9.494591242464274,65.09035205783857,0.08875645013986068,0.5554925307771947,True,True
signal_B_signal_Kst,12.5,9.509806933557966,66.34517996580098,0.08963048294269504,0.5190247426329757,True,True
signal_B_signal_Kst,12.52,9.52502262465166,67.63283650204971,0.09052110609127016,0.48255771076415027,True,True
signal_B_signal_Kst,12.54,9.540238315745352,68.95340963243802,0.09142848094975346,0.44609489638476185,True,True
signal_B_signal_Kst,12.56,9.555454006839046,70.30693551776176,0.0923520543968489,0.40962501773724186,True,True
signal_B_signal_Kst,12.58,9.57066969793274,71.69339233213259,0.09329180607692941,0.3731593833447807,True,True
signal_B_signal_Kst,12.600000000000001,9.585885389026432,73.1126939752005,0.09424745610391683,0.33669414129496916,True,True
signal_B_signal_Kst,12.620000000000001,9.601101080120124,74.56468363100998,0.09521903320005828,0.30022678825102567,True,True
signal_B_signal_Kst,12.64,9.616316771213816,76.04912738723374,0.09620602825019352,0.2637582376031807,True,True
signal_B_signal_Kst,12.66,9.63153246230751,77.56570800808686,0.09720824016090619,0.2272928733323106,True,True
signal_B_signal_Kst,12.68,9.646748153401202,79.11401905310049,0.09822519566696854,0.1908311426958362,True,True
signal_B_signal_Kst,12.7,9.661963844494894,80.69355945044367,0.0992565317325875,0.1543680490776254,True,True
signal_B_signal_Kst,12.719999999999999,9.677179535588586,82.30372872374528,0.10030184820526705,0.11791024994472095,True,True
signal_B_signal_Kst,12.74,9.692395226682281,83.93523852256476,0.10033596719434605,0.08185710315627563,True,True
signal_B_signal_Kst,12.76,9.707610917775973,85.56890753240668,0.10010069379259746,0.044857412201284405,True,True
signal_B_signal_Kst,12.780000000000001,9.722826608869667,87.21062089514317,0.10000227871629758,0.006750811843290699,True,True
signal_B_signal_Kst,12.8,9.73804229996336,88.8670809420637,0.10005208732882255,-0.03226909660507207,True,True
signal_B_signal_Kst,12.82,9.753257991057051,90.54436308981849,0.1002596220841987,-0.07198077922765798,True,True
signal_B_signal_Kst,12.84,9.768473682150743,92.24776278534046,0.10063226155978412,-0.11215597582898765,True,True
signal_B_signal_Kst,12.86,9.783689373244435,93.98166013350351,0.10117513554347946,-0.1525609328130609,True,True
signal_B_signal_Kst,12.879999999999999,9.798905064338129,95.74940454220359,0.10189094443013781,-0.1929570003359952,True,True
signal_B_signal_Kst,12.9,9.814120755431823,97.55322021100005,0.102780324091065,-0.23312648885160206,True,True
signal_B_signal_Kst,12.92,9.829336446525515,99.39413192983534,0.10384164459803424,-0.27285749499726575,True,True
signal_B_signal_Kst,12.940000000000001,9.844552137619209,101.27190940627065,0.10507146965027327,-0.31196222716498234,True,True
signal_B_signal_Kst,12.96,9.8597678287129,103.18502752941436,0.10646480585995634,-0.35027747497297423,True,True
signal_B_signal_Kst,12.98,9.874983519806593,105.13063921290177,0.1080151711673786,-0.38766077200193155,True,True
signal_B_signal_Kst,13.0,9.890199210900287,107.10455728362672,0.10971528812507415,-0.4240014397529057,True,True
signal_B_signal_Kst,13.02,9.905414901993979,109.10124167505478,0.11155708734206082,-0.4592120370074325,True,True
signal_B_signal_Kst,13.04,9.92063059308767,111.11378844680235,0.11353230509966808,-0.49323331400665127,True,True
signal_B_signal_Kst,13.06,9.935846284181364,113.13391552385792,0.11563924142920987,-0.5261273421191501,True,True
signal_B_signal_Kst,13.08,9.951061975275056,115.15195531062909,0.11784849340524381,-0.5575629467644356,True,True
signal_B_signal_Kst,13.100000000000001,9.96627766636875,117.15681322286878,0.12017241294162619,-0.5878449417286724,True,True
signal_B_signal_Kst,13.120000000000001,9.981493357462444,119.13595488521082,0.12259555086651179,-0.6168748758009889,True,True
signal_B_signal_Kst,13.14,9.996709048556136,121.08908457304778,0.12403841139430304,-0.6521222948580723,True,True
signal_B_signal_Kst,13.16,10.011924739649828,123.03949357448073,0.12517072224447592,-0.6895369695298823,True,True
signal_B_signal_Kst,13.18,10.02714043074352,124.98691528347376,0.12629424550038193,-0.7270908288693865,True,True
signal_B_signal_Kst,13.2,10.042356121837212,126.93012119674017,0.12741147972490108,-0.7647867005779626,True,True
signal_B_signal_Kst,13.219999999999999,10.057571812930906,128.86800452697003,0.1285224375033041,-0.8026306679603139,True,True
signal_B_signal_Kst,13.24,10.0727875040246,130.79958306891217,0.12962550807428747,-0.8406325872058595,True,True
signal_B_signal_Kst,13.26,10.088003195118292,132.7205350433735,0.13022814938990307,-0.8755300236874721,True,True
signal_B_signal_Kst,13.280000000000001,10.103218886211986,134.46449620892326,0.1281828168828137,-0.8948828011272449,True,True
signal_B_signal_Kst,13.3,10.118434577305678,135.95323658313305,0.12600706320302119,-0.9167135120462421,True,True
signal_B_signal_Kst,13.32,10.13365026839937,137.20803993953336,0.12372122052612056,-0.941205970931133,True,True
signal_B_signal_Kst,13.34,10.148865959493063,138.25386198265937,0.12135156883021911,-0.9685267224366614,True,True
signal_B_signal_Kst,13.36,10.164081650586756,139.11882431567324,0.11892858178367005,-0.9988346414027895,True,True
signal_B_signal_Kst,13.379999999999999,10.179297341680448,139.83359345457143,0.11648702082434924,-1.0322686769305187,True,True
signal_B_signal_Kst,13.4,10.19451303277414,140.43067386292728,0.11406524620740116,-1.0689402938885952,True,True
signal_B_signal_Kst,13.42,10.209728723867833,140.94364893340708,0.11170419974013468,-1.108927988480142,True,True
signal_B_signal_Kst,13.440000000000001,10.224944414961527,141.40640552100922,0.1094475787421878,-1.1522467812235586,True,True
signal_B_signal_Kst,13.46,10.240160106055221,141.8523764105314,0.10733909646868141,-1.1988644121514518,True,True
signal_B_signal_Kst,13.48,10.255375797148913,142.3138312652743,0.10542320399580486,-1.2486490752326478,True,True
signal_B_signal_Kst,13.5,10.270591488242605,142.8212405845668,0.10374166462454538,-1.301404229302071,True,True
signal_B_signal_Kst,13.52,10.285807179336297,143.40273036259578,0.10233343782346022,-1.35683610135303,True,True
signal_B_signal_Kst,13.54,10.301022870429989,144.08363722997478,0.10123319262198426,-1.414549628686695,True,True
signal_B_signal_Kst,13.56,10.316238561523685,144.8861669204373,0.10046962691481391,-1.4740702870501385,True,True
signal_B_signal_Kst,13.58,10.331454252617375,145.8291524147278,0.10006462639122687,-1.5348542607283922,True,True
signal_B_signal_Kst,13.600000000000001,10.346669943711069,146.92790311097815,0.10003256192207491,-1.5963122390352578,True,True
signal_B_signal_Kst,13.620000000000001,10.361885634804763,148.1941327410616,0.10038004365453243,-1.6578415949244985,True,True
signal_B_signal_Kst,13.64,10.377101325898455,149.6359516039097,0.10110623409799434,-1.7188592524833732,True,True
signal_B_signal_Kst,13.66,10.392317016992147,151.25790775117548,0.10220332365431561,-1.7788162623443702,True,True
signal_B_signal_Kst,13.68,10.40753270808584,153.0610620717316,0.10365799471884625,-1.8372493373999377,True,True
signal_B_signal_Kst,13.7,10.422748399179532,155.04308322973088,0.10545096116507145,-1.8937312764550205,True,True
signal_B_signal_Kst,13.719999999999999,10.437964090273224,157.19834958786987,0.10756174302757307,-1.9479990116710266,True,True
signal_B_signal_Kst,13.74,10.453179781366917,159.51804812868045,0.10996600231571602,-1.9998208413071643,True,True
signal_B_signal_Kst,13.76,10.46839547246061,161.99026112112028,0.11263927887398678,-2.0490721898144195,True,True
signal_B_signal_Kst,13.780000000000001,10.483611163554304,164.600034406021,0.11555617626720932,-2.0956845365132524,True,True
signal_B_signal_Kst,13.8,10.498826854647998,167.32942241258547,0.11869149683018139,-2.1396475472269025,True,True
signal_B_signal_Kst,13.82,10.514042545741688,170.15750772300248,0.12202521007467543,-2.1810497927378036,True,True
signal_B_signal_Kst,13.84,10.529258236835382,173.06039259732188,0.12553126939061915,-2.2199192854668373,True,True
signal_B_signal_Kst,13.86,10.544473927929074,176.01116518253752,0.129190203336339,-2.256375482544653,True,True
signal_B_signal_Kst,13.879999999999999,10.559689619022766,178.97984001752616,0.13298202149816676,-2.29052994640766,True,True
signal_B_signal_Kst,13.9,10.57490531011646,181.93327741264056,0.1368883803355728,-2.322506331082783,True,True
signal_B_signal_Kst,13.92,10.590121001210152,184.83508572874075,0.14089196741715296,-2.352429986040032,True,True
signal_B_signal_Kst,13.940000000000001,10.605336692303846,187.44465237432155,0.14142135623730953,-2.356194490192345,True,True
signal_B_signal_Kst,13.96,10.62055238339754,189.40342571225074,0.14142135623730953,-2.356194490192345,True,True
signal_B_signal_Kst,13.98,10.635768074491232,190.68249831200728,0.14142135623730953,-2.356194490192345,True,True
signal_B_signal_Kst,14.0,10.650983765584924,191.25915207925618,0.14142135623730953,-2.356194490192345,True,True
signal_B_signal_Kst,14.02,10.666199456678617,191.1124533933289,0.14142135623730953,-2.356194490192345,True,True
signal_B_signal_Kst,14.040000000000001,10.68141514777231,190.2455723841656,0.14013914467662103,-2.365386425515556,True,True
signal_B_signal_Kst,14.06,10.696630838866003,189.0107236901497,0.13584553932182508,-2.3981312698697606,True,True
signal_B_signal_Kst,14.08,10.711846529959693,187.59058207619296,0.13151970421388182,-2.4346363474232855,True,True
signal_B_signal_Kst,14.1,10.727062221053387,186.05654992341033,0.12722233989649828,-2.4751495306638063,True,True
signal_B_signal_Kst,14.120000000000001,10.742277912147081,184.47804144046995,0.12301916218622969,-2.5198788661232325,True,True
signal_B_signal_Kst,14.14,10.757493603240775,182.92114163183282,0.11897708638572874,-2.5689979795699487,True,True
signal_B_signal_Kst,14.16,10.772709294334465,181.4474808671555,0.11516433137201829,-2.6226103618628454,True,True
signal_B_signal_Kst,14.18,10.787924985428159,180.11334128214912,0.1116488342115797,-2.680721521458843,True,True
signal_B_signal_Kst,14.2,10.80314067652185,178.96899542634878,0.10849626185531354,-2.743212907018078,True,True
signal_B_signal_Kst,14.22,10.818356367615545,178.0582644458409,0.10576862669098828,-2.809800056512262,True,True
signal_B_signal_Kst,14.24,10.833572058709237,177.41827317866796,0.10352098681807266,-2.880032435758319,True,True
signal_B_signal_Kst,14.26,10.848787749802929,177.07937315709,0.10179987666445994,-2.953269070134174,True,True
signal_B_signal_Kst,14.28,10.864003440896623,177.06520111250666,0.10064065615615739,-3.02869850712636,True,True
signal_B_signal_Kst,14.3,10.879219131990316,177.39283999349436,0.10006561387034384,-3.1053771834368487,True,True
signal_B_signal_Kst,14.32,10.894434823084007,178.0730509285636,0.10008288188021244,3.100892610440002,True,True
signal_B_signal_Kst,14.34,10.9096505141777,179.1105474650135,0.1006865515891703,3.0247468986619768,True,True
signal_B_signal_Kst,14.36,10.924866205271394,180.5042872393035,0.10185784064673582,2.9503061517089555,True,True
signal_B_signal_Kst,14.38,10.940081896365086,182.24776044792634,0.10356737909201116,2.8783642861068786,True,True
signal_B_signal_Kst,14.4,10.955297587458778,184.32925892133153,0.10577665964597853,2.809579702566839,True,True
signal_B_signal_Kst,14.42,10.97051327855247,186.73211344750007,0.10844348431341023,2.7443708322900666,True,True
signal_B_signal_Kst,14.44,10.985728969646164,189.4348914887196,0.11152189152466806,2.6830192821959855,True,True
signal_B_signal_Kst,14.46,11.000944660739858,192.411550113658,0.11496560621854583,2.6256445589961843,True,True
signal_B_signal_Kst,14.48,11.016160351833548,195.63154263082606,0.11872843005950796,2.5722550713883745,True,True
signal_B_signal_Kst,14.5,11.031376042927242,199.05988054550198,0.12277137162388306,2.5227013315020836,True,True
signal_B_signal_Kst,14.52,11.046591734020936,202.65715263778134,0.1270507139869544,2.476868993204,True,True
signal_B_signal_Kst,14.540000000000001,11.061807425114628,206.3795100125742,0.13153003525479376,2.43454440610451,True,True
signal_B_signal_Kst,14.56,11.077023116208322,210.17862218930122,0.13617533136129448,2.3955010618029795,True,True
signal_B_signal_Kst,14.58,11.092238807302014,214.0016161040012,0.14095471613482796,2.359510561932577,True,True
signal_B_signal_Kst,14.6,11.107454498395706,217.4857510249908,0.14142135623730953,2.356194490192345,True,True
signal_B_signal_Kst,14.620000000000001,11.1226701894894,220.15346566741778,0.14142135623730953,2.356194490192345,True,True
signal_B_signal_Kst,14.64,11.137885880583093,221.9785110237858,0.14142135623730953,2.356194490192345,True,True
signal_B_signal_Kst,14.66,11.153101571676784,222.94055651139388,0.14142135623730953,2.356194490192345,True,True
signal_B_signal_Kst,14.68,11.168317262770477,223.02182368357535,0.14142135623730953,2.356194490192345,True,True
signal_B_signal_Kst,14.700000000000001,11.183532953864171,222.20724579007083,0.14142135623730953,2.356194490192345,True,True
signal_B_signal_Kst,14.72,11.198748644957863,220.4846123250618,0.14142135623730953,2.356194490192345,True,True
signal_B_signal_Kst,14.74,11.213964336051555,217.84469585063516,0.14142135623730953,2.356194490192345,True,True
signal_B_signal_Kst,14.76,11.229180027145247,214.5910790322,0.13678234224839378,2.3216766560965367,True,True
signal_B_signal_Kst,14.78,11.244395718238941,211.3143514160738,0.13141769353569396,2.276843477874201,True,True
signal_B_signal_Kst,14.8,11.259611409332635,208.1145562514057,0.1262272302282943,2.227150836345086,True,True
signal_B_signal_Kst,14.82,11.274827100426325,205.07510645230718,0.12129052642378858,2.172333477713726,True,True
signal_B_signal_Kst,14.84,11.290042791520019,202.27120803455568,0.1166880044823982,2.1122000767080844,True,True
signal_B_signal_Kst,14.86,11.305258482613713,199.7692908319425,0.1125007442832452,2.0466914128471276,True,True
signal_B_signal_Kst,14.88,11.320474173707405,197.62669109091712,0.10880774757388632,1.975923700761746,True,True
signal_B_signal_Kst,14.9,11.335689864801097,195.89154557317534,0.10568362428584016,1.900246437694158,True,True
signal_B_signal_Kst,14.92,11.35090555589479,194.60285426180826,0.10319461437783335,1.8202687202966863,True,True
signal_B_signal_Kst,14.94,11.366121246988483,193.7906692712877,0.10139544024312454,1.7368929276447607,True,True
signal_B_signal_Kst,14.96,11.381336938082177,193.4763704547654,0.10032464012266422,1.651265487190887,True,True
signal_B_signal_Kst,14.98,11.396552629175867,193.6729924772144,0.10000185203107262,1.5647102730823959,True,True
signal_B_signal_Kst,15.0,11.41176832026956,194.3855733372834,0.10042616660244319,1.4786379193697032,True,True
signal_B_signal_Kst,15.02,11.426984011363254,195.6115008264278,0.10157753633522781,1.3943268834858178,True,True
signal_B_signal_Kst,15.040000000000001,11.442199702456948,197.34083583713618,0.10341756948960704,1.3129981687972538,True,True
signal_B_signal_Kst,15.06,11.45741539355064,199.55660325254485,0.10589469738213582,1.235565354629148,True,True
signal_B_signal_Kst,15.08,11.472631084644332,202.2350380402761,0.10894886344284388,1.1626592281297854,True,True
signal_B_signal_Kst,15.1,11.487846775738024,205.34578525262577,0.11251518829153409,1.0946522268838415,True,True
signal_B_signal_Kst,15.120000000000001,11.503062466831718,208.85205313958,0.11652603578370396,1.031708509791041,True,True
signal_B_signal_Kst,15.14,11.518278157925412,212.7107252401097,0.1209223514323623,0.9737094287513892,True,True
signal_B_signal_Kst,15.16,11.533493849019102,216.87243372845546,0.1256383996390761,0.9205504993202213,True,True
signal_B_signal_Kst,15.18,11.548709540112796,221.28161292967343,0.1306190680748725,0.8719501726365614,True,True
signal_B_signal_Kst,15.200000000000001,11.56392523120649,225.87653779916764,0.13581206267585022,0.8276030669786172,True,True
signal_B_signal_Kst,15.22,11.579140922300182,230.58936837607553,0.1411695071588339,0.7871837775228151,True,True
signal_B_signal_Kst,15.24,11.594356613393874,234.92822633311766,0.14142135623730953,0.7853981633974483,True,True
signal_B_signal_Kst,15.26,11.609572304487568,238.35076659112224,0.14142135623730953,0.7853981633974483,True,True
signal_B_signal_Kst,15.28,11.624787995581258,240.83606752276046,0.14142135623730953,0.7853981633974483,True,True
signal_B_signal_Kst,15.3,11.640003686674953,242.3670747587953,0.14142135623730953,0.7853981633974483,True,True
signal_B_signal_Kst,15.32,11.655219377768644,242.92971859965473,0.14142135623730953,0.7853981633974483,True,True
signal_B_signal_Kst,15.34,11.670435068862338,242.51302614449514,0.14142135623730953,0.7853981633974483,True,True
signal_B_signal_Kst,15.36,11.685650759956031,241.109216602556,0.14142135623730953,0.7853981633974483,True,True
signal_B_signal_Kst,15.38,11.700866451049725,238.7137789906035,0.14142135623730953,0.7853981633974483,True,True
signal_B_signal_Kst,15.4,11.716082142143415,235.3255315974559,0.14142135623730953,0.7853981633974483,True,True
signal_B_signal_Kst,15.42,11.73129783323711,231.39625237111022,0.1359421049509219,0.7442336283414412,True,True
signal_B_signal_Kst,15.44,11.746513524330801,227.55279360963186,0.1302804676036982,0.6957475449459827,True,True
signal_B_signal_Kst,15.46,11.761729215424495,223.88940377365748,0.12486049610970658,0.6420099217625261,True,True
signal_B_signal_Kst,15.48,11.776944906518187,220.48955936709217,0.11976437255440317,0.5827128730189994,True,True
signal_B_signal_Kst,15.5,11.792160597611879,217.42709771396085,0.11507865864700693,0.5176774812027531,True,True
signal_B_signal_Kst,15.52,11.807376288705573,214.76588349573603,0.11088806922012599,0.4468557875277072,True,True
signal_B_signal_Kst,15.540000000000001,11.822591979799267,212.559661607085,0.10727715024383529,0.37044880843502326,True,True
signal_B_signal_Kst,15.56,11.837807670892957,210.85205760673261,0.10432509795641796,0.2889552025964311,True,True
signal_B_signal_Kst,15.58,11.85302336198665,209.6766892928299,0.1021006561402149,0.20320091116144395,True,True
signal_B_signal_Kst,15.6,11.868239053080345,209.05735543757555,0.10065733200523504,0.1143460866127309,True,True
signal_B_signal_Kst,15.620000000000001,11.883454744174037,209.00827219805205,0.10002837133614076,0.023817905026130962,True,True
signal_B_signal_Kst,15.64,11.89867043526773,209.53433244676626,0.10022363163443017,-0.06681551750358694,True,True
signal_B_signal_Kst,15.66,11.91388612636142,210.63136938029402,0.10122818186945025,-0.15593216233663112,True,True
signal_B_signal_Kst,15.68,11.929101817455114,212.28640823418232,0.10300510546957299,-0.24214584946295464,True,True
signal_B_signal_Kst,15.700000000000001,11.944317508548808,214.47790084086319,0.10549849310392612,-0.3242785737935744,True,True
signal_B_signal_Kst,15.72,11.959533199642502,217.17593559480338,0.10863971532012431,-0.40150546878703886,True,True
signal_B_signal_Kst,15.74,11.974748890736192,220.3424257301374,0.11235267241742064,-0.4733316480825166,True,True
signal_B_signal_Kst,15.76,11.989964581829886,223.93128025518558,0.1165583723665925,-0.5395514165497962,True,True
signal_B_signal_Kst,15.78,12.005180272923576,227.8885665747125,0.12117926197203023,-0.600198160541212,True,True
signal_B_signal_Kst,15.8,12.020395964017272,232.15267725116928,0.12614105530342223,-0.6554670959156503,True,True
signal_B_signal_Kst,15.82,12.035611655110964,236.65451641060213,0.13137431800235702,-0.7056598510078211,True,True
signal_B_signal_Kst,15.84,12.050827346204656,241.31772380886423,0.13681442427129498,-0.7511315625201329,True,True
signal_B_signal_Kst,15.86,12.066043037298348,246.04412014300988,0.14142135623730953,-0.7853981633974483,True,True
signal_B_signal_Kst,15.88,12.081258728392044,250.13043183307377,0.14142135623730953,-0.7853981633974483,True,True
signal_B_signal_Kst,15.9,12.096474419485734,253.21676720444248,0.14142135623730953,-0.7853981633974483,True,True
signal_B_signal_Kst,15.92,12.111690110579428,255.28854716525143,0.14142135623730953,-0.7853981633974483,True,True
signal_B_signal_Kst,15.94,12.126905801673121,256.3343759675229,0.14142135623730953,-0.7853981633974483,True,True
signal_B_signal_Kst,15.96,12.142121492766814,256.3461134299205,0.14142135623730953,-0.7853981633974483,True,True
signal_B_signal_Kst,15.98,12.157337183860506,255.31893019526956,0.14142135623730953,-0.7853981633974483,True,True
signal_B_signal_Kst,16.0,12.172552874954198,253.2513456707095,0.14142135623730953,-0.7853981633974483,True,True
signal_B_signal_Kst,16.02,12.187768566047891,250.14524843516165,0.14142135623730953,-0.7853981633974483,True,True
signal_B_signal_Kst,16.04,12.202984257141583,246.00589903065202,0.14142135623730953,-0.7853981633974483,True,True
signal_B_signal_Kst,16.060000000000002,12.218199948235279,240.97822157567202,0.13843382789168462,-0.8072188697902236,True,True
signal_B_signal_Kst,16.08,12.233415639328967,235.92089244692988,0.1325947348125799,-0.8544010813655404,True,True
signal_B_signal_Kst,16.1,12.248631330422663,231.0609452497747,0.12698177781918968,-0.9067656884234342,True,True
signal_B_signal_Kst,16.12,12.263847021516355,226.4853292840885,0.12167328351937061,-0.9646913216291912,True,True
signal_B_signal_Kst,16.14,12.279062712610049,222.27170892159097,0.11675307625462884,-1.0284664501400849,True,True
signal_B_signal_Kst,16.16,12.294278403703741,218.48809739248304,0.11230776502534613,-1.0982460009007513,True,True
signal_B_signal_Kst,16.18,12.309494094797433,215.19261594816157,0.10842542580555238,-1.173971698291259,True,True
signal_B_signal_Kst,16.200000000000003,12.324709785891129,212.43335174515823,0.1051923745854839,-1.2552895506260093,True,True
signal_B_signal_Kst,16.22,12.339925476984817,210.248289839466,0.1026877740475688,-1.3414964286010793,True,True
signal_B_signal_Kst,16.240000000000002,12.355141168078513,208.6652977903682,0.10097791665267741,-1.4315114925050718,True,True
signal_B_signal_Kst,16.259999999999998,12.370356859172203,207.7021451342257,0.1001100560195037,-1.5239017262219943,True,True
signal_B_signal_Kst,16.28,12.385572550265898,207.36654422773427,0.100106939695708,-1.6170228303990166,True,True
signal_B_signal_Kst,16.3,12.40078824135959,207.65620347567892,0.10096454984556148,-1.7091336072059484,True,True
signal_B_signal_Kst,16.32,12.416003932453282,208.5588885021332,0.10265214938046986,-1.7986045894155342,True,True
signal_B_signal_Kst,16.34,12.431219623546975,210.05249136605266,0.10511595165045873,-1.8840680838091384,True,True
signal_B_signal_Kst,16.36,12.446435314640667,212.10511230257816,0.10828470255934283,-1.9645082060450982,True,True
signal_B_signal_Kst,16.380000000000003,12.461651005734362,214.67516254429302,0.11207602548500215,-2.039285543535774,True,True
signal_B_signal_Kst,16.4,12.476866696828052,217.71150048583013,0.11640216745035899,-2.1081025558719944,True,True
signal_B_signal_Kst,16.42,12.492082387921748,221.15361665604678,0.12117506587018673,-2.170943890752227,True,True
signal_B_signal_Kst,16.439999999999998,12.507298079015436,224.93188549346542,0.12630921591799557,-2.2279930398706074,True,True
signal_B_signal_Kst,16.46,12.522513770109132,228.96790368770667,0.13172346127229506,-2.2795614937986657,True,True
signal_B_signal_Kst,16.48,12.537729461202824,233.1749356176108,0.13734238763863701,-2.326035913656863,True,True
signal_B_signal_Kst,16.5,12.552945152296518,237.41623533987377,0.14142135623730953,-2.356194490192345,True,True
signal_B_signal_Kst,16.52,12.56816084339021,240.90376018952884,0.14142135623730953,-2.356194490192345,True,True
signal_B_signal_Kst,16.54,12.583376534483902,243.36403981578428,0.14142135623730953,-2.356194490192345,True,True
signal_B_signal_Kst,16.560000000000002,12.598592225577598,244.78921668151702,0.14142135623730953,-2.356194490192345,True,True
signal_B_signal_Kst,16.58,12.613807916671286,245.1747210387423,0.14142135623730953,-2.356194490192345,True,True
signal_B_signal_Kst,16.6,12.629023607764982,244.51928501641578,0.14142135623730953,-2.356194490192345,True,True
signal_B_signal_Kst,16.62,12.644239298858675,242.8249404916969,0.14142135623730953,-2.356194490192345,True,True
signal_B_signal_Kst,16.64,12.659454989952366,240.0970009128696,0.14142135623730953,-2.356194490192345,True,True
signal_B_signal_Kst,16.66,12.67467068104606,236.3440273548158,0.14142135623730953,-2.356194490192345,True,True
signal_B_signal_Kst,16.68,12.689886372139751,231.9590723861652,0.13652744879276857,-2.3927150011862293,True,True
signal_B_signal_Kst,16.700000000000003,12.705102063233447,227.66735644085566,0.13090870433266813,-2.440117669294209,True,True
signal_B_signal_Kst,16.72,12.720317754327137,223.5719841221021,0.12551367568884636,-2.4926544427987256,True,True
signal_B_signal_Kst,16.740000000000002,12.735533445420833,219.756433681898,0.12041714481376539,-2.5507050601891073,True,True
signal_B_signal_Kst,16.759999999999998,12.750749136514521,216.29575057157035,0.11570029458478319,-2.6145573600776495,True,True
signal_B_signal_Kst,16.78,12.765964827608217,213.25611518838582,0.11144805847720274,-2.684363068923402,True,True
signal_B_signal_Kst,16.8,12.781180518701909,210.69448967203516,0.10774762748573663,-2.7600590033168273,True,True
signal_B_signal_Kst,16.82,12.796396209795601,208.65832700421333,0.1046850128604963,-2.8412885463144857,True,True
signal_B_signal_Kst,16.84,12.811611900889295,207.18532806889675,0.10233998639973621,-2.9273381380886985,True,True
signal_B_signal_Kst,16.86,12.826827591982985,206.30323542358155,0.10077967724758817,-3.017122181641299,True,True
signal_B_signal_Kst,16.880000000000003,12.84204328307668,206.02965605222835,0.10005245333359328,-3.1092104313324724,True,True
signal_B_signal_Kst,16.9,12.857258974170371,206.37190922265881,0.10018241241602875,3.0812377762032,True,True
signal_B_signal_Kst,16.92,12.872474665264065,207.3268995685678,0.10116641308642785,2.98959349977221,True,True
signal_B_signal_Kst,16.939999999999998,12.887690356357757,208.88101767543935,0.10297746845208497,2.900535794822491,True,True
signal_B_signal_Kst,16.96,12.902906047451452,211.01008942745625,0.1055523565598665,2.8157993927672345,True,True
signal_B_signal_Kst,16.98,12.918121738545143,213.6793463677525,0.1088284640993648,2.736021625916805,True,True
signal_B_signal_Kst,17.0,12.933337429638836,216.8434978862158,0.1127185423087016,2.6619621386386063,True,True
signal_B_signal_Kst,17.02,12.948553120732528,220.4468570583192,0.11713308200382641,2.5939028903338146,True,True
signal_B_signal_Kst,17.04,12.96376881182622,224.42357914787817,0.121981006078348,2.531857592638196,True,True
signal_B_signal_Kst,17.060000000000002,12.978984502919916,228.6980200076075,0.1271736968730277,2.4756360155823574,True,True
signal_B_signal_Kst,17.08,12.994200194013604,233.1852364248482,0.13262697375496604,2.424918278710906,True,True
signal_B_signal_Kst,17.1,13.0094158851073,237.79164698003456,0.13826112626501966,2.379320922407737,True,True
signal_B_signal_Kst,17.12,13.024631576200994,242.31745577837955,0.14142135623730953,2.356194490192345,True,True
signal_B_signal_Kst,17.14,13.039847267294684,245.95743956217552,0.14142135623730953,2.356194490192345,True,True
signal_B_signal_Kst,17.16,13.055062958388378,248.5495329956027,0.14142135623730953,2.356194490192345,True,True
signal_B_signal_Kst,17.18,13.070278649482072,250.08925805431613,0.14142135623730953,2.356194490192345,True,True
signal_B_signal_Kst,17.200000000000003,13.085494340575764,250.57540655195749,0.14142135623730953,2.356194490192345,True,True
signal_B_signal_Kst,17.22,13.100710031669456,250.01001938755712,0.14142135623730953,2.356194490192345,True,True
signal_B_signal_Kst,17.240000000000002,13.115925722763151,248.3983511617539,0.14142135623730953,2.356194490192345,True,True
signal_B_signal_Kst,17.259999999999998,13.13114141385684,245.74882068788315,0.14142135623730953,2.356194490192345,True,True
signal_B_signal_Kst,17.28,13.146357104950535,242.0729478925216,0.14142135623730953,2.356194490192345,True,True
signal_B_signal_Kst,17.3,13.16157279604423,237.46550091515746,0.13917517520517303,2.339922144130898,True,True
signal_B_signal_Kst,17.32,13.17678848713792,232.69154739206965,0.1337170317022573,2.296778285046999,True,True
signal_B_signal_Kst,17.34,13.192004178231613,228.00723799266098,0.1284275680144635,2.2490828162295955,True,True
signal_B_signal_Kst,17.36,13.207219869325304,223.4936461595421,0.12336992106456295,2.196467305424392,True,True
signal_B_signal_Kst,17.380000000000003,13.222435560419,219.22454361880455,0.11861333323800045,2.138616013155984,True,True
signal_B_signal_Kst,17.4,13.237651251512691,215.26592584663922,0.11423151220059775,2.075298575829998,True,True
signal_B_signal_Kst,17.42,13.252866942606383,211.67558791453598,0.11030173459803026,2.006427079261654,True,True
signal_B_signal_Kst,17.439999999999998,13.268082633700075,208.50274141555997,0.10690306629602907,1.9321280462696007,True,True
signal_B_signal_Kst,17.46,13.28329832479377,205.78766577193005,0.10411257596207485,1.852803680330959,True,True
signal_B_signal_Kst,17.48,13.298514015887461,203.56139019866578,0.1020004848540765,1.7691744968539882,True,True
signal_B_signal_Kst,17.5,13.313729706981155,201.84540584340084,0.10062473333877733,1.6822860709592622,True,True
signal_B_signal_Kst,17.52,13.328945398074849,200.65141093509487,0.10002573625151355,1.5934814466329983,True,True
signal_B_signal_Kst,17.54,13.344161089168539,199.9810952381165,0.10022138795009222,1.50431621222163,True,True
signal_B_signal_Kst,17.560000000000002,13.359376780262235,199.8259731120736,0.10120479689080117,1.4163409073243132,True,True
signal_B_signal_Kst,17.58,13.374592471355923,200.16727617730703,0.10294203964666569,1.3311434394920119,True,True
signal_B_signal_Kst,17.6,13.389808162449619,200.9759311649375,0.10538819230824907,1.2496458968308988,True,True
signal_B_signal_Kst,17.62,13.405023853543312,202.21260710021193,0.10846637134839417,1.1730718397127273,True,True
signal_B_signal_Kst,17.64,13.420239544637003,203.82790410420375,0.11209862848081296,1.1019088313771974,True,True
signal_B_signal_Kst,17.66,13.435455235730696,205.76264736107623,0.11619888094408155,1.0364338419403358,True,True
signal_B_signal_Kst,17.68,13.45067092682439,207.94833603600455,0.1206797184531032,0.9766731594631796,True,True
signal_B_signal_Kst,17.700000000000003,13.465886617918082,210.30775126980961,0.12545520209097036,0.9224728315903187,True,True
signal_B_signal_Kst,17.72,13.481102309011774,212.7557364733982,0.13044314217561578,0.8735566716363193,True,True
signal_B_signal_Kst,17.740000000000002,13.49631800010547,215.20015698557495,0.13556633249380926,0.8295776531856321,True,True
signal_B_signal_Kst,17.759999999999998,13.511533691199158,217.54321922821578,0.14075287693534438,0.7901588251274491,True,True
signal_B_signal_Kst,17.78,13.526749382292854,219.3900018339284,0.14142135623730953,0.7853981633974483,True,True
signal_B_signal_Kst,17.8,13.541965073386548,220.2235947526549,0.14142135623730953,0.7853981633974483,True,True
signal_B_signal_Kst,17.82,13.557180764480238,220.03957153100623,0.14142135623730953,0.7853981633974483,True,True
signal_B_signal_Kst,17.84,13.572396455573932,218.84327330540032,0.14142135623730953,0.7853981633974483,True,True
signal_B_signal_Kst,17.86,13.587612146667622,216.64306119408775,0.14142135623730953,0.7853981633974483,True,True
signal_B_signal_Kst,17.880000000000003,13.602827837761318,213.45025013643658,0.14142135623730953,0.7853981633974483,True,True
signal_B_signal_Kst,17.9,13.61804352885501,209.33038938483242,0.139625658155574,0.7724532141920637,True,True
signal_B_signal_Kst,17.92,13.633259219948702,204.99065796086484,0.1343029688086257,0.7308831311665234,True,True
signal_B_signal_Kst,17.939999999999998,13.648474911042394,200.71799515852808,0.12912617025039547,0.6849726503798188,True,True
signal_B_signal_Kst,17.96,13.66369060213609,196.5923376687174,0.12415431898652236,0.634363273768991,True,True
signal_B_signal_Kst,17.98,13.67890629322978,192.68691532712478,0.11945237849369236,0.5787378082495328,True,True
signal_B_signal_Kst,18.0,13.694121984323473,189.06773890371664,0.11509042514741437,0.5178569792256151,True,True
signal_B_signal_Kst,18.02,13.709337675417164,185.79313154219858,0.11114181178156052,0.4515968193758973,True,True
signal_B_signal_Kst,18.04,13.724553366510857,182.91329780959109,0.10768244520527578,0.38002199986571417,True,True
signal_B_signal_Kst,18.060000000000002,13.739769057604553,180.46992725461268,0.1047872585147176,0.30343916718142705,True,True
signal_B_signal_Kst,18.08,13.754984748698242,178.4958313804625,0.10252635892238438,0.22245419630361576,True,True
signal_B_signal_Kst,18.1,13.770200439791937,177.01461633344957,0.10095939703244966,0.13797021076568378,True,True
signal_B_signal_Kst,18.12,13.785416130885631,176.04039511304404,0.10013114925475315,0.05118712349598471,True,True
signal_B_signal_Kst,18.14,13.800631821979321,175.577547422851,0.10006642418039394,-0.03643828566903642,True,True
signal_B_signal_Kst,18.16,13.815847513073015,175.6205364702978,0.10076636130715887,-0.12340979332755699,True,True
signal_B_signal_Kst,18.18,13.831063204166709,176.15379423924514,0.10220868311434676,-0.20826821718839625,True,True
signal_B_signal_Kst,18.200000000000003,13.846278895260403,177.15168918607287,0.10434949725107538,-0.28974071801836593,True,True
signal_B_signal_Kst,18.22,13.861494586354093,178.57859069253755,0.10712764563594335,-0.36683869593035423,True,True
signal_B_signal_Kst,18.240000000000002,13.876710277447788,180.38904529392266,0.11046903335063699,-0.43887315001107585,True,True
signal_B_signal_Kst,18.259999999999998,13.891925968541477,182.5280793206732,0.1142919955377918,-0.5054598319143988,True,True
signal_B_signal_Kst,18.28,13.907141659635172,184.93164133782557,0.11851274827444247,-0.5664877871768446,True,True
signal_B_signal_Kst,18.3,13.922357350728864,187.52719563678647,0.12304767723419444,-0.6220371478855251,True,True
signal_B_signal_Kst,18.32,13.937573041822557,190.23447478071148,0.12781545280564405,-0.672321376418748,True,True
signal_B_signal_Kst,18.34,13.95278873291625,192.96639545770586,0.132739527369985,-0.7176471185825757,True,True
signal_B_signal_Kst,18.36,13.96800442400994,195.6301367277042,0.13774900381129557,-0.7583698926872264,True,True
signal_B_signal_Kst,18.380000000000003,13.983220115103636,198.1012478616385,0.14142135623730953,-0.7853981633974483,True,True
signal_B_signal_Kst,18.4,13.998435806197328,199.78794118193582,0.14142135623730953,-0.7853981633974483,True,True
signal_B_signal_Kst,18.42,14.013651497291022,200.4844357457696,0.14142135623730953,-0.7853981633974483,True,True
signal_B_signal_Kst,18.439999999999998,14.028867188384712,200.19503106269076,0.14142135623730953,-0.7853981633974483,True,True
signal_B_signal_Kst,18.46,14.044082879478408,198.92693755921846,0.14142135623730953,-0.7853981633974483,True,True
signal_B_signal_Kst,18.48,14.059298570572098,196.70550886563092,0.14043771718510029,-0.7924270181405608,True,True
signal_B_signal_Kst,18.5,14.074514261665792,194.04951143942458,0.13562793673276927,-0.8290815550082252,True,True
signal_B_signal_Kst,18.52,14.089729952759484,191.2676164673269,0.13089326078490887,-0.8694610131445853,True,True
signal_B_signal_Kst,18.54,14.104945643853176,188.43721069508956,0.12628339686038131,-0.9138646245652332,True,True
signal_B_signal_Kst,18.560000000000002,14.120161334946872,185.63066599352032,0.12185277007057557,-0.9625694770406834,True,True
signal_B_signal_Kst,18.58,14.13537702604056,182.91475066913063,0.11765929293009197,-1.0158175391194901,True,True
signal_B_signal_Kst,18.6,14.150592717134256,180.35008641226113,0.11376480544911241,-1.0737744777021645,True,True
signal_B_signal_Kst,18.62,14.16580840822795,177.99064682125163,0.11023280428839204,-1.1365109730751237,True,True
signal_B_signal_Kst,18.64,14.181024099321641,175.88329519582476,0.10712866448139957,-1.2039328796479813,True,True
signal_B_signal_Kst,18.66,14.196239790415333,174.06736136335712,0.10451652968012415,-1.2757423776097196,True,True
signal_B_signal_Kst,18.68,14.211455481509027,172.57425967020845,0.10245596442028487,-1.3514002864825008,True,True
signal_B_signal_Kst,18.700000000000003,14.226671172602721,171.4271523452867,0.100996950550995,-1.4301735817868346,True,True
signal_B_signal_Kst,18.72,14.241886863696411,170.64066387162825,0.10017935400239761,-1.510948796094941,True,True
signal_B_signal_Kst,18.740000000000002,14.257102554790107,170.22065503189606,0.10002382675591162,-1.5926238442537584,True,True
signal_B_signal_Kst,18.759999999999998,14.272318245883795,170.1640649421713,0.10053387974091238,-1.6738997003626035,True,True
signal_B_signal_Kst,18.78,14.287533936977491,170.45883199785658,0.10169338966459734,-1.7535438878700158,True,True
signal_B_signal_Kst,18.8,14.302749628071183,171.08390459199268,0.10346854971547916,-1.8304566141245688,True,True
signal_B_signal_Kst,18.82,14.317965319164875,172.00935241151865,0.10580994123121956,-1.9037203812655106,True,True
signal_B_signal_Kst,18.84,14.333181010258569,173.19658850233554,0.10865718293705291,-1.9726802673539687,True,True
signal_B_signal_Kst,18.86,14.34839670135226,174.59871134874948,0.11194146225432544,-2.036904590195064,True,True
signal_B_signal_Kst,18.880000000000003,14.363612392445956,176.16097414260798,0.1155912542112345,-2.096208355368974,True,True
signal_B_signal_Kst,18.9,14.378828083539647,177.82138627344852,0.1195336031026706,-2.1505733274279377,True,True
signal_B_signal_Kst,18.92,14.39404377463334,179.51144858338716,0.12369659514052418,-2.200113354311386,True,True
signal_B_signal_Kst,18.939999999999998,14.40925946572703,181.1570212549243,0.12801220811609776,-2.2450461823535153,True,True
signal_B_signal_Kst,18.96,14.424475156820726,182.67931863562058,0.13241589832669068,-2.2856390784917,True,True
signal_B_signal_Kst,18.98,14.439690847914418,183.99602143290736,0.13684778399180914,-2.3221889315940034,True,True
signal_B_signal_Kst,19.0,14.45490653900811,185.02249250916157,0.1412523310274958,-2.3549971541936707,True,True
signal_B_signal_Kst,19.02,14.470122230101802,185.4227785292976,0.14142135623730953,-2.356194490192345,True,True
signal_B_signal_Kst,19.04,14.485337921195494,184.87841992464905,0.14142135623730953,-2.356194490192345,True,True
signal_B_signal_Kst,19.060000000000002,14.50055361228919,183.39608249198295,0.14142135623730953,-2.356194490192345,True,True
signal_B_signal_Kst,19.08,14.51576930338288,180.99415259833063,0.1406794894665114,-2.36148194707248,True,True
signal_B_signal_Kst,19.1,14.530984994476576,178.13205343440154,0.13602286145322812,-2.396714545609114,True,True
signal_B_signal_Kst,19.12,14.546200685570268,175.12183801295237,0.13142515465313112,-2.4354789256985385,True,True
signal_B_signal_Kst,19.14,14.56141637666396,172.03820877588646,0.12693343839010826,-2.4780487919397625,True,True
signal_B_signal_Kst,19.16,14.576632067757652,168.95113181174383,0.12259873524752227,-2.5246811544347474,True,True
signal_B_signal_Kst,19.18,14.591847758851346,165.9252214695514,0.11847536010057653,-2.5756012322642174,True,True
signal_B_signal_Kst,19.200000000000003,14.60706344994504,163.01917603983406,0.11462161041577125,-2.6309607072601002,True,True
signal_B_signal_Kst,19.22,14.62227914103873,160.28526295198003,0.11109714381327107,-2.69082549377761,True,True
signal_B_signal_Kst,19.240000000000002,14.637494832132425,157.76885370069363,0.10796286390251282,-2.755120154502901,True,True
signal_B_signal_Kst,19.259999999999998,14.652710523226114,155.50800974972753,0.10527827619045577,-2.8235956109324976,True,True
signal_B_signal_Kst,19.28,14.66792621431981,153.53312299546815,0.10309794850720504,-2.8958273223193274,True,True
signal_B_signal_Kst,19.3,14.683141905413502,151.866614821776,0.10147074233726869,-2.971126233752128,True,True
signal_B_signal_Kst,19.32,14.698357596507195,150.52269996714176,0.10043399736241235,-3.0485944235788676,True,True
signal_B_signal_Kst,19.34,14.713573287600887,149.50722219533395,0.1000103718810251,-3.127190581073336,True,True
signal_B_signal_Kst,19.36,14.72878897869458,148.81756788686994,0.10020639271630842,3.0773994518555132,True,True
signal_B_signal_Kst,19.380000000000003,14.744004669788275,148.4426660943202,0.10101100128012824,2.999990646081659,True,True
signal_B_signal_Kst,19.4,14.759220360881965,148.36308086898316,0.10239647323010809,2.9248175205206994,True,True
signal_B_signal_Kst,19.42,14.774436051975659,148.55120326767565,0.1043207489879683,2.8527777191863586,True,True
signal_B_signal_Kst,19.439999999999998,14.78965174306935,148.97154743727015,0.10673016353003759,2.784572110911434,True,True
signal_B_signal_Kst,19.46,14.804867434163045,149.58115454025892,0.10956342695746753,2.7206724412946293,True,True
signal_B_signal_Kst,19.48,14.820083125256737,150.33010632790865,0.11275403360024554,2.661357332792843,True,True
signal_B_signal_Kst,19.5,14.835298816350429,151.16214792937853,0.11623545371183543,2.606698727746943,True,True
signal_B_signal_Kst,19.52,14.850514507444121,152.01541710616675,0.11994060143949303,2.5566541228791886,True,True
signal_B_signal_Kst,19.54,14.865730198537815,152.82327448300748,0.12380496163663682,2.511074395701675,True,True
signal_B_signal_Kst,19.560000000000002,14.88094588963151,153.51522712168708,0.12776810448458809,2.4697369431779235,True,True
signal_B_signal_Kst,19.58,14.896161580725199,154.01793449911042,0.1317738984735793,2.4323811800025505,True,True
signal_B_signal_Kst,19.6,14.911377271818894,154.25628385232108,0.1357699640803781,2.3987368721782976,True,True
signal_B_signal_Kst,19.62,14.926592962912586,154.154519167133,0.13970863423017021,2.368530128420941,True,True
signal_B_signal_Kst,19.64,14.941808654006278,153.57586789496986,0.14084310579387627,2.3520803802307433,True,True
signal_B_signal_Kst,19.66,14.957024345099972,152.50241767635953,0.13667242745267674,2.3208145085285308,True,True
signal_B_signal_Kst,19.68,14.972240036193664,151.15142228746572,0.1324987632681392,2.2863593014315238,True,True
signal_B_signal_Kst,19.700000000000003,14.987455727287358,149.59425595465723,0.12836435175778735,2.248471444945003,True,True
signal_B_signal_Kst,19.72,15.002671418381048,147.8995038197379,0.12431499386235942,2.20691403154316,True,True
signal_B_signal_Kst,19.740000000000002,15.017887109474744,146.13223750880115,0.1203992348976435,2.161462140679195,True,True
signal_B_signal_Kst,19.759999999999998,15.033102800568434,144.35333820878532,0.11666915405192277,2.111931330313526,True,True
signal_B_signal_Kst,19.78,15.04831849166213,142.61886783632508,0.11317932359636648,2.0581960956234164,True,True
signal_B_signal_Kst,19.8,15.06353418275582,140.9794895713701,0.10998676484850076,2.000233327267349,True,True
signal_B_signal_Kst,19.82,15.078749873849514,139.4799402416961,0.10714828641433054,1.9381360550084805,True,True
signal_B_signal_Kst,19.84,15.093965564943206,138.15855813844496,0.10471884493471947,1.872141973478078,True,True
signal_B_signal_Kst,19.86,15.109181256036898,137.04687084280727,0.10275068462999531,1.802704835055168,True,True
signal_B_signal_Kst,19.880000000000003,15.124396947130593,136.16924719473946,0.10128794593838855,1.7304379759188304,True,True
signal_B_signal_Kst,19.9,15.139612638224282,135.54262165097498,0.10036540915291063,1.6561543859033505,True,True
signal_B_signal_Kst,19.92,15.154828329317978,135.17629459212822,0.10000501137839103,1.5808074896817568,True,True
signal_B_signal_Kst,19.939999999999998,15.170044020411668,135.07181606475638,0.10021417192505906,1.5054066677386864,True,True
signal_B_signal_Kst,19.96,15.185259711505363,135.22295874783163,0.10098468746928212,1.4310340494747131,True,True
signal_B_signal_Kst,19.98,15.200475402599055,135.6157832040035,0.1022934657030233,1.358641969586377,True,True
signal_B_signal_Kst,20.0,15.21569109369275,136.22880139726954,0.10410427192586093,1.289064418536792,True,True
signal_B_signal_Kst,20.02,15.23090678478644,137.033239066453,0.10637037166562517,1.222956998602551,True,True
signal_B_signal_Kst,20.04,15.246122475880133,137.99339829687415,0.10903782413018219,1.1607765638904197,True,True
signal_B_signal_Kst,20.060000000000002,15.261338166973829,139.06711898554295,0.11204834435342421,1.1027955152036613,True,True
signal_B_signal_Kst,20.08,15.276553858067517,140.20633608264143,0.11534071345751373,1.0491431118029402,True,True
signal_B_signal_Kst,20.1,15.291769549161213,141.35772795286653,0.11885543888764007,0.9997913192471091,True,True
signal_B_signal_Kst,20.12,15.306985240254907,142.4634487395624,0.12253340320824369,0.954636967636803,True,True
signal_B_signal_Kst,20.14,15.322200931348597,143.46193642986873,0.12631971930794417,0.9134918623136901,True,True
signal_B_signal_Kst,20.16,15.33741662244229,144.28878610886818,0.13016221206239323,0.8761374863722611,True,True
signal_B_signal_Kst,20.18,15.352632313535981,144.87767654205118,0.1340131417046732,0.8423287830825192,True,True
signal_B_signal_Kst,20.200000000000003,15.367848004629677,145.1613369244626,0.13782745201323107,0.8118258172139331,True,True
signal_B_signal_Kst,20.22,15.383063695723369,145.19313454803228,0.1386278834243516,0.7650386363090402,True,True
signal_B_signal_Kst,20.240000000000002,15.398279386817064,145.0283178602674,0.13484224598393904,0.7353330924742674,True,True
signal_B_signal_Kst,20.259999999999998,15.413495077910753,144.5475957128706,0.1310292583087981,0.7025633456984438,True,True
signal_B_signal_Kst,20.28,15.428710769004448,143.81759122487028,0.12722873248649635,0.6665070059951421,True,True
signal_B_signal_Kst,20.3,15.443926460098139,142.90316192936393,0.12348413603976541,0.626950026466841,True,True
signal_B_signal_Kst,20.32,15.459142151191832,141.86661661676385,0.11984202495700605,0.5836953041019259,True,True
signal_B_signal_Kst,20.34,15.474357842285526,140.76697318658466,0.11635117684679107,0.5365701807244586,True,True
signal_B_signal_Kst,20.36,15.489573533379216,139.65926176360813,0.1130632715330462,0.48545974085650145,True,True
signal_B_signal_Kst,20.380000000000003,15.504789224472912,138.59387818198502,0.11003209387813687,0.43033571711189583,True,True
signal_B_signal_Kst,20.4,15.5200049155666,137.61599284274735,0.10731177442357251,0.3712786822055973,True,True
signal_B_signal_Kst,20.42,15.535220606660296,136.76502067480124,0.1049553641028371,0.30851350624899126,True,True
signal_B_signal_Kst,20.439999999999998,15.550436297753988,136.07415852473787,0.1030110382136334,0.2423789180028977,True,True
signal_B_signal_Kst,20.46,15.56565198884768,135.56999558775578,0.10152339589646672,0.17345342625793506,True,True
signal_B_signal_Kst,20.48,15.580867679941374,135.27220335072298,0.10052699802832951,0.10243964054201646,True,True
signal_B_signal_Kst,20.5,15.596083371035068,135.1933101028278,0.10004557005547884,0.030183689951999552,True,True
signal_B_signal_Kst,20.52,15.611299062128758,135.33856489086975,0.1000900241568129,-0.04241619323181296,True,True
signal_B_signal_Kst,20.54,15.626514753222452,135.7058957346294,0.10065722718468532,-0.11433701888002923,True,True
signal_B_signal_Kst,20.560000000000002,15.641730444316147,136.2859615837317,0.10173039496246149,-0.18470548008880924,True,True
signal_B_signal_Kst,20.58,15.656946135409836,137.06230320167174,0.10328027451934174,-0.2527072018163431,True,True
signal_B_signal_Kst,20.6,15.672161826503531,138.0115893818063,0.10526708422482783,-0.3176738887122493,True,True
signal_B_signal_Kst,20.62,15.687377517597225,139.10395730117057,0.1076435637891,-0.37911669079806753,True,True
signal_B_signal_Kst,20.64,15.702593208690915,140.30344377025676,0.11035722794768367,-0.4367098494990609,True,True
signal_B_signal_Kst,20.66,15.71780889978461,141.56850152955963,0.1133540302290039,-0.4902995658101677,True,True
signal_B_signal_Kst,20.68,15.7330245908783,142.85259409895207,0.11657779602865824,-0.5398295915553568,True,True
signal_B_signal_Kst,20.700000000000003,15.748240281971995,144.10486127917807,0.1199750024253498,-0.5853713597647205,True,True
signal_B_signal_Kst,20.72,15.763455973065687,145.27084624900453,0.12349280770035503,-0.6270469481422716,True,True
signal_B_signal_Kst,20.740000000000002,15.77867166415938,146.29327435583627,0.12708277383849367,-0.66504549656351,True,True
signal_B_signal_Kst,20.759999999999998,15.793887355253071,147.11287281979162,0.13069931086235664,-0.6995764527801993,True,True
signal_B_signal_Kst,20.78,15.809103046346767,147.6692200374655,0.13430090569133432,-0.7308659957613459,True,True
signal_B_signal_Kst,20.8,15.824318737440457,147.90161281855285,0.13784835054590927,-0.759130333986632,True,True
signal_B_signal_Kst,20.82,15.83953442853415,147.80631265759325,0.1393874033101292,-0.7984278004151041,False,True
signal_B_signal_Kst,20.84,15.854750119627845,147.47484918261307,0.13594392751977907,-0.8265481399672099,True,True
signal_B_signal_Kst,20.86,15.869965810721535,146.80524521210714,0.1323462004464976,-0.8565605182835679,True,True
signal_B_signal_Kst,20.880000000000003,15.88518150181523,145.85473897494148,0.12874509336534265,-0.8894550436651821,True,True
signal_B_signal_Kst,20.9,15.900397192908919,144.67930855545092,0.12517806120565514,-0.9254009911172287,True,True
signal_B_signal_Kst,20.92,15.915612884002615,143.3327701005362,0.12168358593151152,-0.9645691839605545,True,True
signal_B_signal_Kst,20.939999999999998,15.930828575096307,141.8661099547046,0.11830375313702504,-1.0070921971394247,True,True
signal_B_signal_Kst,20.96,15.946044266189999,140.32685531289576,0.11508162172922941,-1.053073634970727,True,True
signal_B_signal_Kst,20.98,15.961259957283692,138.75848955582387,0.1120617989281523,-1.102558033996134,True,True
signal_B_signal_Kst,21.0,15.976475648377386,137.19991934327663,0.10928948030716541,-1.1555107673685912,True,True
signal_B_signal_Kst,21.02,15.991691339471076,135.6850000592376,0.10680929562978105,-1.211794816001877,True,True
signal_B_signal_Kst,21.04,16.00690703056477,134.24212678001072,0.1046639587925999,-1.2711424939885403,True,True
signal_B_signal_Kst,21.060000000000002,16.022122721658466,132.89389705964754,0.10289066048704426,-1.3331956820872857,True,True
signal_B_signal_Kst,21.08,16.037338412752156,131.6568520828589,0.10152199454191113,-1.3974216987609351,True,True
signal_B_signal_Kst,21.1,16.05255410384585,130.54130080558116,0.10058164444917177,-1.4632008696926293,True,True
signal_B_signal_Kst,21.12,16.067769794939544,129.55123149885753,0.10008409456501102,-1.52979982089381,True,True
signal_B_signal_Kst,21.14,16.082985486033234,128.68431307404808,0.10003298315451004,-1.5964767050333697,True,True
signal_B_signal_Kst,21.16,16.098201177126928,127.93198871507934,0.10042084897791234,-1.6623799836564674,True,True
signal_B_signal_Kst,21.18,16.113416868220618,127.27965797822844,0.10122939922056191,-1.7268049656014735,True,True
signal_B_signal_Kst,21.200000000000003,16.128632559314315,126.70694980391318,0.10243067535878594,-1.789082403620246,True,True
signal_B_signal_Kst,21.22,16.143848250408006,126.1880789844904,0.10398913694055081,-1.8486772200740937,True,True
signal_B_signal_Kst,21.240000000000002,16.1590639415017,125.69228284540077,0.10586300679382879,-1.9051669604226928,True,True
signal_B_signal_Kst,21.259999999999998,16.17427963259539,125.1843303614387,0.10800666650253231,-1.958264210744234,True,True
signal_B_signal_Kst,21.28,16.189495323689084,124.62509648894229,0.11037268728998366,-2.0078061542796553,True,True
signal_B_signal_Kst,21.3,16.204711014782777,123.97219283355525,0.11291422410861901,-2.053748056128819,True,True
signal_B_signal_Kst,21.32,16.21992670587647,123.18064480554676,0.1155839923390838,-2.096099978798031,True,True
signal_B_signal_Kst,21.34,16.23514239697016,122.20360514237086,0.11833785796120824,-2.1349562150956998,True,True
signal_B_signal_Kst,21.36,16.250358088063855,120.99309352914293,0.12113298095340579,-2.170436029832923,True,True
signal_B_signal_Kst,21.380000000000003,16.26557377915755,119.50075162401913,0.12392951330057532,-2.2026902008667584,True,True
signal_B_signal_Kst,21.4,16.28078947025124,117.76156579006988,0.12410634194904409,-2.2484080661484382,False,True
signal_B_signal_Kst,21.42,16.296005161344933,115.99252150752818,0.12316210345820035,-2.300950925055489,False,True
signal_B_signal_Kst,21.439999999999998,16.311220852438623,114.2133257092014,0.12220543368192098,-2.353854146706513,False,True
signal_B_signal_Kst,21.46,16.326436543532317,112.42964148041096,0.12123868748050284,-2.4071354283779716,False,True
signal_B_signal_Kst,21.48,16.34165223462601,110.6472624036885,0.12026480100843988,-2.460810538977519,False,True
signal_B_signal_Kst,21.5,16.356867925719705,108.87209307360445,0.1192865051243246,-2.514897521862677,False,True
signal_B_signal_Kst,21.52,16.372083616813395,107.11012763438589,0.1183073008334505,-2.569417819082965,False,True
signal_B_signal_Kst,21.54,16.38729930790709,105.33764849491308,0.11561482719163851,-2.615829053876392,True,True
signal_B_signal_Kst,21.560000000000002,16.402514999000786,103.5182112075097,0.11264850154151142,-2.66315889057807,True,True
signal_B_signal_Kst,21.58,16.417730690094473,101.68918891689304,0.10990128206118219,-2.7138573233662866,True,True
signal_B_signal_Kst,21.6,16.43294638118817,99.88561924292071,0.10741641178489318,-2.7678199256786047,True,True
signal_B_signal_Kst,21.62,16.44816207228186,98.13757468316385,0.10523459930487826,-2.824858920725163,True,True
signal_B_signal_Kst,21.64,16.463377763375554,96.46978997379279,0.10339454533834046,-2.884640417715973,True,True
signal_B_signal_Kst,21.66,16.478593454469248,94.9013648877035,0.10192949546692377,-2.9467094452090894,True,True
signal_B_signal_Kst,21.68,16.49380914556294,93.44554701614538,0.10086506165183802,-3.0105299781540404,True,True
signal_B_signal_Kst,21.700000000000003,16.509024836656632,92.10959996002998,0.1002195585646934,-3.075387276234351,True,True
signal_B_signal_Kst,21.72,16.524240527750322,90.89475853633576,0.10000004569058686,-3.140636718765065,True,True
signal_B_signal_Kst,21.740000000000002,16.539456218844016,89.7962730859058,0.1002044153162033,3.077707176520895,True,True
signal_B_signal_Kst,21.759999999999998,16.55467190993771,88.80354287734576,0.10082003870257697,3.0139624239168574,True,True
signal_B_signal_Kst,21.78,16.569887601031404,87.90033580975205,0.10182394618231082,2.9520327544203453,True,True
signal_B_signal_Kst,21.8,16.585103292125094,87.06508993115472,0.1031857839927162,2.892456369772184,True,True
signal_B_signal_Kst,21.82,16.600318983218788,86.27129425970452,0.10486891778200158,2.8356763514164625,True,True
signal_B_signal_Kst,21.84,16.61553467431248,85.5036425532785,0.10549037106582064,2.777230058510366,False,True
signal_B_signal_Kst,21.86,16.630750365406172,84.82421051446863,0.10506161660732873,2.715139627054414,False,True
signal_B_signal_Kst,21.880000000000003,16.64596605649987,84.24543531709014,0.10469572774299547,2.652803083249802,False,True
signal_B_signal_Kst,21.9,16.661181747593556,83.76886733249012,0.10439509217155246,2.590275397561362,False,True
signal_B_signal_Kst,21.92,16.676397438687253,83.39553568707288,0.1041600333064038,2.527604149165446,False,True
signal_B_signal_Kst,21.939999999999998,16.691613129780944,83.1259424798061,0.10399216521875984,2.464844197216485,False,True
signal_B_signal_Kst,21.96,16.706828820874637,82.96006240392148,0.10389129191467122,2.4020474511411942,False,True
signal_B_signal_Kst,21.98,16.72204451196833,82.89734785070982,0.10385717671144634,2.339271977388788,False,True
signal_B_signal_Kst,22.0,16.737260203062025,82.93673943184149,0.10388968559266322,2.276570836534599,False,True
signal_B_signal_Kst,22.02,16.752475894155715,83.07668172519243,0.10398702930571058,2.2139954288180537,False,True
signal_B_signal_Kst,22.04,16.76769158524941,83.31514398149784,0.10414812820598898,2.1515967557058446,False,True
signal_B_signal_Kst,22.06,16.7829072763431,83.6496453592747,0.10437061380745344,2.089422485740205,False,True
signal_B_signal_Kst,22.080000000000002,16.798122967436793,84.07728420323792,0.10465235060362675,2.0275164963262835,False,True
signal_B_signal_Kst,22.1,16.813338658530487,84.5947707521957,0.10499033204030661,1.9659233842157957,False,True
signal_B_signal_Kst,22.12,16.82855434962418,85.19846264158195,0.10538128396383316,1.904665777860002,False,True
signal_B_signal_Kst,22.14,16.84377004071787,85.85692753879835,0.10399149860144048,1.8487568206333251,True,True
signal_B_signal_Kst,22.16,16.858985731811565,86.53187127688761,0.10249069723569029,1.791706998333898,True,True
signal_B_signal_Kst,22.18,16.874201422905255,87.24763768891376,0.10131584733970753,1.7321393610148796,True,True
signal_B_signal_Kst,22.2,16.88941711399895,88.02541369873938,0.10050064179217047,1.670652422410575,True,True
signal_B_signal_Kst,22.22,16.904632805092643,88.88143576703624,0.10006861426922559,1.6078301112446134,True,True
signal_B_signal_Kst,22.240000000000002,16.919848496186336,89.82672813086333,0.10003511637076819,1.5442987429361699,True,True
signal_B_signal_Kst,22.26,16.93506418728003,90.86691085243115,0.10040629297258546,1.4808049818122742,True,True
signal_B_signal_Kst,22.28,16.950279878373724,92.00208122940467,0.1011787449203895,1.4180035560356514,True,True
signal_B_signal_Kst,22.3,16.965495569467414,93.22677485590634,0.10233964516204258,1.35655713560135,True,True
signal_B_signal_Kst,22.32,16.980711260561108,94.53000448598914,0.10386804396937421,1.2970320483845015,True,True
signal_B_signal_Kst,22.34,16.9959269516548,95.8953787050782,0.1057357619465356,1.2399070720194476,True,True
signal_B_signal_Kst,22.36,17.011142642748492,97.30129818153114,0.10790909301514603,1.1855501838842406,True,True
signal_B_signal_Kst,22.38,17.026358333842186,98.72122748726542,0.11035030499887262,1.1342209021698184,True,True
signal_B_signal_Kst,22.4,17.041574024935876,100.12403866015643,0.11301936666627058,1.0860734425016696,True,True
signal_B_signal_Kst,22.42,17.05678971602957,101.47811708227528,0.11527254452682532,1.038161087907153,False,True
signal_B_signal_Kst,22.44,17.072005407123264,102.82001372255695,0.1160479744333204,0.9839324532411076,False,True
signal_B_signal_Kst,22.46,17.087221098216954,104.16624008464896,0.11682138177392294,0.9300959144098547,False,True
signal_B_signal_Kst,22.48,17.102436789310648,105.51227859813207,0.11759035280519305,0.876638178878668,False,True
signal_B_signal_Kst,22.5,17.11765248040434,106.85374457589455,0.11835268621321156,0.823548559380497,False,True
signal_B_signal_Kst,22.52,17.132868171498032,108.18639761618056,0.11910591368661992,0.7708095957126738,False,True
signal_B_signal_Kst,22.54,17.148083862591726,109.50615363231054,0.11984820053289477,0.7184087252618703,False,True
signal_B_signal_Kst,22.56,17.163299553685416,110.80909761699968,0.12057738082625777,0.6663271629110206,False,True
signal_B_signal_Kst,22.580000000000002,17.178515244779113,112.09149717464516,0.12129179140722167,0.614552831038398,False,True
signal_B_signal_Kst,22.6,17.193730935872807,113.27511754120928,0.11933619198025298,0.5772459646223294,True,True
signal_B_signal_Kst,22.62,17.208946626966497,114.2188132307408,0.11667347364945754,0.5411966053431315,True,True
signal_B_signal_Kst,22.64,17.22416231806019,114.96047807539708,0.11407554940560756,0.5020206093265095,True,True
signal_B_signal_Kst,22.66,17.239378009153885,115.54305306235733,0.11158078920043975,0.45964144138009594,True,True
signal_B_signal_Kst,22.68,17.254593700247575,116.00783905532967,0.10922798128312708,0.4140067811485519,True,True
signal_B_signal_Kst,22.7,17.26980939134127,116.39392301507041,0.10705895453050575,0.36516516999417725,True,True
signal_B_signal_Kst,22.72,17.285025082434963,116.73763595629043,0.10511350540801141,0.3131999071071466,True,True
signal_B_signal_Kst,22.740000000000002,17.300240773528653,117.07204804077764,0.10343111784285958,0.25829449177269664,True,True
signal_B_signal_Kst,22.76,17.315456464622347,117.42650625548322,0.10204932824615343,0.20074519498645682,True,True
signal_B_signal_Kst,22.78,17.33067215571604,117.82622065596411,0.10100174240184652,0.1409575020180795,True,True
signal_B_signal_Kst,22.8,17.34588784680973,118.29190416789766,0.10031626952390377,0.07942772990811006,True,True
signal_B_signal_Kst,22.82,17.361103537903425,118.83947091508048,0.10001402284447727,0.01674586874740285,True,True
signal_B_signal_Kst,22.84,17.37631922899712,119.4797963083247,0.10010806316743116,-0.04646847175214158,True,True
signal_B_signal_Kst,22.86,17.39153492009081,120.21854388661427,0.10060243074784196,-0.10949172182958193,True,True
signal_B_signal_Kst,22.88,17.406750611184503,121.05605867048098,0.10149198699307375,-0.17167818323371423,True,True
signal_B_signal_Kst,22.9,17.421966302278193,121.98733202243011,0.10276306836188775,-0.23241824329212757,True,True
signal_B_signal_Kst,22.92,17.43718199337189,123.0020368076639,0.1043941537389729,-0.29117211760555506,True,True
signal_B_signal_Kst,22.94,17.452397684465584,124.08463319328689,0.1063569739221293,-0.3474917377264889,True,True
signal_B_signal_Kst,22.96,17.467613375559274,125.21454406500743,0.10861831417844929,-0.4010411425346389,True,True
signal_B_signal_Kst,22.98,17.482829066652968,126.36639833315576,0.11114151123325064,-0.4515912439832543,True,True
signal_B_signal_Kst,23.0,17.498044757746662,127.51033912281332,0.1138871185727911,-0.49899815954896415,True,True
signal_B_signal_Kst,23.02,17.513260448840352,128.61239318912067,0.11681560542087042,-0.5432175070663052,True,True
signal_B_signal_Kst,23.04,17.528476139934046,129.63489779577867,0.11988637833414713,-0.5842552221552648,True,True
signal_B_signal_Kst,23.06,17.543691831027736,130.53697950720948,0.12306136487218577,-0.6221922605920082,True,True
signal_B_signal_Kst,23.080000000000002,17.55890752212143,131.27508039399208,0.12630289918014367,-0.6571318955120204,True,True
signal_B_signal_Kst,23.1,17.574123213215124,131.80352510920898,0.12957559043756264,-0.6892073971377243,True,True
signal_B_signal_Kst,23.12,17.589338904308818,132.0872299796904,0.13189255874858027,-0.7247825984549043,False,True
signal_B_signal_Kst,23.14,17.604554595402508,132.28107345592207,0.1319914510773787,-0.7738594637604841,False,True
signal_B_signal_Kst,23.16,17.619770286496202,132.44721282956903,0.13207728188443052,-0.8229532616907848,False,True
signal_B_signal_Kst,23.18,17.634985977589896,132.57647192975423,0.13124344573765687,-0.8663076566445153,True,True
signal_B_signal_Kst,23.2,17.650201668683586,132.49187709851572,0.12802912826832014,-0.8963811236600229,True,True
signal_B_signal_Kst,23.22,17.66541735977728,132.1665521606094,0.12481827062094031,-0.9292390070970677,True,True
signal_B_signal_Kst,23.240000000000002,17.680633050870973,131.64820668970378,0.12164480361776711,-0.9650291777217587,True,True
signal_B_signal_Kst,23.26,17.695848741964667,130.98318875556902,0.11854454432036411,-1.0038869656242753,True,True
signal_B_signal_Kst,23.28,17.71106443305836,130.2159137878366,0.11555543580974258,-1.0459191828614254,True,True
signal_B_signal_Kst,23.3,17.72628012415205,129.38832669151748,0.1127158048625808,-1.0912125056109447,True,True
signal_B_signal_Kst,23.32,17.741495815245745,128.53940118667788,0.11006668895745265,-1.1397763888693973,True,True
signal_B_signal_Kst,23.34,17.756711506339435,127.70468116048414,0.10764900752502846,-1.1915527216655835,True,True
signal_B_signal_Kst,23.36,17.77192719743313,126.91586698164087,0.10550249911092828,-1.2464048124659939,True,True
signal_B_signal_Kst,23.38,17.787142888526823,126.20045043388473,0.10366484948587402,-1.3041011595946264,True,True
signal_B_signal_Kst,23.400000000000002,17.802358579620517,125.58140049779195,0.10217079940691097,-1.3642899778579127,True,True
signal_B_signal_Kst,23.42,17.817574270714207,125.07690274940728,0.10104994085820936,-1.426516324445893,True,True
signal_B_signal_Kst,23.44,17.8327899618079,124.70015379355141,0.10032551805345306,-1.4902187266031692,True,True
signal_B_signal_Kst,23.46,17.848005652901595,124.45921314030807,0.10001287289614683,-1.5547516919472628,True,True
signal_B_signal_Kst,23.48,17.863221343995285,124.35691251989579,0.10011855870141885,-1.6194669925162415,True,True
signal_B_signal_Kst,23.5,17.87843703508898,124.3908255499025,0.10063965554593106,-1.6836027445203106,True,True
signal_B_signal_Kst,23.52,17.893652726182673,124.55329407516797,0.10156426115449008,-1.7465312830761084,True,True
signal_B_signal_Kst,23.54,17.908868417276363,124.83151633083935,0.10287209602027139,-1.8076506515252366,True,True
signal_B_signal_Kst,23.56,17.924084108370057,125.20769251286038,0.10453563835364657,-1.8664511320654626,True,True
signal_B_signal_Kst,23.580000000000002,17.93929979946375,125.65922837492417,0.10652194086011507,-1.9225389871392773,True,True
signal_B_signal_Kst,23.6,17.954515490557444,126.15899566078951,0.10879372177328733,-1.9756229751637182,True,True
signal_B_signal_Kst,23.62,17.969731181651134,126.67564688120774,0.11131097453700267,-2.0255163936705247,True,True
signal_B_signal_Kst,23.64,17.98494687274483,127.17398269696764,0.11403254944142822,-2.0721295589845687,True,True
signal_B_signal_Kst,23.66,18.000162563838522,127.61536918943375,0.11691684969503575,-2.1154462762089543,True,True
signal_B_signal_Kst,23.68,18.015378254932212,127.95820170009961,0.11992302413851653,-2.1555134968770955,True,True
signal_B_signal_Kst,23.7,18.030593946025906,128.15841220303923,0.12301315682552748,-2.192441975797522,True,True
signal_B_signal_Kst,23.72,18.045809637119596,128.17001609000727,0.12615019561260643,-2.226357653988572,True,True
signal_B_signal_Kst,23.740000000000002,18.061025328213294,127.94569335936148,0.12929804147485685,-2.2573945277982177,True,True
signal_B_signal_Kst,23.76,18.076241019306984,127.52460271298332,0.12985922805663314,-2.302486867864163,False,True
signal_B_signal_Kst,23.78,18.091456710400678,127.08400362268912,0.12964155136326394,-2.352370298249467,False,True
signal_B_signal_Kst,23.8,18.10667240149437,126.63242228796048,0.1294181816284058,-2.4023232464944506,False,True
signal_B_signal_Kst,23.82,18.121888092588062,126.17100957836692,0.12919021341122505,-2.4523455261808587,False,True
signal_B_signal_Kst,23.84,18.137103783681756,125.6087972948983,0.12614127324814214,-2.486123310497347,True,True
signal_B_signal_Kst,23.86,18.15231947477545,124.85206822313353,0.12289537719860599,-2.521286025861961,True,True
signal_B_signal_Kst,23.88,18.16753516586914,123.94636340844227,0.11972206731987399,-2.559416165450522,True,True
signal_B_signal_Kst,23.900000000000002,18.182750856962834,122.93583563184666,0.11665762954664573,-2.6006220543927077,True,True
signal_B_signal_Kst,23.92,18.197966548056527,121.86207254722694,0.11373922236757805,-2.6449856205556053,True,True
signal_B_signal_Kst,23.94,18.21318223915022,120.76364408691802,0.111005896287286,-2.692526839032597,True,True
signal_B_signal_Kst,23.96,18.22839793024391,119.67569568675299,0.10849652300008232,-2.743207188289578,True,True
signal_B_signal_Kst,23.98,18.243613621337605,118.62958859491619,0.10624946335280033,-2.796905541832737,True,True
signal_B_signal_Kst,24.0,18.258829312431295,117.65258882478588,0.1043009517831961,-2.853417229431207,True,True
signal_B_signal_Kst,24.02,18.27404500352499,116.76760540378223,0.10268461164514843,-2.912424740349641,True,True
signal_B_signal_Kst,24.04,18.289260694618683,115.99297852435325,0.1014292155140064,-2.9735213340051128,True,True
signal_B_signal_Kst,24.06,18.304476385712373,115.34231798987184,0.10055807268590626,-3.036189654592206,True,True
signal_B_signal_Kst,24.080000000000002,18.31969207680607,114.82439154875419,0.10008719675631515,-3.0998473681540886,True,True
signal_B_signal_Kst,24.1,18.33490776789976,114.4430636274169,0.10002481689942445,3.1193163126917547,True,True
signal_B_signal_Kst,24.12,18.350123458993455,114.1972850633324,0.10037027257172185,3.0556701704704388,True,True
signal_B_signal_Kst,24.14,18.36533915008715,114.08113004907636,0.10111419619042987,2.9930027259139784,True,True
signal_B_signal_Kst,24.16,18.38055484118084,114.08388486550302,0.1022393476533575,2.931909943005767,True,True
signal_B_signal_Kst,24.18,18.395770532274533,114.19018416268955,0.10372147418766371,2.872906483861984,True,True
signal_B_signal_Kst,24.2,18.410986223368226,114.3801957143321,0.10553032074159883,2.8164180496983344,True,True
signal_B_signal_Kst,24.22,18.426201914461917,114.62985202380423,0.10763173677822659,2.762751879428282,True,True
signal_B_signal_Kst,24.240000000000002,18.44141760555561,114.9111285801232,0.10998831728300215,2.7121248323291804,True,True
signal_B_signal_Kst,24.26,18.456633296649304,115.19236693047924,0.11256094446477602,2.664660933517101,True,True
signal_B_signal_Kst,24.28,18.471848987742998,115.438640839031,0.11530989456183828,2.6204046393964533,True,True
signal_B_signal_Kst,24.3,18.48706467883669,115.61216425478369,0.11819589083497073,2.5793338424409904,True,True
signal_B_signal_Kst,24.32,18.502280369930382,115.67273855665144,0.12118161499210778,2.541366123509311,True,True
signal_B_signal_Kst,24.34,18.517496061024072,115.58094007735508,0.12374688726415867,2.5035819649068887,False,True
signal_B_signal_Kst,24.36,18.532711752117766,115.44714667339508,0.12367044361808639,2.451695170116039,False,True
signal_B_signal_Kst,24.38,18.54792744321146,115.34869362847394,0.12361239351711373,2.3998073743551984,False,True
signal_B_signal_Kst,24.400000000000002,18.563143134305154,115.28634221644825,0.1235743156297888,2.3479292729256565,False,True
signal_B_signal_Kst,24.42,18.578358825398848,115.26061510422846,0.12355673864678732,2.2960783626851393,False,True
signal_B_signal_Kst,24.44,18.593574516492538,115.27178120973485,0.12355971500654506,2.24426671778431,False,True
signal_B_signal_Kst,24.46,18.60879020758623,115.31825655889952,0.12320684257410439,2.194632995236711,True,True
signal_B_signal_Kst,24.48,18.624005898679926,115.27895757354304,0.12018028752245122,2.1587395794524165,True,True
signal_B_signal_Kst,24.5,18.639221589773616,115.10839306492403,0.1172371973605313,2.1199403810764474,True,True
signal_B_signal_Kst,24.52,18.65443728086731,114.84733838833881,0.11441294818911406,2.078163126947028,True,True
signal_B_signal_Kst,24.54,18.669652971961003,114.53401995178592,0.11174359524901925,2.0333724151083787,True,True
signal_B_signal_Kst,24.56,18.684868663054694,114.20371943883697,0.10926552657985411,1.9855844176968238,True,True
signal_B_signal_Kst,24.580000000000002,18.700084354148387,113.88842336219523,0.10701460538454322,1.93487596612759,True,True
signal_B_signal_Kst,24.6,18.71530004524208,113.61651818405676,0.10502550467526305,1.8813985833027147,True,True
signal_B_signal_Kst,24.62,18.73051573633577,113.412530845432,0.10333091056884486,1.8253943043742862,True,True
signal_B_signal_Kst,24.64,18.745731427429465,113.29691431489005,0.10196034867059744,1.767206646247282,True,True
signal_B_signal_Kst,24.66,18.76094711852316,113.28587755602621,0.10093841814770145,1.707261550630032,True,True
signal_B_signal_Kst,24.68,18.77616280961685,113.3912594345361,0.10028364198589403,1.6460257312636422,True,True
signal_B_signal_Kst,24.7,18.791378500710543,113.62044526499994,0.10000882177352252,1.5840787400098209,True,True
signal_B_signal_Kst,24.72,18.806594191804233,113.97632697566587,0.10011882595422895,1.5220708899022068,True,True
signal_B_signal_Kst,24.740000000000002,18.82180988289793,114.45730399537865,0.10061050532055947,1.460576959789333,True,True
signal_B_signal_Kst,24.76,18.837025573991625,115.05732658931288,0.10147339545117,1.4001780838295146,True,True
signal_B_signal_Kst,24.78,18.852241265085315,115.76598010940006,0.10269018783608205,1.3413957432121648,True,True
signal_B_signal_Kst,24.8,18.86745695617901,116.5686101608876,0.10423751465526379,1.2846811251717012,True,True
signal_B_signal_Kst,24.82,18.882672647272702,117.44648816400513,0.10608728490307659,1.2303928456386917,True,True
signal_B_signal_Kst,24.84,18.897888338366393,118.37701729919627,0.10820744717284846,1.1788067361654304,True,True
signal_B_signal_Kst,24.86,18.913104029460087,119.33397767416227,0.11056374931275789,1.1301017091206507,True,True
signal_B_signal_Kst,24.88,18.92831972055378,120.28781108937847,0.1131208308825095,1.0843729862529845,True,True
signal_B_signal_Kst,24.900000000000002,18.94353541164747,121.2059440543976,0.1158421709500051,1.0416602501115944,True,True
signal_B_signal_Kst,24.92,18.958751102741164,122.05314754964547,0.11869203135413472,1.0019380625919008,True,True
signal_B_signal_Kst,24.94,18.973966793834858,122.79193311010931,0.12163565917195247,0.9651377264923526,True,True
signal_B_signal_Kst,24.96,18.98918248492855,123.38298294089941,0.1246380904519256,0.9311768502496397,True,True
signal_B_signal_Kst,24.98,19.004398176022242,123.78561225387352,0.1276746637675962,0.8998614123775966,True,True
signal_B_signal_Kst,25.0,19.019613867115932,124.03913659329919,0.12819170387756734,0.8551363400996508,False,True
signal_B_signal_Kst,25.02,19.034829558209626,124.25793299788302,0.1282986035910682,0.808232657581452,False,True
signal_B_signal_Kst,25.04,19.05004524930332,124.44151429770295,0.12838717244993567,0.7614775561804089,False,True
signal_B_signal_Kst,25.06,19.06526094039701,124.58768040318068,0.12845617585822122,0.7148724623532733,False,True
signal_B_signal_Kst,25.080000000000002,19.080476631490708,124.68887151400531,0.1278280133298452,0.6724448043363478,True,True
signal_B_signal_Kst,25.1,19.0956923225844,124.60949940281671,0.12489520422229758,0.6423815133377644,True,True
signal_B_signal_Kst,25.12,19.110908013678092,124.3211660132306,0.12199397139319275,0.6098871912507263,True,True
signal_B_signal_Kst,25.14,19.126123704771786,123.86200381921594,0.11915305240386267,0.5748815375818771,True,True
signal_B_signal_Kst,25.16,19.14133939586548,123.26830617144287,0.1164019994767907,0.5373038069330549,True,True
signal_B_signal_Kst,25.18,19.15655508695917,122.57415939715452,0.11377044030909401,0.4971131476686353,True,True
signal_B_signal_Kst,25.2,19.171770778052863,121.81111460046895,0.11128856104033989,0.45430793979583,True,True
signal_B_signal_Kst,25.22,19.186986469146554,121.007899365296,0.10898631610767436,0.4089310763947203,True,True
signal_B_signal_Kst,25.240000000000002,19.202202160240248,120.19016924164885,0.10689281324201408,0.36107782914368824,True,True
signal_B_signal_Kst,25.26,19.21741785133394,119.38029859674111,0.10503571364016331,0.3109049103890263,True,True
signal_B_signal_Kst,25.28,19.23263354242763,118.5972103436618,0.1034405467915371,0.2586392881240823,True,True
signal_B_signal_Kst,25.3,19.247849233521325,117.8562440014473,0.10212971951783,0.20457743727570835,True,True
signal_B_signal_Kst,25.32,19.26306492461502,117.16906156147206,0.10112183062141068,0.1490934280509139,True,True
signal_B_signal_Kst,25.34,19.27828061570871,116.54359056427461,0.10043008182185147,0.09257926744491025,True,True
signal_B_signal_Kst,25.36,19.293496306802403,115.9840040248987,0.10006314317307502,0.03552744445221242,True,True
signal_B_signal_Kst,25.38,19.308711997896097,115.49073670138227,0.10002332351791007,-0.02159582625943494,True,True
signal_B_signal_Kst,25.400000000000002,19.32392768898979,115.06053740705556,0.1003069448692778,-0.0782511078486014,True,True
signal_B_signal_Kst,25.42,19.339143380083485,114.68655656577812,0.10090462177969593,-0.1340040675855302,True,True
signal_B_signal_Kst,25.44,19.35435907117718,114.35846900469437,0.10180203555592571,-0.18843482468976955,True,True
signal_B_signal_Kst,25.46,19.36957476227087,114.06263183570991,0.10297857145555339,-0.24110042440099355,True,True
signal_B_signal_Kst,25.48,19.384790453364563,113.78227451161092,0.10441107503133368,-0.29171240374176205,True,True
signal_B_signal_Kst,25.5,19.400006144458253,113.49772328586005,0.10607307563872034,-0.3400250724790601,True,True
signal_B_signal_Kst,25.52,19.415221835551947,113.18665695213099,0.10793564770659503,-0.38585239294879214,True,True
signal_B_signal_Kst,25.54,19.43043752664564,112.82439258683394,0.1099689485812766,-0.42908307963195,True,True
signal_B_signal_Kst,25.56,19.44565321773933,112.38420040255824,0.11214242182377518,-0.4696578153343079,True,True
signal_B_signal_Kst,25.580000000000002,19.460868908833024,111.83764466030925,0.11442547804057486,-0.5075637448755325,True,True
signal_B_signal_Kst,25.6,19.47608459992672,111.15494856614168,0.11678839987986643,-0.5428315891375599,True,True
signal_B_signal_Kst,25.62,19.49130029102041,110.30538005652602,0.11920203803047315,-0.5755155237988029,True,True
signal_B_signal_Kst,25.64,19.506515982114102,109.28821934472398,0.11998223415200611,-0.615025164070243,False,True
signal_B_signal_Kst,25.66,19.521731673207796,108.23899213616596,0.11938213238337761,-0.6618377870321284,False,True
signal_B_signal_Kst,25.68,19.536947364301486,107.18088067631197,0.11877473601504544,-0.7088176488350877,False,True
signal_B_signal_Kst,25.7,19.55216305539518,106.11717193821437,0.1181618006315239,-0.755970703933398,False,True
signal_B_signal_Kst,25.72,19.56737874648887,105.05110399567002,0.11754474944223527,-0.8032996200460806,False,True
signal_B_signal_Kst,25.740000000000002,19.582594437582568,103.98584292613305,0.11692608185041721,-0.8508075231755634,False,True
signal_B_signal_Kst,25.76,19.59781012867626,102.92446112948778,0.11630751018910077,-0.8984922275857988,False,True
signal_B_signal_Kst,25.78,19.613025819769952,101.86991751401183,0.11568885332866827,-0.9463459358629629,False,True
signal_B_signal_Kst,25.8,19.628241510863646,100.82502904835201,0.11507601454843445,-0.9944134639260997,True,True
signal_B_signal_Kst,25.82,19.64345720195734,99.79235444279743,0.11447067439537215,-1.0426872610854687,True,True
signal_B_signal_Kst,25.84,19.65867289305103,98.76644354218297,0.11296088868852065,-1.0870573759879372,True,True
signal_B_signal_Kst,25.86,19.673888584144724,97.70866160824085,0.11062204499756634,-1.1289856674085952,True,True
signal_B_signal_Kst,25.88,19.689104275238414,96.63344463714566,0.10845990900538954,-1.1732136890908047,True,True
signal_B_signal_Kst,25.900000000000002,19.70431996633211,95.56198020188663,0.10649966639531276,-1.2196239949932914,True,True
signal_B_signal_Kst,25.92,19.7195356574258,94.51241049448117,0.1047645090537038,-1.2680514542864019,True,True
signal_B_signal_Kst,25.94,19.734751348519495,93.49971868064836,0.10327552167701805,-1.318267405231418,True,True
signal_B_signal_Kst,25.96,19.749967039613185,92.53565009974704,0.10205053573118858,-1.36999299248659,True,True
signal_B_signal_Kst,25.98,19.76518273070688,91.62866721092178,0.10110291616750958,-1.4229535862397995,True,True
signal_B_signal_Kst,26.0,19.780398421800573,90.78394098824492,0.10044525129516348,-1.4766044507853457,True,True
signal_B_signal_Kst,26.02,19.795614112894263,90.00336812930482,0.10008064416926823,-1.530649095046265,True,True
signal_B_signal_Kst,26.04,19.810829803987957,89.28562885991437,0.10000962195725312,-1.5846680143629432,True,True
signal_B_signal_Kst,26.06,19.826045495081647,88.62626984162989,0.10022764952224476,-1.6382082679226317,True,True
signal_B_signal_Kst,26.080000000000002,19.841261186175345,88.01781866650663,0.10072508119127238,-1.6908568898287248,True,True
signal_B_signal_Kst,26.1,19.85647687726904,87.44992694611005,0.1014879611703624,-1.7422455732707758,True,True
signal_B_signal_Kst,26.12,19.87169256836273,86.90954059129217,0.10249828778677549,-1.792036513341414,True,True
signal_B_signal_Kst,26.14,19.886908259456423,86.38109581559638,0.10373515209107002,-1.839960950893411,True,True
signal_B_signal_Kst,26.16,19.902123950550113,85.84673922454704,0.10517510114877165,-1.8857995590710306,True,True
signal_B_signal_Kst,26.18,19.917339641643807,85.29793555533593,0.10564818944775198,-1.9333971912258359,True,True
signal_B_signal_Kst,26.2,19.9325553327375,84.77385571467812,0.1053106241520978,-1.9835074993439896,True,True
signal_B_signal_Kst,26.22,19.94777102383119,84.2797448332501,0.10499008964714036,-2.033618637399671,True,True
signal_B_signal_Kst,26.240000000000002,19.962986714924888,83.81502238723806,0.10468642022005202,-2.0837208900687103,True,True
signal_B_signal_Kst,26.26,19.97820240601858,83.37901049324478,0.1043993120033556,-2.1337991896205386,True,True
signal_B_signal_Kst,26.28,19.993418097112272,82.97093680006355,0.10412904754809897,-2.183845491493214,True,True
signal_B_signal_Kst,26.3,20.008633788205962,82.58993698537233,0.10387495738656054,-2.233847515660101,True,True
signal_B_signal_Kst,26.32,20.023849479299656,82.23505700590385,0.10363695932540289,-2.283800512645673,True,True
signal_B_signal_Kst,26.34,20.03906517039335,81.90525539598048,0.10341442373641578,-2.3336876981961656,True,True
signal_B_signal_Kst,26.36,20.05428086148704,81.59940579946306,0.10320671031903045,-2.383503900766546,True,True
signal_B_signal_Kst,26.38,20.069496552580734,81.31630001361555,0.10301369678030803,-2.433234824150331,True,True
signal_B_signal_Kst,26.400000000000002,20.084712243674428,81.05465172271033,0.10283419300880596,-2.4828744028055314,True,True
signal_B_signal_Kst,26.42,20.09992793476812,80.81310113062045,0.10266805505747058,-2.532414387052886,True,True
signal_B_signal_Kst,26.44,20.115143625861812,80.59022061605788,0.10251402205904708,-2.5818384764968654,True,True
signal_B_signal_Kst,26.46,20.130359316955506,80.38452152142827,0.1023713557413819,-2.631147376898871,True,True
signal_B_signal_Kst,26.48,20.1455750080492,80.19446210376145,0.1022391226277945,-2.6803284149795976,True,True
signal_B_signal_Kst,26.5,20.16079069914289,80.0184566436294,0.10211647782466464,-2.729376763665215,True,True
signal_B_signal_Kst,26.52,20.176006390236584,79.85488564411958,0.1020022099640632,-2.7782812631635383,True,True
signal_B_signal_Kst,26.54,20.191222081330277,79.70210698615801,0.10189545419291683,-2.8270424996309487,True,True
signal_B_signal_Kst,26.56,20.206437772423968,79.55846790416444,0.10179485196247794,-2.8756577056177917,True,True
signal_B_signal_Kst,26.580000000000002,20.221653463517665,79.42231755368789,0.10169934966100153,-2.92411584937297,True,True
signal_B_signal_Kst,26.6,20.236869154611355,79.29182915774618,0.10145131060361078,-2.9722425575785665,True,True
signal_B_signal_Kst,26.62,20.25208484570505,79.16134535866013,0.10074687256561168,-3.019752306253933,True,True
signal_B_signal_Kst,26.64,20.26730053679874,79.03225314817746,0.10027283536751033,-3.0678069527825755,True,True
signal_B_signal_Kst,26.66,20.282516227892433,78.9071635090786,0.10003240779790605,-3.1161371834058142,True,True
signal_B_signal_Kst,26.68,20.297731918986127,78.78622910035938,0.10002615818194258,3.1187223754420623,True,True
signal_B_signal_Kst,26.7,20.312947610079817,78.66719630786838,0.10025086173074564,3.07083413171806,True,True
signal_B_signal_Kst,26.72,20.32816330117351,78.5454883029438,0.10069943165590223,3.0236622389320873,True,True
signal_B_signal_Kst,26.740000000000002,20.343378992267205,78.41539369508178,0.1009900586822455,2.976871367732194,True,True
signal_B_signal_Kst,26.76,20.3585946833609,78.27893233060718,0.10089509393873652,2.9297397329594754,True,True
signal_B_signal_Kst,26.78,20.373810374454592,78.13626195680649,0.10079323412660504,2.8827385393963474,True,True
signal_B_signal_Kst,26.8,20.38902606554828,77.98651109656976,0.10068695218006421,2.835857531990608,True,True
signal_B_signal_Kst,26.82,20.404241756641973,77.8289221117916,0.10057481304333617,2.7890903583994997,True,True
signal_B_signal_Kst,26.84,20.419457447735667,77.66285182348565,0.1004569218882359,2.742427016009575,True,True
signal_B_signal_Kst,26.86,20.43467313882936,77.48777074142163,0.10033218415943639,2.6958645874952523,True,True
signal_B_signal_Kst,26.88,20.449888829923054,77.30326065115264,0.10020078957855472,2.649394088693224,True,True
signal_B_signal_Kst,26.900000000000002,20.465104521016748,77.10901090007815,0.10006271578185605,2.603006513820392,True,True
signal_B_signal_Kst,26.92,20.480320212110442,76.90481338632458,0.09991772763570395,2.556696559689524,True,True
signal_B_signal_Kst,26.94,20.495535903204132,76.69055641667524,0.09976605305072617,2.510458561603673,True,True
signal_B_signal_Kst,26.96,20.510751594297826,76.46621765035525,0.09960753934854549,2.464283487688211,True,True
signal_B_signal_Kst,26.98,20.525967285391516,76.23185627682165,0.09944239016833617,2.418165419852056,True,True
signal_B_signal_Kst,27.0,20.54118297648521,75.98760464748193,0.09927108983009085,2.3721003487633108,True,True
signal_B_signal_Kst,27.02,20.556398667578904,75.73365954199198,0.09909305810019384,2.3260804790552765,True,True
signal_B_signal_Kst,27.04,20.571614358672594,75.47027327444994,0.09890949010634548,2.280102934346956,True,True
signal_B_signal_Kst,27.06,20.586830049766288,75.19774483606011,0.0987201398197702,2.2341609438825087,True,True
signal_B_signal_Kst,27.080000000000002,20.60204574085998,74.91641125035858,0.09852508250617899,2.1882523233942566,True,True
signal_B_signal_Kst,27.1,20.617261431953676,74.62663931355883,0.09832508623808321,2.1423741905964646,True,True
signal_B_signal_Kst,27.12,20.63247712304737,74.32881787599035,0.09811987324949015,2.09652200395438,True,True
signal_B_signal_Kst,27.14,20.647692814141056,74.0233507891819,0.09791007246781741,2.0506935831923467,True,True
signal_B_signal_Kst,27.16,20.66290850523475,73.71065063877518,0.09769609838072166,2.004887076460404,True,True
signal_B_signal_Kst,27.18,20.678124196328444,73.39113333575779,0.09747811101394906,1.9591023603602453,True,True
signal_B_signal_Kst,27.2,20.693339887422137,73.06521362856915,0.09725596639139178,1.913333341956066,True,True
signal_B_signal_Kst,27.22,20.70855557851583,72.73330155941767,0.09703052239768896,1.8675818291420305,True,True
signal_B_signal_Kst,27.240000000000002,20.723771269609525,72.39579986220178,0.09680149257613123,1.8218443602658798,True,True
signal_B_signal_Kst,27.26,20.73898696070322,72.05310226886854,0.0965693828642539,1.7761242774251451,True,True
signal_B_signal_Kst,27.28,20.75420265179691,71.70559247615188,0.0963326865910098,1.7303752586029169,True,True
signal_B_signal_Kst,27.3,20.7694183428906,71.35364486421395,0.09609471451802949,1.6846825925793474,True,True
signal_B_signal_Kst,27.32,20.784634033984293,70.99762382777794,0.09585459475387066,1.6390299710743677,True,True
signal_B_signal_Kst,27.34,20.799849725077987,70.63788540150381,0.09561027301746591,1.5933355520713421,True,True
signal_B_signal_Kst,27.36,20.81506541617168,70.27477924497384,0.09536459488123665,1.5476798524432567,True,True
signal_B_signal_Kst,27.38,20.83028110726537,69.90864944308532,0.09511616929366763,1.5020151159158037,True,True
signal_B_signal_Kst,27.400000000000002,20.845496798359065,69.53983672396521,0.0948656691438797,1.45635454829393,True,True
signal_B_signal_Kst,27.42,20.86071248945276,69.16867987644673,0.09461174829512163,1.4106943800839549,True,True
signal_B_signal_Kst,27.44,20.875928180546452,68.79551703542347,0.0943563479790006,1.3650369882567213,True,True
signal_B_signal_Kst,27.46,20.891143871640146,68.42068665784382,0.09409896405087895,1.3193790175955107,True,True
signal_B_signal_Kst,27.48,20.906359562733833,68.04452786638694,0.09383973127650914,1.2737155902878168,True,True
signal_B_signal_Kst,27.5,20.921575253827527,67.66738021634683,0.09357885874257056,1.2280492002830947,True,True
signal_B_signal_Kst,27.52,20.93679094492122,67.28958275863397,0.09331815483860448,1.1823755857959959,True,True
signal_B_signal_Kst,27.54,20.952006636014914,66.91147245144293,0.09305477948157816,1.1366959532140422,True,True
signal_B_signal_Kst,27.56,20.96722232710861,66.53338173159977,0.09279033093350743,1.0910033135721313,True,True
signal_B_signal_Kst,27.580000000000002,20.982438018202302,66.1556355357211,0.09252510420069579,1.0453071755254557,True,True
signal_B_signal_Kst,27.6,20.997653709295996,65.77854767654094,0.09225925602543977,0.9995935421260425,True,True
signal_B_signal_Kst,27.62,21.012869400389686,65.40241670331034,0.0919936250018381,0.9538719476525844,True,True
signal_B_signal_Kst,27.64,21.028085091483376,65.02752145027148,0.09172825209956202,0.9081389906700612,True,True
signal_B_signal_Kst,27.66,21.04330078257707,64.65411631623601,0.09146328835633159,0.862400303997646,True,True
signal_B_signal_Kst,27.68,21.058516473670764,64.28242653386201,0.09119901376477757,0.8166460950999701,True,True
signal_B_signal_Kst,27.7,21.073732164764458,63.91264355382509,0.09093589056778138,0.7708903089506152,True,True
signal_B_signal_Kst,27.72,21.088947855858148,63.54492074337168,0.0906734468485499,0.7251246297879909,True,True
signal_B_signal_Kst,27.740000000000002,21.104163546951842,63.17936954112497,0.09041240419748417,0.6793567272864618,True,True
signal_B_signal_Kst,27.76,21.119379238045536,62.81605625386828,0.09015278365768578,0.6335927850324826,True,True
signal_B_signal_Kst,27.78,21.13459492913923,62.45499959217477,0.08989457988371218,0.5878302625527067,True,True
signal_B_signal_Kst,27.8,21.14981062023292,62.09616908067119,0.089638082369712,0.542075363761276,True,True
signal_B_signal_Kst,27.82,21.16502631132661,61.73948439969013,0.08938290783994976,0.49632694612762757,True,True
signal_B_signal_Kst,27.84,21.180242002420304,61.38481571152761,0.08912911779484439,0.4505946687089649,True,True
signal_B_signal_Kst,27.86,21.195457693513998,61.031984981395,0.08887688712159762,0.4048763542237533,True,True
signal_B_signal_Kst,27.88,21.21067338460769,60.6807682671913,0.08862539225345321,0.35918024779484786,True,True
signal_B_signal_Kst,27.900000000000002,21.225889075701385,60.330898926684085,0.08837476193070576,0.31350583144491273,True,True
signal_B_signal_Kst,27.92,21.24110476679508,59.982071664401474,0.08812496549900427,0.26785374504901305,True,True
signal_B_signal_Kst,27.94,21.256320457888773,59.63394726587967,0.08787404450754376,0.22221917635196828,True,True
signal_B_signal_Kst,27.96,21.271536148982463,59.286158192096764,0.08762550933716629,0.17663762215458687,True,True
signal_B_signal_Kst,27.98,21.286751840076153,58.938313996616216,0.08737550695477654,0.13107364418819137,True,True
signal_B_signal_Kst,28.0,21.301967531169847,58.590007925541386,0.08712376889650185,0.08553786284806598,True,True
signal_B_signal_Kst,28.02,21.31718322226354,58.240823055896726,0.08687114767456042,0.04003288304506011,True,True
signal_B_signal_Kst,28.04,21.332398913357235,57.89033870892513,0.0866184817702989,-0.005444383245907281,True,True
signal_B_signal_Kst,28.06,21.347614604450925,57.53813658738591,0.08636158014096969,-0.05089400927185012,True,True
signal_B_signal_Kst,28.080000000000002,21.36283029554462,57.183806909737996,0.08610380503670256,-0.09631780786651445,True,True
signal_B_signal_Kst,28.1,21.378045986638313,56.826953889512424,0.08584280295730885,-0.14172108179025186,True,True
signal_B_signal_Kst,28.12,21.393261677732006,56.46720095408227,0.08557805354181254,-0.18710516041430333,True,True
signal_B_signal_Kst,28.14,21.408477368825697,56.10419528121338,0.08530946171041053,-0.232469134602722,True,True
signal_B_signal_Kst,28.16,21.423693059919387,55.73761177125789,0.0850367653234433,-0.2778205508918565,True,True
signal_B_signal_Kst,28.18,21.43890875101308,55.36715635073347,0.08475999348668292,-0.3231619635981782,True,True
signal_B_signal_Kst,28.2,21.454124442106774,54.99256860528408,0.08447929633797413,-0.36850262843347786,True,True
signal_B_signal_Kst,28.22,21.46934013320047,54.61362374804321,0.08419317769002932,-0.41385668078156,True,True
signal_B_signal_Kst,28.240000000000002,21.484555824294162,54.2301338733821,0.08390234307769637,-0.459218089374967,True,True
signal_B_signal_Kst,28.26,21.499771515387856,53.84194866976054,0.08360673372622039,-0.5045907718499272,True,True
signal_B_signal_Kst,28.28,21.51498720648155,53.448955550545634,0.08330620282363914,-0.5499749390152803,True,True
signal_B_signal_Kst,28.3,21.530202897575236,53.05107916151883,0.08300006748174261,-0.5953871669846325,True,True
signal_B_signal_Kst,28.32,21.54541858866893,52.6482806670474,0.08268885966850889,-0.6408312832107956,True,True
signal_B_signal_Kst,28.34,21.560634279762624,52.24055655275697,0.0823722708534339,-0.6863161615442979,True,True
signal_B_signal_Kst,28.36,21.575849970856318,51.82793722159249,0.08205052079485815,-0.7318429024284254,True,True
signal_B_signal_Kst,28.38,21.59106566195001,51.41048544445039,0.08172391936863269,-0.7774198228230276,True,True
signal_B_signal_Kst,28.400000000000002,21.606281353043702,50.988294741668824,0.08139232970065571,-0.8230491848888802,True,True
signal_B_signal_Kst,28.42,21.621497044137396,50.56148780638841,0.08105516432433851,-0.8687411775500397,True,True
signal_B_signal_Kst,28.44,21.63671273523109,50.13021503742107,0.08071403496213622,-0.9144986383642083,True,True
signal_B_signal_Kst,28.46,21.65192842632478,49.69465327861644,0.08036759949428911,-0.960329316166841,True,True
signal_B_signal_Kst,28.48,21.667144117418474,49.255004823510944,0.08001679249024926,-1.0062351434563372,True,True
signal_B_signal_Kst,28.5,21.682359808512164,48.81149674295284,0.0796615756740605,-1.0522240253505153,True,True
signal_B_signal_Kst,28.52,21.697575499605858,48.36438057603914,0.07930217309594523,-1.0983001102042553,True,True
signal_B_signal_Kst,28.54,21.71279119069955,47.91393241836522,0.07893851821277234,-1.144472420124322,True,True
signal_B_signal_Kst,28.56,21.728006881793245,47.46045340598221,0.07857098200988984,-1.190744504480516,True,True
signal_B_signal_Kst,28.580000000000002,21.74322257288694,47.00427057617685,0.0782007140661082,-1.2371378328053027,True,True
signal_B_signal_Kst,28.6,21.758438263980633,46.54573821002691,0.07782539710832152,-1.2836119547293534,True,True
signal_B_signal_Kst,28.62,21.773653955074327,46.08523919067488,0.07744694062353705,-1.330221423237924,True,True
signal_B_signal_Kst,28.64,21.788869646168013,45.623187083461744,0.07706549964763403,-1.3769577725268578,True,True
signal_B_signal_Kst,28.66,21.804085337261707,45.16002791697406,0.07668145082834268,-1.423825172083781,True,True
signal_B_signal_Kst,28.68,21.8193010283554,44.696242432004965,0.07629491549879022,-1.4708312591890726,True,True
signal_B_signal_Kst,28.7,21.834516719449095,44.23234809364044,0.07590615214672372,-1.5179838011613016,True,True
signal_B_signal_Kst,28.72,21.84973241054279,43.76890106546148,0.07551534203909642,-1.5652933732576948,True,True
signal_B_signal_Kst,28.740000000000002,21.86494810163648,43.306497926887005,0.07512317318187932,-1.6127656377098363,True,True
signal_B_signal_Kst,28.76,21.880163792730173,42.84577703305263,0.0747293340355227,-1.6604084205897784,True,True
signal_B_signal_Kst,28.78,21.895379483823866,42.387419445363776,0.07433567310062211,-1.7082267326805234,True,True
signal_B_signal_Kst,28.8,21.910595174917557,41.93214837498249,0.07395199300847975,-1.756248135096496,True,True
signal_B_signal_Kst,28.82,21.92581086601125,41.48073292417871,0.07354887221971615,-1.8044437393823407,True,True
signal_B_signal_Kst,28.84,21.94102655710494,41.03397897486798,0.07315677162619129,-1.8528475592222513,True,True
signal_B_signal_Kst,28.86,21.956242248198635,40.5927352916849,0.07276692370274493,-1.9014672903880834,True,True
signal_B_signal_Kst,28.88,21.97145793929233,40.15788428682822,0.072396441226211,-1.9503110003885975,True,True
signal_B_signal_Kst,28.900000000000002,21.986673630386022,39.7303520323635,0.07199708111476545,-1.9993672674206662,True,True
signal_B_signal_Kst,28.92,22.001889321479716,39.31107835423836,0.07161878969985831,-2.0486597644962785,True,True
signal_B_signal_Kst,28.94,22.01710501257341,38.90103722636604,0.07124623273836385,-2.0981970025370704,True,True
signal_B_signal_Kst,28.96,22.032320703667096,38.50121815311013,0.07088088819926679,-2.1479648781450322,True,True
signal_B_signal_Kst,28.98,22.04753639476079,38.11262226026065,0.07052317133949024,-2.1979679908122303,True,True
signal_B_signal_Kst,29.0,22.062752085854484,37.73625529719993,0.07017426747633271,-2.2482190153523587,True,True
signal_B_signal_Kst,29.02,22.077967776948178,37.37312032205773,0.06983593237438057,-2.298711060446337,True,True
signal_B_signal_Kst,29.04,22.09318346804187,37.0242101078577,0.06950907884035719,-2.3494405119056547,True,True
signal_B_signal_Kst,29.06,22.108399159135566,36.69049947880171,0.06919478011792346,-2.4004059030596236,True,True
signal_B_signal_Kst,29.080000000000002,22.123614850229256,36.37293770835345,0.06889421103505022,-2.4515980943312194,True,True
signal_B_signal_Kst,29.1,22.13883054132295,36.072441129787194,0.06860863793861953,-2.5030221591947255,True,True
signal_B_signal_Kst,29.12,22.154046232416643,35.789886073016305,0.06833929920963995,-2.5546573017788834,True,True
signal_B_signal_Kst,29.14,22.169261923510334,35.526102296409135,0.06808662188842952,-2.6064843886753546,True,True
signal_B_signal_Kst,29.16,22.184477614604027,35.28186558977336,0.06785698812902011,-2.658686099088729,True,True
signal_B_signal_Kst,29.18,22.199693305697718,35.05789894918621,0.0676393517461542,-2.710795822462652,True,True
signal_B_signal_Kst,29.2,22.21490899679141,34.85485561093469,0.06744401882577494,-2.763146367562938,True,True
signal_B_signal_Kst,29.22,22.230124687885105,34.673327018900636,0.06726677354946169,-2.815566243762192,True,True
signal_B_signal_Kst,29.240000000000002,22.2453403789788,34.51383320527657,0.0671129842469926,-2.868177106611463,True,True
signal_B_signal_Kst,29.26,22.260556070072493,34.37682315367533,0.066981233625582,-2.9209042998319554,True,True
signal_B_signal_Kst,29.28,22.275771761166187,34.262672054847144,0.06687194940525944,-2.9737133013090697,True,True
signal_B_signal_Kst,29.3,22.290987452259873,34.17168065572832,0.06678595984506958,-3.0265915483642165,True,True
signal_B_signal_Kst,29.32,22.306203143353567,34.104075048302775,0.0667219771254226,-3.079504091919022,True,True
signal_B_signal_Kst,29.34,22.32141883444726,34.06000684017522,0.0666813753771974,-3.1324406140689023,True,True
signal_B_signal_Kst,29.36,22.336634525540955,34.03955399194456,0.06666421732533864,3.0978057784228983,True,True
signal_B_signal_Kst,29.38,22.35185021663465,34.042721961204506,0.0666697948026648,3.04489202511298,True,True
signal_B_signal_Kst,29.400000000000002,22.367065907728342,34.069445094326966,0.06669846615446394,2.992018585934416,True,True
signal_B_signal_Kst,29.42,22.382281598822033,34.11958755003411,0.06675849048132433,2.939203437185216,True,True
signal_B_signal_Kst,29.44,22.397497289915727,34.19294912062196,0.06682331687658644,2.8864776984676412,True,True
signal_B_signal_Kst,29.46,22.412712981009417,34.289258466520096,0.06692615776911791,2.8338378009306244,True,True
signal_B_signal_Kst,29.48,22.42792867210311,34.40818331117771,0.06705341965412537,2.781345351304674,True,True
signal_B_signal_Kst,29.5,22.443144363196804,34.54933255883748,0.06719387311984765,2.728986879006174,True,True
signal_B_signal_Kst,29.52,22.458360054290495,34.712250886915626,0.06735340889027377,2.6767806374971292,True,True
signal_B_signal_Kst,29.54,22.47357574538419,34.89642536977294,0.06753186356381435,2.624739244539712,True,True
signal_B_signal_Kst,29.56,22.488791436477882,35.10128601986048,0.06772907651883617,2.572851811324354,True,True
signal_B_signal_Kst,29.580000000000002,22.504007127571576,35.32620859632334,0.06793491476929357,2.521116674225412,True,True
signal_B_signal_Kst,29.6,22.51922281866527,35.570511361151375,0.06817133985952466,2.469649442332287,True,True
signal_B_signal_Kst,29.62,22.534438509758964,35.83346415865344,0.06842466557177591,2.418392365354656,True,True
signal_B_signal_Kst,29.64,22.54965420085265,36.11428386721536,0.06869416545282739,2.367364790213121,True,True
signal_B_signal_Kst,29.66,22.564869891946344,36.41213739228647,0.06897939904443628,2.3165745830149644,True,True
signal_B_signal_Kst,29.68,22.580085583040038,36.726143115764444,0.06927890842177796,2.266028801545395,True,True
signal_B_signal_Kst,29.7,22.595301274133732,37.05537248541259,0.06959183431206481,2.215732291615671,True,True
signal_B_signal_Kst,29.72,22.610516965227426,37.39885181030354,0.06991739313268404,2.1656943875358423,True,True
signal_B_signal_Kst,29.740000000000002,22.62573265632112,37.75556432277517,0.07025441800538836,2.1159159869460056,True,True
signal_B_signal_Kst,29.76,22.64094834741481,38.12445251728741,0.07060257319999884,2.066372832189483,True,True
signal_B_signal_Kst,29.78,22.656164038508503,38.50442115441251,0.07095860422492582,2.0171417959301174,True,True
signal_B_signal_Kst,29.8,22.671379729602194,38.894339777459436,0.07132511344524148,1.9681078641914864,True,True
signal_B_signal_Kst,29.82,22.686595420695888,39.2930477691516,0.07169748414981394,1.919400211402587,True,True
signal_B_signal_Kst,29.84,22.70181111178958,39.69935716191367,0.07207213794832482,1.8710249689303047,True,True
signal_B_signal_Kst,29.86,22.71702680288327,40.11205738118042,0.0724555812596748,1.8228486077418797,True,True
signal_B_signal_Kst,29.88,22.732242493976965,40.52992161724433,0.07284133752028235,1.7749343841200629,True,True
signal_B_signal_Kst,29.900000000000002,22.74745818507066,40.95171175888254,0.07322987286730959,1.7272783394778626,True,True
signal_B_signal_Kst,29.92,22.762673876164353,41.37618481451136,0.07361978463386361,1.679872390956487,True,True
signal_B_signal_Kst,29.94,22.777889567258047,41.80209968680947,0.07400915059819398,1.632713040968431,True,True
signal_B_signal_Kst,29.96,22.793105258351734,42.22822424097035,0.07439721179768703,1.585796597761126,True,True
signal_B_signal_Kst,29.98,22.808320949445427,42.653342786672056,0.07478306745147822,1.5391055952789747,True,True
signal_B_signal_Kst,30.0,22.82353664053912,43.07626373096173,0.07516577286171759,1.4926447097503008,True,True
signal_B_signal_Kst,30.02,22.838752331632815,43.4958269346896,0.07555071909436964,1.4463910343092699,True,True
signal_B_signal_Kst,30.04,22.85396802272651,43.91091360549535,0.07591851939546831,1.4003435895978429,True,True
signal_B_signal_Kst,30.060000000000002,22.869183713820203,44.32043534788863,0.07627240233884411,1.3544482515700837,True,True
signal_B_signal_Kst,30.080000000000002,22.884399404913896,44.72341721054454,0.07665089833301666,1.3088080885330098,True,True
signal_B_signal_Kst,30.1,22.899615096007587,45.1188600166231,0.07700559195479063,1.263313201777489,True,True
signal_B_signal_Kst,30.12,22.91483078710128,45.50589048739607,0.07734885939064519,1.217976497786394,True,True
signal_B_signal_Kst,30.14,22.93004647819497,45.88369612440147,0.07766584189045708,1.1727839245446037,True,True
signal_B_signal_Kst,30.16,22.945262169288664,46.25153639308769,0.07798772314238323,1.127711666182753,True,True
signal_B_signal_Kst,30.18,22.96047786038236,46.60876007014804,0.07829931402933973,1.0827679472158944,True,True
signal_B_signal_Kst,30.2,22.97569355147605,46.954799348062124,0.07859960461549216,1.0379415261281741,True,True
signal_B_signal_Kst,30.22,22.990909242569742,47.28917369747887,0.0788885672392151,0.9932080660577878,True,True
signal_B_signal_Kst,30.240000000000002,23.006124933663436,47.61149057018042,0.07916615500838914,0.948562799970263,True,True
signal_B_signal_Kst,30.26,23.02134062475713,47.921444842932715,0.0794319410091163,0.9039920503202516,True,True
signal_B_signal_Kst,30.28,23.036556315850824,48.21881712826894,0.07968586301970397,0.8594867315935916,True,True
signal_B_signal_Kst,30.3,23.05177200694451,48.50347094338349,0.07992818441275225,0.8150363914386893,True,True
signal_B_signal_Kst,30.32,23.066987698038204,48.77534881554857,0.0801587171808095,0.7706337565211065,True,True
signal_B_signal_Kst,30.34,23.082203389131898,49.03446740705908,0.08037769475947353,0.7262668982362658,True,True
signal_B_signal_Kst,30.36,23.097419080225592,49.28091178306954,0.0805854753739337,0.681937147305237,True,True
signal_B_signal_Kst,30.38,23.112634771319286,49.51482894691844,0.08078231829380843,0.6376257962068896,True,True
signal_B_signal_Kst,30.400000000000002,23.12785046241298,49.736420797903975,0.08096838219062492,0.593338133567887,True,True
signal_B_signal_Kst,30.42,23.143066153506673,49.945936663480325,0.08114399809153194,0.5490644591703903,True,True
signal_B_signal_Kst,30.44,23.158281844600364,50.143665575426894,0.08130955302776262,0.5047931947913431,True,True
signal_B_signal_Kst,30.46,23.173497535694054,50.32992842381441,0.08146547266767144,0.4605324805094271,True,True
signal_B_signal_Kst,30.48,23.188713226787748,50.50507015186463,0.08161307981738515,0.4162591136294352,True,True
signal_B_signal_Kst,30.5,23.20392891788144,50.66945210006156,0.08175337305435454,0.37198627424697295,True,True
signal_B_signal_Kst,30.52,23.219144608975135,50.823445125948865,0.08188273600792552,0.3277299494348367,True,True
signal_B_signal_Kst,30.54,23.234360300068825,50.96742220467604,0.08199942502653981,0.2834963924233984,True,True
signal_B_signal_Kst,30.560000000000002,23.24957599116252,51.10175172978734,0.08211215673010609,0.23925598719066044,True,True
signal_B_signal_Kst,30.580000000000002,23.264791682256213,51.226792622238236,0.08221767573134485,0.19499818861223212,True,True
signal_B_signal_Kst,30.6,23.280007373349907,51.34288844832167,0.08231489474325428,0.15074341330516214,True,True
signal_B_signal_Kst,30.62,23.295223064443597,51.45036280833392,0.08240541197359345,0.1064904464617848,True,True
signal_B_signal_Kst,30.64,23.310438755537287,51.549515301760266,0.08248825958050926,0.06224484229816706,True,True
signal_B_signal_Kst,30.66,23.32565444663098,51.64061798927378,0.0825645844238792,0.018001882446468827,True,True
signal_B_signal_Kst,30.68,23.340870137724675,51.7239118475195,0.08263549038923952,-0.02622712778310745,True,True
signal_B_signal_Kst,30.7,23.35608582881837,51.799606803938104,0.08270086296396652,-0.07046989772842963,True,True
signal_B_signal_Kst,30.72,23.371301519912063,51.86787534617588,0.08275537559495671,-0.11468839482441998,True,True
signal_B_signal_Kst,30.740000000000002,23.386517211005756,51.92885328978946,0.0828131069960065,-0.15890986276591942,True,True
signal_B_signal_Kst,30.76,23.40173290209945,51.9826392531827,0.08286185185257922,-0.2030930343518875,True,True
signal_B_signal_Kst,30.78,23.41694859319314,52.02929278909073,0.08290061454690235,-0.247259249493301,True,True
signal_B_signal_Kst,30.8,23.43216428428683,52.06883365652516,0.08291764065242611,-0.2914157466298685,True,True
signal_B_signal_Kst,30.82,23.447379975380525,52.10123544699877,0.08294164632223441,-0.33556221081656196,True,True
signal_B_signal_Kst,30.84,23.46259566647422,52.12643481762461,0.0829595095175543,-0.37966189797774763,True,True
signal_B_signal_Kst,30.86,23.477811357567912,52.1443242167943,0.08297074238708124,-0.4237423360537221,True,True
signal_B_signal_Kst,30.88,23.493027048661602,52.15475303294488,0.08297490420316256,-0.46779615125554225,True,True
signal_B_signal_Kst,30.900000000000002,23.508242739755296,52.15752713982101,0.08297203984128672,-0.5118200919325424,True,True
signal_B_signal_Kst,30.92,23.52345843084899,52.15240860623703,0.08296195374732444,-0.5558152503589255,True,True
signal_B_signal_Kst,30.94,23.538674121942684,52.1391155484705,0.08294445815693696,-0.5997719001135032,True,True
signal_B_signal_Kst,30.96,23.553889813036374,52.117322166889835,0.0829197932225079,-0.6436925491011365,True,True
signal_B_signal_Kst,30.98,23.569105504130064,52.086659012825976,0.08288670160960092,-0.6875728371627238,True,True
signal_B_signal_Kst,31.0,23.584321195223758,52.04671354221637,0.08284606992105056,-0.7314102243109508,True,True
signal_B_signal_Kst,31.02,23.599536886317452,51.997031015716175,0.08279669061635851,-0.7752055738000491,True,True
signal_B_signal_Kst,31.04,23.614752577411146,51.937115812851516,0.08273878044234317,-0.8189543700057912,True,True
signal_B_signal_Kst,31.060000000000002,23.62996826850484,51.866433207716454,0.08267159139689186,-0.8626581088751434,True,True
signal_B_signal_Kst,31.080000000000002,23.645183959598533,51.78441169084704,0.0825949401343791,-0.9063097186857184,True,True
signal_B_signal_Kst,31.1,23.660399650692227,51.690445866967366,0.08250839678816389,-0.9499118956647769,True,True
signal_B_signal_Kst,31.12,23.675615341785914,51.58390000241798,0.08241139352365902,-0.993461533133352,True,True
signal_B_signal_Kst,31.14,23.690831032879608,51.46411224504618,0.08230389028049194,-1.036958824375328,True,True
signal_B_signal_Kst,31.16,23.7060467239733,51.33039955758181,0.08218422042224949,-1.0804049385468153,True,True
signal_B_signal_Kst,31.18,23.721262415066995,51.182063366677085,0.08205297363967227,-1.1237958235857493,True,True
signal_B_signal_Kst,31.2,23.73647810616069,51.018393293460804,0.08191273547728954,-1.1670338926674853,True,True
signal_B_signal_Kst,31.22,23.75169379725438,50.838687492791905,0.08175339682244975,-1.2104289559280954,True,True
signal_B_signal_Kst,31.240000000000002,23.766909488348073,50.642233927436564,0.08158047381881084,-1.2536618580805272,True,True
signal_B_signal_Kst,31.26,23.782125179441767,50.428345196067085,0.08139554125599371,-1.2968472235453838,True,True
signal_B_signal_Kst,31.28,23.79734087053546,50.19635426137347,0.08119595329458308,-1.3399979250048641,True,True
signal_B_signal_Kst,31.3,23.81255656162915,49.94562645111296,0.08097995985245417,-1.3831067112760445,True,True
signal_B_signal_Kst,31.32,23.82777225272284,49.67556920524294,0.08074797658892072,-1.4261789411561363,True,True
signal_B_signal_Kst,31.34,23.842987943816535,49.38564202025418,0.08049859138737858,-1.469222188103562,True,True
signal_B_signal_Kst,31.36,23.85820363491023,49.07536646255653,0.08023155626687613,-1.512245957901363,True,True
signal_B_signal_Kst,31.38,23.873419326003923,48.74433536463721,0.07995507541906323,-1.5552819754384535,True,True
signal_B_signal_Kst,31.400000000000002,23.888635017097616,48.39222557644166,0.07965316962671577,-1.598268486775237,True,True
signal_B_signal_Kst,31.42,23.90385070819131,48.01880250285967,0.07933296650262202,-1.6412601778375806,True,True
signal_B_signal_Kst,31.44,23.919066399285004,47.62393300637336,0.07899099587273978,-1.6842737207526184,True,True
signal_B_signal_Kst,31.46,23.93428209037869,47.207591724481745,0.07861917969790665,-1.7273595421508414,True,True
signal_B_signal_Kst,31.48,23.949497781472385,46.76986554396217,0.07823854993774063,-1.7704630243120911,True,True
signal_B_signal_Kst,31.5,23.96471347256608,46.310964905026594,0.07784469642404214,-1.813571055099117,True,True
signal_B_signal_Kst,31.52,23.979929163659772,45.83122700225931,0.07742069529732365,-1.8568242901545466,True,True
signal_B_signal_Kst,31.54,23.995144854753466,45.33111596680874,0.07697749631263229,-1.900179771677058,True,True
signal_B_signal_Kst,31.560000000000002,24.010360545847156,44.81122882905561,0.07651654099962671,-1.943652474020003,True,True
signal_B_signal_Kst,31.580000000000002,24.02557623694085,44.27229563116225,0.07603909552925037,-1.9871844048065037,True,True
signal_B_signal_Kst,31.6,24.040791928034544,43.71517751991155,0.07553988210456164,-2.030924851045291,True,True
signal_B_signal_Kst,31.62,24.056007619128234,43.14086599244479,0.07502438648138743,-2.074865529605238,True,True
signal_B_signal_Kst,31.64,24.071223310221928,42.550479586246865,0.07449253928741602,-2.1189602879947818,True,True
signal_B_signal_Kst,31.66,24.086439001315618,41.945258021707104,0.07394505704417556,-2.1632566022970448,True,True
signal_B_signal_Kst,31.68,24.101654692409312,41.32655692710841,0.0733822643347194,-2.207770149541699,True,True
signal_B_signal_Kst,31.7,24.116870383503006,40.69584038362791,0.07280550769188081,-2.2525173492637798,True,True
signal_B_signal_Kst,31.72,24.132086074596696,40.05467325778227,0.07221501259518197,-2.297488803729848,True,True
signal_B_signal_Kst,31.740000000000002,24.147301765690393,39.40471171069112,0.07160753154188096,-2.342557368415424,True,True
signal_B_signal_Kst,31.76,24.162517456784087,38.747686838239815,0.07099659802085324,-2.3882542965845728,True,True
signal_B_signal_Kst,31.78,24.17773314787778,38.0854074814481,0.07037858227261619,-2.434288052330223,True,True
signal_B_signal_Kst,31.8,24.192948838971468,37.419744576870016,0.06974715321340604,-2.480520823762703,True,True
signal_B_signal_Kst,31.82,24.20816453006516,36.75261044572744,0.06910851395024777,-2.5271147024507234,True,True
signal_B_signal_Kst,31.84,24.223380221158855,36.08595697267651,0.06846494085639167,-2.57410010387436,True,True
signal_B_signal_Kst,31.86,24.23859591225255,35.42176202587234,0.06782012630853147,-2.6215226845749364,True,True
signal_B_signal_Kst,31.88,24.253811603346243,34.76201823594215,0.06717652994721249,-2.6693938480612363,True,True
signal_B_signal_Kst,31.900000000000002,24.269027294439933,34.10872118373709,0.06653545615025942,-2.7177193852505814,True,True
signal_B_signal_Kst,31.92,24.284242985533627,33.46385849138824,0.0658982103813611,-2.7665085789126524,True,True
signal_B_signal_Kst,31.94,24.29945867662732,32.82939926420249,0.0652665318154881,-2.8157613550813663,True,True
signal_B_signal_Kst,31.96,24.31467436772101,32.20728376689135,0.06464262311351769,-2.865493799624869,True,True
signal_B_signal_Kst,31.98,24.329890058814705,31.599413433428936,0.06402856216472566,-2.915719601538963,True,True
signal_B_signal_Kst,32.0,24.345105749908395,31.007641247674428,0.06342656602984956,-2.966437766119663,True,True
B_low_sideband_Kst_signal,6.0,4.564707328107824,330.6185115487747,0.114391215185169,-2.0778212587219005,True,True
B_low_sideband_Kst_signal,6.02,4.579923019201517,331.81709065766745,0.11805310815400562,-2.131132703893779,True,True
B_low_sideband_Kst_signal,6.04,4.59513871029521,333.06107766043215,0.12179864047273622,-2.178384610379657,True,True
B_low_sideband_Kst_signal,6.06,4.610354401388903,334.21578821678804,0.12554419739601044,-2.220054978161336,True,True
B_low_sideband_Kst_signal,6.08,4.6255700924825955,335.15278739945234,0.12922055314613332,-2.25666258148224,True,True
B_low_sideband_Kst_signal,6.1,4.640785783576288,335.7530827500036,0.13277167204818807,-2.2887207540222505,True,True
B_low_sideband_Kst_signal,6.12,4.656001474669981,335.909708786824,0.13615602246047306,-2.3167344804788526,True,True
B_low_sideband_Kst_signal,6.14,4.671217165763673,335.52963415555087,0.13934303166842982,-2.341165829405735,True,True
B_low_sideband_Kst_signal,6.16,4.686432856857366,334.51530939401664,0.14142135623730953,-2.356194490192345,True,True
B_low_sideband_Kst_signal,6.18,4.701648547951058,332.5376365172988,0.14142135623730953,-2.356194490192345,True,True
B_low_sideband_Kst_signal,6.2,4.716864239044752,329.53556229521746,0.14142135623730953,-2.356194490192345,True,True
B_low_sideband_Kst_signal,6.22,4.732079930138445,325.55663379738326,0.14142135623730953,-2.356194490192345,True,True
B_low_sideband_Kst_signal,6.24,4.747295621232137,320.7963828917859,0.138994103606794,-2.3738136042683116,True,True
B_low_sideband_Kst_signal,6.26,4.76251131232583,315.7406405672523,0.13549822004468906,-2.400923327439007,True,True
B_low_sideband_Kst_signal,6.28,4.777727003419523,310.48858998324977,0.13197630788952247,-2.4305958605658837,True,True
B_low_sideband_Kst_signal,6.3,4.792942694513216,305.1113439432238,0.12844731593629302,-2.463115398207481,True,True
B_low_sideband_Kst_signal,6.32,4.808158385606908,299.6780772799525,0.12493303151557972,-2.4988065991325703,True,True
B_low_sideband_Kst_signal,6.34,4.823374076700601,294.25561785214313,0.12146213197822929,-2.5380002443127814,True,True
B_low_sideband_Kst_signal,6.36,4.838589767794295,288.9079072125637,0.11807023488015118,-2.581025124944081,True,True
B_low_sideband_Kst_signal,6.38,4.853805458887987,283.6953109057217,0.11479797901415471,-2.628224846326442,True,True
B_low_sideband_Kst_signal,6.4,4.86902114998168,278.67376590363574,0.11169730863966554,-2.679848270361207,True,True
B_low_sideband_Kst_signal,6.42,4.884236841075372,273.8937538224577,0.10882410485043016,-2.736114929072134,True,True
B_low_sideband_Kst_signal,6.44,4.899452532169065,269.3991082991338,0.10624284107239283,-2.7970791999799878,True,True
B_low_sideband_Kst_signal,6.46,4.914668223262757,265.2256709512976,0.10402190558975971,-2.8626095800358753,True,True
B_low_sideband_Kst_signal,6.48,4.92988391435645,261.3998379387913,0.1022298927986969,-2.9323449813195577,True,True
B_low_sideband_Kst_signal,6.5,4.945099605450143,257.9370610302726,0.10093192720965254,-3.0055965581390884,True,True
B_low_sideband_Kst_signal,6.52,4.960315296543835,254.8403972634278,0.10018138983141858,-3.081406929442087,True,True
B_low_sideband_Kst_signal,6.54,4.975530987637528,252.0992309665312,0.10001433864264461,3.124659296244831,True,True
B_low_sideband_Kst_signal,6.5600000000000005,4.990746678731222,249.68831920212642,0.10044290898868471,3.0476479457037073,True,True
B_low_sideband_Kst_signal,6.58,5.005962369824914,247.56732953603796,0.1014511564063365,2.972251446841482,True,True
B_low_sideband_Kst_signal,6.6,5.021178060918606,245.68104060654923,0.10299431213339331,2.8998714556009366,True,True
B_low_sideband_Kst_signal,6.62,5.0363937520123,243.9603541778465,0.10500066870801628,2.8317281222791713,True,True
B_low_sideband_Kst_signal,6.64,5.051609443105992,242.32421672947066,0.10737815615041899,2.768729346397462,True,True
B_low_sideband_Kst_signal,6.66,5.066825134199685,240.68246654612176,0.11001881382026162,2.7115199746877634,True,True
B_low_sideband_Kst_signal,6.68,5.082040825293378,238.9395105140893,0.11280601444536512,2.6604734795301384,True,True
B_low_sideband_Kst_signal,6.7,5.09725651638707,236.99869056238458,0.11563452359871891,2.6155355716656308,True,True
B_low_sideband_Kst_signal,6.72,5.112472207480764,234.76683331372487,0.11839324247128521,2.576693893423725,True,True
B_low_sideband_Kst_signal,6.74,5.1276878985744565,232.158929276643,0.12099136866082198,2.5436672414530217,True,True
B_low_sideband_Kst_signal,6.76,5.1429035896681485,229.10220657988202,0.1233551524616624,2.516087401080875,True,True
B_low_sideband_Kst_signal,6.78,5.158119280761842,225.53943243627373,0.12542586993514931,2.493577922611293,True,True
B_low_sideband_Kst_signal,6.8,5.173334971855534,221.4311110751205,0.12716843796776586,2.475688650890766,True,True
B_low_sideband_Kst_signal,6.82,5.188550662949227,216.80024964681388,0.127709313385832,2.446296672536823,True,True
B_low_sideband_Kst_signal,6.84,5.20376635404292,212.01744696827018,0.12698204825662235,2.3955611928863068,True,True
B_low_sideband_Kst_signal,6.86,5.218982045136613,207.17288464873445,0.12628469991255847,2.3438992179876093,True,True
B_low_sideband_Kst_signal,6.88,5.234197736230305,202.2721145437722,0.1256389901503339,2.291237635502485,True,True
B_low_sideband_Kst_signal,6.9,5.249413427323999,197.32105402942761,0.12505859822340284,2.2375018495975856,True,True
B_low_sideband_Kst_signal,6.92,5.264629118417691,192.30346879083936,0.12344256323516527,2.197281331612248,True,True
B_low_sideband_Kst_signal,6.94,5.279844809511384,187.12063253721408,0.12092826690424456,2.167955171974645,True,True
B_low_sideband_Kst_signal,6.96,5.295060500605076,181.78789466752278,0.11845808346750047,2.1365581463641026,True,True
B_low_sideband_Kst_signal,6.98,5.31027619169877,176.33620665863555,0.11604773846280741,2.1029539020084043,True,True
B_low_sideband_Kst_signal,7.0,5.325491882792462,170.7947776260221,0.1137064602714032,2.0668714027583097,True,True
B_low_sideband_Kst_signal,7.02,5.340707573886154,165.19119985786483,0.11144768066168549,2.028019021067754,True,True
B_low_sideband_Kst_signal,7.04,5.355923264979847,159.55156805795923,0.10928973124248535,1.9860870934955885,True,True
B_low_sideband_Kst_signal,7.0600000000000005,5.3711389560735405,153.90059039952894,0.1072567565828188,1.940755256987447,True,True
B_low_sideband_Kst_signal,7.08,5.386354647167233,148.2616896357731,0.10537801801104578,1.8916563981600736,True,True
B_low_sideband_Kst_signal,7.1,5.401570338260925,142.657099250378,0.10368890189195373,1.8383392422575988,True,True
B_low_sideband_Kst_signal,7.12,5.416786029354618,137.10794504839214,0.10223948964474606,1.7804855633190595,True,True
B_low_sideband_Kst_signal,7.140000000000001,5.432001720448311,131.6343254310891,0.10108908079698076,1.7177172341599054,True,True
B_low_sideband_Kst_signal,7.16,5.447217411542003,126.25537862062811,0.10031205704379323,1.6496947047513488,True,True
B_low_sideband_Kst_signal,7.18,5.462433102635697,120.98934326558629,0.1000014625102503,1.5762046397038314,True,True
B_low_sideband_Kst_signal,7.2,5.477648793729389,115.85361141820613,0.10027116527720081,1.4972362919010087,True,True
B_low_sideband_Kst_signal,7.22,5.492864484823082,110.86477344201376,0.10125859629773001,1.4129650246467078,True,True
B_low_sideband_Kst_signal,7.24,5.508080175916774,106.03865533383077,0.1031283223078508,1.3238595597141543,True,True
B_low_sideband_Kst_signal,7.26,5.523295867010468,101.39034895458099,0.10607434854031227,1.2307373348765012,True,True
B_low_sideband_Kst_signal,7.28,5.538511558104161,96.93423498201992,0.11032664363493808,1.1346807618142316,True,True
B_low_sideband_Kst_signal,7.3,5.553727249197853,92.68399921079845,0.11615106223934973,1.03712992476764,True,True
B_low_sideband_Kst_signal,7.32,5.568942940291547,88.6526420296509,0.12386553836256453,0.9396083577350476,True,True
B_low_sideband_Kst_signal,7.34,5.584158631385239,84.85248180567396,0.1338518613661688,0.8436803661377608,True,True
B_low_sideband_Kst_signal,7.36,5.599374322478932,81.1925341610563,0.14142135623730953,0.7853981633974483,True,True
B_low_sideband_Kst_signal,7.38,5.614590013572624,76.63587491123099,0.14142135623730953,0.7853981633974483,True,True
B_low_sideband_Kst_signal,7.4,5.6298057046663175,67.18757875833398,0.1368083739048171,0.8197121302991057,True,True
B_low_sideband_Kst_signal,7.42,5.6450213957600095,64.42928249879424,0.1383664783614382,0.7630688546915524,True,True
B_low_sideband_Kst_signal,7.4399999999999995,5.6602370868537015,57.752687780147426,0.1343557530705234,0.7313212453819856,True,True
B_low_sideband_Kst_signal,7.46,5.675452777947395,50.993166385346285,0.1305280750702243,0.6980161599453834,True,True
B_low_sideband_Kst_signal,7.48,5.690668469041088,44.185524371855536,0.12689278254097094,0.663133936226718,True,True
B_low_sideband_Kst_signal,7.5,5.70588416013478,37.358204364859375,0.12346103862937186,0.6266917408924444,True,True
B_low_sideband_Kst_signal,7.52,5.721099851228472,30.53361391692397,0.12024186393174643,0.5887110661826109,True,True
B_low_sideband_Kst_signal,7.54,5.736315542322166,23.728434601152003,0.11724545921815538,0.5492591980383594,True,True
B_low_sideband_Kst_signal,7.5600000000000005,5.751531233415859,16.95391708666193,0.11448058412975598,0.5084285673755342,True,True
B_low_sideband_Kst_signal,7.58,5.766746924509551,10.21616651667,0.11195402563396119,0.4663312782609337,True,True
B_low_sideband_Kst_signal,7.6,5.781962615603243,3.0893769165863887,0.09295319217743475,0.5297663936159661,True,True
B_low_sideband_Kst_signal,7.62,5.797178306696937,3.960473203077072,0.10586246262346967,-1.9051521641344418,True,True
B_low_sideband_Kst_signal,7.640000000000001,5.81239399779063,12.618683369752489,0.10775813062120523,-1.952572853336735,True,True
B_low_sideband_Kst_signal,7.66,5.827609688884322,21.233874720577205,0.10942911773265383,-1.988966461401741,True,True
B_low_sideband_Kst_signal,7.68,5.842825379978016,29.91045662694978,0.11132581581579304,-2.025789004645727,True,True
B_low_sideband_Kst_signal,7.7,5.858041071071708,38.66696850039261,0.11345928475204031,-2.062831050594975,True,True
B_low_sideband_Kst_signal,7.72,5.873256762165401,47.52090079859454,0.11584203866473224,-2.099930450620794,True,True
B_low_sideband_Kst_signal,7.74,5.8884724532590935,56.488181228029134,0.11848167343522567,-2.1368716132226484,True,True
B_low_sideband_Kst_signal,7.76,5.903688144352786,65.58261229145728,0.12138925290198534,-2.1735173491176853,True,True
B_low_sideband_Kst_signal,7.78,5.9189038354464785,74.81524756434783,0.12457492727927114,-2.209733955968072,True,True
B_low_sideband_Kst_signal,7.8,5.934119526540172,84.1936889421213,0.12803812809602283,-2.245299446561639,True,True
B_low_sideband_Kst_signal,7.82,5.949335217633865,93.7212838466362,0.13179291407251117,-2.2801759159368333,True,True
B_low_sideband_Kst_signal,7.84,5.964550908727557,103.39621279391122,0.1358406710649867,-2.3142187323420913,True,True
B_low_sideband_Kst_signal,7.86,5.979766599821251,113.21044113427797,0.14018488907439863,-2.3473348681436637,True,True
B_low_sideband_Kst_signal,7.88,5.994982290914943,122.84195309276129,0.14142135623730953,-2.356194490192345,True,True
B_low_sideband_Kst_signal,7.9,6.010197982008636,131.43613741384524,0.14142135623730953,-2.356194490192345,True,True
B_low_sideband_Kst_signal,7.92,6.025413673102328,138.8840538091522,0.14142135623730953,-2.356194490192345,True,True
B_low_sideband_Kst_signal,7.9399999999999995,6.04062936419602,145.12489540524484,0.14142135623730953,-2.356194490192345,True,True
B_low_sideband_Kst_signal,7.96,6.055845055289714,150.10382727835076,0.14142135623730953,-2.356194490192345,True,True
B_low_sideband_Kst_signal,7.98,6.071060746383407,153.77229312700229,0.14142135623730953,-2.356194490192345,True,True
B_low_sideband_Kst_signal,8.0,6.086276437477099,156.21324362810537,0.14142135623730953,-2.356194490192345,True,True
B_low_sideband_Kst_signal,8.02,6.101492128570792,157.3808232425663,0.13866461450456213,-2.3762781535419184,True,True
B_low_sideband_Kst_signal,8.04,6.116707819664484,158.5877902295756,0.13535757252132058,-2.402060490329518,True,True
B_low_sideband_Kst_signal,8.06,6.1319235107581775,159.7521360206283,0.12531762021078388,-2.494719755623083,True,True
B_low_sideband_Kst_signal,8.08,6.1471392018518705,161.33684804152426,0.11918016586820092,-2.566360064672268,True,True
B_low_sideband_Kst_signal,8.1,6.1623548929455625,163.16400932488887,0.11466445277522629,-2.6302941277337326,True,True
B_low_sideband_Kst_signal,8.120000000000001,6.177570584039256,165.23213747203908,0.1108409078113934,-2.695625633740632,True,True
B_low_sideband_Kst_signal,8.14,6.192786275132949,167.5485930423065,0.10765920821270035,-2.762111374655545,True,True
B_low_sideband_Kst_signal,8.16,6.208001966226641,170.12039315452375,0.10507939778732774,-2.8293965553054288,True,True
B_low_sideband_Kst_signal,8.18,6.223217657320333,172.9541162289329,0.10306543328935062,-2.8970882111636134,True,True
B_low_sideband_Kst_signal,8.2,6.238433348414026,176.0557879896519,0.10158298831722518,-2.9648224941999,True,True
B_low_sideband_Kst_signal,8.22,6.25364903950772,179.43075200445537,0.10060136767421377,-3.0321970991438385,True,True
B_low_sideband_Kst_signal,8.24,6.268864730601412,183.0835202263147,0.10009150741469486,-3.0988287227409343,True,True
B_low_sideband_Kst_signal,8.26,6.284080421695105,187.01760140300712,0.10002590181232524,3.118834699949356,True,True
B_low_sideband_Kst_signal,8.280000000000001,6.299296112788799,191.23530542228855,0.10037818378242451,3.0547599687274998,True,True
B_low_sideband_Kst_signal,8.3,6.314511803882491,195.7375206877823,0.1011232298088985,2.992407138475277,True,True
B_low_sideband_Kst_signal,8.32,6.329727494976183,200.5234636538912,0.10223650116495225,2.9320408140029506,True,True
B_low_sideband_Kst_signal,8.34,6.344943186069876,205.59039327439086,0.10369509585300972,2.8738319142420337,True,True
B_low_sideband_Kst_signal,8.36,6.360158877163569,210.9332946665645,0.10547720373591972,2.817915068671378,True,True
B_low_sideband_Kst_signal,8.379999999999999,6.375374568257261,216.54452387704987,0.10756107919472965,2.7644055472808486,True,True
B_low_sideband_Kst_signal,8.4,6.3905902593509545,222.41341537029393,0.10992996612852082,2.713285319415952,True,True
B_low_sideband_Kst_signal,8.42,6.405805950444647,228.52584649638266,0.11256376668304419,2.6646124137498806,True,True
B_low_sideband_Kst_signal,8.44,6.421021641538339,234.86376538081868,0.11544394886451469,2.618385674086714,True,True
B_low_sideband_Kst_signal,8.46,6.436237332632032,241.40467429221917,0.1185562383645365,2.5745283717325687,True,True
B_low_sideband_Kst_signal,8.48,6.451453023725726,248.12107723956933,0.12188367659555974,2.533001716617057,True,True
B_low_sideband_Kst_signal,8.5,6.466668714819418,254.979891282665,0.12541099745866255,2.49373458069816,True,True
B_low_sideband_Kst_signal,8.52,6.48188440591311,261.94182983738347,0.12912305604012225,2.45664952705689,True,True
B_low_sideband_Kst_signal,8.54,6.497100097006802,268.960766896897,0.1330061536904176,2.4216520799210324,True,True
B_low_sideband_Kst_signal,8.56,6.512315788100497,275.98309490385964,0.13704372706759968,2.388670810142347,True,True
B_low_sideband_Kst_signal,8.58,6.527531479194189,282.9470943899041,0.1412192278643969,2.3576268256237167,True,True
B_low_sideband_Kst_signal,8.6,6.542747170287881,289.29289192544866,0.14142135623730953,2.356194490192345,True,True
B_low_sideband_Kst_signal,8.620000000000001,6.557962861381576,294.37073638403353,0.14142135623730953,2.356194490192345,True,True
B_low_sideband_Kst_signal,8.64,6.573178552475268,298.13085329465594,0.14142135623730953,2.356194490192345,True,True
B_low_sideband_Kst_signal,8.66,6.58839424356896,300.5310207254897,0.14142135623730953,2.356194490192345,True,True
B_low_sideband_Kst_signal,8.68,6.603609934662652,301.5355171246424,0.14142135623730953,2.356194490192345,True,True
B_low_sideband_Kst_signal,8.7,6.618825625756346,301.1152604100157,0.14142135623730953,2.356194490192345,True,True
B_low_sideband_Kst_signal,8.72,6.6340413168500385,299.5864205156922,0.13739295687384195,2.326426793325862,True,True
B_low_sideband_Kst_signal,8.74,6.6492570079437305,297.81828770477114,0.13220806277696723,2.283826052655104,True,True
B_low_sideband_Kst_signal,8.76,6.664472699037424,295.96796344736003,0.12724361899351386,2.2374520531423716,True,True
B_low_sideband_Kst_signal,8.780000000000001,6.679688390131117,294.14564687276925,0.12255691869294158,2.1872265940850224,True,True
B_low_sideband_Kst_signal,8.8,6.694904081224809,292.4486029006057,0.11820103417995315,2.133124192229333,True,True
B_low_sideband_Kst_signal,8.82,6.710119772318501,290.96173995585696,0.11422378825553554,2.075176096278868,True,True
B_low_sideband_Kst_signal,8.84,6.725335463412195,289.7583500128112,0.11066929835170031,2.013508839125368,True,True
B_low_sideband_Kst_signal,8.86,6.740551154505887,288.90091794689124,0.10757885916046878,1.9484004087061064,True,True
B_low_sideband_Kst_signal,8.879999999999999,6.755766845599579,288.4419192937712,0.10498382968185202,1.8801595057588012,True,True
B_low_sideband_Kst_signal,8.9,6.770982536693274,288.424573031632,0.10291358644662173,1.809315098665374,True,True
B_low_sideband_Kst_signal,8.92,6.786198227786966,288.88350102033655,0.10138841590371686,1.7364791442739735,True,True
B_low_sideband_Kst_signal,8.94,6.801413918880658,289.8452830638921,0.10042087550431664,1.6623828598161488,True,True
B_low_sideband_Kst_signal,8.96,6.816629609974351,291.3288946216762,0.10001447040582019,1.5878073003689845,True,True
B_low_sideband_Kst_signal,8.98,6.831845301068045,293.34602447965244,0.10016382183519693,1.513595190305558,True,True
B_low_sideband_Kst_signal,9.0,6.847060992161737,295.9012741884826,0.10085425852209842,1.440548776939666,True,True
B_low_sideband_Kst_signal,9.02,6.862276683255429,298.99224471282696,0.10206401095860691,1.369345388518233,True,True
B_low_sideband_Kst_signal,9.04,6.877492374349121,302.60951981504195,0.10376418264719717,1.300619366691892,True,True
B_low_sideband_Kst_signal,9.06,6.8927080654428154,306.7365557201988,0.105920987516727,1.2348536265677006,True,True
B_low_sideband_Kst_signal,9.08,6.9079237565365075,311.34949083781703,0.10849737927911307,1.172392110843277,True,True
B_low_sideband_Kst_signal,9.1,6.9231394476301995,316.41689015181237,0.11145434649756486,1.113452085660548,True,True
B_low_sideband_Kst_signal,9.120000000000001,6.938355138723894,321.8994413564178,0.11475206133233913,1.058138713236672,True,True
B_low_sideband_Kst_signal,9.14,6.953570829817586,327.7496221085239,0.1183501069414094,1.0064728938469139,True,True
B_low_sideband_Kst_signal,9.16,6.968786520911278,333.91136058275015,0.12221031128346241,0.9583802939035944,True,True
B_low_sideband_Kst_signal,9.18,6.98400221200497,340.31971399895156,0.12629598243397278,0.9137354193603251,True,True
B_low_sideband_Kst_signal,9.2,6.999217903098664,346.9005923585137,0.13056891049272615,0.8724074412751559,True,True
B_low_sideband_Kst_signal,9.22,7.014433594192357,353.57055962197,0.1349929981183841,0.8342295186165575,True,True
B_low_sideband_Kst_signal,9.24,7.029649285286049,360.2367442823047,0.13953721002352423,0.7989938245613853,True,True
B_low_sideband_Kst_signal,9.26,7.044864976379742,366.5894159130157,0.14142135623730953,0.7853981633974483,True,True
B_low_sideband_Kst_signal,9.280000000000001,7.060080667473436,371.6682468682807,0.14142135623730953,0.7853981633974483,True,True
B_low_sideband_Kst_signal,9.3,7.075296358567128,375.34003994720297,0.14142135623730953,0.7853981633974483,True,True
B_low_sideband_Kst_signal,9.32,7.090512049660821,377.5794005282396,0.14142135623730953,0.7853981633974483,True,True
B_low_sideband_Kst_signal,9.34,7.105727740754514,378.3668871407326,0.14142135623730953,0.7853981633974483,True,True
B_low_sideband_Kst_signal,9.36,7.120943431848206,377.68903586882834,0.14142135623730953,0.7853981633974483,True,True
B_low_sideband_Kst_signal,9.379999999999999,7.136159122941898,375.53834362476255,0.14142135623730953,0.7853981633974483,True,True
B_low_sideband_Kst_signal,9.4,7.1513748140355915,371.91321119109125,0.14142135623730953,0.7853981633974483,True,True
B_low_sideband_Kst_signal,9.42,7.166590505129284,367.1298988733279,0.1380048701169358,0.760324947625408,True,True
B_low_sideband_Kst_signal,9.44,7.1818061962229764,362.1630337051256,0.1331853333459612,0.7214733258670939,True,True
B_low_sideband_Kst_signal,9.46,7.19702188731667,357.19481691151486,0.12849036990082266,0.6788927993530884,True,True
B_low_sideband_Kst_signal,9.48,7.212237578410363,352.34233359009613,0.12397182023472834,0.6323599189777954,True,True
B_low_sideband_Kst_signal,9.5,7.227453269504055,347.712984601274,0.11968159270758924,0.5816625487960304,True,True
B_low_sideband_Kst_signal,9.52,7.242668960597747,343.404170405277,0.11567635630494072,0.5266795787969147,True,True
B_low_sideband_Kst_signal,9.54,7.25788465169144,339.5031132741901,0.11200884750216057,0.46730269320862694,True,True
B_low_sideband_Kst_signal,9.56,7.273100342785134,336.0867755903282,0.10873616739449725,0.4035895998560201,True,True
B_low_sideband_Kst_signal,9.58,7.288316033878826,333.2218298459384,0.10591243508300724,0.33571136632973314,True,True
B_low_sideband_Kst_signal,9.6,7.303531724972519,330.9646496138962,0.10359050255935053,0.26405543013267857,True,True
B_low_sideband_Kst_signal,9.620000000000001,7.318747416066213,329.3612937168414,0.10181607391311594,0.18915648787028333,True,True
B_low_sideband_Kst_signal,9.64,7.333963107159905,328.44746499261237,0.10062793471994284,0.11177355509653565,True,True
B_low_sideband_Kst_signal,9.66,7.349178798253598,328.24842973036766,0.10005390020786499,0.03282560242407374,True,True
B_low_sideband_Kst_signal,9.68,7.36439448934729,328.77889162017027,0.10010885857295432,-0.04663902079293663,True,True
B_low_sideband_Kst_signal,9.7,7.379610180440983,330.04281939615703,0.10079328558709795,-0.12554494493600335,True,True
B_low_sideband_Kst_signal,9.72,7.394825871534676,332.03323331167576,0.10209330672394759,-0.20285123750810158,True,True
B_low_sideband_Kst_signal,9.74,7.410041562628368,334.73196118194846,0.10398140936639932,-0.27762025215227637,True,True
B_low_sideband_Kst_signal,9.76,7.4252572537220605,338.10938008923404,0.10641899368848164,-0.34909725456447227,True,True
B_low_sideband_Kst_signal,9.780000000000001,7.440472944815755,342.12416498877974,0.10935885089632827,-0.4167218602746297,True,True
B_low_sideband_Kst_signal,9.8,7.455688635909447,346.72307041484055,0.1127463692395395,-0.4801048043920359,True,True
B_low_sideband_Kst_signal,9.82,7.470904327003139,351.8407754757577,0.11652420359097189,-0.5390615309648448,True,True
B_low_sideband_Kst_signal,9.84,7.486120018096832,357.39982676331783,0.12063502913939624,-0.5935745707095761,True,True
B_low_sideband_Kst_signal,9.86,7.501335709190524,363.31071597165646,0.12501890569953975,-0.6437027119981444,True,True
B_low_sideband_Kst_signal,9.879999999999999,7.516551400284217,369.47213093658775,0.12961826055922193,-0.6896068107790826,True,True
B_low_sideband_Kst_signal,9.9,7.53176709137791,375.7714185722357,0.13437693992949115,-0.7314969413392305,True,True
B_low_sideband_Kst_signal,9.92,7.546982782471603,382.0852961332844,0.13924064930264055,-0.7696114758858497,True,True
B_low_sideband_Kst_signal,9.94,7.562198473565296,388.08478673548325,0.14142135623730953,-0.7853981633974483,True,True
B_low_sideband_Kst_signal,9.96,7.577414164658989,392.7346333420319,0.14142135623730953,-0.7853981633974483,True,True
B_low_sideband_Kst_signal,9.98,7.592629855752682,395.8976601213808,0.14142135623730953,-0.7853981633974483,True,True
B_low_sideband_Kst_signal,10.0,7.607845546846375,397.57133726471375,0.14142135623730953,-0.7853981633974483,True,True
B_low_sideband_Kst_signal,10.02,7.623061237940067,397.75820667236167,0.14142135623730953,-0.7853981633974483,True,True
B_low_sideband_Kst_signal,10.04,7.638276929033759,396.46576622782095,0.14142135623730953,-0.7853981633974483,True,True
B_low_sideband_Kst_signal,10.06,7.653492620127453,393.70632401558487,0.14142135623730953,-0.7853981633974483,True,True
B_low_sideband_Kst_signal,10.08,7.668708311221145,389.4968244276497,0.14142135623730953,-0.7853981633974483,True,True
B_low_sideband_Kst_signal,10.1,7.683924002314837,383.92314127433747,0.13994794744257236,-0.7959826390515417,True,True
B_low_sideband_Kst_signal,10.120000000000001,7.699139693408532,377.9254586339048,0.1354098316140245,-0.8308411972981795,True,True
B_low_sideband_Kst_signal,10.14,7.714355384502224,371.9494678891483,0.13092939306492193,-0.8691343224761098,True,True
B_low_sideband_Kst_signal,10.16,7.729571075595916,366.0983170115919,0.12661388794310213,-0.9104873820946314,True,True
B_low_sideband_Kst_signal,10.18,7.744786766689608,360.4454297113457,0.1224931096811361,-0.9551016488985967,True,True
B_low_sideband_Kst_signal,10.2,7.7600024577833,355.0589770466595,0.11859788446862013,-1.0031808782141507,True,True
B_low_sideband_Kst_signal,10.219999999999999,7.775218148876994,350.0018220224147,0.11496280732958032,-1.0548911574773476,True,True
B_low_sideband_Kst_signal,10.24,7.790433839970687,345.3313993744423,0.11162788989537481,-1.110303210205786,True,True
B_low_sideband_Kst_signal,10.26,7.805649531064379,341.099523523314,0.10863359911070716,-1.169423486799175,True,True
B_low_sideband_Kst_signal,10.280000000000001,7.820865222158074,337.3521155404196,0.10601908648994081,-1.2322136814798486,True,True
B_low_sideband_Kst_signal,10.3,7.836080913251766,334.1288633388326,0.10382723361547103,-1.2984352671166717,True,True
B_low_sideband_Kst_signal,10.32,7.851296604345458,331.4627982964844,0.10209825958411783,-1.367709369227176,True,True
B_low_sideband_Kst_signal,10.34,7.86651229543915,329.3798060279955,0.10086824441357783,-1.4394944959808316,True,True
B_low_sideband_Kst_signal,10.36,7.881727986532844,327.89807762807186,0.10016658412118268,-1.513115619935395,True,True
B_low_sideband_Kst_signal,10.379999999999999,7.896943677626536,327.02750992970005,0.10001434772444627,-1.587735045270402,True,True
B_low_sideband_Kst_signal,10.4,7.9121593687202285,326.7690788028426,0.10042146472896471,-1.6624467236643135,True,True
B_low_sideband_Kst_signal,10.42,7.927375059813922,327.1142036358092,0.10138587547180064,-1.736329228338598,True,True
B_low_sideband_Kst_signal,10.440000000000001,7.942590750907615,328.04412919261404,0.10289253313118475,-1.8084721120674996,True,True
B_low_sideband_Kst_signal,10.46,7.957806442001307,329.5293597226532,0.10491684021102445,-1.8781555699253716,True,True
B_low_sideband_Kst_signal,10.48,7.973022133094999,331.52917642957937,0.10742017347934539,-1.9446583296872653,True,True
B_low_sideband_Kst_signal,10.5,7.988237824188693,333.9912841443429,0.1103579646835428,-2.007520478432682,True,True
B_low_sideband_Kst_signal,10.52,8.003453515282384,336.8516234136564,0.11367981012862484,-2.066438072886463,True,True
B_low_sideband_Kst_signal,10.54,8.018669206376078,340.03439452286193,0.11732613392695268,-2.121177884391728,True,True
B_low_sideband_Kst_signal,10.56,8.033884897469772,343.4523326181934,0.1212436445018257,-2.1717699047311574,True,True
B_low_sideband_Kst_signal,10.58,8.049100588563464,347.00727242252105,0.12536997235684794,-2.2182219039284954,True,True
B_low_sideband_Kst_signal,10.600000000000001,8.064316279657158,350.59103180247894,0.12964661254637705,-2.260668274087135,True,True
B_low_sideband_Kst_signal,10.620000000000001,8.07953197075085,354.0866323882756,0.13401557681215134,-2.2992842369133935,True,True
B_low_sideband_Kst_signal,10.64,8.094747661844542,357.36986249342453,0.13842116940209478,-2.334278249287301,True,True
B_low_sideband_Kst_signal,10.66,8.109963352938236,360.26182445794893,0.14142135623730953,-2.356194490192345,True,True
B_low_sideband_Kst_signal,10.68,8.125179044031928,361.97044782531657,0.14142135623730953,-2.356194490192345,True,True
B_low_sideband_Kst_signal,10.7,8.14039473512562,362.27085787707074,0.14142135623730953,-2.356194490192345,True,True
B_low_sideband_Kst_signal,10.719999999999999,8.155610426219312,361.181258556795,0.14142135623730953,-2.356194490192345,True,True
B_low_sideband_Kst_signal,10.74,8.170826117313005,358.7234837125129,0.14142135623730953,-2.356194490192345,True,True
B_low_sideband_Kst_signal,10.76,8.186041808406697,354.92275432751467,0.14142135623730953,-2.356194490192345,True,True
B_low_sideband_Kst_signal,10.780000000000001,8.201257499500393,349.9761368556847,0.139070171006539,-2.3732471770037042,True,True
B_low_sideband_Kst_signal,10.8,8.216473190594085,344.7682465131684,0.13485158635897043,-2.406182992870904,True,True
B_low_sideband_Kst_signal,10.82,8.231688881687777,339.4960945585681,0.13073042593634554,-2.4417334305378158,True,True
B_low_sideband_Kst_signal,10.84,8.24690457278147,334.2420086807956,0.1267245307210515,-2.4801602659153024,True,True
B_low_sideband_Kst_signal,10.86,8.262120263875161,329.0834986000914,0.12286364110435978,-2.5216476984752654,True,True
B_low_sideband_Kst_signal,10.879999999999999,8.277335954968855,324.093137894607,0.11917875949161535,-2.566378265119395,True,True
B_low_sideband_Kst_signal,10.9,8.292551646062547,319.3384049525798,0.11570298388449846,-2.6145174207753126,True,True
B_low_sideband_Kst_signal,10.92,8.30776733715624,314.88147380566943,0.11247269754714492,-2.6661816184640887,True,True
B_low_sideband_Kst_signal,10.940000000000001,8.322983028249935,310.7789494953304,0.10952683198987527,-2.721419403848836,True,True
B_low_sideband_Kst_signal,10.96,8.338198719343627,307.08154462156836,0.1069063955804239,-2.780178540153734,True,True
B_low_sideband_Kst_signal,10.98,8.353414410437319,303.83369645228504,0.1046516139792672,-2.842320861073282,True,True
B_low_sideband_Kst_signal,11.0,8.368630101531012,301.073130654554,0.10280213690241714,-2.907574228085134,True,True
B_low_sideband_Kst_signal,11.02,8.383845792624705,298.8303752318102,0.10139515644564581,-2.975512749511776,True,True
B_low_sideband_Kst_signal,11.04,8.399061483718397,297.1282360787277,0.10046284250103758,-3.045565123125735,True,True
B_low_sideband_Kst_signal,11.06,8.41427717481209,295.98124865894124,0.10003023762702432,-3.117004034390781,True,True
B_low_sideband_Kst_signal,11.08,8.429492865905782,295.3951260768613,0.1001125551595461,3.0941690964380264,True,True
B_low_sideband_Kst_signal,11.100000000000001,8.444708556999476,295.36622451349103,0.10071400072498723,3.0224475201931575,True,True
B_low_sideband_Kst_signal,11.120000000000001,8.459924248093168,295.8810548224824,0.10182693409397325,2.951879878268247,True,True
B_low_sideband_Kst_signal,11.14,8.475139939186862,296.9158705617988,0.10343191161675108,2.8832691154463794,True,True
B_low_sideband_Kst_signal,11.16,8.490355630280554,298.43636626351736,0.10549883355260005,2.8173044797875684,True,True
B_low_sideband_Kst_signal,11.18,8.505571321374246,300.39752112994483,0.10798838175832288,2.7545398845278055,True,True
B_low_sideband_Kst_signal,11.2,8.520787012467938,302.74362307981573,0.11085394203302365,2.695379760061888,True,True
B_low_sideband_Kst_signal,11.219999999999999,8.536002703561632,305.40850591496564,0.11404357326265258,2.64008306822874,True,True
B_low_sideband_Kst_signal,11.24,8.551218394655324,308.31602746640556,0.1175027823122462,2.58876602901226,True,True
B_low_sideband_Kst_signal,11.26,8.566434085749016,311.3808094229412,0.12117386122265048,2.5414596166075465,True,True
B_low_sideband_Kst_signal,11.280000000000001,8.581649776842712,314.509249032817,0.12500309954852992,2.498058484493967,True,True
B_low_sideband_Kst_signal,11.3,8.596865467936404,317.60080091194186,0.12893479489090448,2.4584389536005395,True,True
B_low_sideband_Kst_signal,11.32,8.612081159030096,320.5495121183617,0.13291585985987026,2.4224270627850544,True,True
B_low_sideband_Kst_signal,11.34,8.627296850123788,323.24577959670887,0.13689689393198007,2.3898161239258546,True,True
B_low_sideband_Kst_signal,11.36,8.642512541217481,325.5782822595711,0.14083087661497967,2.360396157400827,True,True
B_low_sideband_Kst_signal,11.379999999999999,8.657728232311173,327.16710188753586,0.14142135623730953,2.356194490192345,True,True
B_low_sideband_Kst_signal,11.4,8.672943923404866,327.50612059982177,0.14142135623730953,2.356194490192345,True,True
B_low_sideband_Kst_signal,11.42,8.68815961449856,326.6076588777546,0.14142135623730953,2.356194490192345,True,True
B_low_sideband_Kst_signal,11.440000000000001,8.703375305592253,324.5466351860214,0.1401205479866751,2.3468673637416577,True,True
B_low_sideband_Kst_signal,11.46,8.718590996685945,321.9676934200961,0.1364308393221456,2.318911839059837,True,True
B_low_sideband_Kst_signal,11.48,8.733806687779637,319.1203394237232,0.1327776906850969,2.288772651442172,True,True
B_low_sideband_Kst_signal,11.5,8.749022378873331,316.08057437352363,0.12918116744527952,2.256289960534162,True,True
B_low_sideband_Kst_signal,11.52,8.764238069967023,312.92104852583316,0.12566287313189772,2.221298168395182,True,True
B_low_sideband_Kst_signal,11.54,8.779453761060715,309.7109303863135,0.12224662433830823,2.1836350632016113,True,True
B_low_sideband_Kst_signal,11.56,8.794669452154409,306.5157535341609,0.11895807099068195,2.143142984132762,True,True
B_low_sideband_Kst_signal,11.58,8.809885143248101,303.3972326999874,0.1158256730462655,2.099688768902755,True,True
B_low_sideband_Kst_signal,11.600000000000001,8.825100834341795,300.4130425734975,0.11287937198514182,2.0531589110860504,True,True
B_low_sideband_Kst_signal,11.620000000000001,8.840316525435487,297.6165551168506,0.1101517013234515,2.0034915116597407,True,True
B_low_sideband_Kst_signal,11.64,8.85553221652918,295.05653337999684,0.10767706618836081,1.950693243723212,True,True
B_low_sideband_Kst_signal,11.66,8.870747907622873,292.7767821710145,0.10549039778393207,1.8948465287843737,True,True
B_low_sideband_Kst_signal,11.68,8.885963598716565,290.81575920184105,0.10362640444555299,1.8361301518674131,True,True
B_low_sideband_Kst_signal,11.7,8.901179289810257,289.20615318004457,0.10211826867516885,1.7748326055811812,True,True
B_low_sideband_Kst_signal,11.719999999999999,8.916394980903949,287.9744385140061,0.10099591361229159,1.7113465232018186,True,True
B_low_sideband_Kst_signal,11.74,8.931610671997642,287.14041955417224,0.1002850097140937,1.646206463408595,True,True
B_low_sideband_Kst_signal,11.76,8.946826363091336,286.7167811911454,0.10000425990948292,1.5800264495078724,True,True
B_low_sideband_Kst_signal,11.780000000000001,8.96204205418503,286.7086652146636,0.10016420579381147,1.5135282882354855,True,True
B_low_sideband_Kst_signal,11.8,8.977257745278722,287.1132968467182,0.10076631032868633,1.4473906121164435,True,True
B_low_sideband_Kst_signal,11.82,8.992473436372414,287.91968034196816,0.10180242311615452,1.3823415396520409,True,True
B_low_sideband_Kst_signal,11.84,9.007689127466106,289.1083988964024,0.1032545547646695,1.3190555505186903,True,True
B_low_sideband_Kst_signal,11.86,9.022904818559798,290.65153569468066,0.10509618545528224,1.258105685914999,True,True
B_low_sideband_Kst_signal,11.879999999999999,9.038120509653492,292.5127436736284,0.10729356991283855,1.1999536834706648,True,True
B_low_sideband_Kst_signal,11.9,9.053336200747186,294.6474841073632,0.10980694801647185,1.1449493619741435,True,True
B_low_sideband_Kst_signal,11.92,9.068551891840878,297.0034480860418,0.1125927648867119,1.0933179522305643,True,True
B_low_sideband_Kst_signal,11.940000000000001,9.083767582934572,299.52116908363905,0.1156049029435881,1.045180695432876,True,True
B_low_sideband_Kst_signal,11.96,9.098983274028264,302.1348246251987,0.11879631715885217,1.000566511305561,True,True
B_low_sideband_Kst_signal,11.98,9.114198965121956,304.77321682372167,0.1221207214999927,0.9594253339111461,True,True
B_low_sideband_Kst_signal,12.0,9.129414656215648,307.36091089582624,0.12553375891963842,0.9216472338998122,True,True
B_low_sideband_Kst_signal,12.02,9.144630347309342,309.81950097276285,0.12899091352234798,0.8871082601862885,True,True
B_low_sideband_Kst_signal,12.04,9.159846038403034,312.0689644468266,0.13245444945659074,0.8556183204894159,True,True
B_low_sideband_Kst_signal,12.06,9.175061729496727,314.029059449389,0.13588740861325616,0.8269998959547599,True,True
B_low_sideband_Kst_signal,12.08,9.19027742059042,315.62071640268323,0.13925753827376444,0.8010596893822095,True,True
B_low_sideband_Kst_signal,12.100000000000001,9.205493111684113,316.73517704672804,0.14142135623730953,0.7853981633974483,True,True
B_low_sideband_Kst_signal,12.120000000000001,9.220708802777805,316.9314182239227,0.14142135623730953,0.7853981633974483,True,True
B_low_sideband_Kst_signal,12.14,9.235924493871499,316.10596442754877,0.14142135623730953,0.7853981633974483,True,True
B_low_sideband_Kst_signal,12.16,9.251140184965191,314.5269787024499,0.138555850509977,0.7644969877245085,True,True
B_low_sideband_Kst_signal,12.18,9.266355876058883,312.62090570816326,0.1353168711146321,0.7392023784257259,True,True
B_low_sideband_Kst_signal,12.2,9.281571567152575,310.4547739307509,0.13209169684273034,0.7120104647102249,True,True
B_low_sideband_Kst_signal,12.219999999999999,9.296787258246267,308.0897648293758,0.12889554326747668,0.6827794571612769,True,True
B_low_sideband_Kst_signal,12.24,9.312002949339963,305.5852258698028,0.12574553220884196,0.6513651561757969,True,True
B_low_sideband_Kst_signal,12.26,9.327218640433655,302.99855706011294,0.12266033425755148,0.6176191998055663,True,True
B_low_sideband_Kst_signal,12.280000000000001,9.342434331527349,300.3850673011093,0.11966076284426942,0.5813977627130795,True,True
B_low_sideband_Kst_signal,12.3,9.35765002262104,297.7977947631498,0.11676960471477245,0.5425647252960316,True,True
B_low_sideband_Kst_signal,12.32,9.372865713714733,295.2872869278226,0.11401222253545269,0.5010078148950823,True,True
B_low_sideband_Kst_signal,12.34,9.388081404808425,292.90133771901355,0.11141577255388238,0.4566402540949453,True,True
B_low_sideband_Kst_signal,12.36,9.403297095902117,290.6846810621769,0.1090094297182469,0.4094200765677322,True,True
B_low_sideband_Kst_signal,12.379999999999999,9.41851278699581,288.67864266943843,0.10682417871031327,0.3593725950077555,True,True
B_low_sideband_Kst_signal,12.4,9.433728478089504,286.92075417150545,0.10489091488605125,0.3065796137761607,True,True
B_low_sideband_Kst_signal,12.42,9.448944169183196,285.44433716433787,0.10324074321540104,0.2512201031322777,True,True
B_low_sideband_Kst_signal,12.440000000000001,9.46415986027689,284.278067298128,0.10190291163428383,0.19355712556314122,True,True
B_low_sideband_Kst_signal,12.46,9.479375551370582,283.4455318238952,0.10090396679209777,0.13395590897683712,True,True
B_low_sideband_Kst_signal,12.48,9.494591242464274,282.96479669096107,0.10026619646502627,0.07288447003745874,True,True
B_low_sideband_Kst_signal,12.5,9.509806933557966,282.8480021180685,0.10000592783300973,0.010888103781492728,True,True
B_low_sideband_Kst_signal,12.52,9.52502262465166,283.1010061961779,0.10013235805520651,-0.05142221914984822,True,True
B_low_sideband_Kst_signal,12.54,9.540238315745352,283.7231034396232,0.1006467490089498,-0.11342684305293828,True,True
B_low_sideband_Kst_signal,12.56,9.555454006839046,284.7068249665517,0.10154218244893404,-0.17450618485130792,True,True
B_low_sideband_Kst_signal,12.58,9.57066969793274,286.0378591797048,0.10280348559581494,-0.23407345231410812,True,True
B_low_sideband_Kst_signal,12.600000000000001,9.585885389026432,287.6950959846972,0.10440794340785395,-0.2916124995252243,True,True
B_low_sideband_Kst_signal,12.620000000000001,9.601101080120124,289.65080798840836,0.10632677623125453,-0.34670674210226265,True,True
B_low_sideband_Kst_signal,12.64,9.616316771213816,291.87097662112683,0.10852651899655319,-0.39904163930582676,True,True
B_low_sideband_Kst_signal,12.66,9.63153246230751,294.31576126849586,0.11097016350915649,-0.4483971597239441,True,True
B_low_sideband_Kst_signal,12.68,9.646748153401202,296.9401024835406,0.11361918384446663,-0.4946539108672863,True,True
B_low_sideband_Kst_signal,12.7,9.661963844494894,299.6944430985568,0.11643416971986996,-0.5377673882683343,True,True
B_low_sideband_Kst_signal,12.719999999999999,9.677179535588586,302.52554496662106,0.11937689087435074,-0.577769260470641,True,True
B_low_sideband_Kst_signal,12.74,9.692395226682281,305.3773730393614,0.12241076772968246,-0.6147431736504241,True,True
B_low_sideband_Kst_signal,12.76,9.707610917775973,308.19201909195226,0.12550167082218627,-0.6488120945604123,True,True
B_low_sideband_Kst_signal,12.780000000000001,9.722826608869667,310.91062024022995,0.1286175149682657,-0.6801170973501585,True,True
B_low_sideband_Kst_signal,12.8,9.73804229996336,313.47425948950786,0.13173080062614995,-0.7088301468609478,True,True
B_low_sideband_Kst_signal,12.82,9.753257991057051,315.82479781807115,0.13481687649725305,-0.7351250384186995,True,True
B_low_sideband_Kst_signal,12.84,9.768473682150743,317.9056250906606,0.13785437226185893,-0.7591763719002448,True,True
B_low_sideband_Kst_signal,12.86,9.783689373244435,319.6623039714559,0.14082488342200655,-0.7811535783521296,True,True
B_low_sideband_Kst_signal,12.879999999999999,9.798905064338129,320.90580868060897,0.14142135623730953,-0.7853981633974483,True,True
B_low_sideband_Kst_signal,12.9,9.814120755431823,321.3318623102191,0.14142135623730953,-0.7853981633974483,True,True
B_low_sideband_Kst_signal,12.92,9.829336446525515,320.9514845638537,0.14082647629977285,-0.78963134115274,True,True
B_low_sideband_Kst_signal,12.940000000000001,9.844552137619209,320.0754636917668,0.1380327361032051,-0.8102591371736325,True,True
B_low_sideband_Kst_signal,12.96,9.8597678287129,318.88032947109696,0.1352104036580666,-0.8324581101816976,True,True
B_low_sideband_Kst_signal,12.98,9.874983519806593,317.41178930799015,0.13236872359780255,-0.8563642657838821,True,True
B_low_sideband_Kst_signal,13.0,9.890199210900287,315.7157689907708,0.12951968901420516,-0.8821128866305962,True,True
B_low_sideband_Kst_signal,13.02,9.905414901993979,313.83834256794125,0.126676074841751,-0.9098555084192841,True,True
B_low_sideband_Kst_signal,13.04,9.92063059308767,311.825613012375,0.12385349111240607,-0.9397414460655106,True,True
B_low_sideband_Kst_signal,13.06,9.935846284181364,309.72353799068605,0.12106967548874249,-0.9719219416976308,True,True
B_low_sideband_Kst_signal,13.08,9.951061975275056,307.57769681748186,0.11834526018916308,-1.0065375971042145,True,True
B_low_sideband_Kst_signal,13.100000000000001,9.96627766636875,305.432996675238,0.1157028221028657,-1.0437234965002944,True,True
B_low_sideband_Kst_signal,13.120000000000001,9.981493357462444,303.3333190941562,0.11316771808851976,-1.083590067236589,True,True
B_low_sideband_Kst_signal,13.14,9.996709048556136,301.3211104144398,0.11076802412250626,-1.1262075704755183,True,True
B_low_sideband_Kst_signal,13.16,10.011924739649828,299.4369234758424,0.10853336523687669,-1.1716051172026105,True,True
B_low_sideband_Kst_signal,13.18,10.02714043074352,297.71892106545056,0.10649469031176759,-1.2197515595768673,True,True
B_low_sideband_Kst_signal,13.2,10.042356121837212,296.2023549068863,0.10468330619924522,-1.2705448707353328,True,True
B_low_sideband_Kst_signal,13.219999999999999,10.057571812930906,294.91903747941615,0.1031297908151634,-1.3238030787190964,True,True
B_low_sideband_Kst_signal,13.24,10.0727875040246,293.8968254126321,0.10186274668753909,-1.3792612769985753,True,True
B_low_sideband_Kst_signal,13.26,10.088003195118292,293.1591348272391,0.10090791238203858,-1.4365505837240948,True,True
B_low_sideband_Kst_signal,13.280000000000001,10.103218886211986,292.7245093811216,0.10028629547532149,-1.495216687024651,True,True
B_low_sideband_Kst_signal,13.3,10.118434577305678,292.60626075588834,0.10001288053246028,-1.5547469342552525,True,True
B_low_sideband_Kst_signal,13.32,10.13365026839937,292.812197917649,0.10009582553529225,-1.6145568287806233,True,True
B_low_sideband_Kst_signal,13.34,10.148865959493063,293.34446016556467,0.10053563832841325,-1.674068617609051,True,True
B_low_sideband_Kst_signal,13.36,10.164081650586756,294.1994608582172,0.10132547761377725,-1.7327222706973857,True,True
B_low_sideband_Kst_signal,13.379999999999999,10.179297341680448,295.36794605558,0.10245143479729729,-1.7899940039997562,True,True
B_low_sideband_Kst_signal,13.4,10.19451303277414,296.83516589751935,0.10389339163723321,-1.8454280854144287,True,True
B_low_sideband_Kst_signal,13.42,10.209728723867833,298.5811502425927,0.10562605185660796,-1.8986485466545955,True,True
B_low_sideband_Kst_signal,13.440000000000001,10.224944414961527,300.5810758107782,0.1076211138760329,-1.9493890605282795,True,True
B_low_sideband_Kst_signal,13.46,10.240160106055221,302.80570795599033,0.10984782741088693,-1.9974629708722322,True,True
B_low_sideband_Kst_signal,13.48,10.255375797148913,305.2218972251285,0.11227438121104917,-2.04276464318137,True,True
B_low_sideband_Kst_signal,13.5,10.270591488242605,307.7931094215073,0.11486948366774001,-2.085267167789027,True,True
B_low_sideband_Kst_signal,13.52,10.285807179336297,310.47996771928274,0.11760283119988837,-2.12500023764491,True,True
B_low_sideband_Kst_signal,13.54,10.301022870429989,313.2407866014528,0.12044583336819231,-2.162038882159938,True,True
B_low_sideband_Kst_signal,13.56,10.316238561523685,316.0320794742147,0.12337227776835662,-2.1964937440274106,True,True
B_low_sideband_Kst_signal,13.58,10.331454252617375,318.8090262134192,0.12636065352879552,-2.228520409950983,True,True
B_low_sideband_Kst_signal,13.600000000000001,10.346669943711069,321.52588443251034,0.12938716791579963,-2.258234516525762,True,True
B_low_sideband_Kst_signal,13.620000000000001,10.361885634804763,324.1363443866244,0.13243452350408488,-2.2858010903226584,True,True
B_low_sideband_Kst_signal,13.64,10.377101325898455,326.59381521087516,0.13548674396759944,-2.3113730080381933,True,True
B_low_sideband_Kst_signal,13.66,10.392317016992147,328.85164622411776,0.13853016660621578,-2.3350999751586734,True,True
B_low_sideband_Kst_signal,13.68,10.40753270808584,330.86280085971475,0.14142135623730953,-2.356194490192345,True,True
B_low_sideband_Kst_signal,13.7,10.422748399179532,332.31736830289947,0.14142135623730953,-2.356194490192345,True,True
B_low_sideband_Kst_signal,13.719999999999999,10.437964090273224,332.9729636783627,0.14142135623730953,-2.356194490192345,True,True
B_low_sideband_Kst_signal,13.74,10.453179781366917,332.8204915128572,0.14142135623730953,-2.356194490192345,True,True
B_low_sideband_Kst_signal,13.76,10.46839547246061,331.88230552669893,0.14032346520505162,-2.3640494225029665,True,True
B_low_sideband_Kst_signal,13.780000000000001,10.483611163554304,330.5076185152875,0.1373057102361119,-2.386636849969177,True,True
B_low_sideband_Kst_signal,13.8,10.498826854647998,328.837276972929,0.1342205993499009,-2.411394313701175,True,True
B_low_sideband_Kst_signal,13.82,10.514042545741688,326.92725876376835,0.13108583270978189,-2.4385197255568647,True,True
B_low_sideband_Kst_signal,13.84,10.529258236835382,324.8360673476609,0.1279231128245546,-2.4682147449479803,True,True
B_low_sideband_Kst_signal,13.86,10.544473927929074,322.6241860691034,0.1247577544518555,-2.5006850015581454,True,True
B_low_sideband_Kst_signal,13.879999999999999,10.559689619022766,320.3534148595486,0.12161886603677506,-2.536133482371514,True,True
B_low_sideband_Kst_signal,13.9,10.57490531011646,318.0861025392246,0.11853963786979248,-2.5747483125655757,True,True
B_low_sideband_Kst_signal,13.92,10.590121001210152,315.8842939912229,0.11555709983633068,-2.616690642065021,True,True
B_low_sideband_Kst_signal,13.940000000000001,10.605336692303846,313.8088171691502,0.11271198796184066,-2.6620739496689314,True,True
B_low_sideband_Kst_signal,13.96,10.62055238339754,311.9183391223173,0.11004814070742881,-2.7109393823886396,True,True
B_low_sideband_Kst_signal,13.98,10.635768074491232,310.2684198284637,0.1076088474357256,-2.7632865897676706,True,True
B_low_sideband_Kst_signal,14.0,10.650983765584924,308.9106022550154,0.10543931107247102,-2.8189880358874713,True,True
B_low_sideband_Kst_signal,14.02,10.666199456678617,307.8915630666779,0.10358299200661433,-2.877805537020013,True,True
B_low_sideband_Kst_signal,14.040000000000001,10.68141514777231,307.25235705573414,0.10208006857037549,-2.9393728985423175,True,True
B_low_sideband_Kst_signal,14.06,10.696630838866003,307.02777707770656,0.10096538623190209,-3.00319588651863,True,True
B_low_sideband_Kst_signal,14.08,10.711846529959693,307.24584732268886,0.10026646075194011,-3.068672091823812,True,True
B_low_sideband_Kst_signal,14.1,10.727062221053387,307.92746046615366,0.10000211107704057,-3.1350949002818997,True,True
B_low_sideband_Kst_signal,14.120000000000001,10.742277912147081,309.0861618901954,0.10018107792726264,3.081458619075393,True,True
B_low_sideband_Kst_signal,14.14,10.757493603240775,310.7280774523447,0.10080186332198324,3.0153752597661065,True,True
B_low_sideband_Kst_signal,14.16,10.772709294334465,312.8519745154913,0.10185314957518755,2.9505441300795443,True,True
B_low_sideband_Kst_signal,14.18,10.787924985428159,315.44944112397707,0.1033149085161084,2.887590512348036,True,True
B_low_sideband_Kst_signal,14.2,10.80314067652185,318.50516413363357,0.10515986828165144,2.8270342639724477,True,True
B_low_sideband_Kst_signal,14.22,10.818356367615545,321.99728474703534,0.10735589048910799,2.7692599240539337,True,True
B_low_sideband_Kst_signal,14.24,10.833572058709237,325.8978090716928,0.10986760751118829,2.7145301443107765,True,True
B_low_sideband_Kst_signal,14.26,10.848787749802929,330.17305177151684,0.1126573681023886,2.663007157114218,True,True
B_low_sideband_Kst_signal,14.28,10.864003440896623,334.7840913785012,0.11568905639606405,2.6147243103281546,True,True
B_low_sideband_Kst_signal,14.3,10.879219131990316,339.6872209265898,0.11892738136699885,2.569646648166021,True,True
B_low_sideband_Kst_signal,14.32,10.894434823084007,344.8343761820379,0.12233761178903593,2.527696988570473,True,True
B_low_sideband_Kst_signal,14.34,10.9096505141777,350.17353171075683,0.1258894453749203,2.488729454119751,True,True
B_low_sideband_Kst_signal,14.36,10.924866205271394,355.6490562379631,0.1295559517182952,2.4525692381893993,True,True
B_low_sideband_Kst_signal,14.38,10.940081896365086,361.20201818200303,0.1333097039964337,2.4190594129250558,True,True
B_low_sideband_Kst_signal,14.4,10.955297587458778,366.7704473700842,0.13712786925998216,2.388016226881539,True,True
B_low_sideband_Kst_signal,14.42,10.97051327855247,372.2895456282163,0.1409907171200462,2.35925355311755,True,True
B_low_sideband_Kst_signal,14.44,10.985728969646164,377.3647472649409,0.14142135623730953,2.356194490192345,True,True
B_low_sideband_Kst_signal,14.46,11.000944660739858,381.457779116075,0.14142135623730953,2.356194490192345,True,True
B_low_sideband_Kst_signal,14.48,11.016160351833548,384.53873391400566,0.14142135623730953,2.356194490192345,True,True
B_low_sideband_Kst_signal,14.5,11.031376042927242,386.5836354770472,0.14142135623730953,2.356194490192345,True,True
B_low_sideband_Kst_signal,14.52,11.046591734020936,387.56944178420827,0.14142135623730953,2.356194490192345,True,True
B_low_sideband_Kst_signal,14.540000000000001,11.061807425114628,387.47423447845676,0.14142135623730953,2.356194490192345,True,True
B_low_sideband_Kst_signal,14.56,11.077023116208322,386.2774107703153,0.14142135623730953,2.356194490192345,True,True
B_low_sideband_Kst_signal,14.58,11.092238807302014,383.9810799847728,0.14050749791906586,2.349669171492278,True,True
B_low_sideband_Kst_signal,14.6,11.107454498395706,381.11976708297016,0.13656777520217453,2.3199916056678616,True,True
B_low_sideband_Kst_signal,14.620000000000001,11.1226701894894,378.0051136033562,0.13258958480904584,2.2871469618798255,True,True
B_low_sideband_Kst_signal,14.64,11.137885880583093,374.73571560399614,0.12860688180255947,2.2508111996181435,True,True
B_low_sideband_Kst_signal,14.66,11.153101571676784,371.4101900944579,0.1246717949694624,2.210779106069909,True,True
B_low_sideband_Kst_signal,14.68,11.168317262770477,368.12559601722023,0.12083436204730044,2.166811317275453,True,True
B_low_sideband_Kst_signal,14.700000000000001,11.183532953864171,364.9758952891575,0.11714406629094819,2.118639805003617,True,True
B_low_sideband_Kst_signal,14.72,11.198748644957863,362.0504762272926,0.11366604781427277,2.0662140827419777,True,True
B_low_sideband_Kst_signal,14.74,11.213964336051555,359.4328296715048,0.11045789105575278,2.0094545305151374,True,True
B_low_sideband_Kst_signal,14.76,11.229180027145247,357.1993521916611,0.10758038671805731,1.948436206100353,True,True
B_low_sideband_Kst_signal,14.78,11.244395718238941,355.41833624740866,0.10509288921728975,1.8833899370108582,True,True
B_low_sideband_Kst_signal,14.8,11.259611409332635,354.14914792091986,0.10305057701391933,1.8147222745217209,True,True
B_low_sideband_Kst_signal,14.82,11.274827100426325,353.44159852289795,0.10150172566712695,1.7430269990239469,True,True
B_low_sideband_Kst_signal,14.84,11.290042791520019,353.33550602562946,0.10048487769833812,1.669074152465469,True,True
B_low_sideband_Kst_signal,14.86,11.305258482613713,353.86043522888804,0.10002642845825391,1.5937844276463733,True,True
B_low_sideband_Kst_signal,14.88,11.320474173707405,355.0355996149201,0.10013868846310531,1.5181601481422449,True,True
B_low_sideband_Kst_signal,14.9,11.335689864801097,356.86990440466025,0.10081959100462787,1.4432007052445859,True,True
B_low_sideband_Kst_signal,14.92,11.35090555589479,359.36210695075033,0.10205310019640516,1.3698695753989016,True,True
B_low_sideband_Kst_signal,14.94,11.366121246988483,362.50107132367657,0.10381029435360069,1.2990201048993786,True,True
B_low_sideband_Kst_signal,14.96,11.381336938082177,366.26609227577956,0.10605403138419994,1.2312792192722828,True,True
B_low_sideband_Kst_signal,14.98,11.396552629175867,370.627268088836,0.10873956809362956,1.1671334977800523,True,True
B_low_sideband_Kst_signal,15.0,11.41176832026956,375.545901617495,0.11181867512015356,1.1068755599579596,True,True
B_low_sideband_Kst_signal,15.02,11.426984011363254,380.9749138121106,0.11524130667446647,1.0506458740636275,True,True
B_low_sideband_Kst_signal,15.040000000000001,11.442199702456948,386.8592570046517,0.11895949204337325,0.9984311287078089,True,True
B_low_sideband_Kst_signal,15.06,11.45741539355064,393.13631756733,0.12292494569985958,0.9501530615248528,True,True
B_low_sideband_Kst_signal,15.08,11.472631084644332,399.73630343400146,0.1270940142889843,0.9056380614908581,True,True
B_low_sideband_Kst_signal,15.1,11.487846775738024,406.5826152573504,0.13142811733030801,0.8646561659726943,True,True
B_low_sideband_Kst_signal,15.120000000000001,11.503062466831718,413.5921972184192,0.13588704312131822,0.8270028192791737,True,True
B_low_sideband_Kst_signal,15.14,11.518278157925412,420.675880701167,0.14043775039927495,0.7924267782876824,True,True
B_low_sideband_Kst_signal,15.16,11.533493849019102,427.3801429759692,0.14142135623730953,0.7853981633974483,True,True
B_low_sideband_Kst_signal,15.18,11.548709540112796,432.8667399681058,0.14142135623730953,0.7853981633974483,True,True
B_low_sideband_Kst_signal,15.200000000000001,11.56392523120649,437.0792029535164,0.14142135623730953,0.7853981633974483,True,True
B_low_sideband_Kst_signal,15.22,11.579140922300182,439.990442880513,0.14142135623730953,0.7853981633974483,True,True
B_low_sideband_Kst_signal,15.24,11.594356613393874,441.5758157508517,0.14142135623730953,0.7853981633974483,True,True
B_low_sideband_Kst_signal,15.26,11.609572304487568,441.81331039043016,0.14142135623730953,0.7853981633974483,True,True
B_low_sideband_Kst_signal,15.28,11.624787995581258,440.68372871237125,0.14142135623730953,0.7853981633974483,True,True
B_low_sideband_Kst_signal,15.3,11.640003686674953,438.17085701604265,0.14142135623730953,0.7853981633974483,True,True
B_low_sideband_Kst_signal,15.32,11.655219377768644,434.26162688897284,0.14142135623730953,0.7853981633974483,True,True
B_low_sideband_Kst_signal,15.34,11.670435068862338,428.9462643761026,0.14142135623730953,0.7853981633974483,True,True
B_low_sideband_Kst_signal,15.36,11.685650759956031,422.6090348589678,0.1376012388666065,0.7572356731557186,True,True
B_low_sideband_Kst_signal,15.38,11.700866451049725,416.2167931640579,0.13265911313776263,0.7169524183611947,True,True
B_low_sideband_Kst_signal,15.4,11.716082142143415,409.9345905179316,0.12783427733675395,0.6725063423484261,True,True
B_low_sideband_Kst_signal,15.42,11.73129783323711,403.8859729289293,0.12318195252568959,0.6235558655260128,True,True
B_low_sideband_Kst_signal,15.44,11.746513524330801,398.18587447205164,0.11876678261843195,0.5698419240331729,True,True
B_low_sideband_Kst_signal,15.46,11.761729215424495,392.93930019121353,0.11465834758121744,0.5112036146420016,True,True
B_low_sideband_Kst_signal,15.48,11.776944906518187,388.24022631351454,0.11092274943481727,0.44750781270840556,True,True
B_low_sideband_Kst_signal,15.5,11.792160597611879,384.1706931008839,0.10763884999955294,0.37900675126586586,True,True
B_low_sideband_Kst_signal,15.52,11.807376288705573,380.8001464872291,0.10487117563578048,0.30598446358216524,True,True
B_low_sideband_Kst_signal,15.540000000000001,11.822591979799267,378.1849421430202,0.10268090280883548,0.22901301692612797,True,True
B_low_sideband_Kst_signal,15.56,11.837807670892957,376.368044071206,0.10111939303821782,0.14893285822689686,True,True
B_low_sideband_Kst_signal,15.58,11.85302336198665,375.3788803360885,0.10022345589866667,0.06678930843711552,True,True
B_low_sideband_Kst_signal,15.6,11.868239053080345,375.23333661509287,0.10001307954088527,-0.016172888068890157,True,True
B_low_sideband_Kst_signal,15.620000000000001,11.883454744174037,375.93386834126477,0.10048902535890325,-0.0986955681172716,True,True
B_low_sideband_Kst_signal,15.64,11.89867043526773,377.4697095335591,0.10163335063918615,-0.1795229350641373,True,True
B_low_sideband_Kst_signal,15.66,11.91388612636142,379.8171616245463,0.1034109714958835,-0.25755605965969625,True,True
B_low_sideband_Kst_signal,15.68,11.929101817455114,382.9399458062644,0.10577344635045617,-0.3319248272518614,True,True
B_low_sideband_Kst_signal,15.700000000000001,11.944317508548808,386.78960675584176,0.10866289055851407,-0.4020075085012608,True,True
B_low_sideband_Kst_signal,15.72,11.959533199642502,391.3059579449323,0.11201619839185338,-0.46743273275938096,True,True
B_low_sideband_Kst_signal,15.74,11.974748890736192,396.41756245435363,0.1157680171541941,-0.5280396572538041,True,True
B_low_sideband_Kst_signal,15.76,11.989964581829886,402.0422461529006,0.11985367544789938,-0.583842466255492,True,True
B_low_sideband_Kst_signal,15.78,12.005180272923576,408.08764340157677,0.12421232427716282,-0.6349976469645918,True,True
B_low_sideband_Kst_signal,15.8,12.020395964017272,414.4517785948369,0.12878741806832492,-0.6817464689582012,True,True
B_low_sideband_Kst_signal,15.82,12.035611655110964,421.0236864629992,0.1335235616955997,-0.7243482070934578,True,True
B_low_sideband_Kst_signal,15.84,12.050827346204656,427.6840825984441,0.13837305923816537,-0.7631185851384872,True,True
B_low_sideband_Kst_signal,15.86,12.066043037298348,434.2093048587367,0.14142135623730953,-0.7853981633974483,True,True
B_low_sideband_Kst_signal,15.88,12.081258728392044,439.51026503576077,0.14142135623730953,-0.7853981633974483,True,True
B_low_sideband_Kst_signal,15.9,12.096474419485734,443.2947635669493,0.14142135623730953,-0.7853981633974483,True,True
B_low_sideband_Kst_signal,15.92,12.111690110579428,445.540332470086,0.14142135623730953,-0.7853981633974483,True,True
B_low_sideband_Kst_signal,15.94,12.126905801673121,446.2281268483043,0.14142135623730953,-0.7853981633974483,True,True
B_low_sideband_Kst_signal,15.96,12.142121492766814,445.3430560511388,0.14142135623730953,-0.7853981633974483,True,True
B_low_sideband_Kst_signal,15.98,12.157337183860506,442.8739009466667,0.14142135623730953,-0.7853981633974483,True,True
B_low_sideband_Kst_signal,16.0,12.172552874954198,438.8134165980232,0.14142135623730953,-0.7853981633974483,True,True
B_low_sideband_Kst_signal,16.02,12.187768566047891,433.15841947254285,0.14142135623730953,-0.7853981633974483,True,True
B_low_sideband_Kst_signal,16.04,12.202984257141583,425.92388797077456,0.14070289297351166,-0.7905175334260902,True,True
B_low_sideband_Kst_signal,16.060000000000002,12.218199948235279,418.0991093576595,0.13541103359270326,-0.8308314750619444,True,True
B_low_sideband_Kst_signal,16.08,12.233415639328967,410.3940508945434,0.13022884643346755,-0.8755236076621842,True,True
B_low_sideband_Kst_signal,16.1,12.248631330422663,402.95037624317865,0.12522570952743373,-0.9248958249161771,True,True
B_low_sideband_Kst_signal,16.12,12.263847021516355,395.8999692550383,0.12046546497657114,-0.97931107606751,True,True
B_low_sideband_Kst_signal,16.14,12.279062712610049,389.3636122371063,0.11602280275044564,-1.0390038679688083,True,True
B_low_sideband_Kst_signal,16.16,12.294278403703741,383.4498453614715,0.11197563579355292,-1.1040817905444886,True,True
B_low_sideband_Kst_signal,16.18,12.309494094797433,378.254005711206,0.10839984731901604,-1.174535163355953,True,True
B_low_sideband_Kst_signal,16.200000000000003,12.324709785891129,373.85743481875033,0.10537074857984875,-1.250143903527609,True,True
B_low_sideband_Kst_signal,16.22,12.339925476984817,370.3268412413008,0.10296360390947036,-1.330287819432994,True,True
B_low_sideband_Kst_signal,16.240000000000002,12.355141168078513,367.7138218335067,0.10124095990736431,-1.4140633581263982,True,True
B_low_sideband_Kst_signal,16.259999999999998,12.370356859172203,366.0545114074548,0.10024877386563366,-1.500332262032498,True,True
B_low_sideband_Kst_signal,16.28,12.385572550265898,365.3693587411067,0.10001432579551027,-1.5877220973726274,True,True
B_low_sideband_Kst_signal,16.3,12.40078824135959,365.6630185271424,0.10054291528862222,-1.6747646206588234,True,True
B_low_sideband_Kst_signal,16.32,12.416003932453282,366.9243489704595,0.10181658895333738,-1.7599792355890223,True,True
B_low_sideband_Kst_signal,16.34,12.431219623546975,369.12650937063427,0.10379700979028739,-1.8421128974325396,True,True
B_low_sideband_Kst_signal,16.36,12.446435314640667,372.2271547501832,0.10642866462541378,-1.9201431286151445,True,True
B_low_sideband_Kst_signal,16.380000000000003,12.461651005734362,376.1687248199496,0.10964411126104381,-1.9933572961904615,True,True
B_low_sideband_Kst_signal,16.4,12.476866696828052,380.8788306504771,0.11336759237911821,-2.061319966816585,True,True
B_low_sideband_Kst_signal,16.42,12.492082387921748,386.27073905901443,0.11752421198899295,-2.1239184111406213,True,True
B_low_sideband_Kst_signal,16.439999999999998,12.507298079015436,392.2439649261037,0.12203761196447394,-2.1811951001857612,True,True
B_low_sideband_Kst_signal,16.46,12.522513770109132,398.6849734211787,0.12683492698022342,-2.233346091365666,True,True
B_low_sideband_Kst_signal,16.48,12.537729461202824,405.46800233124713,0.1318486815051729,-2.280668482643587,True,True
B_low_sideband_Kst_signal,16.5,12.552945152296518,412.45601112679014,0.13701553322871246,-2.3234985543647233,True,True
B_low_sideband_Kst_signal,16.52,12.56816084339021,419.4813381390509,0.14142135623730953,-2.356194490192345,True,True
B_low_sideband_Kst_signal,16.54,12.583376534483902,425.42988495425834,0.14142135623730953,-2.356194490192345,True,True
B_low_sideband_Kst_signal,16.560000000000002,12.598592225577598,429.717775232431,0.14142135623730953,-2.356194490192345,True,True
B_low_sideband_Kst_signal,16.58,12.613807916671286,432.32679735238935,0.14142135623730953,-2.356194490192345,True,True
B_low_sideband_Kst_signal,16.6,12.629023607764982,433.24300469512264,0.14142135623730953,-2.356194490192345,True,True
B_low_sideband_Kst_signal,16.62,12.644239298858675,432.4567911236113,0.14142135623730953,-2.356194490192345,True,True
B_low_sideband_Kst_signal,16.64,12.659454989952366,429.96295068593827,0.14142135623730953,-2.356194490192345,True,True
B_low_sideband_Kst_signal,16.66,12.67467068104606,425.7607211847344,0.14142135623730953,-2.356194490192345,True,True
B_low_sideband_Kst_signal,16.68,12.689886372139751,419.8970765976055,0.14017985604734948,-2.3650906588852534,True,True
B_low_sideband_Kst_signal,16.700000000000003,12.705102063233447,413.4980460648703,0.13489395944952712,-2.405835851551027,True,True
B_low_sideband_Kst_signal,16.72,12.720317754327137,407.17934228800186,0.12970934709232945,-2.4511347519624245,True,True
B_low_sideband_Kst_signal,16.740000000000002,12.735533445420833,401.09818088935344,0.1246943390324657,-2.501367079170578,True,True
B_low_sideband_Kst_signal,16.759999999999998,12.750749136514521,395.4023703046687,0.11991910038481368,-2.5569249164672927,True,True
B_low_sideband_Kst_signal,16.78,12.765964827608217,390.22880855826224,0.11546456252170932,-2.6180762575293874,True,True
B_low_sideband_Kst_signal,16.8,12.781180518701909,385.70212371380194,0.11141310288879208,-2.685001177128537,True,True
B_low_sideband_Kst_signal,16.82,12.796396209795601,381.9334555383534,0.10784924129490428,-2.7577173744704084,True,True
B_low_sideband_Kst_signal,16.84,12.811611900889295,379.01937611335416,0.1048601432920257,-2.8359414085272854,True,True
B_low_sideband_Kst_signal,16.86,12.826827591982985,377.04094631501994,0.10252874986080272,-2.9190353865232637,True,True
B_low_sideband_Kst_signal,16.880000000000003,12.84204328307668,376.0629054261253,0.10092583407305757,-3.006038459065697,True,True
B_low_sideband_Kst_signal,16.9,12.857258974170371,376.1329900002929,0.1001055390548041,-3.095669605443068,True,True
B_low_sideband_Kst_signal,16.92,12.872474665264065,377.2813816023281,0.10010030708578488,3.0968213879025974,True,True
B_low_sideband_Kst_signal,16.939999999999998,12.887690356357757,379.52028326084746,0.10091651812309961,3.0067169781501866,True,True
B_low_sideband_Kst_signal,16.96,12.902906047451452,382.8436270143602,0.10253413920424877,2.9188032473620953,True,True
B_low_sideband_Kst_signal,16.98,12.918121738545143,387.2269171046555,0.10490908750838139,2.834466309395609,True,True
B_low_sideband_Kst_signal,17.0,12.933337429638836,392.62721536719437,0.10797816114185922,2.754772166757016,True,True
B_low_sideband_Kst_signal,17.02,12.948553120732528,398.98327773431174,0.11166500986082113,2.68042986747242,True,True
B_low_sideband_Kst_signal,17.04,12.96376881182622,406.21585089072005,0.11588624872896583,2.6118064906411935,True,True
B_low_sideband_Kst_signal,17.060000000000002,12.978984502919916,414.2281418666462,0.12055516651475635,2.5490005869360908,True,True
B_low_sideband_Kst_signal,17.08,12.994200194013604,422.90647021104496,0.12558887574784458,2.49186545862864,True,True
B_low_sideband_Kst_signal,17.1,13.0094158851073,432.1211145771381,0.13090660718791639,2.4401366324740095,True,True
B_low_sideband_Kst_signal,17.12,13.024631576200994,441.7273619525613,0.13643362759309555,2.393455121100228,True,True
B_low_sideband_Kst_signal,17.14,13.039847267294684,451.5539912363097,0.14142135623730953,2.356194490192345,True,True
B_low_sideband_Kst_signal,17.16,13.055062958388378,460.3706790412816,0.14142135623730953,2.356194490192345,True,True
B_low_sideband_Kst_signal,17.18,13.070278649482072,467.43376283120324,0.14142135623730953,2.356194490192345,True,True
B_low_sideband_Kst_signal,17.200000000000003,13.085494340575764,472.7231413303193,0.14142135623730953,2.356194490192345,True,True
B_low_sideband_Kst_signal,17.22,13.100710031669456,476.2233301873998,0.14142135623730953,2.356194490192345,True,True
B_low_sideband_Kst_signal,17.240000000000002,13.115925722763151,477.9235089773356,0.14142135623730953,2.356194490192345,True,True
B_low_sideband_Kst_signal,17.259999999999998,13.13114141385684,477.8175520648315,0.14142135623730953,2.356194490192345,True,True
B_low_sideband_Kst_signal,17.28,13.146357104950535,475.90404343991895,0.14142135623730953,2.356194490192345,True,True
B_low_sideband_Kst_signal,17.3,13.16157279604423,472.1862756674959,0.14142135623730953,2.356194490192345,True,True
B_low_sideband_Kst_signal,17.32,13.17678848713792,466.67223312983197,0.14142135623730953,2.356194490192345,True,True
B_low_sideband_Kst_signal,17.34,13.192004178231613,459.50303409407843,0.13931085398777307,2.340927773611943,True,True
B_low_sideband_Kst_signal,17.36,13.207219869325304,451.9896002266996,0.1339569615487201,2.2987936640042026,True,True
B_low_sideband_Kst_signal,17.380000000000003,13.222435560419,444.60265939601504,0.12872977298854882,2.251990828195967,True,True
B_low_sideband_Kst_signal,17.4,13.237651251512691,437.499943691048,0.12369741260132575,2.200122431073488,True,True
B_low_sideband_Kst_signal,17.42,13.252866942606383,430.8286519951648,0.11893320509243362,2.1428183958059615,True,True
B_low_sideband_Kst_signal,17.439999999999998,13.268082633700075,424.7240272367085,0.11451554019951612,2.079772361107337,True,True
B_low_sideband_Kst_signal,17.46,13.28329832479377,419.30804208810514,0.1105310326618362,2.010862925091793,True,True
B_low_sideband_Kst_signal,17.48,13.298514015887461,414.6881942183645,0.10706614286262028,1.9361370703295175,True,True
B_low_sideband_Kst_signal,17.5,13.313729706981155,410.9564131953193,0.104208916265575,1.855977191292335,True,True
B_low_sideband_Kst_signal,17.52,13.328945398074849,408.18808226962983,0.1020397289005233,1.7710786805123184,True,True
B_low_sideband_Kst_signal,17.54,13.344161089168539,406.44117962200744,0.1006275202996774,1.6825331839023112,True,True
B_low_sideband_Kst_signal,17.560000000000002,13.359376780262235,405.75554562366597,0.10002195709717777,1.5917501237361436,True,True
B_low_sideband_Kst_signal,17.58,13.374592471355923,406.1522842901918,0.10024851576057549,1.5003687494835225,True,True
B_low_sideband_Kst_signal,17.6,13.389808162449619,407.6333099809849,0.10130527170015914,1.4100959672357392,True,True
B_low_sideband_Kst_signal,17.62,13.405023853543312,410.1810508219828,0.10316312852568532,1.3225246770245545,True,True
B_low_sideband_Kst_signal,17.64,13.420239544637003,413.7583232037582,0.10576929959411382,1.23898526445503,True,True
B_low_sideband_Kst_signal,17.66,13.435455235730696,418.3083920920212,0.10905258704084946,1.1604652230227757,True,True
B_low_sideband_Kst_signal,17.68,13.45067092682439,423.75523251949835,0.11293004566192488,1.0875774859999727,True,True
B_low_sideband_Kst_signal,17.700000000000003,13.465886617918082,430.00400738096914,0.11731277321990823,1.02060039700145,True,True
B_low_sideband_Kst_signal,17.72,13.481102309011774,436.9417753113521,0.12211094804732274,0.9595395256290621,True,True
B_low_sideband_Kst_signal,17.740000000000002,13.49631800010547,444.4384403681979,0.1272375745411177,0.9042009786243861,True,True
B_low_sideband_Kst_signal,17.759999999999998,13.511533691199158,452.3479515242693,0.13261005983909305,0.8542683669794242,True,True
B_low_sideband_Kst_signal,17.78,13.526749382292854,460.509756029483,0.1381514815488128,0.8093561983577168,True,True
B_low_sideband_Kst_signal,17.8,13.541965073386548,468.5972052520615,0.14142135623730953,0.7853981633974483,True,True
B_low_sideband_Kst_signal,17.82,13.557180764480238,475.18513789042163,0.14142135623730953,0.7853981633974483,True,True
B_low_sideband_Kst_signal,17.84,13.572396455573932,479.95432553046066,0.14142135623730953,0.7853981633974483,True,True
B_low_sideband_Kst_signal,17.86,13.587612146667622,482.89460743556674,0.14142135623730953,0.7853981633974483,True,True
B_low_sideband_Kst_signal,17.880000000000003,13.602827837761318,484.0006856861314,0.14142135623730953,0.7853981633974483,True,True
B_low_sideband_Kst_signal,17.9,13.61804352885501,483.27211516252873,0.14142135623730953,0.7853981633974483,True,True
B_low_sideband_Kst_signal,17.92,13.633259219948702,480.7132779845001,0.14142135623730953,0.7853981633974483,True,True
B_low_sideband_Kst_signal,17.939999999999998,13.648474911042394,476.333342904667,0.14142135623730953,0.7853981633974483,True,True
B_low_sideband_Kst_signal,17.96,13.66369060213609,470.1462101721313,0.14142135623730953,0.7853981633974483,True,True
B_low_sideband_Kst_signal,17.98,13.67890629322978,462.17044249831724,0.14142135623730953,0.7853981633974483,True,True
B_low_sideband_Kst_signal,18.0,13.694121984323473,452.79359530599686,0.13790820741383228,0.7595876808246345,True,True
B_low_sideband_Kst_signal,18.02,13.709337675417164,443.4635465991464,0.13240563881249165,0.7147534765229949,True,True
B_low_sideband_Kst_signal,18.04,13.724553366510857,434.4658613859842,0.12708145735889137,0.6650322867423252,True,True
B_low_sideband_Kst_signal,18.060000000000002,13.739769057604553,425.9491500753825,0.12200612602257696,0.6100297498326976,True,True
B_low_sideband_Kst_signal,18.08,13.754984748698242,418.04923402837403,0.1172557569702859,0.5494026625987626,True,True
B_low_sideband_Kst_signal,18.1,13.770200439791937,410.8878660206328,0.11291305355173646,0.48293195872432393,True,True
B_low_sideband_Kst_signal,18.12,13.785416130885631,404.5715485875171,0.10906436201481769,0.41057921084297233,True,True
B_low_sideband_Kst_signal,18.14,13.800631821979321,399.19045931291475,0.10579414226792846,0.3324919195250047,True,True
B_low_sideband_Kst_signal,18.16,13.815847513073015,394.81748284293235,0.10319046268179592,0.24931443051900787,True,True
B_low_sideband_Kst_signal,18.18,13.831063204166709,391.50737469734986,0.10132555981143014,0.16193090980553523,True,True
B_low_sideband_Kst_signal,18.200000000000003,13.846278895260403,389.2960530922642,0.10025715753360097,0.07163904757799065,True,True
B_low_sideband_Kst_signal,18.22,13.861494586354093,388.2000421116213,0.10002000742000274,-0.02000204227823517,True,True
B_low_sideband_Kst_signal,18.240000000000002,13.876710277447788,388.21607711774686,0.10062205964831182,-0.11125214799192315,True,True
B_low_sideband_Kst_signal,18.259999999999998,13.891925968541477,389.32088994666174,0.1020427261992416,-0.20042699380426124,True,True
B_low_sideband_Kst_signal,18.28,13.907141659635172,391.4711887798576,0.10423563035630433,-0.2860537468514197,True,True
B_low_sideband_Kst_signal,18.3,13.922357350728864,394.6038497654072,0.1071331916145746,-0.3669734016212693,True,True
B_low_sideband_Kst_signal,18.32,13.937573041822557,398.6363352507278,0.1106528230529274,-0.44239835574512987,True,True
B_low_sideband_Kst_signal,18.34,13.95278873291625,403.4673523547672,0.11470475389495471,-0.5119243907144347,True,True
B_low_sideband_Kst_signal,18.36,13.96800442400994,408.9777625414222,0.11919522717770954,-0.5754274440329236,True,True
B_low_sideband_Kst_signal,18.380000000000003,13.983220115103636,415.0317499110374,0.12403331521559657,-0.633036241380163,True,True
B_low_sideband_Kst_signal,18.4,13.998435806197328,421.47825055364046,0.12913200525571847,-0.6850279616484383,True,True
B_low_sideband_Kst_signal,18.42,14.013651497291022,428.1526405349032,0.13441034212764988,-0.731773752986559,True,True
B_low_sideband_Kst_signal,18.439999999999998,14.028867188384712,434.8786732237486,0.13979359469001665,-0.7736852650995037,True,True
B_low_sideband_Kst_signal,18.46,14.044082879478408,441.08210199723726,0.14142135623730953,-0.7853981633974483,True,True
B_low_sideband_Kst_signal,18.48,14.059298570572098,445.53266212097515,0.14142135623730953,-0.7853981633974483,True,True
B_low_sideband_Kst_signal,18.5,14.074514261665792,448.1512550181469,0.14142135623730953,-0.7853981633974483,True,True
B_low_sideband_Kst_signal,18.52,14.089729952759484,448.93814088618,0.14142135623730953,-0.7853981633974483,True,True
B_low_sideband_Kst_signal,18.54,14.104945643853176,447.89848400367464,0.14142135623730953,-0.7853981633974483,True,True
B_low_sideband_Kst_signal,18.560000000000002,14.120161334946872,445.04229780115065,0.14142135623730953,-0.7853981633974483,True,True
B_low_sideband_Kst_signal,18.58,14.13537702604056,440.3843760581826,0.14142135623730953,-0.7853981633974483,True,True
B_low_sideband_Kst_signal,18.6,14.150592717134256,433.94421094671225,0.14142135623730953,-0.7853981633974483,True,True
B_low_sideband_Kst_signal,18.62,14.16580840822795,425.84353315162707,0.13959578380633325,-0.798562757036192,True,True
B_low_sideband_Kst_signal,18.64,14.181024099321641,417.3703660494957,0.13429443595811885,-0.8399840715199942,True,True
B_low_sideband_Kst_signal,18.66,14.196239790415333,409.0360100016628,0.12913097559354056,-0.8857781249000808,True,True
B_low_sideband_Kst_signal,18.68,14.211455481509027,400.98421655462016,0.12416651889152469,-0.9362995344813415,True,True
B_low_sideband_Kst_signal,18.700000000000003,14.226671172602721,393.34691352263644,0.11946733198678705,-0.9918669724362593,True,True
B_low_sideband_Kst_signal,18.72,14.241886863696411,386.2429567443178,0.11510479529808765,-1.0527202572773589,True,True
B_low_sideband_Kst_signal,18.740000000000002,14.257102554790107,379.7769834156493,0.11115386309964069,-1.1189760241997315,True,True
B_low_sideband_Kst_signal,18.759999999999998,14.272318245883795,374.03837700510667,0.10769343847905057,-1.1905188513969096,True,True
B_low_sideband_Kst_signal,18.78,14.287533936977491,369.10035188193115,0.10479772834113173,-1.2670382470726889,True,True
B_low_sideband_Kst_signal,18.8,14.302749628071183,365.01917318350525,0.10253678147637854,-1.347893203794146,True,True
B_low_sideband_Kst_signal,18.82,14.317965319164875,361.83352036492215,0.10096925410381642,-1.4321248059710563,True,True
B_low_sideband_Kst_signal,18.84,14.333181010258569,359.5640098520648,0.10013684296443941,-1.5185111287992905,True,True
B_low_sideband_Kst_signal,18.86,14.34839670135226,358.2128884172989,0.10006056599180381,-1.6055915675421328,True,True
B_low_sideband_Kst_signal,18.880000000000003,14.363612392445956,357.7639116320952,0.1007373015869289,-1.691858277335706,True,True
B_low_sideband_Kst_signal,18.9,14.378828083539647,358.1824177337753,0.10214021492834464,-1.7758684265683065,True,True
B_low_sideband_Kst_signal,18.92,14.39404377463334,359.4156089760595,0.10422139197568893,-1.8563852135127508,True,True
B_low_sideband_Kst_signal,18.939999999999998,14.40925946572703,361.3930491982187,0.1069165592626684,-1.932461830835895,True,True
B_low_sideband_Kst_signal,18.96,14.424475156820726,364.0273848949555,0.11014816804085215,-2.003422057561149,True,True
B_low_sideband_Kst_signal,18.98,14.439690847914418,367.2152930375082,0.11383547210313699,-2.068961387076826,True,True
B_low_sideband_Kst_signal,19.0,14.45490653900811,370.83865796118243,0.11789385494781435,-2.128976016080161,True,True
B_low_sideband_Kst_signal,19.02,14.470122230101802,374.765972470615,0.12224140726226104,-2.183574364706383,True,True
B_low_sideband_Kst_signal,19.04,14.485337921195494,378.85395651258114,0.12680030182084373,-2.232996014206372,True,True
B_low_sideband_Kst_signal,19.060000000000002,14.50055361228919,382.94938042278636,0.13149749028147034,-2.277554857131516,True,True
B_low_sideband_Kst_signal,19.08,14.51576930338288,386.8910748238259,0.13626599888097884,-2.317607486398262,True,True
B_low_sideband_Kst_signal,19.1,14.530984994476576,390.51210388186973,0.1410448636324647,-2.3535216038592406,True,True
B_low_sideband_Kst_signal,19.12,14.546200685570268,393.12905208420034,0.14142135623730953,-2.356194490192345,True,True
B_low_sideband_Kst_signal,19.14,14.56141637666396,393.9859458806013,0.14142135623730953,-2.356194490192345,True,True
B_low_sideband_Kst_signal,19.16,14.576632067757652,393.08702542048286,0.14142135623730953,-2.356194490192345,True,True
B_low_sideband_Kst_signal,19.18,14.591847758851346,390.4452577096149,0.14142135623730953,-2.356194490192345,True,True
B_low_sideband_Kst_signal,19.200000000000003,14.60706344994504,386.0782987037401,0.14142135623730953,-2.356194490192345,True,True
B_low_sideband_Kst_signal,19.22,14.62227914103873,380.0084026424079,0.14142135623730953,-2.356194490192345,True,True
B_low_sideband_Kst_signal,19.240000000000002,14.637494832132425,372.79306716447127,0.13719983090383453,-2.3874574004985454,True,True
B_low_sideband_Kst_signal,19.259999999999998,14.652710523226114,365.454763623482,0.13230053000776598,-2.4277551300882902,True,True
B_low_sideband_Kst_signal,19.28,14.66792621431981,358.1480570280105,0.1275337398227799,-2.472051032727153,True,True
B_low_sideband_Kst_signal,19.3,14.683141905413502,351.00057279345265,0.12295401267973674,-2.520618772748062,True,True
B_low_sideband_Kst_signal,19.32,14.698357596507195,344.12831493146496,0.11861977397214211,-2.5736878536386594,True,True
B_low_sideband_Kst_signal,19.34,14.713573287600887,337.6345551362251,0.11459320512002806,-2.6314033748849117,True,True
B_low_sideband_Kst_signal,19.36,14.72878897869458,331.60884522517745,0.11093741810482073,-2.693809443111499,True,True
B_low_sideband_Kst_signal,19.380000000000003,14.744004669788275,326.1261613963443,0.10771682535249331,-2.7607724001647056,True,True
B_low_sideband_Kst_signal,19.4,14.759220360881965,321.24619147792873,0.10499275336241579,-2.8319636698662456,True,True
B_low_sideband_Kst_signal,19.42,14.774436051975659,317.01277332553127,0.10282071530435595,-2.9068174682975103,True,True
B_low_sideband_Kst_signal,19.439999999999998,14.78965174306935,313.45349480240566,0.10124600429851904,-2.9845447206953777,True,True
B_low_sideband_Kst_signal,19.46,14.804867434163045,310.57946377056896,0.10030079983895536,-3.064126820505426,True,True
B_low_sideband_Kst_signal,19.48,14.820083125256737,308.3852560979508,0.1000003967295515,3.13877581763478,True,True
B_low_sideband_Kst_signal,19.5,14.835298816350429,306.84904779074895,0.10034172835010079,3.0590386679482466,True,True
B_low_sideband_Kst_signal,19.52,14.850514507444121,305.9329376150681,0.10130292479757884,2.981035277762576,True,True
B_low_sideband_Kst_signal,19.54,14.865730198537815,305.58346205296175,0.10284529523428251,2.905820328201701,True,True
B_low_sideband_Kst_signal,19.560000000000002,14.88094588963151,305.73230483338784,0.10491630093910488,2.8342496040829865,True,True
B_low_sideband_Kst_signal,19.58,14.896161580725199,306.2971995642624,0.10745372020990678,2.766935670224796,True,True
B_low_sideband_Kst_signal,19.6,14.911377271818894,307.18302185932134,0.11038828341107973,2.7042804741511866,True,True
B_low_sideband_Kst_signal,19.62,14.926592962912586,308.2830643577254,0.11364959905808107,2.646442804362035,True,True
B_low_sideband_Kst_signal,19.64,14.941808654006278,309.48048503251357,0.1171666800083764,2.5934329298432233,True,True
B_low_sideband_Kst_signal,19.66,14.957024345099972,310.6499156974014,0.12087183117802526,2.545120807593921,True,True
B_low_sideband_Kst_signal,19.68,14.972240036193664,311.65921439497606,0.12470050166357487,2.5013007378879197,True,True
B_low_sideband_Kst_signal,19.700000000000003,14.987455727287358,312.37134161114545,0.12859309196627322,2.4617103971478977,True,True
B_low_sideband_Kst_signal,19.72,15.002671418381048,312.6463369983262,0.132494898825922,2.426063233571384,True,True
B_low_sideband_Kst_signal,19.740000000000002,15.017887109474744,312.3433698294193,0.13635598629362078,2.3940688214782755,True,True
B_low_sideband_Kst_signal,19.759999999999998,15.033102800568434,311.3228337660212,0.14013149239960165,2.3654420481689504,True,True
B_low_sideband_Kst_signal,19.78,15.04831849166213,309.2950842239584,0.14142135623730953,2.356194490192345,True,True
B_low_sideband_Kst_signal,19.8,15.06353418275582,305.6692342651413,0.14142135623730953,2.356194490192345,True,True
B_low_sideband_Kst_signal,19.82,15.078749873849514,300.87885738171417,0.13746964412944815,2.3270186972177545,True,True
B_low_sideband_Kst_signal,19.84,15.093965564943206,295.6771793540929,0.13311735418284865,2.291688940629465,True,True
B_low_sideband_Kst_signal,19.86,15.109181256036898,290.1963999334271,0.1288344367023894,2.2529923688954483,True,True
B_low_sideband_Kst_signal,19.880000000000003,15.124396947130593,284.55587439864576,0.12466614639545953,2.210718245868125,True,True
B_low_sideband_Kst_signal,19.9,15.139612638224282,278.8660350860173,0.12066049537277103,2.164683620064917,True,True
B_low_sideband_Kst_signal,19.92,15.154828329317978,273.22722339156917,0.11686838086948806,2.114761253860652,True,True
B_low_sideband_Kst_signal,19.939999999999998,15.170044020411668,267.728649435036,0.11334085601858862,2.0608780864624516,True,True
B_low_sideband_Kst_signal,19.96,15.185259711505363,262.44748870662943,0.11013056586434612,2.003075827546686,True,True
B_low_sideband_Kst_signal,19.98,15.200475402599055,257.44812571868624,0.1072884663258279,1.9415166133971544,True,True
B_low_sideband_Kst_signal,20.0,15.21569109369275,252.7815525376268,0.10486259607637147,1.8765216916991172,True,True
B_low_sideband_Kst_signal,20.02,15.23090678478644,248.4849302276716,0.10289501964799329,1.8085718442804595,True,True
B_low_sideband_Kst_signal,20.04,15.246122475880133,244.58131924164445,0.1014198606542234,1.7383231416919087,True,True
B_low_sideband_Kst_signal,20.060000000000002,15.261338166973829,241.0795835570284,0.1004604731312596,1.6665786930272248,True,True
B_low_sideband_Kst_signal,20.08,15.276553858067517,237.97447147425464,0.10002748007219767,1.5942372229893331,True,True
B_low_sideband_Kst_signal,20.1,15.291769549161213,235.24687421197632,0.10011791834915737,1.5222571482224578,True,True
B_low_sideband_Kst_signal,20.12,15.306985240254907,232.8642612456024,0.10071499061751657,1.4515691191487077,True,True
B_low_sideband_Kst_signal,20.14,15.322200931348597,230.78128951075905,0.10178916570905554,1.3830256799230938,True,True
B_low_sideband_Kst_signal,20.16,15.33741662244229,228.94058134182887,0.10330024974231432,1.3173413701132268,True,True
B_low_sideband_Kst_signal,20.18,15.352632313535981,227.27366391103033,0.1051998720191633,1.2550712833500763,True,True
B_low_sideband_Kst_signal,20.200000000000003,15.367848004629677,225.70206081815104,0.10743391905553695,1.196608330650012,True,True
B_low_sideband_Kst_signal,20.22,15.383063695723369,224.1385245364213,0.10994583851922193,1.142172908884074,True,True
B_low_sideband_Kst_signal,20.240000000000002,15.398279386817064,222.48839596292555,0.11267837567164334,1.091851599999559,True,True
B_low_sideband_Kst_signal,20.259999999999998,15.413495077910753,220.651075641832,0.11557506060495001,1.0456260189513524,True,True
B_low_sideband_Kst_signal,20.28,15.428710769004448,218.52158905001716,0.11858209492021378,1.0033897438448134,True,True
B_low_sideband_Kst_signal,20.3,15.443926460098139,215.99222634426405,0.121648283614364,0.9649878773192718,True,True
B_low_sideband_Kst_signal,20.32,15.459142151191832,213.01512206482357,0.12305611401023582,0.9202595207497355,False,True
B_low_sideband_Kst_signal,20.34,15.474357842285526,210.02996105732518,0.12218318929473371,0.8627039136634006,False,True
B_low_sideband_Kst_signal,20.36,15.489573533379216,207.15115622839085,0.12133446270551099,0.8048408178140063,False,True
B_low_sideband_Kst_signal,20.380000000000003,15.504789224472912,204.38470988109975,0.12051236221380633,0.7466822947659856,False,True
B_low_sideband_Kst_signal,20.4,15.5200049155666,201.73635057325828,0.11971815693152468,0.6882257903542,False,True
B_low_sideband_Kst_signal,20.42,15.535220606660296,199.2114910726359,0.11895446346801909,0.6294502616210205,False,True
B_low_sideband_Kst_signal,20.439999999999998,15.550436297753988,196.81518427516403,0.1182230586024507,0.5703926539862267,False,True
B_low_sideband_Kst_signal,20.46,15.56565198884768,194.46330209429152,0.11533360495210931,0.5215459699807946,True,True
B_low_sideband_Kst_signal,20.48,15.580867679941374,192.0516237431816,0.11223015959358891,0.47119580436230574,True,True
B_low_sideband_Kst_signal,20.5,15.596083371035068,189.66134959466535,0.1093797450499657,0.41715319995722,True,True
B_low_sideband_Kst_signal,20.52,15.611299062128758,187.36687362753855,0.10683148098274499,0.35955449296023295,True,True
B_low_sideband_Kst_signal,20.54,15.626514753222452,185.23146868618915,0.10463151204585709,0.29864848144681244,True,True
B_low_sideband_Kst_signal,20.560000000000002,15.641730444316147,183.30655371757484,0.10282238572318776,0.23484309631482692,True,True
B_low_sideband_Kst_signal,20.58,15.656946135409836,181.63112717436525,0.10143967285489865,0.16867781546642285,True,True
B_low_sideband_Kst_signal,20.6,15.672161826503531,180.23137283644246,0.100510504899844,0.100830801367222,True,True
B_low_sideband_Kst_signal,20.62,15.687377517597225,179.12044239486158,0.10005148117071382,0.03208086485350814,True,True
B_low_sideband_Kst_signal,20.64,15.702593208690915,178.29841690583953,0.10006747283618149,-0.03672462928755308,True,True
B_low_sideband_Kst_signal,20.66,15.71780889978461,177.75244712116364,0.10055110880363728,-0.10474632614156507,True,True
B_low_sideband_Kst_signal,20.68,15.7330245908783,177.45706996190575,0.10148333230746384,-0.17118561941050361,True,True
B_low_sideband_Kst_signal,20.700000000000003,15.748240281971995,177.374697266956,0.10283461569081252,-0.23533965368674367,True,True
B_low_sideband_Kst_signal,20.72,15.763455973065687,177.45626982553495,0.10456674637879043,-0.2966299757189008,True,True
B_low_sideband_Kst_signal,20.740000000000002,15.77867166415938,177.6420685871317,0.10663594700675014,-0.35464427869389165,True,True
B_low_sideband_Kst_signal,20.759999999999998,15.793887355253071,177.86267223171353,0.10899312922749281,-0.40907529619056876,True,True
B_low_sideband_Kst_signal,20.78,15.809103046346767,178.040050115751,0.11158805928513472,-0.459773041663951,True,True
B_low_sideband_Kst_signal,20.8,15.824318737440457,178.178926240299,0.11216211298569616,-0.5176363533937915,False,True
B_low_sideband_Kst_signal,20.82,15.83953442853415,178.42152770780467,0.11222427461231968,-0.5777145250841063,False,True
B_low_sideband_Kst_signal,20.84,15.854750119627845,178.76533307045156,0.11231891650098894,-0.6375713106758564,False,True
B_low_sideband_Kst_signal,20.86,15.869965810721535,179.2021260496822,0.11244342842018902,-0.6971905730589825,False,True
B_low_sideband_Kst_signal,20.880000000000003,15.88518150181523,179.72329276191977,0.11259479923573217,-0.7565476085022979,False,True
B_low_sideband_Kst_signal,20.9,15.900397192908919,180.31989418447756,0.11277010756083851,-0.8156242397792085,False,True
B_low_sideband_Kst_signal,20.92,15.915612884002615,180.98274197313867,0.11296559027128693,-0.8744323902504986,False,True
B_low_sideband_Kst_signal,20.939999999999998,15.930828575096307,181.70247628675452,0.11317887717344921,-0.9329638113712927,False,True
B_low_sideband_Kst_signal,20.96,15.946044266189999,182.46964419435471,0.11340623796477445,-0.9912037852157238,False,True
B_low_sideband_Kst_signal,20.98,15.961259957283692,183.27477768939934,0.11364462592847752,-1.0491534825962137,False,True
B_low_sideband_Kst_signal,21.0,15.976475648377386,184.05991292820727,0.11223677752909321,-1.099484799772192,True,True
B_low_sideband_Kst_signal,21.02,15.991691339471076,184.62976862561345,0.10971019999262412,-1.1468976455881157,True,True
B_low_sideband_Kst_signal,21.04,16.00690703056477,185.03136727049196,0.1073888543937211,-1.1976784207005553,True,True
B_low_sideband_Kst_signal,21.060000000000002,16.022122721658466,185.33503695195395,0.10531677324984609,-1.2516906663919427,True,True
B_low_sideband_Kst_signal,21.08,16.037338412752156,185.6027108785761,0.1035362726612722,-1.308685157418403,True,True
B_low_sideband_Kst_signal,21.1,16.05255410384585,185.88698883729194,0.10208586980776103,-1.3682995836083665,True,True
B_low_sideband_Kst_signal,21.12,16.067769794939544,186.23034377746535,0.10099877296919486,-1.4300461713508297,True,True
B_low_sideband_Kst_signal,21.14,16.082985486033234,186.66448952683913,0.1003005624950362,-1.4933609852891072,True,True
B_low_sideband_Kst_signal,21.16,16.098201177126928,187.2099048289133,0.10000878233165292,-1.5575436372893625,True,True
B_low_sideband_Kst_signal,21.18,16.113416868220618,187.87554394639255,0.10013062463534812,-1.6218810806262947,True,True
B_low_sideband_Kst_signal,21.200000000000003,16.128632559314315,188.65871465232385,0.10066311851798466,-1.6856418534446436,True,True
B_low_sideband_Kst_signal,21.22,16.143848250408006,189.5451391027891,0.10159319083725733,-1.7481277865255653,True,True
B_low_sideband_Kst_signal,21.240000000000002,16.1590639415017,190.50919184221038,0.10289852710686025,-1.8087124477445125,True,True
B_low_sideband_Kst_signal,21.259999999999998,16.17427963259539,191.5143116590557,0.1045487153228099,-1.8668615177719177,True,True
B_low_sideband_Kst_signal,21.28,16.189495323689084,192.51358115104722,0.10650803522719295,-1.9221830711432375,True,True
B_low_sideband_Kst_signal,21.3,16.204711014782777,193.45046473096863,0.10873527364586957,-1.974366678217097,True,True
B_low_sideband_Kst_signal,21.32,16.21992670587647,194.25969522408468,0.11118720158132497,-2.023234080655636,True,True
B_low_sideband_Kst_signal,21.34,16.23514239697016,194.86829536427422,0.11381928839834578,-2.0686999124089636,True,True
B_low_sideband_Kst_signal,21.36,16.250358088063855,195.19672038936596,0.11658808022759214,-2.1107731132014473,True,True
B_low_sideband_Kst_signal,21.380000000000003,16.26557377915755,195.2754481329971,0.11707217460929566,-2.1629725593483347,False,True
B_low_sideband_Kst_signal,21.4,16.28078947025124,195.27941498837117,0.11706548092200467,-2.2176079592474567,False,True
B_low_sideband_Kst_signal,21.42,16.296005161344933,195.21418649111683,0.11703813369601286,-2.2722676961590467,False,True
B_low_sideband_Kst_signal,21.439999999999998,16.311220852438623,195.08170326332902,0.11699063424329632,-2.326956300545301,False,True
B_low_sideband_Kst_signal,21.46,16.326436543532317,194.88453569475087,0.1169238715040503,-2.381702473411201,False,True
B_low_sideband_Kst_signal,21.48,16.34165223462601,194.62587337631885,0.11683868422563073,-2.4365521223898954,False,True
B_low_sideband_Kst_signal,21.5,16.356867925719705,194.3095094561677,0.11673650672899465,-2.4915127641121066,False,True
B_low_sideband_Kst_signal,21.52,16.372083616813395,193.93982106293788,0.11661757712796576,-2.5465802772932946,False,True
B_low_sideband_Kst_signal,21.54,16.38729930790709,193.52174534416235,0.1164838076055664,-2.6017801536359264,False,True
B_low_sideband_Kst_signal,21.560000000000002,16.402514999000786,192.93761577530267,0.11374065004345116,-2.644962458268303,True,True
B_low_sideband_Kst_signal,21.58,16.417730690094473,192.11028092060087,0.11107151937237465,-2.6913023845574346,True,True
B_low_sideband_Kst_signal,21.6,16.43294638118817,191.12263373551514,0.10859074097669305,-2.741150769342042,True,True
B_low_sideband_Kst_signal,21.62,16.44816207228186,190.05097347283436,0.10634445581355059,-2.7944260660916393,True,True
B_low_sideband_Kst_signal,21.64,16.463377763375554,188.96373469921718,0.10437797901531054,-2.850938060936111,True,True
B_low_sideband_Kst_signal,21.66,16.478593454469248,187.9204231292738,0.1027340385830898,-2.910371257250063,True,True
B_low_sideband_Kst_signal,21.68,16.49380914556294,186.97068529905073,0.10145020488999812,-2.9723063112892714,True,True
B_low_sideband_Kst_signal,21.700000000000003,16.509024836656632,186.1535270272484,0.10055827198702841,-3.0361709224244544,True,True
B_low_sideband_Kst_signal,21.72,16.524240527750322,185.4966937622985,0.10008120504067454,-3.1013061480149857,True,True
B_low_sideband_Kst_signal,21.740000000000002,16.539456218844016,185.0162234784766,0.10003220575566524,3.11621663553436,True,True
B_low_sideband_Kst_signal,21.759999999999998,16.55467190993771,184.71617984228078,0.10041366408596321,3.0507914291052094,True,True
B_low_sideband_Kst_signal,21.78,16.569887601031404,184.58857119449067,0.10121707214566346,2.986360238826862,True,True
B_low_sideband_Kst_signal,21.8,16.585103292125094,184.61345665728777,0.1024235422619855,2.923620760982607,True,True
B_low_sideband_Kst_signal,21.82,16.600318983218788,184.75923852454753,0.10400474689825458,2.8631860994622222,True,True
B_low_sideband_Kst_signal,21.84,16.61553467431248,184.98313622668638,0.10592560113722985,2.805525239134542,True,True
B_low_sideband_Kst_signal,21.86,16.630750365406172,185.23183698595312,0.10814579361869009,2.7509844732895212,True,True
B_low_sideband_Kst_signal,21.880000000000003,16.64596605649987,185.44230630894936,0.11061974782321306,2.699825900365078,True,True
B_low_sideband_Kst_signal,21.9,16.661181747593556,185.54275820299517,0.11330238176545107,2.6521477798180597,True,True
B_low_sideband_Kst_signal,21.92,16.676397438687253,185.55219419491732,0.11389394606469676,2.5961381187366106,False,True
B_low_sideband_Kst_signal,21.939999999999998,16.691613129780944,185.64533955388333,0.11392197661363183,2.5372264332877283,False,True
B_low_sideband_Kst_signal,21.96,16.706828820874637,185.83272628735904,0.11398060507873557,2.4782356094669886,False,True
B_low_sideband_Kst_signal,21.98,16.72204451196833,186.11779773124772,0.11407106989449471,2.4192000506354563,False,True
B_low_sideband_Kst_signal,22.0,16.737260203062025,186.50331897889828,0.11419313352291409,2.360142488220545,False,True
B_low_sideband_Kst_signal,22.02,16.752475894155715,186.99136454303243,0.11434847261436853,2.3010564138866303,False,True
B_low_sideband_Kst_signal,22.04,16.76769158524941,187.58331333930755,0.11453741016657405,2.241968263769735,False,True
B_low_sideband_Kst_signal,22.06,16.7829072763431,188.27985158241836,0.11475985974771954,2.1829216710845207,False,True
B_low_sideband_Kst_signal,22.080000000000002,16.798122967436793,189.0809842292615,0.11501477956010983,2.123937967225509,False,True
B_low_sideband_Kst_signal,22.1,16.813338658530487,189.9542370541244,0.11398685601637726,2.0713976098698303,True,True
B_low_sideband_Kst_signal,22.12,16.82855434962418,190.6650129495997,0.11127909444877096,2.0249300456941595,True,True
B_low_sideband_Kst_signal,22.14,16.84377004071787,191.23676156401416,0.10875171622051567,1.9747206083868492,True,True
B_low_sideband_Kst_signal,22.16,16.858985731811565,191.7515837214687,0.10645498981835214,1.9208213260002345,True,True
B_low_sideband_Kst_signal,22.18,16.874201422905255,192.2847434066075,0.10443950431483259,1.8634138849350752,True,True
B_low_sideband_Kst_signal,22.2,16.88941711399895,192.9034583959592,0.10275150878712841,1.8027387967239732,True,True
B_low_sideband_Kst_signal,22.22,16.904632805092643,193.6657915289361,0.10143533284721444,1.7392227119958377,True,True
B_low_sideband_Kst_signal,22.240000000000002,16.919848496186336,194.61965951371894,0.10052905467715931,1.673434786323438,True,True
B_low_sideband_Kst_signal,22.26,16.93506418728003,195.80197538738003,0.10006218151055883,1.606052335212705,True,True
B_low_sideband_Kst_signal,22.28,16.950279878373724,197.237939726283,0.10005426412368738,1.5378601470674593,True,True
B_low_sideband_Kst_signal,22.3,16.965495569467414,198.94049418278428,0.10051334926231445,1.4696862108483957,True,True
B_low_sideband_Kst_signal,22.32,16.980711260561108,200.90994894924142,0.10143521943798971,1.4023765170195648,True,True
B_low_sideband_Kst_signal,22.34,16.9959269516548,203.13379303820238,0.10280410380305659,1.336697656297351,True,True
B_low_sideband_Kst_signal,22.36,17.011142642748492,205.58669347162504,0.10459306359860424,1.2733442361588052,True,True
B_low_sideband_Kst_signal,22.38,17.026358333842186,208.23068857051703,0.10676851392733093,1.2128140556122764,True,True
B_low_sideband_Kst_signal,22.4,17.041574024935876,211.01556991707957,0.10928681148473994,1.1555661546172034,True,True
B_low_sideband_Kst_signal,22.42,17.05678971602957,213.87945926941165,0.11210228363029005,1.1018444698866123,True,True
B_low_sideband_Kst_signal,22.44,17.072005407123264,216.7495652198295,0.11516560762018067,1.0517946347798517,True,True
B_low_sideband_Kst_signal,22.46,17.087221098216954,219.5431161157412,0.11842732108188171,1.0054437025926477,True,True
B_low_sideband_Kst_signal,22.48,17.102436789310648,222.16845589748527,0.12183800204116779,0.9627435809034188,True,True
B_low_sideband_Kst_signal,22.5,17.11765248040434,224.5262889503456,0.12535036087098692,0.9235776857908021,True,True
B_low_sideband_Kst_signal,22.52,17.132868171498032,226.67509312451693,0.1262990559838567,0.8708879443383931,False,True
B_low_sideband_Kst_signal,22.54,17.148083862591726,228.8176890032164,0.12691338259704235,0.816436321319469,False,True
B_low_sideband_Kst_signal,22.56,17.163299553685416,230.95072596852287,0.1275227515608251,0.7621749463198497,False,True
B_low_sideband_Kst_signal,22.580000000000002,17.178515244779113,233.06858083381803,0.12812631499556368,0.7080875614256023,False,True
B_low_sideband_Kst_signal,22.6,17.193730935872807,235.10144077789028,0.1270270363309055,0.6644857805334659,True,True
B_low_sideband_Kst_signal,22.62,17.208946626966497,236.61305080569264,0.12385892523022443,0.6311149186983154,True,True
B_low_sideband_Kst_signal,22.64,17.22416231806019,237.60849588332803,0.12069932486566443,0.5943635828551679,True,True
B_low_sideband_Kst_signal,22.66,17.239378009153885,238.1920432359616,0.11759113170238052,0.5540431332573096,True,True
B_low_sideband_Kst_signal,22.68,17.254593700247575,238.4662775535735,0.11458021055127149,0.5099865815781682,True,True
B_low_sideband_Kst_signal,22.7,17.26980939134127,238.53062425853977,0.11171527004057363,0.4620673710243892,True,True
B_low_sideband_Kst_signal,22.72,17.285025082434963,238.47991114860588,0.10904764519080294,0.41022691734299355,True,True
B_low_sideband_Kst_signal,22.740000000000002,17.300240773528653,238.40298298759035,0.10662957561396408,0.3544828811342917,True,True
B_low_sideband_Kst_signal,22.76,17.315456464622347,238.38138375891913,0.10451496211013553,0.29500459578317856,True,True
B_low_sideband_Kst_signal,22.78,17.33067215571604,238.48812196855943,0.10275433490457075,0.2320588866971732,True,True
B_low_sideband_Kst_signal,22.8,17.34588784680973,238.78653362257955,0.10139558274944314,0.1661049843193484,True,True
B_low_sideband_Kst_signal,22.82,17.361103537903425,239.32925902201987,0.10047960607417518,0.09774426189263852,True,True
B_low_sideband_Kst_signal,22.84,17.37631922899712,240.15734756956272,0.1000384308010523,0.02771948677973639,True,True
B_low_sideband_Kst_signal,22.86,17.39153492009081,241.29950541754624,0.10009300993836664,-0.04311331699883963,True,True
B_low_sideband_Kst_signal,22.88,17.406750611184503,242.77149906792965,0.10065162405185256,-0.11385123339765338,True,True
B_low_sideband_Kst_signal,22.9,17.421966302278193,244.57572710434624,0.10170920978944017,-0.18358729141770702,True,True
B_low_sideband_Kst_signal,22.92,17.43718199337189,246.70096946402873,0.10324759432759756,-0.25147852832259066,True,True
B_low_sideband_Kst_signal,22.94,17.452397684465584,249.12232418567464,0.10523892791458536,-0.3168591976626357,True,True
B_low_sideband_Kst_signal,22.96,17.467613375559274,251.80133352163875,0.10764363904908628,-0.37911844575968573,True,True
B_low_sideband_Kst_signal,22.98,17.482829066652968,254.68630487340306,0.11041637595569964,-0.43785608359837147,True,True
B_low_sideband_Kst_signal,23.0,17.498044757746662,257.7128274824777,0.113507003383696,-0.49281847722636474,True,True
B_low_sideband_Kst_signal,23.02,17.513260448840352,260.8044774721202,0.11686310374252583,-0.5438902629173534,True,True
B_low_sideband_Kst_signal,23.04,17.528476139934046,263.8737090432878,0.12043154206609714,-0.5910657744484048,True,True
B_low_sideband_Kst_signal,23.06,17.543691831027736,266.8229215189399,0.12416019467116181,-0.6344275849020112,True,True
B_low_sideband_Kst_signal,23.080000000000002,17.55890752212143,269.54569101659854,0.12799847961575572,-0.6741156402557936,True,True
B_low_sideband_Kst_signal,23.1,17.574123213215124,271.92815311466893,0.13189857014486503,-0.7103122061855695,True,True
B_low_sideband_Kst_signal,23.12,17.589338904308818,273.8505202006004,0.1358150819904669,-0.7432174509920269,True,True
B_low_sideband_Kst_signal,23.14,17.604554595402508,275.1887352843464,0.13967715375379408,-0.77321193205283,False,True
B_low_sideband_Kst_signal,23.16,17.619770286496202,276.0786081207516,0.13779836799817166,-0.8120483667573332,True,True
B_low_sideband_Kst_signal,23.18,17.634985977589896,276.31286264035134,0.1341028709546795,-0.8415791131756926,True,True
B_low_sideband_Kst_signal,23.2,17.650201668683586,275.9323153541409,0.13036075592835794,-0.8743115500563937,True,True
B_low_sideband_Kst_signal,23.22,17.66541735977728,275.0617827190067,0.126612383753664,-0.9105026800434675,True,True
B_low_sideband_Kst_signal,23.240000000000002,17.680633050870973,273.8254154404508,0.12290317269256835,-0.9504009162078144,True,True
B_low_sideband_Kst_signal,23.26,17.695848741964667,272.34508117623454,0.1192815281944352,-0.9942544401368035,True,True
B_low_sideband_Kst_signal,23.28,17.71106443305836,270.7387892158076,0.11580046599220557,-1.0422764630277683,True,True
B_low_sideband_Kst_signal,23.3,17.72628012415205,269.1191701481489,0.11251675254317778,-1.0946252703281916,True,True
B_low_sideband_Kst_signal,23.32,17.741495815245745,267.59202210698277,0.10948980834261708,-1.1513805720846837,True,True
B_low_sideband_Kst_signal,23.34,17.756711506339435,266.2549354405978,0.10678091998261566,-1.212503620355439,True,True
B_low_sideband_Kst_signal,23.36,17.77192719743313,265.1960073178893,0.10445150584755569,-1.2777976170724474,True,True
B_low_sideband_Kst_signal,23.38,17.787142888526823,264.4926579073608,0.10256011964609316,-1.3468915069402918,True,True
B_low_sideband_Kst_signal,23.400000000000002,17.802358579620517,264.21055933095795,0.10116010514123971,-1.4192047905909295,True,True
B_low_sideband_Kst_signal,23.42,17.817574270714207,264.4026893129558,0.10029594244696209,-1.4939569572064741,True,True
B_low_sideband_Kst_signal,23.44,17.8327899618079,265.108520393022,0.10000001756732503,-1.570203581951939,True,True
B_low_sideband_Kst_signal,23.46,17.848005652901595,266.35335576848047,0.10029023279116381,-1.646892656055799,True,True
B_low_sideband_Kst_signal,23.48,17.863221343995285,268.1478222366627,0.10116839672070216,-1.7229234280140644,True,True
B_low_sideband_Kst_signal,23.5,17.87843703508898,270.4875290726827,0.10262017653876095,-1.7972567495005205,True,True
B_low_sideband_Kst_signal,23.52,17.893652726182673,273.3529013584798,0.10461615614275901,-1.868967646447519,True,True
B_low_sideband_Kst_signal,23.54,17.908868417276363,276.7091964445508,0.10711716866416021,-1.9373803816006405,True,True
B_low_sideband_Kst_signal,23.56,17.924084108370057,280.50670146187895,0.11006980844863262,-2.0018778907988226,True,True
B_low_sideband_Kst_signal,23.580000000000002,17.93929979946375,284.68112572342216,0.11341924963625863,-2.0621720999728463,True,True
B_low_sideband_Kst_signal,23.6,17.954515490557444,289.15417893211134,0.11710505735456035,-2.1180936046060324,True,True
B_low_sideband_Kst_signal,23.62,17.969731181651134,293.83433817840205,0.12106656403490275,-2.1696330538604247,True,True
B_low_sideband_Kst_signal,23.64,17.98494687274483,298.61779888447154,0.1252444121005168,-2.2168949153500117,True,True
B_low_sideband_Kst_signal,23.66,18.000162563838522,303.3896030838532,0.12958095142561474,-2.2600539305402485,True,True
B_low_sideband_Kst_signal,23.68,18.015378254932212,308.0249363586631,0.13402165457849138,-2.2993350640157155,True,True
B_low_sideband_Kst_signal,23.7,18.030593946025906,312.39058244356147,0.13851572497612827,-2.334991215039567,True,True
B_low_sideband_Kst_signal,23.72,18.045809637119596,316.2761094604516,0.14142135623730953,-2.356194490192345,True,True
B_low_sideband_Kst_signal,23.740000000000002,18.061025328213294,318.76189236503615,0.14142135623730953,-2.356194490192345,True,True
B_low_sideband_Kst_signal,23.76,18.076241019306984,319.5968850665208,0.14117239213288257,-2.357959595593934,True,True
B_low_sideband_Kst_signal,23.78,18.091456710400678,319.3169037673365,0.13710994814053018,-2.388155538423269,True,True
B_low_sideband_Kst_signal,23.8,18.10667240149437,318.4468618879364,0.13300194797875617,-2.4216881385547797,True,True
B_low_sideband_Kst_signal,23.82,18.121888092588062,317.1267228928091,0.12889282729806145,-2.4588391065197768,True,True
B_low_sideband_Kst_signal,23.84,18.137103783681756,315.49488439321476,0.12483119022098985,-2.4998967910389167,True,True
B_low_sideband_Kst_signal,23.86,18.15231947477545,313.6864469293773,0.12087036225947632,-2.5451387067754774,True,True
B_low_sideband_Kst_signal,23.88,18.16753516586914,311.83155073629496,0.11706742007601738,-2.594823180248277,True,True
B_low_sideband_Kst_signal,23.900000000000002,18.182750856962834,310.05379301293897,0.11348476185687116,-2.6491392572854275,True,True
B_low_sideband_Kst_signal,23.92,18.197966548056527,308.46873647797156,0.11018616649785633,-2.708220763475344,True,True
B_low_sideband_Kst_signal,23.94,18.21318223915022,307.1825212839235,0.10724306879995786,-2.771962971020065,True,True
B_low_sideband_Kst_signal,23.96,18.22839793024391,306.290582893635,0.10471855503457077,-2.8402559139641075,True,True
B_low_sideband_Kst_signal,23.98,18.243613621337605,305.87649546836474,0.10267915333942117,-2.91265274135233,True,True
B_low_sideband_Kst_signal,24.0,18.258829312431295,306.01093762200344,0.10118325410538034,-2.9885107609571375,True,True
B_low_sideband_Kst_signal,24.02,18.27404500352499,306.7507950165523,0.10027918316165704,-3.0669555075654094,True,True
B_low_sideband_Kst_signal,24.04,18.289260694618683,308.1384047653696,0.10000141890151919,3.13626558170734,True,True
B_low_sideband_Kst_signal,24.06,18.304476385712373,310.2009490170817,0.10036769429679325,3.055968923064537,True,True
B_low_sideband_Kst_signal,24.080000000000002,18.31969207680607,312.95000424221234,0.10137743518561385,2.9765588531168605,True,True
B_low_sideband_Kst_signal,24.1,18.33490776789976,316.3812520783149,0.10301204854835834,2.8991740690341734,True,True
B_low_sideband_Kst_signal,24.12,18.350123458993455,320.47435679291266,0.10523631188493147,2.8248092745994917,True,True
B_low_sideband_Kst_signal,24.14,18.36533915008715,325.19301480736294,0.10800441300631451,2.754175899905392,True,True
B_low_sideband_Kst_signal,24.16,18.38055484118084,330.4851757615779,0.11125685997059505,2.687868494182193,True,True
B_low_sideband_Kst_signal,24.18,18.395770532274533,336.28344218778557,0.11493242282306644,2.626153821434786,True,True
B_low_sideband_Kst_signal,24.2,18.410986223368226,342.50564370859,0.11896551667092391,2.569148861866089,True,True
B_low_sideband_Kst_signal,24.22,18.426201914461917,349.0555860305767,0.12329133424998463,2.5168044328610315,True,True
B_low_sideband_Kst_signal,24.240000000000002,18.44141760555561,355.82397198615945,0.12784662706761638,2.468965018268799,True,True
B_low_sideband_Kst_signal,24.26,18.456633296649304,362.6894894468596,0.13257181761708495,2.425395965578642,True,True
B_low_sideband_Kst_signal,24.28,18.471848987742998,369.5200601090255,0.1374102772558728,2.38582841093689,True,True
B_low_sideband_Kst_signal,24.3,18.48706467883669,376.1520428713511,0.14142135623730953,2.356194490192345,True,True
B_low_sideband_Kst_signal,24.32,18.502280369930382,381.5878737524972,0.14142135623730953,2.356194490192345,True,True
B_low_sideband_Kst_signal,24.34,18.517496061024072,385.34119776549414,0.14142135623730953,2.356194490192345,True,True
B_low_sideband_Kst_signal,24.36,18.532711752117766,387.40031011956944,0.14142135623730953,2.356194490192345,True,True
B_low_sideband_Kst_signal,24.38,18.54792744321146,387.7581420583888,0.14142135623730953,2.356194490192345,True,True
B_low_sideband_Kst_signal,24.400000000000002,18.563143134305154,386.41228293066433,0.14142135623730953,2.356194490192345,True,True
B_low_sideband_Kst_signal,24.42,18.578358825398848,383.38999449031235,0.14048632799855038,2.349516489879105,True,True
B_low_sideband_Kst_signal,24.44,18.593574516492538,379.5362585411681,0.13587639986876235,2.3145046951136474,True,True
B_low_sideband_Kst_signal,24.46,18.60879020758623,375.3726660266425,0.13129637595454302,2.2757591468397926,True,True
B_low_sideband_Kst_signal,24.48,18.624005898679926,371.0457116333009,0.12679838699941973,2.2329766442658356,True,True
B_low_sideband_Kst_signal,24.5,18.639221589773616,366.69529418755246,0.12243890755344183,2.1858649589106633,True,True
B_low_sideband_Kst_signal,24.52,18.65443728086731,362.45314155035476,0.11827865353786622,2.1341646607629206,True,True
B_low_sideband_Kst_signal,24.54,18.669652971961003,358.4413620839591,0.11438218313626551,2.0776790810955403,True,True
B_low_sideband_Kst_signal,24.56,18.684868663054694,354.77113027259156,0.110817699102595,2.0163250877871497,True,True
B_low_sideband_Kst_signal,24.580000000000002,18.700084354148387,351.5415123011344,0.10765381890298466,1.950152059251648,True,True
B_low_sideband_Kst_signal,24.6,18.71530004524208,348.8384367389681,0.1049592585521244,1.8794262399000792,True,True
B_low_sideband_Kst_signal,24.62,18.73051573633577,346.7338137404554,0.10279724927560606,1.8046152180718527,True,True
B_low_sideband_Kst_signal,24.64,18.745731427429465,345.2848064370214,0.10122384647966272,1.7264558134679195,True,True
B_low_sideband_Kst_signal,24.66,18.76094711852316,344.5332565581439,0.10028286964886002,1.645923480444555,True,True
B_low_sideband_Kst_signal,24.68,18.77616280961685,344.5052666408037,0.1000021885177328,1.5641804703573383,True,True
B_low_sideband_Kst_signal,24.7,18.791378500710543,345.2109401284051,0.1003912134764665,1.4824852493600016,True,True
B_low_sideband_Kst_signal,24.72,18.806594191804233,346.6442804297567,0.10144017655096117,1.4020893560648269,True,True
B_low_sideband_Kst_signal,24.740000000000002,18.82180988289793,348.7832492803268,0.10312094211265516,1.3241436293188427,True,True
B_low_sideband_Kst_signal,24.76,18.837025573991625,351.5899840106531,0.10539033759609259,1.249584713155712,True,True
B_low_sideband_Kst_signal,24.78,18.852241265085315,355.01117368823316,0.10819060857699471,1.1791834070485085,True,True
B_low_sideband_Kst_signal,24.8,18.86745695617901,358.97858992049896,0.11146098457774889,1.1133310891710775,True,True
B_low_sideband_Kst_signal,24.82,18.882672647272702,363.40977267589733,0.1151323994025362,1.0522997887423509,True,True
B_low_sideband_Kst_signal,24.84,18.897888338366393,368.2088661997391,0.11913696507970181,0.9961232452112719,True,True
B_low_sideband_Kst_signal,24.86,18.913104029460087,373.26759980994393,0.12340783871047886,0.9447002101803857,True,True
B_low_sideband_Kst_signal,24.88,18.92831972055378,378.4664094521063,0.1278810639398213,0.8978306906713702,True,True
B_low_sideband_Kst_signal,24.900000000000002,18.94353541164747,383.6756932199887,0.13249727972276779,0.8552462332700245,True,True
B_low_sideband_Kst_signal,24.92,18.958751102741164,388.7571932098608,0.13720071519831536,0.8166542123266446,True,True
B_low_sideband_Kst_signal,24.94,18.973966793834858,393.55784984352886,0.14142135623730953,0.7853981633974483,True,True
B_low_sideband_Kst_signal,24.96,18.98918248492855,397.19329592557324,0.14142135623730953,0.7853981633974483,True,True
B_low_sideband_Kst_signal,24.98,19.004398176022242,399.12939323706405,0.14142135623730953,0.7853981633974483,True,True
B_low_sideband_Kst_signal,25.0,19.019613867115932,399.3611829218071,0.14142135623730953,0.7853981633974483,True,True
B_low_sideband_Kst_signal,25.02,19.034829558209626,397.8883009207925,0.14142135623730953,0.7853981633974483,True,True
B_low_sideband_Kst_signal,25.04,19.05004524930332,394.7149771213408,0.14142135623730953,0.7853981633974483,True,True
B_low_sideband_Kst_signal,25.06,19.06526094039701,389.85002046828276,0.14142135623730953,0.7853981633974483,True,True
B_low_sideband_Kst_signal,25.080000000000002,19.080476631490708,383.54255241647206,0.13856793303481035,0.7645879024420891,True,True
B_low_sideband_Kst_signal,25.1,19.0956923225844,376.91824254698304,0.13366758335740042,0.7255651293711289,True,True
B_low_sideband_Kst_signal,25.12,19.110908013678092,370.2475853765359,0.12886776434266753,0.682514358318905,True,True
B_low_sideband_Kst_signal,25.14,19.126123704771786,363.6699987183624,0.12422510953316682,0.6351373194618852,True,True
B_low_sideband_Kst_signal,25.16,19.14133939586548,357.31472618281896,0.119800691907821,0.5831727134506701,True,True
B_low_sideband_Kst_signal,25.18,19.15655508695917,351.29954081980713,0.11565921698526785,0.526424670066607,True,True
B_low_sideband_Kst_signal,25.2,19.171770778052863,345.7296076864045,0.1118679171769442,0.46479975465426626,True,True
B_low_sideband_Kst_signal,25.22,19.186986469146554,340.6965091486063,0.10849516569978551,0.39835574105295873,True,True
B_low_sideband_Kst_signal,25.240000000000002,19.202202160240248,336.2774351514445,0.10560872386436836,0.3273694770209274,True,True
B_low_sideband_Kst_signal,25.26,19.21741785133394,332.53453900231534,0.1032694559963689,0.2523011934973859,True,True
B_low_sideband_Kst_signal,25.28,19.23263354242763,329.5144600052645,0.10153129302911038,0.17389678093002944,True,True
B_low_sideband_Kst_signal,25.3,19.247849233521325,327.2480102945665,0.10043531005178721,0.09313825979178622,True,True
B_low_sideband_Kst_signal,25.32,19.26306492461502,325.7500253488429,0.10000626590974253,0.011194268694113581,True,True
B_low_sideband_Kst_signal,25.34,19.27828061570871,325.0193749814998,0.10025028613033712,-0.07067746693515074,True,True
B_low_sideband_Kst_signal,25.36,19.293496306802403,325.03913175851994,0.1011540860919192,-0.1512015227197802,True,True
B_low_sideband_Kst_signal,25.38,19.308711997896097,325.7768922836949,0.10268632150384772,-0.22923928560176476,True,True
B_low_sideband_Kst_signal,25.400000000000002,19.32392768898979,327.1852471755633,0.10480033168150985,-0.30383731763278987,True,True
B_low_sideband_Kst_signal,25.42,19.339143380083485,329.2023937142344,0.10743877053709823,-0.37430297050008354,True,True
B_low_sideband_Kst_signal,25.44,19.35435907117718,331.7528856659519,0.11053460989997745,-0.44013532481416157,True,True
B_low_sideband_Kst_signal,25.46,19.36957476227087,334.74851227974386,0.11402083203675094,-0.5011456837991671,True,True
B_low_sideband_Kst_signal,25.48,19.384790453364563,338.08930147248566,0.11782770261929229,-0.5572799092402229,True,True
B_low_sideband_Kst_signal,25.5,19.400006144458253,341.664637455252,0.12188882047595093,-0.6086514968930643,True,True
B_low_sideband_Kst_signal,25.52,19.415221835551947,345.3544858567566,0.12614060155711077,-0.6554624173980673,True,True
B_low_sideband_Kst_signal,25.54,19.43043752664564,349.0307175951848,0.1305237533658324,-0.6979766902206191,True,True
B_low_sideband_Kst_signal,25.56,19.44565321773933,352.55852282296655,0.1349842103699942,-0.7364950132446924,True,True
B_low_sideband_Kst_signal,25.580000000000002,19.460868908833024,355.797905295276,0.13947249219743005,-0.7713255748002604,True,True
B_low_sideband_Kst_signal,25.6,19.47608459992672,358.42643725786866,0.14142135623730953,-0.7853981633974483,True,True
B_low_sideband_Kst_signal,25.62,19.49130029102041,359.52234324292704,0.14142135623730953,-0.7853981633974483,True,True
B_low_sideband_Kst_signal,25.64,19.506515982114102,358.9758052777188,0.14142135623730953,-0.7853981633974483,True,True
B_low_sideband_Kst_signal,25.66,19.521731673207796,356.79169285385615,0.14142135623730953,-0.7853981633974483,True,True
B_low_sideband_Kst_signal,25.68,19.536947364301486,352.98600473444776,0.14092979107800016,-0.7888922894919982,True,True
B_low_sideband_Kst_signal,25.7,19.55216305539518,348.33182594828077,0.1362629732456871,-0.8240091551842523,True,True
B_low_sideband_Kst_signal,25.72,19.56737874648887,343.4495523731016,0.13164345364649666,-0.8627403071772688,True,True
B_low_sideband_Kst_signal,25.740000000000002,19.582594437582568,338.4766079919864,0.12712169672089357,-0.9053604942481581,True,True
B_low_sideband_Kst_signal,25.76,19.59781012867626,333.5422165269774,0.12275257026419827,-0.952120084673925,True,True
B_low_sideband_Kst_signal,25.78,19.613025819769952,328.7660140610192,0.11859348129414178,-1.0032391113476369,True,True
B_low_sideband_Kst_signal,25.8,19.628241510863646,324.2568143628414,0.11470505115875337,-1.0588673238819912,True,True
B_low_sideband_Kst_signal,25.82,19.64345720195734,320.1115339017688,0.11114998665743991,-1.1190478935778192,True,True
B_low_sideband_Kst_signal,25.84,19.65867289305103,316.41428176595355,0.10799093738037467,-1.1836855040940537,True,True
B_low_sideband_Kst_signal,25.86,19.673888584144724,313.2356175389368,0.10528894664591325,-1.252491547170392,True,True
B_low_sideband_Kst_signal,25.88,19.689104275238414,310.63197869385203,0.1030985928549124,-1.3250060807983897,True,True
B_low_sideband_Kst_signal,25.900000000000002,19.70431996633211,308.6452776561273,0.10146744463687628,-1.4005188141754095,True,True
B_low_sideband_Kst_signal,25.92,19.7195356574258,307.3026662498719,0.10043091486796728,-1.4781277625633378,True,True
B_low_sideband_Kst_signal,25.94,19.734751348519495,306.6164648838103,0.10000983757075699,-1.5567700911323843,True,True
B_low_sideband_Kst_signal,25.96,19.749967039613185,306.58425174604645,0.10020848622580539,-1.63531371176554,True,True
B_low_sideband_Kst_signal,25.98,19.76518273070688,307.1891068288501,0.10101408322095236,-1.7126121949946098,True,True
B_low_sideband_Kst_signal,26.0,19.780398421800573,308.4000027423699,0.10239790341917931,-1.787634869040626,True,True
B_low_sideband_Kst_signal,26.02,19.795614112894263,310.1723360290307,0.10431807495976225,-1.8595249765108939,True,True
B_low_sideband_Kst_signal,26.04,19.810829803987957,312.44858949931995,0.10672208194841001,-1.9276137995615878,True,True
B_low_sideband_Kst_signal,26.06,19.826045495081647,315.1591162713935,0.1095516873191605,-1.991477104282539,True,True
B_low_sideband_Kst_signal,26.080000000000002,19.841261186175345,318.223036351882,0.11274371791299218,-2.0508559699972024,True,True
B_low_sideband_Kst_signal,26.1,19.85647687726904,321.54923459450447,0.116236378549727,-2.1057036809971734,True,True
B_low_sideband_Kst_signal,26.12,19.87169256836273,325.03745102546736,0.11996857062231453,-2.1560868027378453,True,True
B_low_sideband_Kst_signal,26.14,19.886908259456423,328.57945214895744,0.12388199457380486,-2.202166009879063,True,True
B_low_sideband_Kst_signal,26.16,19.902123950550113,332.0602733301612,0.1279228773833307,-2.2441719283771002,True,True
B_low_sideband_Kst_signal,26.18,19.917339641643807,335.35952208784283,0.13204056810974527,-2.2823580001798365,True,True
B_low_sideband_Kst_signal,26.2,19.9325553327375,338.3527320861567,0.13618959142748843,-2.3170011918652156,True,True
B_low_sideband_Kst_signal,26.22,19.94777102383119,340.9127576807159,0.14032848131872303,-2.348375868740728,True,True
B_low_sideband_Kst_signal,26.240000000000002,19.962986714924888,342.65830268900663,0.14142135623730953,-2.356194490192345,True,True
B_low_sideband_Kst_signal,26.26,19.97820240601858,342.87446764660035,0.14142135623730953,-2.356194490192345,True,True
B_low_sideband_Kst_signal,26.28,19.993418097112272,341.53119206035353,0.14142135623730953,-2.356194490192345,True,True
B_low_sideband_Kst_signal,26.3,20.008633788205962,338.63763736568535,0.1412655115442268,-2.3572983037296265,True,True
B_low_sideband_Kst_signal,26.32,20.023849479299656,334.78044828963357,0.13696333257065707,-2.389297417792291,True,True
B_low_sideband_Kst_signal,26.34,20.03906517039335,330.55292220956835,0.13267334242295123,-2.424517206498852,True,True
B_low_sideband_Kst_signal,26.36,20.05428086148704,326.08203196109616,0.1284404957276819,-2.4631812700409768,True,True
B_low_sideband_Kst_signal,26.38,20.069496552580734,321.4884961203611,0.12431108733129638,-2.505517501597676,True,True
B_low_sideband_Kst_signal,26.400000000000002,20.084712243674428,316.88542205641534,0.12033571586621095,-2.5517145246620325,True,True
B_low_sideband_Kst_signal,26.42,20.09992793476812,312.37707964571973,0.1165669049585015,-2.6019190106235697,True,True
B_low_sideband_Kst_signal,26.44,20.115143625861812,308.05781716375304,0.11305854800492586,-2.6562121109546832,True,True
B_low_sideband_Kst_signal,26.46,20.130359316955506,304.0111279818916,0.10986565355473546,-2.714569227765703,True,True
B_low_sideband_Kst_signal,26.48,20.1455750080492,300.3088748670234,0.10704265863537031,-2.7768258938382684,True,True
B_low_sideband_Kst_signal,26.5,20.16079069914289,297.0106761133052,0.10464018532655554,-2.842675051217528,True,True
B_low_sideband_Kst_signal,26.52,20.176006390236584,294.1634561772503,0.1027033266135614,-2.9116448597388347,True,True
B_low_sideband_Kst_signal,26.54,20.191222081330277,291.8011605229135,0.10126976704813456,-2.9830697759690157,True,True
B_low_sideband_Kst_signal,26.56,20.206437772423968,289.9446328285371,0.10036622076873754,-3.056140140076868,True,True
B_low_sideband_Kst_signal,26.580000000000002,20.221653463517665,288.6016504279655,0.10000679126787883,-3.1299385697075146,True,True
B_low_sideband_Kst_signal,26.6,20.236869154611355,287.7671122619213,0.10019182268853385,3.0797029845399195,True,True
B_low_sideband_Kst_signal,26.62,20.25208484570505,287.42337147945364,0.10090768278031723,3.007363758874052,True,True
B_low_sideband_Kst_signal,26.64,20.26730053679874,287.5407038767744,0.10212787586843267,2.937102242276589,True,True
B_low_sideband_Kst_signal,26.66,20.282516227892433,288.07790161233424,0.10381529115760893,2.8696437667607824,True,True
B_low_sideband_Kst_signal,26.68,20.297731918986127,288.9829812163325,0.10592431159713321,2.8055600920801016,True,True
B_low_sideband_Kst_signal,26.7,20.312947610079817,290.1939937168336,0.108403802973832,2.7452442845824727,True,True
B_low_sideband_Kst_signal,26.72,20.32816330117351,291.6399257182511,0.11120196110261736,2.688881911851134,True,True
B_low_sideband_Kst_signal,26.740000000000002,20.343378992267205,293.2416745415576,0.11426208746863191,2.6366059974824467,True,True
B_low_sideband_Kst_signal,26.76,20.3585946833609,294.913092215897,0.11753257625452869,2.5883553152533394,True,True
B_low_sideband_Kst_signal,26.78,20.373810374454592,296.5620790132848,0.12096249657925827,2.5440177762219216,True,True
B_low_sideband_Kst_signal,26.8,20.38902606554828,298.0917184935397,0.12450447068201387,2.503417161046325,True,True
B_low_sideband_Kst_signal,26.82,20.404241756641973,299.4014416608097,0.12811432179904714,2.4663461016476895,True,True
B_low_sideband_Kst_signal,26.84,20.419457447735667,300.3882096205084,0.1317521329968298,2.4325737070439466,True,True
B_low_sideband_Kst_signal,26.86,20.43467313882936,300.9477047140999,0.13538070611871975,2.401873190876146,True,True
B_low_sideband_Kst_signal,26.88,20.449888829923054,300.9755205905408,0.13896714796149975,2.3740145550644685,True,True
B_low_sideband_Kst_signal,26.900000000000002,20.465104521016748,300.3362151177116,0.14142135623730953,2.356194490192345,True,True
B_low_sideband_Kst_signal,26.92,20.480320212110442,298.4937623736487,0.1404217626569599,2.349050401536221,True,True
B_low_sideband_Kst_signal,26.94,20.495535903204132,295.8951455815363,0.136517132930806,2.319592679878469,True,True
B_low_sideband_Kst_signal,26.96,20.510751594297826,292.8778262039332,0.13260557402014247,2.2872854447876696,True,True
B_low_sideband_Kst_signal,26.98,20.525967285391516,289.5514963302785,0.12872500790931551,2.251945162299729,True,True
B_low_sideband_Kst_signal,27.0,20.54118297648521,286.02116192533276,0.12491506146981411,2.2133902597692767,True,True
B_low_sideband_Kst_signal,27.02,20.556398667578904,282.38591482393076,0.1212184692726392,2.171466899089675,True,True
B_low_sideband_Kst_signal,27.04,20.571614358672594,278.73780703147804,0.11767938189832003,2.126050401397207,True,True
B_low_sideband_Kst_signal,27.06,20.586830049766288,275.1608408928719,0.11434365485084146,2.0770719277558785,True,True
B_low_sideband_Kst_signal,27.080000000000002,20.60204574085998,271.7300867040299,0.11125723878862426,2.024527468288789,True,True
B_low_sideband_Kst_signal,27.1,20.617261431953676,268.5109372304719,0.10846614305711946,1.9685158039541348,True,True
B_low_sideband_Kst_signal,27.12,20.63247712304737,265.5585062904088,0.10601422184037683,1.9092486407920626,True,True
B_low_sideband_Kst_signal,27.14,20.647692814141056,262.917176183284,0.1039410353472496,1.847050286395393,True,True
B_low_sideband_Kst_signal,27.16,20.66290850523475,260.62029629827293,0.10228130811613374,1.7823981341364783,True,True
B_low_sideband_Kst_signal,27.18,20.678124196328444,258.6900324981798,0.10106184024621279,1.7158844882927196,True,True
B_low_sideband_Kst_signal,27.2,20.693339887422137,257.1373647108121,0.10030041516595574,1.6482127348287343,True,True
B_low_sideband_Kst_signal,27.22,20.70855557851583,255.96222766121718,0.10000438479005452,1.5801607593357803,True,True
B_low_sideband_Kst_signal,27.240000000000002,20.723771269609525,255.15378768482196,0.10017006377555447,1.5125171520006317,True,True
B_low_sideband_Kst_signal,27.26,20.73898696070322,254.6908466467321,0.10078308745550124,1.4460557034045693,True,True
B_low_sideband_Kst_signal,27.28,20.75420265179691,254.5423624042628,0.10181929126302952,1.3814748569484385,True,True
B_low_sideband_Kst_signal,27.3,20.7694183428906,254.66807405023883,0.10324638190966504,1.319363509664977,True,True
B_low_sideband_Kst_signal,27.32,20.784634033984293,255.01921905359904,0.10502586310708399,1.2601834384253061,True,True
B_low_sideband_Kst_signal,27.34,20.799849725077987,255.53932946867053,0.10711517068132924,1.2042608574770686,True,True
B_low_sideband_Kst_signal,27.36,20.81506541617168,256.1650928836016,0.10946873720284359,1.1518124869620712,True,True
B_low_sideband_Kst_signal,27.38,20.83028110726537,256.8272673891274,0.1120439058245954,1.102873894859251,True,True
B_low_sideband_Kst_signal,27.400000000000002,20.845496798359065,257.45162991635425,0.11479324019095792,1.0575017456640248,True,True
B_low_sideband_Kst_signal,27.42,20.86071248945276,257.95995802634116,0.11767522825549677,1.0155991534456803,True,True
B_low_sideband_Kst_signal,27.44,20.875928180546452,258.27102092574614,0.12064984277944195,0.9770398125182739,True,True
B_low_sideband_Kst_signal,27.46,20.891143871640146,258.3015765456312,0.12367958698764911,0.9416682039988806,True,True
B_low_sideband_Kst_signal,27.48,20.906359562733833,257.96736244357317,0.12673011462513314,0.9093073363051277,True,True
B_low_sideband_Kst_signal,27.5,20.921575253827527,257.18407262157143,0.1297697531478362,0.8797751467667885,True,True
B_low_sideband_Kst_signal,27.52,20.93679094492122,255.86831284388563,0.13277059492990237,0.8528811881500609,True,True
B_low_sideband_Kst_signal,27.54,20.952006636014914,254.1045804585974,0.13318891995185103,0.8109111340487816,False,True
B_low_sideband_Kst_signal,27.56,20.96722232710861,252.27414121797483,0.13269645611382924,0.7630748057935797,False,True
B_low_sideband_Kst_signal,27.580000000000002,20.982438018202302,250.3967611601579,0.13219008743701063,0.7152365214992649,False,True
B_low_sideband_Kst_signal,27.6,20.997653709295996,248.30368000528142,0.12899490816269915,0.6837260728491855,True,True
B_low_sideband_Kst_signal,27.62,21.012869400389686,245.84115368440644,0.12567058109490153,0.6505824351541997,True,True
B_low_sideband_Kst_signal,27.64,21.028085091483376,243.09232891319925,0.12240408176647181,0.6146658013322449,True,True
B_low_sideband_Kst_signal,27.66,21.04330078257707,240.13661281740087,0.11923018682589427,0.5758793181050251,True,True
B_low_sideband_Kst_signal,27.68,21.058516473670764,237.04815595883701,0.11618480783632176,0.5341577713152569,True,True
B_low_sideband_Kst_signal,27.7,21.073732164764458,233.89502153388275,0.11330397780504929,0.48947131765120966,True,True
B_low_sideband_Kst_signal,27.72,21.088947855858148,230.73845539416243,0.11062441313121898,0.4418559156266918,True,True
B_low_sideband_Kst_signal,27.740000000000002,21.104163546951842,227.63226665840466,0.10818157187807212,0.3914105832209544,True,True
B_low_sideband_Kst_signal,27.76,21.119379238045536,224.62232661944927,0.10600931880575903,0.33832089332763343,True,True
B_low_sideband_Kst_signal,27.78,21.13459492913923,221.74619106966884,0.10413816213154364,0.28285413118038655,True,True
B_low_sideband_Kst_signal,27.8,21.14981062023292,219.0328487637389,0.10259447305382625,0.22537051459440657,True,True
B_low_sideband_Kst_signal,27.82,21.16502631132661,216.5025960758412,0.10139918822609617,0.16631694289612578,True,True
B_low_sideband_Kst_signal,27.84,21.180242002420304,214.16703555117783,0.10056678915877693,0.10621910941725156,True,True
B_low_sideband_Kst_signal,27.86,21.195457693513998,212.02919367981121,0.10010426798310584,0.04564591223913973,True,True
B_low_sideband_Kst_signal,27.88,21.21067338460769,210.08375127735053,0.10001097051321362,-0.01481182660768781,True,True
B_low_sideband_Kst_signal,27.900000000000002,21.225889075701385,208.31737761797694,0.10027857706119196,-0.0745562720366842,True,True
B_low_sideband_Kst_signal,27.92,21.24110476679508,206.70915895325652,0.10089159122352669,-0.13304260808587343,True,True
B_low_sideband_Kst_signal,27.94,21.256320457888773,205.23110980115553,0.10182816822505997,-0.18977588137220539,True,True
B_low_sideband_Kst_signal,27.96,21.271536148982463,203.84875535790525,0.10306144485806505,-0.24434928341040185,True,True
B_low_sideband_Kst_signal,27.98,21.286751840076153,202.52177299628875,0.10456057021545535,-0.29643665997278723,True,True
B_low_sideband_Kst_signal,28.0,21.301967531169847,201.20468047869235,0.1062924637400536,-0.34581216291515815,True,True
B_low_sideband_Kst_signal,28.02,21.31718322226354,199.84755898255162,0.10822279945309098,-0.3923326124966358,True,True
B_low_sideband_Kst_signal,28.04,21.332398913357235,198.39679946076512,0.11031647634110808,-0.4359177630945946,True,True
B_low_sideband_Kst_signal,28.06,21.347614604450925,196.7958632383743,0.1125412429027791,-0.4765928146453735,True,True
B_low_sideband_Kst_signal,28.080000000000002,21.36283029554462,194.98604268842382,0.11486261414007569,-0.5143650244630196,True,True
B_low_sideband_Kst_signal,28.1,21.378045986638313,192.94796607496482,0.11581146423760856,-0.5571520750434823,False,True
B_low_sideband_Kst_signal,28.12,21.393261677732006,190.91590400577343,0.1151882439251658,-0.6080097268431784,False,True
B_low_sideband_Kst_signal,28.14,21.408477368825697,188.94136109618648,0.1145787311338166,-0.6590336750263799,False,True
B_low_sideband_Kst_signal,28.16,21.423693059919387,187.02863088571758,0.11398452492252911,-0.7102195140644136,False,True
B_low_sideband_Kst_signal,28.18,21.43890875101308,185.18175314023665,0.11340717425518278,-0.7615572084933449,False,True
B_low_sideband_Kst_signal,28.2,21.454124442106774,183.40448143990307,0.11284830782752882,-0.8130390834076522,False,True
B_low_sideband_Kst_signal,28.22,21.46934013320047,181.70025222745744,0.11230914429356677,-0.864654556738164,False,True
B_low_sideband_Kst_signal,28.240000000000002,21.484555824294162,180.07215572499672,0.11179159324354652,-0.9164004634148509,False,True
B_low_sideband_Kst_signal,28.26,21.499771515387856,178.52290905750897,0.11129657222447292,-0.9682629761726046,False,True
B_low_sideband_Kst_signal,28.28,21.51498720648155,177.05483228346566,0.11082492178047239,-1.0202246457365198,False,True
B_low_sideband_Kst_signal,28.3,21.530202897575236,175.6698274190826,0.1103782308397112,-1.0722689247840145,False,True
B_low_sideband_Kst_signal,28.32,21.54541858866893,174.3693609321922,0.10995677361261236,-1.1243792584281596,False,True
B_low_sideband_Kst_signal,28.34,21.560634279762624,173.1350579851396,0.10849142797486643,-1.1725224548827646,True,True
B_low_sideband_Kst_signal,28.36,21.575849970856318,171.90654644189317,0.10648706612423664,-1.219947119120966,True,True
B_low_sideband_Kst_signal,28.38,21.59106566195001,170.7140085365154,0.10471384115462914,-1.2696044618669748,True,True
B_low_sideband_Kst_signal,28.400000000000002,21.606281353043702,169.59091068545604,0.10319627240733398,-1.321260879794442,True,True
B_low_sideband_Kst_signal,28.42,21.621497044137396,168.56400313247423,0.1019561519550266,-1.374592984455352,True,True
B_low_sideband_Kst_signal,28.44,21.63671273523109,167.65314704070852,0.10101069628413141,-1.4292155015945958,True,True
B_low_sideband_Kst_signal,28.46,21.65192842632478,166.8712433894848,0.10037183880953421,-1.4846928712469833,True,True
B_low_sideband_Kst_signal,28.48,21.667144117418474,166.2242607884641,0.10004572939004844,-1.5405599346920014,True,True
B_low_sideband_Kst_signal,28.5,21.682359808512164,165.71135747258268,0.1000325998353693,-1.596327085337638,True,True
B_low_sideband_Kst_signal,28.52,21.697575499605858,165.32509082392153,0.10032666959885723,-1.6515159397190067,True,True
B_low_sideband_Kst_signal,28.54,21.71279119069955,165.05170685611438,0.1009165515466399,-1.7056744428973607,True,True
B_low_sideband_Kst_signal,28.56,21.728006881793245,164.87150042826943,0.10178586350739717,-1.758396154270151,True,True
B_low_sideband_Kst_signal,28.580000000000002,21.74322257288694,164.75923670124666,0.10291396024764227,-1.809330036351659,True,True
B_low_sideband_Kst_signal,28.6,21.758438263980633,164.68462356120835,0.10427716218223526,-1.8582011218511592,True,True
B_low_sideband_Kst_signal,28.62,21.773653955074327,164.61282536329463,0.10584917129248256,-1.9047905224330253,True,True
B_low_sideband_Kst_signal,28.64,21.788869646168013,164.51796832148875,0.10672285723794409,-1.9524159635452192,False,True
B_low_sideband_Kst_signal,28.66,21.804085337261707,164.45557518502437,0.10670204996002333,-2.002939457969193,False,True
B_low_sideband_Kst_signal,28.68,21.8193010283554,164.43407332902325,0.10669637380040695,-2.0532419924379446,False,True
B_low_sideband_Kst_signal,28.7,21.834516719449095,164.4485993349981,0.10670240837738673,-2.1033180967885756,False,True
B_low_sideband_Kst_signal,28.72,21.84973241054279,164.49426267489844,0.10671914771494298,-2.1531677959324975,False,True
B_low_sideband_Kst_signal,28.740000000000002,21.86494810163648,164.566181107572,0.1067447594690331,-2.202787248556429,False,True
B_low_sideband_Kst_signal,28.76,21.880163792730173,164.65951392111538,0.10677748309225384,-2.2521732639042322,False,True
B_low_sideband_Kst_signal,28.78,21.895379483823866,164.76949300784918,0.10681594201531777,-2.301326492865771,False,True
B_low_sideband_Kst_signal,28.8,21.910595174917557,164.89145135987155,0.10685848426489011,-2.3502469962412227,False,True
B_low_sideband_Kst_signal,28.82,21.92581086601125,165.02084897790292,0.10690343248752143,-2.3989344532315577,False,True
B_low_sideband_Kst_signal,28.84,21.94102655710494,165.1532960066006,0.10694970189046375,-2.44739244910927,False,True
B_low_sideband_Kst_signal,28.86,21.956242248198635,165.28457316286313,0.10699623264621082,-2.495635502055299,False,True
B_low_sideband_Kst_signal,28.88,21.97145793929233,165.41064930872335,0.10704136448111085,-2.543661637198011,False,True
B_low_sideband_Kst_signal,28.900000000000002,21.986673630386022,165.5276967280356,0.10708392927441254,-2.5914694202505117,False,True
B_low_sideband_Kst_signal,28.92,22.001889321479716,165.63210381826275,0.10712299669515632,-2.6390724564507395,False,True
B_low_sideband_Kst_signal,28.94,22.01710501257341,165.7204856509643,0.10715751551645651,-2.686471015870078,False,True
B_low_sideband_Kst_signal,28.96,22.032320703667096,165.78969252643083,0.10718631288354417,-2.733673739626387,False,True
B_low_sideband_Kst_signal,28.98,22.04753639476079,165.8354939746182,0.10692502428120504,-2.7797179379236696,True,True
B_low_sideband_Kst_signal,29.0,22.062752085854484,165.80250236850043,0.10533717556021822,-2.821901291263728,True,True
B_low_sideband_Kst_signal,29.02,22.077967776948178,165.68528851201563,0.10392606282669475,-2.865847324894016,True,True
B_low_sideband_Kst_signal,29.04,22.09318346804187,165.51158779616708,0.1027098832576169,-2.9113723155460494,True,True
B_low_sideband_Kst_signal,29.06,22.108399159135566,165.30454389052102,0.101705079453526,-2.958224207961733,True,True
B_low_sideband_Kst_signal,29.080000000000002,22.123614850229256,165.08254001979913,0.10092464788837442,-3.006124659183699,True,True
B_low_sideband_Kst_signal,29.1,22.13883054132295,164.85910254050532,0.10037822508937788,-3.0547552416231185,True,True
B_low_sideband_Kst_signal,29.12,22.154046232416643,164.64287471593434,0.10007153701165969,-3.1037787959509577,True,True
B_low_sideband_Kst_signal,29.14,22.169261923510334,164.43765768716185,0.10000633690509206,3.1303351490050684,True,True
B_low_sideband_Kst_signal,29.16,22.184477614604027,164.2425129153321,0.10018042431176842,3.081567083315521,True,True
B_low_sideband_Kst_signal,29.18,22.199693305697718,164.05192243358306,0.10058770327456942,3.0334409690804782,True,True
B_low_sideband_Kst_signal,29.2,22.21490899679141,163.85599872581497,0.10121859342748303,2.9862642268088355,True,True
B_low_sideband_Kst_signal,29.22,22.230124687885105,163.6407386958217,0.10206042171299701,2.940313992811926,True,True
B_low_sideband_Kst_signal,29.240000000000002,22.2453403789788,163.38831459254197,0.10309785525310296,2.8958309283678814,True,True
B_low_sideband_Kst_signal,29.26,22.260556070072493,163.07739497515877,0.1043136839198268,2.8530057565495053,True,True
B_low_sideband_Kst_signal,29.28,22.275771761166187,162.68348936475059,0.10568919801709169,2.8119883353813506,True,True
B_low_sideband_Kst_signal,29.3,22.290987452259873,162.19535605140345,0.10621696565504701,2.7691421673059335,False,True
B_low_sideband_Kst_signal,29.32,22.306203143353567,161.66670218103582,0.10605854634082029,2.724065316899946,False,True
B_low_sideband_Kst_signal,29.34,22.32141883444726,161.106193002503,0.10588894084481704,2.679030235233345,False,True
B_low_sideband_Kst_signal,29.36,22.336634525540955,160.51537229774203,0.10570826275219845,2.634031324510122,False,True
B_low_sideband_Kst_signal,29.38,22.35185021663465,159.89592975466348,0.1055178954135044,2.589057674237325,False,True
B_low_sideband_Kst_signal,29.400000000000002,22.367065907728342,159.24968229419846,0.10531814918176362,2.544104353034488,False,True
B_low_sideband_Kst_signal,29.42,22.382281598822033,158.5785541179689,0.1051093211762073,2.4991664680176657,False,True
B_low_sideband_Kst_signal,29.44,22.397497289915727,157.884555681042,0.1048924852651691,2.4542395483342068,False,True
B_low_sideband_Kst_signal,29.46,22.412712981009417,157.1697618520534,0.10466739449087711,2.409318950451809,False,True
B_low_sideband_Kst_signal,29.48,22.42792867210311,156.43628939552764,0.10443572206484555,2.3644007776869436,False,True
B_low_sideband_Kst_signal,29.5,22.443144363196804,155.6862741268651,0.10419678403561052,2.3194847252971966,False,True
B_low_sideband_Kst_signal,29.52,22.458360054290495,154.92184798813423,0.10395306714922427,2.2745668816098434,False,True
B_low_sideband_Kst_signal,29.54,22.47357574538419,154.145116206108,0.10370417702359969,2.229639482254124,False,True
B_low_sideband_Kst_signal,29.56,22.488791436477882,153.3581350668146,0.10345113072703596,2.1847116561165714,False,True
B_low_sideband_Kst_signal,29.580000000000002,22.504007127571576,152.5628903857937,0.10319429220950593,2.13977861314954,False,True
B_low_sideband_Kst_signal,29.6,22.51922281866527,151.76127705344106,0.10293496085776047,2.0948406119737863,False,True
B_low_sideband_Kst_signal,29.62,22.534438509758964,150.95507990048463,0.10267339574321087,2.0498995511546387,False,True
B_low_sideband_Kst_signal,29.64,22.54965420085265,150.14595617300665,0.10240970921996187,2.0049586888424837,False,True
B_low_sideband_Kst_signal,29.66,22.564869891946344,149.3354198268721,0.10214522666221654,1.9600186554585286,False,True
B_low_sideband_Kst_signal,29.68,22.580085583040038,148.52482788431143,0.10188026377537568,1.9150831727187496,False,True
B_low_sideband_Kst_signal,29.7,22.595301274133732,147.71536901571199,0.10161500401309305,1.8701595938194,False,True
B_low_sideband_Kst_signal,29.72,22.610516965227426,146.9080545183706,0.10135030542758604,1.8252453043933539,False,True
B_low_sideband_Kst_signal,29.740000000000002,22.62573265632112,146.10371179085178,0.1010861849038557,1.780348470414637,False,True
B_low_sideband_Kst_signal,29.76,22.64094834741481,145.3029804182538,0.10082270886447475,1.7354726298183325,False,True
B_low_sideband_Kst_signal,29.78,22.656164038508503,144.50631086120256,0.10056035541430103,1.690623840526164,False,True
B_low_sideband_Kst_signal,29.8,22.671379729602194,143.71396163525515,0.10028206687210266,1.6458170505602252,True,True
B_low_sideband_Kst_signal,29.82,22.686595420695888,142.92602397576547,0.10003925804213644,1.6010247530746835,True,True
B_low_sideband_Kst_signal,29.84,22.70181111178958,142.14238671233306,0.09978057499276176,1.5562810812844206,False,True
B_low_sideband_Kst_signal,29.86,22.71702680288327,141.36278660165317,0.09952237010903711,1.511585992357607,False,True
B_low_sideband_Kst_signal,29.88,22.732242493976965,140.58679805802467,0.09926635174148699,1.46696565498158,False,True
B_low_sideband_Kst_signal,29.900000000000002,22.74745818507066,139.8138519951899,0.09900923732039493,1.4223722100651635,False,True
B_low_sideband_Kst_signal,29.92,22.762673876164353,139.04324786859888,0.09875236784311647,1.37783512047336,False,True
B_low_sideband_Kst_signal,29.94,22.777889567258047,138.27417175569963,0.09849563514678909,1.3333564629251808,False,True
B_low_sideband_Kst_signal,29.96,22.793105258351734,137.50571323277654,0.09823811790745567,1.288938052826525,False,True
B_low_sideband_Kst_signal,29.98,22.808320949445427,136.73688377886538,0.09797981233623472,1.2445866427542651,False,True
B_low_sideband_Kst_signal,30.0,22.82353664053912,135.9666355659906,0.09772052686075428,1.2003030579010256,False,True
B_low_sideband_Kst_signal,30.02,22.838752331632815,135.19388068193575,0.09745910313331904,1.1560884991732794,False,True
B_low_sideband_Kst_signal,30.04,22.85396802272651,134.4175101917076,0.09719565215886103,1.1119399070360576,False,True
B_low_sideband_Kst_signal,30.060000000000002,22.869183713820203,133.63641291376325,0.09692958383693573,1.0678506957687286,False,True
B_low_sideband_Kst_signal,30.080000000000002,22.884399404913896,132.8494935786366,0.09665988958351114,1.0238295216597353,False,True
B_low_sideband_Kst_signal,30.1,22.899615096007587,132.0556901124487,0.0963862962990755,0.9798757731596902,False,True
B_low_sideband_Kst_signal,30.12,22.91483078710128,131.25398978680778,0.09610847858070452,0.9359846409557468,False,True
B_low_sideband_Kst_signal,30.14,22.93004647819497,130.4434440894247,0.09582645579069528,0.892152327160893,False,True
B_low_sideband_Kst_signal,30.16,22.945262169288664,129.62318247767462,0.09553998761653862,0.8483730610044278,False,True
B_low_sideband_Kst_signal,30.18,22.96047786038236,128.7924239623676,0.09524757520599338,0.8046122755941142,False,True
B_low_sideband_Kst_signal,30.2,22.97569355147605,127.95048774037696,0.09494917386606888,0.7609398449899947,False,True
B_low_sideband_Kst_signal,30.22,22.990909242569742,127.09680189465143,0.09464559387741053,0.7172924616073625,False,True
B_low_sideband_Kst_signal,30.240000000000002,23.006124933663436,126.23091080063386,0.09433605093938487,0.6736804827662941,False,True
B_low_sideband_Kst_signal,30.26,23.02134062475713,125.35248068465171,0.0940200546669819,0.6301010558148565,False,True
B_low_sideband_Kst_signal,30.28,23.036556315850824,124.46130395550472,0.09369809649083409,0.5865455666503506,False,True
B_low_sideband_Kst_signal,30.3,23.05177200694451,123.55730214629875,0.09336972316907947,0.54300947212145,False,True
B_low_sideband_Kst_signal,30.32,23.066987698038204,122.64052764078497,0.0930350361600318,0.4994905806294329,False,True
B_low_sideband_Kst_signal,30.34,23.082203389131898,121.71116429893391,0.09269409647292338,0.4559776968207786,False,True
B_low_sideband_Kst_signal,30.36,23.097419080225592,120.7695271237285,0.09234689536603782,0.41246980363532904,False,True
B_low_sideband_Kst_signal,30.38,23.112634771319286,119.81606106362324,0.09199369868339832,0.3689584558883448,False,True
B_low_sideband_Kst_signal,30.400000000000002,23.12785046241298,118.85133907626641,0.09163459127799832,0.32543648846699397,False,True
B_low_sideband_Kst_signal,30.42,23.143066153506673,117.87605953750926,0.09126975838968163,0.28189877365450877,False,True
B_low_sideband_Kst_signal,30.44,23.158281844600364,116.891043064124,0.09089963058285104,0.23834374747582937,False,True
B_low_sideband_Kst_signal,30.46,23.173497535694054,115.89722880986437,0.09052448417478304,0.1947561776771945,False,True
B_low_sideband_Kst_signal,30.48,23.188713226787748,114.89567026955774,0.09014434472585621,0.15114294840688616,False,True
B_low_sideband_Kst_signal,30.5,23.20392891788144,113.88753056330188,0.08975999707609421,0.10748857003843446,False,True
B_low_sideband_Kst_signal,30.52,23.219144608975135,112.8740772123283,0.08937035263179516,0.06378915931860761,False,True
B_low_sideband_Kst_signal,30.54,23.234360300068825,111.85667667713506,0.08897837962396135,0.020043537914636828,False,True
B_low_sideband_Kst_signal,30.560000000000002,23.24957599116252,110.83678769868811,0.08858360233591561,-0.023755401517136232,False,True
B_low_sideband_Kst_signal,30.580000000000002,23.264791682256213,109.81595472838717,0.08818627435144588,-0.06761572747807726,False,True
B_low_sideband_Kst_signal,30.6,23.280007373349907,108.79580036386142,0.08778697415187028,-0.11154086709538555,False,True
B_low_sideband_Kst_signal,30.62,23.295223064443597,107.77801724463643,0.08738660122814698,-0.15553406061449362,False,True
B_low_sideband_Kst_signal,30.64,23.310438755537287,106.76435912676743,0.08698533980923463,-0.19960195421957877,False,True
B_low_sideband_Kst_signal,30.66,23.32565444663098,105.75663133841408,0.08658393816965534,-0.24374377803490757,False,True
B_low_sideband_Kst_signal,30.68,23.340870137724675,104.75668032359135,0.08618514233828857,-0.2879501348434559,False,True
B_low_sideband_Kst_signal,30.7,23.35608582881837,103.76638308788097,0.08578627058671862,-0.3322617860221143,False,True
B_low_sideband_Kst_signal,30.72,23.371301519912063,102.7876345786849,0.08538924112975688,-0.37665369840639207,False,True
B_low_sideband_Kst_signal,30.740000000000002,23.386517211005756,101.82233590305623,0.0849960018290508,-0.4211375828569749,False,True
B_low_sideband_Kst_signal,30.76,23.40173290209945,100.87238107510984,0.08460661077195991,-0.46570777166405986,False,True
B_low_sideband_Kst_signal,30.78,23.41694859319314,99.93964351327759,0.08422218853692294,-0.5103672861491345,False,True
B_low_sideband_Kst_signal,30.8,23.43216428428683,99.02596200985226,0.08384335020771472,-0.5551132119702438,False,True
B_low_sideband_Kst_signal,30.82,23.447379975380525,98.13312650804801,0.08347147295139064,-0.5999471349636621,False,True
B_low_sideband_Kst_signal,30.84,23.46259566647422,97.26286361486973,0.08310656704020478,-0.6448670575028901,False,True
B_low_sideband_Kst_signal,30.86,23.477811357567912,96.41682217492416,0.08275025582418231,-0.6898638475843397,False,True
B_low_sideband_Kst_signal,30.88,23.493027048661602,95.59655891999682,0.08240268800445946,-0.7349423783027429,False,True
B_low_sideband_Kst_signal,30.900000000000002,23.508242739755296,94.80352442419462,0.08206518576457927,-0.7800929142225248,False,True
B_low_sideband_Kst_signal,30.92,23.52345843084899,94.03904953141728,0.08173840557666028,-0.825306397073019,False,True
B_low_sideband_Kst_signal,30.94,23.538674121942684,93.30433233497615,0.0814234483060982,-0.8705973430023421,False,True
B_low_sideband_Kst_signal,30.96,23.553889813036374,92.60042635092714,0.08111914140176121,-0.9159038190434682,False,True
B_low_sideband_Kst_signal,30.98,23.569105504130064,91.92822863503989,0.0808282896773669,-0.961267546941554,False,True
B_low_sideband_Kst_signal,31.0,23.584321195223758,91.28847035534363,0.08055038182845276,-1.0066644956430633,False,True
B_low_sideband_Kst_signal,31.02,23.599536886317452,90.68170759553868,0.08028624263088956,-1.0520804429788986,False,True
B_low_sideband_Kst_signal,31.04,23.614752577411146,90.10831395147852,0.08003562722239703,-1.0975054843679395,False,True
B_low_sideband_Kst_signal,31.060000000000002,23.62996826850484,89.56847454755643,0.07979934786058285,-1.1429264016689837,False,True
B_low_sideband_Kst_signal,31.080000000000002,23.645183959598533,89.06218165530208,0.07957724414892799,-1.188331339658668,False,True
B_low_sideband_Kst_signal,31.1,23.660399650692227,88.58923198926277,0.07936968130573636,-1.2337090404637518,False,True
B_low_sideband_Kst_signal,31.12,23.675615341785914,88.1492257345476,0.07917637796917167,-1.2790411903534253,False,True
B_low_sideband_Kst_signal,31.14,23.690831032879608,87.74156735539327,0.07899688239977529,-1.3243177834071778,False,True
B_low_sideband_Kst_signal,31.16,23.7060467239733,87.36546820910735,0.0788317758138857,-1.369527418646364,False,True
B_low_sideband_Kst_signal,31.18,23.721262415066995,87.01995094611766,0.0786798144915033,-1.414657423231388,False,True
B_low_sideband_Kst_signal,31.2,23.73647810616069,86.70385566758614,0.07854121390039334,-1.45969003138665,False,True
B_low_sideband_Kst_signal,31.22,23.75169379725438,86.41584777455364,0.07841448695478946,-1.504618956752034,False,True
B_low_sideband_Kst_signal,31.240000000000002,23.766909488348073,86.15442770073196,0.07830024156500599,-1.5494226372293889,False,True
B_low_sideband_Kst_signal,31.26,23.782125179441767,85.91794164892099,0.07819723098818593,-1.5941012966651853,False,True
B_low_sideband_Kst_signal,31.28,23.79734087053546,85.70459436354395,0.0781045695831335,-1.6386373162269847,False,True
B_low_sideband_Kst_signal,31.3,23.81255656162915,85.5124628572803,0.07802135076666002,-1.6830249720249313,False,True
B_low_sideband_Kst_signal,31.32,23.82777225272284,85.33951135955795,0.07794648545183358,-1.7272552184363263,False,True
B_low_sideband_Kst_signal,31.34,23.842987943816535,85.18360729618644,0.07787908950962215,-1.7713194474057696,False,True
B_low_sideband_Kst_signal,31.36,23.85820363491023,85.04253798060927,0.07781793942884076,-1.8152158193799093,False,True
B_low_sideband_Kst_signal,31.38,23.873419326003923,84.91402802521361,0.07776242184061793,-1.8589321933966374,False,True
B_low_sideband_Kst_signal,31.400000000000002,23.888635017097616,84.7957570440226,0.0777111888273197,-1.902473593115822,False,True
B_low_sideband_Kst_signal,31.42,23.90385070819131,84.68537768270016,0.07766185880123007,-1.9458408362023651,False,True
B_low_sideband_Kst_signal,31.44,23.919066399285004,84.58053360836266,0.07761722697751883,-1.9889852539326127,False,True
B_low_sideband_Kst_signal,31.46,23.93428209037869,84.47887769877752,0.0775712011798285,-2.031988659432015,False,True
B_low_sideband_Kst_signal,31.48,23.949497781472385,84.37808886495077,0.07752501741458617,-2.0748083998572886,False,True
B_low_sideband_Kst_signal,31.5,23.96471347256608,84.27588967346219,0.07747741455162421,-2.1174463314275345,False,True
B_low_sideband_Kst_signal,31.52,23.979929163659772,84.17006250808345,0.07742732085390572,-2.159916474336065,False,True
B_low_sideband_Kst_signal,31.54,23.995144854753466,84.0584650608248,0.07737415062376612,-2.202212581568638,False,True
B_low_sideband_Kst_signal,31.560000000000002,24.010360545847156,83.93904505823048,0.07731650791617153,-2.2443437067898526,False,True
B_low_sideband_Kst_signal,31.580000000000002,24.02557623694085,83.80985385915255,0.07725341855934412,-2.2863236768459037,False,True
B_low_sideband_Kst_signal,31.6,24.040791928034544,83.66905899304493,0.07718434574889868,-2.328143428008452,False,True
B_low_sideband_Kst_signal,31.62,24.056007619128234,83.51495560435114,0.07710843066341508,-2.3698296042064473,False,True
B_low_sideband_Kst_signal,31.64,24.071223310221928,83.3459766764604,0.07702504253146873,-2.4113732120830775,False,True
B_low_sideband_Kst_signal,31.66,24.086439001315618,83.16070212301065,0.07693327710908457,-2.452786253708081,False,True
B_low_sideband_Kst_signal,31.68,24.101654692409312,82.95786667870107,0.07683274875071813,-2.4940930219982427,False,True
B_low_sideband_Kst_signal,31.7,24.116870383503006,82.73636662481067,0.07672312121467414,-2.5352943799391556,False,True
B_low_sideband_Kst_signal,31.72,24.132086074596696,82.4952653989626,0.0766025749446253,-2.5763969830011106,False,True
B_low_sideband_Kst_signal,31.740000000000002,24.147301765690393,82.23379813777592,0.07647362864365648,-2.617411699756399,False,True
B_low_sideband_Kst_signal,31.76,24.162517456784087,81.95137501365616,0.07633355638045669,-2.6583568680248026,False,True
B_low_sideband_Kst_signal,31.78,24.17773314787778,81.64758378057468,0.07618312034564197,-2.699239614298793,False,True
B_low_sideband_Kst_signal,31.8,24.192948838971468,81.32219116642136,0.0760216234258188,-2.7400752412967386,False,True
B_low_sideband_Kst_signal,31.82,24.20816453006516,80.97514338085693,0.07584966774378793,-2.780866755936168,False,True
B_low_sideband_Kst_signal,31.84,24.223380221158855,80.60656572549351,0.0756668312788709,-2.8216366369976122,False,True
B_low_sideband_Kst_signal,31.86,24.23859591225255,80.21676129289153,0.07547361488976889,-2.8623899344796695,False,True
B_low_sideband_Kst_signal,31.88,24.253811603346243,79.8062088170418,0.07526983860207062,-2.9031445433168894,False,True
B_low_sideband_Kst_signal,31.900000000000002,24.269027294439933,79.37555965736647,0.07505625270643015,-2.943911495117615,False,True
B_low_sideband_Kst_signal,31.92,24.284242985533627,78.92563393586852,0.07483264482708732,-2.984702565157917,False,True
B_low_sideband_Kst_signal,31.94,24.29945867662732,78.45741582678829,0.07459934230929471,-3.0255212963820606,False,True
B_low_sideband_Kst_signal,31.96,24.31467436772101,77.97204800998406,0.07435734289393763,-3.0663926911632444,False,True
B_low_sideband_Kst_signal,31.98,24.329890058814705,77.47082519367859,0.07410669403860537,-3.1073247336579306,False,True
B_low_sideband_Kst_signal,32.0,24.345105749908395,76.95518702142544,0.07384869501257967,3.134856537216873,False,True
B_high_sideband_Kst_signal,6.0,4.564707328107824,120.31724830914209,0.10955403324144894,-2.67837571759543,True,True
B_high_sideband_Kst_signal,6.02,4.579923019201517,118.69177304219193,0.1091037174345105,-2.730185607947914,True,True
B_high_sideband_Kst_signal,6.04,4.59513871029521,117.08553734741099,0.10709486901652131,-2.775551317423034,True,True
B_high_sideband_Kst_signal,6.06,4.610354401388903,115.48697083674142,0.10530785920536852,-2.822743291774388,True,True
B_high_sideband_Kst_signal,6.08,4.6255700924825955,113.91832804631076,0.10375846668928572,-2.871614679366458,True,True
B_high_sideband_Kst_signal,6.1,4.640785783576288,112.39721406347553,0.10246168263856674,-2.9219464754308198,True,True
B_high_sideband_Kst_signal,6.12,4.656001474669981,110.93678390945388,0.10142651020146293,-2.973678608102187,True,True
B_high_sideband_Kst_signal,6.14,4.671217165763673,109.54590667585535,0.10066699140294921,-3.02641409055404,True,True
B_high_sideband_Kst_signal,6.16,4.686432856857366,108.2293331915248,0.10019042564741207,-3.079928408697095,True,True
B_high_sideband_Kst_signal,6.18,4.701648547951058,106.98781731978079,0.10000294203477243,-3.133921978724432,True,True
B_high_sideband_Kst_signal,6.2,4.716864239044752,105.81821482712257,0.10010807039461272,3.0951226293738427,True,True
B_high_sideband_Kst_signal,6.22,4.732079930138445,104.71354913060986,0.1005065016025528,3.041156311905119,True,True
B_high_sideband_Kst_signal,6.24,4.747295621232137,103.66304517954404,0.10119596264740394,2.9876989468107604,True,True
B_high_sideband_Kst_signal,6.26,4.76251131232583,102.65213328390337,0.10217108714834243,2.9350728618016464,True,True
B_high_sideband_Kst_signal,6.28,4.777727003419523,101.66242687085969,0.10342332453080064,2.883583534030734,True,True
B_high_sideband_Kst_signal,6.3,4.792942694513216,100.6716808193396,0.10494093557469136,2.8335108691093622,True,True
B_high_sideband_Kst_signal,6.32,4.808158385606908,99.65566596443796,0.10627773286150319,2.7845805975497457,True,True
B_high_sideband_Kst_signal,6.34,4.823374076700601,98.6415108814931,0.10627204768269484,2.734701592375304,True,True
B_high_sideband_Kst_signal,6.36,4.838589767794295,97.64630192895902,0.10628768961777454,2.6850064172710177,True,True
B_high_sideband_Kst_signal,6.38,4.853805458887987,96.66852785759193,0.106326428291879,2.6354930774488423,True,True
B_high_sideband_Kst_signal,6.4,4.86902114998168,95.70696422525862,0.10638748358443295,2.5861541773196994,True,True
B_high_sideband_Kst_signal,6.42,4.884236841075372,94.7606771487367,0.10647505691332197,2.536978041522764,True,True
B_high_sideband_Kst_signal,6.44,4.899452532169065,93.8290184321404,0.10658903632208748,2.4879635745587985,True,True
B_high_sideband_Kst_signal,6.46,4.914668223262757,92.91161280793449,0.10673201772200093,2.4391049602121044,True,True
B_high_sideband_Kst_signal,6.48,4.92988391435645,92.00833802665557,0.10690699888407658,2.390397944418219,True,True
B_high_sideband_Kst_signal,6.5,4.945099605450143,91.11929896231777,0.10711699843525838,2.341838834748626,True,True
B_high_sideband_Kst_signal,6.52,4.960315296543835,90.24479740074321,0.10736490403195259,2.293408678469323,True,True
B_high_sideband_Kst_signal,6.54,4.975530987637528,89.38529810278987,0.10765947059382712,2.2451173637829442,True,True
B_high_sideband_Kst_signal,6.5600000000000005,4.990746678731222,88.54139255687733,0.10799788649529013,2.1969532305588535,True,True
B_high_sideband_Kst_signal,6.58,5.005962369824914,87.71376350314858,0.10838716615072869,2.1489238657912173,True,True
B_high_sideband_Kst_signal,6.6,5.021178060918606,86.90314848486469,0.10883129536291743,2.1010295652523565,True,True
B_high_sideband_Kst_signal,6.62,5.0363937520123,86.1103058834351,0.10933651290152169,2.0532596902520055,True,True
B_high_sideband_Kst_signal,6.64,5.051609443105992,85.3359830891286,0.10990652275287845,2.0056385714614136,True,True
B_high_sideband_Kst_signal,6.66,5.066825134199685,84.54409905739521,0.10837428189495689,1.966493287327949,True,True
B_high_sideband_Kst_signal,6.68,5.082040825293378,83.69037156824197,0.10671093483067037,1.9273334682159626,True,True
B_high_sideband_Kst_signal,6.7,5.09725651638707,82.79305984630582,0.10521681367691235,1.8870139296172872,True,True
B_high_sideband_Kst_signal,6.72,5.112472207480764,81.86836572980474,0.1038983352322208,1.8455969111225456,True,True
B_high_sideband_Kst_signal,6.74,5.1276878985744565,80.9300238553974,0.10276153585198704,1.8031515556189803,True,True
B_high_sideband_Kst_signal,6.76,5.1429035896681485,79.98957277481895,0.10181261238956683,1.7597751411689437,True,True
B_high_sideband_Kst_signal,6.78,5.158119280761842,79.05660705332139,0.10105625359792694,1.715505647177831,True,True
B_high_sideband_Kst_signal,6.8,5.173334971855534,78.13900839069402,0.10049842157315392,1.6704316758986024,True,True
B_high_sideband_Kst_signal,6.82,5.188550662949227,77.24315617280126,0.10014544011962359,1.6246969881170312,True,True
B_high_sideband_Kst_signal,6.84,5.20376635404292,76.37412065910848,0.10000281093799006,1.5782941560098926,True,True
B_high_sideband_Kst_signal,6.86,5.218982045136613,75.53583337796499,0.1000774790076568,1.5314443215761486,True,True
B_high_sideband_Kst_signal,6.88,5.234197736230305,74.73124338280195,0.10037644233932834,1.4841631676215048,True,True
B_high_sideband_Kst_signal,6.9,5.249413427323999,73.9624558377036,0.10090725373327393,1.4365989217299768,True,True
B_high_sideband_Kst_signal,6.92,5.264629118417691,73.23085587529113,0.10167748703909735,1.388897003479997,True,True
B_high_sideband_Kst_signal,6.94,5.279844809511384,72.53721263488706,0.10269734711405555,1.341097393935965,True,True
B_high_sideband_Kst_signal,6.96,5.295060500605076,71.88178294267937,0.10397835190072176,1.2932792755686968,True,True
B_high_sideband_Kst_signal,6.98,5.31027619169877,71.26439147771725,0.10553232571258796,1.2455653755940141,True,True
B_high_sideband_Kst_signal,7.0,5.325491882792462,70.68450724976901,0.10737327551677883,1.198049241806414,True,True
B_high_sideband_Kst_signal,7.02,5.340707573886154,70.14130839207019,0.109517894523862,1.1508057709538249,True,True
B_high_sideband_Kst_signal,7.04,5.355923264979847,69.63373923794052,0.11198564171457463,1.1039044834729792,True,True
B_high_sideband_Kst_signal,7.0600000000000005,5.3711389560735405,69.16055990789937,0.11479850200244045,1.0574204390669995,True,True
B_high_sideband_Kst_signal,7.08,5.386354647167233,68.72038917450072,0.11798143488449558,1.0114289456713281,True,True
B_high_sideband_Kst_signal,7.1,5.401570338260925,68.2130867144524,0.12041779855639222,0.9799006406966531,True,True
B_high_sideband_Kst_signal,7.12,5.416786029354618,67.36874749842582,0.12241554147892061,0.9559979199979751,True,True
B_high_sideband_Kst_signal,7.140000000000001,5.432001720448311,66.1409045921796,0.12428651871066956,0.9349889115175116,True,True
B_high_sideband_Kst_signal,7.16,5.447217411542003,64.5128334737733,0.12531807276481688,0.9125344585942329,True,True
B_high_sideband_Kst_signal,7.18,5.462433102635697,62.677626891967975,0.1243698945366506,0.8798222497182704,True,True
B_high_sideband_Kst_signal,7.2,5.477648793729389,60.71633540905441,0.12337875475613769,0.8476888192703448,True,True
B_high_sideband_Kst_signal,7.22,5.492864484823082,58.631882129678615,0.122345146120524,0.8161256957755395,True,True
B_high_sideband_Kst_signal,7.24,5.508080175916774,56.427702123092786,0.12127561817502742,0.7851605371668213,True,True
B_high_sideband_Kst_signal,7.26,5.523295867010468,54.10768855303513,0.12017005752943169,0.7547951768313392,True,True
B_high_sideband_Kst_signal,7.28,5.538511558104161,51.67613864406076,0.1190298117760702,0.7249865303186088,True,True
B_high_sideband_Kst_signal,7.3,5.553727249197853,49.13769800786804,0.11785823525122431,0.6957572403887966,True,True
B_high_sideband_Kst_signal,7.32,5.568942940291547,46.49730472409237,0.11665811467719442,0.6670930360513379,True,True
B_high_sideband_Kst_signal,7.34,5.584158631385239,43.760134273627045,0.11543232965359547,0.6390014750032328,True,True
B_high_sideband_Kst_signal,7.36,5.599374322478932,40.93154575955032,0.11418366745811438,0.6114663761596872,True,True
B_high_sideband_Kst_signal,7.38,5.614590013572624,38.017030012667874,0.11291385326619915,0.5844904996391563,True,True
B_high_sideband_Kst_signal,7.4,5.6298057046663175,35.02216002760042,0.11162702294121608,0.5580441223134609,True,True
B_high_sideband_Kst_signal,7.42,5.6450213957600095,31.95254421520667,0.11032471922791867,0.5321180786722302,True,True
B_high_sideband_Kst_signal,7.4399999999999995,5.6602370868537015,28.8137829694042,0.10900996235647922,0.5067203091423323,True,True
B_high_sideband_Kst_signal,7.46,5.675452777947395,25.611428414038983,0.10768466159423644,0.4818030979419992,True,True
B_high_sideband_Kst_signal,7.48,5.690668469041088,22.350948465460533,0.1063509560649793,0.45736290572334526,True,True
B_high_sideband_Kst_signal,7.5,5.70588416013478,19.03769469062263,0.10501199333260876,0.43337612221361055,True,True
B_high_sideband_Kst_signal,7.52,5.721099851228472,15.676874752655294,0.10366839764941527,0.4097932448715715,True,True
B_high_sideband_Kst_signal,7.54,5.736315542322166,12.273529525911727,0.10232028898917929,0.3866038378991079,True,True
B_high_sideband_Kst_signal,7.5600000000000005,5.751531233415859,8.832515007892653,0.10097147862709555,0.3638001223914858,True,True
B_high_sideband_Kst_signal,7.58,5.766746924509551,5.358488409487109,0.09962321616418601,0.34136176818413044,True,True
B_high_sideband_Kst_signal,7.6,5.781962615603243,1.855905523914771,0.09827286273919321,0.3191050200667419,True,True
B_high_sideband_Kst_signal,7.62,5.797178306696937,1.9250436877746324,0.14142135623730953,-2.356194490192345,True,True
B_high_sideband_Kst_signal,7.640000000000001,5.81239399779063,5.681191606656284,0.14142135623730953,-2.356194490192345,True,True
B_high_sideband_Kst_signal,7.66,5.827609688884322,9.005337307250102,0.12995670995291123,-2.448833861736762,True,True
B_high_sideband_Kst_signal,7.68,5.842825379978016,12.196053995829516,0.10530685940854363,-2.822772053274088,True,True
B_high_sideband_Kst_signal,7.7,5.858041071071708,15.385035343555955,0.1001365607333667,-3.089361339744349,True,True
B_high_sideband_Kst_signal,7.72,5.873256762165401,18.56251216986493,0.10078792227896119,3.016470048596079,True,True
B_high_sideband_Kst_signal,7.74,5.8884724532590935,21.71906642307067,0.10308009410341921,2.8965188025020967,True,True
B_high_sideband_Kst_signal,7.76,5.903688144352786,24.845573778880862,0.1057135901380361,2.8113144904353398,True,True
B_high_sideband_Kst_signal,7.78,5.9189038354464785,27.928670125056215,0.10734219883007351,2.769586655911705,True,True
B_high_sideband_Kst_signal,7.8,5.934119526540172,30.933897786438592,0.10798050957808607,2.7547187786317937,True,True
B_high_sideband_Kst_signal,7.82,5.949335217633865,33.8536597840457,0.10866478677410027,2.739544103525199,True,True
B_high_sideband_Kst_signal,7.84,5.964550908727557,36.68525990997432,0.10939248226508731,2.724176792702458,True,True
B_high_sideband_Kst_signal,7.86,5.979766599821251,39.4257427412449,0.11016739446280968,2.7085891669882267,True,True
B_high_sideband_Kst_signal,7.88,5.994982290914943,42.071860056987134,0.11098529653426913,2.692912148988177,True,True
B_high_sideband_Kst_signal,7.9,6.010197982008636,44.62003592401243,0.11185069664928146,2.6771000280147357,True,True
B_high_sideband_Kst_signal,7.92,6.025413673102328,47.066326797845704,0.11276150869862799,2.661230087912908,True,True
B_high_sideband_Kst_signal,7.9399999999999995,6.04062936419602,49.40637980377505,0.11371913574948384,2.6453116679705615,True,True
B_high_sideband_Kst_signal,7.96,6.055845055289714,51.63538626791842,0.11472359089390502,2.6293761192663507,True,True
B_high_sideband_Kst_signal,7.98,6.071060746383407,53.74803131717681,0.11577638608097308,2.613429081994183,True,True
B_high_sideband_Kst_signal,8.0,6.086276437477099,55.73843927779353,0.11687873961347088,2.59748121082388,True,True
B_high_sideband_Kst_signal,8.02,6.101492128570792,57.60011395795664,0.11803070463335635,2.5815588764655533,True,True
B_high_sideband_Kst_signal,8.04,6.116707819664484,59.325874399993154,0.11923327566142426,2.5656734383197164,True,True
B_high_sideband_Kst_signal,8.06,6.1319235107581775,60.90778403591594,0.12048734499799547,2.5498371079631874,True,True
B_high_sideband_Kst_signal,8.08,6.1471392018518705,62.33707555812407,0.12179429693094847,2.534055660740352,True,True
B_high_sideband_Kst_signal,8.1,6.1623548929455625,63.604068761033886,0.12315267176167802,2.5183674116675983,True,True
B_high_sideband_Kst_signal,8.120000000000001,6.177570584039256,64.69808269300302,0.12456480624430608,2.5027644036278804,True,True
B_high_sideband_Kst_signal,8.14,6.192786275132949,65.60734147410903,0.12602927469054162,2.4872799941623613,True,True
B_high_sideband_Kst_signal,8.16,6.208001966226641,66.31887379744148,0.1275480950957336,2.4719088512671963,True,True
B_high_sideband_Kst_signal,8.18,6.223217657320333,66.85324930074512,0.1278476532077432,2.4375059473450857,True,True
B_high_sideband_Kst_signal,8.2,6.238433348414026,67.25357293817888,0.1280153871982749,2.4013961317192636,True,True
B_high_sideband_Kst_signal,8.22,6.25364903950772,67.52082648094301,0.12817665735001382,2.3653952895749564,True,True
B_high_sideband_Kst_signal,8.24,6.268864730601412,67.65579775873448,0.12829939000417656,2.3295315599096793,True,True
B_high_sideband_Kst_signal,8.26,6.284080421695105,67.65936389674971,0.12840087803683467,2.2937515091404466,True,True
B_high_sideband_Kst_signal,8.280000000000001,6.299296112788799,67.53264331839182,0.12832895586677198,2.2581747128981497,False,True
B_high_sideband_Kst_signal,8.3,6.314511803882491,67.34018008659405,0.1253931572855332,2.225632231003815,False,True
B_high_sideband_Kst_signal,8.32,6.329727494976183,67.13406546045053,0.12264261004733282,2.193125502283404,False,True
B_high_sideband_Kst_signal,8.34,6.344943186069876,66.91321369243997,0.12005196971805654,2.1606372113467303,False,True
B_high_sideband_Kst_signal,8.36,6.360158877163569,66.67656002160038,0.11761317715200646,2.1281849423440407,False,True
B_high_sideband_Kst_signal,8.379999999999999,6.375374568257261,66.42306955660479,0.11531017532775022,2.095746698072979,False,True
B_high_sideband_Kst_signal,8.4,6.3905902593509545,66.15174464662869,0.1131246108066506,2.063228450927023,False,True
B_high_sideband_Kst_signal,8.42,6.405805950444647,65.86163935371633,0.11106354708331409,2.030931744101978,False,True
B_high_sideband_Kst_signal,8.44,6.421021641538339,65.55185589641496,0.10909834181867469,1.998542263874682,False,True
B_high_sideband_Kst_signal,8.46,6.436237332632032,65.22156519368991,0.10722677981735709,1.9661525463046605,False,True
B_high_sideband_Kst_signal,8.48,6.451453023725726,64.8700089279696,0.10544016177152549,1.93376498513259,False,True
B_high_sideband_Kst_signal,8.5,6.466668714819418,64.49650851374963,0.10373064346918211,1.9013613457573113,False,True
B_high_sideband_Kst_signal,8.52,6.48188440591311,64.10047262152511,0.10209143423680013,1.868947386324423,False,True
B_high_sideband_Kst_signal,8.54,6.497100097006802,63.68140344700487,0.1005150650520768,1.8365108313549612,False,True
B_high_sideband_Kst_signal,8.56,6.512315788100497,63.238903179011686,0.09899832925180149,1.8040456784054755,False,True
B_high_sideband_Kst_signal,8.58,6.527531479194189,62.772679009381136,0.09753217329384745,1.7715620390047002,False,True
B_high_sideband_Kst_signal,8.6,6.542747170287881,62.28254763970017,0.09611712204371098,1.7390199509691588,False,True
B_high_sideband_Kst_signal,8.620000000000001,6.557962861381576,61.76843845126177,0.09474420247260251,1.7064437507226287,False,True
B_high_sideband_Kst_signal,8.64,6.573178552475268,61.23039613144783,0.09341049026817962,1.6738210039015244,False,True
B_high_sideband_Kst_signal,8.66,6.58839424356896,60.66858189648792,0.0921131763828308,1.64113954883839,False,True
B_high_sideband_Kst_signal,8.68,6.603609934662652,60.08327378262902,0.09084803412564707,1.6084111424604115,False,True
B_high_sideband_Kst_signal,8.7,6.618825625756346,59.47486587592584,0.08961360011930683,1.5756015832609396,False,True
B_high_sideband_Kst_signal,8.72,6.6340413168500385,58.84386639070681,0.08840438510209538,1.5427372146764113,False,True
B_high_sideband_Kst_signal,8.74,6.6492570079437305,58.190895007877316,0.08722109884708568,1.509803747010186,False,True
B_high_sideband_Kst_signal,8.76,6.664472699037424,57.516678799021975,0.08605926220438376,1.476795023336567,False,True
B_high_sideband_Kst_signal,8.780000000000001,6.679688390131117,56.822047762601414,0.08491801885819578,1.443715087238094,False,True
B_high_sideband_Kst_signal,8.8,6.694904081224809,56.10792644170306,0.08380658058768337,1.4104898593712731,False,True
B_high_sideband_Kst_signal,8.82,6.710119772318501,55.37534292343935,0.08268760864723541,1.3773064226726883,False,True
B_high_sideband_Kst_signal,8.84,6.725335463412195,54.625391236647374,0.08160231525368902,1.3439801406865226,False,True
B_high_sideband_Kst_signal,8.86,6.740551154505887,53.85925718514227,0.0805221065310454,1.310601632676498,False,True
B_high_sideband_Kst_signal,8.879999999999999,6.755766845599579,53.078191122259796,0.07945753220722565,1.2771331240110497,False,True
B_high_sideband_Kst_signal,8.9,6.770982536693274,52.28350783078804,0.07840629174444025,1.2435859685553063,False,True
B_high_sideband_Kst_signal,8.92,6.786198227786966,51.47657431346988,0.07735891827690457,1.209834505061842,False,True
B_high_sideband_Kst_signal,8.94,6.801413918880658,50.65881329106378,0.07634277524757485,1.1763889964197987,False,True
B_high_sideband_Kst_signal,8.96,6.816629609974351,49.831676835165126,0.07531933929231467,1.1425374092657972,False,True
B_high_sideband_Kst_signal,8.98,6.831845301068045,48.996652326799904,0.0743093937092601,1.108708067168474,False,True
B_high_sideband_Kst_signal,9.0,6.847060992161737,48.155253554456976,0.07331030571491345,1.0748392680104377,False,True
B_high_sideband_Kst_signal,9.02,6.862276683255429,47.309010643592046,0.07231873354370509,1.040908050307044,False,True
B_high_sideband_Kst_signal,9.04,6.877492374349121,46.45946228043249,0.07132770730274925,1.006797085201465,False,True
B_high_sideband_Kst_signal,9.06,6.8927080654428154,45.608158472554805,0.07036265550627889,0.9728765031897282,False,True
B_high_sideband_Kst_signal,9.08,6.9079237565365075,44.75663518493457,0.06939867910712076,0.9388161995820363,False,True
B_high_sideband_Kst_signal,9.1,6.9231394476301995,43.90642680275005,0.06844328768186904,0.904716581145866,False,True
B_high_sideband_Kst_signal,9.120000000000001,6.938355138723894,43.05905087749488,0.06749679140195329,0.8705719343570042,False,True
B_high_sideband_Kst_signal,9.14,6.953570829817586,42.21600409110761,0.06655924954255829,0.8364126178592649,False,True
B_high_sideband_Kst_signal,9.16,6.968786520911278,41.37875662624674,0.06563143127323268,0.8022260786432952,False,True
B_high_sideband_Kst_signal,9.18,6.98400221200497,40.54874674849498,0.06471370173959358,0.7680221041344604,False,True
B_high_sideband_Kst_signal,9.2,6.999217903098664,39.72737556111906,0.06380595472066909,0.7338103864660961,False,True
B_high_sideband_Kst_signal,9.22,7.014433594192357,38.916001960852554,0.06290930044917531,0.6995876656479162,False,True
B_high_sideband_Kst_signal,9.24,7.029649285286049,38.11593781140982,0.06202352552549222,0.6653684273166064,False,True
B_high_sideband_Kst_signal,9.26,7.044864976379742,37.32844334742913,0.06115033820876615,0.6311456816906651,False,True
B_high_sideband_Kst_signal,9.280000000000001,7.060080667473436,36.554722842750834,0.0602894577194253,0.596935348224508,False,True
B_high_sideband_Kst_signal,9.3,7.075296358567128,35.79592057746186,0.05944178859976169,0.5627421928963378,False,True
B_high_sideband_Kst_signal,9.32,7.090512049660821,35.05311713293486,0.058608304997309575,0.5285706011220244,False,True
B_high_sideband_Kst_signal,9.34,7.105727740754514,34.327326143666596,0.0577890744932491,0.49440936695365917,False,True
B_high_sideband_Kst_signal,9.36,7.120943431848206,33.61949132913014,0.056986011580288355,0.4602424615094604,False,True
B_high_sideband_Kst_signal,9.379999999999999,7.136159122941898,32.93048399438703,0.05619847518498356,0.42613815047988257,False,True
B_high_sideband_Kst_signal,9.4,7.1513748140355915,32.26110126468939,0.05542799878962947,0.3920613153168708,False,True
B_high_sideband_Kst_signal,9.42,7.166590505129284,31.612064552914035,0.05467535651119005,0.3580269347689316,False,True
B_high_sideband_Kst_signal,9.44,7.1818061962229764,30.984018709576503,0.0539409339972066,0.3240358642864743,False,True
B_high_sideband_Kst_signal,9.46,7.19702188731667,30.37753170711767,0.05322535828378896,0.2901025984542704,False,True
B_high_sideband_Kst_signal,9.48,7.212237578410363,29.793094888038468,0.05252962550190063,0.2562110224602968,False,True
B_high_sideband_Kst_signal,9.5,7.227453269504055,29.231123720237974,0.05185329742993899,0.22242196642600306,False,True
B_high_sideband_Kst_signal,9.52,7.242668960597747,28.691959363843125,0.0512002604818435,0.1886313953744139,False,True
B_high_sideband_Kst_signal,9.54,7.25788465169144,28.17586953435375,0.05056296790903181,0.15501178251068093,False,True
B_high_sideband_Kst_signal,9.56,7.273100342785134,27.683053233350165,0.04995146044618883,0.12140463502753687,False,True
B_high_sideband_Kst_signal,9.58,7.288316033878826,27.213640496261633,0.049363658632850936,0.08788107055930637,False,True
B_high_sideband_Kst_signal,9.6,7.303531724972519,26.767697032328215,0.0487987868139352,0.05445205056904043,False,True
B_high_sideband_Kst_signal,9.620000000000001,7.318747416066213,26.34522724656472,0.048253543041304824,0.021130165723955333,False,True
B_high_sideband_Kst_signal,9.64,7.333963107159905,25.946179814815878,0.047737528703300634,-0.012054971577277182,False,True
B_high_sideband_Kst_signal,9.66,7.349178798253598,25.570447793395033,0.047242952720196796,-0.04516250062898045,False,True
B_high_sideband_Kst_signal,9.68,7.36439448934729,25.217876182499367,0.04677257113796952,-0.07809671054074226,False,True
B_high_sideband_Kst_signal,9.7,7.379610180440983,24.8882649629727,0.04632109426249453,-0.11087092612726226,False,True
B_high_sideband_Kst_signal,9.72,7.394825871534676,24.58137245730086,0.045895835159329684,-0.14352585184604255,False,True
B_high_sideband_Kst_signal,9.74,7.410041562628368,24.2969207513529,0.045493370874931355,-0.1760084349166599,False,True
B_high_sideband_Kst_signal,9.76,7.4252572537220605,24.034599167264332,0.045114278500676175,-0.20832912433995246,False,True
B_high_sideband_Kst_signal,9.780000000000001,7.440472944815755,23.794068450869418,0.04475795759428794,-0.24047510196208544,False,True
B_high_sideband_Kst_signal,9.8,7.455688635909447,23.574964629627175,0.04442463209698742,-0.2724456500918348,False,True
B_high_sideband_Kst_signal,9.82,7.470904327003139,23.37690275274008,0.04411348257206261,-0.3042088446611365,False,True
B_high_sideband_Kst_signal,9.84,7.486120018096832,23.199480367293745,0.0438253638116921,-0.33579068878303237,False,True
B_high_sideband_Kst_signal,9.86,7.501335709190524,23.042280794391445,0.04355905092145548,-0.36717382686475547,False,True
B_high_sideband_Kst_signal,9.879999999999999,7.516551400284217,22.904876132537538,0.043313837475878844,-0.398348889692015,False,True
B_high_sideband_Kst_signal,9.9,7.53176709137791,22.786830015292708,0.043089895343089886,-0.42932160946868514,False,True
B_high_sideband_Kst_signal,9.92,7.546982782471603,22.68770009862783,0.04288703929953145,-0.4600849245462764,False,True
B_high_sideband_Kst_signal,9.94,7.562198473565296,22.607040270537254,0.04270385085830849,-0.49063570511878707,False,True
B_high_sideband_Kst_signal,9.96,7.577414164658989,22.544402581576378,0.04254012078603863,-0.5209730000567497,False,True
B_high_sideband_Kst_signal,9.98,7.592629855752682,22.499338920909395,0.04239614045129361,-0.551109045639107,False,True
B_high_sideband_Kst_signal,10.0,7.607845546846375,22.471402412547377,0.04227055590935713,-0.5810427314481319,False,True
B_high_sideband_Kst_signal,10.02,7.623061237940067,22.460148574713003,0.04216302329051935,-0.6107736712275372,False,True
B_high_sideband_Kst_signal,10.04,7.638276929033759,22.465136243622965,0.042073328367645484,-0.6403184916068336,False,True
B_high_sideband_Kst_signal,10.06,7.653492620127453,22.48592827722132,0.04200071250553681,-0.6696774679348948,False,True
B_high_sideband_Kst_signal,10.08,7.668708311221145,22.522092066658843,0.04194503252723259,-0.6988669509036814,False,True
B_high_sideband_Kst_signal,10.1,7.683924002314837,22.573199870061217,0.041905059596152316,-0.7278934736338096,False,True
B_high_sideband_Kst_signal,10.120000000000001,7.699139693408532,22.63882900223689,0.041881179538637583,-0.7567758826220129,False,True
B_high_sideband_Kst_signal,10.14,7.714355384502224,22.718561899244378,0.04187206928935535,-0.7855237226443411,False,True
B_high_sideband_Kst_signal,10.16,7.729571075595916,22.811986097367026,0.04187835362702094,-0.8141638038706578,False,True
B_high_sideband_Kst_signal,10.18,7.744786766689608,22.918694130241875,0.04189859240545725,-0.8426976966189524,False,True
B_high_sideband_Kst_signal,10.2,7.7600024577833,23.038283407548988,0.041932668195861514,-0.8711513120619512,False,True
B_high_sideband_Kst_signal,10.219999999999999,7.775218148876994,23.170356077784618,0.041980147120952896,-0.899548560796984,False,True
B_high_sideband_Kst_signal,10.24,7.790433839970687,23.314518908564423,0.04204039193998901,-0.9279080856420899,False,True
B_high_sideband_Kst_signal,10.26,7.805649531064379,23.470383214805224,0.042113244365091375,-0.956230905543251,False,True
B_high_sideband_Kst_signal,10.280000000000001,7.820865222158074,23.637564910638503,0.04219900183200979,-0.9845864808669174,False,True
B_high_sideband_Kst_signal,10.3,7.836080913251766,23.81568454667695,0.0422961590688913,-1.0129622394206743,False,True
B_high_sideband_Kst_signal,10.32,7.851296604345458,24.004367563191863,0.04240443883488021,-1.041390983987251,False,True
B_high_sideband_Kst_signal,10.34,7.86651229543915,24.203244683224057,0.04252408078575529,-1.0698979726692324,False,True
B_high_sideband_Kst_signal,10.36,7.881727986532844,24.411952414846382,0.04265424303816603,-1.0984846969308222,False,True
B_high_sideband_Kst_signal,10.379999999999999,7.896943677626536,24.63013371030911,0.04279425597525385,-1.1272010828220158,False,True
B_high_sideband_Kst_signal,10.4,7.9121593687202285,24.8574388644779,0.04294517218466086,-1.15606276985519,False,True
B_high_sideband_Kst_signal,10.42,7.927375059813922,25.09352653027372,0.04310513093229696,-1.1851004380232275,False,True
B_high_sideband_Kst_signal,10.440000000000001,7.942590750907615,25.338064980241143,0.0432739730269719,-1.2143320640788802,False,True
B_high_sideband_Kst_signal,10.46,7.957806442001307,25.590733482045835,0.04345210711362445,-1.2437792024044958,False,True
B_high_sideband_Kst_signal,10.48,7.973022133094999,25.851223906431642,0.04363883208224839,-1.2734671835076758,False,True
B_high_sideband_Kst_signal,10.5,7.988237824188693,26.119242514126654,0.043833412014843406,-1.3034082539367677,False,True
B_high_sideband_Kst_signal,10.52,8.003453515282384,26.394511842295287,0.04403675113354162,-1.3336367301606837,False,True
B_high_sideband_Kst_signal,10.54,8.018669206376078,26.676768997824638,0.044239097367983274,-1.3638425106573069,False,True
B_high_sideband_Kst_signal,10.56,8.033884897469772,26.96578482569339,0.04445837998047062,-1.3947701276523157,False,True
B_high_sideband_Kst_signal,10.58,8.049100588563464,27.261338443888235,0.04468469762029772,-1.4260351651243794,False,True
B_high_sideband_Kst_signal,10.600000000000001,8.064316279657158,27.56324007271951,0.04491729802937805,-1.4576561775016714,False,True
B_high_sideband_Kst_signal,10.620000000000001,8.07953197075085,27.871328314073253,0.045156193196947074,-1.4896354841410429,False,True
B_high_sideband_Kst_signal,10.64,8.094747661844542,28.18547282653526,0.045400652317756425,-1.522003234528207,False,True
B_high_sideband_Kst_signal,10.66,8.109963352938236,28.50557725504541,0.04565055955492461,-1.5547585900674423,False,True
B_high_sideband_Kst_signal,10.68,8.125179044031928,28.83158216525726,0.04590557604930651,-1.5879260265156765,False,True
B_high_sideband_Kst_signal,10.7,8.14039473512562,29.163471921519886,0.0461757236466934,-1.6213990340204472,False,True
B_high_sideband_Kst_signal,10.719999999999999,8.155610426219312,29.50126586187571,0.04644439078221106,-1.6553942915927073,False,True
B_high_sideband_Kst_signal,10.74,8.170826117313005,29.84503683128287,0.04671904516217782,-1.6898376889021653,False,True
B_high_sideband_Kst_signal,10.76,8.186041808406697,30.194905912213017,0.04699918696202483,-1.7247447993459621,False,True
B_high_sideband_Kst_signal,10.780000000000001,8.201257499500393,30.55104782852277,0.047284444469556514,-1.760099344469577,False,True
B_high_sideband_Kst_signal,10.8,8.216473190594085,30.913694486737768,0.047576346898135904,-1.7959410428343299,False,True
B_high_sideband_Kst_signal,10.82,8.231688881687777,31.283138560740554,0.04787267372886158,-1.832272135644696,False,True
B_high_sideband_Kst_signal,10.84,8.24690457278147,31.659737139862045,0.048176272569774095,-1.869062364460426,False,True
B_high_sideband_Kst_signal,10.86,8.262120263875161,32.04391516507803,0.04848471732572146,-1.9063761996828945,False,True
B_high_sideband_Kst_signal,10.879999999999999,8.277335954968855,32.436169090353815,0.04880019574562052,-1.94413971341398,False,True
B_high_sideband_Kst_signal,10.9,8.292551646062547,32.83707004924099,0.04912153159069566,-1.9824198318505066,False,True
B_high_sideband_Kst_signal,10.92,8.30776733715624,33.24726715233692,0.04944938387473883,-2.0211800917559146,False,True
B_high_sideband_Kst_signal,10.940000000000001,8.322983028249935,33.667490334371905,0.04978401810026735,-2.060442665599465,False,True
B_high_sideband_Kst_signal,10.96,8.338198719343627,34.09855295181569,0.05012631978493737,-2.1002245550054135,False,True
B_high_sideband_Kst_signal,10.98,8.353414410437319,34.541353826030445,0.05047605796358829,-2.1405063121437573,False,True
B_high_sideband_Kst_signal,11.0,8.368630101531012,34.99687890974565,0.050834159634336774,-2.1812600964268545,False,True
B_high_sideband_Kst_signal,11.02,8.383845792624705,35.46620230672079,0.05120120735114581,-2.22250574026601,False,True
B_high_sideband_Kst_signal,11.04,8.399061483718397,35.95048653198046,0.0515777301185452,-2.264234984632888,False,True
B_high_sideband_Kst_signal,11.06,8.41427717481209,36.450982007972016,0.05196388254756628,-2.30644281216669,False,True
B_high_sideband_Kst_signal,11.08,8.429492865905782,36.96902569451686,0.05236104696929823,-2.349122325488627,False,True
B_high_sideband_Kst_signal,11.100000000000001,8.444708556999476,37.50603870243003,0.052769497281265815,-2.392248972174524,False,True
B_high_sideband_Kst_signal,11.120000000000001,8.459924248093168,38.063522911578275,0.053190492953346914,-2.435823300688067,False,True
B_high_sideband_Kst_signal,11.14,8.475139939186862,38.643056487136164,0.05362504374236174,-2.479843487330913,False,True
B_high_sideband_Kst_signal,11.16,8.490355630280554,39.246288286575236,0.054073270087330205,-2.5242689993331364,False,True
B_high_sideband_Kst_signal,11.18,8.505571321374246,39.87493108827357,0.05453665347943601,-2.569104011484853,False,True
B_high_sideband_Kst_signal,11.2,8.520787012467938,40.530753736963106,0.05501571980288454,-2.614315696487104,False,True
B_high_sideband_Kst_signal,11.219999999999999,8.536002703561632,41.21557218693306,0.05551144539763949,-2.6599039186004747,False,True
B_high_sideband_Kst_signal,11.24,8.551218394655324,41.93123946422838,0.056024471935078056,-2.705804035343251,False,True
B_high_sideband_Kst_signal,11.26,8.566434085749016,42.67963469657525,0.05655506965871767,-2.7520257254957596,False,True
B_high_sideband_Kst_signal,11.280000000000001,8.581649776842712,43.462651323467526,0.05710607353520287,-2.7985430560155824,False,True
B_high_sideband_Kst_signal,11.3,8.596865467936404,44.28218468565137,0.05767674706811809,-2.8453278264345165,False,True
B_high_sideband_Kst_signal,11.32,8.612081159030096,45.14011895113572,0.05826832926360499,-2.892344258027588,False,True
B_high_sideband_Kst_signal,11.34,8.627296850123788,46.03831381221107,0.05888103457519952,-2.9395683155497174,False,True
B_high_sideband_Kst_signal,11.36,8.642512541217481,46.978591015056736,0.059515843586028884,-2.9869704231837484,False,True
B_high_sideband_Kst_signal,11.379999999999999,8.657728232311173,47.962721003680144,0.06017281088762157,-3.034519747507189,False,True
B_high_sideband_Kst_signal,11.4,8.672943923404866,48.992409862819386,0.060852949514387016,-3.082191766954627,False,True
B_high_sideband_Kst_signal,11.42,8.68815961449856,50.06928682169928,0.06155631534452637,-3.1299447274310244,False,True
B_high_sideband_Kst_signal,11.440000000000001,8.703375305592253,51.194892522124974,0.06228262930038342,3.105425303670238,False,True
B_high_sideband_Kst_signal,11.46,8.718590996685945,52.37066825774036,0.06303242263018546,3.057579075034896,False,True
B_high_sideband_Kst_signal,11.48,8.733806687779637,53.59794638301264,0.06380531021539178,3.0097286511375154,False,True
B_high_sideband_Kst_signal,11.5,8.749022378873331,54.87794201325278,0.06459953461862947,2.961868246020548,False,True
B_high_sideband_Kst_signal,11.52,8.764238069967023,56.21174625237063,0.06541897835860885,2.914093515008034,False,True
B_high_sideband_Kst_signal,11.54,8.779453761060715,57.60032066579288,0.06626028578238197,2.8663798366314936,False,True
B_high_sideband_Kst_signal,11.56,8.794669452154409,59.04449377336414,0.0671217976506873,2.8187251982892243,False,True
B_high_sideband_Kst_signal,11.58,8.809885143248101,60.54495876689725,0.06800751413967421,2.7712150042803114,False,True
B_high_sideband_Kst_signal,11.600000000000001,8.825100834341795,62.1022726250344,0.06891172610618704,2.723804049156926,False,True
B_high_sideband_Kst_signal,11.620000000000001,8.840316525435487,63.71685693473046,0.06983653348633807,2.676536873189322,False,True
B_high_sideband_Kst_signal,11.64,8.85553221652918,65.38899972070203,0.0707805470695094,2.6294169240202723,False,True
B_high_sideband_Kst_signal,11.66,8.870747907622873,67.11885830950314,0.07174231677739142,2.582468287115153,False,True
B_high_sideband_Kst_signal,11.68,8.885963598716565,68.9064628817423,0.07272030688575451,2.535692838605956,False,True
B_high_sideband_Kst_signal,11.7,8.901179289810257,70.75172119822082,0.07371574209714273,2.489088865957338,False,True
B_high_sideband_Kst_signal,11.719999999999999,8.916394980903949,72.65442254594336,0.07472678592245915,2.4426686911146196,False,True
B_high_sideband_Kst_signal,11.74,8.931610671997642,74.61424290922014,0.07575325790851573,2.396434072096692,False,True
B_high_sideband_Kst_signal,11.76,8.946826363091336,76.63074897237311,0.07679501800891085,2.3503737864183827,False,True
B_high_sideband_Kst_signal,11.780000000000001,8.96204205418503,78.70340074203978,0.07785085099930635,2.3045000398537567,False,True
B_high_sideband_Kst_signal,11.8,8.977257745278722,80.83155552516018,0.078919871090231,2.258816855526219,False,True
B_high_sideband_Kst_signal,11.82,8.992473436372414,83.0144696597381,0.08000132916084034,2.2133225832479035,False,True
B_high_sideband_Kst_signal,11.84,9.007689127466106,85.25129915801836,0.08109325547505408,2.168026397949167,False,True
B_high_sideband_Kst_signal,11.86,9.022904818559798,87.54110045191464,0.08219534985886555,2.122924803429199,False,True
B_high_sideband_Kst_signal,11.879999999999999,9.038120509653492,89.88282832323739,0.08330607021980814,2.0780121291147595,False,True
B_high_sideband_Kst_signal,11.9,9.053336200747186,92.27533374077257,0.08442563122793449,2.033293393241535,False,True
B_high_sideband_Kst_signal,11.92,9.068551891840878,94.71736044738282,0.08555172436833522,1.9887474729789367,False,True
B_high_sideband_Kst_signal,11.940000000000001,9.083767582934572,97.20753326863587,0.08668514818674564,1.9441244046950674,False,True
B_high_sideband_Kst_signal,11.96,9.098983274028264,99.74439213577898,0.08782825146651449,1.900294832846875,False,True
B_high_sideband_Kst_signal,11.98,9.114198965121956,102.3263115594873,0.08897424209690644,1.856207301041427,False,True
B_high_sideband_Kst_signal,12.0,9.129414656215648,104.95156903954148,0.09012744715926888,1.812394534235677,False,True
B_high_sideband_Kst_signal,12.02,9.144630347309342,107.61830723594585,0.0912838493946678,1.7687412833242282,False,True
B_high_sideband_Kst_signal,12.04,9.159846038403034,110.32453566183813,0.09244419891237626,1.7252623834077607,False,True
B_high_sideband_Kst_signal,12.06,9.175061729496727,113.06812882749955,0.09360802245243248,1.6819505492999705,False,True
B_high_sideband_Kst_signal,12.08,9.19027742059042,115.84682539867663,0.09477313427237549,1.6387964780446682,False,True
B_high_sideband_Kst_signal,12.100000000000001,9.205493111684113,118.6582289473181,0.09593964175441487,1.595800638896032,False,True
B_high_sideband_Kst_signal,12.120000000000001,9.220708802777805,121.49981063333144,0.09710642684904952,1.552963314884551,False,True
B_high_sideband_Kst_signal,12.14,9.235924493871499,124.36891389046832,0.09827312217704745,1.5102696679695855,False,True
B_high_sideband_Kst_signal,12.16,9.251140184965191,127.26276119787917,0.09943675032051466,1.4677212740866254,False,True
B_high_sideband_Kst_signal,12.18,9.266355876058883,130.17846319190312,0.10059925188158968,1.4253074488163593,False,True
B_high_sideband_Kst_signal,12.2,9.281571567152575,133.11302945177022,0.10175823710464806,1.3830220690957946,False,True
B_high_sideband_Kst_signal,12.219999999999999,9.296787258246267,136.06285703578396,0.10271679176392572,1.340289198530554,True,True
B_high_sideband_Kst_signal,12.24,9.312002949339963,139.02567135693516,0.10383830469458033,1.2980537954343505,True,True
B_high_sideband_Kst_signal,12.26,9.327218640433655,141.99873403450147,0.10514610491977387,1.2566405008614994,True,True
B_high_sideband_Kst_signal,12.280000000000001,9.342434331527349,144.97737668026775,0.1063394225798837,1.2150143800410242,False,True
B_high_sideband_Kst_signal,12.3,9.35765002262104,147.95888340883312,0.1074662860423097,1.1732543754407072,False,True
B_high_sideband_Kst_signal,12.32,9.372865713714733,150.94003475294494,0.10858376016168313,1.1315692988140775,False,True
B_high_sideband_Kst_signal,12.34,9.388081404808425,153.9175810239567,0.10969082973856761,1.0899486709853965,False,True
B_high_sideband_Kst_signal,12.36,9.403297095902117,156.88831042246784,0.11078708970253583,1.0483824531611388,False,True
B_high_sideband_Kst_signal,12.379999999999999,9.41851278699581,159.84906800486397,0.11187120436238106,1.006859727737715,False,True
B_high_sideband_Kst_signal,12.4,9.433728478089504,162.7967737054737,0.11294292270684667,0.9653657254430248,False,True
B_high_sideband_Kst_signal,12.42,9.448944169183196,165.72843921012145,0.11400129716037116,0.9238908074025072,False,True
B_high_sideband_Kst_signal,12.440000000000001,9.46415986027689,168.64118349372166,0.11504563604108217,0.8824332565353332,False,True
B_high_sideband_Kst_signal,12.46,9.479375551370582,171.53224640062854,0.11607568384221591,0.8409798391456825,False,True
B_high_sideband_Kst_signal,12.48,9.494591242464274,174.39900037035613,0.11709079694246727,0.7995206112697002,False,True
B_high_sideband_Kst_signal,12.5,9.509806933557966,177.23896003366326,0.1180903698176158,0.7580399533033649,False,True
B_high_sideband_Kst_signal,12.52,9.52502262465166,180.04978957863932,0.11907457309514115,0.7165344640315567,False,True
B_high_sideband_Kst_signal,12.54,9.540238315745352,182.82930776651074,0.12004225149274303,0.6749880585006938,False,True
B_high_sideband_Kst_signal,12.56,9.555454006839046,185.5754906986872,0.12099371578290996,0.6333957138123296,False,True
B_high_sideband_Kst_signal,12.58,9.57066969793274,188.26838628856103,0.12096810862581117,0.5976430402335908,True,True
B_high_sideband_Kst_signal,12.600000000000001,9.585885389026432,190.67722533746564,0.11894151164905108,0.5721305323847748,True,True
B_high_sideband_Kst_signal,12.620000000000001,9.601101080120124,192.7607087666056,0.11686430321278468,0.5439072351870858,True,True
B_high_sideband_Kst_signal,12.64,9.616316771213816,194.55841361763441,0.11476205984329879,0.5128123819478033,True,True
B_high_sideband_Kst_signal,12.66,9.63153246230751,196.11305553235297,0.11266391214717181,0.47869744095011596,True,True
B_high_sideband_Kst_signal,12.68,9.646748153401202,197.46972701501454,0.11060286313009893,0.4414438529266169,True,True
B_high_sideband_Kst_signal,12.7,9.661963844494894,198.67501282035073,0.10861450621758995,0.400958451273268,True,True
B_high_sideband_Kst_signal,12.719999999999999,9.677179535588586,199.77601105109943,0.10674041707050672,0.3572779852593277,True,True
B_high_sideband_Kst_signal,12.74,9.692395226682281,200.81928953423903,0.10502039923172989,0.31045077189606046,True,True
B_high_sideband_Kst_signal,12.76,9.707610917775973,201.84982379596113,0.10349329748015228,0.26055888918944814,True,True
B_high_sideband_Kst_signal,12.780000000000001,9.722826608869667,202.90995229503778,0.10220048121313978,0.2078881278212608,True,True
B_high_sideband_Kst_signal,12.8,9.73804229996336,204.0383933407802,0.10117851957051512,0.15277830675862514,True,True
B_high_sideband_Kst_signal,12.82,9.753257991057051,205.2693606380667,0.10045941913687831,0.09567310197064974,True,True
B_high_sideband_Kst_signal,12.84,9.768473682150743,206.63180918159105,0.10006888284347316,0.037106152135919265,True,True
B_high_sideband_Kst_signal,12.86,9.783689373244435,208.14883460130204,0.10002493648088517,-0.02232993510377038,True,True
B_high_sideband_Kst_signal,12.879999999999999,9.798905064338129,209.83723947353337,0.10033717966100204,-0.08200426346224314,True,True
B_high_sideband_Kst_signal,12.9,9.814120755431823,211.70727012598763,0.10100645234901683,-0.1412857385962051,True,True
B_high_sideband_Kst_signal,12.92,9.829336446525515,213.7625180858504,0.10202531280645846,-0.19958511491097167,True,True
B_high_sideband_Kst_signal,12.940000000000001,9.844552137619209,215.99997208130526,0.10337882956324825,-0.2563730437158655,True,True
B_high_sideband_Kst_signal,12.96,9.8597678287129,218.41020024733552,0.10504605333294875,-0.31121108964928856,True,True
B_high_sideband_Kst_signal,12.98,9.874983519806593,220.97763805542536,0.10700145432881378,-0.3637569736814114,True,True
B_high_sideband_Kst_signal,13.0,9.890199210900287,223.68095523309694,0.10921647081812368,-0.41376686466964396,True,True
B_high_sideband_Kst_signal,13.02,9.905414901993979,226.49347522426433,0.11166135302013469,-0.4610968740598497,True,True
B_high_sideband_Kst_signal,13.04,9.92063059308767,229.38362189302552,0.11430540757415726,-0.5056718121497671,True,True
B_high_sideband_Kst_signal,13.06,9.935846284181364,232.31537127237334,0.11711948765960332,-0.5474994293658942,True,True
B_high_sideband_Kst_signal,13.08,9.951061975275056,235.2486897517456,0.12007538525587687,-0.5866313376529223,True,True
B_high_sideband_Kst_signal,13.100000000000001,9.96627766636875,238.13994406455686,0.12314736045247462,-0.6231652361535674,True,True
B_high_sideband_Kst_signal,13.120000000000001,9.981493357462444,240.94227271079717,0.12631103513016856,-0.6572153782364345,True,True
B_high_sideband_Kst_signal,13.14,9.996709048556136,243.60591243514364,0.1295450202240223,-0.6889209637247016,True,True
B_high_sideband_Kst_signal,13.16,10.011924739649828,246.0784770718551,0.13282923160450993,-0.7184204323154464,True,True
B_high_sideband_Kst_signal,13.18,10.02714043074352,248.30518931036204,0.13614568665986163,-0.7458559919287636,True,True
B_high_sideband_Kst_signal,13.2,10.042356121837212,250.22906931484022,0.1394804226212391,-0.7713840531342273,True,True
B_high_sideband_Kst_signal,13.219999999999999,10.057571812930906,251.74254787193468,0.14142135623730953,-0.7853981633974483,True,True
B_high_sideband_Kst_signal,13.24,10.0727875040246,252.5288456663102,0.138847432478449,-0.8041121414031454,True,True
B_high_sideband_Kst_signal,13.26,10.088003195118292,252.76379798203334,0.1356910990239685,-0.8285736558966551,True,True
B_high_sideband_Kst_signal,13.280000000000001,10.103218886211986,252.52147784906037,0.13240123751687888,-0.8560811560647313,True,True
B_high_sideband_Kst_signal,13.3,10.118434577305678,251.87835736175884,0.1290122895037639,-0.8869049305318357,True,True
B_high_sideband_Kst_signal,13.32,10.13365026839937,250.9156755096692,0.12556376772401623,-0.9213323640226762,True,True
B_high_sideband_Kst_signal,13.34,10.148865959493063,249.71778786398363,0.12211118731096858,-0.9595367296640609,True,True
B_high_sideband_Kst_signal,13.36,10.164081650586756,248.3703428821832,0.1187006866393676,-1.001824025877596,True,True
B_high_sideband_Kst_signal,13.379999999999999,10.179297341680448,246.95836899345886,0.11539313932198395,-1.048353194782971,True,True
B_high_sideband_Kst_signal,13.4,10.19451303277414,245.5643396317173,0.11224230776910686,-1.0993881274057817,True,True
B_high_sideband_Kst_signal,13.42,10.209728723867833,244.26634398526585,0.1093411232217322,-1.1544408966010933,True,True
B_high_sideband_Kst_signal,13.440000000000001,10.224944414961527,243.13632386511745,0.10672676540560974,-1.213861153255061,True,True
B_high_sideband_Kst_signal,13.46,10.240160106055221,242.23863655644845,0.10447045990194032,-1.2771968200403256,True,True
B_high_sideband_Kst_signal,13.48,10.255375797148913,241.62880172128507,0.10262902970088256,-1.3439618200498895,True,True
B_high_sideband_Kst_signal,13.5,10.270591488242605,241.35258031568083,0.10124995216929483,-1.4135023529256459,True,True
B_high_sideband_Kst_signal,13.52,10.285807179336297,241.44535947798022,0.10036928702521658,-1.484987917643086,True,True
B_high_sideband_Kst_signal,13.54,10.301022870429989,241.93184283356777,0.10000885412892777,-1.5574895798742918,True,True
B_high_sideband_Kst_signal,13.56,10.316238561523685,242.8260239333781,0.10017550113315203,-1.629998496501038,True,True
B_high_sideband_Kst_signal,13.58,10.331454252617375,244.13140772509178,0.100861008670633,-1.7015538063936693,True,True
B_high_sideband_Kst_signal,13.600000000000001,10.346669943711069,245.84143670082358,0.10204364464847998,-1.7712676197253308,True,True
B_high_sideband_Kst_signal,13.620000000000001,10.361885634804763,247.94007360707747,0.10369067027778817,-1.8384014516316867,True,True
B_high_sideband_Kst_signal,13.64,10.377101325898455,250.40249224518993,0.10576115958373866,-1.902383935319735,True,True
B_high_sideband_Kst_signal,13.66,10.392317016992147,253.19583023928362,0.1082095323509952,-1.962832529772622,True,True
B_high_sideband_Kst_signal,13.68,10.40753270808584,256.2799626814772,0.11098754195155572,-2.019518852929113,True,True
B_high_sideband_Kst_signal,13.7,10.422748399179532,259.6082618853161,0.11404812538650255,-2.0723787080994835,True,True
B_high_sideband_Kst_signal,13.719999999999999,10.437964090273224,263.12831579182966,0.11734532776495846,-2.1214443829848904,True,True
B_high_sideband_Kst_signal,13.74,10.453179781366917,266.782584896564,0.12083721462343211,-2.1668461190963937,True,True
B_high_sideband_Kst_signal,13.76,10.46839547246061,270.5089847101931,0.12448494684996557,-2.2087603365696955,True,True
B_high_sideband_Kst_signal,13.780000000000001,10.483611163554304,274.24138723664737,0.12825421594846337,-2.247403756459145,True,True
B_high_sideband_Kst_signal,13.8,10.498826854647998,277.9100405513582,0.13211382796316368,-2.2830008712246634,True,True
B_high_sideband_Kst_signal,13.82,10.514042545741688,281.4419106119485,0.13603677898560934,-2.3157853812827986,True,True
B_high_sideband_Kst_signal,13.84,10.529258236835382,284.7609531415137,0.13999888428807009,-2.345981566301532,True,True
B_high_sideband_Kst_signal,13.86,10.544473927929074,287.62726679920524,0.14142135623730953,-2.356194490192345,True,True
B_high_sideband_Kst_signal,13.879999999999999,10.559689619022766,289.4145172043486,0.14142135623730953,-2.356194490192345,True,True
B_high_sideband_Kst_signal,13.9,10.57490531011646,290.0452965837908,0.14142135623730953,-2.356194490192345,True,True
B_high_sideband_Kst_signal,13.92,10.590121001210152,289.4953466624602,0.14142135623730953,-2.356194490192345,True,True
B_high_sideband_Kst_signal,13.940000000000001,10.605336692303846,287.93567875503686,0.13841571063868707,-2.3781519371049122,True,True
B_high_sideband_Kst_signal,13.96,10.62055238339754,285.913065549777,0.13422299837759652,-2.411374349720833,True,True
B_high_sideband_Kst_signal,13.98,10.635768074491232,283.5676966970036,0.1299754653527802,-2.4486600218743746,True,True
B_high_sideband_Kst_signal,14.0,10.650983765584924,281.0169115030362,0.12573673538082142,-2.4903192735026707,True,True
B_high_sideband_Kst_signal,14.02,10.666199456678617,278.3765469815953,0.12157653140635045,-2.5366367327713495,True,True
B_high_sideband_Kst_signal,14.040000000000001,10.68141514777231,275.7582862763916,0.1175605277739802,-2.5879704368197034,True,True
B_high_sideband_Kst_signal,14.06,10.696630838866003,273.2672095149369,0.11379858082093738,-2.6440239254235083,True,True
B_high_sideband_Kst_signal,14.08,10.711846529959693,270.9995565742156,0.11033550066944371,-2.7053048755446887,True,True
B_high_sideband_Kst_signal,14.1,10.727062221053387,269.040923416675,0.1072664454919891,-2.7714008847753373,True,True
B_high_sideband_Kst_signal,14.120000000000001,10.742277912147081,267.4648014739478,0.10466392222794706,-2.8419399515350245,True,True
B_high_sideband_Kst_signal,14.14,10.757493603240775,266.3315631653759,0.1025930767442141,-2.9162815109753377,True,True
B_high_sideband_Kst_signal,14.16,10.772709294334465,265.6878656922413,0.10110577999577428,-2.993559843063029,True,True
B_high_sideband_Kst_signal,14.18,10.787924985428159,265.5664490681884,0.10023790457799257,-3.0726820043942773,True,True
B_high_sideband_Kst_signal,14.2,10.80314067652185,265.9862839219527,0.10000588146032757,3.1307472194547277,True,True
B_high_sideband_Kst_signal,14.22,10.818356367615545,266.95301190448254,0.10040634435053337,3.0515956380384193,True,True
B_high_sideband_Kst_signal,14.24,10.833572058709237,268.45961490783657,0.101417369939525,2.974211124846864,True,True
B_high_sideband_Kst_signal,14.26,10.848787749802929,270.4872478690013,0.10300126496273306,2.8995978105520694,True,True
B_high_sideband_Kst_signal,14.28,10.864003440896623,273.0061726333115,0.10510820759088822,2.8285484176692925,True,True
B_high_sideband_Kst_signal,14.3,10.879219131990316,275.97673709453966,0.10768162990448345,2.7615896092971606,True,True
B_high_sideband_Kst_signal,14.32,10.894434823084007,279.3503516305159,0.11066125561836257,2.6990334651229997,True,True
B_high_sideband_Kst_signal,14.34,10.9096505141777,283.07042499829504,0.11398703250227146,2.64098854042759,True,True
B_high_sideband_Kst_signal,14.36,10.924866205271394,287.07323148220894,0.11760147683837549,2.5874073509594444,True,True
B_high_sideband_Kst_signal,14.38,10.940081896365086,291.2886908409869,0.12145130677476,2.538129541308783,True,True
B_high_sideband_Kst_signal,14.4,10.955297587458778,295.6410512648649,0.12548758636622184,2.492928579745009,True,True
B_high_sideband_Kst_signal,14.42,10.97051327855247,300.04947350321254,0.12966738355567178,2.4515265916926468,True,True
B_high_sideband_Kst_signal,14.44,10.985728969646164,304.42852082091485,0.1339523773165119,2.413633713013191,True,True
B_high_sideband_Kst_signal,14.46,11.000944660739858,308.6885651514376,0.13830775774749662,2.3789678636962677,True,True
B_high_sideband_Kst_signal,14.48,11.016160351833548,312.6958155758625,0.14142135623730953,2.356194490192345,True,True
B_high_sideband_Kst_signal,14.5,11.031376042927242,315.7008195123035,0.14142135623730953,2.356194490192345,True,True
B_high_sideband_Kst_signal,14.52,11.046591734020936,317.43159995996575,0.14142135623730953,2.356194490192345,True,True
B_high_sideband_Kst_signal,14.540000000000001,11.061807425114628,317.8636833526898,0.14142135623730953,2.356194490192345,True,True
B_high_sideband_Kst_signal,14.56,11.077023116208322,316.975554834994,0.14142135623730953,2.356194490192345,True,True
B_high_sideband_Kst_signal,14.58,11.092238807302014,314.7489070623642,0.14142135623730953,2.356194490192345,True,True
B_high_sideband_Kst_signal,14.6,11.107454498395706,311.29940450672757,0.13896212892518062,2.3383369958317584,True,True
B_high_sideband_Kst_signal,14.620000000000001,11.1226701894894,307.4257044518322,0.1341155918934634,2.3001196892549127,True,True
B_high_sideband_Kst_signal,14.64,11.137885880583093,303.38298241969915,0.12929543477177768,2.257369930045934,True,True
B_high_sideband_Kst_signal,14.66,11.153101571676784,299.30755829822556,0.124571536925643,2.20969731979255,True,True
B_high_sideband_Kst_signal,14.68,11.168317262770477,295.3282718226751,0.1200501037360734,2.157110761333091,True,True
B_high_sideband_Kst_signal,14.700000000000001,11.183532953864171,291.5640253246861,0.11577698199511029,2.0989687200940783,True,True
B_high_sideband_Kst_signal,14.72,11.198748644957863,288.12173637625983,0.11186491382182182,2.035542536793407,True,True
B_high_sideband_Kst_signal,14.74,11.213964336051555,285.09475716726365,0.1083921962166444,1.9668887459025268,True,True
B_high_sideband_Kst_signal,14.76,11.229180027145247,282.56172625504587,0.10543865873538283,1.8933824360281353,True,True
B_high_sideband_Kst_signal,14.78,11.244395718238941,280.58587826269013,0.10307496742760008,1.81567122980332,True,True
B_high_sideband_Kst_signal,14.8,11.259611409332635,279.21476127482674,0.10135809471557422,1.734680467800043,True,True
B_high_sideband_Kst_signal,14.82,11.274827100426325,278.48031433376127,0.10032711970036332,1.651571379254945,True,True
B_high_sideband_Kst_signal,14.84,11.290042791520019,278.3992449335551,0.10000048275051432,1.5676890818021596,True,True
B_high_sideband_Kst_signal,14.86,11.305258482613713,278.97364204790074,0.10037432754896011,1.4844060969353492,True,True
B_high_sideband_Kst_signal,14.88,11.320474173707405,280.19176005508643,0.10142392580113099,1.4030326703910054,True,True
B_high_sideband_Kst_signal,14.9,11.335689864801097,282.0289131989334,0.10310662184638317,1.324695860446485,True,True
B_high_sideband_Kst_signal,14.92,11.35090555589479,284.4484267589178,0.10536668642180955,1.2502600063316232,True,True
B_high_sideband_Kst_signal,14.94,11.366121246988483,287.40259976246944,0.10813954551242018,1.1803284883987848,True,True
B_high_sideband_Kst_signal,14.96,11.381336938082177,290.8336434572316,0.11135729863862978,1.1152261014483262,True,True
B_high_sideband_Kst_signal,14.98,11.396552629175867,294.6745695514878,0.11495207557486588,1.0550557949761292,True,True
B_high_sideband_Kst_signal,15.0,11.41176832026956,298.85001155430245,0.11885909782301543,0.9997434000958854,True,True
B_high_sideband_Kst_signal,15.02,11.426984011363254,303.2769711533242,0.12301757336838433,0.9491005652122493,True,True
B_high_sideband_Kst_signal,15.040000000000001,11.442199702456948,307.86548949508597,0.12737266142009246,0.9028540605553108,True,True
B_high_sideband_Kst_signal,15.06,11.45741539355064,312.5192497841017,0.13187392619520807,0.8607014265526404,True,True
B_high_sideband_Kst_signal,15.08,11.472631084644332,317.1358027889528,0.1364475875869212,0.8225485673664389,True,True
B_high_sideband_Kst_signal,15.1,11.487846775738024,321.60174372291385,0.1410018373072872,0.7883778799498752,True,True
B_high_sideband_Kst_signal,15.120000000000001,11.503062466831718,325.3605670077336,0.14142135623730953,0.7853981633974483,True,True
B_high_sideband_Kst_signal,15.14,11.518278157925412,327.7488498388316,0.14142135623730953,0.7853981633974483,True,True
B_high_sideband_Kst_signal,15.16,11.533493849019102,328.74865716890463,0.14142135623730953,0.7853981633974483,True,True
B_high_sideband_Kst_signal,15.18,11.548709540112796,328.34064985511486,0.14142135623730953,0.7853981633974483,True,True
B_high_sideband_Kst_signal,15.200000000000001,11.56392523120649,326.5092990176149,0.14142135623730953,0.7853981633974483,True,True
B_high_sideband_Kst_signal,15.22,11.579140922300182,323.243088852661,0.14142135623730953,0.7853981633974483,True,True
B_high_sideband_Kst_signal,15.24,11.594356613393874,318.86546843963833,0.13760415404378895,0.7572580863024759,True,True
B_high_sideband_Kst_signal,15.26,11.609572304487568,314.2619567461147,0.13253444524903088,0.7158726446166167,True,True
B_high_sideband_Kst_signal,15.28,11.624787995581258,309.6125954504969,0.1275630003707365,0.669831370396677,True,True
B_high_sideband_Kst_signal,15.3,11.640003686674953,305.0533509566303,0.12275723381467792,0.6187296034599529,True,True
B_high_sideband_Kst_signal,15.32,11.655219377768644,300.70952227788075,0.11821257571786674,0.562482772132284,True,True
B_high_sideband_Kst_signal,15.34,11.670435068862338,296.6939350148941,0.11400600916113794,0.5009082820441693,True,True
B_high_sideband_Kst_signal,15.36,11.685650759956031,293.10552805096495,0.11022006020389054,0.43403599923466746,True,True
B_high_sideband_Kst_signal,15.38,11.700866451049725,290.02835884920705,0.10693425289620778,0.36210263009192234,True,True
B_high_sideband_Kst_signal,15.4,11.716082142143415,287.530996114393,0.104222189733149,0.28561495503198203,True,True
B_high_sideband_Kst_signal,15.42,11.73129783323711,285.66626623817183,0.10214620080876784,0.20535365067956748,True,True
B_high_sideband_Kst_signal,15.44,11.746513524330801,284.4713068890146,0.10075337375451027,0.12236618783827286,True,True
B_high_sideband_Kst_signal,15.46,11.761729215424495,283.9678756298663,0.1000719120446905,0.03791278850223846,True,True
B_high_sideband_Kst_signal,15.48,11.776944906518187,284.162859017802,0.10010883781085989,-0.04663457698845875,True,True
B_high_sideband_Kst_signal,15.5,11.792160597611879,285.0489287708897,0.10084963887069355,-0.1298973785381687,True,True
B_high_sideband_Kst_signal,15.52,11.807376288705573,286.60529560357827,0.10226035623050601,-0.2106459053307672,True,True
B_high_sideband_Kst_signal,15.540000000000001,11.822591979799267,288.7985172289118,0.10429124013796055,-0.28786111443890683,True,True
B_high_sideband_Kst_signal,15.56,11.837807670892957,291.5833245244148,0.10688110284821696,-0.36078758293817964,True,True
B_high_sideband_Kst_signal,15.58,11.85302336198665,294.90343768404637,0.10996311331238647,-0.42896707730701983,True,True
B_high_sideband_Kst_signal,15.6,11.868239053080345,298.6923525430652,0.11346767644423984,-0.4921726837357003,True,True
B_high_sideband_Kst_signal,15.620000000000001,11.883454744174037,302.8740853309282,0.11732682207151263,-0.5503911157102679,True,True
B_high_sideband_Kst_signal,15.64,11.89867043526773,307.36387152736916,0.12147561735538294,-0.6037534134405314,True,True
B_high_sideband_Kst_signal,15.66,11.91388612636142,312.06882146833686,0.1258540229044624,-0.652495064599574,True,True
B_high_sideband_Kst_signal,15.68,11.929101817455114,316.88854135432257,0.1304066554365298,-0.6969055406768052,True,True
B_high_sideband_Kst_signal,15.700000000000001,11.944317508548808,321.71573352207633,0.13508315140816327,-0.7373024836327302,True,True
B_high_sideband_Kst_signal,15.72,11.959533199642502,326.4367942757922,0.1398401054189348,-0.7740256892547993,True,True
B_high_sideband_Kst_signal,15.74,11.974748890736192,330.68098607654883,0.14142135623730953,-0.7853981633974483,True,True
B_high_sideband_Kst_signal,15.76,11.989964581829886,333.5637538824262,0.14142135623730953,-0.7853981633974483,True,True
B_high_sideband_Kst_signal,15.78,12.005180272923576,335.0024349684245,0.14142135623730953,-0.7853981633974483,True,True
B_high_sideband_Kst_signal,15.8,12.020395964017272,334.9814437594164,0.14142135623730953,-0.7853981633974483,True,True
B_high_sideband_Kst_signal,15.82,12.035611655110964,333.4894553012027,0.14142135623730953,-0.7853981633974483,True,True
B_high_sideband_Kst_signal,15.84,12.050827346204656,330.51955587859266,0.14142135623730953,-0.7853981633974483,True,True
B_high_sideband_Kst_signal,15.86,12.066043037298348,326.22358240856875,0.1388738652695955,-0.803914564343708,True,True
B_high_sideband_Kst_signal,15.88,12.081258728392044,321.5718384147294,0.13383440568849872,-0.8438269691957638,True,True
B_high_sideband_Kst_signal,15.9,12.096474419485734,316.85106090066574,0.12889090598892428,-0.8880611099903061,True,True
B_high_sideband_Kst_signal,15.92,12.111690110579428,312.19473477833344,0.1241116798726101,-0.9369001020092927,True,True
B_high_sideband_Kst_signal,15.94,12.126905801673121,307.7260718263851,0.11956779498334297,-0.9905827878455306,True,True
B_high_sideband_Kst_signal,15.96,12.142121492766814,303.5565779807125,0.11533260288966624,-1.0492654774607741,True,True
B_high_sideband_Kst_signal,15.98,12.157337183860506,299.7849556403271,0.11147664256651732,-1.113045855876555,True,True
B_high_sideband_Kst_signal,16.0,12.172552874954198,296.49632226958147,0.10807935448718385,-1.181683763123658,True,True
B_high_sideband_Kst_signal,16.02,12.187768566047891,293.7617281496114,0.10520653543838177,-1.254877444550305,True,True
B_high_sideband_Kst_signal,16.04,12.202984257141583,291.63792749647155,0.10291965779910119,-1.3320350608724982,True,True
B_high_sideband_Kst_signal,16.060000000000002,12.218199948235279,290.1673715595366,0.10126913917083771,-1.4123122373229635,True,True
B_high_sideband_Kst_signal,16.08,12.233415639328967,289.37837890059836,0.10029067842874892,-1.4946417399824312,True,True
B_high_sideband_Kst_signal,16.1,12.248631330422663,289.2854421982811,0.1000024487429234,-1.5777944593385451,True,True
B_high_sideband_Kst_signal,16.12,12.263847021516355,289.88963314082775,0.10040358751448973,-1.660488557834385,True,True
B_high_sideband_Kst_signal,16.14,12.279062712610049,291.17907040344244,0.10147391039340345,-1.7414440206543844,True,True
B_high_sideband_Kst_signal,16.16,12.294278403703741,293.12942794686387,0.10317961153129906,-1.8196973709765252,True,True
B_high_sideband_Kst_signal,16.18,12.309494094797433,295.704444188631,0.105469554384966,-1.8942576517069254,True,True
B_high_sideband_Kst_signal,16.200000000000003,12.324709785891129,298.8564449959845,0.10828647882970921,-1.9645476924005254,True,True
B_high_sideband_Kst_signal,16.22,12.339925476984817,302.5268430703013,0.11156733693581573,-2.030194122873867,True,True
B_high_sideband_Kst_signal,16.240000000000002,12.355141168078513,306.6466284561102,0.11524732786355235,-2.0910379896220928,True,True
B_high_sideband_Kst_signal,16.259999999999998,12.370356859172203,311.13684781657776,0.11926030539625485,-2.147064480927185,True,True
B_high_sideband_Kst_signal,16.28,12.385572550265898,315.90908528921227,0.12355184699582743,-2.1985024415850294,True,True
B_high_sideband_Kst_signal,16.3,12.40078824135959,320.8659512746767,0.1280574167198799,-2.2454877972110303,True,True
B_high_sideband_Kst_signal,16.32,12.416003932453282,325.9016110876523,0.13272609089131546,-2.2883274644065255,True,True
B_high_sideband_Kst_signal,16.34,12.431219623546975,330.90236134532097,0.13750799814799114,-2.327314342554128,True,True
B_high_sideband_Kst_signal,16.36,12.446435314640667,335.7253884077827,0.14142135623730953,-2.356194490192345,True,True
B_high_sideband_Kst_signal,16.380000000000003,12.461651005734362,339.49361962529247,0.14142135623730953,-2.356194490192345,True,True
B_high_sideband_Kst_signal,16.4,12.476866696828052,341.79219667271946,0.14142135623730953,-2.356194490192345,True,True
B_high_sideband_Kst_signal,16.42,12.492082387921748,342.6091121272693,0.14142135623730953,-2.356194490192345,True,True
B_high_sideband_Kst_signal,16.439999999999998,12.507298079015436,341.9369890213361,0.14142135623730953,-2.356194490192345,True,True
B_high_sideband_Kst_signal,16.46,12.522513770109132,339.7731714325387,0.14142135623730953,-2.356194490192345,True,True
B_high_sideband_Kst_signal,16.48,12.537729461202824,336.119790596892,0.14142135623730953,-2.356194490192345,True,True
B_high_sideband_Kst_signal,16.5,12.552945152296518,331.3983337375157,0.13736305937631596,-2.386193228199978,True,True
B_high_sideband_Kst_signal,16.52,12.56816084339021,326.49371769265963,0.13246232561577234,-2.4263461932668653,True,True
B_high_sideband_Kst_signal,16.54,12.583376534483902,321.55559967075715,0.1276869691273738,-2.4705363399232043,True,True
B_high_sideband_Kst_signal,16.560000000000002,12.598592225577598,316.704123523361,0.12309632503290752,-2.5190045218726524,True,True
B_high_sideband_Kst_signal,16.58,12.613807916671286,312.0487985002019,0.11875205296400382,-2.5719443411915233,True,True
B_high_sideband_Kst_signal,16.6,12.629023607764982,307.68762562405163,0.11471666552178475,-2.629483496279493,True,True
B_high_sideband_Kst_signal,16.62,12.644239298858675,303.70647032933084,0.11105367365611483,-2.691634915473641,True,True
B_high_sideband_Kst_signal,16.64,12.659454989952366,300.17865375224164,0.10782539281691901,-2.758265331199651,True,True
B_high_sideband_Kst_signal,16.66,12.67467068104606,297.1647319866702,0.10509152346656533,-2.8290392570110283,True,True
B_high_sideband_Kst_signal,16.68,12.689886372139751,294.71242956744527,0.10290546614209284,-2.9033986357026857,True,True
B_high_sideband_Kst_signal,16.700000000000003,12.705102063233447,292.8566921498382,0.10131120823197054,-2.9805312053849016,True,True
B_high_sideband_Kst_signal,16.72,12.720317754327137,291.6198468252828,0.1003355886968051,-3.0597815445112793,True,True
B_high_sideband_Kst_signal,16.740000000000002,12.735533445420833,291.01180216613193,0.1000001378411777,-3.1399322860439858,True,True
B_high_sideband_Kst_signal,16.759999999999998,12.750749136514521,291.0303189635515,0.10030614929039443,3.0634427637744985,True,True
B_high_sideband_Kst_signal,16.78,12.765964827608217,291.66129429708917,0.10123754034626932,2.9850735725777575,True,True
B_high_sideband_Kst_signal,16.8,12.781180518701909,292.879068810641,0.10276811044970265,2.9089672188826663,True,True
B_high_sideband_Kst_signal,16.82,12.796396209795601,294.64672486635027,0.10485356891436068,2.8361401804200734,True,True
B_high_sideband_Kst_signal,16.84,12.811611900889295,296.91641890150504,0.10744438988222015,2.7671565662992665,True,True
B_high_sideband_Kst_signal,16.86,12.826827591982985,299.62970345603117,0.11048004225325599,2.7025072697356225,True,True
B_high_sideband_Kst_signal,16.880000000000003,12.84204328307668,302.71788822085136,0.11391464594621213,2.64215128329353,True,True
B_high_sideband_Kst_signal,16.9,12.857258974170371,306.1024091356967,0.11767198624201732,2.5864398993925497,True,True
B_high_sideband_Kst_signal,16.92,12.872474665264065,309.6952804597281,0.12170085394045889,2.5351608887965837,True,True
B_high_sideband_Kst_signal,16.939999999999998,12.887690356357757,313.39959538016456,0.1259429797564021,2.4881738163510154,True,True
B_high_sideband_Kst_signal,16.96,12.902906047451452,317.11012790900395,0.13034429994908656,2.4452588536995754,True,True
B_high_sideband_Kst_signal,16.98,12.918121738545143,320.7140502752436,0.13485361170067162,2.4061663922736427,True,True
B_high_sideband_Kst_signal,17.0,12.933337429638836,324.091789318034,0.13942151247450787,2.370643242264181,True,True
B_high_sideband_Kst_signal,17.02,12.948553120732528,326.95403862460626,0.14142135623730953,2.356194490192345,True,True
B_high_sideband_Kst_signal,17.04,12.96376881182622,328.45165649318915,0.14142135623730953,2.356194490192345,True,True
B_high_sideband_Kst_signal,17.060000000000002,12.978984502919916,328.47929185282555,0.14142135623730953,2.356194490192345,True,True
B_high_sideband_Kst_signal,17.08,12.994200194013604,327.03865467621335,0.14142135623730953,2.356194490192345,True,True
B_high_sideband_Kst_signal,17.1,13.0094158851073,324.1362156442601,0.14142135623730953,2.356194490192345,True,True
B_high_sideband_Kst_signal,17.12,13.024631576200994,319.78318468483894,0.14142135623730953,2.356194490192345,True,True
B_high_sideband_Kst_signal,17.14,13.039847267294684,314.55786349061646,0.13678790709319946,2.3217202475011383,True,True
B_high_sideband_Kst_signal,17.16,13.055062958388378,309.1827314478978,0.13208334303851885,2.2827335042361185,True,True
B_high_sideband_Kst_signal,17.18,13.070278649482072,303.77312635861836,0.1275114336477348,2.2401169024399104,True,True
B_high_sideband_Kst_signal,17.200000000000003,13.085494340575764,298.43451469487127,0.12312114730892731,2.1936652645004275,True,True
B_high_sideband_Kst_signal,17.22,13.100710031669456,293.2624269978178,0.11896364838679155,2.143215747893979,True,True
B_high_sideband_Kst_signal,17.240000000000002,13.115925722763151,288.3419693964829,0.11509099476805015,2.0886619932197608,True,True
B_high_sideband_Kst_signal,17.259999999999998,13.13114141385684,283.74748931028944,0.11155600784231776,2.029988793380515,True,True
B_high_sideband_Kst_signal,17.28,13.146357104950535,279.54236932508957,0.10841031168757931,1.9672881322132334,True,True
B_high_sideband_Kst_signal,17.3,13.16157279604423,275.77892367619916,0.10570376428744546,1.9008032425939234,True,True
B_high_sideband_Kst_signal,17.32,13.17678848713792,272.49837379651035,0.10348257180390133,1.830966187322571,True,True
B_high_sideband_Kst_signal,17.34,13.192004178231613,269.73088474499264,0.10178341778103259,1.758269533135432,True,True
B_high_sideband_Kst_signal,17.36,13.207219869325304,267.4956386643794,0.10063917684414325,1.683560749576482,True,True
B_high_sideband_Kst_signal,17.380000000000003,13.222435560419,265.80094388598263,0.10006808643381866,1.6076874706905284,True,True
B_high_sideband_Kst_signal,17.4,13.237651251512691,264.6443595118599,0.10007681018391046,1.531614430190033,True,True
B_high_sideband_Kst_signal,17.42,13.252866942606383,264.012837947977,0.10065874521319831,1.4563280591734393,True,True
B_high_sideband_Kst_signal,17.439999999999998,13.268082633700075,263.8828832826307,0.10179407561240222,1.3827719998092955,True,True
B_high_sideband_Kst_signal,17.46,13.28329832479377,264.2207298305025,0.1034518207362861,1.311745446038204,True,True
B_high_sideband_Kst_signal,17.48,13.298514015887461,264.982549290502,0.10559108779699598,1.243919044038488,True,True
B_high_sideband_Kst_signal,17.5,13.313729706981155,266.11469796467827,0.10816382778424781,1.1797834307326853,True,True
B_high_sideband_Kst_signal,17.52,13.328945398074849,267.55401911075205,0.11111835557003502,1.1196349210552314,True,True
B_high_sideband_Kst_signal,17.54,13.344161089168539,269.22821732039165,0.1143976909024061,1.0636694938415427,True,True
B_high_sideband_Kst_signal,17.560000000000002,13.359376780262235,271.0563245719145,0.11794853137769189,1.0118746864496622,True,True
B_high_sideband_Kst_signal,17.58,13.374592471355923,272.9492763094222,0.12171547591021778,0.9641913875680712,True,True
B_high_sideband_Kst_signal,17.6,13.389808162449619,274.8106181134499,0.12564415206836668,0.9204903071692296,True,True
B_high_sideband_Kst_signal,17.62,13.405023853543312,276.5373600304847,0.1296824733533578,0.8805893114281986,True,True
B_high_sideband_Kst_signal,17.64,13.420239544637003,278.02099274971715,0.13378052840004806,0.8442798562777473,True,True
B_high_sideband_Kst_signal,17.66,13.435455235730696,279.1486760197454,0.1378917414341241,0.8113343956068484,True,True
B_high_sideband_Kst_signal,17.68,13.45067092682439,279.79716376900797,0.14142135623730953,0.7853981633974483,True,True
B_high_sideband_Kst_signal,17.700000000000003,13.465886617918082,279.37515051783566,0.14142135623730953,0.7853981633974483,True,True
B_high_sideband_Kst_signal,17.72,13.481102309011774,277.5730310903796,0.14142135623730953,0.7853981633974483,True,True
B_high_sideband_Kst_signal,17.740000000000002,13.49631800010547,274.51330612871106,0.1393707733022943,0.7705746047215142,True,True
B_high_sideband_Kst_signal,17.759999999999998,13.511533691199158,270.9847080453592,0.13503586693561012,0.736916826298067,True,True
B_high_sideband_Kst_signal,17.78,13.526749382292854,267.228984351957,0.1307707978225819,0.700225776270284,True,True
B_high_sideband_Kst_signal,17.8,13.541965073386548,263.34714538017715,0.1266151678750662,0.6603219613760364,True,True
B_high_sideband_Kst_signal,17.82,13.557180764480238,259.4325794251922,0.12260999858907527,0.6170410076647014,True,True
B_high_sideband_Kst_signal,17.84,13.572396455573932,255.57049892189707,0.11879760745343253,0.5702467518096247,True,True
B_high_sideband_Kst_signal,17.86,13.587612146667622,251.83751780822786,0.11522267757783501,0.5198681032555881,True,True
B_high_sideband_Kst_signal,17.880000000000003,13.602827837761318,248.30133752214533,0.11193375511899065,0.4659713788973463,True,True
B_high_sideband_Kst_signal,17.9,13.61804352885501,245.02053077843584,0.10896382430947095,0.4084545017280275,True,True
B_high_sideband_Kst_signal,17.92,13.633259219948702,242.04438917860398,0.10635279150352994,0.347383142952379,True,True
B_high_sideband_Kst_signal,17.939999999999998,13.648474911042394,239.41282194340693,0.10415556156451003,0.28342832435444765,True,True
B_high_sideband_Kst_signal,17.96,13.66369060213609,237.1563207188501,0.10239482863482768,0.2167021931666502,True,True
B_high_sideband_Kst_signal,17.98,13.67890629322978,235.29594615685573,0.10110532931384937,0.1480029159103676,True,True
B_high_sideband_Kst_signal,18.0,13.694121984323473,233.8433285296037,0.10030399404337746,0.07787501944303464,True,True
B_high_sideband_Kst_signal,18.02,13.709337675417164,232.80072098193114,0.10000250887417737,0.007083532628196586,True,True
B_high_sideband_Kst_signal,18.04,13.724553366510857,232.16105775313372,0.10020175715075637,-0.06346944422562079,True,True
B_high_sideband_Kst_signal,18.060000000000002,13.739769057604553,231.90805113600845,0.10089219099046241,-0.13308701894181169,True,True
B_high_sideband_Kst_signal,18.08,13.754984748698242,232.01631809484206,0.10205360186799352,-0.2009508853014873,True,True
B_high_sideband_Kst_signal,18.1,13.770200439791937,232.45155695391395,0.10365705575616073,-0.26641982088403376,True,True
B_high_sideband_Kst_signal,18.12,13.785416130885631,233.1707745862468,0.10566189397989333,-0.32884808184088665,True,True
B_high_sideband_Kst_signal,18.14,13.800631821979321,234.1225953886792,0.10803569995608744,-0.38812587043285585,True,True
B_high_sideband_Kst_signal,18.16,13.815847513073015,235.2476222612836,0.11072168763076241,-0.4437094886579699,True,True
B_high_sideband_Kst_signal,18.18,13.831063204166709,236.47893434094885,0.11367653994751158,-0.49558853519793683,True,True
B_high_sideband_Kst_signal,18.200000000000003,13.846278895260403,237.74266394990764,0.11685085026706771,-0.5437168313693137,True,True
B_high_sideband_Kst_signal,18.22,13.861494586354093,238.9587071687929,0.12019467549779517,-0.5881228099618377,True,True
B_high_sideband_Kst_signal,18.240000000000002,13.876710277447788,240.04156293570304,0.12365982662509552,-0.6289085231843591,True,True
B_high_sideband_Kst_signal,18.259999999999998,13.891925968541477,240.90130771969052,0.12720093482621128,-0.6662291310896425,True,True
B_high_sideband_Kst_signal,18.28,13.907141659635172,241.44470763431445,0.1307741872964451,-0.7002565331681085,True,True
B_high_sideband_Kst_signal,18.3,13.922357350728864,241.5764630239687,0.1343375498187799,-0.7311702197861293,True,True
B_high_sideband_Kst_signal,18.32,13.937573041822557,241.20057537453113,0.13785056033964593,-0.7591472292818625,True,True
B_high_sideband_Kst_signal,18.34,13.95278873291625,240.22412402766258,0.14096502581350503,-0.7864128764076159,False,True
B_high_sideband_Kst_signal,18.36,13.96800442400994,238.738659081705,0.13738558290165434,-0.8152228300575111,True,True
B_high_sideband_Kst_signal,18.380000000000003,13.983220115103636,236.80811147628765,0.13364889863953786,-0.8453888331132863,True,True
B_high_sideband_Kst_signal,18.4,13.998435806197328,234.52105203293831,0.12995206690543537,-0.878080583746398,True,True
B_high_sideband_Kst_signal,18.42,14.013651497291022,231.96173255252188,0.12632759726565804,-0.9134110661289495,True,True
B_high_sideband_Kst_signal,18.439999999999998,14.028867188384712,229.20885362855688,0.12280600622376253,-0.951509141062499,True,True
B_high_sideband_Kst_signal,18.46,14.044082879478408,226.33505508848975,0.11941865942141479,-0.9924908239237252,True,True
B_high_sideband_Kst_signal,18.48,14.059298570572098,223.4065017568082,0.1162015591001166,-1.036394897953999,True,True
B_high_sideband_Kst_signal,18.5,14.074514261665792,220.48255377061014,0.11319109966227137,-1.0832003175467297,True,True
B_high_sideband_Kst_signal,18.52,14.089729952759484,217.6155035497759,0.11041506009578729,-1.132965699483564,True,True
B_high_sideband_Kst_signal,18.54,14.104945643853176,214.85037397065753,0.10790939995813256,-1.1855431694185203,True,True
B_high_sideband_Kst_signal,18.560000000000002,14.120161334946872,212.22476416316567,0.10570424297211786,-1.240776190528279,True,True
B_high_sideband_Kst_signal,18.58,14.13537702604056,209.76873791208345,0.1038285657420957,-1.298389334693947,True,True
B_high_sideband_Kst_signal,18.6,14.150592717134256,207.50474980065337,0.10230732394835834,-1.358014009715739,True,True
B_high_sideband_Kst_signal,18.62,14.16580840822795,205.44760688415,0.1011593886796936,-1.41925116015411,True,True
B_high_sideband_Kst_signal,18.64,14.181024099321641,203.6044657054017,0.1003993498343154,-1.4815746539611307,True,True
B_high_sideband_Kst_signal,18.66,14.196239790415333,201.97486991159167,0.10003514537909923,-1.5442878040629973,True,True
B_high_sideband_Kst_signal,18.68,14.211455481509027,200.55082420300732,0.10006520565802227,-1.6068990264845122,True,True
B_high_sideband_Kst_signal,18.700000000000003,14.226671172602721,199.31692466732738,0.1004818446255341,-1.6687675227947814,True,True
B_high_sideband_Kst_signal,18.72,14.241886863696411,198.25053868004898,0.10126952106622451,-1.7293040096588137,True,True
B_high_sideband_Kst_signal,18.740000000000002,14.257102554790107,197.3220502692252,0.10240601052923955,-1.7879939298520804,True,True
B_high_sideband_Kst_signal,18.759999999999998,14.272318245883795,196.4951765862338,0.10386311912954155,-1.844391700751248,True,True
B_high_sideband_Kst_signal,18.78,14.287533936977491,195.7273633058353,0.10560804789645901,-1.8981469548156382,True,True
B_high_sideband_Kst_signal,18.8,14.302749628071183,194.9702658568326,0.1076044682375342,-1.9489999816739632,True,True
B_high_sideband_Kst_signal,18.82,14.317965319164875,194.17032160628105,0.10981383193109813,-1.9967814685071734,True,True
B_high_sideband_Kst_signal,18.84,14.333181010258569,193.26941608559082,0.11219676931128392,-2.041407651580435,True,True
B_high_sideband_Kst_signal,18.86,14.34839670135226,192.2056437029969,0.11471282497211933,-2.0828459224397267,True,True
B_high_sideband_Kst_signal,18.880000000000003,14.363612392445956,190.91416014066908,0.11732328879253262,-2.121138363590915,True,True
B_high_sideband_Kst_signal,18.9,14.378828083539647,189.32812021712243,0.11999035010282871,-2.1563606180252877,True,True
B_high_sideband_Kst_signal,18.92,14.39404377463334,187.37969128944178,0.122676445654808,-2.188600394254004,True,True
B_high_sideband_Kst_signal,18.939999999999998,14.40925946572703,185.09267587889235,0.12315185800186274,-2.230579276555702,False,True
B_high_sideband_Kst_signal,18.96,14.424475156820726,182.76368191331403,0.12235251383966118,-2.2793478004830887,False,True
B_high_sideband_Kst_signal,18.98,14.439690847914418,180.42454842339794,0.12154629983565837,-2.328247027453291,False,True
B_high_sideband_Kst_signal,19.0,14.45490653900811,178.07849406680361,0.1207320997640198,-2.3772826171375425,False,True
B_high_sideband_Kst_signal,19.02,14.470122230101802,175.72885383681842,0.11991059527446063,-2.4264569981568034,False,True
B_high_sideband_Kst_signal,19.04,14.485337921195494,173.37906546326894,0.11908304243679806,-2.4757759296143416,False,True
B_high_sideband_Kst_signal,19.060000000000002,14.50055361228919,171.0326537841188,0.11825017505459776,-2.5252480130271784,False,True
B_high_sideband_Kst_signal,19.08,14.51576930338288,168.6932129207289,0.11741346877226409,-2.5748828979782004,False,True
B_high_sideband_Kst_signal,19.1,14.530984994476576,166.3426038303287,0.11540074963112701,-2.619035004316734,True,True
B_high_sideband_Kst_signal,19.12,14.546200685570268,163.91449998595454,0.11274366775853288,-2.6615338647482654,True,True
B_high_sideband_Kst_signal,19.14,14.56141637666396,161.4433957067813,0.11027495863907104,-2.7064838585961812,True,True
B_high_sideband_Kst_signal,19.16,14.576632067757652,158.96884158762896,0.10802076848108247,-2.7538049992975493,True,True
B_high_sideband_Kst_signal,19.18,14.591847758851346,156.52442084414588,0.10600638128786323,-2.8033505266756533,True,True
B_high_sideband_Kst_signal,19.200000000000003,14.60706344994504,154.13760263181348,0.10425488623985842,-2.854911600812815,True,True
B_high_sideband_Kst_signal,19.22,14.62227914103873,151.82963921934288,0.10278634269965144,-2.9082196886887317,True,True
B_high_sideband_Kst_signal,19.240000000000002,14.637494832132425,149.61550703145895,0.10161757666789226,-2.962927108692818,True,True
B_high_sideband_Kst_signal,19.259999999999998,14.652710523226114,147.50389283048662,0.10076073931909388,-3.018633496321147,True,True
B_high_sideband_Kst_signal,19.28,14.66792621431981,145.4972271736233,0.10022302114667468,-3.074868228222494,True,True
B_high_sideband_Kst_signal,19.3,14.683141905413502,143.59176927735052,0.1000053707209095,-3.131228792775906,True,True
B_high_sideband_Kst_signal,19.32,14.698357596507195,141.77774401733905,0.1001040412439173,3.0959963556932806,True,True
B_high_sideband_Kst_signal,19.34,14.713573287600887,140.03953964096627,0.10050886446474686,3.040923300277,True,True
B_high_sideband_Kst_signal,19.36,14.72878897869458,138.35596452454365,0.1012043021362399,2.9871686362086702,True,True
B_high_sideband_Kst_signal,19.380000000000003,14.744004669788275,136.70056976927162,0.10217011270907665,2.9351183899453184,True,True
B_high_sideband_Kst_signal,19.4,14.759220360881965,135.04203774379403,0.10338202169733987,2.8851018485839157,True,True
B_high_sideband_Kst_signal,19.42,14.774436051975659,133.35277338093283,0.10403305344367172,2.835220486051441,False,True
B_high_sideband_Kst_signal,19.439999999999998,14.78965174306935,131.69863778831677,0.10337488031354367,2.782154523450156,False,True
B_high_sideband_Kst_signal,19.46,14.804867434163045,130.10380185806525,0.1027338106163604,2.7289303761723587,False,True
B_high_sideband_Kst_signal,19.48,14.820083125256737,128.56900112798894,0.10211239926527178,2.675522403883087,False,True
B_high_sideband_Kst_signal,19.5,14.835298816350429,127.09473413141677,0.1015157793646297,2.6219997277063527,False,True
B_high_sideband_Kst_signal,19.52,14.850514507444121,125.6812729868634,0.10094037904346759,2.568351787148744,False,True
B_high_sideband_Kst_signal,19.54,14.865730198537815,124.32867348291074,0.1003868438797912,2.5145736476555296,False,True
B_high_sideband_Kst_signal,19.560000000000002,14.88094588963151,123.03678770791566,0.09985498719058747,2.460712965668986,False,True
B_high_sideband_Kst_signal,19.58,14.896161580725199,121.80527758654125,0.09934551263705813,2.406747516355375,False,True
B_high_sideband_Kst_signal,19.6,14.911377271818894,120.63362916355209,0.09885894507161244,2.352701971936338,False,True
B_high_sideband_Kst_signal,19.62,14.926592962912586,119.52116689271679,0.09839493049230737,2.298587686748996,False,True
B_high_sideband_Kst_signal,19.64,14.941808654006278,118.46706801991832,0.0979535526939882,2.244417025805461,False,True
B_high_sideband_Kst_signal,19.66,14.957024345099972,117.47037610235475,0.0975346036523834,2.190196719932197,False,True
B_high_sideband_Kst_signal,19.68,14.972240036193664,116.53001373256666,0.09713781523610701,2.135929988388143,False,True
B_high_sideband_Kst_signal,19.700000000000003,14.987455727287358,115.64479434778923,0.0967618106104737,2.0816366012962235,False,True
B_high_sideband_Kst_signal,19.72,15.002671418381048,114.81343270995603,0.09640647488649669,2.027331652426285,False,True
B_high_sideband_Kst_signal,19.740000000000002,15.017887109474744,114.03455353358459,0.09607174860354359,1.9730158854775508,False,True
B_high_sideband_Kst_signal,19.759999999999998,15.033102800568434,113.30669894035327,0.09575730196489006,1.9187033321314357,False,True
B_high_sideband_Kst_signal,19.78,15.04831849166213,112.62833443853515,0.09546262658054426,1.864408834431127,False,True
B_high_sideband_Kst_signal,19.8,15.06353418275582,111.99785354307642,0.09518753991051593,1.8101379824741055,False,True
B_high_sideband_Kst_signal,19.82,15.078749873849514,111.4135813550497,0.09493128958905964,1.7559035678862096,False,True
B_high_sideband_Kst_signal,19.84,15.093965564943206,110.87377726882369,0.09469356661698816,1.701709090761251,False,True
B_high_sideband_Kst_signal,19.86,15.109181256036898,110.37663716939596,0.09447334480329066,1.647564678620415,False,True
B_high_sideband_Kst_signal,19.880000000000003,15.124396947130593,109.92029537885128,0.09427000720696836,1.5934851930431344,False,True
B_high_sideband_Kst_signal,19.9,15.139612638224282,109.50282679637803,0.09408324970786867,1.5394754125067878,False,True
B_high_sideband_Kst_signal,19.92,15.154828329317978,109.1222480820129,0.09390629529292022,1.4855573594039946,False,True
B_high_sideband_Kst_signal,19.939999999999998,15.170044020411668,108.77652763136803,0.09375335074164579,1.431705570454387,False,True
B_high_sideband_Kst_signal,19.96,15.185259711505363,108.46357797485507,0.093615119347672,1.3779663469985146,False,True
B_high_sideband_Kst_signal,19.98,15.200475402599055,108.18127085585002,0.09348886358758342,1.3243479983375277,False,True
B_high_sideband_Kst_signal,20.0,15.21569109369275,107.9274429935449,0.09337290804297922,1.270844278338609,False,True
B_high_sideband_Kst_signal,20.02,15.23090678478644,107.69990340032973,0.09326538439555844,1.2173885009836094,False,True
B_high_sideband_Kst_signal,20.04,15.246122475880133,107.49643931110722,0.09317153445574097,1.1641004122910659,False,True
B_high_sideband_Kst_signal,20.060000000000002,15.261338166973829,107.31483442486206,0.09308671121618191,1.11094341629041,False,True
B_high_sideband_Kst_signal,20.08,15.276553858067517,107.15287695264033,0.09301150553473983,1.0579198932751612,False,True
B_high_sideband_Kst_signal,20.1,15.291769549161213,107.00837197595047,0.09293844544477484,1.0049569781391035,False,True
B_high_sideband_Kst_signal,20.12,15.306985240254907,106.8791649742584,0.09288083495124852,0.9522703263494997,False,True
B_high_sideband_Kst_signal,20.14,15.322200931348597,106.76313710067234,0.09282343567213307,0.8996658356381516,False,True
B_high_sideband_Kst_signal,20.16,15.33741662244229,106.65823857846453,0.0927705544704311,0.8471895837300428,False,True
B_high_sideband_Kst_signal,20.18,15.352632313535981,106.56249335035909,0.09272161745042691,0.7948430074239881,False,True
B_high_sideband_Kst_signal,20.200000000000003,15.367848004629677,106.4740141483644,0.09267579365906597,0.7426393227314307,False,True
B_high_sideband_Kst_signal,20.22,15.383063695723369,106.39101498185073,0.09263165008078977,0.6905788930483395,False,True
B_high_sideband_Kst_signal,20.240000000000002,15.398279386817064,106.31182221236168,0.09258895692091827,0.6386489391374193,False,True
B_high_sideband_Kst_signal,20.259999999999998,15.413495077910753,106.23488386212466,0.09254757406017286,0.5868425387799273,False,True
B_high_sideband_Kst_signal,20.28,15.428710769004448,106.15877673401747,0.09250627855147861,0.535151431998154,False,True
B_high_sideband_Kst_signal,20.3,15.443926460098139,106.08221278757765,0.09246369677138921,0.4835675797819886,False,True
B_high_sideband_Kst_signal,20.32,15.459142151191832,106.00404267020485,0.09241852511269406,0.43210493573812087,False,True
B_high_sideband_Kst_signal,20.34,15.474357842285526,105.92325697172055,0.0923716252575518,0.3807474540657093,False,True
B_high_sideband_Kst_signal,20.36,15.489573533379216,105.83898522956588,0.09232214457990326,0.3294873454665854,False,True
B_high_sideband_Kst_signal,20.380000000000003,15.504789224472912,105.75049316188233,0.09227001028474455,0.27833065838052856,False,True
B_high_sideband_Kst_signal,20.4,15.5200049155666,105.65717762393888,0.09221537231568182,0.2272568692711841,False,True
B_high_sideband_Kst_signal,20.42,15.535220606660296,105.55855985646213,0.09215769423801265,0.17627162103406718,False,True
B_high_sideband_Kst_signal,20.439999999999998,15.550436297753988,105.45427689605367,0.09209719355267529,0.12536110237118792,False,True
B_high_sideband_Kst_signal,20.46,15.56565198884768,105.34407157742316,0.09203354870669297,0.07452036059840965,False,True
B_high_sideband_Kst_signal,20.48,15.580867679941374,105.22778128518121,0.09196732483914155,0.023753001049735056,False,True
B_high_sideband_Kst_signal,20.5,15.596083371035068,105.10532574952094,0.09189808726444346,-0.026951886999408075,False,True
B_high_sideband_Kst_signal,20.52,15.611299062128758,104.9766942016372,0.09182616936279535,-0.07759775277568655,False,True
B_high_sideband_Kst_signal,20.54,15.626514753222452,104.84193048397901,0.09174516589716873,-0.12817751636806513,False,True
B_high_sideband_Kst_signal,20.560000000000002,15.641730444316147,104.70112766241391,0.09167173783610806,-0.17872463255077448,False,True
B_high_sideband_Kst_signal,20.58,15.656946135409836,104.55440025427288,0.09159601445701337,-0.22919965156999,False,True
B_high_sideband_Kst_signal,20.6,15.672161826503531,104.40188392575965,0.09151681781137679,-0.2796028614143835,False,True
B_high_sideband_Kst_signal,20.62,15.687377517597225,104.24372131650489,0.0914331434934284,-0.32996235751399944,False,True
B_high_sideband_Kst_signal,20.64,15.702593208690915,104.08004880900944,0.09134479051778842,-0.3803466187992493,False,True
B_high_sideband_Kst_signal,20.66,15.71780889978461,103.91098547950287,0.09125716435830454,-0.43063076304028697,False,True
B_high_sideband_Kst_signal,20.68,15.7330245908783,103.73662969990255,0.09116890809384638,-0.4808618553802774,False,True
B_high_sideband_Kst_signal,20.700000000000003,15.748240281971995,103.55704878131064,0.09107800162010811,-0.5310542947979109,False,True
B_high_sideband_Kst_signal,20.72,15.763455973065687,103.37227449756028,0.09098612345418444,-0.5811931581551176,False,True
B_high_sideband_Kst_signal,20.740000000000002,15.77867166415938,103.18229924222214,0.09089093068459635,-0.6312895674387874,False,True
B_high_sideband_Kst_signal,20.759999999999998,15.793887355253071,102.98707380764199,0.09079438911382295,-0.6813177966572239,False,True
B_high_sideband_Kst_signal,20.78,15.809103046346767,102.7865065067017,0.0906957175240188,-0.7313084819934512,False,True
B_high_sideband_Kst_signal,20.8,15.824318737440457,102.58046404009565,0.09059592236492651,-0.7812577610541167,False,True
B_high_sideband_Kst_signal,20.82,15.83953442853415,102.36877253144166,0.09049347055775277,-0.8311544447390031,False,True
B_high_sideband_Kst_signal,20.84,15.854750119627845,102.15122151225023,0.09038926519945581,-0.8809911439018823,False,True
B_high_sideband_Kst_signal,20.86,15.869965810721535,101.927566521279,0.09028286284275609,-0.9307712104995606,False,True
B_high_sideband_Kst_signal,20.880000000000003,15.88518150181523,101.69753379909844,0.09017469891203722,-0.9805029417163013,False,True
B_high_sideband_Kst_signal,20.9,15.900397192908919,101.46082409611745,0.09006460894013564,-1.0301964142176698,False,True
B_high_sideband_Kst_signal,20.92,15.915612884002615,101.21711809790668,0.0899523436026746,-1.0798672546890697,False,True
B_high_sideband_Kst_signal,20.939999999999998,15.930828575096307,100.96608051367957,0.08983425027197821,-1.1294801172818631,False,True
B_high_sideband_Kst_signal,20.96,15.946044266189999,100.70736549302501,0.08971273231636195,-1.1790444864755811,False,True
B_high_sideband_Kst_signal,20.98,15.961259957283692,100.44061916366536,0.08958717212205894,-1.2285735468991295,False,True
B_high_sideband_Kst_signal,21.0,15.976475648377386,100.16548322725748,0.08945780934336325,-1.2780596765180827,False,True
B_high_sideband_Kst_signal,21.02,15.991691339471076,99.88159743058168,0.08932423490868237,-1.3275046823757926,False,True
B_high_sideband_Kst_signal,21.04,16.00690703056477,99.58860128044171,0.08918647480011409,-1.3769151406232825,False,True
B_high_sideband_Kst_signal,21.060000000000002,16.022122721658466,99.28613510584591,0.08904413469055826,-1.426297564385553,False,True
B_high_sideband_Kst_signal,21.08,16.037338412752156,98.97384039906319,0.08889709498886099,-1.475650982717348,False,True
B_high_sideband_Kst_signal,21.1,16.05255410384585,98.65135961134138,0.08874526922748881,-1.5249777449175512,False,True
B_high_sideband_Kst_signal,21.12,16.067769794939544,98.31833553017623,0.08858911698118271,-1.574281441384903,False,True
B_high_sideband_Kst_signal,21.14,16.082985486033234,97.97440934669794,0.08842202298645138,-1.623555788906385,False,True
B_high_sideband_Kst_signal,21.16,16.098201177126928,97.61922535242002,0.0882593022282974,-1.6728314805315956,False,True
B_high_sideband_Kst_signal,21.18,16.113416868220618,97.25241905672738,0.08809106774249059,-1.7220590498884543,False,True
B_high_sideband_Kst_signal,21.200000000000003,16.128632559314315,96.87362827901734,0.0879148564360651,-1.7712616608203855,False,True
B_high_sideband_Kst_signal,21.22,16.143848250408006,96.48249059806994,0.08772753667797284,-1.8205372689908133,False,True
B_high_sideband_Kst_signal,21.240000000000002,16.1590639415017,96.07863780284652,0.08753851103568436,-1.8697469157672761,False,True
B_high_sideband_Kst_signal,21.259999999999998,16.17427963259539,95.66170771025963,0.08734363001904205,-1.918954697533835,False,True
B_high_sideband_Kst_signal,21.28,16.189495323689084,95.23134223915031,0.08714229868934596,-1.9681602253057655,False,True
B_high_sideband_Kst_signal,21.3,16.204711014782777,94.7871930917554,0.0869353261066553,-2.0173606699541513,False,True
B_high_sideband_Kst_signal,21.32,16.21992670587647,94.32892750023393,0.08672109883840609,-2.0665655807051153,False,True
B_high_sideband_Kst_signal,21.34,16.23514239697016,93.85623505255717,0.08649914025081118,-2.1157912356164705,False,True
B_high_sideband_Kst_signal,21.36,16.250358088063855,93.36883575133197,0.08627119303156487,-2.165013377963632,False,True
B_high_sideband_Kst_signal,21.380000000000003,16.26557377915755,92.86648873700187,0.0860371675979117,-2.21424424325436,False,True
B_high_sideband_Kst_signal,21.4,16.28078947025124,92.34900180448994,0.08579244598679517,-2.263493432469498,False,True
B_high_sideband_Kst_signal,21.42,16.296005161344933,91.81624184824705,0.08554127654624072,-2.312764982060014,False,True
B_high_sideband_Kst_signal,21.439999999999998,16.311220852438623,91.26814551792768,0.08528627889814719,-2.3621019889382286,False,True
B_high_sideband_Kst_signal,21.46,16.326436543532317,90.70472801621054,0.08502035495135929,-2.411463207702193,False,True
B_high_sideband_Kst_signal,21.48,16.34165223462601,90.12609530480722,0.08474629310462077,-2.4608709163069733,False,True
B_high_sideband_Kst_signal,21.5,16.356867925719705,89.53245254639432,0.08446428884826301,-2.510332415309154,False,True
B_high_sideband_Kst_signal,21.52,16.372083616813395,88.92411203767506,0.08416955077825726,-2.5598286160233834,False,True
B_high_sideband_Kst_signal,21.54,16.38729930790709,88.30150599894523,0.08387324349502902,-2.6094324835430376,False,True
B_high_sideband_Kst_signal,21.560000000000002,16.402514999000786,87.66518434760519,0.0835692287244279,-2.6591449143453856,False,True
B_high_sideband_Kst_signal,21.58,16.417730690094473,87.01582610530295,0.08325566424289617,-2.708928763886821,False,True
B_high_sideband_Kst_signal,21.6,16.43294638118817,86.35424183134,0.08293400819670892,-2.758807611805407,False,True
B_high_sideband_Kst_signal,21.62,16.44816207228186,85.68137412065198,0.08260559980242047,-2.8088173491796034,False,True
B_high_sideband_Kst_signal,21.64,16.463377763375554,84.99829790778494,0.082270066979102,-2.8589459922915443,False,True
B_high_sideband_Kst_signal,21.66,16.478593454469248,84.30621841856282,0.08192879923750564,-2.909205060233865,False,True
B_high_sideband_Kst_signal,21.68,16.49380914556294,83.60646727233416,0.08158192160588541,-2.959613565726835,False,True
B_high_sideband_Kst_signal,21.700000000000003,16.509024836656632,82.90049689719217,0.08123021853190968,-3.0101804226724247,False,True
B_high_sideband_Kst_signal,21.72,16.524240527750322,82.18987315348977,0.08087453134940922,-3.0609204503550616,False,True
B_high_sideband_Kst_signal,21.740000000000002,16.539456218844016,81.47626532253025,0.08051763973420359,-3.1117867630332547,False,True
B_high_sideband_Kst_signal,21.759999999999998,16.55467190993771,80.76144108571043,0.0801546290101809,3.1202565422109196,False,True
B_high_sideband_Kst_signal,21.78,16.569887601031404,80.04724416126464,0.07979195877624436,3.068960992073924,False,True
B_high_sideband_Kst_signal,21.8,16.585103292125094,79.33559235677603,0.07942904475308785,3.0174645165751137,False,True
B_high_sideband_Kst_signal,21.82,16.600318983218788,78.62845866180851,0.0790669727736193,2.9657579969995758,False,True
B_high_sideband_Kst_signal,21.84,16.61553467431248,77.92785816840842,0.07870659517141777,2.913836504551197,False,True
B_high_sideband_Kst_signal,21.86,16.630750365406172,77.23583353661888,0.07834953446009922,2.861696036035325,False,True
B_high_sideband_Kst_signal,21.880000000000003,16.64596605649987,76.55444029909677,0.07799690920900325,2.8093339923932645,False,True
B_high_sideband_Kst_signal,21.9,16.661181747593556,75.88573225851042,0.0776489934724929,2.7567537416386463,False,True
B_high_sideband_Kst_signal,21.92,16.676397438687253,75.23174712771424,0.07730815345454052,2.7039457531111326,False,True
B_high_sideband_Kst_signal,21.939999999999998,16.691613129780944,74.59449268950175,0.07697454694624303,2.650912274255244,False,True
B_high_sideband_Kst_signal,21.96,16.706828820874637,73.97593362552334,0.07665052000337379,2.5976680618915244,False,True
B_high_sideband_Kst_signal,21.98,16.72204451196833,73.37797907287086,0.07633665737811321,2.544201740379639,False,True
B_high_sideband_Kst_signal,22.0,16.737260203062025,72.80247123147274,0.07603339000856742,2.4905255830884676,False,True
B_high_sideband_Kst_signal,22.02,16.752475894155715,72.25117490392813,0.07574247264453478,2.4366474125943305,False,True
B_high_sideband_Kst_signal,22.04,16.76769158524941,71.72576815735374,0.075464679800587,2.382569726493204,False,True
B_high_sideband_Kst_signal,22.06,16.7829072763431,71.2278340869616,0.0752013632304513,2.328299433714968,False,True
B_high_sideband_Kst_signal,22.080000000000002,16.798122967436793,70.75885365604063,0.07495317387314128,2.2738506945920185,False,True
B_high_sideband_Kst_signal,22.1,16.813338658530487,70.32019962512959,0.07472048699973749,2.219232874752109,False,True
B_high_sideband_Kst_signal,22.12,16.82855434962418,69.91313143839534,0.07450446112196914,2.1644612802368037,False,True
B_high_sideband_Kst_signal,22.14,16.84377004071787,69.53879088759959,0.07430465766984191,2.1095601246118125,False,True
B_high_sideband_Kst_signal,22.16,16.858985731811565,69.19819935167652,0.07412519892963308,2.054500104995248,False,True
B_high_sideband_Kst_signal,22.18,16.874201422905255,68.89225367283143,0.0739633369364263,1.9993331220888648,False,True
B_high_sideband_Kst_signal,22.2,16.88941711399895,68.62172509161383,0.07381928936110149,1.9440413834355137,False,True
B_high_sideband_Kst_signal,22.22,16.904632805092643,68.3872573959984,0.07369576402629487,1.888725871382157,False,True
B_high_sideband_Kst_signal,22.240000000000002,16.919848496186336,68.18936405492423,0.07359156681722163,1.8333056116589517,False,True
B_high_sideband_Kst_signal,22.26,16.93506418728003,68.02842813654615,0.07350722858217888,1.7778348928234713,False,True
B_high_sideband_Kst_signal,22.28,16.950279878373724,67.90470021274996,0.07344298152193525,1.7223283811765544,False,True
B_high_sideband_Kst_signal,22.3,16.965495569467414,67.8182971073793,0.07339915080283277,1.6668005038425988,False,True
B_high_sideband_Kst_signal,22.32,16.980711260561108,67.76920050530362,0.07337513497971627,1.6112803956180164,False,True
B_high_sideband_Kst_signal,22.34,16.9959269516548,67.75725550986363,0.07337174805146342,1.5557741605470823,False,True
B_high_sideband_Kst_signal,22.36,17.011142642748492,67.7821693269957,0.07338817520324827,1.5002934165384896,False,True
B_high_sideband_Kst_signal,22.38,17.026358333842186,67.84350998762147,0.07342449922336163,1.4448630080564207,False,True
B_high_sideband_Kst_signal,22.4,17.041574024935876,67.94070539561653,0.07347994017203649,1.3894950995636364,False,True
B_high_sideband_Kst_signal,22.42,17.05678971602957,68.07304270355644,0.07355496272695207,1.334212177656313,False,True
B_high_sideband_Kst_signal,22.44,17.072005407123264,68.2396683197394,0.07364843592121133,1.2790318739517428,False,True
B_high_sideband_Kst_signal,22.46,17.087221098216954,68.43958859575741,0.07375997279524626,1.2239674875012834,False,True
B_high_sideband_Kst_signal,22.48,17.102436789310648,68.67167147018881,0.07388929593593942,1.1690331002620231,False,True
B_high_sideband_Kst_signal,22.5,17.11765248040434,68.93464921120085,0.07403473028774331,1.1142493343232505,False,True
B_high_sideband_Kst_signal,22.52,17.132868171498032,69.22712246227138,0.07419680176443887,1.059615329549078,False,True
B_high_sideband_Kst_signal,22.54,17.148083862591726,69.54756560101305,0.07437347787829761,1.005160118649668,False,True
B_high_sideband_Kst_signal,22.56,17.163299553685416,69.89433381069557,0.07456455189420369,0.9508696820987189,False,True
B_high_sideband_Kst_signal,22.580000000000002,17.178515244779113,70.26567147789365,0.07476864443289218,0.8967835173374779,False,True
B_high_sideband_Kst_signal,22.6,17.193730935872807,70.65972246939782,0.07498430475985444,0.8428941724880468,False,True
B_high_sideband_Kst_signal,22.62,17.208946626966497,71.07454184157723,0.07521112158354895,0.7892130600852876,False,True
B_high_sideband_Kst_signal,22.64,17.22416231806019,71.50810912270936,0.07544736455297772,0.7357429338939743,False,True
B_high_sideband_Kst_signal,22.66,17.239378009153885,71.9583430068451,0.07569194849340583,0.6824871916440213,False,True
B_high_sideband_Kst_signal,22.68,17.254593700247575,72.4231172893974,0.07594368123077318,0.6294428015184318,False,True
B_high_sideband_Kst_signal,22.7,17.26980939134127,72.90027765815512,0.07619953638767339,0.5766343762784488,False,True
B_high_sideband_Kst_signal,22.72,17.285025082434963,73.38766030396437,0.07646225291982552,0.5240260431104122,False,True
B_high_sideband_Kst_signal,22.740000000000002,17.300240773528653,73.8831088072875,0.07672834211515345,0.4716259256168829,False,True
B_high_sideband_Kst_signal,22.76,17.315456464622347,74.38449383474563,0.0769955859099041,0.4194329536965092,False,True
B_high_sideband_Kst_signal,22.78,17.33067215571604,74.88973148369723,0.07726379663507509,0.36745412173931497,False,True
B_high_sideband_Kst_signal,22.8,17.34588784680973,75.39680132796502,0.07753206911850573,0.31567452363503284,False,True
B_high_sideband_Kst_signal,22.82,17.361103537903425,75.90376414326965,0.0777989012483763,0.2640712724721722,False,True
B_high_sideband_Kst_signal,22.84,17.37631922899712,76.40877860177716,0.07806340601737183,0.21264806886653922,False,True
B_high_sideband_Kst_signal,22.86,17.39153492009081,76.91011686436377,0.07832471532569792,0.16139637732571396,False,True
B_high_sideband_Kst_signal,22.88,17.406750611184503,77.4061787709802,0.07858225069412643,0.11029699586335645,False,True
B_high_sideband_Kst_signal,22.9,17.421966302278193,77.89550446415114,0.07883503724448379,0.059340813960761254,False,True
B_high_sideband_Kst_signal,22.92,17.43718199337189,78.37678527437583,0.07908261488907342,0.008531814134040396,False,True
B_high_sideband_Kst_signal,22.94,17.452397684465584,78.84887269430237,0.07932447325810817,-0.042166990459689996,False,True
B_high_sideband_Kst_signal,22.96,17.467613375559274,79.31078544753518,0.07955985004532214,-0.09275969363848531,False,True
B_high_sideband_Kst_signal,22.98,17.482829066652968,79.76171448276682,0.07978849314346763,-0.14325409250129756,False,True
B_high_sideband_Kst_signal,23.0,17.498044757746662,80.2010259623703,0.08001077420360893,-0.1936681189604238,False,True
B_high_sideband_Kst_signal,23.02,17.513260448840352,80.62826224976197,0.08022588315980053,-0.24401121193982417,False,True
B_high_sideband_Kst_signal,23.04,17.528476139934046,81.04314090149319,0.08043424123379929,-0.2942960307036126,False,True
B_high_sideband_Kst_signal,23.06,17.543691831027736,81.44555184118644,0.0806358215271697,-0.34453383002205984,False,True
B_high_sideband_Kst_signal,23.080000000000002,17.55890752212143,81.83555275360459,0.08083074715046294,-0.3947304723174166,False,True
B_high_sideband_Kst_signal,23.1,17.574123213215124,82.21336287249142,0.08101912029959303,-0.4449060556635455,False,True
B_high_sideband_Kst_signal,23.12,17.589338904308818,82.5793550106655,0.08120012168759153,-0.49507175462931763,False,True
B_high_sideband_Kst_signal,23.14,17.604554595402508,82.93404787974441,0.0813795023748152,-0.545189898884696,False,True
B_high_sideband_Kst_signal,23.16,17.619770286496202,83.27809464106394,0.08154893684271278,-0.5953559574114093,False,True
B_high_sideband_Kst_signal,23.18,17.634985977589896,83.61227171606697,0.08171558591230474,-0.6455163921346553,False,True
B_high_sideband_Kst_signal,23.2,17.650201668683586,83.9374690609884,0.08187774611594742,-0.6956861240402923,False,True
B_high_sideband_Kst_signal,23.22,17.66541735977728,84.25467668481087,0.08203629004520699,-0.7458761655439299,False,True
B_high_sideband_Kst_signal,23.240000000000002,17.680633050870973,84.56497256526427,0.08219126169946686,-0.7960881697284827,False,True
B_high_sideband_Kst_signal,23.26,17.695848741964667,84.8695100776622,0.08234397761115543,-0.8463303101376204,False,True
B_high_sideband_Kst_signal,23.28,17.71106443305836,85.16950542541963,0.08249472628146091,-0.8966050171753832,False,True
B_high_sideband_Kst_signal,23.3,17.72628012415205,85.46622499164914,0.08264192119385447,-0.9468982931997331,False,True
B_high_sideband_Kst_signal,23.32,17.741495815245745,85.7609740059379,0.08279133281488903,-0.9972371301398614,False,True
B_high_sideband_Kst_signal,23.34,17.756711506339435,86.05508320560921,0.08294088570326359,-1.0476249142109282,False,True
B_high_sideband_Kst_signal,23.36,17.77192719743313,86.3498981613011,0.08309009512359564,-1.0980405461185565,False,True
B_high_sideband_Kst_signal,23.38,17.787142888526823,86.64676813815458,0.08324019566964153,-1.1485012060844348,False,True
B_high_sideband_Kst_signal,23.400000000000002,17.802358579620517,86.94703520487838,0.08339186916385574,-1.1989668848744963,False,True
B_high_sideband_Kst_signal,23.42,17.817574270714207,87.25202351899134,0.08354565244175155,-1.2494844000297156,False,True
B_high_sideband_Kst_signal,23.44,17.8327899618079,87.56302953941986,0.08370248234490649,-1.3000266894183308,False,True
B_high_sideband_Kst_signal,23.46,17.848005652901595,87.88131195178539,0.08386261057420002,-1.3505980771392905,False,True
B_high_sideband_Kst_signal,23.48,17.863221343995285,88.20808198866325,0.08402641080182371,-1.401192414743299,False,True
B_high_sideband_Kst_signal,23.5,17.87843703508898,88.54449377856918,0.08419435284916026,-1.4518035390824209,False,True
B_high_sideband_Kst_signal,23.52,17.893652726182673,88.89163471932943,0.08436722286534462,-1.5024306707916117,False,True
B_high_sideband_Kst_signal,23.54,17.908868417276363,89.25051579360934,0.08454541425202865,-1.5530615203949973,False,True
B_high_sideband_Kst_signal,23.56,17.924084108370057,89.62206182005593,0.08472885596898393,-1.6037068634934286,False,True
B_high_sideband_Kst_signal,23.580000000000002,17.93929979946375,90.00710151174826,0.08491782799731964,-1.6543484575222638,False,True
B_high_sideband_Kst_signal,23.6,17.954515490557444,90.40635751795844,0.0851129473896029,-1.7049876863371345,False,True
B_high_sideband_Kst_signal,23.62,17.969731181651134,90.82043631716215,0.08531418032890667,-1.7556112627760558,False,True
B_high_sideband_Kst_signal,23.64,17.98494687274483,91.24981820763514,0.08552208845443617,-1.8062127545152935,False,True
B_high_sideband_Kst_signal,23.66,18.000162563838522,91.69484738100482,0.08573669351217257,-1.8567902475461613,False,True
B_high_sideband_Kst_signal,23.68,18.015378254932212,92.1557223234222,0.08595810157521584,-1.9073251743017934,False,True
B_high_sideband_Kst_signal,23.7,18.030593946025906,92.63248670708117,0.08618611841340831,-1.9578167821705215,False,True
B_high_sideband_Kst_signal,23.72,18.045809637119596,93.12502101736936,0.08642104829653711,-2.0082602118924417,False,True
B_high_sideband_Kst_signal,23.740000000000002,18.061025328213294,93.63303498924097,0.08666133072973871,-2.058663440539097,False,True
B_high_sideband_Kst_signal,23.76,18.076241019306984,94.15606165804593,0.08690868870934383,-2.1089531741096104,False,True
B_high_sideband_Kst_signal,23.78,18.091456710400678,94.69345335160688,0.08716316614893883,-2.1591906817314106,False,True
B_high_sideband_Kst_signal,23.8,18.10667240149437,95.24437613463124,0.08742228828851192,-2.2093429810525165,False,True
B_high_sideband_Kst_signal,23.82,18.121888092588062,95.8078120253549,0.08768603547258833,-2.2593998492059275,False,True
B_high_sideband_Kst_signal,23.84,18.137103783681756,96.38255843502611,0.08795435888072749,-2.3093551980719327,False,True
B_high_sideband_Kst_signal,23.86,18.15231947477545,96.96723213229916,0.0882282833286039,-2.3592179631605132,False,True
B_high_sideband_Kst_signal,23.88,18.16753516586914,97.56027498323601,0.08850184695327705,-2.408949855457992,False,True
B_high_sideband_Kst_signal,23.900000000000002,18.182750856962834,98.15996328950132,0.08877993935115014,-2.458575554835602,False,True
B_high_sideband_Kst_signal,23.92,18.197966548056527,98.76441798476117,0.08905978742601163,-2.50807649448685,False,True
B_high_sideband_Kst_signal,23.94,18.21318223915022,99.3716187274863,0.08934050678051698,-2.557455966882291,False,True
B_high_sideband_Kst_signal,23.96,18.22839793024391,99.97941961556353,0.08962014088969275,-2.606712046872935,False,True
B_high_sideband_Kst_signal,23.98,18.243613621337605,100.58556768219023,0.08989774490474954,-2.655834710530769,False,True
B_high_sideband_Kst_signal,24.0,18.258829312431295,101.18772291396226,0.09017203417137422,-2.7048171770687377,False,True
B_high_sideband_Kst_signal,24.02,18.27404500352499,101.78348004910549,0.09044314618048532,-2.753683023430255,False,True
B_high_sideband_Kst_signal,24.04,18.289260694618683,102.37039196296064,0.09070878187158085,-2.802416452459162,False,True
B_high_sideband_Kst_signal,24.06,18.304476385712373,102.94599397965521,0.09096798734938104,-2.851023774926322,False,True
B_high_sideband_Kst_signal,24.080000000000002,18.31969207680607,103.50782895246539,0.09122025229106678,-2.899515485637286,False,True
B_high_sideband_Kst_signal,24.1,18.33490776789976,104.05347269121967,0.09146416260936908,-2.9478983871861297,False,True
B_high_sideband_Kst_signal,24.12,18.350123458993455,104.5805593471373,0.09169829972951661,-2.9961715705554393,False,True
B_high_sideband_Kst_signal,24.14,18.36533915008715,105.08680640474813,0.0919223038848075,-3.0443407567620864,False,True
B_high_sideband_Kst_signal,24.16,18.38055484118084,105.5700376523564,0.09213905613798422,-3.092459796022459,False,True
B_high_sideband_Kst_signal,24.18,18.395770532274533,106.02821286865083,0.0923355643486687,-3.1404239733700825,False,True
B_high_sideband_Kst_signal,24.2,18.410986223368226,106.45943667366691,0.09252334941258611,3.0948285237152824,False,True
B_high_sideband_Kst_signal,24.22,18.426201914461917,106.86199172481884,0.09269708319329073,3.0469562721997505,False,True
B_high_sideband_Kst_signal,24.240000000000002,18.44141760555561,107.2343505672693,0.09285678273339808,2.9991363803708952,False,True
B_high_sideband_Kst_signal,24.26,18.456633296649304,107.57519327378668,0.09300180178948499,2.9513493538007562,False,True
B_high_sideband_Kst_signal,24.28,18.471848987742998,107.88342153721305,0.09313171497966811,2.9035875372841837,False,True
B_high_sideband_Kst_signal,24.3,18.48706467883669,108.158170523629,0.09324659455578226,2.8558377231816734,False,True
B_high_sideband_Kst_signal,24.32,18.502280369930382,108.39881832526316,0.09334583801815192,2.808081819200581,False,True
B_high_sideband_Kst_signal,24.34,18.517496061024072,108.60499310098476,0.09342991098142425,2.760339673082901,False,True
B_high_sideband_Kst_signal,24.36,18.532711752117766,108.77657771102167,0.09349870196404142,2.7125501723425756,False,True
B_high_sideband_Kst_signal,24.38,18.54792744321146,108.91371214317041,0.09355220039905249,2.6647243987140548,False,True
B_high_sideband_Kst_signal,24.400000000000002,18.563143134305154,109.01679316149875,0.09358970283201208,2.6168603579340886,False,True
B_high_sideband_Kst_signal,24.42,18.578358825398848,109.08647469900598,0.09361449876003036,2.568931876425426,False,True
B_high_sideband_Kst_signal,24.44,18.593574516492538,109.12365919853482,0.09362496638852802,2.5209110295305126,False,True
B_high_sideband_Kst_signal,24.46,18.60879020758623,109.12949597614124,0.09362150932188809,2.472820247058674,False,True
B_high_sideband_Kst_signal,24.48,18.624005898679926,109.10537180336178,0.0936053394158007,2.4246347492824274,False,True
B_high_sideband_Kst_signal,24.5,18.639221589773616,109.05290185314152,0.0935770369094195,2.37634280242474,False,True
B_high_sideband_Kst_signal,24.52,18.65443728086731,108.97391921549479,0.0935378350503191,2.3279314073054542,False,True
B_high_sideband_Kst_signal,24.54,18.669652971961003,108.87046307673381,0.09348873536411142,2.279394417485781,False,True
B_high_sideband_Kst_signal,24.56,18.684868663054694,108.74476586054061,0.09343082282919213,2.2307221010942837,False,True
B_high_sideband_Kst_signal,24.580000000000002,18.700084354148387,108.59923940326325,0.09336473581465306,2.1819028842148898,False,True
B_high_sideband_Kst_signal,24.6,18.71530004524208,108.43646037689541,0.09329142985117343,2.132939574713345,False,True
B_high_sideband_Kst_signal,24.62,18.73051573633577,108.25915510581535,0.0932123864292622,2.0838132278275046,False,True
B_high_sideband_Kst_signal,24.64,18.745731427429465,108.07018373241408,0.09312759937361795,2.0345484103372655,False,True
B_high_sideband_Kst_signal,24.66,18.76094711852316,107.87252364204141,0.09304029266077751,1.9851023390872553,False,True
B_high_sideband_Kst_signal,24.68,18.77616280961685,107.6692528778135,0.09295042218974081,1.9354889895159957,False,True
B_high_sideband_Kst_signal,24.7,18.791378500710543,107.46353268495022,0.09285997054082358,1.8857022369785816,False,True
B_high_sideband_Kst_signal,24.72,18.806594191804233,107.25858976219115,0.09277034945680765,1.8357447532948152,False,True
B_high_sideband_Kst_signal,24.740000000000002,18.82180988289793,107.05769797439734,0.09268219745468392,1.7856100429561852,False,True
B_high_sideband_Kst_signal,24.76,18.837025573991625,106.86415956686096,0.09259694038511967,1.7352991763754817,False,True
B_high_sideband_Kst_signal,24.78,18.852241265085315,106.6812857561631,0.09251667592465239,1.6848133083656016,False,True
B_high_sideband_Kst_signal,24.8,18.86745695617901,106.51237562005781,0.09244488032704094,1.634120441351235,False,True
B_high_sideband_Kst_signal,24.82,18.882672647272702,106.36070094530487,0.09237491324897394,1.5833224726837407,False,True
B_high_sideband_Kst_signal,24.84,18.897888338366393,106.22947390232639,0.09231699027658466,1.5323547900016217,False,True
B_high_sideband_Kst_signal,24.86,18.913104029460087,106.12183566899012,0.0922688654998607,1.4812161908772892,False,True
B_high_sideband_Kst_signal,24.88,18.92831972055378,106.0408285400963,0.09223191904628522,1.429925783545457,False,True
B_high_sideband_Kst_signal,24.900000000000002,18.94353541164747,105.98937341600913,0.0922072742997895,1.3785011286932527,False,True
B_high_sideband_Kst_signal,24.92,18.958751102741164,105.97024593680999,0.0921967356282464,1.3269466136891899,False,True
B_high_sideband_Kst_signal,24.94,18.973966793834858,105.98605220952186,0.09220096983430225,1.2752774474072541,False,True
B_high_sideband_Kst_signal,24.96,18.98918248492855,106.0392043590864,0.09222115316679552,1.2235059252057678,False,True
B_high_sideband_Kst_signal,24.98,19.004398176022242,106.13189620239245,0.09225844848651558,1.1716375344259338,False,True
B_high_sideband_Kst_signal,25.0,19.019613867115932,106.26607918812624,0.09231327125491069,1.1196886599710918,False,True
B_high_sideband_Kst_signal,25.02,19.034829558209626,106.44343892031566,0.0923877995353744,1.0677472816738878,False,True
B_high_sideband_Kst_signal,25.04,19.05004524930332,106.66537440118191,0.09248113399482574,1.0157066074240648,False,True
B_high_sideband_Kst_signal,25.06,19.06526094039701,106.93297478530076,0.09259213559874153,0.9636217536066465,False,True
B_high_sideband_Kst_signal,25.080000000000002,19.080476631490708,107.2470023235719,0.09272423287275813,0.9115708308840391,False,True
B_high_sideband_Kst_signal,25.1,19.0956923225844,107.60787574004462,0.09287628843948183,0.8595358317025863,False,True
B_high_sideband_Kst_signal,25.12,19.110908013678092,108.01565586522611,0.0930486060060765,0.8075470585359438,False,True
B_high_sideband_Kst_signal,25.14,19.126123704771786,108.47003486842505,0.09324046811186161,0.7556113791206401,False,True
B_high_sideband_Kst_signal,25.16,19.14133939586548,108.97032872227146,0.09345205477630238,0.7037561819429445,False,True
B_high_sideband_Kst_signal,25.18,19.15655508695917,109.5154731358084,0.09368212341062157,0.6519782226636213,False,True
B_high_sideband_Kst_signal,25.2,19.171770778052863,110.1040234493912,0.09392929947774367,0.6003881564516329,False,True
B_high_sideband_Kst_signal,25.22,19.186986469146554,110.73415857636337,0.0941958730737508,0.5488502038268269,False,True
B_high_sideband_Kst_signal,25.240000000000002,19.202202160240248,111.40368753594294,0.09447642119746077,0.4974984049241488,False,True
B_high_sideband_Kst_signal,25.26,19.21741785133394,112.11006231295596,0.09477190987166324,0.44636045940405417,False,True
B_high_sideband_Kst_signal,25.28,19.23263354242763,112.8503925793184,0.09508076959527302,0.3953749021201929,False,True
B_high_sideband_Kst_signal,25.3,19.247849233521325,113.6214650048505,0.09540112906507123,0.3445677704946699,False,True
B_high_sideband_Kst_signal,25.32,19.26306492461502,114.41976525109976,0.09573155899455058,0.2939598863374903,False,True
B_high_sideband_Kst_signal,25.34,19.27828061570871,115.24150389660099,0.0960703347159908,0.24356194210529236,False,True
B_high_sideband_Kst_signal,25.36,19.293496306802403,116.082644755209,0.09641557478907602,0.19338385326846375,False,True
B_high_sideband_Kst_signal,25.38,19.308711997896097,116.93893572380239,0.09676557245411874,0.14343170372204428,False,True
B_high_sideband_Kst_signal,25.400000000000002,19.32392768898979,117.80594205663056,0.09711813994037866,0.09371933590427722,False,True
B_high_sideband_Kst_signal,25.42,19.339143380083485,118.67908094579298,0.09746878295933512,0.04428685401691046,False,True
B_high_sideband_Kst_signal,25.44,19.35435907117718,119.55365416887525,0.09781902217104288,-0.0049639200619762845,False,True
B_high_sideband_Kst_signal,25.46,19.36957476227087,120.42488911231976,0.09816684534321674,-0.05397834635865888,False,True
B_high_sideband_Kst_signal,25.48,19.384790453364563,121.28797267998016,0.0985085502996001,-0.10275334380487906,False,True
B_high_sideband_Kst_signal,25.5,19.400006144458253,122.13808839036437,0.09884286724241433,-0.15131867417960657,False,True
B_high_sideband_Kst_signal,25.52,19.415221835551947,122.97045290314463,0.09916824015520792,-0.19967108138816383,False,True
B_high_sideband_Kst_signal,25.54,19.43043752664564,123.78035135550681,0.09948194436322151,-0.2478104854179035,False,True
B_high_sideband_Kst_signal,25.56,19.44565321773933,124.56317180128826,0.09978323668495395,-0.2957577259944548,False,True
B_high_sideband_Kst_signal,25.580000000000002,19.460868908833024,125.31443833278126,0.10007008783145731,-0.3435119691022493,False,True
B_high_sideband_Kst_signal,25.6,19.47608459992672,126.02984262344125,0.1003410325818648,-0.3910994645358026,False,True
B_high_sideband_Kst_signal,25.62,19.49130029102041,126.7052736413657,0.10059496247422894,-0.43852458949359896,False,True
B_high_sideband_Kst_signal,25.64,19.506515982114102,127.33684555999434,0.1008295950777843,-0.4857925531495799,False,True
B_high_sideband_Kst_signal,25.66,19.521731673207796,127.92092319443145,0.10104524878880958,-0.5328895083670446,False,True
B_high_sideband_Kst_signal,25.68,19.536947364301486,128.45414750688087,0.1012390857434403,-0.5799253296000872,False,True
B_high_sideband_Kst_signal,25.7,19.55216305539518,128.93345375950457,0.10141071283129767,-0.6268357071055988,False,True
B_high_sideband_Kst_signal,25.72,19.56737874648887,129.35609369991607,0.101560746612776,-0.6736646570522888,False,True
B_high_sideband_Kst_signal,25.740000000000002,19.582594437582568,129.7196518547198,0.10168654191168201,-0.720414000178185,False,True
B_high_sideband_Kst_signal,25.76,19.59781012867626,130.02206060670505,0.10178703218420013,-0.7671050969092696,False,True
B_high_sideband_Kst_signal,25.78,19.613025819769952,130.26161178878556,0.10186228887303538,-0.8137505433472642,False,True
B_high_sideband_Kst_signal,25.8,19.628241510863646,130.43696898452936,0.10191336993992704,-0.8603413599648708,False,True
B_high_sideband_Kst_signal,25.82,19.64345720195734,130.54717586776906,0.10194142359810332,-0.9069194776789525,False,True
B_high_sideband_Kst_signal,25.84,19.65867289305103,130.59166088715438,0.1019423304596582,-0.9535291254542705,False,True
B_high_sideband_Kst_signal,25.86,19.673888584144724,130.57024478486483,0.1019177524677457,-1.0001615386004286,False,True
B_high_sideband_Kst_signal,25.88,19.689104275238414,130.4831418157928,0.10186815119955052,-1.0468061606021695,False,True
B_high_sideband_Kst_signal,25.900000000000002,19.70431996633211,130.3309605417594,0.10179352278255226,-1.0935091770516339,False,True
B_high_sideband_Kst_signal,25.92,19.7195356574258,130.11470387028385,0.10169404219193558,-1.1403038964920733,False,True
B_high_sideband_Kst_signal,25.94,19.734751348519495,129.8357656768194,0.10157064132820785,-1.1871947499955742,False,True
B_high_sideband_Kst_signal,25.96,19.749967039613185,129.49592655420201,0.10142351250919994,-1.234198847875222,False,True
B_high_sideband_Kst_signal,25.98,19.76518273070688,129.09734745074456,0.10125396672178255,-1.2813269705807597,False,True
B_high_sideband_Kst_signal,26.0,19.780398421800573,128.64256160751074,0.10106213919015454,-1.3286067986474492,False,True
B_high_sideband_Kst_signal,26.02,19.795614112894263,128.13446417672048,0.10084943515975557,-1.3760506998710396,False,True
B_high_sideband_Kst_signal,26.04,19.810829803987957,127.5763001939099,0.10061733901845973,-1.423675892892488,False,True
B_high_sideband_Kst_signal,26.06,19.826045495081647,126.97165045307838,0.10036653515022427,-1.4714842734032392,False,True
B_high_sideband_Kst_signal,26.080000000000002,19.841261186175345,126.32441484369429,0.10009707810081522,-1.5194870473993707,False,True
B_high_sideband_Kst_signal,26.1,19.85647687726904,125.63879335932006,0.09981235833716061,-1.5677143976027212,False,True
B_high_sideband_Kst_signal,26.12,19.87169256836273,124.91926546253535,0.09951280355835618,-1.616175150511821,False,True
B_high_sideband_Kst_signal,26.14,19.886908259456423,124.17056697277894,0.09920295206406413,-1.6649437439773505,False,True
B_high_sideband_Kst_signal,26.16,19.902123950550113,123.39766224114373,0.09888141375160368,-1.7139468708414012,False,True
B_high_sideband_Kst_signal,26.18,19.917339641643807,122.6057179305767,0.09855055989877505,-1.7632297228778366,False,True
B_high_sideband_Kst_signal,26.2,19.9325553327375,121.80007100887133,0.09821363029621163,-1.812798222359641,False,True
B_high_sideband_Kst_signal,26.22,19.94777102383119,120.98619602792542,0.09787193445617323,-1.8626712719078704,False,True
B_high_sideband_Kst_signal,26.240000000000002,19.962986714924888,120.16966991265053,0.09752798951770185,-1.9128575501098988,False,True
B_high_sideband_Kst_signal,26.26,19.97820240601858,119.35613494425797,0.09718388054508376,-1.963356150631091,False,True
B_high_sideband_Kst_signal,26.28,19.993418097112272,118.55126007375748,0.09684260927535802,-2.0141452858286675,False,True
B_high_sideband_Kst_signal,26.3,20.008633788205962,117.76070136270664,0.09650582650064828,-2.065267904857082,False,True
B_high_sideband_Kst_signal,26.32,20.023849479299656,116.99006152904349,0.09617505275765022,-2.1167556610027467,False,True
B_high_sideband_Kst_signal,26.34,20.03906517039335,116.24484756856691,0.09585454051879849,-2.168531755506313,False,True
B_high_sideband_Kst_signal,26.36,20.05428086148704,115.53043183063392,0.09554575220854185,-2.220617450890304,False,True
B_high_sideband_Kst_signal,26.38,20.069496552580734,114.85201074667384,0.09525113266949353,-2.2730111526718444,False,True
B_high_sideband_Kst_signal,26.400000000000002,20.084712243674428,114.21456610217137,0.09497275133169687,-2.3256977399823553,False,True
B_high_sideband_Kst_signal,26.42,20.09992793476812,113.62282783383534,0.09471315788695162,-2.378675214628543,False,True
B_high_sideband_Kst_signal,26.44,20.115143625861812,113.08123861361446,0.09447322081626058,-2.4319683899708946,False,True
B_high_sideband_Kst_signal,26.46,20.130359316955506,112.59392324512237,0.09425607421600486,-2.485455715456258,False,True
B_high_sideband_Kst_signal,26.48,20.1455750080492,112.16465755894569,0.09406493212073339,-2.5391351426664737,False,True
B_high_sideband_Kst_signal,26.5,20.16079069914289,111.79684272856912,0.09389769646715507,-2.5930877633600953,False,True
B_high_sideband_Kst_signal,26.52,20.176006390236584,111.49348589893907,0.0937581321605991,-2.647196160852588,False,True
B_high_sideband_Kst_signal,26.54,20.191222081330277,111.25718021923285,0.09364754415420366,-2.701458547752816,False,True
B_high_sideband_Kst_signal,26.56,20.206437772423968,111.09009245679908,0.09356606195132734,-2.755876163454071,False,True
B_high_sideband_Kst_signal,26.580000000000002,20.221653463517665,110.99395341902982,0.09351407754612431,-2.8104101187597426,False,True
B_high_sideband_Kst_signal,26.6,20.236869154611355,110.97005289289837,0.093492774121462,-2.865026625399633,False,True
B_high_sideband_Kst_signal,26.62,20.25208484570505,111.01923897525603,0.0935022035175175,-2.919695444699577,False,True
B_high_sideband_Kst_signal,26.64,20.26730053679874,111.14192123190423,0.09354267461948391,-2.974384275075144,False,True
B_high_sideband_Kst_signal,26.66,20.282516227892433,111.33807781111636,0.09361389445732243,-3.0290786363859916,False,True
B_high_sideband_Kst_signal,26.68,20.297731918986127,111.60726587480713,0.09371506806097757,-3.0837601811386057,False,True
B_high_sideband_Kst_signal,26.7,20.312947610079817,111.94863519611908,0.09384647124620225,-3.138389208378255,False,True
B_high_sideband_Kst_signal,26.72,20.32816330117351,112.36094558035893,0.09400722415153871,3.0902877585077615,False,True
B_high_sideband_Kst_signal,26.740000000000002,20.343378992267205,112.84258553428936,0.09419668753935341,3.035859385339824,False,True
B_high_sideband_Kst_signal,26.76,20.3585946833609,113.39159427577943,0.09441333861245259,2.981555286422216,False,True
B_high_sideband_Kst_signal,26.78,20.373810374454592,114.00568513506096,0.09465553484957548,2.9274030780274263,False,True
B_high_sideband_Kst_signal,26.8,20.38902606554828,114.6822706627513,0.09492289320085372,2.873413889188719,False,True
B_high_sideband_Kst_signal,26.82,20.404241756641973,115.41848899890283,0.09521327106689653,2.8196012814817037,False,True
B_high_sideband_Kst_signal,26.84,20.419457447735667,116.21123116428817,0.09552573730900775,2.7659837795160773,False,True
B_high_sideband_Kst_signal,26.86,20.43467313882936,117.0571690402835,0.09585816931417866,2.7125698372060594,False,True
B_high_sideband_Kst_signal,26.88,20.449888829923054,117.95278366470166,0.09620989162176175,2.6594128088451123,False,True
B_high_sideband_Kst_signal,26.900000000000002,20.465104521016748,118.89439422466694,0.09657793830791385,2.606451488252561,False,True
B_high_sideband_Kst_signal,26.92,20.480320212110442,119.87818600893934,0.09696103412283819,2.553700115234174,False,True
B_high_sideband_Kst_signal,26.94,20.495535903204132,120.90023897120682,0.09735814568112638,2.5012091186898764,False,True
B_high_sideband_Kst_signal,26.96,20.510751594297826,121.95655610828135,0.09776699202571049,2.448964765723522,False,True
B_high_sideband_Kst_signal,26.98,20.525967285391516,123.04309070769295,0.09818624307057891,2.3969597380627237,False,True
B_high_sideband_Kst_signal,27.0,20.54118297648521,124.15577330575888,0.09861362155687806,2.3451774238038587,False,True
B_high_sideband_Kst_signal,27.02,20.556398667578904,125.29053852431616,0.09904768356534399,2.293654200383786,False,True
B_high_sideband_Kst_signal,27.04,20.571614358672594,126.44335027146553,0.0994884606392264,2.242424394072227,False,True
B_high_sideband_Kst_signal,27.06,20.586830049766288,127.61022625595933,0.09993209671902785,2.1913667907796848,False,True
B_high_sideband_Kst_signal,27.080000000000002,20.60204574085998,128.7872629337321,0.1003776981261553,2.140553426527065,False,True
B_high_sideband_Kst_signal,27.1,20.617261431953676,129.9706581961177,0.10082424588816,2.089973280125766,False,True
B_high_sideband_Kst_signal,27.12,20.63247712304737,131.15673360151322,0.10127092768287153,2.039634882680665,False,True
B_high_sideband_Kst_signal,27.14,20.647692814141056,132.34195582809207,0.10171551646302533,1.9894939500565274,False,True
B_high_sideband_Kst_signal,27.16,20.66290850523475,133.52295721440623,0.10215666319809641,1.9395449965496154,False,True
B_high_sideband_Kst_signal,27.18,20.678124196328444,134.69655478540926,0.10259405653645849,1.889782578433003,False,True
B_high_sideband_Kst_signal,27.2,20.693339887422137,135.8597685575669,0.1030257686392469,1.840203070777035,False,True
B_high_sideband_Kst_signal,27.22,20.70855557851583,136.9981255040043,0.10251521595508423,1.7927694774584604,True,True
B_high_sideband_Kst_signal,27.240000000000002,20.723771269609525,138.0731904221998,0.10154328126117293,1.7453638801956102,True,True
B_high_sideband_Kst_signal,27.26,20.73898696070322,139.10351331358925,0.10079467741889357,1.6964506350435808,True,True
B_high_sideband_Kst_signal,27.28,20.75420265179691,140.10960996088215,0.10028614389531,1.6463560035841163,True,True
B_high_sideband_Kst_signal,27.3,20.7694183428906,141.1075544581663,0.10003036424134189,1.5954363593053753,True,True
B_high_sideband_Kst_signal,27.32,20.784634033984293,142.10872865005967,0.10003566161627564,1.544093884368878,True,True
B_high_sideband_Kst_signal,27.34,20.799849725077987,143.1196417152819,0.10030557129914947,1.4927200554216689,True,True
B_high_sideband_Kst_signal,27.36,20.81506541617168,144.14182289332894,0.10083884565475128,1.4417208857116826,True,True
B_high_sideband_Kst_signal,27.38,20.83028110726537,145.17178862093215,0.10162929734459038,1.3914932949361185,True,True
B_high_sideband_Kst_signal,27.400000000000002,20.845496798359065,146.2010835283436,0.10266651767423174,1.3423851750313753,True,True
B_high_sideband_Kst_signal,27.42,20.86071248945276,147.21639266873808,0.10393601894564022,1.2947126611379915,True,True
B_high_sideband_Kst_signal,27.44,20.875928180546452,148.1997209211786,0.10542079287842043,1.2487176057394636,True,True
B_high_sideband_Kst_signal,27.46,20.891143871640146,149.12863496443288,0.10709838120919243,1.2046694465189642,True,True
B_high_sideband_Kst_signal,27.48,20.906359562733833,149.98624101261748,0.1081505942748704,1.159312573421575,False,True
B_high_sideband_Kst_signal,27.5,20.921575253827527,150.81243142711537,0.10844211139583797,1.111185348106664,False,True
B_high_sideband_Kst_signal,27.52,20.93679094492122,151.6167875396627,0.10872486180596846,1.0630766160198586,False,True
B_high_sideband_Kst_signal,27.54,20.952006636014914,152.40084451618395,0.10900028834562424,1.0149888947661698,False,True
B_high_sideband_Kst_signal,27.56,20.96722232710861,153.16631906906014,0.10926791260518579,0.9668943078129638,False,True
B_high_sideband_Kst_signal,27.580000000000002,20.982438018202302,153.91508069467545,0.10952879099615331,0.9187920940952113,False,True
B_high_sideband_Kst_signal,27.6,20.997653709295996,154.64912105315807,0.10978367547302731,0.8706843130224068,False,True
B_high_sideband_Kst_signal,27.62,21.012869400389686,155.37052090989255,0.1100336173247317,0.8225794415442836,False,True
B_high_sideband_Kst_signal,27.64,21.028085091483376,156.0814157606692,0.11027963512372173,0.7744716666983036,False,True
B_high_sideband_Kst_signal,27.66,21.04330078257707,156.7839600462321,0.11052241140387611,0.7263583777074237,False,True
B_high_sideband_Kst_signal,27.68,21.058516473670764,157.4802909969094,0.11076283212449688,0.6782402454534673,False,True
B_high_sideband_Kst_signal,27.7,21.073732164764458,158.17249245965786,0.11100158642514163,0.6301162360867277,False,True
B_high_sideband_Kst_signal,27.72,21.088947855858148,158.86255930695324,0.11123992693167771,0.582007716963098,False,True
B_high_sideband_Kst_signal,27.740000000000002,21.104163546951842,159.55236317734125,0.11147757556218946,0.533893396735886,False,True
B_high_sideband_Kst_signal,27.76,21.119379238045536,160.24361952571098,0.11171699716284211,0.48580331721059933,False,True
B_high_sideband_Kst_signal,27.78,21.13459492913923,160.91252056459007,0.11068681121527536,0.4430461230280975,True,True
B_high_sideband_Kst_signal,27.8,21.14981062023292,161.45145438211284,0.1086961944809179,0.40272755320475395,True,True
B_high_sideband_Kst_signal,27.82,21.16502631132661,161.88506622174737,0.10684447087314157,0.35987778943318277,True,True
B_high_sideband_Kst_signal,27.84,21.180242002420304,162.25388879980983,0.10516107945954824,0.31459378639799335,True,True
B_high_sideband_Kst_signal,27.86,21.195457693513998,162.59494159307087,0.10367451545877304,0.267036215954921,True,True
B_high_sideband_Kst_signal,27.88,21.21067338460769,162.9411831738962,0.1024112873192214,0.21743096603396822,True,True
B_high_sideband_Kst_signal,27.900000000000002,21.225889075701385,163.3210293020088,0.10139460452875551,0.16604742789750151,True,True
B_high_sideband_Kst_signal,27.92,21.24110476679508,163.75794737670185,0.10064459462681762,0.11323877848753296,True,True
B_high_sideband_Kst_signal,27.94,21.256320457888773,164.27013344492934,0.10017676680664706,0.05941494951306468,True,True
B_high_sideband_Kst_signal,27.96,21.271536148982463,164.87027757702526,0.10000125544777948,0.00501085750153682,True,True
B_high_sideband_Kst_signal,27.98,21.286751840076153,165.5654195451093,0.10012270209959843,-0.0495129812844486,True,True
B_high_sideband_Kst_signal,28.0,21.301967531169847,166.3568942116276,0.10053998940712539,-0.1036890203307832,True,True
B_high_sideband_Kst_signal,28.02,21.31718322226354,167.24036377443144,0.10124629804200895,-0.15706625353150677,True,True
B_high_sideband_Kst_signal,28.04,21.332398913357235,168.20593152030642,0.10222963970905072,-0.20923601371319317,True,True
B_high_sideband_Kst_signal,28.06,21.347614604450925,169.23832954873524,0.10347460071946046,-0.2598803220716473,True,True
B_high_sideband_Kst_signal,28.080000000000002,21.36283029554462,170.31717424876751,0.10495841691925752,-0.30860476064901055,True,True
B_high_sideband_Kst_signal,28.1,21.378045986638313,171.41727273197603,0.10666025824411514,-0.35525929915534377,True,True
B_high_sideband_Kst_signal,28.12,21.393261677732006,172.5089818932729,0.10855521158313694,-0.399668008047631,True,True
B_high_sideband_Kst_signal,28.14,21.408477368825697,173.5585984312138,0.11061789721261864,-0.4417313779971761,True,True
B_high_sideband_Kst_signal,28.16,21.423693059919387,174.5287765802982,0.1128219329689391,-0.4813893818893316,True,True
B_high_sideband_Kst_signal,28.18,21.43890875101308,175.37896293607946,0.11514360860423596,-0.5186671318048163,True,True
B_high_sideband_Kst_signal,28.2,21.454124442106774,176.0677964085753,0.11721893020390627,-0.5553520777708426,False,True
B_high_sideband_Kst_signal,28.22,21.46934013320047,176.66825543489495,0.11742973346669558,-0.6014029110201344,False,True
B_high_sideband_Kst_signal,28.240000000000002,21.484555824294162,177.23425677016667,0.11762938721145405,-0.647333062515453,False,True
B_high_sideband_Kst_signal,28.26,21.499771515387856,177.76196798460296,0.11781682064204883,-0.6931394749677375,False,True
B_high_sideband_Kst_signal,28.28,21.51498720648155,178.24754997919626,0.11799077140520002,-0.7388313727300971,False,True
B_high_sideband_Kst_signal,28.3,21.530202897575236,178.6871829399247,0.1181496896855847,-0.7844133487757262,False,True
B_high_sideband_Kst_signal,28.32,21.54541858866893,179.0770922722354,0.11829287121048929,-0.8298896589485465,False,True
B_high_sideband_Kst_signal,28.34,21.560634279762624,179.41357451577824,0.11841930559706644,-0.875263378356761,False,True
B_high_sideband_Kst_signal,28.36,21.575849970856318,179.6930231480478,0.11852736261408214,-0.9205452022216125,False,True
B_high_sideband_Kst_signal,28.38,21.59106566195001,179.9119542386402,0.11861652433999313,-0.965740048397727,False,True
B_high_sideband_Kst_signal,28.400000000000002,21.606281353043702,180.062955369885,0.11820849320811526,-1.008368340947085,True,True
B_high_sideband_Kst_signal,28.42,21.621497044137396,180.0105312208043,0.11582330136829166,-1.041938922755177,True,True
B_high_sideband_Kst_signal,28.44,21.63671273523109,179.7242020599174,0.11350537538195196,-1.0780045589401084,True,True
B_high_sideband_Kst_signal,28.46,21.65192842632478,179.24886723358213,0.11128974265413026,-1.1164666473033427,True,True
B_high_sideband_Kst_signal,28.48,21.667144117418474,178.62675400080707,0.10919924933568884,-1.1573887547786428,True,True
B_high_sideband_Kst_signal,28.5,21.682359808512164,177.8967879828856,0.10726401177065417,-1.2006630267588863,True,True
B_high_sideband_Kst_signal,28.52,21.697575499605858,177.09402674554804,0.10551144000971482,-1.2461529111402487,True,True
B_high_sideband_Kst_signal,28.54,21.71279119069955,176.24917351865497,0.10396659527182389,-1.293676511266914,True,True
B_high_sideband_Kst_signal,28.56,21.728006881793245,175.3881775711152,0.10265237656936159,-1.3429785178859812,True,True
B_high_sideband_Kst_signal,28.580000000000002,21.74322257288694,174.53192659470733,0.10158774612914837,-1.393764179162587,True,True
B_high_sideband_Kst_signal,28.6,21.758438263980633,173.69603329632628,0.10078786913019039,-1.4456779143846405,True,True
B_high_sideband_Kst_signal,28.62,21.773653955074327,172.8907149700317,0.10026332102670406,-1.4983057059212395,True,True
B_high_sideband_Kst_signal,28.64,21.788869646168013,172.12076202056232,0.10001909949334273,-1.5512533209278125,True,True
B_high_sideband_Kst_signal,28.66,21.804085337261707,171.38559012678797,0.10005542036484326,-1.6040813930563753,True,True
B_high_sideband_Kst_signal,28.68,21.8193010283554,170.67936726650214,0.10036721100602163,-1.6563639394289071,True,True
B_high_sideband_Kst_signal,28.7,21.834516719449095,169.9912070741525,0.10094479993061664,-1.707721174092243,True,True
B_high_sideband_Kst_signal,28.72,21.84973241054279,169.30541842974435,0.10177399604461614,-1.757780898159701,True,True
B_high_sideband_Kst_signal,28.740000000000002,21.86494810163648,168.6018010102116,0.10283839642602675,-1.8062892529165195,True,True
B_high_sideband_Kst_signal,28.76,21.880163792730173,167.85597984346077,0.10411529542191057,-1.8528938184961978,True,True
B_high_sideband_Kst_signal,28.78,21.895379483823866,167.03976187562148,0.10558375642997374,-1.8974687440697395,True,True
B_high_sideband_Kst_signal,28.8,21.910595174917557,166.1215191082124,0.10722057622511631,-1.9398841787592935,True,True
B_high_sideband_Kst_signal,28.82,21.92581086601125,165.06658075107953,0.10900166477682882,-1.9800522099857967,True,True
B_high_sideband_Kst_signal,28.84,21.94102655710494,163.83763450386186,0.11090282570786578,-2.017929710304577,True,True
B_high_sideband_Kst_signal,28.86,21.956242248198635,162.39513254564918,0.11290053649644786,-2.0535168012158547,True,True
B_high_sideband_Kst_signal,28.88,21.97145793929233,160.78497620222242,0.11267405663269293,-2.098756383906202,False,True
B_high_sideband_Kst_signal,28.900000000000002,21.986673630386022,159.13144727931285,0.1121095223073917,-2.1457729047852148,False,True
B_high_sideband_Kst_signal,28.92,22.001889321479716,157.44197450825004,0.11152477254731981,-2.193094108020447,False,True
B_high_sideband_Kst_signal,28.94,22.01710501257341,155.7225950658326,0.11092734354442382,-2.240636392853486,False,True
B_high_sideband_Kst_signal,28.96,22.032320703667096,153.9795360807102,0.11032029841654553,-2.2884382508590737,False,True
B_high_sideband_Kst_signal,28.98,22.04753639476079,152.21917189534815,0.10969911614821946,-2.336566427093586,False,True
B_high_sideband_Kst_signal,29.0,22.062752085854484,150.44797992971644,0.10906905471714488,-2.3849916653768655,False,True
B_high_sideband_Kst_signal,29.02,22.077967776948178,148.6724924713335,0.1084329384160883,-2.433732597905824,False,True
B_high_sideband_Kst_signal,29.04,22.09318346804187,146.89924986031474,0.10779229676569083,-2.4827799421775993,False,True
B_high_sideband_Kst_signal,29.06,22.108399159135566,145.13475342080665,0.10715025069637688,-2.532149712222566,False,True
B_high_sideband_Kst_signal,29.080000000000002,22.123614850229256,143.38541918851251,0.1065092495134052,-2.581829796086068,False,True
B_high_sideband_Kst_signal,29.1,22.13883054132295,141.65753299661446,0.1058711561602622,-2.631830475925261,False,True
B_high_sideband_Kst_signal,29.12,22.154046232416643,139.95720759478763,0.10523935728734797,-2.6821559987465555,False,True
B_high_sideband_Kst_signal,29.14,22.169261923510334,138.29034195409804,0.1046155542376977,-2.732798544728201,False,True
B_high_sideband_Kst_signal,29.16,22.184477614604027,136.6625836543776,0.10400214333021371,-2.7837536777054357,False,True
B_high_sideband_Kst_signal,29.18,22.199693305697718,135.07929422659527,0.1034014602761129,-2.8350214657387127,False,True
B_high_sideband_Kst_signal,29.2,22.21490899679141,133.54551786708953,0.10281521260919567,-2.8865858972041343,False,True
B_high_sideband_Kst_signal,29.22,22.230124687885105,132.06569237508074,0.10210388700678157,-2.938238226428805,True,True
B_high_sideband_Kst_signal,29.240000000000002,22.2453403789788,130.64125194879625,0.10116068124086797,-2.989963842762289,True,True
B_high_sideband_Kst_signal,29.26,22.260556070072493,129.2806178510791,0.1004932385031884,-3.042474579422697,True,True
B_high_sideband_Kst_signal,29.28,22.275771761166187,127.9899842652012,0.10010653505915343,-3.0954536106723216,True,True
B_high_sideband_Kst_signal,29.3,22.290987452259873,126.7700918253131,0.10000234492872935,3.1347444671030877,True,True
B_high_sideband_Kst_signal,29.32,22.306203143353567,125.61893667885033,0.09972663670986834,3.0817660603439068,False,True
B_high_sideband_Kst_signal,29.34,22.32141883444726,124.5414532122536,0.09929821197063188,3.0285485231098708,False,True
B_high_sideband_Kst_signal,29.36,22.336634525540955,123.53985838274866,0.09889818262521537,2.9751664763682415,False,True
B_high_sideband_Kst_signal,29.38,22.35185021663465,122.61552596024512,0.0985272591508785,2.9216348659483744,False,True
B_high_sideband_Kst_signal,29.400000000000002,22.367065907728342,121.76939213082005,0.09818628677856304,2.8679945533749933,False,True
B_high_sideband_Kst_signal,29.42,22.382281598822033,121.00195991172222,0.09787541270785434,2.8142600998850478,False,True
B_high_sideband_Kst_signal,29.44,22.397497289915727,120.31330577377594,0.09759556874059754,2.7604580480415244,False,True
B_high_sideband_Kst_signal,29.46,22.412712981009417,119.70308831690318,0.09734668761152147,2.7066134054855304,False,True
B_high_sideband_Kst_signal,29.48,22.42792867210311,119.17055885692753,0.09712817609700006,2.6527490082599763,False,True
B_high_sideband_Kst_signal,29.5,22.443144363196804,118.71457375048521,0.09694097691332382,2.598897822376339,False,True
B_high_sideband_Kst_signal,29.52,22.458360054290495,118.33360833208053,0.0967837370581697,2.5450748926331475,False,True
B_high_sideband_Kst_signal,29.54,22.47357574538419,118.02577237291143,0.09665627247995194,2.4913063933705533,False,True
B_high_sideband_Kst_signal,29.56,22.488791436477882,117.7888269476166,0.09655788858536826,2.437616068590017,False,True
B_high_sideband_Kst_signal,29.580000000000002,22.504007127571576,117.62020263585873,0.09648836679179583,2.3840237080519464,False,True
B_high_sideband_Kst_signal,29.6,22.51922281866527,117.51701895636643,0.09644528681223295,2.330556800924055,False,True
B_high_sideband_Kst_signal,29.62,22.534438509758964,117.47610505360444,0.09642853063562652,2.277237615164649,False,True
B_high_sideband_Kst_signal,29.64,22.54965420085265,117.49402150937476,0.09643708475366262,2.2240663793953352,False,True
B_high_sideband_Kst_signal,29.66,22.564869891946344,117.56708321009228,0.0964685030360367,2.171079792405133,False,True
B_high_sideband_Kst_signal,29.68,22.580085583040038,117.69138334018453,0.09652179723777463,2.1182880350194595,False,True
B_high_sideband_Kst_signal,29.7,22.595301274133732,117.86281829928521,0.09659599553054422,2.0657081583947794,False,True
B_high_sideband_Kst_signal,29.72,22.610516965227426,118.07711364821444,0.09668812787282102,2.013345300732884,False,True
B_high_sideband_Kst_signal,29.740000000000002,22.62573265632112,118.32985083205494,0.09679759023609574,1.9612106885839755,False,True
B_high_sideband_Kst_signal,29.76,22.64094834741481,118.61649481621407,0.09692118509045682,1.909309533042619,False,True
B_high_sideband_Kst_signal,29.78,22.656164038508503,118.93242220658158,0.09705796769468547,1.857653200241723,False,True
B_high_sideband_Kst_signal,29.8,22.671379729602194,119.27295027252603,0.09720559793370058,1.8062460463528018,False,True
B_high_sideband_Kst_signal,29.82,22.686595420695888,119.63336622889119,0.09736248462911132,1.7550941649146192,False,True
B_high_sideband_Kst_signal,29.84,22.70181111178958,120.00895696913085,0.09752586634574152,1.704192153396435,False,True
B_high_sideband_Kst_signal,29.86,22.71702680288327,120.39503885435943,0.09769469600135529,1.6535298412766304,False,True
B_high_sideband_Kst_signal,29.88,22.732242493976965,120.78698733963893,0.09786715567863903,1.603135028409638,False,True
B_high_sideband_Kst_signal,29.900000000000002,22.74745818507066,121.18026689542239,0.09804126490329684,1.552976199285792,False,True
B_high_sideband_Kst_signal,29.92,22.762673876164353,121.5704599611986,0.09821396370064091,1.503079638612936,False,True
B_high_sideband_Kst_signal,29.94,22.777889567258047,121.95329490309769,0.09838523010526264,1.4534290824116536,False,True
B_high_sideband_Kst_signal,29.96,22.793105258351734,122.32467367365962,0.09855204359075968,1.4039939577102565,False,True
B_high_sideband_Kst_signal,29.98,22.808320949445427,122.68069759022501,0.09871340825378273,1.354781645820472,False,True
B_high_sideband_Kst_signal,30.0,22.82353664053912,123.01769166959184,0.09886746617946497,1.3057853567848103,False,True
B_high_sideband_Kst_signal,30.02,22.838752331632815,123.33222700718034,0.09901279353188276,1.2569850039239985,False,True
B_high_sideband_Kst_signal,30.04,22.85396802272651,123.62114090904743,0.09914808718945305,1.2083772866597533,False,True
B_high_sideband_Kst_signal,30.060000000000002,22.869183713820203,123.88155451770308,0.09927172411148646,1.159945120713821,False,True
B_high_sideband_Kst_signal,30.080000000000002,22.884399404913896,124.11088762218924,0.09938342135902122,1.1116794636312954,False,True
B_high_sideband_Kst_signal,30.1,22.899615096007587,124.30687046260209,0.09948092003932943,1.0635592811070704,False,True
B_high_sideband_Kst_signal,30.12,22.91483078710128,124.46755233731892,0.09956499291987803,1.0155890016997502,False,True
B_high_sideband_Kst_signal,30.14,22.93004647819497,124.59130675596361,0.09963391777410785,0.9677409854658197,False,True
B_high_sideband_Kst_signal,30.16,22.945262169288664,124.67683327548002,0.09968753212389456,0.920006987705448,False,True
B_high_sideband_Kst_signal,30.18,22.96047786038236,124.7231557647392,0.09972521569981875,0.8723694034137613,False,True
B_high_sideband_Kst_signal,30.2,22.97569355147605,124.72961726991116,0.09974623174263926,0.8248135084225862,False,True
B_high_sideband_Kst_signal,30.22,22.990909242569742,124.69587156357238,0.09975112923284267,0.7773374009877428,False,True
B_high_sideband_Kst_signal,30.240000000000002,23.006124933663436,124.621871548934,0.09974003634262489,0.7299179603204896,False,True
B_high_sideband_Kst_signal,30.26,23.02134062475713,124.50785474592885,0.0997123421291306,0.6825563613495352,False,True
B_high_sideband_Kst_signal,30.28,23.036556315850824,124.35432618448431,0.09966839221941445,0.6352269217245324,False,True
B_high_sideband_Kst_signal,30.3,23.05177200694451,124.16203905329485,0.09960884192761274,0.5879338630704046,False,True
B_high_sideband_Kst_signal,30.32,23.066987698038204,123.93197342097756,0.09953380528521197,0.5406644975266072,False,True
B_high_sideband_Kst_signal,30.34,23.082203389131898,123.66531353618984,0.0994438952098692,0.4934075448107445,False,True
B_high_sideband_Kst_signal,30.36,23.097419080225592,123.3634241111422,0.09933978812280121,0.4461486438032252,False,True
B_high_sideband_Kst_signal,30.38,23.112634771319286,123.02782584190572,0.0992215064160761,0.3988881989316513,False,True
B_high_sideband_Kst_signal,30.400000000000002,23.12785046241298,122.66017089293973,0.09909006063701638,0.351617089555646,False,True
B_high_sideband_Kst_signal,30.42,23.143066153506673,122.26221835343176,0.09894597054471327,0.30432757743083005,False,True
B_high_sideband_Kst_signal,30.44,23.158281844600364,121.83581030241521,0.09878987000344223,0.2570216875294928,False,True
B_high_sideband_Kst_signal,30.46,23.173497535694054,121.38284871775932,0.09862259948073723,0.20969180736091872,False,True
B_high_sideband_Kst_signal,30.48,23.188713226787748,120.90527337022604,0.09844472573952011,0.1623354699046331,False,True
B_high_sideband_Kst_signal,30.5,23.20392891788144,120.40504095924734,0.09825705453580565,0.11495455759041408,False,True
B_high_sideband_Kst_signal,30.52,23.219144608975135,119.88410586456939,0.09806050742845715,0.06752651183993684,False,True
B_high_sideband_Kst_signal,30.54,23.234360300068825,119.34440193524233,0.09785651922753964,0.02006960023337668,False,True
B_high_sideband_Kst_signal,30.560000000000002,23.24957599116252,118.78782677489153,0.09764317533933269,-0.027406153724050007,False,True
B_high_sideband_Kst_signal,30.580000000000002,23.264791682256213,118.2162264646613,0.09742387757720407,-0.07489667946295958,False,True
B_high_sideband_Kst_signal,30.6,23.280007373349907,117.63138265828957,0.09719874465063351,-0.12242625221592209,False,True
B_high_sideband_Kst_signal,30.62,23.295223064443597,117.03500098305085,0.09696790523532335,-0.1699893397513277,False,True
B_high_sideband_Kst_signal,30.64,23.310438755537287,116.42870080679586,0.0967317476705675,-0.21757603791357558,False,True
B_high_sideband_Kst_signal,30.66,23.32565444663098,115.8140064131012,0.0964909699229857,-0.26518832287714317,False,True
B_high_sideband_Kst_signal,30.68,23.340870137724675,115.19233944130065,0.09624598274756373,-0.31282235865544733,False,True
B_high_sideband_Kst_signal,30.7,23.35608582881837,114.56501247821552,0.0959975173059015,-0.36047628465712606,False,True
B_high_sideband_Kst_signal,30.72,23.371301519912063,113.93322374945592,0.0957458814530198,-0.40814672651497674,False,True
B_high_sideband_Kst_signal,30.740000000000002,23.386517211005756,113.29805277183141,0.0954916138173603,-0.4558306167318831,False,True
B_high_sideband_Kst_signal,30.76,23.40173290209945,112.66045688736995,0.09523399742084455,-0.5035430281798027,False,True
B_high_sideband_Kst_signal,30.78,23.41694859319314,112.02126894065032,0.0949756930139005,-0.5512323143915938,False,True
B_high_sideband_Kst_signal,30.8,23.43216428428683,111.38119504449605,0.09471517310111302,-0.5989278975195715,False,True
B_high_sideband_Kst_signal,30.82,23.447379975380525,110.74081401702779,0.09445349286759669,-0.6466246105606898,False,True
B_high_sideband_Kst_signal,30.84,23.46259566647422,110.1005769520375,0.09419007227120439,-0.694316478794216,False,True
B_high_sideband_Kst_signal,30.86,23.477811357567912,109.46080774127859,0.0939253483049311,-0.7419950450602496,False,True
B_high_sideband_Kst_signal,30.88,23.493027048661602,108.82170431345276,0.0936600496802945,-0.7896576141073613,False,True
B_high_sideband_Kst_signal,30.900000000000002,23.508242739755296,108.18334061176756,0.09339337433483923,-0.8372972600632447,False,True
B_high_sideband_Kst_signal,30.92,23.52345843084899,107.54566941134499,0.09312615883471292,-0.8849196518962095,False,True
B_high_sideband_Kst_signal,30.94,23.538674121942684,106.90852577872283,0.09285766380714135,-0.9325041423450391,False,True
B_high_sideband_Kst_signal,30.96,23.553889813036374,106.27163152788762,0.09258845526658355,-0.9800497335678794,False,True
B_high_sideband_Kst_signal,30.98,23.569105504130064,105.63460037057166,0.09231814284733368,-1.0275543761716954,False,True
B_high_sideband_Kst_signal,31.0,23.584321195223758,104.99694398341808,0.09204637539488272,-1.075011310282567,False,True
B_high_sideband_Kst_signal,31.02,23.599536886317452,104.35807894372192,0.09177299308315476,-1.1224215904444366,False,True
B_high_sideband_Kst_signal,31.04,23.614752577411146,103.7173344596913,0.09149765628427693,-1.169780418290642,False,True
B_high_sideband_Kst_signal,31.060000000000002,23.62996826850484,103.07396095363447,0.09122053311765174,-1.21707672632097,False,True
B_high_sideband_Kst_signal,31.080000000000002,23.645183959598533,102.42713965774101,0.09094041573670493,-1.2643148014675982,False,True
B_high_sideband_Kst_signal,31.1,23.660399650692227,101.77599260612578,0.09065753500659565,-1.3114804418341355,False,True
B_high_sideband_Kst_signal,31.12,23.675615341785914,101.1195938300607,0.09037132397317893,-1.3585803713072653,False,True
B_high_sideband_Kst_signal,31.14,23.690831032879608,100.45698076856206,0.09008120323583184,-1.4056051510591612,False,True
B_high_sideband_Kst_signal,31.16,23.7060467239733,99.78716655917015,0.08978632012293915,-1.452554307783462,False,True
B_high_sideband_Kst_signal,31.18,23.721262415066995,99.10915238870484,0.08948586123984818,-1.4994120771492117,False,True
B_high_sideband_Kst_signal,31.2,23.73647810616069,98.42194145636086,0.08918345950316059,-1.5462491431028575,False,True
B_high_sideband_Kst_signal,31.22,23.75169379725438,97.7245500307813,0.08887248549305217,-1.5929586877357687,False,True
B_high_sideband_Kst_signal,31.240000000000002,23.766909488348073,97.0160226616199,0.08855700940645915,-1.6395780090916516,False,True
B_high_sideband_Kst_signal,31.26,23.782125179441767,96.2954438253546,0.08823396337390128,-1.6861260724565077,False,True
B_high_sideband_Kst_signal,31.28,23.79734087053546,95.56195101211915,0.08790346393952021,-1.7325960548309804,False,True
B_high_sideband_Kst_signal,31.3,23.81255656162915,94.81474655768079,0.0875648602569724,-1.7789895463425427,False,True
B_high_sideband_Kst_signal,31.32,23.82777225272284,94.05310892356647,0.08721808370167554,-1.825304015653396,False,True
B_high_sideband_Kst_signal,31.34,23.842987943816535,93.27640299406858,0.0868619973751066,-1.871541997176455,False,True
B_high_sideband_Kst_signal,31.36,23.85820363491023,92.48408923577745,0.08649673933547405,-1.9177128735662534,False,True
B_high_sideband_Kst_signal,31.38,23.873419326003923,91.67573158722098,0.08612179789756214,-1.9638141689068318,False,True
B_high_sideband_Kst_signal,31.400000000000002,23.888635017097616,90.8510038508939,0.08573724555701759,-2.009850707784288,False,True
B_high_sideband_Kst_signal,31.42,23.90385070819131,90.00969453007656,0.08534195575591312,-2.0558279114303706,False,True
B_high_sideband_Kst_signal,31.44,23.919066399285004,89.15170998506119,0.08493636904212283,-2.101752102851718,False,True
B_high_sideband_Kst_signal,31.46,23.93428209037869,88.27707584556492,0.08451966457819914,-2.1476327081935227,False,True
B_high_sideband_Kst_signal,31.48,23.949497781472385,87.38593672412071,0.0840930785404951,-2.1934581598307203,False,True
B_high_sideband_Kst_signal,31.5,23.96471347256608,86.47855404370694,0.08365525578760338,-2.2392489222765466,False,True
B_high_sideband_Kst_signal,31.52,23.979929163659772,85.55530237882294,0.08320712670459822,-2.285003566497108,False,True
B_high_sideband_Kst_signal,31.54,23.995144854753466,84.61666405334608,0.08274814143369164,-2.3307239391701366,False,True
B_high_sideband_Kst_signal,31.560000000000002,24.010360545847156,83.66322236231463,0.08227899835407523,-2.3764308969064105,False,True
B_high_sideband_Kst_signal,31.580000000000002,24.02557623694085,82.69565347610751,0.0817994054586314,-2.4221152155047685,False,True
B_high_sideband_Kst_signal,31.6,24.040791928034544,81.71471727893913,0.08130978732197425,-2.467788324645676,False,True
B_high_sideband_Kst_signal,31.62,24.056007619128234,80.72124730154974,0.08081045120169794,-2.513450834455295,False,True
B_high_sideband_Kst_signal,31.64,24.071223310221928,79.71614002070828,0.08030207613962421,-2.5591033478797858,False,True
B_high_sideband_Kst_signal,31.66,24.086439001315618,78.70034375624482,0.07978479755778568,-2.6047573439406846,False,True
B_high_sideband_Kst_signal,31.68,24.101654692409312,77.67484740177724,0.07925888834883367,-2.6504193266677483,False,True
B_high_sideband_Kst_signal,31.7,24.116870383503006,76.64066915209514,0.07872466315859067,-2.696089070440394,False,True
B_high_sideband_Kst_signal,31.72,24.132086074596696,75.5988455491165,0.07818267939349091,-2.741764772745186,False,True
B_high_sideband_Kst_signal,31.740000000000002,24.147301765690393,74.55042107334612,0.07763333101953246,-2.7874589419768028,False,True
B_high_sideband_Kst_signal,31.76,24.162517456784087,73.49643812363456,0.07707739859806717,-2.8331614002452032,False,True
B_high_sideband_Kst_signal,31.78,24.17773314787778,72.43792808998387,0.0765149748887905,-2.8788903694246213,False,True
B_high_sideband_Kst_signal,31.8,24.192948838971468,71.37590299306976,0.07594618976111116,-2.924625073502585,False,True
B_high_sideband_Kst_signal,31.82,24.20816453006516,70.3113483528764,0.07537172341332204,-2.970376810989091,False,True
B_high_sideband_Kst_signal,31.84,24.223380221158855,69.24521678848305,0.07479175291341995,-3.0161360925097433,False,True
B_high_sideband_Kst_signal,31.86,24.23859591225255,68.17842351017953,0.07420972474129806,-3.0619393511219344,False,True
B_high_sideband_Kst_signal,31.88,24.253811603346243,67.11184086437697,0.07362070646162822,-3.1077799089685736,False,True
B_high_sideband_Kst_signal,31.900000000000002,24.269027294439933,66.04629593569098,0.07302763633922406,3.129552462897494,False,True
B_high_sideband_Kst_signal,31.92,24.284242985533627,64.9825686190652,0.07243206723784713,3.08370166950184,False,True
B_high_sideband_Kst_signal,31.94,24.29945867662732,63.92138950288927,0.07183273036171382,3.0378345961828384,False,True
B_high_sideband_Kst_signal,31.96,24.31467436772101,62.863439679538715,0.07123010864052505,2.991941988989287,False,True
B_high_sideband_Kst_signal,31.98,24.329890058814705,61.80935082390215,0.07062502812226058,2.9460260824594875,False,True
B_high_sideband_Kst_signal,32.0,24.345105749908395,60.759705904104976,0.07001655054328104,2.900097882930115,False,True
